slug,nombre,municipio,categoria,productos estrella,direccion,descripcion,horario,telefono,correo,web,Facebook,Instagram,Google Maps,lat,lon,imagen,verificacion,Venta online
bodega-los-berrazales-agaete,Bodega Los Berrazales,Agaete,Bodega,"Vino blanco seco de uva Moscatel, Tintos jóvenes de uva Listán Negro","Calle de San Pedro, 2, Valle de Agaete, 35489 Agaete, Gran Canaria","Productor local artesanal de vino blanco seco de uva moscatel, tintos jóvenes de uva listán negro en Agaete, Islas Canarias. Fiel al compromiso de proximidad y comercio justo.",Lun-Dom 10:00–17:00,+34928898666,info@bodegalosberrazales.com,https://www.bodegalosberrazales.com,https://www.facebook.com/bodegalosberrazales/,https://www.instagram.com/bodegalosberrazales/,https://www.google.com/maps/search/?api=1&query=Bodega%20Los%20Berrazales%2C%20Calle%20de%20San%20Pedro%2C%202%2C%20Valle%20de%20Agaete%2C%2035489%20Agaete%2C%20Gran%20Canaria,28.0952000,-15.7059000,/productores/canarias/las-palmas/bodega-los-berrazales-agaete.webp,pendiente,no comprobado
bodega-las-tirajanas-san-bartolome-de-tirajana,Bodega Las Tirajanas,San Bartolomé de Tirajana,Bodega,"Vino blanco malvasía volcánica Las Tirajanas, Tinto barrica listán negro","Calle de la Constitución, s/n, 35290 San Bartolomé de Tirajana, Gran Canaria","Productor local artesanal de vino blanco malvasía volcánica las tirajanas, tinto barrica listán negro en San Bartolomé de Tirajana, Islas Canarias. Fiel al compromiso de proximidad y comercio justo.",Lun-Vie 09:00–16:00; Sab 10:00–14:00,+34928798112,info@bodegaslastirajanas.com,https://www.bodegaslastirajanas.com,https://www.facebook.com/bodegaslastirajanas/,https://www.instagram.com/bodegaslastirajanas/,https://www.google.com/maps/search/?api=1&query=Bodega%20Las%20Tirajanas%2C%20Calle%20de%20la%20Constituci%C3%B3n%2C%20s/n%2C%2035290%20San%20Bartolom%C3%A9%20de%20Tirajana%2C%20Gran%20Canaria,27.9138000,-15.5792000,/productores/canarias/las-palmas/bodega-las-tirajanas-san-bartolome-de-tirajana.webp,pendiente,no comprobado
bodega-fronton-de-oro-vega-de-san-mateo,Bodega Frontón de Oro,Vega de San Mateo,Bodega,"Vino tinto Frontón de Oro barrica, Vino blanco de altura","Diseminado de Camaretas, 35, 35320 Vega de San Mateo, Gran Canaria","Productor local artesanal de vino tinto frontón de oro barrica, vino blanco de altura en Vega de San Mateo, Islas Canarias. Fiel al compromiso de proximidad y comercio justo.",Visitas previa concertación,+34629112244,frontondeoro@gmail.com,https://frontondeoro.com,https://www.facebook.com/frontondeoro/,https://www.instagram.com/bodegafrontondeoro/,https://www.google.com/maps/search/?api=1&query=Bodega%20Front%C3%B3n%20de%20Oro%2C%20Diseminado%20de%20Camaretas%2C%2035%2C%2035320%20Vega%20de%20San%20Mateo%2C%20Gran%20Canaria,28.0035000,-15.5387000,/productores/canarias/las-palmas/bodega-fronton-de-oro-vega-de-san-mateo.webp,pendiente,no comprobado
bodega-bentayga-tejeda,Bodega Bentayga,Tejeda,Bodega,"Vinos Agala 1318 blanco seco, Agala 1175 tinto crianza de altura","Lugar Cuevas Caídas, s/n, 35005 Tejeda, Gran Canaria","Productor local artesanal de vinos agala 1318 blanco seco, agala 1175 tinto crianza de altura en Tejeda, Islas Canarias. Fiel al compromiso de proximidad y comercio justo.",Lun-Vie 10:00–15:00,+34928666111,bodega@bodegasbentayga.com,https://www.bodegasbentayga.com,https://www.facebook.com/bodegasbentayga/,https://www.instagram.com/bodegasbentayga/,https://www.google.com/maps/search/?api=1&query=Bodega%20Bentayga%2C%20Lugar%20Cuevas%20Ca%C3%ADdas%2C%20s/n%2C%2035005%20Tejeda%2C%20Gran%20Canaria,27.9876000,-15.6222000,/productores/canarias/las-palmas/bodega-bentayga-tejeda.webp,pendiente,no comprobado
bodega-san-juan-santa-brigida,Bodega San Juan,Santa Brígida,Bodega,"Vino tinto ecológico Mocanal, Visitas guiadas al Museo del Vino","Finca El Mocanal, Carretera de Bandama (GC-802), 68, 35310 Santa Brígida, Gran Canaria","Productor local artesanal de vino tinto ecológico mocanal, visitas guiadas al museo del vino en Santa Brígida, Islas Canarias. Fiel al compromiso de proximidad y comercio justo.",Lun-Sab 10:00–14:00,+34626911643,info@bodega-sanjuan.com,https://bodega-sanjuan.com/,https://www.facebook.com/bodegadesanjuan/,https://www.instagram.com/bodegadesanjuan/,https://www.google.com/maps/search/?api=1&query=Bodega%20San%20Juan%2C%20Finca%20El%20Mocanal%2C%20Carretera%20de%20Bandama%20GC-802%2068%2C%2035310%20Santa%20Br%C3%ADgida%2C%20Gran%20Canaria,28.0416401,-15.4662770,/productores/canarias/las-palmas/bodega-san-juan-santa-brigida.webp,pendiente,no comprobado
bodega-ventura-santa-brigida,Bodega Ventura,Santa Brígida,Bodega,"Vino tinto Eidan Listán Negro, Eidan Blanco Dulce","Lugar Lomo Espino, 15, 35300 Santa Brígida, Gran Canaria","Productor local artesanal de vino tinto eidan listán negro, eidan blanco dulce en Santa Brígida, Islas Canarias. Fiel al compromiso de proximidad y comercio justo.",Visitas concertadas previa cita,+34650304050,bodegaventura@gmail.com,,https://www.facebook.com/bodegaventura/,https://www.instagram.com/bodegaventuragrancanaria/,https://www.google.com/maps/search/?api=1&query=Bodega%20Ventura%2C%20Lugar%20Lomo%20Espino%2C%2015%2C%2035300%20Santa%20Br%C3%ADgida%2C%20Gran%20Canaria,28.0282000,-15.5054000,/productores/canarias/las-palmas/bodega-ventura-santa-brigida.webp,pendiente,no comprobado
bodega-mondalon-las-palmas-de-gran-canaria,Bodega Mondalón,Las Palmas de Gran Canaria,Bodega,"Vino tinto Mondalón Selección, Vino blanco seco de coupage autóctono","Carretera de Los Hoyos, km 5.2, 35017 Las Palmas de Gran Canaria, Gran Canaria","Productor local artesanal de vino tinto mondalón selección, vino blanco seco de coupage autóctono en Las Palmas de Gran Canaria, Islas Canarias. Fiel al compromiso de proximidad y comercio justo.",Lun-Vie 09:00–16:00,+34928351515,info@bodegamondalon.es,,https://www.facebook.com/bodega.mondalon/,https://www.instagram.com/bodegamondalon/,https://www.google.com/maps/search/?api=1&query=Bodega%20Mondal%C3%B3n%2C%20Carretera%20de%20Los%20Hoyos%2C%20km%205.2%2C%2035017%20Las%20Palmas%20de%20Gran%20Canaria%2C%20Gran%20Canaria,28.1165000,-15.4433000,/productores/canarias/las-palmas/bodega-mondalon-las-palmas-de-gran-canaria.webp,pendiente,no comprobado
bodega-plaza-perdida-santa-brigida,Bodega Plaza Perdida,Santa Brígida,Bodega,Vinos tintos tradicionales y vinos dulces de licor,"Camino Plaza Perdida, 10, 35300 Santa Brígida, Gran Canaria","Productor local artesanal de vinos tintos tradicionales y vinos dulces de licor en Santa Brígida, Islas Canarias. Fiel al compromiso de proximidad y comercio justo.",Visitas concertadas previa cita,+34620112233,plazaperdida@gmail.com,,https://www.facebook.com/plazaperdida/,,https://www.google.com/maps/search/?api=1&query=Bodega%20Plaza%20Perdida%2C%20Camino%20Plaza%20Perdida%2C%2010%2C%2035300%20Santa%20Br%C3%ADgida%2C%20Gran%20Canaria,28.0317000,-15.5054000,/productores/canarias/las-palmas/bodega-plaza-perdida-santa-brigida.webp,pendiente,no comprobado
bodegas-el-grifo-san-bartolome,Bodegas El Grifo,San Bartolomé,Bodega,"Vino Malvasía Volcánica Seco Colección, Tinto Listán Negro de pie franco","Carretera LZ-30 Teguise-Uga, km 11, 35560 San Bartolomé, Lanzarote","Productor local artesanal de vino malvasía volcánica seco colección, tinto listán negro de pie franco en San Bartolomé, Islas Canarias. Fiel al compromiso de proximidad y comercio justo.",Lun-Dom 10:00–18:00,+34928524951,alambique@elgrifo.com,https://elgrifo.com,https://www.facebook.com/BodegasElGrifo/,https://www.instagram.com/bodegas.elgrifo/,https://www.google.com/maps/search/?api=1&query=Bodegas%20El%20Grifo%2C%20Carretera%20LZ-30%20Teguise-Uga%2C%20km%2011%2C%2035560%20San%20Bartolom%C3%A9%2C%20Lanzarote,28.9926000,-13.6203000,/productores/canarias/las-palmas/bodegas-el-grifo-san-bartolome.webp,pendiente,no comprobado
bodega-la-geria-yaiza,Bodega La Geria,Yaiza,Bodega,"Vino Malvasía Volcánica Seco Melián, Vino dulce Moscatel de Alejandría","Carretera La Geria, km 19, 35570 Yaiza, Lanzarote","Productor local artesanal de vino malvasía volcánica seco melián, vino dulce moscatel de alejandría en Yaiza, Islas Canarias. Fiel al compromiso de proximidad y comercio justo.",Lun-Dom 09:30–18:00,+34928173178,bodega@lageria.com,https://www.lageria.com,https://www.facebook.com/lageriabodega/,https://www.instagram.com/bodegalageria/,https://www.google.com/maps/search/?api=1&query=Bodega%20La%20Geria%2C%20Carretera%20La%20Geria%2C%20km%2019%2C%2035570%20Yaiza%2C%20Lanzarote,28.9488000,-13.7737000,/productores/canarias/las-palmas/bodega-la-geria-yaiza.webp,pendiente,no comprobado
bodegas-rubicon-yaiza,Bodegas Rubicón,Yaiza,Bodega,"Vino Rubicón Malvasía Seco DOP, Tinto Rubicón Listán Negro","Carretera La Geria, 2, 35570 Yaiza, Lanzarote","Productor local artesanal de vino rubicón malvasía seco dop, tinto rubicón listán negro en Yaiza, Islas Canarias. Fiel al compromiso de proximidad y comercio justo.",Lun-Dom 10:00–20:00,+34928173708,info@bodegasrubicon.com,https://www.bodegasrubicon.com,https://www.facebook.com/BodegasRubicon/,https://www.instagram.com/bodegasrubicon/,https://www.google.com/maps/search/?api=1&query=Bodegas%20Rubic%C3%B3n%2C%20Carretera%20La%20Geria%2C%202%2C%2035570%20Yaiza%2C%20Lanzarote,28.9523000,-13.7737000,/productores/canarias/las-palmas/bodegas-rubicon-yaiza.webp,pendiente,no comprobado
bodega-vega-de-yuco-yaiza,Bodega Vega de Yuco,Yaiza,Bodega,"Vino Princesa Ico Malvasía volcánica, Vinos emblemáticos Esencia Yaiza","Lugar Camino de la Vegueta, s/n, 35572 Masdache, Yaiza, Lanzarote","Productor local artesanal de vino princesa ico malvasía volcánica, vinos emblemáticos esencia yaiza en Yaiza, Islas Canarias. Fiel al compromiso de proximidad y comercio justo.",Lun-Vie 08:00–16:00,+34928524356,info@vegadeyuco.es,https://vegadeyuco.com,https://www.facebook.com/vegadeyuco/,https://www.instagram.com/vegadeyuco/,https://www.google.com/maps/search/?api=1&query=Bodega%20Vega%20de%20Yuco%2C%20Lugar%20Camino%20de%20la%20Vegueta%2C%20s/n%2C%2035572%20Masdache%2C%20Yaiza%2C%20Lanzarote,28.9558000,-13.7737000,/productores/canarias/las-palmas/bodega-vega-de-yuco-yaiza.webp,pendiente,no comprobado
bodegas-stratvs-yaiza,Bodegas Stratvs,Yaiza,Bodega,"Vino Stratvs Malvasía Seco, Tintos de guarda envejecidos en barrica","Carretera de La Geria, km 18, 35570 Yaiza, Lanzarote","Productor local artesanal de vino stratvs malvasía seco, tintos de guarda envejecidos en barrica en Yaiza, Islas Canarias. Fiel al compromiso de proximidad y comercio justo.",Lun-Dom 10:00–20:00,+34928809977,info@stratvs.com,https://www.stratvs.com,https://www.facebook.com/bodegastratvs/,https://www.instagram.com/bodegastratvs/,https://www.google.com/maps/search/?api=1&query=Bodegas%20Stratvs%2C%20Carretera%20de%20La%20Geria%2C%20km%2018%2C%2035570%20Yaiza%2C%20Lanzarote,28.9593000,-13.7737000,/productores/canarias/las-palmas/bodegas-stratvs-yaiza.webp,pendiente,no comprobado
bodega-vulcano-de-lanzarote-tias,Bodega Vulcano de Lanzarote,Tías,Bodega,"Vino Vulcano Malvasía volcánica seco, Tinto listán negro fermentado en barrica","Calle de la Asomada, 94, 35571 Tías, Lanzarote","Productor local artesanal de vino vulcano malvasía volcánica seco, tinto listán negro fermentado en barrica en Tías, Islas Canarias. Fiel al compromiso de proximidad y comercio justo.",Lun-Vie 10:00–15:00,+34928524222,info@bodegavulcano.es,https://www.bodegavulcano.es,https://www.facebook.com/bodegavulcanolanzarote/,https://www.instagram.com/bodegavulcano/,https://www.google.com/maps/search/?api=1&query=Bodega%20Vulcano%20de%20Lanzarote%2C%20Calle%20de%20la%20Asomada%2C%2094%2C%2035571%20T%C3%ADas%2C%20Lanzarote,28.9526000,-13.6566000,/productores/canarias/las-palmas/bodega-vulcano-de-lanzarote-tias.webp,pendiente,no comprobado
bodega-bermejo-san-bartolome,Bodega Bermejo,San Bartolomé,Bodega,"Vino Los Bermejos Malvasía Volcánica Seco, Vino espumoso brut nature","Camino de La Florida, 7, 35560 San Bartolomé, Lanzarote","Productor local artesanal de vino los bermejos malvasía volcánica seco, vino espumoso brut nature en San Bartolomé, Islas Canarias. Fiel al compromiso de proximidad y comercio justo.",Lun-Vie 08:00–16:00,+34928522463,info@losbermejos.com,https://losbermejos.com,https://www.facebook.com/bodegabermejo/,https://www.instagram.com/bodegaslosbermejos/,https://www.google.com/maps/search/?api=1&query=Bodega%20Bermejo%2C%20Camino%20de%20La%20Florida%2C%207%2C%2035560%20San%20Bartolom%C3%A9%2C%20Lanzarote,28.9961000,-13.6203000,/productores/canarias/las-palmas/bodega-bermejo-san-bartolome.webp,pendiente,no comprobado
bodega-guiguan-tinajo,Bodega Guiguan,Tinajo,Bodega,"Vino blanco seco Guiguan malvasía, Tinto tradicional de tinaja","Calle de Guiguan, 12, 35560 Tinajo, Lanzarote","Productor local artesanal de vino blanco seco guiguan malvasía, tinto tradicional de tinaja en Tinajo, Islas Canarias. Fiel al compromiso de proximidad y comercio justo.",Lun-Vie 09:00–14:00,+34928840022,info@bodegaguiguan.com,,https://www.facebook.com/bodegaguiguan/,https://www.instagram.com/bodegaguiguan/,https://www.google.com/maps/search/?api=1&query=Bodega%20Guiguan%2C%20Calle%20de%20Guiguan%2C%2012%2C%2035560%20Tinajo%2C%20Lanzarote,29.0226000,-13.6814000,/productores/canarias/las-palmas/bodega-guiguan-tinajo.webp,pendiente,no comprobado
celler-el-chupadero-yaiza,Celler El Chupadero,Yaiza,Bodega,Vinos malvasía ecológicos locales y tapas volcánicas,"Lugar La Geria, 3, 35570 Yaiza, Lanzarote","Productor local artesanal de vinos malvasía ecológicos locales y tapas volcánicas en Yaiza, Islas Canarias. Fiel al compromiso de proximidad y comercio justo.",Mar-Dom 12:00–23:00,+34928173100,info@el-chupadero.com,https://el-chupadero.com,https://www.facebook.com/elchupaderolanzarote/,https://www.instagram.com/elchupaderolanzarote/,https://www.google.com/maps/search/?api=1&query=Celler%20El%20Chupadero%2C%20Lugar%20La%20Geria%2C%203%2C%2035570%20Yaiza%2C%20Lanzarote,28.9628000,-13.7737000,,pendiente,no comprobado
bodega-reymar-tinajo,Bodega Reymar,Tinajo,Bodega,"Vino Los Reyes blanco malvasía seco, Tinto Los Reyes varietal","Calle de los Reyes, 42, 35560 Tinajo, Lanzarote","Productor local artesanal de vino los reyes blanco malvasía seco, tinto los reyes varietal en Tinajo, Islas Canarias. Fiel al compromiso de proximidad y comercio justo.",Visitas concertadas bajo reserva,+34928840560,bodegareymar@gmail.com,,https://www.facebook.com/bodegareymar/,,https://www.google.com/maps/search/?api=1&query=Bodega%20Reymar%2C%20Calle%20de%20los%20Reyes%2C%2042%2C%2035560%20Tinajo%2C%20Lanzarote,29.0261000,-13.6814000,/productores/canarias/las-palmas/bodega-reymar-tinajo.webp,pendiente,no comprobado
bodega-martinon-yaiza,Bodega Martinón,Yaiza,Bodega,"Vino blanco Martinón Malvasía Seco, Rosado de uva Listán Negro","Carretera La Geria, km 16, 35570 Yaiza, Lanzarote","Productor local artesanal de vino blanco martinón malvasía seco, rosado de uva listán negro en Yaiza, Islas Canarias. Fiel al compromiso de proximidad y comercio justo.",Visitas guiadas concertadas,+34639506070,info@bodegamartinon.com,,https://www.facebook.com/bodegamartinon/,https://www.instagram.com/bodegamartinon/,https://www.google.com/maps/search/?api=1&query=Bodega%20Martin%C3%B3n%2C%20Carretera%20La%20Geria%2C%20km%2016%2C%2035570%20Yaiza%2C%20Lanzarote,28.9488000,-13.7702000,/productores/canarias/las-palmas/bodega-martinon-yaiza.webp,pendiente,no comprobado
bodega-la-florida-san-bartolome,Bodega La Florida,San Bartolomé,Bodega,"Vino blanco seco La Florida, Vino tinto barrica canario","Carretera LZ-30, km 9.5, 35560 San Bartolomé, Lanzarote","Productor local artesanal de vino blanco seco la florida, vino tinto barrica canario en San Bartolomé, Islas Canarias. Fiel al compromiso de proximidad y comercio justo.",Lun-Dom 10:00–18:00,+34928522320,info@bodegalaflorida.com,https://www.bodegalaflorida.com,https://www.facebook.com/bodegalaflorida/,https://www.instagram.com/bodegalaflorida/,https://www.google.com/maps/search/?api=1&query=Bodega%20La%20Florida%2C%20Carretera%20LZ-30%2C%20km%209.5%2C%2035560%20San%20Bartolom%C3%A9%2C%20Lanzarote,28.9996000,-13.6203000,/productores/canarias/las-palmas/bodega-la-florida-san-bartolome.webp,pendiente,no comprobado
bodega-puro-rofe-yaiza,Bodega Puro Rofe,Yaiza,Bodega,"Vinos naturales de micro-parcelas Rofe Blanco, Mentidero","Calle de Masdache, 18, 35572 Yaiza, Lanzarote","Productor local artesanal de vinos naturales de micro-parcelas rofe blanco, mentidero en Yaiza, Islas Canarias. Fiel al compromiso de proximidad y comercio justo.",Visitas concertadas,+34607112255,info@purorofe.com,,https://www.facebook.com/purorofevini/,https://www.instagram.com/purorofe_vini/,https://www.google.com/maps/search/?api=1&query=Bodega%20Puro%20Rofe%2C%20Calle%20de%20Masdache%2C%2018%2C%2035572%20Yaiza%2C%20Lanzarote,28.9523000,-13.7702000,/productores/canarias/las-palmas/bodega-puro-rofe-yaiza.webp,pendiente,no comprobado
bodega-tisalaya-tinajo,Bodega Tisalaya,Tinajo,Bodega,Vino blanco artesanal Tisalaya fermentado sobre lías,"Calle de la Costa, 3, 35560 Tinajo, Lanzarote","Productor local artesanal de vino blanco artesanal tisalaya fermentado sobre lías en Tinajo, Islas Canarias. Fiel al compromiso de proximidad y comercio justo.",Visitas exclusivas con cita,+34651865202,tisalayavinos@gmail.com,,https://www.facebook.com/bodegatisalaya/,https://www.instagram.com/bodegatisalaya/,https://www.google.com/maps/search/?api=1&query=Bodega%20Tisalaya%2C%20Calle%20de%20la%20Costa%2C%203%2C%2035560%20Tinajo%2C%20Lanzarote,29.0296000,-13.6814000,/productores/canarias/las-palmas/bodega-tisalaya-tinajo.webp,pendiente,no comprobado
bodega-conatvs-la-oliva,Bodega Conatvs,La Oliva,Bodega,"Vino tinto Conatvs de viñedos de Fuerteventura, Blanco seco local","Calle de los Coroneles, s/n, Villaverde, 35640 La Oliva, Fuerteventura","Productor local artesanal de vino tinto conatvs de viñedos de fuerteventura, blanco seco local en La Oliva, Islas Canarias. Fiel al compromiso de proximidad y comercio justo.",Visitas bajo acuerdo previo,+34689304050,bodegaconatvs@gmail.com,,https://www.facebook.com/conatvs/,https://www.instagram.com/bodegaconatvs/,https://www.google.com/maps/search/?api=1&query=Bodega%20Conatvs%2C%20Calle%20de%20los%20Coroneles%2C%20s/n%2C%20Villaverde%2C%2035640%20La%20Oliva%2C%20Fuerteventura,28.6038000,-13.9357000,/productores/canarias/las-palmas/bodega-conatvs-la-oliva.webp,pendiente,no comprobado
bodega-gavias-puerto-del-rosario,Bodega Gavias,Puerto del Rosario,Bodega,Vino tinto joven de gavias desérticas de Fuerteventura,"Carretera del Centro, km 5, Tetir, 35613 Puerto del Rosario, Fuerteventura","Productor local artesanal de vino tinto joven de gavias desérticas de fuerteventura en Puerto del Rosario, Islas Canarias. Fiel al compromiso de proximidad y comercio justo.",Visitas previa concertación,+34609887766,gaviasfuerteventura@gmail.com,,https://www.facebook.com/bodegagavias/,https://www.instagram.com/bodegagavias/,https://www.google.com/maps/search/?api=1&query=Bodega%20Gavias%2C%20Carretera%20del%20Centro%2C%20km%205%2C%20Tetir%2C%2035613%20Puerto%20del%20Rosario%2C%20Fuerteventura,28.4938000,-13.8692000,,pendiente,no comprobado
bodega-teberite-tuineje,Bodega Teberite,Tuineje,Bodega,"Vino tinto local Teberite, Varietales experimentales majoreros","Calle de Teberite, 5, 35628 Tuineje, Fuerteventura","Productor local artesanal de vino tinto local teberite, varietales experimentales majoreros en Tuineje, Islas Canarias. Fiel al compromiso de proximidad y comercio justo.",Solo con cita,+34644112233,teberitevinos@gmail.com,,https://www.facebook.com/teberite/,,https://www.google.com/maps/search/?api=1&query=Bodega%20Teberite%2C%20Calle%20de%20Teberite%2C%205%2C%2035628%20Tuineje%2C%20Fuerteventura,28.3176000,-14.0484000,/productores/canarias/las-palmas/bodega-teberite-tuineje.webp,pendiente,no comprobado
aceite-de-oliva-teguerey-tuineje,Aceite de Oliva Teguerey,Tuineje,Aceite,Aceite de Oliva Virgen Extra Teguerey Hojiblanca-Arbequina,"Finca Teguerey, s/n, 35628 Tuineje, Fuerteventura","Productor local artesanal de aceite de oliva virgen extra teguerey hojiblanca-arbequina en Tuineje, Islas Canarias. Fiel al compromiso de proximidad y comercio justo.",Lun-Vie 09:00–14:00,+34650454545,info@aceiteteguerey.com,,https://www.facebook.com/teguerey/,https://www.instagram.com/teguerey_aceites/,https://www.google.com/maps/search/?api=1&query=Aceite%20de%20Oliva%20Teguerey%2C%20Finca%20Teguerey%2C%20s/n%2C%2035628%20Tuineje%2C%20Fuerteventura,28.3211000,-14.0484000,/productores/canarias/las-palmas/aceite-de-oliva-teguerey-tuineje.webp,pendiente,no comprobado
aceite-de-finca-torres-puerto-del-rosario,Aceite de Finca Torres,Puerto del Rosario,Aceite,Aceite de Oliva Virgen Extra Finca Torres de aceituna Picual,"Carretera de Tetir, km 2.5, 35613 Puerto del Rosario, Fuerteventura","Productor local artesanal de aceite de oliva virgen extra finca torres de aceituna picual en Puerto del Rosario, Islas Canarias. Fiel al compromiso de proximidad y comercio justo.",Lun-Vie 08:00–16:00,+34928859111,fincatorres@hotmail.com,,https://www.facebook.com/fincatorresfuerteventura/,https://www.instagram.com/finca_torres/,https://www.google.com/maps/search/?api=1&query=Aceite%20de%20Finca%20Torres%2C%20Carretera%20de%20Tetir%2C%20km%202.5%2C%2035613%20Puerto%20del%20Rosario%2C%20Fuerteventura,28.4973000,-13.8692000,,pendiente,no comprobado
aceite-de-oliva-jaguey-tuineje,Aceite de Oliva Jagüey,Tuineje,Aceite,Aceite virgen extra Jagüey de recolección selectiva,"Diseminado de Tuineje, 45, 35628 Tuineje, Fuerteventura","Productor local artesanal de aceite virgen extra jagüey de recolección selectiva en Tuineje, Islas Canarias. Fiel al compromiso de proximidad y comercio justo.",Visitas concertadas,+34611123456,jagueyaceites@gmail.com,,https://www.facebook.com/jaguey/,https://www.instagram.com/jagueyaceites/,https://www.google.com/maps/search/?api=1&query=Aceite%20de%20Oliva%20Jag%C3%BCey%2C%20Diseminado%20de%20Tuineje%2C%2045%2C%2035628%20Tuineje%2C%20Fuerteventura,28.3246000,-14.0484000,/productores/canarias/las-palmas/aceite-de-oliva-jaguey-tuineje.webp,pendiente,no comprobado
aceite-de-oliva-tres-olivos-antigua,Aceite de Oliva Tres Olivos,Antigua,Aceite,Aceite ecológico Tres Olivos de prensa en frío,"Calle de la Cruz, 8, Agua de Bueyes, 35638 Antigua, Fuerteventura","Productor local artesanal de aceite ecológico tres olivos de prensa en frío en Antigua, Islas Canarias. Fiel al compromiso de proximidad y comercio justo.",Lun-Sab 09:00–13:00,+34633445566,tresolivos@gmail.com,,https://www.facebook.com/tresolivos/,https://www.instagram.com/tresolivosfuerteventura/,https://www.google.com/maps/search/?api=1&query=Aceite%20de%20Oliva%20Tres%20Olivos%2C%20Calle%20de%20la%20Cruz%2C%208%2C%20Agua%20de%20Bueyes%2C%2035638%20Antigua%2C%20Fuerteventura,28.4161000,-14.0204000,,pendiente,no comprobado
aceite-de-oliva-oro-canario-santa-lucia-de-tirajana,Aceite de Oliva Oro Canario,Santa Lucía de Tirajana,Aceite,Aceite de Oliva Virgen Extra Oro Canario picual y verdial,"Camino de la Almazara, 4, Santa Lucía de Tirajana, Gran Canaria","Productor local artesanal de aceite de oliva virgen extra oro canario picual y verdial en Santa Lucía de Tirajana, Islas Canarias. Fiel al compromiso de proximidad y comercio justo.",Lun-Vie 09:00–17:00,+34607899091,info@orocanario.com,https://orocanario.com,https://www.facebook.com/orocanario/,https://www.instagram.com/orocanario/,https://www.google.com/maps/search/?api=1&query=Aceite%20de%20Oliva%20Oro%20Canario%2C%20Camino%20de%20la%20Almazara%2C%204%2C%20Santa%20Luc%C3%ADa%20de%20Tirajana%2C%20Gran%20Canaria,27.9033000,-15.5478000,/productores/canarias/las-palmas/aceite-de-oliva-oro-canario-santa-lucia-de-tirajana.webp,pendiente,no comprobado
aceite-caserio-de-temisas-aguimes,Aceite Caserío de Temisas,Agüimes,Aceite,Aceite Caserío de Temisas DOP Gran Canaria,"Caserío de Temisas, s/n, 35260 Agüimes, Gran Canaria","Productor local artesanal de aceite caserío de temisas dop gran canaria en Agüimes, Islas Canarias. Fiel al compromiso de proximidad y comercio justo.",Sab-Dom 10:00–14:00,+34928789980,turismo@aguimes.es,,https://www.facebook.com/caseriotemisas/,https://www.instagram.com/temisas_aceites/,https://www.google.com/maps/search/?api=1&query=Aceite%20Caser%C3%ADo%20de%20Temisas%2C%20Caser%C3%ADo%20de%20Temisas%2C%20s/n%2C%2035260%20Ag%C3%BCimes%2C%20Gran%20Canaria,27.8978000,-15.4522000,/productores/canarias/las-palmas/aceite-caserio-de-temisas-aguimes.webp,pendiente,no comprobado
aceite-lomo-de-la-cruz-telde,Aceite Lomo de La Cruz,Telde,Aceite,Aceite de oliva virgen extra de olivares tradicionales de Telde,"Lugar Lomo de La Cruz, 12, 35200 Telde, Gran Canaria","Productor local artesanal de aceite de oliva virgen extra de olivares tradicionales de telde en Telde, Islas Canarias. Fiel al compromiso de proximidad y comercio justo.",Visitas concertadas,+34677334455,lomodelacruz@gmail.com,,https://www.facebook.com/lomodelacruz/,https://www.instagram.com/lomodelacruz/,https://www.google.com/maps/search/?api=1&query=Aceite%20Lomo%20de%20La%20Cruz%2C%20Lugar%20Lomo%20de%20La%20Cruz%2C%2012%2C%2035200%20Telde%2C%20Gran%20Canaria,27.9856000,-15.4248000,,pendiente,no comprobado
aceite-finca-los-encinos-vega-de-san-mateo,Aceite Finca Los Encinos,Vega de San Mateo,Aceite,Aceite artesano Finca Los Encinos monovarietal picual de cumbre,"Calle de los Encinos, 2, 35320 Vega de San Mateo, Gran Canaria","Productor local artesanal de aceite artesano finca los encinos monovarietal picual de cumbre en Vega de San Mateo, Islas Canarias. Fiel al compromiso de proximidad y comercio justo.",Sábados 09:00–14:00,+34620908070,fincadeencinos@gmail.com,,https://www.facebook.com/fincadeencinos/,https://www.instagram.com/fincadeencinos/,https://www.google.com/maps/search/?api=1&query=Aceite%20Finca%20Los%20Encinos%2C%20Calle%20de%20los%20Encinos%2C%202%2C%2035320%20Vega%20de%20San%20Mateo%2C%20Gran%20Canaria,28.0070000,-15.5387000,,pendiente,no comprobado
aceite-de-oliva-santa-lucia-santa-lucia-de-tirajana,Aceite de Oliva Santa Lucía,Santa Lucía de Tirajana,Aceite,Aceite virgen extra de Santa Lucía ecológico,"Calle de la Hoya, 6, 35290 Santa Lucía de Tirajana, Gran Canaria","Productor local artesanal de aceite virgen extra de santa lucía ecológico en Santa Lucía de Tirajana, Islas Canarias. Fiel al compromiso de proximidad y comercio justo.",Lun-Vie 09:00–13:00,+34928797080,santaluciaaceites@gmail.com,,https://www.facebook.com/santaluciaaceites/,https://www.instagram.com/santaluciaaceites/,https://www.google.com/maps/search/?api=1&query=Aceite%20de%20Oliva%20Santa%20Luc%C3%ADa%2C%20Calle%20de%20la%20Hoya%2C%206%2C%2035290%20Santa%20Luc%C3%ADa%20de%20Tirajana%2C%20Gran%20Canaria,27.9068000,-15.5478000,,pendiente,no comprobado
aceite-de-oliva-el-trull-aguimes,Aceite de Oliva El Trull,Agüimes,Aceite,Aceite virgen extra El Trull coupage arbequina y picual,"Calle de la Almazara, 3, 35260 Agüimes, Gran Canaria","Productor local artesanal de aceite virgen extra el trull coupage arbequina y picual en Agüimes, Islas Canarias. Fiel al compromiso de proximidad y comercio justo.",Lun-Sab 09:00–14:00,+34690123456,eltrull@gmail.com,,https://www.facebook.com/eltrull/,https://www.instagram.com/eltrullaguimes/,https://www.google.com/maps/search/?api=1&query=Aceite%20de%20Oliva%20El%20Trull%2C%20Calle%20de%20la%20Almazara%2C%203%2C%2035260%20Ag%C3%BCimes%2C%20Gran%20Canaria,27.9013000,-15.4522000,,pendiente,no comprobado
aceite-de-oliva-finca-condal-san-bartolome-de-tirajana,Aceite de Oliva Finca Condal,San Bartolomé de Tirajana,Aceite,Aceite exclusivo Finca Condal reserva especial,"Finca Condal, s/n, Juan Grande, 35107 San Bartolomé de Tirajana, Gran Canaria","Productor local artesanal de aceite exclusivo finca condal reserva especial en San Bartolomé de Tirajana, Islas Canarias. Fiel al compromiso de proximidad y comercio justo.",Lun-Vie 10:00–16:00,+34928730022,info@fincacondal.com,https://www.fincacondal.com,https://www.facebook.com/fincacondal/,https://www.instagram.com/fincacondal/,https://www.google.com/maps/search/?api=1&query=Aceite%20de%20Oliva%20Finca%20Condal%2C%20Finca%20Condal%2C%20s/n%2C%20Juan%20Grande%2C%2035107%20San%20Bartolom%C3%A9%20de%20Tirajana%2C%20Gran%20Canaria,27.9173000,-15.5792000,,pendiente,no comprobado
queseria-cortijo-de-caideros-galdar,Quesería Cortijo de Caideros,Gáldar,Lácteos y quesos,Queso Flor de Guía de cuajo vegetal DOP Cortijo de Caideros,"Lugar Caideros de Gáldar, s/n, 35468 Gáldar, Gran Canaria","Productor local artesanal de queso flor de guía de cuajo vegetal dop cortijo de caideros en Gáldar, Islas Canarias. Fiel al compromiso de proximidad y comercio justo.",Lun-Sab 09:00–15:00,+34649223344,cortijodecaideros@gmail.com,,https://www.facebook.com/cortijodecaideros/,https://www.instagram.com/cortijodecaideros/,https://www.google.com/maps/search/?api=1&query=Queser%C3%ADa%20Cortijo%20de%20Caideros%2C%20Lugar%20Caideros%20de%20G%C3%A1ldar%2C%20s/n%2C%2035468%20G%C3%A1ldar%2C%20Gran%20Canaria,28.1366000,-15.6604000,,pendiente,no comprobado
queseria-campo-de-guia-santa-maria-de-guia,Quesería Campo de Guía,Santa María de Guía,Lácteos y quesos,Queso de flor de oveja y vaca Campo de Guía tradicional,"Calle de la Quesería, 1, 35450 Santa María de Guía, Gran Canaria","Productor local artesanal de queso de flor de oveja y vaca campo de guía tradicional en Santa María de Guía, Islas Canarias. Fiel al compromiso de proximidad y comercio justo.",Lun-Sab 08:30–14:00,+34928881020,quesosdeguia@gmail.com,,https://www.facebook.com/quesosdeguia/,https://www.instagram.com/quesosdeguia/,https://www.google.com/maps/search/?api=1&query=Queser%C3%ADa%20Campo%20de%20Gu%C3%ADa%2C%20Calle%20de%20la%20Queser%C3%ADa%2C%201%2C%2035450%20Santa%20Mar%C3%ADa%20de%20Gu%C3%ADa%2C%20Gran%20Canaria,28.1316000,-15.6392000,,pendiente,no comprobado
queseria-la-gloria-san-bartolome-de-tirajana,Quesería La Gloria,San Bartolomé de Tirajana,Lácteos y quesos,Queso semicurado de cabra La Gloria aliñado con pimentón,"Barranco de Fataga, s/n, 35290 San Bartolomé de Tirajana, Gran Canaria","Productor local artesanal de queso semicurado de cabra la gloria aliñado con pimentón en San Bartolomé de Tirajana, Islas Canarias. Fiel al compromiso de proximidad y comercio justo.",Lun-Dom 09:00–17:00,+34607454546,lagloriaqueso@gmail.com,,https://www.facebook.com/queserialagloria/,,https://www.google.com/maps/search/?api=1&query=Queser%C3%ADa%20La%20Gloria%2C%20Barranco%20de%20Fataga%2C%20s/n%2C%2035290%20San%20Bartolom%C3%A9%20de%20Tirajana%2C%20Gran%20Canaria,27.9208000,-15.5792000,/productores/canarias/las-palmas/queseria-la-gloria-san-bartolome-de-tirajana.webp,pendiente,no comprobado
queseria-lomo-el-palo-galdar,Quesería Lomo El Palo,Gáldar,Lácteos y quesos,Queso de oveja curado Lomo El Palo de pastores trashumantes,"Lugar Fagajesto, s/n, 35468 Gáldar, Gran Canaria","Productor local artesanal de queso de oveja curado lomo el palo de pastores trashumantes en Gáldar, Islas Canarias. Fiel al compromiso de proximidad y comercio justo.",Lun-Sab 09:00–14:00,+34629889900,quesolomoelpalo@gmail.com,,https://www.facebook.com/lomoelpalo/,,https://www.google.com/maps/search/?api=1&query=Queser%C3%ADa%20Lomo%20El%20Palo%2C%20Lugar%20Fagajesto%2C%20s/n%2C%2035468%20G%C3%A1ldar%2C%20Gran%20Canaria,28.1401000,-15.6604000,,pendiente,no comprobado
queseria-madre-vieja-moya,Quesería Madre Vieja,Moya,Lácteos y quesos,Queso curado de mezcla vaca-oveja-cabra de Madre Vieja,"Camino de Madre Vieja, 8, 35420 Moya, Gran Canaria","Productor local artesanal de queso curado de mezcla vaca-oveja-cabra de madre vieja en Moya, Islas Canarias. Fiel al compromiso de proximidad y comercio justo.",Lun-Sab 09:00–13:30,+34928611520,madreviejaquesos@gmail.com,,https://www.facebook.com/queseriamadrevieja/,,https://www.google.com/maps/search/?api=1&query=Queser%C3%ADa%20Madre%20Vieja%2C%20Camino%20de%20Madre%20Vieja%2C%208%2C%2035420%20Moya%2C%20Gran%20Canaria,28.1044000,-15.5917000,,pendiente,no comprobado
quesos-camino-de-santiago-telde,Quesos Camino de Santiago,Telde,Lácteos y quesos,Queso de cabra semicurado ahumado de Telde,"Calle Lomo Cementerio, s/n, 35200 Telde, Gran Canaria","Productor local artesanal de queso de cabra semicurado ahumado de telde en Telde, Islas Canarias. Fiel al compromiso de proximidad y comercio justo.",Lun-Vie 09:00–14:00,+34630203040,caminodesantiagoquesos@gmail.com,,https://www.facebook.com/caminodesantiagoquesos/,,https://www.google.com/maps/search/?api=1&query=Quesos%20Camino%20de%20Santiago%2C%20Calle%20Lomo%20Cementerio%2C%20s/n%2C%2035200%20Telde%2C%20Gran%20Canaria,27.9891000,-15.4248000,,pendiente,no comprobado
queseria-naroy-ingenio,Quesería Naroy,Ingenio,Lácteos y quesos,Queso semicurado de cabra Naroy de leche cruda,"Calle de Naroy, 14, 35250 Ingenio, Gran Canaria","Productor local artesanal de queso semicurado de cabra naroy de leche cruda en Ingenio, Islas Canarias. Fiel al compromiso de proximidad y comercio justo.",Lun-Sab 09:00–15:00,+34651112233,quesosnaroy@gmail.com,,https://www.facebook.com/queserianaroy/,,https://www.google.com/maps/search/?api=1&query=Queser%C3%ADa%20Naroy%2C%20Calle%20de%20Naroy%2C%2014%2C%2035250%20Ingenio%2C%20Gran%20Canaria,27.9143000,-15.4489000,,pendiente,no comprobado
queseria-el-cortijo-de-pavon-santa-maria-de-guia,Quesería El Cortijo de Pavón,Santa María de Guía,Lácteos y quesos,Queso de Guía de media flor Pavón tradicional,"Pago de Pavón, s/n, 35450 Santa María de Guía, Gran Canaria","Productor local artesanal de queso de guía de media flor pavón tradicional en Santa María de Guía, Islas Canarias. Fiel al compromiso de proximidad y comercio justo.",Lun-Sab 09:00–14:30,+34928881230,cortijodepavon@gmail.com,,https://www.facebook.com/cortijodepavon/,https://www.instagram.com/cortijodepavon/,https://www.google.com/maps/search/?api=1&query=Queser%C3%ADa%20El%20Cortijo%20de%20Pav%C3%B3n%2C%20Pago%20de%20Pav%C3%B3n%2C%20s/n%2C%2035450%20Santa%20Mar%C3%ADa%20de%20Gu%C3%ADa%2C%20Gran%20Canaria,28.1351000,-15.6392000,,pendiente,no comprobado
queseria-la-caldera-moya,Quesería La Caldera,Moya,Lácteos y quesos,Queso tierno y semicurado de Moya elaborado a mano,"Camino de La Caldera, 15, 35420 Moya, Gran Canaria","Productor local artesanal de queso tierno y semicurado de moya elaborado a mano en Moya, Islas Canarias. Fiel al compromiso de proximidad y comercio justo.",Lun-Vie 08:00–14:00,+34610204060,queserialacaldera@gmail.com,,https://www.facebook.com/queserialacaldera/,,https://www.google.com/maps/search/?api=1&query=Queser%C3%ADa%20La%20Caldera%2C%20Camino%20de%20La%20Caldera%2C%2015%2C%2035420%20Moya%2C%20Gran%20Canaria,28.1079000,-15.5917000,,pendiente,no comprobado
queseria-altos-de-moya-moya,Quesería Altos de Moya,Moya,Lácteos y quesos,Queso curado madurado con aceite de oliva y gofio,"Diseminado Altos de Moya, 5, 35420 Moya, Gran Canaria","Productor local artesanal de queso curado madurado con aceite de oliva y gofio en Moya, Islas Canarias. Fiel al compromiso de proximidad y comercio justo.",Lun-Sab 09:00–14:00,+34670998877,altosdemoya@gmail.com,,https://www.facebook.com/altosdemoya/,https://www.instagram.com/altosdemoya/,https://www.google.com/maps/search/?api=1&query=Queser%C3%ADa%20Altos%20de%20Moya%2C%20Diseminado%20Altos%20de%20Moya%2C%205%2C%2035420%20Moya%2C%20Gran%20Canaria,28.1114000,-15.5917000,,pendiente,no comprobado
queseria-quesos-de-tetir-puerto-del-rosario,Quesería Quesos de Tetir,Puerto del Rosario,Lácteos y quesos,"Queso Majorero DOP Tetir semicurado, Curado al pimentón","Calle de la Quesería, 2, Tetir, 35613 Puerto del Rosario, Fuerteventura","Productor local artesanal de queso majorero dop tetir semicurado, curado al pimentón en Puerto del Rosario, Islas Canarias. Fiel al compromiso de proximidad y comercio justo.",Lun-Vie 08:00–15:00,+34928859220,quesosdetetir@gmail.com,,https://www.facebook.com/quesosdetetir/,https://www.instagram.com/quesosdetetir/,https://www.google.com/maps/search/?api=1&query=Queser%C3%ADa%20Quesos%20de%20Tetir%2C%20Calle%20de%20la%20Queser%C3%ADa%2C%202%2C%20Tetir%2C%2035613%20Puerto%20del%20Rosario%2C%20Fuerteventura,28.5008000,-13.8692000,,pendiente,no comprobado
queseria-la-villa-betancuria,Quesería La Villa,Betancuria,Lácteos y quesos,Queso Majorero tradicional artesanal de Betancuria,"Calle Alcalde Carmelo Silvera, 3, 35637 Betancuria, Fuerteventura","Productor local artesanal de queso majorero tradicional artesanal de betancuria en Betancuria, Islas Canarias. Fiel al compromiso de proximidad y comercio justo.",Lun-Dom 09:30–16:30,+34928878050,queserialavillafuerteventura@gmail.com,,https://www.facebook.com/queserialavilla/,https://www.instagram.com/queserialavillafuerteventura/,https://www.google.com/maps/search/?api=1&query=Queser%C3%ADa%20La%20Villa%2C%20Calle%20Alcalde%20Carmelo%20Silvera%2C%203%2C%2035637%20Betancuria%2C%20Fuerteventura,28.4174000,-14.0642000,,pendiente,no comprobado
queseria-maxorata-puerto-del-rosario,Quesería Maxorata,Puerto del Rosario,Lácteos y quesos,"Queso Majorero DOP Maxorata semicurado pimentón, Queso Maxorata tinto","Carretera Antigua, km 1.5, Risco Prieto, 35600 Puerto del Rosario, Fuerteventura","Productor local artesanal de queso majorero dop maxorata semicurado pimentón, queso maxorata tinto en Puerto del Rosario, Islas Canarias. Fiel al compromiso de proximidad y comercio justo.",Lun-Vie 08:00–16:00,+34928851400,info@ggfuerteventura.com,https://www.maxorata.es,https://www.facebook.com/QuesoMaxorata/,https://www.instagram.com/quesomaxorata/,https://www.google.com/maps/search/?api=1&query=Queser%C3%ADa%20Maxorata%2C%20Carretera%20Antigua%2C%20km%201.5%2C%20Risco%20Prieto%2C%2035600%20Puerto%20del%20Rosario%2C%20Fuerteventura,28.5043000,-13.8692000,,pendiente,no comprobado
queseria-guriamen-la-oliva,Quesería Guriamen,La Oliva,Lácteos y quesos,Queso de cabra semicurado y curado Guriamen de Villaverde,"Calle de los Caserones, 18, Villaverde, 35640 La Oliva, Fuerteventura","Productor local artesanal de queso de cabra semicurado y curado guriamen de villaverde en La Oliva, Islas Canarias. Fiel al compromiso de proximidad y comercio justo.",Lun-Sab 09:00–14:00,+34696112233,quesosguriamen@gmail.com,,https://www.facebook.com/queseriaguriamen/,,https://www.google.com/maps/search/?api=1&query=Queser%C3%ADa%20Guriamen%2C%20Calle%20de%20los%20Caserones%2C%2018%2C%20Villaverde%2C%2035640%20La%20Oliva%2C%20Fuerteventura,28.6073000,-13.9357000,,pendiente,no comprobado
queseria-julian-diaz-tuineje,Quesería Julián Díaz,Tuineje,Lácteos y quesos,"Queso Majorero DOP Julián Díaz semicurado gofio, Queso curado","Calle del Queso, s/n, Tiscamanita, 35627 Tuineje, Fuerteventura","Productor local artesanal de queso majorero dop julián díaz semicurado gofio, queso curado en Tuineje, Islas Canarias. Fiel al compromiso de proximidad y comercio justo.",Lun-Sab 09:00–14:30,+34629113355,juliandiazqueseria@gmail.com,,https://www.facebook.com/queseriajuliandiaz/,,https://www.google.com/maps/search/?api=1&query=Queser%C3%ADa%20Juli%C3%A1n%20D%C3%ADaz%2C%20Calle%20del%20Queso%2C%20s/n%2C%20Tiscamanita%2C%2035627%20Tuineje%2C%20Fuerteventura,28.3281000,-14.0484000,,pendiente,no comprobado
queseria-felipa-la-de-los-quesos-tuineje,Quesería Felipa La de los Quesos,Tuineje,Lácteos y quesos,Queso tierno y curado Felipa elaborado en Tiscamanita,"Lugar Tiscamanita, 40, 35627 Tuineje, Fuerteventura","Productor local artesanal de queso tierno y curado felipa elaborado en tiscamanita en Tuineje, Islas Canarias. Fiel al compromiso de proximidad y comercio justo.",Lun-Dom 08:00–14:00,+34644203040,felipaladequesos@gmail.com,,https://www.facebook.com/felipaladequesos/,https://www.instagram.com/felipaladequesos/,https://www.google.com/maps/search/?api=1&query=Queser%C3%ADa%20Felipa%20La%20de%20los%20Quesos%2C%20Lugar%20Tiscamanita%2C%2040%2C%2035627%20Tuineje%2C%20Fuerteventura,28.3316000,-14.0484000,,pendiente,no comprobado
queseria-el-tofio-puerto-del-rosario,Quesería El Tofio,Puerto del Rosario,Lácteos y quesos,"Queso Majorero DOP El Tofio curado al pimentón, Queso fresco ahumado","Zona Industrial Risco Prieto, s/n, 35600 Puerto del Rosario, Fuerteventura","Productor local artesanal de queso majorero dop el tofio curado al pimentón, queso fresco ahumado en Puerto del Rosario, Islas Canarias. Fiel al compromiso de proximidad y comercio justo.",Lun-Vie 08:00–15:00,+34928851401,info@eltofio.com,,https://www.facebook.com/quesoeltofio/,https://www.instagram.com/quesoeltofio/,https://www.google.com/maps/search/?api=1&query=Queser%C3%ADa%20El%20Tofio%2C%20Zona%20Industrial%20Risco%20Prieto%2C%20s/n%2C%2035600%20Puerto%20del%20Rosario%2C%20Fuerteventura,28.5078000,-13.8692000,,pendiente,no comprobado
queseria-ganaderia-la-pared-pajara,Quesería Ganadería La Pared,Pájara,Lácteos y quesos,Quesos tiernos y curados de cabra majorera en pastoreo libre,"Finca La Pared, s/n, 35627 Pájara, Fuerteventura","Productor local artesanal de quesos tiernos y curados de cabra majorera en pastoreo libre en Pájara, Islas Canarias. Fiel al compromiso de proximidad y comercio justo.",Lun-Sab 09:00–14:00,+34650909090,ganaderialapared@gmail.com,,https://www.facebook.com/ganaderialapared/,https://www.instagram.com/ganaderialapared/,https://www.google.com/maps/search/?api=1&query=Queser%C3%ADa%20Ganader%C3%ADa%20La%20Pared%2C%20Finca%20La%20Pared%2C%20s/n%2C%2035627%20P%C3%A1jara%2C%20Fuerteventura,28.3442000,-14.1822000,,pendiente,no comprobado
queseria-cabo-sargento-antigua,Quesería Cabo Sargento,Antigua,Lácteos y quesos,Queso curado Cabo Sargento madurado tradicional de Antigua,"Calle de los Sargento, 4, 35630 Antigua, Fuerteventura","Productor local artesanal de queso curado cabo sargento madurado tradicional de antigua en Antigua, Islas Canarias. Fiel al compromiso de proximidad y comercio justo.",Lun-Sab 09:00–13:00,+34620334455,cabosargento@gmail.com,,https://www.facebook.com/cabosargento/,https://www.instagram.com/cabosargentoqueseria/,https://www.google.com/maps/search/?api=1&query=Queser%C3%ADa%20Cabo%20Sargento%2C%20Calle%20de%20los%20Sargento%2C%204%2C%2035630%20Antigua%2C%20Fuerteventura,28.4196000,-14.0204000,,pendiente,no comprobado
queseria-la-pastorita-pajara,Quesería La Pastorita,Pájara,Lácteos y quesos,Queso de cabra semicurado La Pastorita elaborado en Pájara,"Barranco de Pájara, s/n, 35628 Pájara, Fuerteventura","Productor local artesanal de queso de cabra semicurado la pastorita elaborado en pájara en Pájara, Islas Canarias. Fiel al compromiso de proximidad y comercio justo.",Lun-Vie 09:00–14:00,+34633112244,lapastoritafuerte@gmail.com,,https://www.facebook.com/lapastorita/,https://www.instagram.com/lapastoritafuerte/,https://www.google.com/maps/search/?api=1&query=Queser%C3%ADa%20La%20Pastorita%2C%20Barranco%20de%20P%C3%A1jara%2C%20s/n%2C%2035628%20P%C3%A1jara%2C%20Fuerteventura,28.3477000,-14.1822000,,pendiente,no comprobado
queseria-el-rio-puerto-del-rosario,Quesería El Rio,Puerto del Rosario,Lácteos y quesos,Quesos tiernos de leche de cabra de pasto local,"Lugar El Río de Puerto, s/n, 35613 Puerto del Rosario, Fuerteventura","Productor local artesanal de quesos tiernos de leche de cabra de pasto local en Puerto del Rosario, Islas Canarias. Fiel al compromiso de proximidad y comercio justo.",Lun-Sab 08:30–13:30,+34611909090,queseriaelrio@gmail.com,,https://www.facebook.com/queseriaelrio/,https://www.instagram.com/queseriaelriofuerte/,https://www.google.com/maps/search/?api=1&query=Queser%C3%ADa%20El%20Rio%2C%20Lugar%20El%20R%C3%ADo%20de%20Puerto%2C%20s/n%2C%2035613%20Puerto%20del%20Rosario%2C%20Fuerteventura,28.4938000,-13.8657000,,pendiente,no comprobado
queseria-el-faro-teguise,Quesería El Faro,Teguise,Lácteos y quesos,"Queso de cabra de Lanzarote tierno, curado y pimentón El Faro","Calle de los Volcanes, 5, Tahíche, 35507 Teguise, Lanzarote","Productor local artesanal de queso de cabra de lanzarote tierno, curado y pimentón el faro en Teguise, Islas Canarias. Fiel al compromiso de proximidad y comercio justo.",Lun-Vie 08:00–14:30,+34928805060,info@queseriaelfaro.com,https://queseriaelfaro.com,https://www.facebook.com/queseriaelfaro/,https://www.instagram.com/queserialanzaroteelfaro/,https://www.google.com/maps/search/?api=1&query=Queser%C3%ADa%20El%20Faro%2C%20Calle%20de%20los%20Volcanes%2C%205%2C%20Tah%C3%ADche%2C%2035507%20Teguise%2C%20Lanzarote,29.0524000,-13.5657000,/productores/canarias/las-palmas/queseria-el-faro-teguise.webp,pendiente,no comprobado
queseria-rubicon-yaiza,Quesería Rubicón,Yaiza,Lácteos y quesos,Queso tierno y semicurado Rubicón de leche de cabra de Yaiza,"Calle de Femés, 15, Femés, 35570 Yaiza, Lanzarote","Productor local artesanal de queso tierno y semicurado rubicón de leche de cabra de yaiza en Yaiza, Islas Canarias. Fiel al compromiso de proximidad y comercio justo.",Lun-Dom 09:00–18:00,+34928830011,queseriarubicon@gmail.com,,https://www.facebook.com/queseriarubicon/,,https://www.google.com/maps/search/?api=1&query=Queser%C3%ADa%20Rubic%C3%B3n%2C%20Calle%20de%20Fem%C3%A9s%2C%2015%2C%20Fem%C3%A9s%2C%2035570%20Yaiza%2C%20Lanzarote,28.9558000,-13.7702000,/productores/canarias/las-palmas/queseria-rubicon-yaiza.webp,pendiente,no comprobado
queseria-flor-de-luz-san-bartolome,Quesería Flor de Luz,San Bartolomé,Lácteos y quesos,Queso de cabra semicurado ecológico Flor de Luz,"Calle de la Florida, s/n, 35560 San Bartolomé, Lanzarote","Productor local artesanal de queso de cabra semicurado ecológico flor de luz en San Bartolomé, Islas Canarias. Fiel al compromiso de proximidad y comercio justo.",Lun-Sab 09:00–14:00,+34647112233,flordeluzlanzarote@gmail.com,,https://www.facebook.com/queseriaflordeluz/,,https://www.google.com/maps/search/?api=1&query=Queser%C3%ADa%20Flor%20de%20Luz%2C%20Calle%20de%20la%20Florida%2C%20s/n%2C%2035560%20San%20Bartolom%C3%A9%2C%20Lanzarote,29.0031000,-13.6203000,,pendiente,no comprobado
queseria-tinache-tinajo,Quesería Tinache,Tinajo,Lácteos y quesos,"Queso tierno, curado e impregnado de mojo rojo Tinache","Calle de Tinache, 3, 35560 Tinajo, Lanzarote","Productor local artesanal de queso tierno, curado e impregnado de mojo rojo tinache en Tinajo, Islas Canarias. Fiel al compromiso de proximidad y comercio justo.",Lun-Vie 08:30–14:00,+34928840102,quesostinache@gmail.com,,https://www.facebook.com/queseriatinache/,https://www.instagram.com/queseria_tinache/,https://www.google.com/maps/search/?api=1&query=Queser%C3%ADa%20Tinache%2C%20Calle%20de%20Tinache%2C%203%2C%2035560%20Tinajo%2C%20Lanzarote,29.0331000,-13.6814000,,pendiente,no comprobado
queseria-el-cortijo-teguise,Quesería El Cortijo,Teguise,Lácteos y quesos,Queso curado ahumado artesanal El Cortijo de Lanzarote,"Calle de la Vega, s/n, 35530 Teguise, Lanzarote","Productor local artesanal de queso curado ahumado artesanal el cortijo de lanzarote en Teguise, Islas Canarias. Fiel al compromiso de proximidad y comercio justo.",Lun-Sab 09:00–13:30,+34630908070,cortijolanzarotequesos@gmail.com,,https://www.facebook.com/queseriaelcortijo/,,https://www.google.com/maps/search/?api=1&query=Queser%C3%ADa%20El%20Cortijo%2C%20Calle%20de%20la%20Vega%2C%20s/n%2C%2035530%20Teguise%2C%20Lanzarote,29.0559000,-13.5657000,/productores/canarias/las-palmas/queseria-el-cortijo-teguise.webp,pendiente,no comprobado
embutidos-el-secuestro-teror,Embutidos El Secuestro,Teror,Charcutería,"Chorizo de Teror El Secuestro blando para untar, Morcilla dulce","Lugar El Secuestro, 45, 35450 Teror, Gran Canaria","Productor local artesanal de chorizo de teror el secuestro blando para untar, morcilla dulce en Teror, Islas Canarias. Fiel al compromiso de proximidad y comercio justo.",Lun-Vie 08:00–16:00,+34928630550,info@embutidoselsecuestro.com,,https://www.facebook.com/embutidoselsecuestro/,,https://www.google.com/maps/search/?api=1&query=Embutidos%20El%20Secuestro%2C%20Lugar%20El%20Secuestro%2C%2045%2C%2035450%20Teror%2C%20Gran%20Canaria,28.0513000,-15.5545000,,pendiente,no comprobado
carniceria-gonzalo-teror,Carnicería Gonzalo,Teror,Charcutería,"Chorizo de Teror artesano Gonzalo, Chicharrones crujientes","Paseo de la Iglesia, 2, 35430 Teror, Gran Canaria","Productor local artesanal de chorizo de teror artesano gonzalo, chicharrones crujientes en Teror, Islas Canarias. Fiel al compromiso de proximidad y comercio justo.",Lun-Sab 08:00–14:00,+34928630212,carniceriagonzaloteror@gmail.com,,https://www.facebook.com/carniceriagonzalo/,,https://www.google.com/maps/search/?api=1&query=Carnicer%C3%ADa%20Gonzalo%2C%20Paseo%20de%20la%20Iglesia%2C%202%2C%2035430%20Teror%2C%20Gran%20Canaria,28.0548000,-15.5545000,,pendiente,no comprobado
embutidos-canarios-los-nueces-moya,Embutidos Canarios Los Nueces,Moya,Charcutería,"Chorizo parrillero Los Nueces, Salchichas frescas tradicionales","Carretera Cabo Verde, km 2, 35420 Moya, Gran Canaria","Productor local artesanal de chorizo parrillero los nueces, salchichas frescas tradicionales en Moya, Islas Canarias. Fiel al compromiso de proximidad y comercio justo.",Lun-Vie 08:00–16:00,+34928611033,info@losnueces.com,https://losnueces.com,https://www.facebook.com/losnueces/,https://www.instagram.com/embutidoslosnueces/,https://www.google.com/maps/search/?api=1&query=Embutidos%20Canarios%20Los%20Nueces%2C%20Carretera%20Cabo%20Verde%2C%20km%202%2C%2035420%20Moya%2C%20Gran%20Canaria,28.1149000,-15.5917000,/productores/canarias/las-palmas/embutidos-canarios-los-nueces-moya.webp,pendiente,no comprobado
carnes-del-pais-gran-canaria-telde,Carnes del País Gran Canaria,Telde,Charcutería,"Carne de vacuno local madurada, Carne de cochino negro canario","Zona Industrial Maipez, Calle 3, Nave 12, 35200 Telde, Gran Canaria","Productor local artesanal de carne de vacuno local madurada, carne de cochino negro canario en Telde, Islas Canarias. Fiel al compromiso de proximidad y comercio justo.",Lun-Vie 07:00–15:00,+34928699090,comercial@carnesdelpaisgc.com,,https://www.facebook.com/carnesdelpaisgc/,https://www.instagram.com/carnesdelpais_gc/,https://www.google.com/maps/search/?api=1&query=Carnes%20del%20Pa%C3%ADs%20Gran%20Canaria%2C%20Zona%20Industrial%20Maipez%2C%20Calle%203%2C%20Nave%2012%2C%2035200%20Telde%2C%20Gran%20Canaria,27.9926000,-15.4248000,,pendiente,no comprobado
embutidos-los-canarios-teror,Embutidos Los Canarios,Teror,Charcutería,Chorizo de Teror semicurado y morcilla dulce Los Canarios,"Calle de los Canarios, 3, 35430 Teror, Gran Canaria","Productor local artesanal de chorizo de teror semicurado y morcilla dulce los canarios en Teror, Islas Canarias. Fiel al compromiso de proximidad y comercio justo.",Lun-Vie 08:00–14:00,+34928630880,loscanarios@embutidos.com,,https://www.facebook.com/loscanariosembutidos/,,https://www.google.com/maps/search/?api=1&query=Embutidos%20Los%20Canarios%2C%20Calle%20de%20los%20Canarios%2C%203%2C%2035430%20Teror%2C%20Gran%20Canaria,28.0583000,-15.5545000,,pendiente,no comprobado
jamones-gran-canaria-ingenio,Jamones Gran Canaria,Ingenio,Charcutería,Jamón curado artesano y paletas de cerdo alimentado con gofio,"Calle del Jamón, 5, 35250 Ingenio, Gran Canaria","Productor local artesanal de jamón curado artesano y paletas de cerdo alimentado con gofio en Ingenio, Islas Canarias. Fiel al compromiso de proximidad y comercio justo.",Lun-Vie 09:00–17:00,+34655443322,jamonesgc@gmail.com,,https://www.facebook.com/jamonesgc/,,https://www.google.com/maps/search/?api=1&query=Jamones%20Gran%20Canaria%2C%20Calle%20del%20Jam%C3%B3n%2C%205%2C%2035250%20Ingenio%2C%20Gran%20Canaria,27.9178000,-15.4489000,,pendiente,no comprobado
ganaderia-el-cortijo-galdar,Ganadería El Cortijo,Gáldar,Charcutería,Carne fresca de cabrito majorero y ternera lechal de Gran Canaria,"Finca El Cortijo, s/n, Caideros, 35468 Gáldar, Gran Canaria","Productor local artesanal de carne fresca de cabrito majorero y ternera lechal de gran canaria en Gáldar, Islas Canarias. Fiel al compromiso de proximidad y comercio justo.",Lun-Sab 09:00–14:00,+34644909091,ganaderiaelcortijo@gmail.com,,https://www.facebook.com/ganaderiaelcortijo/,,https://www.google.com/maps/search/?api=1&query=Ganader%C3%ADa%20El%20Cortijo%2C%20Finca%20El%20Cortijo%2C%20s/n%2C%20Caideros%2C%2035468%20G%C3%A1ldar%2C%20Gran%20Canaria,28.1436000,-15.6604000,,pendiente,no comprobado
carniceria-el-pino-teror,Carnicería El Pino,Teror,Charcutería,Carne mechada al estilo tradicional y morcilla canaria dulce,"Calle Real, 10, 35430 Teror, Gran Canaria","Productor local artesanal de carne mechada al estilo tradicional y morcilla canaria dulce en Teror, Islas Canarias. Fiel al compromiso de proximidad y comercio justo.",Lun-Sab 08:30–14:00,+34928631122,carniceriaelpino@gmail.com,,https://www.facebook.com/carniceriaelpino/,https://www.instagram.com/carniceriaelpinoteror/,https://www.google.com/maps/search/?api=1&query=Carnicer%C3%ADa%20El%20Pino%2C%20Calle%20Real%2C%2010%2C%2035430%20Teror%2C%20Gran%20Canaria,28.0618000,-15.5545000,/productores/canarias/las-palmas/carniceria-el-pino-teror.webp,pendiente,no comprobado
embutidos-terorero-teror,Embutidos Terorero,Teror,Charcutería,Chorizo de Teror Terorero en tarro y morcilla artesana,"Barranco de Teror, s/n, 35430 Teror, Gran Canaria","Productor local artesanal de chorizo de teror terorero en tarro y morcilla artesana en Teror, Islas Canarias. Fiel al compromiso de proximidad y comercio justo.",Lun-Vie 08:00–15:00,+34610332211,teroreroembutidos@gmail.com,https://terorero.com,https://www.facebook.com/terorero/,,https://www.google.com/maps/search/?api=1&query=Embutidos%20Terorero%2C%20Barranco%20de%20Teror%2C%20s/n%2C%2035430%20Teror%2C%20Gran%20Canaria,28.0653000,-15.5545000,/productores/canarias/las-palmas/embutidos-terorero-teror.webp,pendiente,no comprobado
ganaderia-caprina-majorera-puerto-del-rosario,Ganadería Caprina Majorera,Puerto del Rosario,Charcutería,Cabrito fresco de Fuerteventura listo para asar,"Calle de los Ganaderos, s/n, Tetir, 35613 Puerto del Rosario, Fuerteventura","Productor local artesanal de cabrito fresco de fuerteventura listo para asar en Puerto del Rosario, Islas Canarias. Fiel al compromiso de proximidad y comercio justo.",Lun-Vie 08:00–13:00,+34928859330,cabritomajorero@gmail.com,,https://www.facebook.com/cabrito/,https://www.instagram.com/cabritomajorero/,https://www.google.com/maps/search/?api=1&query=Ganader%C3%ADa%20Caprina%20Majorera%2C%20Calle%20de%20los%20Ganaderos%2C%20s/n%2C%20Tetir%2C%2035613%20Puerto%20del%20Rosario%2C%20Fuerteventura,28.4973000,-13.8657000,,pendiente,no comprobado
carnes-de-cabra-fuerte-tuineje,Carnes de Cabra Fuerte,Tuineje,Charcutería,Carne de cabra vieja adobada e higaditos de cabrito,"Calle de la Matanza, 8, Gran Tarajal, 35620 Tuineje, Fuerteventura","Productor local artesanal de carne de cabra vieja adobada e higaditos de cabrito en Tuineje, Islas Canarias. Fiel al compromiso de proximidad y comercio justo.",Lun-Sab 09:00–14:00,+34696223344,cabrafuertecarnes@gmail.com,,https://www.facebook.com/cabrafuerte/,,https://www.google.com/maps/search/?api=1&query=Carnes%20de%20Cabra%20Fuerte%2C%20Calle%20de%20la%20Matanza%2C%208%2C%20Gran%20Tarajal%2C%2035620%20Tuineje%2C%20Fuerteventura,28.3176000,-14.0449000,,pendiente,no comprobado
embutidos-maxorata-antigua,Embutidos Maxorata,Antigua,Charcutería,Salchichas frescas de cabra y embutidos ahumados,"Calle del Matadero, 3, 35630 Antigua, Fuerteventura","Productor local artesanal de salchichas frescas de cabra y embutidos ahumados en Antigua, Islas Canarias. Fiel al compromiso de proximidad y comercio justo.",Lun-Vie 08:30–14:30,+34630445566,embutidosmaxorata@gmail.com,,https://www.facebook.com/embutidosmaxorata/,,https://www.google.com/maps/search/?api=1&query=Embutidos%20Maxorata%2C%20Calle%20del%20Matadero%2C%203%2C%2035630%20Antigua%2C%20Fuerteventura,28.4231000,-14.0204000,,pendiente,no comprobado
carnes-del-pais-lanzarote-san-bartolome,Carnes del País Lanzarote,San Bartolomé,Charcutería,Carne de cabrito conejero y cochino del país,"Carretera San Bartolomé-Masdache, km 2, 35560 San Bartolomé, Lanzarote","Productor local artesanal de carne de cabrito conejero y cochino del país en San Bartolomé, Islas Canarias. Fiel al compromiso de proximidad y comercio justo.",Lun-Sab 08:00–15:00,+34928524041,carneslanzarote@gmail.com,,https://www.facebook.com/carneslanzarote/,https://www.instagram.com/carneslanzarote/,https://www.google.com/maps/search/?api=1&query=Carnes%20del%20Pa%C3%ADs%20Lanzarote%2C%20Carretera%20San%20Bartolom%C3%A9-Masdache%2C%20km%202%2C%2035560%20San%20Bartolom%C3%A9%2C%20Lanzarote,29.0066000,-13.6203000,,pendiente,no comprobado
dulceria-nublo-tejeda,Dulcería Nublo,Tejeda,Pan y pastelería,"Bienmesabe de almendra de Tejeda, Palmeras de chocolate gigantes","Calle de Tomás Arroyo Cardoso, 11, 35005 Tejeda, Gran Canaria","Productor local artesanal de bienmesabe de almendra de tejeda, palmeras de chocolate gigantes en Tejeda, Islas Canarias. Fiel al compromiso de proximidad y comercio justo.",Lun-Dom 09:00–20:00,+34928666070,info@dulcerianublo.com,,https://www.facebook.com/dulcerianublo/,,https://www.google.com/maps/search/?api=1&query=Dulcer%C3%ADa%20Nublo%2C%20Calle%20de%20Tom%C3%A1s%20Arroyo%20Cardoso%2C%2011%2C%2035005%20Tejeda%2C%20Gran%20Canaria,27.9911000,-15.6222000,/productores/canarias/las-palmas/dulceria-nublo-tejeda.webp,pendiente,no comprobado
pasteleria-dulces-de-guia-santa-maria-de-guia,Pastelería Dulces de Guía,Santa María de Guía,Pan y pastelería,"Pastel de Guía relleno de cabello de ángel, Bollos de manteca","Calle de Médicos del Mundo, 5, 35450 Santa María de Guía, Gran Canaria","Productor local artesanal de pastel de guía relleno de cabello de ángel, bollos de manteca en Santa María de Guía, Islas Canarias. Fiel al compromiso de proximidad y comercio justo.",Lun-Sab 08:00–20:00,+34928882323,dulcesdeguia@gmail.com,,https://www.facebook.com/dulcesdeguia/,https://www.instagram.com/dulcesdeguia/,https://www.google.com/maps/search/?api=1&query=Pasteler%C3%ADa%20Dulces%20de%20Gu%C3%ADa%2C%20Calle%20de%20M%C3%A9dicos%20del%20Mundo%2C%205%2C%2035450%20Santa%20Mar%C3%ADa%20de%20Gu%C3%ADa%2C%20Gran%20Canaria,28.1386000,-15.6392000,/productores/canarias/las-palmas/pasteleria-dulces-de-guia-santa-maria-de-guia.webp,pendiente,no comprobado
panaderia-artesanal-de-ingenio-ingenio,Panadería Artesanal de Ingenio,Ingenio,Pan y pastelería,Pan de puño tradicional canario cocido en horno de leña,"Calle de la Rueda, 8, 35250 Ingenio, Gran Canaria","Productor local artesanal de pan de puño tradicional canario cocido en horno de leña en Ingenio, Islas Canarias. Fiel al compromiso de proximidad y comercio justo.",Lun-Sab 06:00–14:00,+34928781234,pandepunocanario@gmail.com,,https://www.facebook.com/pandepunoingenio/,https://www.instagram.com/pandepunoingenio/,https://www.google.com/maps/search/?api=1&query=Panader%C3%ADa%20Artesanal%20de%20Ingenio%2C%20Calle%20de%20la%20Rueda%2C%208%2C%2035250%20Ingenio%2C%20Gran%20Canaria,27.9213000,-15.4489000,,pendiente,no comprobado
dulceria-la-colmena-las-palmas-de-gran-canaria,Dulcería La Colmena,Las Palmas de Gran Canaria,Pan y pastelería,"Merengues artesanos de La Colmena, Suspiros de Moya de azúcar lustre","Calle de Viera y Clavijo, 35, 35002 Las Palmas de Gran Canaria, Gran Canaria","Productor local artesanal de merengues artesanos de la colmena, suspiros de moya de azúcar lustre en Las Palmas de Gran Canaria, Islas Canarias. Fiel al compromiso de proximidad y comercio justo.",Lun-Vie 09:00–20:00; Sab 09:00–14:00,+34928362627,info@dulcerialacolmena.com,,https://www.facebook.com/dulcerialacolmena/,,https://www.google.com/maps/search/?api=1&query=Dulcer%C3%ADa%20La%20Colmena%2C%20Calle%20de%20Viera%20y%20Clavijo%2C%2035%2C%2035002%20Las%20Palmas%20de%20Gran%20Canaria%2C%20Gran%20Canaria,28.1200000,-15.4433000,/productores/canarias/las-palmas/dulceria-la-colmena-las-palmas-de-gran-canaria.webp,pendiente,no comprobado
panaderia-dulceria-de-san-mateo-vega-de-san-mateo,Panadería Dulcería de San Mateo,Vega de San Mateo,Pan y pastelería,"Pan de millo mallorquín canario, Mantecados tradicionales","Calle Principal, 40, 35320 Vega de San Mateo, Gran Canaria","Productor local artesanal de pan de millo mallorquín canario, mantecados tradicionales en Vega de San Mateo, Islas Canarias. Fiel al compromiso de proximidad y comercio justo.",Lun-Dom 07:00–21:00,+34928660102,panaderiasanmateo@gmail.com,,https://www.facebook.com/panaderiasanmateo/,https://www.instagram.com/panaderiasanmateo/,https://www.google.com/maps/search/?api=1&query=Panader%C3%ADa%20Dulcer%C3%ADa%20de%20San%20Mateo%2C%20Calle%20Principal%2C%2040%2C%2035320%20Vega%20de%20San%20Mateo%2C%20Gran%20Canaria,28.0105000,-15.5387000,/productores/canarias/las-palmas/panaderia-dulceria-de-san-mateo-vega-de-san-mateo.webp,pendiente,no comprobado
bizcochos-de-moya-moya,Bizcochos de Moya,Moya,Pan y pastelería,"Bizcochos lustrados tradicionales de Moya, Suspiros de Moya","Calle de los Bizcochos, 2, 35420 Moya, Gran Canaria","Productor local artesanal de bizcochos lustrados tradicionales de moya, suspiros de moya en Moya, Islas Canarias. Fiel al compromiso de proximidad y comercio justo.",Lun-Vie 09:00–18:00,+34928611212,info@bizcochosdemoya.com,,https://www.facebook.com/bizcochosdemoya/,,https://www.google.com/maps/search/?api=1&query=Bizcochos%20de%20Moya%2C%20Calle%20de%20los%20Bizcochos%2C%202%2C%2035420%20Moya%2C%20Gran%20Canaria,28.1184000,-15.5917000,/productores/canarias/las-palmas/bizcochos-de-moya-moya.webp,pendiente,no comprobado
panaderia-amaro-teror,Panadería Amaro,Teror,Pan y pastelería,Pan de huevo y bollos dulces de Teror,"Calle Real de la Plaza, 15, 35430 Teror, Gran Canaria","Productor local artesanal de pan de huevo y bollos dulces de teror en Teror, Islas Canarias. Fiel al compromiso de proximidad y comercio justo.",Lun-Dom 06:00–14:30,+34928630123,panaderiaamaro@gmail.com,,https://www.facebook.com/panaderiaamaro/,,https://www.google.com/maps/search/?api=1&query=Panader%C3%ADa%20Amaro%2C%20Calle%20Real%20de%20la%20Plaza%2C%2015%2C%2035430%20Teror%2C%20Gran%20Canaria,28.0513000,-15.5510000,,pendiente,no comprobado
pasteleria-vienna-las-palmas-de-gran-canaria,Pastelería Vienna,Las Palmas de Gran Canaria,Pan y pastelería,Tartas personalizadas y pastelería fina de autor,"Calle de León y Castillo, 210, 35004 Las Palmas de Gran Canaria, Gran Canaria","Productor local artesanal de tartas personalizadas y pastelería fina de autor en Las Palmas de Gran Canaria, Islas Canarias. Fiel al compromiso de proximidad y comercio justo.",Lun-Vie 08:30–20:30; Sab 09:00–14:00,+34928243546,info@pasteleriavienna.es,,https://www.facebook.com/pasteleriavienna/,,https://www.google.com/maps/search/?api=1&query=Pasteler%C3%ADa%20Vienna%2C%20Calle%20de%20Le%C3%B3n%20y%20Castillo%2C%20210%2C%2035004%20Las%20Palmas%20de%20Gran%20Canaria%2C%20Gran%20Canaria,28.1235000,-15.4433000,/productores/canarias/las-palmas/pasteleria-vienna-las-palmas-de-gran-canaria.webp,pendiente,no comprobado
panaderia-pasteleria-levain-teguise,Panadería Pastelería Levain,Teguise,Pan y pastelería,"Pan de masa madre de larga fermentación, Cruasanes de mantequilla","Calle de los Coroneles, 4, Tahíche, 35507 Teguise, Lanzarote","Productor local artesanal de pan de masa madre de larga fermentación, cruasanes de mantequilla en Teguise, Islas Canarias. Fiel al compromiso de proximidad y comercio justo.",Mar-Sáb 08:00–15:00,+34630204050,info@levainlanzarote.com,,https://www.facebook.com/levainlanzarote/,https://www.instagram.com/levainlanzarote/,https://www.google.com/maps/search/?api=1&query=Panader%C3%ADa%20Pasteler%C3%ADa%20Levain%2C%20Calle%20de%20los%20Coroneles%2C%204%2C%20Tah%C3%ADche%2C%2035507%20Teguise%2C%20Lanzarote,29.0594000,-13.5657000,,pendiente,no comprobado
panaderia-pasteleria-san-antonio-tias,Panadería Pastelería San Antonio,Tías,Pan y pastelería,"Pan de centeno artesanal con cereales, Rosquetes de anís conejeros","Calle San Antonio, 80, 35572 Tías, Lanzarote","Productor local artesanal de pan de centeno artesanal con cereales, rosquetes de anís conejeros en Tías, Islas Canarias. Fiel al compromiso de proximidad y comercio justo.",Lun-Sab 07:00–14:00,+34928524420,sanantoniopan@gmail.com,,https://www.facebook.com/sanantoniopanaderia/,https://www.instagram.com/panaderiasanantonio_lanzarote/,https://www.google.com/maps/search/?api=1&query=Panader%C3%ADa%20Pasteler%C3%ADa%20San%20Antonio%2C%20Calle%20San%20Antonio%2C%2080%2C%2035572%20T%C3%ADas%2C%20Lanzarote,28.9561000,-13.6566000,/productores/canarias/las-palmas/panaderia-pasteleria-san-antonio-tias.webp,pendiente,no comprobado
dulceria-haria-haria,Dulcería Haría,Haría,Pan y pastelería,"Rosquetes de almendra tradicionales de Haría, Bizcochón de limón","Plaza de la Constitución, 1, 35520 Haría, Lanzarote","Productor local artesanal de rosquetes de almendra tradicionales de haría, bizcochón de limón en Haría, Islas Canarias. Fiel al compromiso de proximidad y comercio justo.",Lun-Sab 09:00–14:00 y 16:30–20:00,+34928835012,dulceriaharia@gmail.com,,https://www.facebook.com/dulceriaharia/,https://www.instagram.com/dulceria_haria/,https://www.google.com/maps/search/?api=1&query=Dulcer%C3%ADa%20Har%C3%ADa%2C%20Plaza%20de%20la%20Constituci%C3%B3n%2C%201%2C%2035520%20Har%C3%ADa%2C%20Lanzarote,29.1388000,-13.5057000,,pendiente,no comprobado
panaderia-el-sabor-arrecife,Panadería El Sabor,Arrecife,Pan y pastelería,"Pan gallego de costra crujiente, Bizcochos secos de canela","Calle de Fajardo, 15, 35500 Arrecife, Lanzarote","Productor local artesanal de pan gallego de costra crujiente, bizcochos secos de canela en Arrecife, Islas Canarias. Fiel al compromiso de proximidad y comercio justo.",Lun-Sab 07:00–14:00,+34928812233,elsaborarrecife@gmail.com,,https://www.facebook.com/elsaborarrecife/,,https://www.google.com/maps/search/?api=1&query=Panader%C3%ADa%20El%20Sabor%2C%20Calle%20de%20Fajardo%2C%2015%2C%2035500%20Arrecife%2C%20Lanzarote,28.9552000,-13.5584000,,pendiente,no comprobado
dulceria-la-panateca-puerto-del-rosario,Dulcería La Panateca,Puerto del Rosario,Pan y pastelería,"Pan de gofio y pasas, Pasteles de crema de cabra artesanos","Calle León y Castillo, 54, 35600 Puerto del Rosario, Fuerteventura","Productor local artesanal de pan de gofio y pasas, pasteles de crema de cabra artesanos en Puerto del Rosario, Islas Canarias. Fiel al compromiso de proximidad y comercio justo.",Lun-Sab 07:30–20:30,+34928852211,info@lapanateca.com,,https://www.facebook.com/lapanateca/,https://www.instagram.com/lapanateca/,https://www.google.com/maps/search/?api=1&query=Dulcer%C3%ADa%20La%20Panateca%2C%20Calle%20Le%C3%B3n%20y%20Castillo%2C%2054%2C%2035600%20Puerto%20del%20Rosario%2C%20Fuerteventura,28.5008000,-13.8657000,,pendiente,no comprobado
panaderia-el-cardon-pajara,Panadería El Cardón,Pájara,Pan y pastelería,Pan tradicional de horno de piedra de El Cardón,"Calle Real del Cardón, s/n, El Cardón, 35627 Pájara, Fuerteventura","Productor local artesanal de pan tradicional de horno de piedra de el cardón en Pájara, Islas Canarias. Fiel al compromiso de proximidad y comercio justo.",Lun-Sab 06:00–13:00,+34659112233,elcardonpan@gmail.com,,https://www.facebook.com/panaderiaelcardon/,,https://www.google.com/maps/search/?api=1&query=Panader%C3%ADa%20El%20Card%C3%B3n%2C%20Calle%20Real%20del%20Card%C3%B3n%2C%20s/n%2C%20El%20Card%C3%B3n%2C%2035627%20P%C3%A1jara%2C%20Fuerteventura,28.3512000,-14.1822000,,pendiente,no comprobado
dulceria-betancuria-betancuria,Dulcería Betancuria,Betancuria,Pan y pastelería,"Mantecados de almendra majoreros, Rosquetes fritos canarios","Calle Mayor, 10, 35637 Betancuria, Fuerteventura","Productor local artesanal de mantecados de almendra majoreros, rosquetes fritos canarios en Betancuria, Islas Canarias. Fiel al compromiso de proximidad y comercio justo.",Lun-Dom 10:00–17:00,+34928878122,dulceriabetancuria@gmail.com,,https://www.facebook.com/dulceriabetancuria/,,https://www.google.com/maps/search/?api=1&query=Dulcer%C3%ADa%20Betancuria%2C%20Calle%20Mayor%2C%2010%2C%2035637%20Betancuria%2C%20Fuerteventura,28.4209000,-14.0642000,,pendiente,no comprobado
cafe-de-agaete-finca-la-laja-agaete,Café de Agaete - Finca La Laja,Agaete,Otros,Café de Agaete gourmet 100% Arábica de cultivo propio bajo naranjos,"Carretera de los Berrazales, s/n, Valle de Agaete, 35489 Agaete, Gran Canaria","Productor local artesanal de café de agaete gourmet 100% arábica de cultivo propio bajo naranjos en Agaete, Islas Canarias. Fiel al compromiso de proximidad y comercio justo.",Lun-Dom 10:00–17:00,+34928898010,info@bodegazul.com,,https://www.facebook.com/fincalalaja/,https://www.instagram.com/fincamalvasia_cafe/,https://www.google.com/maps/search/?api=1&query=Caf%C3%A9%20de%20Agaete%20-%20Finca%20La%20Laja%2C%20Carretera%20de%20los%20Berrazales%2C%20s/n%2C%20Valle%20de%20Agaete%2C%2035489%20Agaete%2C%20Gran%20Canaria,28.0987000,-15.7059000,,pendiente,no comprobado
ron-arehucas-arucas,Ron Arehucas,Arucas,Otros,"Ron Oro Arehucas Carta de Oro, Ron Miel Guanche Arehucas","Calle de Era de San Pedro, 2, 35400 Arucas, Gran Canaria","Productor local artesanal de ron oro arehucas carta de oro, ron miel guanche arehucas en Arucas, Islas Canarias. Fiel al compromiso de proximidad y comercio justo.",Lun-Vie 09:00–14:00,+34928624900,arehucas@arehucas.es,https://arehucas.es,https://www.facebook.com/ronarehucas/,https://www.instagram.com/arehucasron/,https://www.google.com/maps/search/?api=1&query=Ron%20Arehucas%2C%20Calle%20de%20Era%20de%20San%20Pedro%2C%202%2C%2035400%20Arucas%2C%20Gran%20Canaria,28.1116000,-15.5292000,/productores/canarias/las-palmas/ron-arehucas-arucas.webp,pendiente,no comprobado
salinas-de-tenefe-santa-lucia-de-tirajana,Salinas de Tenefé,Santa Lucía de Tirajana,Otros,Flor de Sal de Tenefé recolectada a mano en salinas tradicionales,"Lugar la Punta de Tenefé, 35119 Santa Lucía de Tirajana, Gran Canaria","Productor local artesanal de flor de sal de tenefé recolectada a mano en salinas tradicionales en Santa Lucía de Tirajana, Islas Canarias. Fiel al compromiso de proximidad y comercio justo.",Lun-Vie 09:00–16:00; Sab 10:00–14:00,+34630070304,info@brcinfraestructuras.com,https://www.salinasdetenefe.com/,https://www.facebook.com/salinasdetenefe/,,https://www.google.com/maps/search/?api=1&query=Salinas%20de%20Tenef%C3%A9%2C%20Lugar%20la%20Punta%20de%20Tenef%C3%A9%2C%2035119%20Santa%20Luc%C3%ADa%20de%20Tirajana%2C%20Gran%20Canaria,27.8148637,-15.4212722,/productores/canarias/las-palmas/salinas-de-tenefe-santa-lucia-de-tirajana.webp,pendiente,no comprobado
miel-de-guayadeque-aguimes,Miel de Guayadeque,Agüimes,Otros,Miel multifloral de Guayadeque de abeja negra canaria,"Barranco de Guayadeque, s/n, 35260 Agüimes, Gran Canaria","Productor local artesanal de miel multifloral de guayadeque de abeja negra canaria en Agüimes, Islas Canarias. Fiel al compromiso de proximidad y comercio justo.",Visitas previa cita,+34611223344,mielguayadeque@gmail.com,,https://www.facebook.com/mielguayadeque/,,https://www.google.com/maps/search/?api=1&query=Miel%20de%20Guayadeque%2C%20Barranco%20de%20Guayadeque%2C%20s/n%2C%2035260%20Ag%C3%BCimes%2C%20Gran%20Canaria,27.9048000,-15.4522000,,pendiente,no comprobado
miel-de-tejeda-tejeda,Mieles Tejeda,Tejeda,Otros,Miel de cumbre de Tejeda de retama y almendro,"Tejeda, Gran Canaria","Productor local artesanal de miel de cumbre de tejeda de retama y almendro en Tejeda, Islas Canarias. Fiel al compromiso de proximidad y comercio justo.",Lun-Sab 09:00–14:00,+34677799004,info@mielestejeda.com,https://mielestejeda.com/,,,https://www.google.com/maps/search/?api=1&query=Mieles%20Tejeda%2C%20Tejeda%2C%20Gran%20Canaria,27.9946000,-15.6222000,/productores/canarias/las-palmas/miel-de-tejeda-tejeda.webp,pendiente,no comprobado
cerveza-artesana-jaira-aguimes,Cerveza Artesana Jaira,Agüimes,Otros,"Cerveza artesana Jaira IPA, Jaira Kölsch con miel de caña","C/ del Yunque, 32, P3 Norte, Polígono Industrial de Arinaga, 35118 Agüimes, Las Palmas","Productor local artesanal de cerveza artesana jaira ipa, jaira kölsch con miel de caña en Agüimes, Islas Canarias. Fiel al compromiso de proximidad y comercio justo.",Lun-Vie 09:00–17:00,+34678398724,info@jaira.beer,https://canarias.jaira.beer/,https://www.facebook.com/cervezajaira/,https://www.instagram.com/cervezajaira/,https://www.google.com/maps/search/?api=1&query=Jaira%20Beer%2C%20Calle%20del%20Yunque%2032%2C%20Pol%C3%ADgono%20Industrial%20de%20Arinaga%2C%2035118%20Ag%C3%BCimes%2C%20Las%20Palmas,27.8762870,-15.4206966,/productores/canarias/las-palmas/cerveza-artesana-jaira-aguimes.webp,pendiente,no comprobado
cerveza-artesana-galotia-las-palmas-de-gran-canaria,Cerveza Artesana Galotia,Las Palmas de Gran Canaria,Otros,"Cerveza Galotia American Pale Ale, Galotia Porter de fermentación local","Calle Industrial, 14, El Sebadal, 35008 Las Palmas de Gran Canaria, Gran Canaria","Productor local artesanal de cerveza galotia american pale ale, galotia porter de fermentación local en Las Palmas de Gran Canaria, Islas Canarias. Fiel al compromiso de proximidad y comercio justo.",Lun-Vie 08:30–16:30,+34633223344,info@galotiabeer.com,,https://www.facebook.com/galotiabeer/,https://www.instagram.com/galotiabrewing/,https://www.google.com/maps/search/?api=1&query=Cerveza%20Artesana%20Galotia%2C%20Calle%20Industrial%2C%2014%2C%20El%20Sebadal%2C%2035008%20Las%20Palmas%20de%20Gran%20Canaria%2C%20Gran%20Canaria,28.1270000,-15.4433000,,pendiente,no comprobado
sidra-gran-canaria-niebla-valleseco,Sidra Gran Canaria - Niebla,Valleseco,Otros,Sidra natural de manzana reineta de Valleseco Niebla,"Calle del Mercado Ecológico, 2, 35430 Valleseco, Gran Canaria","Productor local artesanal de sidra natural de manzana reineta de valleseco niebla en Valleseco, Islas Canarias. Fiel al compromiso de proximidad y comercio justo.",Sab-Dom 10:00–15:00,+34928618022,sidraniebla@gmail.com,,https://www.facebook.com/sidraniebla/,https://www.instagram.com/sidraniebla/,https://www.google.com/maps/search/?api=1&query=Sidra%20Gran%20Canaria%20-%20Niebla%2C%20Calle%20del%20Mercado%20Ecol%C3%B3gico%2C%202%2C%2035430%20Valleseco%2C%20Gran%20Canaria,28.0435000,-15.5828000,,pendiente,no comprobado
aloe-vera-las-palmas-moya,Aloe Vera Las Palmas,Moya,Otros,Gel puro de aloe vera ecológico de Moya de prensa directa,"Camí Real, 40, 35420 Moya, Gran Canaria","Productor local artesanal de gel puro de aloe vera ecológico de moya de prensa directa en Moya, Islas Canarias. Fiel al compromiso de proximidad y comercio justo.",Lun-Vie 09:00–14:00,+34611445566,aloeveramoya@gmail.com,,https://www.facebook.com/aloemoya/,https://www.instagram.com/aloeveramoya/,https://www.google.com/maps/search/?api=1&query=Aloe%20Vera%20Las%20Palmas%2C%20Cam%C3%AD%20Real%2C%2040%2C%2035420%20Moya%2C%20Gran%20Canaria,28.1044000,-15.5882000,,pendiente,no comprobado
salinas-de-janubio-yaiza,Salinas de Janubio,Yaiza,Otros,"Flor de sal marina de Janubio, Sal marina tradicional gruesa","Carretera de Janubio, s/n, 35570 Yaiza, Lanzarote","Productor local artesanal de flor de sal marina de janubio, sal marina tradicional gruesa en Yaiza, Islas Canarias. Fiel al compromiso de proximidad y comercio justo.",Lun-Vie 09:00–15:00,+34928173115,info@salinasdejanubio.com,https://www.salinasdejanubio.com,https://www.facebook.com/salinasdejanubio/,,https://www.google.com/maps/search/?api=1&query=Salinas%20de%20Janubio%2C%20Carretera%20de%20Janubio%2C%20s/n%2C%2035570%20Yaiza%2C%20Lanzarote,28.9593000,-13.7702000,/productores/canarias/las-palmas/salinas-de-janubio-yaiza.webp,pendiente,no comprobado
aloe-plus-lanzarote-haria,Aloe Plus Lanzarote,Haría,Otros,"Cosméticos ecológicos Aloe Plus Lanzarote, Zumo de Aloe Vera puro","Calle del Aloe, 2, Arrieta, 35542 Haría, Lanzarote","Productor local artesanal de cosméticos ecológicos aloe plus lanzarote, zumo de aloe vera puro en Haría, Islas Canarias. Fiel al compromiso de proximidad y comercio justo.",Lun-Dom 09:00–18:00,+34928848150,info@aloepluslanzarote.com,https://www.aloepluslanzarote.com,https://www.facebook.com/aloepluslanzarote/,https://www.instagram.com/aloepluslanzarote/,https://www.google.com/maps/search/?api=1&query=Aloe%20Plus%20Lanzarote%2C%20Calle%20del%20Aloe%2C%202%2C%20Arrieta%2C%2035542%20Har%C3%ADa%2C%20Lanzarote,29.1423000,-13.5057000,/productores/canarias/las-palmas/aloe-plus-lanzarote-haria.webp,pendiente,no comprobado
miel-de-lanzarote-haria,Miel de Lanzarote,Haría,Otros,Miel artesanal multifloral conejera del Valle de las Mil Palmeras,"Calle El Palmar, 15, 35520 Haría, Lanzarote","Productor local artesanal de miel artesanal multifloral conejera del valle de las mil palmeras en Haría, Islas Canarias. Fiel al compromiso de proximidad y comercio justo.",Sábados 09:00–14:00,+34630112244,mielslanzarote@gmail.com,,https://www.facebook.com/mielesdelanzarote/,,https://www.google.com/maps/search/?api=1&query=Miel%20de%20Lanzarote%2C%20Calle%20El%20Palmar%2C%2015%2C%2035520%20Har%C3%ADa%2C%20Lanzarote,29.1458000,-13.5057000,,pendiente,no comprobado
cerveza-artesana-nao-arrecife,Cerveza Artesana Nao,Arrecife,Otros,"Cerveza Nao Capitán American Pale Ale, Cerveza Nao Gloria","Calle de Juana de Arco, 24, 35500 Arrecife, Lanzarote","Productor local artesanal de cerveza nao capitán american pale ale, cerveza nao gloria en Arrecife, Islas Canarias. Fiel al compromiso de proximidad y comercio justo.",Lun-Vie 10:00–18:00,+34928803450,info@cervezasnao.com,,https://www.facebook.com/cervezasnao/,https://www.instagram.com/cervezasnao/,https://www.google.com/maps/search/?api=1&query=Cerveza%20Artesana%20Nao%2C%20Calle%20de%20Juana%20de%20Arco%2C%2024%2C%2035500%20Arrecife%2C%20Lanzarote,28.9587000,-13.5584000,,pendiente,no comprobado
aloe-vera-de-fuerteventura-vidaloe-antigua,Aloe Vera de Fuerteventura - Vidaloe,Antigua,Otros,Crema regeneradora de aloe vera y aceites esenciales Vidaloe,"Calle del Aloe, 5, Agua de Bueyes, 35638 Antigua, Fuerteventura","Productor local artesanal de crema regeneradora de aloe vera y aceites esenciales vidaloe en Antigua, Islas Canarias. Fiel al compromiso de proximidad y comercio justo.",Lun-Vie 10:00–17:00,+34928859990,info@vidaloe.net,https://vidaloe.net,https://www.facebook.com/vidaloe/,https://www.instagram.com/vidaloe_fuerteventura/,https://www.google.com/maps/search/?api=1&query=Aloe%20Vera%20de%20Fuerteventura%20-%20Vidaloe%2C%20Calle%20del%20Aloe%2C%205%2C%20Agua%20de%20Bueyes%2C%2035638%20Antigua%2C%20Fuerteventura,28.4266000,-14.0204000,/productores/canarias/las-palmas/aloe-vera-de-fuerteventura-vidaloe-antigua.webp,pendiente,no comprobado
sal-de-fuerteventura-salinas-del-carmen-antigua,Sal de Fuerteventura - Salinas del Carmen,Antigua,Otros,"Flor de Sal Marina Salinas del Carmen, Sal de espuma marina","Salinas del Carmen, 35610 Antigua, Fuerteventura","Productor local artesanal de flor de sal marina salinas del carmen, sal de espuma marina en Antigua, Islas Canarias. Fiel al compromiso de proximidad y comercio justo.",Lun-Dom 10:00–18:00,+34928174926,salinasdelcarmen@museosfuerteventura.org,https://museosalinasdelcarmen.es/,https://www.facebook.com/salinasdelcarmen/,https://www.instagram.com/salinasdelcarmen/,https://www.google.com/maps/search/?api=1&query=Salinas%20del%20Carmen%2C%2035610%20Antigua%2C%20Fuerteventura,28.3646246,-13.8729959,/productores/canarias/las-palmas/sal-de-fuerteventura-salinas-del-carmen-antigua.webp,pendiente,no comprobado
miel-de-fuerteventura-tuineje,Miel de Fuerteventura,Tuineje,Otros,Miel de Fuerteventura de floración de desierto,"Calle de las Colmenas, 2, 35628 Tuineje, Fuerteventura","Productor local artesanal de miel de fuerteventura de floración de desierto en Tuineje, Islas Canarias. Fiel al compromiso de proximidad y comercio justo.",Lun-Vie 09:00–14:00,+34633889900,mielmajorera@gmail.com,,https://www.facebook.com/mielmajorera/,,https://www.google.com/maps/search/?api=1&query=Miel%20de%20Fuerteventura%2C%20Calle%20de%20las%20Colmenas%2C%202%2C%2035628%20Tuineje%2C%20Fuerteventura,28.3211000,-14.0449000,,pendiente,no comprobado
finca-de-uga-yaiza,Finca de Uga,Yaiza,Lácteos y quesos,"Don Nicolás, Pañuelo de Uga, Alegranza, Bodega de oveja","Ctra. Arrecife-Yaiza km 21, 35570 Uga, Yaiza, Lanzarote","Finca y quesería de Lanzarote que elabora yogures y una amplia gama de quesos de cabra, oveja y vaca con leche propia.",Consultar web o venta directa,+34928836841,info@fincadeuga.com,https://fincadeuga.com/,https://www.facebook.com/FINCADEUGA/,https://www.instagram.com/finca_de_uga/,https://www.google.com/maps/search/?api=1&query=Finca%20de%20Uga%2C%20Ctra.%20Arrecife-Yaiza%20km%2021%2C%20Uga%2C%20Yaiza%2C%20Lanzarote,28.9501600,-13.7441380,/productores/canarias/las-palmas/finca-de-uga-yaiza.webp,pendiente,no comprobado
quesos-bolanos-las-palmas-de-gran-canaria,Quesos Bolaños,Las Palmas de Gran Canaria,Lácteos y quesos,"Queso de flor, queso media flor, quesos artesanales canarios","C. Marianao, 15, 35016 Las Palmas de Gran Canaria","Empresa familiar canaria dedicada a la maduración y distribución de quesos artesanales de Gran Canaria, con tradición de varias generaciones.",Lun-Vie 08:00-14:00 y 17:00-20:00; Sab 09:00-13:00,+34928331800,info@quesosmhb.es,https://www.quesoscanariosartesanalesbolanos.es/,https://www.facebook.com/quesosbolanos/,https://www.instagram.com/quesosbolanos/,https://www.google.com/maps/search/?api=1&query=Quesos%20Bola%C3%B1os%2C%20C.%20Marianao%2015%2C%20Las%20Palmas%20de%20Gran%20Canaria,28.0620684,-15.4261248,/productores/canarias/las-palmas/quesos-bolanos-las-palmas-de-gran-canaria.webp,pendiente,no comprobado
queseria-artesanal-guedes-santa-lucia,Quesería Artesanal Guedes,Santa Lucía,Lácteos y quesos,Quesería Artesanal Guedes. Curado de Mezcla Oveja y Cabra,"El Buen Pastor, 3, Casa Pastores, Santa Lucía de Tirajana, Gran Canaria",Productor lácteo de Santa Lucía incluido en el directorio World Cheese Awards con productos como Quesería Artesanal Guedes. Curado de Mezcla Oveja y Cabra.,Consultar fuente,,,https://gff.co.uk/directory/producer/?id=60725,,,https://www.google.com/maps/search/?api=1&query=Queser%C3%ADa%20Artesanal%20Guedes%2C%20El%20Buen%20Pastor%2C%203%2C%20Casa%20Pastores%2C%20Santa%20Luc%C3%ADa%20de%20Tirajana%2C%20Gran%20Canaria,27.854251,-15.454156,,pendiente,no comprobado
queseria-era-del-cardon-santa-lucia,Quesería Era del Cardón,Agüimes,Lácteos y quesos,"QUESERÍA ERA DEL CARDÓN. QUESO SEMICURADO DE CABRA., Quesos Era del Cardón. Curado de Cabra","Lomo de Padilla s/n, Temisas, Agüimes, Gran Canaria","Productor lácteo de Santa Lucía incluido en el directorio World Cheese Awards con productos como QUESERÍA ERA DEL CARDÓN. QUESO SEMICURADO DE CABRA., Quesos Era del Cardón. Curado de Cabra.",Consultar fuente,,,https://gff.co.uk/directory/producer/?id=60714,,,https://www.google.com/maps/search/?api=1&query=Queser%C3%ADa%20Era%20del%20Card%C3%B3n%2C%20Lomo%20de%20Padilla%20s%2Fn%2C%20Temisas%2C%20Ag%C3%BCimes%2C%20Gran%20Canaria,27.885144,-15.485414,,pendiente,no comprobado
queseria-montana-blanca-s-l-san-bartolome,"Quesería Montaña Blanca, S.L.",San Bartolomé,Lácteos y quesos,"QUESO GUATISEA SEMICURADO, QUESO GUATISEA SEMICURADO PIMENTÓN","San Bartolomé, Las Palmas, España","Productor lácteo de San Bartolomé incluido en el directorio World Cheese Awards con productos como QUESO GUATISEA SEMICURADO, QUESO GUATISEA SEMICURADO PIMENTÓN.",Consultar fuente,,,https://gff.co.uk/directory/producer/?id=48487,,,https://www.google.com/maps/search/?api=1&query=Queser%C3%ADa%20Monta%C3%B1a%20Blanca%2C%20S.L.%2C%20San%20Bartolom%C3%A9%2C%20Las%20Palmas%2C%20Espa%C3%B1a,,,,pendiente,no comprobado
quesos-altos-de-moya-moya,Quesos Altos de Moya,Moya,Lácteos y quesos,LOS ALTOS DE MOYA. QUESO DE MEDIA FLOR,"Aguas de Fontanales, 22, Fontanales, Moya, Gran Canaria",Productor lácteo de Moya incluido en el directorio World Cheese Awards con productos como LOS ALTOS DE MOYA. QUESO DE MEDIA FLOR.,Consultar fuente,,,https://gff.co.uk/directory/producer/?id=60716,,,https://www.google.com/maps/search/?api=1&query=Quesos%20Altos%20de%20Moya%2C%20Aguas%20de%20Fontanales%2C%2022%2C%20Fontanales%2C%20Moya%2C%20Gran%20Canaria,28.047085,-15.609315,,pendiente,no comprobado
quesos-amurga-san-bartolome-de-tirajana,Quesos Amurga,San Bartolomé de Tirajana,Lácteos y quesos,Quesos Amurga. Semicurado de Oveja y Cabra,"Tarajalillo Alto, 56, Bahía Feliz, Berriel, San Bartolomé de Tirajana, Gran Canaria",Productor lácteo de San Bartolomé de Tirajana incluido en el directorio World Cheese Awards con productos como Quesos Amurga. Semicurado de Oveja y Cabra.,Consultar fuente,,,https://gff.co.uk/directory/producer/?id=60732,,,https://www.google.com/maps/search/?api=1&query=Quesos%20Amurga%2C%20Tarajalillo%20Alto%2C%2056%2C%20Bah%C3%ADa%20Feliz%2C%20Berriel%2C%20San%20Bartolom%C3%A9%20de%20Tirajana%2C%20Gran%20Canaria,27.792271,-15.520256,,pendiente,no comprobado
quesos-campo-de-guia-santa-maria-de-guia,Quesos Campo de Guía,Santa María de Guía,Lácteos y quesos,Quesos Campo de Guía. Curado de Cabra,"Incensal s/n, Montaña Alta, Santa María de Guía, Gran Canaria",Productor lácteo de Santa María de Guía incluido en el directorio World Cheese Awards con productos como Quesos Campo de Guía. Curado de Cabra.,Consultar fuente,,,https://gff.co.uk/directory/producer/?id=60712,,,https://www.google.com/maps/search/?api=1&query=Quesos%20Campo%20de%20Gu%C3%ADa%2C%20Incensal%20s%2Fn%2C%20Monta%C3%B1a%20Alta%2C%20Santa%20Mar%C3%ADa%20de%20Gu%C3%ADa%2C%20Gran%20Canaria,28.126084,-15.614716,,pendiente,no comprobado
quesos-cortijo-de-caideros-galdar,Quesos Cortijo de Caideros,Gáldar,Lácteos y quesos,Quesos Cortijo de Caideros. Media Flor de Guía,"Lomo La Mareta, 3, Fagagesto, Gáldar, Gran Canaria",Productor lácteo de Gáldar incluido en el directorio World Cheese Awards con productos como Quesos Cortijo de Caideros. Media Flor de Guía.,Consultar fuente,,,https://gff.co.uk/directory/producer/?id=60731,,,https://www.google.com/maps/search/?api=1&query=Quesos%20Cortijo%20de%20Caideros%2C%20Lomo%20La%20Mareta%2C%203%2C%20Fagagesto%2C%20G%C3%A1ldar%2C%20Gran%20Canaria,28.07101,-15.648123,,pendiente,no comprobado
quesos-de-naranjo-ganaranjo-slu-las-palmas-de-gran-canaria,Quesos de Naranjo (Ganaranjo SLU),Las Palmas de Gran Canaria,Lácteos y quesos,Quesos de Naranjo. Pasteurizado curado de mezcla,"Dragonal Alto, 30, Las Palmas de Gran Canaria, Gran Canaria",Productor lácteo de Las Palmas de Gran Canaria incluido en el directorio World Cheese Awards con productos como Quesos de Naranjo. Pasteurizado curado de mezcla.,Consultar fuente,,,https://gff.co.uk/directory/producer/?id=60730,,,https://www.google.com/maps/search/?api=1&query=Quesos%20de%20Naranjo%20(Ganaranjo%20SLU)%2C%20Dragonal%20Alto%2C%2030%2C%20Las%20Palmas%20de%20Gran%20Canaria%2C%20Gran%20Canaria,28.06422,-15.466088,,pendiente,no comprobado
quesos-del-rosario-agaete,Quesos Del Rosario,Agaete,Lácteos y quesos,Quesos Del Rosario. Curado de vaca,"Lomo de Valerón s/n, Los Llanos de Piletas, Agaete, Gran Canaria",Productor lácteo de Agaete incluido en el directorio World Cheese Awards con productos como Quesos Del Rosario. Curado de vaca.,Consultar fuente,,,https://gff.co.uk/directory/producer/?id=60722,,https://www.instagram.com/queseriaartesanaldelrosario/,https://www.google.com/maps/search/?api=1&query=Quesos%20Del%20Rosario%2C%20Lomo%20de%20Valer%C3%B3n%20s%2Fn%2C%20Los%20Llanos%20de%20Piletas%2C%20Agaete%2C%20Gran%20Canaria,28.099239,-15.679401,,pendiente,no comprobado
quesos-el-draguillo-san-bartolome-de-tirajana,Quesos El Draguillo,San Bartolomé de Tirajana,Lácteos y quesos,QUESOS EL DRAGUILLO.QUESO SEMICURADO,"Carretera los Indígenas s/n, Montaña Arena, San Bartolomé de Tirajana, Gran Canaria",Productor lácteo de San Bartolomé de Tirajana incluido en el directorio World Cheese Awards con productos como QUESOS EL DRAGUILLO.QUESO SEMICURADO.,Consultar fuente,,,https://gff.co.uk/directory/producer/?id=60710,,,https://www.google.com/maps/search/?api=1&query=Quesos%20El%20Draguillo%2C%20Carretera%20los%20Ind%C3%ADgenas%20s%2Fn%2C%20Monta%C3%B1a%20Arena%2C%20San%20Bartolom%C3%A9%20de%20Tirajana%2C%20Gran%20Canaria,27.766945,-15.647398,,pendiente,no comprobado
quesos-finca-fuente-morales-las-palmas-de-gran-canaria,Quesos Finca Fuente Morales,Las Palmas de Gran Canaria,Lácteos y quesos,"QUESOS FINCA FUENTE MORALES. QUESO CURADO DE MEZCLA, Quesos Finca Fuente Morales. Pasteurizado Curado de Mezcla","Las Palmas de Gran Canaria, Las Palmas, España","Productor lácteo de Las Palmas de Gran Canaria incluido en el directorio World Cheese Awards con productos como QUESOS FINCA FUENTE MORALES. QUESO CURADO DE MEZCLA, Quesos Finca Fuente Morales. Pasteurizado Curado de Mezcla.",Consultar fuente,,,https://gff.co.uk/directory/producer/?id=60726,,,https://www.google.com/maps/search/?api=1&query=Quesos%20Finca%20Fuente%20Morales%2C%20Las%20Palmas%20de%20Gran%20Canaria%2C%20Las%20Palmas%2C%20Espa%C3%B1a,,,,pendiente,no comprobado
quesos-la-caldera-galdar,Quesos La Caldera,Gáldar,Lácteos y quesos,"QUESOS LA CALDERA. QUESO DE MEDIA FLOR, Quesos La Caldera. Curado de Oveja","Camino La Caldera, 5, Fagagesto, Gáldar, Gran Canaria","Productor lácteo de Gáldar incluido en el directorio World Cheese Awards con productos como QUESOS LA CALDERA. QUESO DE MEDIA FLOR, Quesos La Caldera. Curado de Oveja.",Consultar fuente,,,https://gff.co.uk/directory/producer/?id=60713,,,https://www.google.com/maps/search/?api=1&query=Quesos%20La%20Caldera%2C%20Camino%20La%20Caldera%2C%205%2C%20Fagagesto%2C%20G%C3%A1ldar%2C%20Gran%20Canaria,28.0556,-15.6336236,,pendiente,no comprobado
quesos-la-pastora-las-palmas-de-gran-canaria,Quesos La Pastora,Las Palmas de Gran Canaria,Lácteos y quesos,Quesos La Pastora. Curado de Cabra,"Calle Jacomar Alto, 35, Tamaraceite, Las Palmas de Gran Canaria",Productor lácteo de Las Palmas de Gran Canaria incluido en el directorio World Cheese Awards con productos como Quesos La Pastora. Curado de Cabra.,Consultar fuente,,,https://gff.co.uk/directory/producer/?id=60707,,,https://www.google.com/maps/search/?api=1&query=Quesos%20La%20Pastora%2C%20Calle%20Jacomar%20Alto%2C%2035%2C%20Tamaraceite%2C%20Las%20Palmas%20de%20Gran%20Canaria,28.0979868,-15.4889095,,pendiente,no comprobado
quesos-lomo-gallego-telde,Quesos Lomo Gallego,Telde,Lácteos y quesos,Quesos Lomo Gallego. Añejo,"Calle Beneficiado José Estupiñán, 20, El Goro, Telde, Gran Canaria",Productor lácteo de Telde incluido en el directorio World Cheese Awards con productos como Quesos Lomo Gallego. Añejo.,Consultar fuente,,,https://gff.co.uk/directory/producer/?id=60748,,,https://www.google.com/maps/search/?api=1&query=Quesos%20Lomo%20Gallego%2C%20Calle%20Beneficiado%20Jos%C3%A9%20Estupi%C3%B1%C3%A1n%2C%2020%2C%20El%20Goro%2C%20Telde%2C%20Gran%20Canaria,27.968624944064704,-15.393492137903007,,pendiente,no comprobado
quesos-los-castaneros-moya,Quesos Los Castañeros,Moya,Lácteos y quesos,Quesos Los Castañeros. Curado de Vaca,"El Tablero, 55, El Tablero, Moya, Gran Canaria",Productor lácteo de Moya incluido en el directorio World Cheese Awards con productos como Quesos Los Castañeros. Curado de Vaca.,Consultar fuente,,,https://gff.co.uk/directory/producer/?id=60711,,,https://www.google.com/maps/search/?api=1&query=Quesos%20Los%20Casta%C3%B1eros%2C%20El%20Tablero%2C%2055%2C%20El%20Tablero%2C%20Moya%2C%20Gran%20Canaria,28.060235,-15.59553,,pendiente,no comprobado
quesos-san-mateo-vega-de-san-mateo,Quesos San Mateo,Vega de San Mateo,Lácteos y quesos,"QUESOS SAN MATEO S.L. CURADO DE MEZCLA, QUESOS SAN MATEO S.L. QUESO SEMICURADO DE LECHE DE CABRA CON PIMENTÓN MARCA VOLCANIA.","Lugar La Vegueta, 44, Matos, Vega de San Mateo, Gran Canaria","Productor lácteo de Vega de San Mateo incluido en el directorio World Cheese Awards con productos como QUESOS SAN MATEO S.L. CURADO DE MEZCLA, QUESOS SAN MATEO S.L. QUESO SEMICURADO DE LECHE DE CABRA CON PIMENTÓN MARCA VOLCANIA..",Consultar fuente,,,https://gff.co.uk/directory/producer/?id=60709,,https://www.instagram.com/quesosanmateo/,https://www.google.com/maps/search/?api=1&query=Quesos%20San%20Mateo%2C%20Lugar%20La%20Vegueta%2C%2044%2C%20Matos%2C%20Vega%20de%20San%20Mateo%2C%20Gran%20Canaria,28.0130884,-15.5259168,,pendiente,no comprobado
s-a-t-queso-flor-valsequillo-valsequillo,S.A.T. Queso Flor Valsequillo,Valsequillo,Lácteos y quesos,"Queso de Cabra Añejo elaborado con Leche Cruda - Quesos Flor Valsequillo, Queso de Cabra Curado - Quesos Flor Valsequillo","Calle Salvia, 14, 35217 Valsequillo de Gran Canaria","Productor lácteo de Valsequillo incluido en el directorio World Cheese Awards con productos como Queso de Cabra Añejo elaborado con Leche Cruda - Quesos Flor Valsequillo, Queso de Cabra Curado - Quesos Flor Valsequillo.",Consultar fuente,+34928705490,grancanaria@quesosflorvalsequillo.com,https://www.quesosflorvalsequillo.com/,https://www.facebook.com/quesosflorvalsequillo/,https://www.instagram.com/quesosflorvalsequillo/,https://www.google.com/maps/search/?api=1&query=S.A.T.%20Queso%20Flor%20Valsequillo%2C%20Calle%20Salvia%2C%2014%2C%2035217%20Valsequillo%20de%20Gran%20Canaria,27.9949713,-15.4728075,,parcial,no comprobado
el-matorral-puerto-del-rosario,El Matorral,Puerto del Rosario,Miel y mermeladas,"Miel, polen, mermeladas y confituras","35610 El Matorral, Las Palmas","El Matorral es un productor local de Puerto del Rosario especializado en miel, polen, mermeladas y confituras, integrado en la oferta agroalimentaria de proximidad de la provincia de Málaga.",Consultar web o venta directa,+34666929948,info@elmatorral.com,http://www.elmatorral.com/,,https://www.instagram.com/el__matorral/,https://www.google.com/maps/search/?api=1&query=El%20Matorral%2C%2035610%20El%20Matorral%2C%20Las%20Palmas&query_place_id=ChIJq74gjCbHRwwRmOtemdu8pKI,28.4376311,-13.8723817,/productores/canarias/las-palmas/el-matorral-puerto-del-rosario.webp,pendiente,no comprobado
queseria-arquegran-aguimes,Quesería Arquegran,Agüimes,Lácteos y quesos,"Queso de cabra majorera curado y semicurado, queso fresco pasteurizado","Camino del Conde, s/n, Montaña Los Vélez, 35260 Agüimes, Gran Canaria","Productor local artesanal de queso de cabra majorera curado y semicurado y queso fresco pasteurizado en Agüimes, Islas Canarias. Fiel al compromiso de proximidad y comercio justo.",,+34636522313,,https://queseriaarquegran.sumupstore.com/,https://www.facebook.com/Arquegr/,https://www.instagram.com/arquegran_aguimes/,https://www.google.com/maps/search/?api=1&query=Queser%C3%ADa%20Arquegran%2C%20Camino%20del%20Conde%2C%20s/n%2C%20Monta%C3%B1a%20Los%20V%C3%A9lez%2C%2035260%20Ag%C3%BCimes%2C%20Gran%20Canaria,27.8833300,-15.4333300,,parcial,sí
queseria-artesanal-el-pagador-moya,Quesería Artesanal El Pagador,Moya,Lácteos y quesos,"Queso de flor de leche cruda de cabra, oveja y vaca, tierno y semicurado","Carretera General del Norte, 5, El Pagador, 35420 Moya, Gran Canaria","Productor local artesanal de queso de flor de leche cruda de cabra, oveja y vaca tierno y semicurado en Moya, Islas Canarias. Fiel al compromiso de proximidad y comercio justo.",,+34928611129,,,https://www.facebook.com/p/Queser%C3%ADa-Artesanal-El-Pagador-100024664705934/,https://www.instagram.com/queseriaartesanalelpagador/,https://www.google.com/maps/search/?api=1&query=Queser%C3%ADa%20Artesanal%20El%20Pagador%2C%20Carretera%20General%20del%20Norte%2C%205%2C%20El%20Pagador%2C%2035420%20Moya%2C%20Gran%20Canaria,28.1107700,-15.5832200,,parcial,no comprobado
queseria-el-manjar-de-tejeda,Quesería El Manjar de Tejeda,Tejeda,Lácteos y quesos,"Queso tierno y semicurado de cabra y oveja, queso con almendras","Calle Juan Gómez, 31, La Culata, 35328 Tejeda, Gran Canaria","Productor local artesanal de queso tierno y semicurado de cabra y oveja y queso con almendras en Tejeda, Islas Canarias. Fiel al compromiso de proximidad y comercio justo.",,+34608103256,,,,https://www.instagram.com/quesos.manjar.de.tejeda/,https://www.google.com/maps/search/?api=1&query=Queser%C3%ADa%20El%20Manjar%20de%20Tejeda%2C%20Calle%20Juan%20G%C3%B3mez%2C%2031%2C%20La%20Culata%2C%2035328%20Tejeda%2C%20Gran%20Canaria,27.9974400,-15.6139400,,parcial,no comprobado
queseria-tasartesano-la-aldea-de-san-nicolas,Quesería Tasartesano,La Aldea de San Nicolás,Lácteos y quesos,Queso de leche cruda de cabra y oveja madurado de 1 a 6 meses,"Las Breñas, s/n, Tasarte, 35478 La Aldea de San Nicolás, Gran Canaria","Productor local artesanal de queso de leche cruda de cabra y oveja madurado de 1 a 6 meses en La Aldea de San Nicolás, Islas Canarias. Fiel al compromiso de proximidad y comercio justo.",,+34606368004,,,,https://www.instagram.com/tasartesano/,https://www.google.com/maps/search/?api=1&query=Queser%C3%ADa%20Tasartesano%2C%20Las%20Bre%C3%B1as%2C%20s/n%2C%20Tasarte%2C%2035478%20La%20Aldea%20de%20San%20Nicol%C3%A1s%2C%20Gran%20Canaria,27.9826000,-15.7799100,,parcial,no comprobado
queseria-cortijo-de-las-hoyas-moya,Quesería Cortijo de Las Hoyas,Moya,Lácteos y quesos,Queso artesano de Moya tierno y curado de leche de cabra,"Hoyas del Cavadero, 34, 35420 Moya, Gran Canaria","Productor local artesanal de queso artesano tierno y curado de leche de cabra en Moya, Islas Canarias. Fiel al compromiso de proximidad y comercio justo.",,+34928610786,,,,https://www.instagram.com/queseriacortijolashoyas/,https://www.google.com/maps/search/?api=1&query=Queser%C3%ADa%20Cortijo%20de%20Las%20Hoyas%2C%20Hoyas%20del%20Cavadero%2C%2034%2C%2035420%20Moya%2C%20Gran%20Canaria,28.1107700,-15.5832200,,parcial,no comprobado
queseria-el-roque-tejeda,Quesería El Roque,Tejeda,Lácteos y quesos,"Queso de leche cruda de cabra majorera, tierno y curado","El Roque, 3, 35328 Tejeda, Gran Canaria","Productor local artesanal de queso de leche cruda de cabra majorera tierno y curado en Tejeda, Islas Canarias. Fiel al compromiso de proximidad y comercio justo.",,+34699324756,queseriaelroque@gmail.com,https://elroquequeseria.wixsite.com/quesoscurados,https://www.facebook.com/QuesosElRoque/,https://www.instagram.com/queseria_elroque/,https://www.google.com/maps/search/?api=1&query=Queser%C3%ADa%20El%20Roque%2C%20El%20Roque%2C%203%2C%2035328%20Tejeda%2C%20Gran%20Canaria,27.9974400,-15.6139400,,parcial,no comprobado
queseria-los-dragos-moya,Quesería Los Dragos,Moya,Lácteos y quesos,"Queso de flor ecológico, queso curado y semicurado de vaca, cabra y oveja","Camino los Dragos, 45, 35420 Moya, Gran Canaria","Productor local artesanal de queso de flor ecológico y queso curado y semicurado de vaca, cabra y oveja en Moya, Islas Canarias. Fiel al compromiso de proximidad y comercio justo.",,+34606459547,,https://www.queserialosdragos.es/,https://www.facebook.com/profile.php?id=100080509075459,,https://www.google.com/maps/search/?api=1&query=Queser%C3%ADa%20Los%20Dragos%2C%20Camino%20los%20Dragos%2C%2045%2C%2035420%20Moya%2C%20Gran%20Canaria,28.1107700,-15.5832200,,parcial,no comprobado
quesos-el-parral-ingenio,Quesos El Parral,Ingenio,Lácteos y quesos,Queso de cabra y vaca semicurado y curado de Ingenio,"Ingenio, 35250 Las Palmas, Gran Canaria","Productor local artesanal de queso de cabra y vaca semicurado y curado en Ingenio, Islas Canarias. Fiel al compromiso de proximidad y comercio justo.",,+34928784090,qelparral@quesoselparral.es,https://quesoselparral.es/,https://www.facebook.com/QueseriaElParral/,https://www.instagram.com/quesos_el_parral/,https://www.google.com/maps/search/?api=1&query=Quesos%20El%20Parral%2C%20Ingenio%2C%2035250%20Las%20Palmas%2C%20Gran%20Canaria,27.9214100,-15.4323600,,parcial,no comprobado
queseria-el-caidero-moya,Quesería El Caidero,Moya,Lácteos y quesos,"Queso curado de leche cruda (cabra, oveja y vaca), Mención Mejor Queso Curado de Gran Canaria 2023","Lomo El Marco, El Tablero, 35420 Moya, Gran Canaria","Productor local artesanal de queso curado de leche cruda de cabra, oveja y vaca en Moya, Islas Canarias. Fiel al compromiso de proximidad y comercio justo.",,+34928610855,,,https://www.facebook.com/people/Queser%C3%ADa-El-Caidero-Moya/100067482452706/,,https://www.google.com/maps/search/?api=1&query=Queser%C3%ADa%20El%20Caidero%2C%20Lomo%20El%20Marco%2C%20El%20Tablero%2C%2035420%20Moya%2C%20Gran%20Canaria,28.1107700,-15.5832200,,parcial,no comprobado
queseria-neroan-galdar,Quesería Neroan,Gáldar,Lácteos y quesos,"Queso de leche cruda de cabra majorera y oveja canaria, semicurado y curado","Llanos de Botija, Puerto de Sardina, 35460 Gáldar, Gran Canaria","Productor local artesanal de queso de leche cruda de cabra majorera y oveja canaria semicurado y curado en Gáldar, Islas Canarias. Fiel al compromiso de proximidad y comercio justo.",,+34676806530,botijasardina@hotmail.es,,https://www.facebook.com/p/Queser%C3%ADa-Neroan-100057035607157/,,https://www.google.com/maps/search/?api=1&query=Queser%C3%ADa%20Neroan%2C%20Llanos%20de%20Botija%2C%20Puerto%20de%20Sardina%2C%2035460%20G%C3%A1ldar%2C%20Gran%20Canaria,28.1438900,-15.6502800,,parcial,no comprobado
queseria-juan-grande-san-bartolome-de-tirajana,Quesería Juan Grande,San Bartolomé de Tirajana,Lácteos y quesos,"Queso semicurado de cabra majorera y oveja, quesos especiales (halloumi, feta, quartirolo)","Juan Grande, s/n, 35107 San Bartolomé de Tirajana, Gran Canaria","Productor local artesanal de queso semicurado de cabra majorera y oveja y quesos especiales en San Bartolomé de Tirajana, Islas Canarias. Fiel al compromiso de proximidad y comercio justo.",,+34928732415,,,https://www.facebook.com/p/Queser%C3%ADa-Juan-Grande-100063633365978/,https://www.instagram.com/quesosjuangrande/,https://www.google.com/maps/search/?api=1&query=Queser%C3%ADa%20Juan%20Grande%2C%20Juan%20Grande%2C%20s/n%2C%2035107%20San%20Bartolom%C3%A9%20de%20Tirajana%2C%20Gran%20Canaria,27.9254300,-15.5725800,,parcial,no comprobado
queseria-el-cortijo-el-montanon-galdar,Quesería El Cortijo El Montañón,Gáldar,Lácteos y quesos,"Queso de leche cruda de oveja canaria y cabra majorera, curado premiado en los World Cheese Awards 2025","Pico del Montañón, Caideros, 35468 Gáldar, Gran Canaria","Productor local artesanal de queso de leche cruda de oveja canaria y cabra majorera, curado premiado en Gáldar, Islas Canarias. Fiel al compromiso de proximidad y comercio justo.",,+34928555050,,,https://www.facebook.com/queseriaartesanal/,,https://www.google.com/maps/search/?api=1&query=Queser%C3%ADa%20El%20Cortijo%20El%20Monta%C3%B1%C3%B3n%2C%20Pico%20del%20Monta%C3%B1%C3%B3n%2C%20Caideros%2C%2035468%20G%C3%A1ldar%2C%20Gran%20Canaria,28.1438900,-15.6502800,,parcial,no comprobado
