slug,nombre,municipio,categoria,productos estrella,direccion,descripcion,horario,telefono,correo,web,Facebook,Instagram,Google Maps,lat,lon,imagen,verificacion,Venta online,Canal de venta,categorias adicionales,producer_id,descripcion_locale,visitas guiadas,mensaje a la comunidad,mensaje_comunidad_locale,enlace destacado 1,enlace destacado 2
aceite-arzuaga-ifama-noez,Aceite Arzuaga — IFAMA,Noez,Aceite,"AOVE Arzuaga Cornicabra DOP Montes de Toledo, Picual, Arbequina","Camino de Casasbuenas, s/n, 45162 Noez, Toledo","Almazara de la finca Los Olivos de Noez, con más de 150 hectáreas y unas 7.500 oliveras, donde IFAMA elabora y envasa los monovarietales de AOVE Arzuaga con aceituna propia.",,+34925590227,info@amayaarzuaga.com,https://arzuaganavarro.com/index.php/aceite,https://www.facebook.com/bodegasarzuaga,https://www.instagram.com/bodegasarzuaga/,,39.7407070,-4.1802760,/productores/es/castilla-la-mancha/toledo/aceite-arzuaga-ifama-noez.webp,,sí,ecommerce,,86,es,,,,,
artequeso-tembleque,Artequeso,Tembleque,Lácteos y quesos,"Queso manchego artesano DOP, Buenalba, Finca La Prudenciana","Autovía A-4 km 99,600",Quesería familiar de Finca La Prudenciana que elabora queso manchego artesano DOP con leche cruda de oveja.,Consultar web,+34925145192,info@artequeso.com,https://www.artequeso.com/,https://www.facebook.com/quesosmanchegosartequeso/,https://www.instagram.com/artequeso/,https://www.google.com/maps/search/?api=1&query=Artequeso%2C%20Autov%C3%ADa%20A-4%20km%2099%2C600&query_place_id=ChIJaQvSQIHsaQ0RV9GjRh4fqTE,39.6364261,-3.5062863,/productores/es/castilla-la-mancha/toledo/artequeso-tembleque.webp,,sí,ecommerce,,971,es,,,,,
lordi-los-yebenes,Lordi,Los Yébenes,Lácteos y quesos,"Queso manchego Altobello, Mancebo, Monteño, queso de Toledo","Polígono Industrial La Cañada, parcela 1","Empresa quesera de Los Yébenes especializada en queso manchego DOP y quesos de oveja, cabra y mezcla.",Consultar web,+34925320765,lordi@lordi.es,https://lordi.es/,,,,39.5724666,-3.8627846,/productores/es/castilla-la-mancha/toledo/lordi-los-yebenes.webp,,no,,,8209,es,,,,,
quesos-el-chozo-mora,Quesos El Chozo,Mora,Lácteos y quesos,"Queso de oveja, queso tierno, semicurado, curado, añejo y en aceite","C. Santa Lucía, 39",Pequeña quesería artesana de Mora con más de 50 años elaborando queso puro de oveja manchega.,Lunes a sábado 10:00-14:00,+34925300990,quesoselchozo@gmail.com,https://www.quesoselchozo.es/,,,https://www.google.com/maps/search/?api=1&query=Quesos%20El%20Chozo%2C%20C.%20Santa%20Luc%C3%ADa%2C%2039&query_place_id=ChIJ9693o80dag0RA2KSZ5teSYc,39.6833005,-3.7831681,,,no,,,10805,es,,,,,
quesos-hm-mora,Quesos HM,Mora,Lácteos y quesos,"Queso manchego artesano, queso en aceite, queso de oveja",Ctra. Mora-Toledo km 29,Quesería artesana de Mora integrada en experiencias de queso manchego y elaboración a mano.,Consultar web,+34925300315,,https://www.quesoshm.com/,https://www.facebook.com/Quesos-Artesanos-Hechos-A-Mano-543529902463355/,https://www.instagram.com/quesoshm/,https://www.google.com/maps/search/?api=1&query=Quesos%20HM%2C%20Ctra.%20Mora-Toledo%20km%2029&query_place_id=ChIJw4z3XNAdag0RiBh2hJ5cSSQ,39.6832230,-3.7727849,/productores/es/castilla-la-mancha/toledo/quesos-hm-mora.webp,,sí,ecommerce,,10849,es,,,,,
tobar-del-oso-el-toboso,Tobar del Oso,El Toboso,Lácteos y quesos,"Queso manchego Tobar del Oso, semicurado, curado, viejo","Caballero del Verde Gabán, 10, 45820 El Toboso, Toledo",Quesería de Industrias Martal en El Toboso dedicada a queso manchego desde 2005.,Consultar web,,tienda@tobardeloso.es,https://www.tobardeloso.es/,,,,39.5224645,-3.0001314,/productores/es/castilla-la-mancha/toledo/tobar-del-oso-el-toboso.webp,,sí,ecommerce,,11842,es,,,,,
quesos-corcuera-la-puebla-de-montalban,Quesos Corcuera,La Puebla de Montalbán,Lácteos y quesos,"Queso manchego DOP, Corcuera, Manchibel, La Celestina","C. Santa Lucía, 8",Quesería histórica de La Puebla de Montalbán referente en queso manchego y quesos de oveja.,Consultar web,+34925750069,info@quesoscorcuera.com,https://www.corcuera.com/,https://www.facebook.com/quesoscorcuerasl/,https://www.instagram.com/quesoscorcuera/,https://www.google.com/maps/search/?api=1&query=Quesos%20Corcuera%2C%20C.%20Santa%20Luc%C3%ADa%2C%208&query_place_id=ChIJGWAdxFR-ag0RS1UZYyW2Dow,39.8553498,-4.3604527,/productores/es/castilla-la-mancha/toledo/quesos-corcuera-la-puebla-de-montalban.webp,,sí,ecommerce,,10768,es,,,,,
lacteas-toledo-guadamur,Lácteas Toledo,Guadamur,Lácteos y quesos,"El Galán, 7 Coronas, queso manchego DOP curado","Ctra. de Navahermosa, km 14","Productor de quesos de pasta prensada de oveja, cabra y mezcla del grupo TGT en Guadamur.",Consultar web,+34925291097,lacteastoledo@lacteastoledo.com,https://www.grupotgt.com/,https://www.facebook.com/QuesosGrupoTGT/,https://www.instagram.com/quesostgt/,https://www.google.com/maps/search/?api=1&query=L%C3%A1cteas%20Toledo%2C%20Ctra.%20de%20Navahermosa%2C%20km%2014&query_place_id=ChIJnbIMVeJzag0RWsbZZ7pdo4Y,39.8113689,-4.1488803,,,no,,,7948,es,,,,,
queseria-fuentevieja-carriches,Quesería Fuentevieja,Carriches,Lácteos y quesos,"Quesos Ambrosía, Maná, Pata de Mulo, semicurado y packs degustación","C. La Mata, 12",Quesería familiar de Carriches que elabora quesos artesanos de leche cruda de oveja de su propia ganadería.,Consultar tienda,+34619243518,tienda@queseriafuentevieja.es,https://queseriafuentevieja.es/,,https://www.instagram.com/queseria_fuentevieja/,https://www.google.com/maps/search/?api=1&query=Queser%C3%ADa%20Fuentevieja%2C%20C.%20La%20Mata%2C%2012&query_place_id=ChIJqc9gGL8rQA0Rico5AaNu5NQ,39.9639132,-4.4586415,,,sí,ecommerce,,10532,es,,,,,
artesanos-lacteos-el-fontejon-los-yebenes,Artesanos Lácteos El Fontejón,Los Yébenes,Lácteos y quesos,"Queso manchego El Fontejón, Coquem, Valdehierro","Carretera N-401 km 114",Quesería de Los Yébenes elaboradora de queso manchego premiado bajo la marca El Fontejón.,Consultar web,+34925348287,artesanos@artesanoslacteos.com,https://www.artesanoslacteos.com/,https://www.facebook.com/artesanoslacteos/,https://www.instagram.com/artesanos_lacteos_/,https://www.google.com/maps/search/?api=1&query=Artesanos%20L%C3%A1cteos%20El%20Fontej%C3%B3n%2C%20Carretera%20N-401%20km%20114&query_place_id=ChIJV9QmH4Qiag0RMrdIa0mrt_A,39.5823444,-3.8702361,/productores/es/castilla-la-mancha/toledo/artesanos-lacteos-el-fontejon-los-yebenes.webp,,sí,ecommerce,,981,es,,,,,
quesos-de-hualdo-el-carpio-de-tajo,Quesos de Hualdo,El Carpio de Tajo,Lácteos y quesos,"Queso manchego DOP MI, Lambda, Pi, Sigma, Phi y catas de queso","Camino de la Barca, s/n, Finca Hualdo, 45533 El Carpio de Tajo",Quesería de la Finca Hualdo que elabora queso manchego DOP y quesos de oveja con leche de su propio rebaño.,,+34639040974,mario.garcia@quesosdehualdo.com,https://dehualdo.com/quesos-gourmet/,,https://www.instagram.com/casasdehualdo/,,39.8874198,-4.4542812,/productores/es/castilla-la-mancha/toledo/quesos-de-hualdo-el-carpio-de-tajo.webp,,sí,ecommerce,,10777,es,,,,,
casas-de-hualdo-el-carpio-de-tajo,Casas de Hualdo,El Carpio de Tajo,Aceite,"AOVE Casas de Hualdo Cornicabra, Arbequina, Picual y Manzanilla; estuches","Finca Hualdo, 45533 El Carpio de Tajo",Finca agropecuaria con olivar y almazara propia que elabora AOVE monovarietal Casas de Hualdo dentro del proyecto De Hualdo.,,+34925745006,info@casasdehualdo.com,https://dehualdo.com/aceite-oliva-virgen-extra/,,https://www.instagram.com/casasdehualdo/,,39.8874198,-4.4542812,/productores/es/castilla-la-mancha/toledo/casas-de-hualdo-el-carpio-de-tajo.webp,,sí,ecommerce,,3463,es,,,,,
aceites-garcia-de-la-cruz-madridejos,Aceites García de la Cruz,Madridejos,Aceite,"AOVE 5 Generaciones, Master Miller, ecológico y aromatizados","C. Reyes Católicos, 23",Empresa familiar de Madridejos con cinco generaciones dedicadas a producir y envasar AOVE de distintas variedades.,Consultar tienda,+34925460496,aceites@garciadelacruz.com,https://www.aceitesgarciadelacruz.com/,https://www.facebook.com/aceitesgarciadelacruz/,https://www.instagram.com/garciadelacruzoliveoil/,https://www.google.com/maps/search/?api=1&query=Aceites%20Garc%C3%ADa%20de%20la%20Cruz%2C%20C.%20Reyes%20Cat%C3%B3licos%2C%2023&query_place_id=ChIJW1o1S_2QaQ0RksfzKGyW-qw,39.4699854,-3.5323696,/productores/es/castilla-la-mancha/toledo/aceites-garcia-de-la-cruz-madridejos.webp,,sí,ecommerce,,170,es,,,,,
aceites-de-mora-mora,Aceites de Mora,Mora,Aceite,"Aceite de oliva virgen, granel DOP Montes de Toledo","Ctra. de Toledo, km 30",Almazara de Mora integrada en la zona de la DOP Montes de Toledo y dedicada a aceite de oliva virgen.,Consultar web,+34925300890,aceitesmora@acesur.com,https://acesur.com/es/nosotros/centros/mora-de-toledo/,,,https://www.google.com/maps/search/?api=1&query=Aceites%20de%20Mora%2C%20Ctra.%20de%20Toledo%2C%20km%2030&query_place_id=ChIJ-4jeXcUdag0R7GBlCSX4x4g,39.6832230,-3.7727849,,,no comprobado,,,156,es,,,,,
mora-industrial-morainsa-mora,Mora Industrial - Morainsa,Mora,Aceite,"Aceite de oliva virgen, orujo de oliva, formatos profesionales","C. Ajofrín, 37",Empresa aceitera de Mora con almazara y bodega propias dentro del ciclo productivo del olivar.,Consultar web,+34925300858,info@morainsa.com,https://morainsa.com/contacto/,https://www.facebook.com/MorainsaAOVE/,https://www.instagram.com/morainsaaove/,https://www.google.com/maps/search/?api=1&query=Mora%20Industrial%20-%20Morainsa%2C%20C.%20Ajofr%C3%ADn%2C%2037&query_place_id=ChIJy-_xk8wdag0RU8vj12SRgbQ,39.6845518,-3.7783553,/productores/es/castilla-la-mancha/toledo/mora-industrial-morainsa-mora.webp,,no comprobado,,,8958,es,,,,,
cooperativa-ntra-sra-de-la-antigua-mora,Cooperativa Ntra. Sra. de la Antigua,Mora,Aceite,"AOVE Olimora DOP Montes de Toledo de cornicabra, vino Castillo de Mora","Calle Turleque, s/n, 45400 Mora",Cooperativa de Mora que elabora AOVE Olimora de aceituna cornicabra certificado por la DOP Montes de Toledo y vinos Castillo de Mora.,,+34925300703,info@cooperativalaantigua.com,https://www.cooperativalaantigua.com/,,,https://www.google.com/maps/search/?api=1&query=Cooperativa%20Ntra.%20Sra.%20de%20la%20Antigua%2C%20Calle%20Turleque%2C%20s%2Fn%2C%2045400%20Mora&query_place_id=ChIJMfGudNsdag0RC8RBxCfA9ak,39.6847089,-3.7725913,,,sí,ecommerce,,4540,es,,,,,
almazara-villa-de-orgaz-orgaz,Almazara Villa de Orgaz,Orgaz,Aceite,"AOVE cornicabra, arbequina, picual y ecológico","Ctra. de Mora, s/n, Orgaz, Toledo",Almazara cooperativa de Orgaz que elabora AOVE cornicabra amparado por la DOP Montes de Toledo junto a aceites arbequino picual y ecológico,Sábado 9:00-13:00,+34925347250,almazaravilladeorgaz@gmail.com,https://almazaravilladeorgaz.com/Menu-Movil,https://www.facebook.com/Almazara-Villa-de-Orgaz-SCL-1236968326318151/,https://www.instagram.com/almazaravilladeorgaz/,https://www.google.com/maps/search/?api=1&query=Almazara%20Villa%20de%20Orgaz%2C%20Ctra.%20de%20Mora%2C%20s%2Fn%2C%20Orgaz%2C%20Toledo&query_place_id=ChIJbdexrpgZag0R7-ep9WnnMx0,39.6524384,-3.8642712,,,no,,,674,es,,,,,
zarfe-hontanar,Zarfe,Hontanar,Aceite,"AOVE cornicabra, aceite DOP Montes de Toledo",Hontanar,"Almazara toledana incorporada a la DOP Montes de Toledo, centrada en aceite cornicabra.",Consultar web,,,https://www.domontesdetoledo.com/,,,,39.6115070,-4.4978841,,pendiente,no comprobado,,,12420,es,,,,,
oleotoledo,Oleotoledo,Toledo,Aceite,"AOVE de cooperativas de Castilla-La Mancha, aceite envasado","C. Méjico, 2",Empresa toledana vinculada a aceite de oliva y envasado de AOVE.,Consultar web,+34925229529,pedidos.oleotoledo@gmail.com,https://granfucares.com/,,,,39.8678537,-4.0301414,,pendiente,no comprobado,,,9213,es,,,,,
la-pontezuela-los-navalmorales,La Pontezuela,Los Navalmorales,Aceite,"AOVE 5 Elementos Singulare, Gran Selección, Cornicabra, Picual, Arbequina y Redondilla","Ctra. de Villarejo de Montalbán, km 4, 45140 Los Navalmorales","Finca y almazara de Los Navalmorales que elabora AOVE DOP Montes de Toledo, con centro de interpretación, restaurante y oleoturismo.",,+34910782359,info@lapontezuela.com,https://www.lapontezuela.com/,https://www.facebook.com/fincapontezuela,https://www.instagram.com/finca_la_pontezuela/,https://www.google.com/maps/search/?api=1&query=La%20Pontezuela%2C%20Ctra.%20de%20Villarejo%20de%20Montalb%C3%A1n%2C%20km%204%2C%2045140%20Los%20Navalmorales&query_place_id=ChIJYU8Jc9qbag0Rh9fTlX6rI70,39.7411222,-4.5883384,/productores/es/castilla-la-mancha/toledo/la-pontezuela-los-navalmorales.webp,,sí,ecommerce,,7818,es,,,,,
obrador-santo-tome,Obrador Santo Tomé,Toledo,Pan y cereal,"Mazapán de Toledo, anguilas, princesitas, pastas y surtidos","C. Santo Tomé, 3",Obrador histórico de mazapán artesanal de Toledo activo desde 1856.,L-D y festivos 09:00-21:00,+34925223763,info@mazapan.com,https://mazapan.com/,https://www.facebook.com/mazapan.santotome/,https://www.instagram.com/mazapansantotome/,https://www.google.com/maps/search/?api=1&query=Obrador%20Santo%20Tom%C3%A9%2C%20C.%20Santo%20Tom%C3%A9%2C%203&query_place_id=ChIJA03hEqcLag0RXnasssNpCJc,39.8568223,-4.0274157,/productores/es/castilla-la-mancha/toledo/obrador-santo-tome.webp,,sí,ecommerce,,9171,es,,,,,
san-telesforo,San Telesforo,Toledo,Pan y cereal,"Figuritas y surtidos de mazapán, anguilas, turrones y pastas","Plaza de Zocodover, 8",Obrador familiar toledano activo desde 1806 que elabora mazapán suprema y otros dulces artesanos.,Consultar tienda,+34925227836,santelesforo@mazapantoledo.com,https://mazapantoledo.com/,https://www.facebook.com/San-Telesforo-1823155971236306/,https://www.instagram.com/santelesforo_toledo/,https://www.google.com/maps/search/?api=1&query=San%20Telesforo%2C%20Plaza%20de%20Zocodover%2C%208&query_place_id=ChIJzQ_Nk2ULag0RMWHg5G6OJJo,39.8592677,-4.0210008,/productores/es/castilla-la-mancha/toledo/san-telesforo.webp,,sí,ecommerce,,11371,es,,,,,
mazapanes-peces-consuegra,Mazapanes Peces,Consuegra,Pan y cereal,"Surtidos de mazapán, anguilas, marquesas, empiñonados y lingolates","Av. de la Constitución de 1978, 16",Empresa familiar de Consuegra fundada en 1915 y dedicada a mazapán y dulces navideños.,Oct-Dic L-V 09:00-14:00 y 16:00-19:00,+34925481049,contacto@mazapanespeces.com,https://www.mazapanespeces.com/,https://www.facebook.com/Mazapanes-Peces-376383885849873,https://www.instagram.com/mazapanespeces/,https://www.google.com/maps/search/?api=1&query=Mazapanes%20Peces%2C%20Av.%20de%20la%20Constituci%C3%B3n%20de%201978%2C%2016&query_place_id=ChIJ9ZrVQ7ePaQ0RR8cvHDHgbDE,39.4624868,-3.6065222,/productores/es/castilla-la-mancha/toledo/mazapanes-peces-consuegra.webp,,sí,ecommerce,,8530,es,,,,,
pasteleria-plaza-mayor-ocana,Pastelería Plaza Mayor,Ocaña,Pan y cereal,"Mazapán de Toledo, Pan de Cádiz, tartas, bombonería y bollería","Plaza Mayor, 9",Obrador artesano de Ocaña especializado en mazapán de Toledo y pastelería tradicional.,Consultar tienda,,info@obradortoledo.com,https://pasteleriaplazamayor.es/,https://www.facebook.com/Plaza-Mayor-Pasteler/,,,39.9585277,-3.5007014,/productores/es/castilla-la-mancha/toledo/pasteleria-plaza-mayor-ocana.webp,,sí,ecommerce,,9867,es,,,,,
pasteleria-gito-la-puebla-de-montalban,Pastelería Gito,La Puebla de Montalbán,Pan y cereal,"Mazapán, palmeritas de chocolate, magdalenas, hojaldres y galletas","C. Santo y Soledad, 6",Obrador familiar de La Puebla de Montalbán activo desde 1918 y dedicado a mazapán y pastelería tradicional.,Consultar tienda,+34925745338,frisabor@hotmail.com,https://www.mazapan-toledo.com/,https://www.facebook.com/pasteleriagitoehijos/,https://www.instagram.com/pasteleriagito/,https://www.google.com/maps/search/?api=1&query=Pasteler%C3%ADa%20Gito%2C%20C.%20Santo%20y%20Soledad%2C%206&query_place_id=ChIJyRX8mqh_ag0R1vZ4f5Tc86E,39.8750295,-4.3698635,/productores/es/castilla-la-mancha/toledo/pasteleria-gito-la-puebla-de-montalban.webp,,sí,ecommerce,,9812,es,,,,,
cerveza-la-sagra-numancia-de-la-sagra,Cerveza La Sagra,Numancia de la Sagra,Cerveza,"LA SAGRA Original, Summer Ale, Bohío, Suxinsu, 0,0 Tostada y cervezas de especialidad","Av. de la Industria, 155-A, 45230 Numancia de la Sagra","Cervecera fundada en Numancia de la Sagra en 2011, con fábrica propia y gamas regulares estacionales y de especialidad.",,+34925515276,tiendaonline@lasagra-molsoncoors.es,https://cervezalasagra.es/,https://www.facebook.com/cervezalasagra,https://www.instagram.com/cervezalasagra/,https://www.google.com/maps/search/?api=1&query=Cerveza%20La%20Sagra%2C%20Av.%20de%20la%20Industria%2C%20155-A%2C%2045230%20Numancia%20de%20la%20Sagra&query_place_id=ChIJT3qrqIbwQQ0RlJC3I8D3nSw,40.0871068,-3.8608648,/productores/es/castilla-la-mancha/toledo/cerveza-la-sagra-numancia-de-la-sagra.webp,,sí,ecommerce,,3889,es,,,,,
cervezas-speranto,Cervezas Speranto,Toledo,Cerveza,"Lager Hells, Blanka Tigro, Mallumo y cervezas de temporada","C. Río Alberche, 76","Fábrica de Toledo que elabora cerveza artesana propia y organiza catas, talleres y actividades de cultura cervecera.",Consultar tienda,+34660395274,info@cervezasperanto.es,https://cervezasperanto.es/,,https://www.instagram.com/cervezasperanto/,https://www.google.com/maps/search/?api=1&query=Cervezas%20Speranto%2C%20C.%20R%C3%ADo%20Alberche%2C%2076&query_place_id=ChIJNU0pcPkIag0RyvFOb_xBdkA,39.8692162,-3.9400581,/productores/es/castilla-la-mancha/toledo/cervezas-speranto.webp,,sí,ecommerce,,3972,es,,,,,
cervezas-domus,Cervezas Domus,Toledo,Cerveza,"Domus Toledo, IPA, Pale Ale, Roja, Doble Belga y Sin","C. Río Jarama, 140B, Complejo Industrial Margarita, nave B16","Fábrica toledana que elabora cerveza artesana propia en estilos lager, ale, IPA, stout y sin alcohol.",Consultar tienda,+34650491681,info@cervezadomus.com,https://cervezadomus.com/,https://www.facebook.com/CervezaDomus/,,https://www.google.com/maps/search/?api=1&query=Cervezas%20Domus%2C%20C.%20R%C3%ADo%20Jarama%2C%20140B%2C%20Complejo%20Industrial%20Margarita%2C%20nave%20B16&query_place_id=ChIJeU9VGVwIag0RP-HAA159qjs,39.8787158,-3.9309504,/productores/es/castilla-la-mancha/toledo/cervezas-domus.webp,,sí,ecommerce,,3946,es,,,,,
la-balluca-cerveza-artesana,La Balluca Cerveza Artesana,Toledo,Cerveza,"Cerveza artesana La Balluca, IPA, cervezas lupuladas",Toledo,Productora de cerveza artesana toledana con presencia en proyectos de emprendimiento rural.,Consultar web,,,https://tierradeemprendedoras.com/la-balluca-cerveza-artesana/,,,,39.8558913,-4.0242650,,pendiente,no comprobado,,,7540,es,,,,,
miel-castiza,Miel Castiza,Toledo,Miel,"Miel cruda, miel de Montes de Toledo, miel multifloral",Toledo,Proyecto apícola nacido en Toledo con colmenares en Montes de Toledo y otros enclaves naturales.,Consultar web,,,https://it.ankorstore.com/brand/miel-castiza-34535,,,,39.8558913,-4.0242650,,pendiente,no comprobado,,,8673,es,,,,,
apicola-el-nebrillo-los-navalmorales,Apícola El Nebrillo,Los Navalmorales,Miel,"Miel natural, productos apícolas, Pepe Miel","C. Pacho, 10",Apicultor de Los Navalmorales dedicado a miel natural directa del productor.,Consultar web,+34617681762,,https://www.pepemiel.es/,,,https://www.google.com/maps/search/?api=1&query=Ap%C3%ADcola%20El%20Nebrillo%2C%20C.%20Pacho%2C%2010&query_place_id=ChIJr-o2EgGaag0RDOA5lz0Fxg8,39.7273039,-4.6419186,,,no comprobado,,,829,es,,,,,
miel-mieleko-menasalbas,Miel Mieleko,Menasalbas,Miel,"Miel de castaño, bosque, romero y mil flores; miel ecológica y mermeladas",Menasalbas,Apicultores de Menasalbas con cosecha propia en los Montes de Toledo que elaboran mieles y productos derivados.,L-S 09:00-14:00 y 17:00-21:00,+34925407000,info@tiendamieleko.com,https://tiendamieleko.com/,https://www.facebook.com/Mieleko/,https://www.instagram.com/tiendamieleko_/,https://www.google.com/maps/search/?api=1&query=Miel%20Mieleko%2C%20Menasalbas&query_place_id=ChIJqaWgdoxmag0RR4q_0PJi-U4,39.6410143,-4.2836557,/productores/es/castilla-la-mancha/toledo/miel-mieleko-menasalbas.webp,,sí,ecommerce,,8772,es,,,,,
miel-de-melque-san-martin-de-montalban,Miel de Melque,San Martín de Montalbán,Miel,"Miel de Montes de Toledo, enjambres, material vivo apícola",San Martín de Montalbán,Apicultura profesional de tradición familiar vinculada al entorno de Melque y los Montes de Toledo.,Consultar web,,,https://tierrasapicolas.com/listing/miel-de-melque/,https://www.facebook.com/tierrasapicolas/,,,39.7025187,-4.3893132,,pendiente,no comprobado,,,8696,es,,,,,
zaffralia-madridejos,Zaffralia,Madridejos,Condimentos,"Azafrán de La Mancha DOP, azafrán en hebra y mermeladas con azafrán","Polígono Industrial San Sebastián, parcela 27",Empresa familiar de Madridejos que cultiva y comercializa azafrán en hebra y mermeladas con azafrán.,Pedidos personalizados por web,+34637717315,info@zaffralia.com,https://zaffralia.com/,https://www.facebook.com/zaffraliapuroazafran/,https://www.instagram.com/zaffralia/,https://www.google.com/maps/search/?api=1&query=Zaffralia%2C%20Pol%C3%ADgono%20Industrial%20San%20Sebasti%C3%A1n%2C%20parcela%2027&query_place_id=ChIJJWwYcBCRaQ0RBrNV_3scEAE,39.4699854,-3.5323696,/productores/es/castilla-la-mancha/toledo/zaffralia-madridejos.webp,,sí,email|telefono,,12412,es,,,,,
azafran-1994-madridejos,Azafrán 1994,Madridejos,Condimentos,"Azafrán ecológico y DOP Azafrán de La Mancha, bulbos y productos gourmet","Madridejos, Toledo",Empresa familiar de Madridejos que cultiva y envasa azafrán puro en hebra y productos gourmet derivados.,Consultar tienda,+34678244532,info@azafrandecalidad.com,https://azafrandecalidad.com/,https://www.facebook.com/azafran1994/,,https://www.google.com/maps/search/?api=1&query=Azafr%C3%A1n%201994%2C%20Madridejos%2C%20Toledo&query_place_id=ChIJ4cU0EeOQaQ0R1mS27pZ5wco,39.4699854,-3.5323696,/productores/es/castilla-la-mancha/toledo/azafran-1994-madridejos.webp,,sí,ecommerce,,1053,es,,,,,
riet-vell-legumbres-ecologicas-villacanas,Riet Vell - Legumbres ecológicas,Villacañas,Legumbres,"Lentejas pardinas, garbanzos pedrosillanos y legumbres ecológicas de las llanuras castellanas","Villacañas, Toledo",Proyecto de agricultura ecológica que comercializa lentejas y garbanzos cultivados en llanuras manchegas junto a humedales estacionales.,,+34976254818,info@rietvell.com,https://www.rietvell.com/,https://www.facebook.com/RIET-VELL-140647179454686/,https://www.instagram.com/rietvell/,,39.6219709,-3.3302479,/productores/es/castilla-la-mancha/toledo/riet-vell-legumbres-ecologicas-villacanas.webp,,sí,ecommerce,,11113,es,,,,,
legumbres-selectas-la-posada-cabanas-de-la-sagra,Legumbres Selectas La Posada,Cabañas de la Sagra,Legumbres,"Garbanzos, lentejas, alubias y legumbres selectas",Cabañas de la Sagra,Empresa toledana dedicada a selección y distribución de legumbres secas.,Consultar web,,,https://www.proveedores.com/proveedores/legumbres-selectas-la-posada/,,,,40.0080847,-3.9476340,,pendiente,no comprobado,,,8098,es,,,,,
alonso-cuesta-la-torre-de-esteban-hambran,Alonso Cuesta,La Torre de Esteban Hambrán,Vino,"Alonso Cuesta Blanco, Cállate, Cuveé de la Familia, La Garnacha de Lola y Tres Amigos","Plaza de la Constitución, 4, 45920 La Torre de Esteban Hambrán",Bodega familiar con más de un siglo de historia y 33 ha de viñedo que elabora vinos de la DOP Méntrida en un palacio del siglo XVI.,Lunes a viernes 9:00-19:30; sábado 9:00-13:30,+34925795742,comercial@alonsocuesta.com,https://alonsocuesta.com,https://www.facebook.com/BodegasAlonsoCuesta/,,https://www.google.com/maps/search/?api=1&query=Alonso%20Cuesta%2C%20Plaza%20de%20la%20Constituci%C3%B3n%2C%204%2C%2045920%20La%20Torre%20de%20Esteban%20Hambr%C3%A1n&query_place_id=ChIJ-WJ0sxzHQQ0RcvrvAWOA-us,40.1694130,-4.2159096,/productores/es/castilla-la-mancha/toledo/alonso-cuesta-la-torre-de-esteban-hambran.webp,,sí,marketplace,,694,es,,,,,
arrayan-santa-cruz-del-retamar,Arrayán,Santa Cruz del Retamar,Vino,"Arrayán Selección, La Suerte Garnacha y Albillo Real, Finca La Verdosa Garnacha y Graciano","Finca La Verdosa, s/n","Bodega de Finca La Verdosa que cultiva en ecológico y elabora por parcelas vinos de DOP Méntrida y Sierra de Gredos, con Garnacha y Albillo Real entre sus variedades.",Consultar web,+34916633131,pedidos@arrayan.es,https://www.arrayan.es,https://www.facebook.com/laverdosa/,https://www.instagram.com/bodegasarrayan/,,40.1186831,-4.2414455,/productores/es/castilla-la-mancha/toledo/arrayan-santa-cruz-del-retamar.webp,,sí,ecommerce,,932,es,,,,,
bodegas-y-vinedos-gonzalez-camarena,Bodegas y Viñedos González,Camarena,Vino,"Viña Bispo tinto, rosado y blanco; vinos de Cabernet Sauvignon, Tempranillo, Merlot, Syrah, Garnacha, Verdejo y Moscatel","C. Real, 86, 45180 Camarena","Bodega familiar fundada en 1898 que cultiva viñedos en el Valle del Bispo y elabora la gama Viña Bispo.",,+34918174063,bodegasgonzalez@yahoo.es,,,,https://www.google.com/maps/search/?api=1&query=Bodegas%20y%20Vi%C3%B1edos%20Gonz%C3%A1lez%2C%20C.%20Real%2C%2086%2C%2045180%20Camarena&query_place_id=ChIJE7otmSPDQQ0RhI18yU8yYsY,40.0912932,-4.1184141,,pendiente,no comprobado,,,2518,es,,,,,
bodegas-canopy-camarena,Bodegas Canopy,Camarena,Vino,"Canopy, Malpaso, Loco, La Viña Escondida, Estéreo","C. Herreros, 5","Bodega de Camarena centrada en viejas Garnachas de El Real de San Vicente y otras parcelas de la Sierra de Gredos, con viticultura ecológica y mínima intervención.",Consultar web,+34619244878,info@bodegascanopy.com,https://www.bodegascanopy.com,,https://www.instagram.com/bodegascanopy/,https://www.google.com/maps/search/?api=1&query=Bodegas%20Canopy%2C%20C.%20Herreros%2C%205&query_place_id=ChIJNZx4Ip7DQQ0R9IfkBwe-oTw,40.0925817,-4.1212536,/productores/es/castilla-la-mancha/toledo/bodegas-canopy-camarena.webp,,sí,ecommerce,,1876,es,,,,,
condes-de-fuensalida-fuensalida,Condes de Fuensalida,Fuensalida,Vino,"Condes de Fuensalida, Tinto 100 Años, rosado de Garnacha","Avda. San Crispín, 129","Cooperativa fundada en 1974 por 70 viticultores, con viñas de Fuensalida, Santa Cruz del Retamar y Almorox dentro de la DOP Méntrida-Toledo.",Consultar web,+34925784823,info@condesdefuensalida.com,https://condesdefuensalida.com,https://www.facebook.com/condes.defuensalida.9/,https://www.instagram.com/condesfuensalida/,https://www.google.com/maps/search/?api=1&query=Condes%20de%20Fuensalida%2C%20Avda.%20San%20Crisp%C3%ADn%2C%20129&query_place_id=ChIJmb6g8tnaQQ0RW4VykUAcTAM,40.0546976,-4.2011985,/productores/es/castilla-la-mancha/toledo/condes-de-fuensalida-fuensalida.webp,,sí,ecommerce,,4147,es,,,,,
bodegas-hibeu-la-torre-de-esteban-hambran,Bodegas Hibeu,La Torre de Esteban Hambrán,Vino,Hibeu ecológico de Tempranillo y Syrah con seis meses de barrica,"Camino Las Ventas, s/n, 45920 La Torre de Esteban Hambrán","Bodega familiar fundada en 2010 que cultiva viñedos propios con agricultura ecológica y biodinámica para elaborar Hibeu sin clarificar ni filtrar.",,+34825711630,info@bodegashibeu.es,,,,,40.1694130,-4.2159096,,pendiente,no comprobado,,,2060,es,,,,,
lopez-campos-valmojado,López Campos,Valmojado,Vino,"Almavid Blanco de uva tinta, Rosé, Garnacha Roble, Garnacha Crianza y Syrah Reserva","Av. de Madrid, 24, 45940 Valmojado",Bodega López Campos elabora en Valmojado vinos ecológicos Almavid con referencias blancas rosadas de garnacha y syrah.,,+34677315470,info@almavid.com,https://www.almavid.com,https://www.facebook.com/vinosalmavid/,https://www.instagram.com/almavid_organic_wine/,https://www.google.com/maps/search/?api=1&query=L%C3%B3pez%20Campos%2C%20Av.%20de%20Madrid%2C%2024%2C%2045940%20Valmojado&query_place_id=ChIJq5TIffzBQQ0RrTtVxZI7DE0,40.2159955,-4.1014797,/productores/es/castilla-la-mancha/toledo/lopez-campos-valmojado.webp,,sí,ecommerce,,8204,es,,,,,
cooperativa-ntra-sra-de-la-natividad-mentrida,Cooperativa Ntra. Sra. de la Natividad,Méntrida,Vino,"Vega Berciana, Pedromoro, Espinillo, tintos y rosados DOP Méntrida","C. San Roque, 1","Cooperativa de Méntrida dedicada a tintos y rosados de DOP Méntrida, con predominio de Garnacha vieja en vaso y elaboración bajo la marca Vega Berciana.",Consultar web,+34918177004,coopnatividad@gmail.com,https://www.cooperativamentrida.es,,,https://www.google.com/maps/search/?api=1&query=Cooperativa%20Ntra.%20Sra.%20de%20la%20Natividad%2C%20C.%20San%20Roque%2C%201&query_place_id=ChIJ05UTwoC4QQ0RxpCv1uwga9s,40.2371514,-4.1900231,,,sí,ecommerce,,4543,es,,,,,
cooperativa-san-roque-escalona,Cooperativa San Roque,Escalona,Vino,"Señorío de Escalona, Castillo de Escalona, Infante Don Juan Manuel, San Roque y vermut","Camino Viejo de Paredes, 1, 45910 Escalona","Cooperativa vinícola que reúne viticultores de nueve municipios y elabora en Escalona vinos de Garnacha, Cencibel y Syrah.",,+34925780041,coop.sanroque.escalona@gmail.com,https://www.cooperativasanroque.com/,,https://www.instagram.com/sanroque.escalona/,https://www.google.com/maps/search/?api=1&query=Cooperativa%20San%20Roque%2C%20Camino%20Viejo%20de%20Paredes%2C%201%2C%2045910%20Escalona&query_place_id=ChIJ6f9TB880QA0Rr2FP0pnSjNE,40.1665576,-4.4038607,/productores/es/castilla-la-mancha/toledo/cooperativa-san-roque-escalona.webp,,sí,ecommerce,,4592,es,,,,,
cooperativa-santo-domingo-de-guzman-valmojado,Cooperativa Santo Domingo de Guzmán,Valmojado,Vino,"Valdejuana Tinto Syrah, Suertes Viejas Garnacha y Valcabero Rosado","Alameda del Fresno, 14, 45940 Valmojado","Cooperativa vinícola de Valmojado que elabora vinos de Garnacha y Syrah amparados por la DOP Méntrida.",,+34918170904,,https://santodomingodeguzman.com/,,,https://www.google.com/maps/search/?api=1&query=Cooperativa%20Santo%20Domingo%20de%20Guzm%C3%A1n%2C%20Alameda%20del%20Fresno%2C%2014%2C%2045940%20Valmojado&query_place_id=ChIJ2Z7t90bAQQ0RrJFskPnYqHE,40.2100956,-4.0941211,/productores/es/castilla-la-mancha/toledo/cooperativa-santo-domingo-de-guzman-valmojado.webp,,sí,ecommerce,,4603,es,,,,,
bodegas-tavera-arcicollar,Bodegas Tavera,Arcicóllar,Vino,"Tavera Syrah y Cabernet, Tres Culturas Viura y Sauvignon, rosado Garnacha","Ctra. CM-4003, km 22","Bodega familiar fundada en 1917 que trabaja viñedos propios entre Camarena, Arcicóllar y Yunclillos para elaborar vinos de DOP Méntrida.",Consultar web,+34637847777,info@bodegastavera.com,https://www.bodegastavera.com,https://www.facebook.com/Bodegas-Tavera-191776014697982/,https://www.instagram.com/bodegastavera/,https://www.google.com/maps/search/?api=1&query=Bodegas%20Tavera%2C%20Ctra.%20CM-4003%2C%20km%2022&query_place_id=ChIJwXMPod_cQQ0RntXGi8pOx-Y,40.0541018,-4.1159804,/productores/es/castilla-la-mancha/toledo/bodegas-tavera-arcicollar.webp,,sí,ecommerce,,2401,es,,,,,
uva-de-vida-santa-olalla,Uva de Vida,Santa Olalla,Vino,"Biográfico, Latitud 40, Luna, Madre, Septenio, Sol del 19",Santa Olalla,"Bodega familiar de vinos naturales elaborados con uva propia cultivada según los principios de la agricultura biodinámica; su catálogo incluye tintos, espumosos y elaboraciones de Graciano.",Consultar web,+34667252158,uvadevida@uvadevida.com,https://uvadevida.com,https://www.facebook.com/vinolatitud40/,https://www.instagram.com/uvadevida/,https://www.google.com/maps/search/?api=1&query=Uva%20de%20Vida%2C%20Santa%20Olalla&query_place_id=ChIJsbiRIQAtQA0RIJiUQ-CWiu8,40.0236100,-4.4358300,/productores/es/castilla-la-mancha/toledo/uva-de-vida-santa-olalla.webp,,sí,ecommerce,,12037,es,,,,,
vinicola-delgado-la-torre-de-esteban-hambran,Vinícola Delgado,La Torre de Esteban Hambrán,Vino,"Vinos tintos, rosados, blancos y ecológicos de Tempranillo, Garnacha, Syrah, Cabernet Sauvignon, Verdejo y Chardonnay","Ctra. de Méntrida, km 8, 45920 La Torre de Esteban Hambrán","Bodega familiar con más de 50 años de trayectoria y más de 200 hectáreas de viñedo que elabora vino a granel y embotellado.",Lun-Sáb 09:00-14:00,+34925795114,vinicoladelgado_ad@hotmail.com,https://vinicoladelgado.es/,,,https://www.google.com/maps/search/?api=1&query=Vin%C3%ADcola%20Delgado%2C%20Ctra.%20de%20M%C3%A9ntrida%2C%20km%208%2C%2045920%20La%20Torre%20de%20Esteban%20Hambr%C3%A1n&query_place_id=ChIJy7YgQ6PHQQ0REt9wlP6_m24,40.1741589,-4.2163702,/productores/es/castilla-la-mancha/toledo/vinicola-delgado-la-torre-de-esteban-hambran.webp,,no,,,12239,es,,,,,
vinedos-de-camarena-camarena,Viñedos de Camarena,Camarena,Vino,"Bastión blanco, rosado, Garnacha y selección","Ctra. Toledo-Valmojado, km 24,6","Bodega de Camarena que elabora vinos DOP Méntrida de viñedo de secano en vaso sobre suelos arenosos, comercializados principalmente bajo la marca Bastión.",Consultar web,+34918174347,vdecamarena@hotmail.com,https://vdecamarena.com,,https://www.instagram.com/v.decamarena_/,https://www.google.com/maps/search/?api=1&query=Vi%C3%B1edos%20de%20Camarena%2C%20Ctra.%20Toledo-Valmojado%2C%20km%2024%2C6&query_place_id=ChIJW8lgJgDDQQ0RwPITxJMCFYc,40.0925817,-4.1212536,,,sí,ecommerce,,12216,es,,,,,
viticola-mentridana-mentrida,Vitícola Mentridana,Méntrida,Vino,"El Mentridano, El Mentridano Blanco, Las Uvas de la Ira y vinos de parcela de Garnacha","C. Lepanto, 62, 45930 Méntrida","Proyecto vitivinícola centrado en viñedos viejos de Garnacha de Méntrida y continuado por el enólogo Curro Barreño.",,,,,,,,40.2400017,-4.1956097,,pendiente,no,,,12309,es,,,,,
bodegas-atalaque-fuensalida,Bodegas Atalaque,Fuensalida,Vino,"Albillo de la Longuera, Garnacha de La Peraleda, Garnacha del Horcajo y Las Cárcavas","C. Santa Cruz, 28, 45510 Fuensalida","Bodega de vinos de parcela procedentes de El Horcajo, La Peraleda y Las Cárcavas, con viñas de entre 70 y 120 años.",,+34696168873,info@rodriguezdevera.com,https://rodriguezdevera.com/bodegas-atalaque/,,,,40.0559001,-4.2125815,/productores/es/castilla-la-mancha/toledo/bodegas-atalaque-fuensalida.webp,,sí,ecommerce,,1815,es,,,,,
hacienda-villarta-escalona,Hacienda Villarta,Escalona,Vino,"Besanas, La Perdiz y el Tomillo, Tozara, YX, Raro","Ctra. Nacional 403, km 48","Bodega de finca en Escalona, junto al río Alberche y las faldas de Gredos, con viñedos de DOP Méntrida, crianza en barrica y oferta de enoturismo.",Consultar web,+34925740027,agrovillarta@gmail.com,https://www.haciendavillarta.com,,https://www.instagram.com/haciendavillarta_/,,40.1665576,-4.4038607,/productores/es/castilla-la-mancha/toledo/hacienda-villarta-escalona.webp,,sí,ecommerce,,6690,es,,,,,
bodegas-jimenez-landi-mentrida,Bodegas Jiménez-Landi,Méntrida,Vino,"Sotorrondero, Piélago, Ataulfos, garnachas de Méntrida","Avda. Solana, 39","Bodega familiar de Méntrida que cultiva en ecológico viñedos del municipio y viejas Garnachas de El Real de San Vicente sobre suelos arenosos graníticos.",Consultar web,+34918178213,info@jimenezlandi.com,https://www.jimenezlandi.com,,https://www.instagram.com/jimenezlandi/,https://www.google.com/maps/search/?api=1&query=Bodegas%20Jim%C3%A9nez-Landi%2C%20Avda.%20Solana%2C%2039&query_place_id=ChIJSzGupoC4QQ0RlWkuccSsUKY,40.2370067,-4.1924694,,,sí,ecommerce,,2090,es,,,,,
bodegas-carmena-carmena,Bodegas Carmena,Carmena,Vino,"Vino tinto, blanco, rosado y embocado; vermut y Pedro Ximénez","Ctra. de Torrijos, s/n","Bodega familiar fundada en 1954 que embotella vinos de sus viñedos y mantiene venta directa, reparto regional y envíos a toda España.",Consultar web,+34925742170,bodegascarmena@gmail.com,https://www.bodegascarmena.es,https://www.facebook.com/bodegascarmena/,https://www.instagram.com/bodegas_carmena/,https://www.google.com/maps/search/?api=1&query=Bodegas%20Carmena%2C%20Ctra.%20de%20Torrijos%2C%20s%2Fn&query_place_id=ChIJ01Wr3DUrQA0RRnX8FIKf4FM,39.9578170,-4.4020473,/productores/es/castilla-la-mancha/toledo/bodegas-carmena-carmena.webp,,sí,ecommerce,,1888,es,,,,,
cooperativa-san-miguel-arcangel-montearagon,Cooperativa San Miguel Arcángel,Montearagón,Vino,"Vinos de Cencibel, Syrah, Garnacha y Cabernet Sauvignon","Paseo de la Estación, s/n, 45685 Montearagón","Cooperativa fundada en 1966 que reúne a unos 125 viticultores de Montearagón y municipios cercanos.",,+34925865010,smacooperativa@hotmail.com,,,,,39.9621927,-4.6396004,,pendiente,no,,,4590,es,,,,,
cooperativa-ntra-sra-de-gracia-casarrubios-del-monte,Cooperativa Ntra. Sra. de Gracia,Casarrubios del Monte,Vino,,"C. Cordel de Hormigos, s/n, 45950 Casarrubios del Monte","Cooperativa vinícola de Casarrubios del Monte inscrita en la Denominación de Origen Protegida Méntrida.",,+34918172531,coop_gracia@hotmail.com,,,,https://www.google.com/maps/search/?api=1&query=Cooperativa%20Ntra.%20Sra.%20de%20Gracia%2C%20C.%20Cordel%20de%20Hormigos%2C%20s%2Fn%2C%2045950%20Casarrubios%20del%20Monte&query_place_id=ChIJ-fhtwVHqQQ0RGeqq-X_Mdo4,40.1894338,-4.0369310,,pendiente,no,,,4539,es,,,,,
finca-traspinedo-los-cerralbos,Finca Traspinedo,Los Cerralbos,Vino,"Vino tinto y blanco en cajas de seis; vino blanco en bag-in-box de 2 litros","Ctra. A-5, km 92, Los Cerralbos","Bodega familiar que elabora sus vinos con uvas propias de Tempranillo, Syrah, Chardonnay y Moscatel.",,+34609847842,info@fincatraspinedo.com,https://fincatraspinedo.com/,,,,39.9827358,-4.5731216,/productores/es/castilla-la-mancha/toledo/finca-traspinedo-los-cerralbos.webp,,sí,ecommerce,,5886,es,,,,,
finca-constancia-otero,Finca Constancia,Otero,Vino,"Finca Constancia Selección, Parcela 23, Parcela 12, Parcela 52, Altos de la Finca y Fragantia","Camino del Bravo, s/n, 45543 Otero",Bodega de González Byass inaugurada en 2006 y rodeada por un viñedo de precisión dividido en 82 parcelas.,,+34925861535,,https://www.gonzalezbyass.com/es/instalacion/finca-constancia,,,https://www.google.com/maps/search/?api=1&query=Finca%20Constancia%2C%20Camino%20del%20Bravo%2C%20s%2Fn%2C%2045543%20Otero&query_place_id=ChIJMYqOXOYuQA0RnRsQBa68hKM,40.0011174,-4.5153249,,,sí,ecommerce,,5819,es,,,,,
bodegas-la-cerca-casarrubios-del-monte,Bodegas La Cerca,Casarrubios del Monte,Vino,"Don Cecilio, Molino Viejo; vinos tintos, rosados, blancos, crianzas, reservas y embocados","C. Lepanto, 15, 45950 Casarrubios del Monte","Bodega de Casarrubios del Monte que elabora vinos de la DOP Méntrida bajo marcas como Don Cecilio y Molino Viejo.",,+34918172456,jignacio_bodegaslacerca@yahoo.es,,,,https://www.google.com/maps/search/?api=1&query=Bodegas%20La%20Cerca%2C%20C.%20Lepanto%2C%2015%2C%2045950%20Casarrubios%20del%20Monte&query_place_id=ChIJ9YCz1lHqQQ0R_fznSL1uIl8,40.1879279,-4.0357930,,pendiente,no,,,2102,es,,,,,
tavasa-casarrubios-del-monte,Tavasa,Casarrubios del Monte,Destilados y licores,"Cremas, licores, orujos, brandy y ginebra; elaboración para marcas propias","Ctra. Nacional V, km 40,700","Destilería familiar de Casarrubios del Monte, activa desde 1847, que produce y embotella bebidas espirituosas, licores y soluciones de marca propia.",Consultar web,+34918170810,administracion@tavasa.es,https://www.tavasa.es,,,,40.1854050,-4.0377056,/productores/es/castilla-la-mancha/toledo/tavasa-casarrubios-del-monte.webp,,sí,ecommerce,,11761,es,,,,,
cooperativa-virgen-de-la-oliva-almonacid-de-toledo,Cooperativa Virgen de la Oliva,Almonacid de Toledo,Vino,,"Ctra. Toledo-Albacete, 37, 45420 Almonacid de Toledo","Cooperativa vinícola de Almonacid de Toledo que elabora vinos amparados por la Denominación de Origen La Mancha.",,+34925314014,,,,,https://www.google.com/maps/search/?api=1&query=Cooperativa%20Virgen%20de%20la%20Oliva%2C%20Ctra.%20Toledo-Albacete%2C%2037%2C%2045420%20Almonacid%20de%20Toledo&query_place_id=ChIJKxGAps0Eag0Ryae_TY1twTw,39.7538204,-3.8543691,,pendiente,no,,,4615,es,,,,,
cecilio-mingo-herrero-cabezamesada,Cecilio Mingo Herrero,Cabezamesada,Vino,"Viñedos Cecilio Mingo y Las Villartas de Tempranillo, Cencibel y Airén","Avda. Castilla-La Mancha, 8, 45890 Cabezamesada","Bodega familiar fundada en 1954 que trabaja viñedos ecológicos de Tempranillo, Cencibel y Airén en Cabezamesada.",,+34925209100,bodegaceciliomingo@yahoo.es,,,,,39.8166147,-3.1029185,,pendiente,no,,,3561,es,,,,,
cooperativa-la-fe-camunas,Cooperativa La Fe,Camuñas,Vino,Vinos en botella y garrafas de 2 y 5 litros,"C. Cerrillo de la Suela, 46, 45720 Camuñas","Cooperativa vinícola de Camuñas con instalaciones de elaboración y envasado de vino.",,+34925470022,,,,,https://www.google.com/maps/search/?api=1&query=Cooperativa%20La%20Fe%2C%20C.%20Cerrillo%20de%20la%20Suela%2C%2046%2C%2045720%20Camu%C3%B1as&query_place_id=ChIJaRowSdSZaQ0RYp3ONeouRf4,39.4322780,-3.4638330,,pendiente,no,,,4522,es,,,,,
sociedad-cooperativa-la-centinela-consuegra,Sociedad Cooperativa La Centinela,Consuegra,Vino,,"Polígono Industrial, parcela F-1, 45700 Consuegra","Cooperativa vinícola con instalaciones de elaboración en el polígono industrial de Consuegra.",,+34925481076,,,,,,39.4609180,-3.6070786,,pendiente,no,,,11637,es,,,,,
cooperativa-vinicola-de-consuegra-consuegra,Cooperativa Vinícola de Consuegra,Consuegra,Vino,,"C. Industrias, 9, 45700 Consuegra","Cooperativa vinícola de Consuegra dedicada a la comercialización de vinos.",,+34925481095,,,,,,39.4665202,-3.6152264,,pendiente,no,,,4606,es,,,,,
cooperativa-san-isidro-labrador-consuegra-consuegra,Cooperativa San Isidro Labrador,Consuegra,Vino,"Consaburum y Regates; Airén, Sauvignon Blanc, Verdejo, Macabeo, Garnacha, Tempranillo y Syrah","C. Industrias, 44, 45700 Consuegra","Cooperativa fundada en 1958 que reúne a 215 socios y dispone de capacidad para elaborar 18 millones de kilos de uva.",Lun-Vie 08:00-13:30 y 15:30-18:00,+34925481048,coop_san_isidro_consuegra@yahoo.es,,,,https://www.google.com/maps/search/?api=1&query=Cooperativa%20San%20Isidro%20Labrador%2C%20C.%20Industrias%2C%2044%2C%2045700%20Consuegra&query_place_id=ChIJ79QscqyPaQ0RNvhzEk35faY,39.4665202,-3.6152264,,pendiente,no,,,4581,es,,,,,
cooperativa-castillo-de-consuegra-consuegra,Vinícola Castillo de Consuegra,Consuegra,Vino,"Calderico, Castillo de Consuegra y Aire de Fiesta","Ctra. de Alcázar de San Juan, km 0,2, 45700 Consuegra","Cooperativa fundada en 1974, con 250 socios y 1.800 ha de viñedo, integrada en el grupo cooperativo VIDASOL desde 2017.",,+34925481036,info@calderico.com,,,,,39.4609180,-3.6070786,,pendiente,no,,,12234,es,,,,,
bodegas-barreda-corral-de-almaguer,Bodegas Barreda,Corral de Almaguer,Vino,"Torre de Barreda Tempranillo, Graciano, Syrah, Cabernet Sauvignon, Amigos y Pañofino","C. Ramalazo, 2, 45880 Corral de Almaguer",Bodega con 160 ha de viñedo y más de 100.000 botellas anuales que elabora la gama Torre de Barreda en Corral de Almaguer.,,+34925207223,info@bodegas-barreda.com,https://www.bodegas-barreda.com,https://www.facebook.com/torredebarreda?fref=ts/,,https://www.google.com/maps/search/?api=1&query=Bodegas%20Barreda%2C%20C.%20Ramalazo%2C%202%2C%2045880%20Corral%20de%20Almaguer&query_place_id=ChIJ99T3du_NaQ0Rn2Mqq21AOF4,39.7603910,-3.1673956,/productores/es/castilla-la-mancha/toledo/bodegas-barreda-corral-de-almaguer.webp,,no,,,1834,es,,,,,
bodegas-bogarve-1915-madridejos,Bodegas Bogarve 1915,Madridejos,Vino,"LaCruz Vega, Alma de Vega, mistelas y vermut 19Quince","C. Reyes Católicos, 10","Bodega familiar activa en Madridejos desde 1915, con viñedo propio ecológico y elaboración de vinos, mistelas y vermut durante cuatro generaciones.",Consultar web,+34925460820,bogarve@bogarve1915.com,https://bogarve1915.com,https://www.facebook.com/Bogarve1915/,https://www.instagram.com/bogarve1915_lacruzvega/,https://www.google.com/maps/search/?api=1&query=Bodegas%20Bogarve%201915%2C%20C.%20Reyes%20Cat%C3%B3licos%2C%2010&query_place_id=ChIJW1o1S_2QaQ0RBXhhZG3WVSs,39.4699854,-3.5323696,/productores/es/castilla-la-mancha/toledo/bodegas-bogarve-1915-madridejos.webp,,sí,ecommerce,,1850,es,,,,,
bodegas-munoz-noblejas,Bodegas Muñoz,Noblejas,Vino,"Blas Muñoz, Finca Muñoz, Legado Muñoz, Bienvenido Muñoz y Artero","Ctra. de Villarrubia, 11","Bodega familiar iniciada en Noblejas en 1940, con viñedos sobre suelos arcilloso-calcáreos y vinos de Chardonnay, Macabeo, Tempranillo y otras variedades.",Consultar web,+34925140070,info@bodegasmunoz.com,https://www.bodegasmunoz.com,https://www.facebook.com/bodegasmunoz/,https://www.instagram.com/bodegas_munoz/,https://www.google.com/maps/search/?api=1&query=Bodegas%20Mu%C3%B1oz%2C%20Ctra.%20de%20Villarrubia%2C%2011&query_place_id=ChIJV24e6yMLQg0RNdCHzllrQ6E,39.9803187,-3.4403876,/productores/es/castilla-la-mancha/toledo/bodegas-munoz-noblejas.webp,,sí,ecommerce,,2226,es,,,,,
bodegas-montenoble-noblejas,Bodegas Montenoble,Noblejas,Vino,"Lanchares Tempranillo, Lanchares Blanco y Montenoble Tinto","C. Boteros, 23, Polígono Industrial La Carbonera, 45350 Noblejas",Bodega de Noblejas dedicada al embotellado y comercialización de vinos entre ellos Lanchares DOP La Mancha y Montenoble.,,+34925141053,montenoble@montenoble.es,https://www.montenoble.es/,,,https://www.google.com/maps/search/?api=1&query=Bodegas%20Montenoble%2C%20C.%20Boteros%2C%2023%2C%20Pol%C3%ADgono%20Industrial%20La%20Carbonera%2C%2045350%20Noblejas&query_place_id=ChIJnSu0gQMLQg0RYdRrOxd5t2o,39.9803187,-3.4403876,,,no comprobado,,,2216,es,,,,,
bodegas-salvador-alonso-noblejas,Bodegas Salvador Alonso,Noblejas,Vino,"Senda Galiana, Década y Las Jarchas","Ctra. de Villarrubia, 6, 45350 Noblejas","Bodega de Noblejas fundada en 1929 por Carlos Alonso García que elabora Senda Galiana, Década y Las Jarchas.",,+34925141076,,,,,https://www.google.com/maps/search/?api=1&query=Bodegas%20Salvador%20Alonso%2C%20Ctra.%20de%20Villarrubia%2C%206%2C%2045350%20Noblejas&query_place_id=ChIJ85LPSOYLQg0REZJBbkqjDvM,39.9803187,-3.4403876,,pendiente,no,,,2362,es,,,,,
vinos-isidro-diaz-reganon-noblejas,Vinos Isidro Díaz-Regañón,Noblejas,Vino,,"C. Artero, 29, 45350 Noblejas","Bodega de Noblejas dedicada a la elaboración de vinos.",,+34925141106,,,,,https://www.google.com/maps/search/?api=1&query=Vinos%20Isidro%20D%C3%ADaz-Rega%C3%B1%C3%B3n%2C%20C.%20Artero%2C%2029%2C%2045350%20Noblejas&query_place_id=ChIJX6PNqSMLQg0RdVw3L-dZYVo,39.9794026,-3.4377544,,pendiente,no,,,12262,es,,,,,
felix-solis-la-puebla-la-puebla-de-almoradiel,Félix Solís - La Puebla,La Puebla de Almoradiel,Vino,"Caliza, Viña San Juan, Viña Albali, Mucho Más y Los Molinos","Ctra. de Quintanar, s/n, 45840 La Puebla de Almoradiel","Planta de Félix Solís en La Puebla de Almoradiel dedicada a elaborar y embotellar vinos de La Mancha, entre ellos Caliza y Viña San Juan.",,+34925178626,mancha@felixsolis.com,https://www.felixsolis.com,https://www.facebook.com/felixsolis.avantis/,https://www.instagram.com/felixsolisavantis/,https://www.google.com/maps/search/?api=1&query=F%C3%A9lix%20Sol%C3%ADs%20-%20La%20Puebla%2C%20Ctra.%20de%20Quintanar%2C%20s%2Fn%2C%2045840%20La%20Puebla%20de%20Almoradiel&query_place_id=ChIJT15Z-3y1aQ0RHThac6eD9Q4,39.5938893,-3.0757532,/productores/es/castilla-la-mancha/toledo/felix-solis-la-puebla-la-puebla-de-almoradiel.webp,,sí,ecommerce,,5785,es,,,,,
bodegas-entremontes-quintanar-de-la-orden,Bodegas Entremontes,Quintanar de la Orden,Vino,"Entremontes Tempranillo, Airén y Viura; Clavelito, Alto Blanco y AOVE","Avda. IV Centenario, 48","Cooperativa fundada en 1954 que elabora en Quintanar de la Orden vinos convencionales y ecológicos, además de aceite de oliva virgen extra.",Consultar web,+34925180237,tienda@bodegasentremontes.com,https://www.bodegasentremontes.com,https://www.facebook.com/EntremontesBodegas/,https://www.instagram.com/entremontesbodegas/,https://www.google.com/maps/search/?api=1&query=Bodegas%20Entremontes%2C%20Avda.%20IV%20Centenario%2C%2048&query_place_id=ChIJmb8-1mdKaA0RybOiaX1DehM,39.5942663,-3.0397217,/productores/es/castilla-la-mancha/toledo/bodegas-entremontes-quintanar-de-la-orden.webp,,sí,ecommerce,,1997,es,,,,,
bodegas-leganza-quintanar-de-la-orden,Bodegas Leganza,Quintanar de la Orden,Vino,"Leganza Verdejo, Leganza Rosado Selección Familia y vinos de Finca Los Trenzones","Av. IV Centenario, s/n, 45800 Quintanar de la Orden",Bodega de Familia Martínez Zabala con 1.000 ha de viñedo en Finca Los Trenzones y vinos de la IGP Castilla.,,+34925564452,info@bodegasleganza.com,https://www.bodegasleganza.com/,,,https://www.google.com/maps/search/?api=1&query=Bodegas%20Leganza%2C%20Av.%20IV%20Centenario%2C%20s%2Fn%2C%2045800%20Quintanar%20de%20la%20Orden&query_place_id=ChIJLU8xpO5JaA0RhcpCTlrG5bQ,39.5942663,-3.0397217,/productores/es/castilla-la-mancha/toledo/bodegas-leganza-quintanar-de-la-orden.webp,,sí,ecommerce,,2132,es,,,,,
bodegas-la-estacion-santa-cruz-de-la-zarza,Bodegas La Estación,Santa Cruz de la Zarza,Vino,"Viñas de Riboche, Encaño, Velsinia, Vicus, Clarius y Bodegas La Defensa","Avda. Castilla-La Mancha, 38, 45370 Santa Cruz de la Zarza","Cooperativa creada en 2010 mediante la fusión de La Defensa y El Remedio, productora de vinos con D.O. La Mancha y D.O. Uclés.",Lun-Jue 07:00-15:00; Vie 08:00-13:00,+34925143234,info@bodegaslaestacion.es,https://bodegaslaestacion.es/,,,https://www.google.com/maps/search/?api=1&query=Bodegas%20La%20Estaci%C3%B3n%2C%20Avda.%20Castilla-La%20Mancha%2C%2038%2C%2045370%20Santa%20Cruz%20de%20la%20Zarza&query_place_id=ChIJ3cbSgdN4Qg0R6BeXzfcVuNY,39.9810073,-3.1888765,/productores/es/castilla-la-mancha/toledo/bodegas-la-estacion-santa-cruz-de-la-zarza.webp,,no,,,2107,es,,,,,
cooperativa-ntra-sra-de-los-remedios-sonseca,Cooperativa Ntra. Sra. de los Remedios,Sonseca,Vino,"Los Risquillos tinto y blanco; Torre Tolanca blanco","C. de la Cooperativa, 2, 45100 Sonseca","Cooperativa fundada en 1967 que elabora y embotella vinos de viñedo propio y cuenta con instalaciones de crianza.",,+34925380322,delosremedios@hotmail.com,,,,https://www.google.com/maps/search/?api=1&query=Cooperativa%20Ntra.%20Sra.%20de%20los%20Remedios%2C%20C.%20de%20la%20Cooperativa%2C%202%2C%2045100%20Sonseca&query_place_id=ChIJzY5rFVARag0RDUEt7JYz23w,39.6734882,-3.9845845,,pendiente,no,,,4544,es,,,,,
cooperativa-la-humildad-el-toboso,Cooperativa La Humildad - Bodegas Quiñón de Rosales,El Toboso,Vino,"Quiñón de Rosales y Galán de Dulcinea; Airén, Macabeo, Sauvignon Blanc, Verdejo, Garnacha y Tempranillo","Avda. Castilla-La Mancha, 6, 45820 El Toboso","Cooperativa fundada en 1917, con más de 730 socios y unas 3.100 ha de viñedo, que puede recibir hasta 20 millones de kilos de uva.",,+34925197043,info@vinosdeltoboso.com,https://xn--bodegasquionderosales-lbc.es/,,,https://www.google.com/maps/search/?api=1&query=Cooperativa%20La%20Humildad%20-%20Bodegas%20Qui%C3%B1%C3%B3n%20de%20Rosales%2C%20Avda.%20Castilla-La%20Mancha%2C%206%2C%2045820%20El%20Toboso&query_place_id=ChIJTVnhbMJOaA0RJbBxGsq5sSU,39.5134190,-2.9932566,/productores/es/castilla-la-mancha/toledo/cooperativa-la-humildad-el-toboso.webp,,no,,,4524,es,,,,,
cooperativa-ntra-sra-del-rosario-turleque,Cooperativa Nuestra Señora del Rosario de Turleque,Turleque,Vino,,"C. Mora, 50, 45789 Turleque",Cooperativa vinícola de Turleque dedicada a la elaboración de vino.,Consultar por teléfono,+34925327017,,,,,https://www.google.com/maps/search/?api=1&query=Cooperativa%20Nuestra%20Se%C3%B1ora%20del%20Rosario%20de%20Turleque%2C%20C.%20Mora%2C%2050%2C%2045789%20Turleque&query_place_id=ChIJRwy9W9HyaQ0RfE_0PSs4y2g,39.6012710,-3.6163950,,pendiente,no,,,4555,es,,,,,
cooperativa-cristo-de-la-vera-cruz-urda,Cooperativa de Vinos Santísimo Cristo de la Vera Cruz,Urda,Vino,,"Ctra. de Consuegra, 2, 45480 Urda",Cooperativa vinícola de Urda dedicada a la elaboración de vino.,Consultar por teléfono,+34925472264,,,,,https://www.google.com/maps/search/?api=1&query=Cooperativa%20de%20Vinos%20Sant%C3%ADsimo%20Cristo%20de%20la%20Vera%20Cruz%2C%20Ctra.%20de%20Consuegra%2C%202%2C%2045480%20Urda&query_place_id=ChIJN_6urcWHaQ0R7p265ZWSWYQ,39.4159100,-3.7167560,,pendiente,no,,,4487,es,,,,,
monte-la-villa-la-villa-de-don-fadrique,S.A.T. 7536 Monte La Villa,La Villa de Don Fadrique,Vino,Vinos de Airén,"Haza del Santo, s/n, 45850 La Villa de Don Fadrique","Bodega cooperativa de La Villa de Don Fadrique que elabora y embotella vinos, con especial presencia de la variedad Airén.",Consultar por teléfono o correo,+34925195990,oficina@montelavilla.es,,,,https://www.google.com/maps/search/?api=1&query=S.A.T.%207536%20Monte%20La%20Villa%2C%20Haza%20del%20Santo%2C%20s%2Fn%2C%2045850%20La%20Villa%20de%20Don%20Fadrique&query_place_id=ChIJz36UDDPIaQ0RRzB0KSBKAfc,39.6204028,-3.2199837,,pendiente,no,,,11195,es,,,,,
s-a-t-don-fadrique-la-villa-de-don-fadrique,S.A.T. Don Fadrique,La Villa de Don Fadrique,Vino,"Lagar del Infante Airén, Tempranillo y Syrah; Silo del Conde","P.º Dos de Mayo, 11, 45850 La Villa de Don Fadrique","S.A.T. vinícola fundada en 1980, formada por 212 socios y con capacidad para recibir unos 11 millones de kilos de uva; embotella sus vinos desde 2009.",Consultar web,+34925195008,gerencia@bodegasdonfadrique.es,https://www.bodegasdonfadrique.es/,,,https://www.google.com/maps/search/?api=1&query=S.A.T.%20Don%20Fadrique%2C%20P.%C2%BA%20Dos%20de%20Mayo%2C%2011%2C%2045850%20La%20Villa%20de%20Don%20Fadrique&query_place_id=ChIJo71849PJaQ0Rf3yvjW87fFg,39.6125879,-3.2096980,/productores/es/castilla-la-mancha/toledo/s-a-t-don-fadrique-la-villa-de-don-fadrique.webp,,no,,,11198,es,,,,,
bodegas-j-santos-la-villa-de-don-fadrique,Bodegas J. Santos,La Villa de Don Fadrique,Vino,"Julián Santos Blanco Joven, Sauvignon Blanc, Tempranillo, Crianza y Roble; Don Fadrique Reserva y Gran Reserva","C. Sagunto, 6, 45850 La Villa de Don Fadrique",Bodega familiar activa desde 1908 que elabora y cría vinos con uva propia procedente de tres fincas y 600 hectáreas de viñedo.,Consultar web,+34925195120,info@bodegasjsantos.com,https://www.bodegasjsantos.com/,,,https://www.google.com/maps/search/?api=1&query=Bodegas%20J.%20Santos%2C%20C.%20Sagunto%2C%206%2C%2045850%20La%20Villa%20de%20Don%20Fadrique&query_place_id=ChIJLxUDXNPJaQ0RPTh5NZ_J5PM,39.6128397,-3.2182315,/productores/es/castilla-la-mancha/toledo/bodegas-j-santos-la-villa-de-don-fadrique.webp,,sí,ecommerce,,2085,es,,,,,
cooperativa-san-isidro-labrador-don-fadrique-la-villa-de-don-fadrique,Cooperativa San Isidro Labrador,La Villa de Don Fadrique,Vino,Vinos de Airén,"C. Sagunto, 25, 45850 La Villa de Don Fadrique",Cooperativa vinícola de La Villa de Don Fadrique incluida como bodega elaboradora de la D.O. La Mancha.,Consultar por teléfono o correo,+34925195186,isivilla@airtel.net,,,,https://www.google.com/maps/search/?api=1&query=Cooperativa%20San%20Isidro%20Labrador%2C%20C.%20Sagunto%2C%2025%2C%2045850%20La%20Villa%20de%20Don%20Fadrique&query_place_id=ChIJzyeyXdPJaQ0R-y__L6kUL1w,39.6128397,-3.2182315,,pendiente,no,,,4582,es,,,,,
estancia-lacal-la-villa-de-don-fadrique,Estancia Lacal Viñedos y Crianzas,La Villa de Don Fadrique,Vino,Estancia Lacal,"Ctra. de Lillo, 17, 45850 La Villa de Don Fadrique",Sociedad vinícola de La Villa de Don Fadrique dedicada a la elaboración y crianza de vino bajo la marca Estancia Lacal.,Consultar por teléfono,+34925195996,,,,,,39.6224978,-3.2240192,,pendiente,no comprobado,,,5663,es,,,,,
vihucas-villacanas,Vihucas,Villacañas,Vino,"Red Love, Finca La Sendilla, 8 Tickets, Ú Vermú","Ctra. Madridejos, s/n","Bodega familiar iniciada en 1980 con 26 hectáreas de viñedo propio; elabora tintos de Cencibel, Merlot y Graciano y un vermú vínico.",Visitas con cita previa,+34925160309,info@vihucas.com,http://vihucas.com,,,,39.5606111,-3.4083784,,pendiente,no,,,12163,es,,,,,
bodegas-guillermo-villacanas,Bodegas José Luis Guillermo Mendieta,Villacañas,Vino,"Viña Cibelina, Cibelino, Don Alberto y Viña La Ría","Av. de La Mancha, 60, 45860 Villacañas","Bodega familiar de Villacañas dedicada a la elaboración y embotellado de vinos, con instalaciones históricas en la avenida de La Mancha.",Consultar por teléfono o correo,+34925160439,carlos@bodegasguillermo.com,,,,https://www.google.com/maps/search/?api=1&query=Bodegas%20Jos%C3%A9%20Luis%20Guillermo%20Mendieta%2C%20Av.%20de%20La%20Mancha%2C%2060%2C%2045860%20Villaca%C3%B1as&query_place_id=ChIJw-HuCzrHaQ0Rq6zEeXCeuno,39.6237532,-3.3319022,,pendiente,no comprobado,,,2094,es,,,,,
cooperativa-angel-del-alcazar-villacanas,Cooperativa Ángel del Alcázar,Villacañas,Vino,"Hacedor; Camino Tirez Airén, Tempranillo, Syrah y rosado semidulce","Av. de La Mancha, 71, 45860 Villacañas","Cooperativa vitivinícola fundada en 1964, con 320 socios, que elabora vinos y aceite de oliva virgen extra en Villacañas.",Lun-Vie 09:00-14:00 y 15:30-18:30,+34925160548,angeldelalcazar@gmail.com,https://cooperativaangeldelalcazar.com/,,,https://www.google.com/maps/search/?api=1&query=Cooperativa%20%C3%81ngel%20del%20Alc%C3%A1zar%2C%20Av.%20de%20La%20Mancha%2C%2071%2C%2045860%20Villaca%C3%B1as&query_place_id=ChIJmQEaWDbHaQ0RqoIMgXJBa8k,39.6288410,-3.3320660,/productores/es/castilla-la-mancha/toledo/cooperativa-angel-del-alcazar-villacanas.webp,,sí,ecommerce,,4458,es,,,,,
cooperativa-san-antonio-abad-villacanas-villacanas,Bodegas San Antonio Abad,Villacañas,Vino,"Vinos D.O. La Mancha, bag in box y AOVE","C. Afueras, 17, 45860 Villacañas",Cooperativa fundada en 1954 para elaborar y comercializar los vinos de sus socios; produce también aceite de oliva virgen extra.,Consultar web,+34925160414,administracion@sanantonioabad.es,https://sanantonioabad.es/,,,https://www.google.com/maps/search/?api=1&query=Bodegas%20San%20Antonio%20Abad%2C%20C.%20Afueras%2C%2017%2C%2045860%20Villaca%C3%B1as&query_place_id=ChIJLeh4FUbHaQ0RFEr6WHfE_VE,39.6213826,-3.3392996,/productores/es/castilla-la-mancha/toledo/cooperativa-san-antonio-abad-villacanas-villacanas.webp,,sí,ecommerce,,2365,es,,,,,
vinedos-mejorantes-villacanas,Viñedos Mejorantes,Villacañas,Vino,"Portillejo Cabernet Sauvignon, Merlot, Syrah y Crianza","Ctra. Villafranca, km 2","Bodega constituida en 1994 en el paraje El Portillejo, pionera en La Mancha en vinos varietales de Cabernet Sauvignon y Merlot.",Consultar por teléfono,+34925201036,,,,,,39.6097280,-3.3382009,,pendiente,no comprobado,,,12219,es,,,,,
cooperativa-cristo-de-santa-ana-villafranca-de-los-caballeros,Cooperativa Cristo de Santa Ana (Velador),Villafranca de los Caballeros,Vino,"Velador Airén, Cencibel, Macabeo-Airén y rosado","Av. de Herencia, 24, 45730 Villafranca de los Caballeros","Cooperativa fundada en 1961 que elabora vinos, AOVE y azafrán, con líneas ecológicas y convencionales bajo la marca Velador.",Consultar web,+34926578022,administracion@velador.es,https://www.velador.es/es/,,,https://www.google.com/maps/search/?api=1&query=Cooperativa%20Cristo%20de%20Santa%20Ana%20%28Velador%29%2C%20Av.%20de%20Herencia%2C%2024%2C%2045730%20Villafranca%20de%20los%20Caballeros&query_place_id=ChIJWYg8nECjaQ0RuuYkfAgdSW4,39.4263038,-3.3598689,/productores/es/castilla-la-mancha/toledo/cooperativa-cristo-de-santa-ana-villafranca-de-los-caballeros.webp,,sí,ecommerce,,4470,es,,,,,
bodegas-casagrande-villamuelas,Bodegas Casagrande,Villamuelas,Vino,,"C. Matadero, 1, 45749 Villamuelas",Bodega de Villamuelas dedicada a la fabricación y venta de vino.,Consultar por teléfono,+34925346524,,,,,https://www.google.com/maps/search/?api=1&query=Bodegas%20Casagrande%2C%20C.%20Matadero%2C%201%2C%2045749%20Villamuelas&query_place_id=ChIJl0v4vJj4aQ0RZrWyj5BKxDo,39.8195004,-3.7363494,,pendiente,no,,,1894,es,,,,,
bodegas-verduguez-villanueva-de-alcardete,Bodegas Verduguez,Villanueva de Alcardete,Vino,"Imperial Toledo, Tierra Imperial, Hidalgo de Castilla, Vereda Mayor y Palacios Reales","C. Los Hinojosos, 1, 45810 Villanueva de Alcardete","Bodega de Villanueva de Alcardete que elabora, embotella y cría vinos de la DOP La Mancha desde hace varias décadas.",Venta directa 8:00-19:00,+34925167493,info@bodegasverduguez.com,,https://www.facebook.com/BodegasVerduguez,,https://www.google.com/maps/search/?api=1&query=Bodegas%20Verduguez%2C%20C.%20Los%20Hinojosos%2C%201%2C%2045810%20Villanueva%20de%20Alcardete&query_place_id=ChIJjyoI25s2aA0R7eV5El6l6Bg,39.6680306,-3.0111796,,pendiente,no comprobado,,,2454,es,,,,,
cuevas-santoyo-villanueva-de-alcardete,Cuevas Santoyo,Villanueva de Alcardete,Vino,"Cuevas Santoyo Brut, Semiseco y Rosado, Gold 24K, Carolus Reserva Imperial y Gotas de Plata","Ctra. Quintanar, km 2, 45810 Villanueva de Alcardete",Bodega de Villanueva de Alcardete especializada en vinos espumosos Cueva elaborados por método tradicional además de vinos tranquilos.,,+34925167536,vr@cuevassantoyo.com,https://www.cuevassantoyo.com,https://www.facebook.com/cuevassantoyo/,,https://www.google.com/maps/search/?api=1&query=Cuevas%20Santoyo%2C%20Ctra.%20Quintanar%2C%20km%202%2C%2045810%20Villanueva%20de%20Alcardete&query_place_id=ChIJJyYL5ik0aA0RIJVa-szJlg0,39.6947959,-3.0383688,/productores/es/castilla-la-mancha/toledo/cuevas-santoyo-villanueva-de-alcardete.webp,,no comprobado,,,4705,es,,,,,
bodegas-alcardet-villanueva-de-alcardete,Bodegas Alcardet,Villanueva de Alcardete,Vino,"Alcardet Sauvignon Blanc, Garnacha Rosado, Tempranillo Roble, 12 Meses Cencibel, GEA y Vinos Cueva","C. Mayor, 130, 45810 Villanueva de Alcardete",Bodega familiar fundada en 1972 pionera en cultivo ecológico y elaboradora de vinos y espumosos Cueva en Villanueva de Alcardete.,,+34925166375,administracion@alcardet.com,https://alcardet.com/,https://www.facebook.com/bodegasalcardet.ntrasradelpilar/,https://www.instagram.com/bodegasalcardet/,https://www.google.com/maps/search/?api=1&query=Bodegas%20Alcardet%2C%20C.%20Mayor%2C%20130%2C%2045810%20Villanueva%20de%20Alcardete&query_place_id=ChIJVexm9CA0aA0RzKtZQwrLkAI,39.6947959,-3.0383688,/productores/es/castilla-la-mancha/toledo/bodegas-alcardet-villanueva-de-alcardete.webp,,sí,ecommerce,,1771,es,,,,,
bodegas-latue-villanueva-de-alcardete,Bodegas Latúe,Villanueva de Alcardete,Vino,"By Latúe, Pingorote, Clearly Organic, LATIERRA, Toscar y vinos ecológicos","Camino de la Esperilla, s/n",Cooperativa de Villanueva de Alcardete especializada en vinos ecológicos y veganos con marcas propias para mercado nacional e internacional.,,+34925166350,info@latue.com,https://latue.es/,https://www.facebook.com/LatueCOM/,https://www.instagram.com/latuecom/,https://www.google.com/maps/search/?api=1&query=Bodegas%20Lat%C3%BAe%2C%20Camino%20de%20la%20Esperilla%2C%20s%2Fn&query_place_id=ChIJdTHy-n4xaA0RqZYdr5xm1xo,39.6947959,-3.0383688,/productores/es/castilla-la-mancha/toledo/bodegas-latue-villanueva-de-alcardete.webp,,no comprobado,,,2128,es,,,,,
cooperativa-ntra-sra-de-castellar-villarrubia-de-santiago,Cooperativa Nuestra Señora del Castellar,Villarrubia de Santiago,Vino,Vino y aceite de oliva,"C. Cirilo Cantero, 14, 45360 Villarrubia de Santiago",Cooperativa agraria de Villarrubia de Santiago dedicada a la elaboración de vino y aceite de oliva.,Consultar por teléfono,+34925150059,,,,,https://www.google.com/maps/search/?api=1&query=Cooperativa%20Nuestra%20Se%C3%B1ora%20del%20Castellar%2C%20C.%20Cirilo%20Cantero%2C%2014%2C%2045360%20Villarrubia%20de%20Santiago&query_place_id=ChIJQzn-QFB0Qg0RgO-lf3sYDBc,39.9812350,-3.3706701,,pendiente,no,,,4553,es,,,,,
bodegas-hermanos-rubio-villasequilla,Bodegas Hermanos Rubio,Villasequilla,Vino,"Señorío de Zocodover, Viña Alambrada y Ribera del Cedrón","Ctra. de Algodor, s/n, 45740 Villasequilla","Bodega familiar fundada en 1934 que elabora, embotella y cría vinos de la D.O. La Mancha en Villasequilla.",Consultar por teléfono,+34925310284,,,,,https://www.google.com/maps/search/?api=1&query=Bodegas%20Hermanos%20Rubio%2C%20Ctra.%20de%20Algodor%2C%20s%2Fn%2C%2045740%20Villasequilla&query_place_id=ChIJOWWiKGH_aQ0Raa5gn044GR8,39.8696600,-3.7226300,,pendiente,no,,,2057,es,,,,,
cooperativa-san-isidro-villasequilla-villasequilla,Cooperativa San Isidro de Villasequilla de Yepes,Villasequilla,Vino,Vino y aceite de oliva,"Ctra. de Villamuelas, 48, 45740 Villasequilla","Cooperativa agraria de Villasequilla, fundada en 1955, dedicada a la elaboración de vino y aceite de oliva.",Consultar por teléfono,+34925310041,,,,,https://www.google.com/maps/search/?api=1&query=Cooperativa%20San%20Isidro%20de%20Villasequilla%20de%20Yepes%2C%20Ctra.%20de%20Villamuelas%2C%2048%2C%2045740%20Villasequilla&query_place_id=ChIJkR_m0nP_aQ0RwAonw3FUyhc,39.8762661,-3.7310065,,pendiente,no,,,4580,es,,,,,
bodegas-del-muni-villatobas,Bodegas del Muni,Villatobas,Vino,"Corpus del Muni, Perea Navarro, Blanca Selección, Sara Selección","Ctra. de Lillo, 48","Bodega familiar creada en 2000 por la familia Perea Contreras para elaborar vinos de sus 64 hectáreas de viñedo propio en Villatobas.",Enoturismo y catas con reserva,+34925152511,info@bodegasdelmuni.com,https://bodegasdelmuni.com,,,https://www.google.com/maps/search/?api=1&query=Bodegas%20del%20Muni%2C%20Ctra.%20de%20Lillo%2C%2048&query_place_id=ChIJRTIsltjYaQ0RuGgnIAb7qFs,39.8952811,-3.3231201,/productores/es/castilla-la-mancha/toledo/bodegas-del-muni-villatobas.webp,,sí,ecommerce,,1951,es,,,,,
cooperativa-ntra-sra-de-la-asuncion-villatobas,Cooperativa Ntra. Sra. de la Asunción,Villatobas,Vino,"Morayo blanco, Don Andrés tinto","C. Santa Misión, 19","Cooperativa fundada en 1957 como almazara y reconvertida en bodega en 1966; continúa inscrita como elaboradora de la D.O. La Mancha en Villatobas.",Consultar por teléfono,+34925152102,facturacion.vinotobas@ucaman.es,,,,https://www.google.com/maps/search/?api=1&query=Cooperativa%20Ntra.%20Sra.%20de%20la%20Asunci%C3%B3n%2C%20C.%20Santa%20Misi%C3%B3n%2C%2019&query_place_id=ChIJZQN0LT7ZaQ0RchRq_MEcHrA,39.9055280,-3.3248890,,pendiente,no,,,4542,es,,,,,
bodegas-garron-los-yebenes,Bodegas Garrón,Los Yébenes,Vino,"El Madroñal, Garroncete","C. Fernández de los Ríos, s/n","Bodega familiar fundada en 1942 y vinculada históricamente a la D.O. La Mancha; elaboró las gamas El Madroñal y Garroncete en blanco, tinto y rosado.",Consultar por teléfono,+34925320140,,,,,,39.5808523,-3.8636079,,pendiente,no comprobado,,,2033,es,,,,,
casa-del-valle-yepes,Bodegas y Viñedos Casa del Valle,Yepes,Vino,"Valdelagua, Finca Valdelagua, Hacienda Casa del Valle, Acantus","CM-4004, km 47,700","Bodega del Grupo Olarra iniciada en 2000 en Finca Valdelagua, con 82 hectáreas de viñedo propio y elaboración integral bajo filosofía château.",Visitas y enoturismo con reserva,+34925155533,casadelvalle@bodegasolarra.es,https://www.grupobodegasolarra.com/bodegas/casa-del-valle/,https://www.facebook.com/BodegasOlarra/,https://www.instagram.com/bodegas_olarra/,https://www.google.com/maps/search/?api=1&query=Bodegas%20y%20Vi%C3%B1edos%20Casa%20del%20Valle%2C%20CM-4004%2C%20km%2047%2C700&query_place_id=ChIJKXN6fWgAQg0R0OIg715amSg,39.9177419,-3.6763045,,,sí,ecommerce,,2503,es,,,,,
cooperativa-del-campo-yepes-yepes,Cooperativa Campo de Yepes (Bodegas Serrano),Yepes,Vino,Vinos de Bodegas Serrano,"C. del Monte, s/n","Cooperativa vitivinícola constituida en 1985, activa en Yepes y registrada con Bodegas Serrano como nombre comercial.",Consultar por teléfono,+34925154180,,,,,https://www.google.com/maps/search/?api=1&query=Cooperativa%20Campo%20de%20Yepes%20%28Bodegas%20Serrano%29%2C%20C.%20del%20Monte%2C%20s%2Fn&query_place_id=ChIJ38HFVqH9aQ0RwJRC137Mr9E,39.9041796,-3.6290813,,pendiente,no,,,4462,es,,,,,
cooperativa-del-campo-de-yebenes-los-yebenes,Cooperativa Vinícola Los Yébenes,Los Yébenes,Vino,Vinos de Los Yébenes,"C. Fernández de los Ríos, s/n","Cooperativa vinícola de Los Yébenes inscrita en Castilla-La Mancha con actividad de elaboración y comercio de vino.",Consultar por teléfono,+34925320303,,,,,,39.5823444,-3.8702361,,pendiente,no,,,4611,es,,,,,
industrias-carnicas-tello-totanes,Industrias Cárnicas Tello,Totanés,Carne,"Jamón cocido Tello, Curatel, Esencia, Valle y quesos Curalmayor y Peña Vieja","Ctra. Navalpino, km 27,8","Grupo alimentario con planta principal en Totanés que elabora jamón cocido, charcutería, productos cárnicos y quesos de marcas propias.",,+34925400205,info@tello.es,https://www.tello.es/,https://www.facebook.com/TelloAlimentacion/,https://www.instagram.com/telloalimentacion/,,39.7102971,-4.2245753,/productores/es/castilla-la-mancha/toledo/industrias-carnicas-tello-totanes.webp,,no,,,7127,es,,,,,
embutidos-y-jamones-espana-e-hijos-escalonilla,Embutidos y Jamones España e Hijos,Escalonilla,Carne,"Jamón serrano, lomo embuchado, embutidos curados","Ctra. Torrijos-Puebla de Montalbán, km 9,1","Empresa cárnica de Escalonilla especializada en curación de jamón serrano y embutidos, con exportación internacional.",Consultar web,+34925758223,info@espanahijos.com,https://www.espanahijos.com/,https://www.facebook.com/miguelespanaehijos/,https://www.instagram.com/miguelespanaehijos/,https://www.google.com/maps/search/?api=1&query=Embutidos%20y%20Jamones%20Espa%C3%B1a%20e%20Hijos%2C%20Ctra.%20Torrijos-Puebla%20de%20Montalb%C3%A1n%2C%20km%209%2C1&query_place_id=ChIJj4B6kaB_ag0RSyxs1WSbEwE,39.9249689,-4.3488172,/productores/es/castilla-la-mancha/toledo/embutidos-y-jamones-espana-e-hijos-escalonilla.webp,pendiente,no comprobado,,,5554,es,,,,,
embutidos-alia-escalonilla,Embutidos Alia,Escalonilla,Carne,"Embutidos caseros, chorizo, morcilla y carnes frescas","C. Armas, 24, 45517 Escalonilla","Empresa familiar constituida en 2006 que elabora productos cárnicos y mantiene carnicería-charcutería propia en Escalonilla.","Martes a sábado, 9:00-14:00",+34616914430,,,,,https://www.google.com/maps/search/?api=1&query=Embutidos%20Alia%2C%20C.%20Armas%2C%2024%2C%2045517%20Escalonilla&query_place_id=ChIJIVt55KPVQQ0RCN-s_205aGk,39.9243320,-4.3508392,,pendiente,no comprobado,,,5381,es,,,,,
xocolalla-santa-olalla,Xocolalla,Santa Olalla,Chocolate,"Bombones, frutas con chocolate, barritas Zombys, chocolatinas Xocobites, grageas Xocoperlas y turrones","Ctra. de Alcabón, 9 bis, 45530 Santa Olalla",Fábrica de chocolate artesanal de Santa Olalla que continúa una tradición confitera familiar iniciada hacia 1850.,Lunes a viernes 8:00-13:00 y 15:00-18:00,+34635264820,info@xocolalla.es,https://xocolalla.es/,https://www.facebook.com/xocolalla/,https://www.instagram.com/xocolalla/,https://www.google.com/maps/search/?api=1&query=Xocolalla%2C%20Ctra.%20de%20Alcab%C3%B3n%2C%209%20bis%2C%2045530%20Santa%20Olalla&query_place_id=ChIJk8NbjLstQA0RGEWltQTo5FE,40.0256575,-4.4208908,/productores/es/castilla-la-mancha/toledo/xocolalla-santa-olalla.webp,,sí,ecommerce,,12377,es,,,,,
delaviuda-alimentacion-sonseca,Delaviuda Alimentación,Sonseca,Chocolate,"Turrón blando y duro, mazapán, panettone, chocolates, bombones y especialidades navideñas","Ctra. Madrid-Ciudad Real, km 95,200","Grupo confitero con centro productivo en Sonseca y marcas como Delaviuda, El Almendro y Cacao Sampaka.",,+34925380400,,https://delaviuda.com/,https://www.facebook.com/LaConfiteriaDelaviuda,https://www.instagram.com/lcdelaviuda/,https://www.google.com/maps/search/?api=1&query=Delaviuda%20Alimentaci%C3%B3n%2C%20Ctra.%20Madrid-Ciudad%20Real%2C%20km%2095%2C200&query_place_id=ChIJdQcHu4MRag0RvPdxggaKSgk,39.6797915,-3.9776083,,,sí,ecommerce,,4792,es,,,,,
panaderia-manzano,Panadería Manzano,Toledo,Pan y cereal,"Panes de masa madre, bollería, pastelería, tartas y encargos para eventos","C. Reino Unido, 4, 45005 Toledo",Negocio familiar con obrador propio que elabora pan bollería pastelería y tartas para sus tiendas y cafeterías de Toledo.,,+34925257183,info@panaderiamanzano.es,https://panaderiamanzano.es/,https://www.facebook.com/panaderiamanzanooriginal/,https://www.instagram.com/panaderiamanzano_original/,https://www.google.com/maps/search/?api=1&query=Panader%C3%ADa%20Manzano%2C%20C.%20Reino%20Unido%2C%204%2C%2045005%20Toledo&query_place_id=ChIJF7sSHvcKag0RZFkOarcqKo8,39.8818177,-4.0333193,/productores/es/castilla-la-mancha/toledo/panaderia-manzano.webp,,sí,email|telefono,,9582,es,,,,,
el-obrador-del-abuelo,El Obrador del Abuelo,Toledo,Pan y cereal,"Pan artesano, bollería, dulces tradicionales","P.º Federico García Lorca, 5D, Polígono Residencial","Obrador de pan artesano creado en Toledo en 2003, con elaboración propia y tradición panadera familiar.",Lunes a sábado 8:00-14:00 y 17:00-20:00; domingo 8:00-14:00,+34925230903,,https://www.elobradordelabuelo.es/contacto.php,https://www.facebook.com/people/El-Obrador-del-Abuelo/100054437081544,https://www.instagram.com/elobradordelabuelo/,https://www.google.com/maps/search/?api=1&query=El%20Obrador%20del%20Abuelo%2C%20P.%C2%BA%20Federico%20Garc%C3%ADa%20Lorca%2C%205D%2C%20Pol%C3%ADgono%20Residencial&query_place_id=ChIJPemxfP0Iag0RUPZi53dn6kA,39.8680696,-3.9426675,,pendiente,no comprobado,,,5234,es,,,,,
pan-para-pepe,Pan para Pepe,Toledo,Pan y cereal,"Pan de masa madre, focaccia, empanadas, bollería, tartas","C. Ferrocarril, 4","Obrador artesano de Toledo especializado en pan de masa madre, bollería y piezas de tirada limitada.",Miércoles a viernes 9:30-15:30 y 17:30-20:00; sábado y domingo mañana,+34640134769,panparapepe@gmail.com,,https://m.facebook.com/Pan-para-Pepe-120849408611347/,,https://www.google.com/maps/search/?api=1&query=Pan%20para%20Pepe%2C%20C.%20Ferrocarril%2C%204&query_place_id=ChIJpUwpEsgLag0R8mGEV1xh9Gs,39.8611962,-4.0053582,,pendiente,no comprobado,,,9436,es,,,,,
masamadre-fuensalida,Masamadre,Fuensalida,Pan y cereal,"Pan, bollería y pastelería","C. Sagunto, 21, 45510 Fuensalida",Cafetería panadería y pastelería de Fuensalida con pan bollería y dulces.,,+34925004232,,,,https://www.instagram.com/masamadre_21/,https://www.google.com/maps/search/?api=1&query=Masamadre%2C%20C.%20Sagunto%2C%2021%2C%2045510%20Fuensalida&query_place_id=ChIJO7gbGgDbQQ0RxuwNfGqs2Xk,40.0554671,-4.2003588,,,no comprobado,,,8486,es,,,,,
devas-gourmet-escalonilla,Devas Gourmet,Escalonilla,Lácteos y quesos,"Quesos gourmet de cabra y oveja, cremas de queso, quesos trufados","C. Castilla-La Mancha, 2",Quesería de Escalonilla especializada en quesos gourmet de cabra y oveja y cremas de queso.,Consultar web,+34925771549,info@devasgourmet.com,https://devasgourmet.es/,https://www.facebook.com/DevasGourmet/,https://www.instagram.com/devasgourmetqueseria/,https://www.google.com/maps/search/?api=1&query=Devas%20Gourmet%2C%20C.%20Castilla-La%20Mancha%2C%202&query_place_id=ChIJeYjGn6LWQQ0R1BR1Dgc90Ck,39.9265583,-4.3446976,/productores/es/castilla-la-mancha/toledo/devas-gourmet-escalonilla.webp,,sí,ecommerce,,4872,es,,,,,
eden-autentico-marjaliza,Edén Auténtico,Marjaliza,Lácteos y quesos,"Quesos de oveja manchega, quesos de cabra, Edén Auténtico","C. Victoria, s/n","Quesería de Marjaliza con ganadería familiar de oveja manchega y cabra murciano-granadina, elaboradora de quesos artesanos.",Consultar web,+34627837418,,https://edenautentico.com/,,https://www.instagram.com/edenautentico/,https://www.google.com/maps/search/?api=1&query=Ed%C3%A9n%20Aut%C3%A9ntico%2C%20C.%20Victoria%2C%20s%2Fn&query_place_id=ChIJkUAX5Sw9ag0RK9_CyJhsmZU,39.5643438,-3.9300202,/productores/es/castilla-la-mancha/toledo/eden-autentico-marjaliza.webp,,sí,ecommerce,,5068,es,,,,,
pago-valle-de-los-molinos-los-yebenes,Pago Valle de los Molinos,Los Yébenes,Lácteos y quesos,"Queso artesano de oveja, AOVE, nueces Chandler","Ctra. TO-3360, km 2, Finca Valle de los Molinos","Granja agrícola ganadera en Montes de Toledo que elabora quesos artesanos de oveja, aceite y nueces bajo modelo de finca integral.",Consultar web,+34629046598,pedidos@valledelosmolinos.es,https://valledelosmolinos.es/,https://www.facebook.com/Pago-Valle-de-los-Molinos-752238991541081/,https://www.instagram.com/pagovalledelosmolinos/,,39.5823444,-3.8702361,/productores/es/castilla-la-mancha/toledo/pago-valle-de-los-molinos-los-yebenes.webp,,sí,ecommerce,,9405,es,,,,,
queseria-de-la-jara-la-nava-de-ricomalillo,Quesería de la Jara,La Nava de Ricomalillo,Lácteos y quesos,"Queso de cabra artesano, queso de leche recién ordeñada","Avda. de Talavera, 10",Quesería de La Nava de Ricomalillo que elabora quesos artesanos de leche cruda de cabra procedente de su ganadería en Buenasbodas.,Consultar web,+34620551477,apm@queseriadelajara.com,https://queseriadelajara.com/,,https://www.instagram.com/queseriadelajara/,https://www.google.com/maps/search/?api=1&query=Queser%C3%ADa%20de%20la%20Jara%2C%20Avda.%20de%20Talavera%2C%2010&query_place_id=ChIJrzspZ8Ozag0RZlrZV6W6fFo,39.6510008,-4.9906226,/productores/es/castilla-la-mancha/toledo/queseria-de-la-jara-la-nava-de-ricomalillo.webp,,sí,ecommerce,,10488,es,,,,,
quesos-moraleda-dosbarrios,Quesos Moraleda,Dosbarrios,Lácteos y quesos,"Queso artesano de cabra y oveja, queso fresco, curado y semicurado","C. Noblejas, 20",Quesería artesana de Dosbarrios especializada en quesos de cabra y oveja de elaboración local.,Consultar web,+34925122023,info@quesosmoraleda.com,https://www.quesosmoraleda.com/,https://www.facebook.com/quesosmoraleda/,https://www.instagram.com/quesosmoraleda/,https://www.google.com/maps/search/?api=1&query=Quesos%20Moraleda%2C%20C.%20Noblejas%2C%2020&query_place_id=ChIJ3cEiGQvhaQ0R_5OJZWM8kYw,39.8854955,-3.4775373,/productores/es/castilla-la-mancha/toledo/quesos-moraleda-dosbarrios.webp,,sí,ecommerce,,10923,es,,,,,
finca-loranque-bargas,Finca Loranque,Bargas,Vino,"Loranque El Grande Syrah, Syrah-Tempranillo, Cencibel, Cabernet Sauvignon y Tempranillo","Finca Loranque, s/n","Bodega de finca en Bargas, a pocos kilómetros de Toledo, con château histórico, viñedo propio y enoturismo.",Lunes a sábado 9:00-17:30,+34925590316,comunicacion@fincaloranque.com,https://fincaloranque.com/,https://www.facebook.com/finca.loranque/,https://www.instagram.com/fincaloranque/,https://www.google.com/maps/search/?api=1&query=Finca%20Loranque%2C%20Finca%20Loranque%2C%20s%2Fn&query_place_id=ChIJaVYa-CjeQQ0RSPDz2yCdAvA,39.9609061,-4.0747775,/productores/es/castilla-la-mancha/toledo/finca-loranque-bargas.webp,,sí,ecommerce,,5860,es,,,,,
bodegas-mas-que-vinos-cabanas-de-yepes,Bodegas Más Que Vinos,Cabañas de Yepes,Vino,"Ercavio, La Plazuela, La Malvar de MQV, Garnacha de la Madre y Los Conejos Malditos","Camino de los Molinos, s/n, 45312 Cabañas de Yepes","Bodega ecológica fundada en 1999 por un equipo hispano-alemán, con viñas viejas en la Meseta de Ocaña y bodega en Cabañas de Yepes.",Lunes a viernes 7:00-15:00,+34925122281,mqv@bodegasmasquevinos.com,https://www.bodegasmasquevinos.com/la-bodega/,https://www.facebook.com/bodegasmasquevinos/,https://www.instagram.com/bodegasmasquevinos/,https://www.google.com/maps/search/?api=1&query=Bodegas%20M%C3%A1s%20Que%20Vinos%2C%20Camino%20de%20los%20Molinos%2C%20s%2Fn%2C%2045312%20Caba%C3%B1as%20de%20Yepes&query_place_id=ChIJ1dE4j1PiaQ0RUqs331nJRZc,39.8904689,-3.5353430,/productores/es/castilla-la-mancha/toledo/bodegas-mas-que-vinos-cabanas-de-yepes.webp,,sí,ecommerce,,2191,es,,,,,
marques-de-grinon-dominio-de-valdepusa-malpica-de-tajo,Marqués de Griñón - Dominio de Valdepusa,Malpica de Tajo,Vino,"Dominio de Valdepusa, Caliza, Summa Varietalis, Emeritus","Finca Casa de Vacas, CM-4015 km 23","Bodega familiar de Malpica de Tajo vinculada al Pago Dominio de Valdepusa, primera denominación de origen de pago reconocida en España.",Consultar web,,,https://grandespagos.com/bodega/marques-de-grinon/,,,,39.8946197,-4.5484500,,pendiente,no comprobado,,,8386,es,,,,,
bodegas-martue-pago-campo-de-la-guardia-la-guardia,Bodegas Martúe - Pago Campo de la Guardia,La Guardia,Vino,"Martúe, Martúe Especial, Gran Vino de Martúe, Martúe Syrah y Martúe Chardonnay","Campo de la Guardia, s/n, 45760 La Guardia",Bodega con viñedo propio en La Guardia vinculada a la DOP Vino de Pago Campo de la Guardia.,Lunes a viernes 8:00-16:00,+34658915812,admin@martue.com,https://martue.com/,https://www.facebook.com/martue.blanconieva/,https://www.instagram.com/martueblanconieva/,https://www.google.com/maps/search/?api=1&query=Bodegas%20Mart%C3%BAe%20-%20Pago%20Campo%20de%20la%20Guardia%2C%20Campo%20de%20la%20Guardia%2C%20s%2Fn%2C%2045760%20La%20Guardia&query_place_id=ChIJs8uidj_maQ0RoN13lZqITWc,39.7870986,-3.4757592,/productores/es/castilla-la-mancha/toledo/bodegas-martue-pago-campo-de-la-guardia-la-guardia.webp,,sí,ecommerce,,2189,es,,,,,
artesanos-penas-negras-de-mora-mora,Artesanos Peñas Negras de Mora,Mora,Lácteos y quesos,"Castillo Peñas Negras curado trufado, con flores, añejo y ahumado; Sánchez de Rojas DOP","C. Ciudad Real, 12, Polígono Industrial, 45400 Mora, Toledo",Empresa familiar de Mora que elabora desde 1999 queso artesano de oveja y queso manchego ecológico con leche de una ganadería propia.,Lun-Vie 09:30-14:00 y 16:00-19:00; Sab 09:30-14:00,+34649839256,angela.queso.manchego@gmail.com,https://quesosanchezderojas.com/,,,https://www.google.com/maps/search/?api=1&query=Artesanos%20Pe%C3%B1as%20Negras%20de%20Mora%2C%20C.%20Ciudad%20Real%2C%2012%2C%20Pol%C3%ADgono%20Industrial%2C%2045400%20Mora%2C%20Toledo&query_place_id=ChIJk_qme-8dag0RI6OjmmBaA_4,39.6832230,-3.7727849,/productores/es/castilla-la-mancha/toledo/artesanos-penas-negras-de-mora-mora.webp,,sí,ecommerce,,984,es,,,,,
agropecuaria-dehesa-ardales-s-l,Agropecuaria Dehesa Ardales S.L.,Toledo,Lácteos y quesos,"Medialuna añejo artesano, Medialuna curado pasteurizado","Av. Irlanda, 21, 4F, 45004 Toledo",Ganadería y quesería que elabora quesos Medialuna y comercializa su producción mediante una tienda propia.,Consultar web,+34681272054,info@dehesaardales.com,https://dehesaardales.com/,,,,39.86667,-4.03333,/productores/es/castilla-la-mancha/toledo/agropecuaria-dehesa-ardales-s-l.webp,pendiente,sí,ecommerce,,460,es,,,,,
lacteos-ocana-ocana,Lácteos Ocaña,Ocaña,Lácteos y quesos,"La Pleita de Oro, queso artesano puro de oveja, queso madurado en aceite","C. Mayor del Villar, 10, 45300 Ocaña, Toledo",Quesería familiar de Ocaña que elabora quesos de oveja de forma artesanal desde una tradición iniciada a comienzos del siglo XX.,Consultar web o pedidos,+34661526258,info@lacteosocana.com,https://lacteosocana.com/,https://www.facebook.com/people/L%C3%A1cteos-Oca%C3%B1a/100054346758629/,,https://www.google.com/maps/search/?api=1&query=L%C3%A1cteos%20Oca%C3%B1a%2C%20C.%20Mayor%20del%20Villar%2C%2010%2C%2045300%20Oca%C3%B1a%2C%20Toledo&query_place_id=ChIJc110jygKQg0Rl-dWJaeEPlc,39.9603672,-3.4969119,,,sí,ecommerce,,7974,es,,,,,
quesos-cristo-del-prado-madridejos,Quesos Cristo del Prado,Madridejos,Lácteos y quesos,"Cristo del Prado, Valdehierro semicurado DOP Manchego, queso manchego","C. Herreros, 8, Pol. Ind. San Sebastián, 45710 Madridejos, Toledo",Quesería de Madridejos especializada en queso manchego y quesos de oveja bajo las marcas Cristo del Prado y Valdehierro.,Consultar web o fábrica,+34925461021,fabrica@quesosmanchegos.com,https://www.quesosmanchegos.com/,https://www.facebook.com/quesosmanchegos.com,,,39.4699854,-3.5323696,/productores/es/castilla-la-mancha/toledo/quesos-cristo-del-prado-madridejos.webp,,no,,,10771,es,,,,,
quesos-fuente-albeitar-martin-segovia-sofia-almonacid,Quesos Fuente Albéitar (Hermanos Martín Segovia),Almonacid de Toledo,Lácteos y quesos,"Fuente Albéitar semicurado, Fuente Albéitar curado","C. Carretera, 79, 45420 Almonacid de Toledo","Quesería familiar trasladada a Almonacid de Toledo en 1998, elaboradora de quesos de oveja Fuente Albéitar.",Consultar web,+34925314304,jose.p@quesosfuentealbeitar.es,https://quesosfuentealbeitar.com/fabrica-fuente-albeitar-quesos-oveja,,,https://www.google.com/maps/search/?api=1&query=Quesos%20Fuente%20Alb%C3%A9itar%20%28Hermanos%20Mart%C3%ADn%20Segovia%29%2C%20C.%20Carretera%2C%2079%2C%2045420%20Almonacid%20de%20Toledo&query_place_id=ChIJQ5NbYMsEag0R1QcM0Af8A1w,39.7538204,-3.8543691,,,no,,,10836,es,,,,,
asociacion-ganadera-palomares-s-a-t-la-puebla-de-almoradiel,Asociación Ganadera Palomares S.A.T.,La Puebla de Almoradiel,Lácteos y quesos,"Queso Manchego DOP El Gigüela (semicurado y curado)","C. Colón, 58, 45840 La Puebla de Almoradiel","Quesería familiar que desde 2007 transforma leche de su propia ganadería manchega en Queso Manchego DOP El Gigüela; obtuvo Gran Oro en Frankfurt 2025.",Consultar por teléfono,+34667521266,quesospalomares@hotmail.com,,https://www.facebook.com/queseria.palomares/,,https://www.google.com/maps/search/?api=1&query=Asociaci%C3%B3n%20Ganadera%20Palomares%20S.A.T.%2C%20C.%20Col%C3%B3n%2C%2058%2C%2045840%20La%20Puebla%20de%20Almoradiel&query_place_id=ChIJL5sb8Vq1aQ0Rv1LRMwSNE24,39.6022636,-3.1138021,,pendiente,no comprobado,,,1007,es,,,,,
cerrucos-de-kanama-los-navalucillos,Cerrucos de Kanama,Los Navalucillos,Lácteos y quesos,"Quesos artesanos de cabra, oveja y vaca; Primavera","C. Río Pusa, 2, 45130 Los Navalucillos",Quesería familiar que elabora quesos artesanos con leche fresca y ofrece visitas y mesas de queso.,Consultar contacto,+34628226214,cerrucosdekanama@gmail.com,,,,,39.67139,-4.6425,,pendiente,no comprobado,,,3802,es,,,,,
el-buen-pastor-de-oropesa-oropesa,El Buen Pastor de Oropesa,Oropesa,Lácteos y quesos,"Queso artesano semicurado y curado","C. Calzada Real, 43, 45560 Oropesa",Quesería artesana de Oropesa con ganadería propia y elaboración de quesos de oveja.,Consultar web,+34699288301,contacto@elbuenpastordeoropesa.es,https://elbuenpastordeoropesa.es/,,,https://www.google.com/maps/search/?api=1&query=El%20Buen%20Pastor%20de%20Oropesa%2C%20C.%20Calzada%20Real%2C%2043%2C%2045560%20Oropesa&query_place_id=ChIJHWgTdkX8Pw0RgtZTZPi_mX0,39.9183679,-5.171959,/productores/es/castilla-la-mancha/toledo/el-buen-pastor-de-oropesa-oropesa.webp,,no,,,5106,es,,,,,
esperanza-del-castillo-s-l-pulgar,Esperanza del Castillo S.L.,Pulgar,Lácteos y quesos,"Queso manchego DOP, El Retamar de Cabra, El Señor Esperanza","Polígono Industrial de Pulgar, parcela 13, 45125 Pulgar",Quesería familiar fundada en Pulgar en 1952 y especializada en queso manchego DOP y quesos de cabra y mezcla.,Consultar web,+34925292417,,https://quesosesperanza.com/,,,https://www.google.com/maps/search/?api=1&query=Esperanza%20del%20Castillo%20S.L.%2C%20Pol%C3%ADgono%20Industrial%20de%20Pulgar%2C%20parcela%2013%2C%2045125%20Pulgar&query_place_id=ChIJeRsC2qFuag0RrGrialbqVbY,39.6851891,-4.1533444,,,no,,,5649,es,,,,,
juan-david-garcia-fernandez-la-antigua-queseria-mora,La Antigua Quesería,Mora,Lácteos y quesos,"Queso viejo de oveja, La Antigua Quesería curado, El Rentero de Mora","CM-4017 de Mora a Manzaneque, km 1, salida 27 Autovía de los Viñedos, 45400 Mora, Toledo","Quesería de Mora dedicada a quesos artesanales de oveja de Castilla-La Mancha, con instalaciones propias y premios nacionales e internacionales.",Consultar web,+34925341487,info@laantiguaqueseria.com,https://laantiguaqueseria.com/,https://www.facebook.com/1laantiguaqueseria,https://www.instagram.com/la_antigua_queseria/,https://www.google.com/maps/search/?api=1&query=La%20Antigua%20Queser%C3%ADa%2C%20CM-4017%20de%20Mora%20a%20Manzaneque%2C%20km%201%2C%20salida%2027%20Autov%C3%ADa%20de%20los%20Vi%C3%B1edos%2C%2045400%20Mora%2C%20Toledo&query_place_id=ChIJtSBLZNAdag0R-Ttv7yWdgfs,39.6812790,-3.7747001,/productores/es/castilla-la-mancha/toledo/juan-david-garcia-fernandez-la-antigua-queseria-mora.webp,,sí,ecommerce,,7536,es,,,,,
quesos-la-mueda-santa-cruz-de-la-zarza,Quesos La Mueda,Santa Cruz de la Zarza,Lácteos y quesos,"Queso de oveja semicurado, curado, con romero, trufa y ajo negro","C. Santa Elena, 14, Santa Cruz de la Zarza",Quesería familiar con ganadería propia que elabora artesanalmente quesos y cremas con leche de sus ovejas.,Consultar web,+34695830411,quesoslamueda@gmail.com,https://www.quesoslamueda.com/,,,,39.9826553,-3.1924569,,,sí,ecommerce,,10877,es,,,,,
quesos-lominchar-corral-de-almaguer,Quesos Lominchar,Corral de Almaguer,Lácteos y quesos,"Queso manchego DOP Ariscado, Montescusa y Lominchar","Carretera N-301 km 98, Corral de Almaguer","Quesería elaboradora de queso manchego DOP y quesos de oveja bajo las marcas Ariscado, Montescusa y Lominchar.",Lunes a viernes 9:00-18:00,+34925207246,quesoslominchar@quesoslominchar.com,https://quesoslominchar.com/,,,https://www.google.com/maps/search/?api=1&query=Quesos%20Lominchar%2C%20Carretera%20N-301%20km%2098%2C%20Corral%20de%20Almaguer&query_place_id=ChIJUdK5Fv7NaQ0R7Gr2K5LJC58,39.7705617,-3.1782323,/productores/es/castilla-la-mancha/toledo/quesos-lominchar-corral-de-almaguer.webp,,sí,ecommerce,,10897,es,,,,,
quesos-navalmoral-s-a-totanes,Quesos Navalmoral S.A.,Totanes,Lácteos y quesos,"Queso manchego DOP Navalmoral, queso Campos de Toledo de oveja, cabra e ibérico","Ctra. de Toledo, km 2,3, 45163 Totanés","Fábrica quesera de Totanés activa desde 1960 y elaboradora de queso manchego DOP y quesos de oveja, cabra y mezcla.",Consultar web,+34925401066,,https://quesosnavalmoral.com/,,,https://www.google.com/maps/search/?api=1&query=Quesos%20Navalmoral%20S.A.%2C%20Ctra.%20de%20Toledo%2C%20km%202%2C3%2C%2045163%20Totan%C3%A9s&query_place_id=ChIJvaeJUkFlag0RpNCUDQStY8o,39.7236539,-4.2493607,,,no,,,10928,es,,,,,
quesos-rosario-castano-s-l-herreruela-de-oropesa,Quesos Rosario Castaño S.L.,Herreruela de Oropesa,Lácteos y quesos,"Queso de oveja semicurado, curado, viejo y cremas de queso","C. Concordia, 3, 45588 Herreruela de Oropesa",Quesería familiar que elabora artesanalmente queso de oveja en Herreruela de Oropesa desde 1968.,Consultar web,+34654319715,,https://www.rosariocastano.com/,,,https://www.google.com/maps/search/?api=1&query=Quesos%20Rosario%20Casta%C3%B1o%20S.L.%2C%20C.%20Concordia%2C%203%2C%2045588%20Herreruela%20de%20Oropesa&query_place_id=ChIJW756xcPiPw0RflK8tR6HYtc,39.8892968,-5.2441883,/productores/es/castilla-la-mancha/toledo/quesos-rosario-castano-s-l-herreruela-de-oropesa.webp,,sí,ecommerce,,10956,es,,,,,
quesos-umbria-del-madronal-sonseca,Quesos Umbría del Madroñal,Sonseca,Lácteos y quesos,"Queso de oveja tierno, semicurado, curado, añejo y curado en aceite","C. Toledo, 91, Sonseca",Quesería de Sonseca que controla desde el cultivo del alimento de sus ovejas hasta la elaboración de sus quesos.,Consultar web,,,https://umbriadelmadronal.com/,,,,39.6814768,-3.9772319,/productores/es/castilla-la-mancha/toledo/quesos-umbria-del-madronal-sonseca.webp,,sí,ecommerce,,10987,es,,,,,
la-bruja-lechera-camarena,La Bruja Lechera,Camarena,Lácteos y quesos,"Queso Mohino, quesos artesanos de cabra","Av. de los Médicos, 1, nave 6, 45180 Camarena","Quesería de Raquel Cuéllar Rama que elabora queso artesano de cabra en Camarena y fue reconocida por su producción ecológica de proximidad.","M-X y V-S 10:30-13:30 y 17:30-20:00; D 10:30-14:00",+34680875190,,,,,https://www.google.com/maps/search/?api=1&query=La%20Bruja%20Lechera%2C%20Av.%20de%20los%20M%C3%A9dicos%2C%201%2C%20nave%206%2C%2045180%20Camarena&query_place_id=ChIJw45GvLbDQQ0RDVM0AW-NZB8,40.0875,-4.1175,,pendiente,no comprobado,,,7567,es,,,,,
s-a-t-estrada-castano-herreruela-de-oropesa,S.A.T. Estrada Castaño,Herreruela de Oropesa,Lácteos y quesos,"Quesos de oveja semicurado, reserva, trufa, ajo negro y boletus","C. Estación, 11, 45588 Herreruela de Oropesa","Quesería familiar fundada en 2005 que transforma leche de su ganadería propia en quesos de oveja artesanos, desde variedades tradicionales hasta afinados con trufa o ajo negro.","L-V 8:00-14:00 y 16:00-19:00; S 8:00-14:00",+34925452184,info@queseriaestradacastano.es,https://queseriaestradacastano.es,https://www.facebook.com/queseriaestradacastanosat/,https://www.instagram.com/queseriaestradacastano/,https://www.google.com/maps/search/?api=1&query=S.A.T.%20Estrada%20Casta%C3%B1o%2C%20C.%20Estaci%C3%B3n%2C%2011%2C%2045588%20Herreruela%20de%20Oropesa&query_place_id=ChIJV7W7LMLiPw0RZKjK5vQwO18,39.8892069,-5.2452433,/productores/es/castilla-la-mancha/toledo/s-a-t-estrada-castano-herreruela-de-oropesa.webp,,sí,ecommerce,,11199,es,,,,,
aceites-consuegra-consuegra,Aceites Consuegra,Consuegra,Aceite,AOVE DOP Montes de Toledo (cornicabra),"Avda. de los Concejales, 5, 45700 Consuegra, Toledo","Almazara de Consuegra dedicada a la elaboración y comercialización de AOVE, DOP Montes de Toledo. Tienda online propia.",,+34925480967,,http://www.aceitesconsuegra.com,,,https://www.google.com/maps/search/?api=1&query=Aceites%20Consuegra%2C%20Avda.%20de%20los%20Concejales%2C%205%2C%2045700%20Consuegra%2C%20Toledo&query_place_id=ChIJ39OV4bePaQ0RR1BIOvc6Bw8,39.461940,-3.606390,/productores/es/castilla-la-mancha/toledo/aceites-consuegra-consuegra.webp,,sí,ecommerce,,151,es,,,,,
almazara-san-sebastian-galvez-el-paraiso,Almazara San Sebastián de Gálvez (El Paraíso),Gálvez,Aceite,AOVE DOP Montes de Toledo (cornicabra),"Camino Puebla de Montalbán, 45164 Gálvez, Toledo","Cooperativa de Gálvez (fundada 1973, 710 socios, ~3.000 ha de cornicabra), almazara certificada DOP Montes de Toledo (marca El Paraíso). Web con tienda; checkout no confirmado en la revisión.",,+34925401025,almazaragalvez@gmail.com,http://www.aceiteselparaiso.es,,,,39.748962,-4.311338,/productores/es/castilla-la-mancha/toledo/almazara-san-sebastian-galvez-el-paraiso.webp,,no comprobado,,,670,es,,,,,
morlin-toletum-nambroca,Morlinsa (Toletum),Nambroca,Aceite,AOVE DOP Montes de Toledo (Toletum),"C/ Duende, 32, 45190 Nambroca, Toledo","Almazara de Nambroca (Morlinsa S.A., +80 años), DOP Montes de Toledo con la marca Toletum. Tienda online propia.",,+34925366449,administracion@morlinsa.es,http://www.aceitestoletum.com,,,https://www.google.com/maps/search/?api=1&query=Morlinsa%20%28Toletum%29%2C%20C%2F%20Duende%2C%2032%2C%2045190%20Nambroca%2C%20Toledo&query_place_id=ChIJZ_ADpuIOag0RYbQxfFuvfcE,39.799935,-3.945526,/productores/es/castilla-la-mancha/toledo/morlin-toletum-nambroca.webp,,sí,ecommerce,,8987,es,,,,,
cotoal-el-carpio-de-tajo,COTOAL,El Carpio de Tajo,Aceite,AOVE DOP Montes de Toledo de variedad cornicabra,"El Carpio de Tajo, 45529 Toledo",Almazara de El Carpio de Tajo que elabora AOVE de cornicabra certificado por la DOP Montes de Toledo.,,,comercial@cotoal.com,https://cotoal.com/,,,https://www.google.com/maps/search/?api=1&query=COTOAL%2C%20El%20Carpio%20de%20Tajo%2C%2045529%20Toledo&query_place_id=ChIJeff9X8OBag0RrH9geT2Vegk,39.887420,-4.454281,/productores/es/castilla-la-mancha/toledo/cotoal-el-carpio-de-tajo.webp,,no comprobado,,,4671,es,,,,,
cooperativa-tesoro-de-guarrazar-guadamur,Coop. Tesoro de Guarrazar,Guadamur,Aceite,AOVE DOP Montes de Toledo (cornicabra),"Camino Fábrica, 3, 45160 Guadamur, Toledo","Cooperativa de Guadamur (fundada 1978), DOP Montes de Toledo; AOVE de cornicabra convencional y ecológico. Tienda online propia.",,+34925291112,tienda@tesorodeguarrazar.es,http://tesorodeguarrazar.es,,,https://www.google.com/maps/search/?api=1&query=Coop.%20Tesoro%20de%20Guarrazar%2C%20Camino%20F%C3%A1brica%2C%203%2C%2045160%20Guadamur%2C%20Toledo&query_place_id=ChIJrTEEN91zag0RbVAui9vYnXs,39.811390,-4.149170,/productores/es/castilla-la-mancha/toledo/cooperativa-tesoro-de-guarrazar-guadamur.webp,,sí,ecommerce,,4417,es,,,,,
cooperativa-las-saleras-los-navalucillos,Coop. Ntra. Sra. de las Saleras,Los Navalucillos,Aceite,AOVE DOP Montes de Toledo (Saleras),"Plaza del Cerrillo, 17, 45130 Los Navalucillos, Toledo","Cooperativa de Los Navalucillos (fundada 1970, 264 socios), DOP Montes de Toledo (marca Saleras); AOVE de arbequina, picual y cornicabra. Tienda online propia.",,+34925426367,,http://www.aovesaleras.es,,,https://www.google.com/maps/search/?api=1&query=Coop.%20Ntra.%20Sra.%20de%20las%20Saleras%2C%20Plaza%20del%20Cerrillo%2C%2017%2C%2045130%20Los%20Navalucillos%2C%20Toledo&query_place_id=ChIJ6ZHSbDORag0Ra0OMfLVUWd0,39.671390,-4.642500,/productores/es/castilla-la-mancha/toledo/cooperativa-las-saleras-los-navalucillos.webp,,sí,ecommerce,,4397,es,,,,,
oleo-quiros-mascaraque,Óleo Quirós,Mascaraque,Aceite,AOVE ecológico DOP Montes de Toledo (cornicabra),"Mascaraque, 45430 Toledo","Almazara de Mascaraque, DOP Montes de Toledo; AOVE ecológico de cornicabra premiado (Mejor Almazara de España 2006, Mejor AOVE de España 2008). Tienda online propia.",,,,http://www.oleoquiros.com,,,,39.716002,-3.812494,/productores/es/castilla-la-mancha/toledo/oleo-quiros-mascaraque.webp,,sí,ecommerce,,9197,es,,,,,
alalma-del-olivo-la-guardia,Al Alma del Olivo (Finca El Torrao),La Guardia,Aceite,AOVE ecológico DOP Montes de Toledo,"La Guardia, 45760 Toledo","Empresa familiar con almazara de última generación en La Guardia (finca El Torrao, 300 ha, +30.000 olivos), DOP Montes de Toledo; AOVE ecológico. Tienda online propia. Corrección de municipio: la finca está en La Guardia (no Sonseca).",,+34915499600,tienda@alalmadelolivo.com,http://www.alalmadelolivo.com,,,,39.787099,-3.475759,/productores/es/castilla-la-mancha/toledo/alalma-del-olivo-la-guardia.webp,,sí,ecommerce,,552,es,,,,,
aceites-toledo-los-yebenes,Aceites Toledo,Los Yébenes,Aceite,AOVE DOP Montes de Toledo,"Los Yébenes, 45470 Toledo","Empresa independiente de Los Yébenes (orígenes familiares desde 1954) con planta de envasado propia, DOP Montes de Toledo. Web informativa, sin tienda propia en la revisión.",,+34925416737,comercial@aceitestoledo.com,http://www.aceitestoledo.com,,,https://www.google.com/maps/search/?api=1&query=Aceites%20Toledo%2C%20Los%20Y%C3%A9benes%2C%2045470%20Toledo&query_place_id=ChIJO-tTSYUiag0RYsfb2zevomw,39.582344,-3.870236,/productores/es/castilla-la-mancha/toledo/aceites-toledo-los-yebenes.webp,,no comprobado,,,214,es,,,,,
aceites-umbrion-madridejos,Aceites Umbrión (San Sebastián de Madridejos),Madridejos,Aceite,"AOVE Umbrión Cornicabra DOP Montes de Toledo, Valdoro y formatos de 250 ml a 5 l","Av. de la Constitución, 148, 45710 Madridejos","Cooperativa San Sebastián de Madridejos, fundada en 1956 y formada por unos 1.200 socios, que elabora y envasa AOVE de cornicabra.",,+34925460234,aceitesumbrion@gmail.com,https://aceitesumbrion.es/,,,https://www.google.com/maps/search/?api=1&query=Aceites%20Umbri%C3%B3n%20%28San%20Sebasti%C3%A1n%20de%20Madridejos%29%2C%20Av.%20de%20la%20Constituci%C3%B3n%2C%20148%2C%2045710%20Madridejos&query_place_id=ChIJ5-icpASRaQ0R1LljTPlmpvM,39.469985,-3.532370,/productores/es/castilla-la-mancha/toledo/aceites-umbrion-madridejos.webp,,no,,,217,es,,,,,
la-olivarera-los-navalmorales,Agrupación de Olivareros (La Olivarera),Los Navalmorales,Aceite,AOVE DOP Montes de Toledo,"Los Navalmorales, 45140 Toledo","Almazara de Los Navalmorales (La Olivarera), DOP Montes de Toledo. Web con certificado mal configurado en la revisión → pendiente.",,,elias@laolivarera.com,http://www.laolivarera.com,,,https://www.google.com/maps/search/?api=1&query=Agrupaci%C3%B3n%20de%20Olivareros%20%28La%20Olivarera%29%2C%20Los%20Navalmorales%2C%2045140%20Toledo&query_place_id=ChIJ4a-u3AWaag0RLt0D9dekFUY,39.725965,-4.640422,,pendiente,no comprobado,,,476,es,,,,,
quesos-el-consuelo-madridejos,Quesos El Consuelo (La Cañada Real Soriana),Madridejos,Lácteos y quesos,Queso manchego DOP,"Madridejos, 45710 Toledo","Empresa ganadera familiar de Madridejos (S.A.T. La Cañada Real Soriana, desde 1938) con +1.200 ovejas manchegas; elabora queso manchego DOP (marcas El Consuelo, El Cordel, El Redil). Tienda online propia.",,+34667638293,,https://quesoselconsuelo.com,,,,39.469985,-3.532370,/productores/es/castilla-la-mancha/toledo/quesos-el-consuelo-madridejos.webp,,sí,ecommerce,,10807,es,,,,,
quesos-perez-arquero-ocana,Quesos Pérez Arquero,Ocaña,Lácteos y quesos,"Queso manchego DOP curado, semicurado y viejo; vinos manchegos","Ctra. N-301, km 63,5, 45300 Ocaña",Explotación ganadera de Ocaña que elabora queso manchego artesano DOP con leche de oveja manchega y vinos propios.,,+34663243340,pedidosperezarquero@gmail.com,https://perezarquero.es,https://www.facebook.com/perezarquero,https://www.instagram.com/perezarquero1999/,,39.958666,-3.500772,/productores/es/castilla-la-mancha/toledo/quesos-perez-arquero-ocana.webp,,sí,email,,10937,es,,,,,
quesos-barrajon-quintanar-de-la-orden,Quesos Barrajón,Quintanar de la Orden,Lácteos y quesos,Queso manchego DOP,"C/ San Francisco, 32, 45800 Quintanar de la Orden, Toledo","Quesería de Quintanar de la Orden (Quesos Barrajón S.L.), fabricante de queso manchego DOP y de oveja con marca propia. Tienda online propia con reparto.",,+34925180088,,https://quesosbarrajon.es,,,https://www.google.com/maps/search/?api=1&query=Quesos%20Barraj%C3%B3n%2C%20C%2F%20San%20Francisco%2C%2032%2C%2045800%20Quintanar%20de%20la%20Orden%2C%20Toledo&query_place_id=ChIJCeTnJGpKaA0R3-otnUuPU24,39.592417,-3.041778,/productores/es/castilla-la-mancha/toledo/quesos-barrajon-quintanar-de-la-orden.webp,,sí,ecommerce,,10747,es,,,,,
quesos-gallego-sanz-villanueva-de-alcardete,Quesos Gallego Sanz,Villanueva de Alcardete,Lácteos y quesos,Queso manchego DOP,"C/ Hernán Cortés, 4, 45810 Villanueva de Alcardete, Toledo","Quesería familiar de Villanueva de Alcardete (desde 1955, origen ganadero de principios del s. XX); fabricante de queso manchego DOP con cuatro marcas. Tienda online propia.",,+34925166175,,https://gallegosanz.com,,,https://www.google.com/maps/search/?api=1&query=Quesos%20Gallego%20Sanz%2C%20C%2F%20Hern%C3%A1n%20Cort%C3%A9s%2C%204%2C%2045810%20Villanueva%20de%20Alcardete%2C%20Toledo&query_place_id=ChIJceEK8qE2aA0RnMjVwNOBQ7Q,39.675422,-3.013967,/productores/es/castilla-la-mancha/toledo/quesos-gallego-sanz-villanueva-de-alcardete.webp,,sí,ecommerce,,10840,es,,,,,
cooperativa-san-sebastian-de-belvis-belvis-de-la-jara,Coop. San Sebastián de Belvís,Belvís de la Jara,Aceite,AOVE cornicabra y picual DOP Montes de Toledo,"Paseo de los Olivareros, 1, 45660 Belvís de la Jara, Toledo","Cooperativa olivarera de Belvís de la Jara (comarca de La Jara), fusión de dos entidades desde 1997 con más de 2.000 socios; AOVE de cornicabra y picual certificado DOP Montes de Toledo, con tienda online propia.",,,,https://sansebastiandebelvis.es,,,https://www.google.com/maps/search/?api=1&query=Coop.%20San%20Sebasti%C3%A1n%20de%20Belv%C3%ADs%2C%20Paseo%20de%20los%20Olivareros%2C%201%2C%2045660%20Belv%C3%ADs%20de%20la%20Jara%2C%20Toledo&query_place_id=ChIJAy2LlPCuag0RIkQriBP6PUg,39.75941,-4.94954,/productores/es/castilla-la-mancha/toledo/cooperativa-san-sebastian-de-belvis-belvis-de-la-jara.webp,,sí,ecommerce,,4411,es,,,,,
cooperativa-san-sebastian-el-romeral,Coop. San Sebastián de El Romeral,El Romeral,Aceite,"AOVE Sierra de El Romeral (Selección, Ecológico)","Calle Ancha, 125, 45770 El Romeral, Toledo","Cooperativa de El Romeral que elabora aceite (y vino); AOVE virgen extra Sierra de El Romeral en versiones Selección y Ecológico, con tienda online propia (250 ml a 5 L).",,+34925126123,,https://aceitessierradeelromeral.com,,,https://www.google.com/maps/search/?api=1&query=Coop.%20San%20Sebasti%C3%A1n%20de%20El%20Romeral%2C%20Calle%20Ancha%2C%20125%2C%2045770%20El%20Romeral%2C%20Toledo&query_place_id=ChIJJbpvHMDpaQ0R2GEruQ_FVX8,39.70611,-3.4325,/productores/es/castilla-la-mancha/toledo/cooperativa-san-sebastian-el-romeral.webp,,sí,ecommerce,,4412,es,,,,,
cooperativa-jaramontes-sierranava-la-nava-de-ricomalillo,Cooperativa Jaramontes (Sierranava),La Nava de Ricomalillo,Aceite,AOVE cornicabra Sierranava DOP Montes de Toledo,"Avenida de Córdoba, 2, 45670 La Nava de Ricomalillo, Toledo","Cooperativa de La Nava de Ricomalillo (comarca de La Jara), fusión de tres cooperativas en 2009 (raíces de 1964); AOVE de cornicabra con la marca Sierranava, premiado en la DOP Montes de Toledo. Capacidad 1,5 M de litros.",,+34925444006,jaramontes@jaramontes.com,https://www.jaramontes.com,,,https://www.google.com/maps/search/?api=1&query=Cooperativa%20Jaramontes%20%28Sierranava%29%2C%20Avenida%20de%20C%C3%B3rdoba%2C%202%2C%2045670%20La%20Nava%20de%20Ricomalillo%2C%20Toledo&query_place_id=ChIJCdJ0fMOzag0RFYzjDurh8iQ,39.65028,-4.99056,/productores/es/castilla-la-mancha/toledo/cooperativa-jaramontes-sierranava-la-nava-de-ricomalillo.webp,,no comprobado,,,4520,es,,,,,
cooperativa-san-sebastian-de-pusa-santa-ana-de-pusa,Coop. San Sebastián de Pusa,Santa Ana de Pusa,Aceite,AOVE DOP Montes de Toledo (marca San Sebastián),"Av. Castilla-La Mancha, km 78,5, 45694 Santa Ana de Pusa, Toledo","Cooperativa olivarera de Santa Ana de Pusa (comarca de La Jara), operador certificado de la DOP Montes de Toledo; elabora aceite de oliva virgen extra.",,+34925703060,coosebastian@gmail.com,,,,https://www.google.com/maps/search/?api=1&query=Coop.%20San%20Sebasti%C3%A1n%20de%20Pusa%2C%20Av.%20Castilla-La%20Mancha%2C%20km%2078%2C5%2C%2045694%20Santa%20Ana%20de%20Pusa%2C%20Toledo&query_place_id=ChIJo4j3O4iYag0RJ_INNscBtJ4,39.76361,-4.71583,,pendiente,no comprobado,,,4413,es,,,,,
cooperativa-oleicola-montes-de-toledo-mazarambroz,Cooperativa Oleícola Montes de Toledo,Mazarambroz,Aceite,AOVE cornicabra DOP Montes de Toledo,"Ctra. Navahermosa, km 42, 45114 Mazarambroz, Toledo","Cooperativa oleícola de Mazarambroz, operador certificado de la DOP Montes de Toledo; elabora aceite de oliva virgen extra de cornicabra en el corazón de los Montes de Toledo.",,+34925397234,montestoledo@movistar.es,,,,https://www.google.com/maps/search/?api=1&query=Cooperativa%20Ole%C3%ADcola%20Montes%20de%20Toledo%2C%20Ctra.%20Navahermosa%2C%20km%2042%2C%2045114%20Mazarambroz%2C%20Toledo&query_place_id=ChIJZxzHgrsTag0R0FbJlkHmVAU,39.69278,-4.0175,,pendiente,no comprobado,,,4557,es,,,,,
cooperativa-olivar-del-cristo-villamuelas,Cooperativa Olivar del Cristo,Villamuelas,Aceite,AOVE Olivar del Cristo DOP Montes de Toledo,"Ctra. Villanueva de Bogas, s/n, 45479 Villamuelas, Toledo","Cooperativa de Villamuelas, operador certificado de la DOP Montes de Toledo; AOVE con marca propia Olivar del Cristo, premiado en el certamen Gran Selección de Castilla-La Mancha.",,+34925346723,olivardelcristo@hotmail.com,,,,https://www.google.com/maps/search/?api=1&query=Cooperativa%20Olivar%20del%20Cristo%2C%20Ctra.%20Villanueva%20de%20Bogas%2C%20s%2Fn%2C%2045479%20Villamuelas%2C%20Toledo&query_place_id=ChIJtWMY1Jb4aQ0Rf9FPMXWiJZA,39.81722,-3.73222,,pendiente,no comprobado,,,4559,es,,,,,
cooperativa-ntra-sra-de-la-antigua-los-navalmorales,Coop. Ntra. Sra. de la Antigua (Los Navalmorales),Los Navalmorales,Aceite,AOVE cornicabra DOP Montes de Toledo,"Calle Remedios, 7, 45140 Los Navalmorales, Toledo","Cooperativa olivarera de Los Navalmorales, operador certificado de la DOP Montes de Toledo. Entidad distinta de la Cooperativa Ntra. Sra. de la Antigua de Mora (marca Olimora), pese al nombre homónimo.",,+34925404123,coopantigua3081@hotmail.com,,,,https://www.google.com/maps/search/?api=1&query=Coop.%20Ntra.%20Sra.%20de%20la%20Antigua%20%28Los%20Navalmorales%29%2C%20Calle%20Remedios%2C%207%2C%2045140%20Los%20Navalmorales%2C%20Toledo&query_place_id=ChIJg1apfAaaag0R0_XKpVBE5kQ,39.72861,-4.64472,,pendiente,no comprobado,,,4395,es,,,,,
quesos-reino-madridejos,Quesos Reino,Madridejos,Lácteos y quesos,"Queso manchego DOP (curado, semicurado, fresco y en aceite); marcas Reino y El Vegazo","C/ Buen Suceso, 3, 45710 Madridejos, Toledo","Quesería familiar de Madridejos con cinco generaciones de tradición; elabora queso manchego DOP de oveja con leche de Castilla-La Mancha bajo las marcas Reino y El Vegazo.",,+34925462084,gemagp2@hotmail.com,,https://www.facebook.com/quesosreino/,,https://www.google.com/maps/search/?api=1&query=Quesos%20Reino%2C%20C%2F%20Buen%20Suceso%2C%203%2C%2045710%20Madridejos%2C%20Toledo&query_place_id=ChIJ_VNczfyQaQ0R5xFmx11KS1o,39.46583,-3.52972,,pendiente,no comprobado,,,10946,es,,,,,
legumbres-los-recuencos-villamiel-de-toledo,Legumbres Los Recuencos,Villamiel de Toledo,Legumbres,,,"Explotación familiar de cuarta generación que siembra, cosecha, limpia y envasa sus propias legumbres en la finca, sin intermediarios.",,+34687530600,info@legumbreslosrecuencos.com,https://legumbreslosrecuencos.com/,,https://www.instagram.com/legumbreslosrecuencos/,,,,/productores/es/castilla-la-mancha/toledo/legumbres-los-recuencos-villamiel-de-toledo.webp,pendiente,sí,ecommerce,,8087,es,,,,,
nueces-del-mediotajo-malpica-de-tajo,Nueces del Mediotajo,Malpica de Tajo,Frutos secos,"Nuez Chandler, nuez Howard","Finca El Torrejón, Malpica de Tajo, Toledo",Empresa familiar que cultiva cien hectáreas de nogales en las vegas de Malpica de Tajo y comercializa nuez con cáscara y pelada de las variedades Chandler y Howard.,,+34607453965,atencionalcliente@nuecesdelmediotajo.com,https://nuecesdelmediotajo.com/,,,,39.882230,-4.507318,/productores/es/castilla-la-mancha/toledo/nueces-del-mediotajo-malpica-de-tajo.webp,pendiente,sí,ecommerce,,9093,es,,,,,
finca-los-alijares,FINCA LOS ALIJARES,Arcicóllar,Vino,vinos ecológicos,"Ctra. Camarena-Fuensalida km 15, 45182 Arcicóllar, Toledo, España",,,,export@fincalosalijares.com,http://fincalosalijares.com,,,,40.05556,-4.11333,,pendiente,no comprobado,,,12452,,,,,,
finca-la-blanca,Finca La Blanca,La Puebla de Almoradiel,Vino,vinos,"C/ Princesa 84, 45840 La Puebla de Almoradiel, Toledo, España",,,,info@fincalablanca.es,https://fincalablanca.es,,,,,,/productores/es/castilla-la-mancha/toledo/finca-la-blanca.webp,pendiente,no comprobado,,,12451,,,,,,
