slug,nombre,municipio,categoria,productos estrella,direccion,descripcion,horario,telefono,correo,web,Facebook,Instagram,Google Maps,lat,lon,imagen,verificacion,Venta online,Canal de venta,categorias adicionales,producer_id,descripcion_locale,visitas guiadas,mensaje a la comunidad,mensaje_comunidad_locale,enlace destacado 1,enlace destacado 2,country,region,area,video,quien hay detras,quien_hay_detras_locale,historia,historia_locale,fecha ultimo cambio
angel-martin-e-hijos,Ángel Martín e Hijos,Guijuelo,Carne,,"Calle Sierra de Tonda, 12, 37770 Guijuelo",,,+34923580258,angelmartin42@hotmail.es,https://angelmartinehijos.com/,,,,,,,,no comprobado,,,12987,,,,,,,es,castilla-y-leon,salamanca,,,,,,
ibericos-diaz-picado,Ibéricos Díaz Picado,Guijuelo,Carne,,"Polígono Agroalimentario, calle Sierra de Herreros, 19, 37770 Guijuelo",,,+34923581091,diazpicado@ibericosdiazpicado.com,https://ibericosdiazpicado.com/,,,,,,,,no comprobado,,,12986,,,,,,,es,castilla-y-leon,salamanca,,,,,,
jamones-enrique-garcia,Jamones Enrique García,Valdecarros,Carne,,"Calle Concordia, 48, 37881 Valdecarros",,,+34923383004,,https://www.jamonesenriquegarcia.com/,,,,,,,,no comprobado,,,12983,,,,,,,es,castilla-y-leon,salamanca,,,,,,
las-gavias-perena-de-la-ribera,Las Gavias,Pereña de la Ribera,Vino,"Aldana, vino DOP Arribes de uva Juan García","Av. de la Constitución, 2, 37175 Pereña de la Ribera, Salamanca",Bodega constituida en 2006 sobre las instalaciones de la antigua cooperativa Nuestra Señora del Castillo; cultiva variedades autóctonas y elabora en Pereña de la Ribera el vino Aldana con DOP Arribes.,,+34923573069,info@bodegaslasgavias.com,,,,,41.2366421,-6.5209933,,pendiente,no comprobado,,,8037,es,,,,,,es,castilla-y-leon,salamanca,,,,,,
bodegas-vina-romana-villarino-de-los-aires,Bodegas Viña Romana,Villarino de los Aires,Vino,"Solar de la Victoria, Heredad del Viejo Imperio, Winner Premium, Botón Real","C. España, 50, 37160 Villarino de los Aires, Salamanca",Bodega familiar instalada en la antigua cooperativa de Villarino que desde 2009 elabora y embotella vinos de viñedo centenario con variedades autóctonas Juan García y Bruñal bajo la DOP Arribes.,,+34629756328,joseluis@vinaromana.com,https://vinaromana.com/,,,https://www.google.com/maps/search/?api=1&query=Bodegas%20Vi%C3%B1a%20Romana%2C%20C.%20Espa%C3%B1a%2C%2050%2C%2037160%20Villarino%20de%20los%20Aires%2C%20Salamanca&query_place_id=ChIJW7f8iZDjOw0Rnxft83hTvTU,41.2669052,-6.4683857,/productores/es/castilla-y-leon/salamanca/bodegas-vina-romana-villarino-de-los-aires.webp,,sí,email|telefono,,2478,es,,,,,,es,castilla-y-leon,salamanca,,,,,,
aceiteros-del-agueda-ahigal-de-los-aceiteros,Aceiteros del Águeda,Ahigal de los Aceiteros,Aceite,"AOVE Arribera, monovarietal Zorzal y ecológico Abade","Camino de San Felices, s/n, 37248 Ahigal de los Aceiteros, Salamanca","SAT de olivareros de Las Arribes que elabora y embotella con marca propia Arribera: un virgen extra de coupage, el monovarietal Zorzal y el ecológico Abade. Vende en su propia tienda online, con formatos de 250 y 500 ml en cajas.",Consultar web o venta directa,+34649340382,info@arribera.com,https://www.arribera.es/,,,https://www.google.com/maps/search/?api=1&query=Aceiteros%20del%20%C3%81gueda&query_place_id=ChIJacLRwzETPA0RYnLQxM56ON0,40.871874,-6.742515,/productores/es/castilla-y-leon/salamanca/aceiteros-del-agueda-ahigal-de-los-aceiteros.webp,,sí,ecommerce,,135,es,,,,,,es,castilla-y-leon,salamanca,,,,,,
marcial-guijuelo,Marcial Guijuelo,Guijuelo,Carne,,,,,,,https://marcialguijuelo.es/,,,,,,,,no comprobado,,,12985,,,,,,,es,castilla-y-leon,salamanca,,,,,,
mario-gonzalez,Mario González,Frades de la Sierra,Carne,,,,,,,https://www.mariogonzalez-me.es,,,,,,,,no comprobado,,,12990,,,,,,,es,castilla-y-leon,salamanca,,,,,,
martin-vizcaino,Martín & Vizcaíno,Guijuelo,Carne,,,,,+34923095562,info@martinvizcaino.com,https://martinvizcaino.com/,,,,,,,,no comprobado,,,12984,,,,,,,es,castilla-y-leon,salamanca,,,,,,
moises-alonso-martin,Moisés Alonso Martín,Guijuelo,Carne,,,,,+34923581601,info@ibericosmoisesalonso.com,https://www.ibericosmoisesalonso.com,,,,,,,,no comprobado,,,12988,,,,,,,es,castilla-y-leon,salamanca,,,,,,
monteparra,Monteparra,Guijuelo,Carne,,,,,+34923581142,administracion@monteparra.com,https://www.monteparra.com,,,,,,,,no comprobado,,,12989,,,,,,,es,castilla-y-leon,salamanca,,,,,,
naturiber,Naturíber,Fuenterroble de Salvatierra,Carne,,,,,,,https://www.naturiber.es/,,,,,,,,no comprobado,,,12982,,,,,,,es,castilla-y-leon,salamanca,,,,,,
patabrava,Patabrava,Guijuelo,Carne,,,,,,,https://patabrava.es/,,,,,,,,no comprobado,,,12991,,,,,,,es,castilla-y-leon,salamanca,,,,,,
soleae-herguijuela-de-la-sierra,Soleae,Herguijuela de la Sierra,Aceite,AOVE ecológico de Ocal y Manzanilla Cacereña,"Calle Gomez, 4, 37619 Herguijuela de la Sierra, Salamanca","Olivar propio en la Sierra de Francia con las variedades Ocal y Manzanilla Cacereña, de las que saca aceites ecológicos monovarietales, un coupage y estuches de degustación. Vende directamente desde su web.",Consultar web o venta directa,+34696623731,,https://www.soleae.com/,,,https://www.google.com/maps/search/?api=1&query=Soleae&query_place_id=ChIJudp4p3BgPg0RrWV_D8BNM2E,40.444919999999996,-6.07405,/productores/es/castilla-y-leon/salamanca/soleae-herguijuela-de-la-sierra.webp,,sí,ecommerce,,11659,es,,,,,,es,castilla-y-leon,salamanca,,,,,,
aq5-sabores-ahigal-de-los-aceiteros,AQ5 Sabores,Ahigal de los Aceiteros,Aceite,AOVE ecológico AQ5 y Pagos de Vettonia,,Asset Qualitas 5 S.L. cultiva olivos en bancales de Arribes del Duero y moltura sus aceitunas en Ahigal de los Aceiteros para elaborar los AOVE AQ5 ecológico y Pagos de Vettonia. Mantiene tienda propia; la relación con la almazara externa y la localización exacta del olivar justifican el estado pendiente.,,+34626133026,info@aq5sabores.es,https://www.aq5sabores.es/,,,,40.87528,-6.74778,/productores/es/castilla-y-leon/salamanca/aq5-sabores-ahigal-de-los-aceiteros.webp,pendiente,sí,ecommerce,,867,es,,,,,,es,castilla-y-leon,salamanca,,,,,,
bodega-quinta-de-las-velas-ahigal-de-los-aceiteros,Bodega Quinta de las Velas,Ahigal de los Aceiteros,Vino,Crianzas monovarietales de Bruñal y Tempranillo,"C. del Humilladero, 44, 37248 Ahigal de los Aceiteros, Salamanca","Bodega familiar nacida en 2007 e inscrita en la D.O. Arribes, con viñedo en cultivo ecológico y una producción corta de unas 4.000 botellas: dos crianzas monovarietales, Bruñal y Tempranillo, sin filtrar ni clarificar.",Consultar web o venta directa,+34619955735,enrique@esla.com,,,,https://www.google.com/maps/search/?api=1&query=Bodega%20Quinta%20de%20las%20Velas&query_place_id=ChIJEVt5hO8TPA0RB74AUXOlOng,40.873492999999996,-6.7474966,,pendiente,no comprobado,,,1609,es,,,,,,es,castilla-y-leon,salamanca,,,,,,
bodegas-arribes-del-duero-aldeadavila-de-la-ribera,Bodegas Arribes del Duero,Aldeadávila de la Ribera,Vino,Hechanza Real y El Secreto del Vetton,"Ctra. Masueco s/n - Corporario, 37251 Aldeadávila de la Ribera, Salamanca","Bodega de Corporario, en Aldeadávila de la Ribera, levantada en 1992 por viticultores de Las Arribes. Embotella tintos, blancos y rosados de la D.O. Arribes, con Hechanza Real y El Secreto del Vetton en la gama alta, y los vende en su propia tienda online.",Consultar web o venta directa,+34923169195,secretaria@bodegasarribesdelduero.com,http://www.bodegasarribesdelduero.com/,,,https://www.google.com/maps/search/?api=1&query=Bodegas%20Arribes%20del%20Duero&query_place_id=ChIJz9ekkl_wOw0RaoSAumtQV1I,41.2126248,-6.6006104,/productores/es/castilla-y-leon/salamanca/bodegas-arribes-del-duero-aldeadavila-de-la-ribera.webp,,sí,ecommerce,,1809,es,,,,,,es,castilla-y-leon,salamanca,,,,,,
bodegas-perahigos-garcibuey,Bodegas Perahigos,Garcibuey,Vino,"Tintos de Rufete Soto, Miranda y Garcibuey","Av Paz, 22, 37658 Garcibuey, Salamanca","Bodega ecológica de la D.O.P. Sierra de Salamanca centrada en la Rufete autóctona, con producciones muy cortas: los tintos Soto, Miranda y Garcibuey, los blancos El Sátiro y El Lince y el rosado El Astronauta. Vende en su web con envío gratuito a península.",Consultar web o venta directa,,bodega@elperahigo.es,https://www.perahigos.es/,,,https://www.google.com/maps/search/?api=1&query=Bodegas%20Perahigos&query_place_id=ChIJ2c-Cbhz1Pg0Rh4V4O55FwCA,40.517689999999995,-5.9956682,/productores/es/castilla-y-leon/salamanca/bodegas-perahigos-garcibuey.webp,pendiente,sí,ecommerce,,2286,es,,,,,,es,castilla-y-leon,salamanca,,,,,,
bodega-dominio-de-la-sierra-san-esteban-de-la-sierra,Bodega Dominio de la Sierra,San Esteban de la Sierra,Vino,Rufete ancestral espumoso y crianza Dominium,"San Esteban de la Sierra, Salamanca","Bodega de San Esteban de la Sierra volcada en la variedad autóctona Rufete, con unas 8.000 botellas al año: un espumoso ancestral, el crianza Dominium, el roble Momentum y un blanco. Vende en su propia tienda online.",Consultar web o venta directa,+34609782758,info@dominiodelasierra.com,https://dominiodelasierra.com/,,,,40.50677,-5.90568,/productores/es/castilla-y-leon/salamanca/bodega-dominio-de-la-sierra-san-esteban-de-la-sierra.webp,,sí,ecommerce,,1394,es,,,,,,es,castilla-y-leon,salamanca,,,,,,
vinos-lazorra-mogarraz,Vinos LaZorra,Mogarraz,Vino,Tintos y blancos de Rufete de la Sierra de Francia,"C. San Pedro, s/n, 37610 Mogarraz, Salamanca","Bodega de Mogarraz que trabaja la Rufete y la Rufete blanca de la Sierra de Francia: tintos, blancos, un espumoso rosado y vinos dulces, además de vermut. Su web es un catálogo informativo, sin tienda.",Consultar web o venta directa,+34923418018,estanverdes@vinoslazorra.es,http://www.vinoslazorra.es/,,,https://www.google.com/maps/search/?api=1&query=Vinos%20LaZorra&query_place_id=ChIJ7Rr6n6z1Pg0RCRTnRnTMSEg,40.4926645,-6.0495949,/productores/es/castilla-y-leon/salamanca/vinos-lazorra-mogarraz.webp,,no,,,12266,es,,,,,,es,castilla-y-leon,salamanca,,,,,,
bodega-al-pie-del-abismo-perena-de-la-ribera,Bodega Al Pie del Abismo,Pereña de la Ribera,Vino,Tinto de Juan García y Tinto Jeromo,"Calle El Villar, 59, 37175 Pereña de la Ribera, Salamanca","Bodega artesanal de Pereña de la Ribera que vinifica un máximo de 4.000 botellas al año de un solo tinto, coupage de las variedades autóctonas Juan García y Tinto Jeromo criado en roble francés. Lo vende en su tienda online por cajas de tres o seis botellas.",Consultar web o venta directa,+34659165892,alpiedelabismo@gmail.com,https://alpiedelabismo.com/,,,https://www.google.com/maps/search/?api=1&query=Bodega%20Al%20Pie%20del%20Abismo&query_place_id=ChIJw5x9yYL7Ow0RR3IVHQR3NRA,41.2427764,-6.5241048,/productores/es/castilla-y-leon/salamanca/bodega-al-pie-del-abismo-perena-de-la-ribera.webp,,sí,ecommerce,,1272,es,,,,,,es,castilla-y-leon,salamanca,,,,,,
bodegas-de-perena-perena-de-la-ribera,Bodegas de Pereña,Pereña de la Ribera,Vino,Bruñal y la gama Abadengo,"Camino de la Ermita, s/n, 37175 Pereña de la Ribera, Salamanca","Bodega de Pereña de la Ribera que recuperó la variedad autóctona Bruñal y firma con ella su vino de guarda, embotellado solo en las mejores añadas, junto a la gama Abadengo. Vende en tienda propia. Ocupa la instalación que el volcado registraba como «Bodega Ribera de Pelazas»: esa marca ya no figura en el registro de la D.O. Arribes y su dominio está caducado.",Consultar web o venta directa,+34616045340,comercial@bodegasdeperena.com,https://www.bodegasdeperena.com/,,,https://www.google.com/maps/search/?api=1&query=Bodega%20Ribera%20de%20Pelazas&query_place_id=ChIJJRMnxDr7Ow0RUWhWYfI32ZQ,41.245143,-6.524089,/productores/es/castilla-y-leon/salamanca/bodegas-de-perena-perena-de-la-ribera.webp,,sí,ecommerce,,1946,es,,,,,,es,castilla-y-leon,salamanca,,,,,,
bodegas-labrador-salamanca,Bodegas Labrador - Salamanca,Salamanca,Vino,Vinos propios de la D.O.P. Sierra de Salamanca,"C. Cañón de Río Lobos, 31, 37008 Salamanca","Casa familiar de 1955, hoy en su cuarta generación y con razón social Cepas del Duero S.L. Empezó vendiendo a granel el vino que elaboraba en San Esteban, pasó a embotellar en los años setenta y en 2017 volvió a elaborar vino propio en la D.O.P. Sierra de Salamanca. Junto a eso mantiene una tienda y distribución con vinos de otras denominaciones.",Consultar web o venta directa,+34923192049,info@bodegalabrador.com,,,,https://www.google.com/maps/search/?api=1&query=Bodegas%20Labrador%20-%20Salamanca&query_place_id=ChIJ__uzGPUmPw0R0BtuiQmrQKs,40.93858780000001,-5.6681327,,pendiente,no comprobado,,,2114,es,,,,,,es,castilla-y-leon,salamanca,,,,,,
bodega-abuelo-flores-san-esteban-de-la-sierra,Bodega Abuelo Flores,San Esteban de la Sierra,Vino,Tintos de Rufete y blanco de Rufete serrano,"C/ La Mata, 7, 37671 San Esteban de la Sierra, Salamanca","Bodega familiar de San Esteban de la Sierra con cinco generaciones de viticultores. Elabora seis vinos con marca propia, tintos de la sierra de Francia y blancos de rufete serrano blanco, y despacha los pedidos por teléfono o WhatsApp.",Consultar web o venta directa,+34653151694,bodegaelabueloflores@gmail.com,https://www.bodegaelabueloflores.es/,,,https://www.google.com/maps/search/?api=1&query=Bodega%20Abuelo%20Flores&query_place_id=ChIJNfeDj4T3Pg0Re7GmlvzoqZI,40.506147399999996,-5.9043092,/productores/es/castilla-y-leon/salamanca/bodega-abuelo-flores-san-esteban-de-la-sierra.webp,,sí,whatsapp|telefono,,1270,es,,,,,,es,castilla-y-leon,salamanca,,,,,,
bodega-don-celestino-san-esteban-de-la-sierra,Bodega Don Celestino,San Esteban de la Sierra,Vino,Tintos de la variedad autóctona Rufete,"C. Salas Pombo, 24, 37671 San Esteban de la Sierra, Salamanca","Bodega tradicional creada en 2014 en San Esteban de la Sierra, dentro de la D.O.P. Sierra de Salamanca. Controla el viñedo de la cepa a la botella y elabora tintos de la variedad autóctona Rufete; vende en bodega y ofrece visita guiada y catas.",Consultar web o venta directa,+34625751201,bodegadoncelestino@gmail.com,,,,https://www.google.com/maps/search/?api=1&query=Bodega%20Don%20Celestino&query_place_id=ChIJqY6Yw_33Pg0R0PjddjlwuGA,40.5061308,-5.904646199999999,,pendiente,no,,,1396,es,,,,,,es,castilla-y-leon,salamanca,,,,,,
bodega-vinculo-serrano-san-esteban-de-la-sierra,Bodega Vínculo Serrano,San Esteban de la Sierra,Vino,Rufete y el blanco MARTA,"C. la Santia, 22, 37671 San Esteban de la Sierra, Salamanca",Microbodega familiar de San Esteban de la Sierra que vinifica parcelas pequeñas de monte con métodos tradicionales: tintos de Rufete y Tempranillo bajo la marca Pedro Martín y el blanco MARTA. Tienda propia con carrito y experiencias de enoturismo.,Consultar web o venta directa,+34636030566,oficina@bodegavinculoserrano.es,https://www.bodegavinculoserrano.es/,,,https://www.google.com/maps/search/?api=1&query=Bodega%20V%C3%ADnculo%20Serrano&query_place_id=ChIJqcP9HzT3Pg0RNeCeV6yhY0o,40.5071746,-5.9047165,/productores/es/castilla-y-leon/salamanca/bodega-vinculo-serrano-san-esteban-de-la-sierra.webp,,sí,ecommerce,,1729,es,,,,,,es,castilla-y-leon,salamanca,,,,,,
bodegas-rochal-santibanez-de-la-sierra,Bodegas Rochal,Santibáñez de la Sierra,Vino,"Calixto, Osiris y Al Saliente","Calle Bienvenido Nieto Nieto, 17, 37670 Santibáñez de la Sierra, Salamanca","Empresa familiar de Santibáñez de la Sierra dentro de la D.O.P. Sierra de Salamanca, con cinco vinos en catálogo: Rufete, Osiris, Al Saliente, Bolosea y Nieto. Tienda propia con envío gratis a partir de seis botellas.",Consultar web o venta directa,+34635976670,info@bodegasrochal.com,https://bodegasrochal.com/,,,https://www.google.com/maps/search/?api=1&query=Bodegas%20Rochal&query_place_id=ChIJOw7Irej3Pg0R7jiRO9fUB1E,40.4950149,-5.9141441,/productores/es/castilla-y-leon/salamanca/bodegas-rochal-santibanez-de-la-sierra.webp,,sí,ecommerce,,2341,es,,,,,,es,castilla-y-leon,salamanca,,,,,,
bodegas-y-vinedos-el-robledo-sequeros,Bodegas y Viñedos El Robledo,Sequeros,Vino,Tempranillo-Rufete y Selección Especial de barrica,"C/ La iglesia, 22, 37650 Sequeros, Salamanca","Bodega fundada en 2018 en Sequeros por Óscar Sánchez, que elabora en exclusiva con viñedo propio repartido por cinco municipios de la Reserva de la Biosfera, dentro de la D.O.P. Sierra de Salamanca. Vinos de barrica vendidos en tienda propia.",Consultar web o venta directa,+34660048001,info@bodegaselrobledo.com,https://bodegaselrobledo.com/,,,https://www.google.com/maps/search/?api=1&query=Bodegas%20y%20Vi%C3%B1edos%20El%20Robledo&query_place_id=ChIJ083KC9z1Pg0R8GHMtPou7pM,40.5108902,-6.0255971,/productores/es/castilla-y-leon/salamanca/bodegas-y-vinedos-el-robledo-sequeros.webp,,sí,ecommerce,,2513,es,,,,,,es,castilla-y-leon,salamanca,,,,,,
bodegas-4-generacion-sotoserrano,Bodegas 4ª Generación,Sotoserrano,Vino,"Los tintos 27, 57, 97 y 98 de viñas viejas","C. Castillo, 7, 37657 Sotoserrano, Salamanca","Bodega y viñedo de Sotoserrano, en el parque natural de Las Batuecas-Sierra de Francia, que elabora con Tempranillo, Rufete y Garnacha de cepas de más de sesenta años los cuatro vinos numerados 27, 57, 97 y 98. Tiene museo del vino y visitas, y vende en bodega.",Consultar web o venta directa,+34654658969,cuartageneracion14@gmail.com,https://bodegacuartageneracion.com/,,,https://www.google.com/maps/search/?api=1&query=Bodegas%204%C2%AA%20Generaci%C3%B3n&query_place_id=ChIJA9W7KK1fPg0RdaCCfbeG5Vs,40.43743,-6.0337898999999995,,,no,,,1753,es,,,,,,es,castilla-y-leon,salamanca,,,,,,
bodega-julian-madruga-tardaguila,Bodega Julián Madruga,Tardáguila,Vino,Adán Malvasía y el tinto Julián Madruga de 36 meses,"C. de las Bodegas, 19, 37429 Tardáguila, Salamanca","Bodega de La Armuña que desde 2009 elabora vino natural de baja intervención en viñedo viejo y cultivo ecológico: los blancos Adán Malvasía y Godello Lías, el tinto joven Adán Tempranillo y el Julián Madruga criado 36 meses. Vende en su tienda online.",Consultar web o venta directa,+34923234659,,https://bodega-julian-madruga.myshopify.com/,,,https://www.google.com/maps/search/?api=1&query=Bodega%20Juli%C3%A1n%20Madruga&query_place_id=ChIJK1AEU3AtPw0RBX-fbFWgZQ4,41.1139951,-5.574761199999999,/productores/es/castilla-y-leon/salamanca/bodega-julian-madruga-tardaguila.webp,,sí,ecommerce,,1487,es,,,,,,es,castilla-y-leon,salamanca,,,,,,
bodega-cambrico-villanueva-del-conde,Bodega Cámbrico,Villanueva del Conde,Vino,Vinos de Rufete de viñedo ecológico,"Bodega Cámbrico, 37658 Villanueva del Conde, Salamanca","Viñas del Cámbrico S.L., en Villanueva del Conde, es un proyecto de recuperación del patrimonio vitícola de la Sierra de Francia con certificación ecológica y vinos de parcela de Rufete. Tienda propia con carrito y visitas guiadas.",Consultar web o venta directa,+34671471571,info@cambrico.com,http://www.cambrico.com/,,,https://www.google.com/maps/search/?api=1&query=Bodega%20C%C3%A1mbrico&query_place_id=ChIJ06N9Prv1Pg0RVtElzyGpEDc,40.5050726,-6.014009199999999,/productores/es/castilla-y-leon/salamanca/bodega-cambrico-villanueva-del-conde.webp,,sí,ecommerce,,1320,es,,,,,,es,castilla-y-leon,salamanca,,,,,,
morcillas-y-farinatos-de-salamanca-carnicas-valdetasia-barbadillo,Cárnicas Valdetasia,Barbadillo,Carne,Morcilla de piñones y farinato de Salamanca,"Finca El Gejo, DSA-310, km. 12, 37440 Barbadillo, Salamanca","Cuarta generación de una casa de la Dehesa Charra que elabora con receta propia de hace más de ciento veinticinco años morcilla de piñones, farinato, chorizo tierno y criollo, sin conservantes ni colorantes. Tienda propia con calibre y punto de picante a elegir.",Consultar web o venta directa,+34923163692,info@morcillasdesalamanca.es,https://morcillasdesalamanca.es/,,,https://www.google.com/maps/search/?api=1&query=Morcillas%20y%20Farinatos%20de%20Salamanca%20%7C%20C%C3%A1rnicas%20Valdetasia&query_place_id=ChIJa7ga5vPdPg0RNfgC-4kiNFk,40.8660437,-5.841435499999999,/productores/es/castilla-y-leon/salamanca/morcillas-y-farinatos-de-salamanca-carnicas-valdetasia-barbadillo.webp,,sí,ecommerce,,3185,es,,,,,,es,castilla-y-leon,salamanca,,,,,,
embutidos-y-jamones-sierra-de-bejar-s-l-bejar,Embutidos y Jamones Sierra de Béjar S.L.,Béjar,Carne,Jamón y embutido de ibérico puro de montanera,"C. Obispo Zarranz y Pueyo, 1, 37700 Béjar, Salamanca","Sierra de Béjar S.L., empresa familiar dedicada en exclusiva a criar, elaborar y curar ibérico puro alimentado de bellota en montanera. Su fábrica está en pleno corazón de la Sierra de Béjar, de inviernos fríos y secos, y cura en secaderos naturales.",Consultar web o venta directa,+34923403184,,https://sierradebejarsl.es/,,,https://www.google.com/maps/search/?api=1&query=Embutidos%20y%20Jamones%20Sierra%20de%20B%C3%A9jar%20S.L.&query_place_id=ChIJOeTRVhFTPg0RgEiuVzAs690,40.3846245,-5.7569766,,,no,,,5564,es,,,,,,es,castilla-y-leon,salamanca,,,,,,
carne-fresca-iberica-yebra-campillo-de-salvatierra,Ibéricos Yebra,Guijuelo,Carne,"Carne fresca ibérica: secreto, presa, pluma y lagarto","C/ Miguel de Unamuno, 6, 37778 Campillo de Salvatierra, Salamanca","Casa de Campillo de Salvatierra especializada en despiece y curados de cerdo ibérico de Guijuelo: cortes gourmet como el secreto, la presa, la pluma y el lagarto, además de lomo, panceta y costilla. Trabaja sobre todo para hostelería y distribución.",Consultar web o venta directa,+34923580145,info@ibericosyebra.vip,https://ibericosyebra.vip/,,,https://www.google.com/maps/search/?api=1&query=Carne%20Fresca%20Ib%C3%A9rica%20Yebra&query_place_id=ChIJ0-mbjWQBPw0R6__c6RLC_aw,40.5706614,-5.6758656,/productores/es/castilla-y-leon/salamanca/carne-fresca-iberica-yebra-campillo-de-salvatierra.webp,pendiente,no comprobado,,,7074,es,,,,,,es,castilla-y-leon,salamanca,,,,,,
chacinas-lobel-campillo-de-salvatierra,Chacinas Lobel,Guijuelo,Carne,Jamón y lomo de bellota ibéricos,"C. Amable Criado, 27, 37778 Campillo de Salvatierra, Salamanca","Empresa familiar con más de setenta y cinco años y tres generaciones en el ibérico, con fábrica propia de más de 7.000 m² en Campillo de Salvatierra y una plantilla de más de cuarenta personas. Elabora jamón, paleta, lomo, chorizo y salchichón de bellota y de cebo, y vende en tienda propia.",Consultar web o venta directa,+34923580139,info@chacinaslobel.es,https://chacinaslobel.es/,,,https://www.google.com/maps/search/?api=1&query=Chacinas%20Lobel&query_place_id=ChIJGxg0SXsBPw0RFRGpXlmjGxo,40.565390099999995,-5.6767924999999995,,,sí,ecommerce,,3988,es,,,,,,es,castilla-y-leon,salamanca,,,,,,
fisan-campillo-de-salvatierra,FISAN,Guijuelo,Carne,Jamón de bellota ibérico y carnes de bellota,"C. Amable Criado, 29, 37778 Campillo de Salvatierra, Salamanca","Empresa familiar dedicada desde 1920 a la elaboración tradicional del cerdo ibérico, que en 2020 estrenó por su centenario una planta de 7.500 m² en Campillo de Salvatierra. Jamón, paleta, lomo, chorizo y salchichón, más carnes de bellota, con tienda online propia.",Consultar web o venta directa,+34923580074,fisan@fisan.es,https://www.fisan.com/,,,https://www.google.com/maps/search/?api=1&query=FISAN&query_place_id=ChIJEb1LjmwBPw0R16jKPbIEoPs,40.5660101,-5.6764464,,,sí,ecommerce,,5893,es,,,,,,es,castilla-y-leon,salamanca,,,,,,
guijuelo-gourmet-campillo-de-salvatierra,Guijuelo Gourmet,Guijuelo,Carne,"Jamón, coppa y embutido ibérico de gama alta","C. Amable Criado, 37, 37778 Campillo de Salvatierra, Salamanca","Selección de Guijuelo Gourmet S.L. elabora y vende jamón, paleta, lomo, chorizo, salchichón y coppa ibéricos desde Campillo de Salvatierra, con tienda propia y envío gratuito a partir de 69 € en península.",Consultar web o venta directa,+34923052400,info@gugourmet.com,https://gugourmet.com/,,,https://www.google.com/maps/search/?api=1&query=Guijuelo%20Gourmet&query_place_id=ChIJCaQPW2UBPw0Rvf_4qBVVm6M,40.5670255,-5.6764896,/productores/es/castilla-y-leon/salamanca/guijuelo-gourmet-campillo-de-salvatierra.webp,,sí,ecommerce,,6661,es,,,,,,es,castilla-y-leon,salamanca,,,,,,
ibericos-amh-amador-martin-e-hija-s-l-campillo-de-salvatierra,Ibéricos AMH Amador Martín e Hija S.L.,Guijuelo,Carne,Embutido ibérico secado con leña de roble,"C. Miguel Unamuno, 68-70, 37778 Campillo de Salvatierra, Salamanca","Amador Martín e Hija S.L. elabora jamones, lomo de bellota, chorizo y longaniza en Campillo de Salvatierra. Conserva desde la primera generación el secado con leña de roble, que reivindica como su seña de fábrica, y vende en tienda propia.",Consultar web o venta directa,+34923580158,,https://www.ibericosamh.es/,,,https://www.google.com/maps/search/?api=1&query=Ib%C3%A9ricos%20AMH%20Amador%20Mart%C3%ADn%20e%20Hija%20S.L.&query_place_id=ChIJ0-mbjWQBPw0R7DLvX0WFqHY,40.5705676,-5.6738577999999995,/productores/es/castilla-y-leon/salamanca/ibericos-amh-amador-martin-e-hija-s-l-campillo-de-salvatierra.webp,,sí,ecommerce,,7046,es,,,,,,es,castilla-y-leon,salamanca,,,,,,
jamones-y-embutidos-anojal-hijos-de-salvador-martin-campillo-de-salvatierra,Añojal - Hijos de Salvador Martín,Guijuelo,Carne,Jamón ibérico Añojal de bellota y de cebo de campo,"C. Amable Criado, 32, 37778 Campillo de Salvatierra, Salamanca","Hijos de Salvador Martín S.L., constituida en 1990, elabora en su fábrica de Guijuelo los jamones y embutidos ibéricos de la marca Añojal, y los vende en su propia tienda online.",Consultar web o venta directa,,,https://tiendasalvadormartin.com/,,,https://www.google.com/maps/search/?api=1&query=Jamones%20y%20embutidos%20A%C3%B1ojal%20Hijos%20de%20Salvador%20Mart%C3%ADn&query_place_id=ChIJA0XwFr0BPw0RT300CEdYWE0,40.5670745,-5.676222200000001,,,sí,ecommerce,,780,es,,,,,,es,castilla-y-leon,salamanca,,,,,,
jamon-pinucho-primarsa-campillo-de-salvatierra,Jamón Pinucho (PRIMARSA),Guijuelo,Carne,Jamones y embutidos ibéricos Pinucho,"C. Camilo José Cela, 5-7, 37778 Campillo de Salvatierra, Salamanca","Primarsa, con la marca Jamón Pinucho, lleva más de cien años elaborando jamones y embutidos ibéricos en Campillo de Salvatierra.",Consultar web o venta directa,+34923581498,info@primarsa.es,,,,https://www.google.com/maps/search/?api=1&query=Jam%C3%B3n%20Pinucho%20%28PRIMARSA%29&query_place_id=ChIJi_noRmMBPw0RznXpAWHH-7I,40.572134,-5.676948,,pendiente,no comprobado,,,7198,es,,,,,,es,castilla-y-leon,salamanca,,,,,,
la-rosa-iberica-campillo-de-salvatierra,La Rosa Ibérica,Guijuelo,Carne,Jamones y embutidos ibéricos de Guijuelo,"C. FELIPE VI, 19, 37778 Campillo de Salvatierra, Salamanca","Elaborador de jamones y embutidos ibéricos en Campillo de Salvatierra. No tiene carrito propio: la compra desde su web se resuelve en el mercado en línea de Tierra de Sabor, donde mantiene tienda de marca.",Consultar web o venta directa,+34923581717,,https://www.larosaiberica.com/,,,https://www.google.com/maps/search/?api=1&query=La%20Rosa%20Ib%C3%A9rica&query_place_id=ChIJ9Y2Oq2QBPw0RlGo30dr3j6U,40.5712669,-5.6771505,/productores/es/castilla-y-leon/salamanca/la-rosa-iberica-campillo-de-salvatierra.webp,,sí,marketplace,,7844,es,,,,,,es,castilla-y-leon,salamanca,,,,,,
productos-carnicos-brisa-campillo-de-salvatierra,Ibéricos Brisa,Guijuelo,Carne,Jamón ibérico curado un mínimo de 36 meses,"C. Camilo José Cela, 21, 37778 Campillo de Salvatierra, Salamanca","Productos Cárnicos Brisa S.L., familiar desde marzo de 1983, elabora jamón y embutido ibérico con recetas tradicionales y da a su jamón un mínimo de treinta y seis meses de curación. Tienda propia con piezas enteras y loncheados.",Consultar web o venta directa,+34923581414,,https://ibericosbrisa.com/,,,https://www.google.com/maps/search/?api=1&query=Productos%20C%C3%A1rnicos%20Brisa&query_place_id=ChIJgYFpa2MBPw0REvY9vUIQyKo,40.5719047,-5.6758212,,,sí,ecommerce,,7052,es,,,,,,es,castilla-y-leon,salamanca,,,,,,
sierra-de-codex-guijuelo-campillo-de-salvatierra,Sierra de Codex,Guijuelo,Carne,Jamón de cebo de campo ibérico curado 30 meses,"C. Amable Criado, 3-5, 37778 Campillo de Salvatierra, Salamanca","Marca de Cien por Cien Pata Negra S.L., familia con más de cien años en la dehesa y treinta dedicados a la cría y el manejo del ibérico de bellota. Sus jamones se curan un mínimo de treinta meses en secaderos naturales de Guijuelo. Tienda propia con pago por tarjeta, Bizum, transferencia o contrarreembolso.",Consultar web o venta directa,+34923156296,pedidos@cienporcienpatanegra.com,https://www.sierradecodex.com/,,,https://www.google.com/maps/search/?api=1&query=Sierra%20de%20Codex%20Guijuelo&query_place_id=ChIJTyiZ-2wmPw0RBfFBFiedvIU,40.5636073,-5.6767828,/productores/es/castilla-y-leon/salamanca/sierra-de-codex-guijuelo-campillo-de-salvatierra.webp,,sí,ecommerce,,11568,es,,,,,,es,castilla-y-leon,salamanca,,,,,,
viandas-ibericas-campillo-de-salvatierra,Viandas Ibéricas,Guijuelo,Carne,"Jamones, paletas y carne fresca de ibérico","Calle Felipe VI, Nº 15, 37778 Campillo de Salvatierra, Salamanca","Viandas Ibéricas de Guijuelo, que opera con la marca Princesan, vende directo de fábrica jamones, paletas, lomos, embutidos y carne fresca de cerdo ibérico desde Campillo de Salvatierra, con envío gratuito a partir de 59 € en península.",Consultar web o venta directa,+34923580019,info@viandasibericas.com,https://viandasibericas.com/,,,https://www.google.com/maps/search/?api=1&query=Viandas%20Ib%C3%A9ricas&query_place_id=ChIJw9jdWsIBPw0RFRH6PocuNZE,40.5721419,-5.6780602,/productores/es/castilla-y-leon/salamanca/viandas-ibericas-campillo-de-salvatierra.webp,,sí,ecommerce,,12151,es,,,,,,es,castilla-y-leon,salamanca,,,,,,
la-vega-de-salvatierra-ibericos-s-l-fuenterroble-de-salvatierra,La Vega de Salvatierra Ibéricos S.L.,Fuenterroble de Salvatierra,Carne,"Jamón, paleta y loncheados ibéricos","Calle entresierras, 1, 37768 Fuenterroble de Salvatierra, Salamanca","Empresa familiar que hace el proceso ibérico completo de forma artesanal con receta propia y vende directa de fábrica: jamón, paleta, embutidos y loncheados en varias calidades y formatos.",Consultar web o venta directa,+34606036292,lavega@lavegadesalvatierra.com,https://lavegadesalvatierra.com/,,,https://www.google.com/maps/search/?api=1&query=La%20Vega%20de%20Salvatierra%20Ib%C3%A9ricos%20S.L.&query_place_id=ChIJqzTFnhz-Pg0RqZqIjaP_85E,40.5536242,-5.7043481,/productores/es/castilla-y-leon/salamanca/la-vega-de-salvatierra-ibericos-s-l-fuenterroble-de-salvatierra.webp,,sí,ecommerce,,7911,es,,,,,,es,castilla-y-leon,salamanca,,,,,,
dehesa-garcia-fabrica-de-jamones-y-embutidos-ibericos-100-naturales-guijuelo,Dehesa García,Guijuelo,Carne,Jamón de bellota y embutido ibérico artesanal,"C. Corral de Concejo, 6, 37770 Guijuelo, Salamanca","Fábrica familiar de Guijuelo dedicada al cerdo ibérico desde 1960, con secadero propio y elaboración artesanal de jamones, paletas, lomos y embutidos con poca sal y curación lenta. Vende al por mayor y en su tienda online.",Consultar web o venta directa,+34923581874,info@dehesagarcia.com,https://www.dehesagarcia.com/,,,https://www.google.com/maps/search/?api=1&query=Dehesa%20Garc%C3%ADa%20-%20F%C3%A1brica%20de%20Jamones%20y%20Embutidos%20Ib%C3%A9ricos%20100%25%20Naturales&query_place_id=ChIJHYZzImsBPw0RMx-wD7KxJPM,40.5569948,-5.6685393,/productores/es/castilla-y-leon/salamanca/dehesa-garcia-fabrica-de-jamones-y-embutidos-ibericos-100-naturales-guijuelo.webp,,sí,ecommerce,,4776,es,,,,,,es,castilla-y-leon,salamanca,,,,,,
don-iberico-artesanos-del-cerdo-iberico-guijuelo,Don Ibérico Artesanos del Cerdo Ibérico,Guijuelo,Carne,Jamón de bellota curado más de cuatro años,"Polígono Industrial el Montecillo, Finca 213, 37770 Guijuelo, Salamanca","Empresa familiar de cinco generaciones en el polígono El Montecillo de Guijuelo, con cabaña propia de cerdos de tronco ibérico y bodegas donde los jamones maduran más de cuatro años. Fábrica con tienda para hostelería y particulares, y venta online.",Consultar web o venta directa,+34923580404,pedidos@doniberico.net,https://doniberico.net/,,,https://www.google.com/maps/search/?api=1&query=Don%20Ib%C3%A9rico%20Artesanos%20del%20Cerdo%20Ib%C3%A9rico&query_place_id=ChIJ-0-YNBYmPw0RwAQ4o0F7V8M,40.571672,-5.66374,/productores/es/castilla-y-leon/salamanca/don-iberico-artesanos-del-cerdo-iberico-guijuelo.webp,,sí,ecommerce,,4926,es,,,,,,es,castilla-y-leon,salamanca,,,,,,
ibericos-crego-guijuelo,Ibéricos Crego,Guijuelo,Carne,"Jamón de bellota 100% ibérico, secreto y presa","C. Lirio, 20, 37770 Guijuelo, Salamanca",Empresa familiar de Guijuelo con un siglo de actividad y finca propia de cría en tierra salmantina. Elabora jamones y embutidos ibéricos de bellota y vende en su propia tienda online.,Consultar web o venta directa,+34923581360,,https://www.ibericoscrego.com/,,,https://www.google.com/maps/search/?api=1&query=Ib%C3%A9ricos%20Crego&query_place_id=ChIJnbvVGxIBPw0RBmp1l_TaN2g,40.5512259,-5.6759797,/productores/es/castilla-y-leon/salamanca/ibericos-crego-guijuelo.webp,,sí,ecommerce,,7057,es,,,,,,es,castilla-y-leon,salamanca,,,,,,
ibericos-guillen-guijuelo,Ibéricos Guillén,Guijuelo,Carne,Jamones y paletas ibéricos de ganadería propia,"C. Chinarral, 23, 37770 Guijuelo, Salamanca","Manuel Guillén S.A., tres generaciones de Guijuelo elaborando jamones y embutidos ibéricos con ganadería propia y control de todo el proceso, desde la cría y la alimentación del cerdo hasta la curación. Tienda online propia.",Consultar web o venta directa,+34923581234,info@ibericosguillen.com,https://ibericosguillen.com/,,,https://www.google.com/maps/search/?api=1&query=Ib%C3%A9ricos%20Guill%C3%A9n&query_place_id=ChIJi1KZfRMBPw0Rj0fW1GBr2-s,40.55438900000001,-5.672203,/productores/es/castilla-y-leon/salamanca/ibericos-guillen-guijuelo.webp,,sí,ecommerce,,7065,es,,,,,,es,castilla-y-leon,salamanca,,,,,,
jamones-encinas-de-salamanca-guijuelo,Jamones Encinas de Salamanca,Guijuelo,Carne,Jamón ibérico D.O.P. Guijuelo,"C. Sta. María, 27, 37770 Guijuelo, Salamanca","Casa de 1954 con domicilio fiscal, fábrica y secadero en Guijuelo, amparada por la D.O.P. Guijuelo. Vende en su tienda online con envío gratuito a partir de 99 € y reparto en 24-48 horas.",Consultar web o venta directa,+34923210997,,https://jamonesencinasdesalamanca.com/,,,https://www.google.com/maps/search/?api=1&query=JAMONES%20ENCINAS%20DE%20SALAMANCA&query_place_id=ChIJsTLaZmEBPw0REbBBbA7wS3s,40.5585704,-5.6685599,/productores/es/castilla-y-leon/salamanca/jamones-encinas-de-salamanca-guijuelo.webp,,sí,ecommerce,,7234,es,,,,,,es,castilla-y-leon,salamanca,,,,,,
jamones-ibericos-martin-matas-sl-guijuelo,Jamones Ibéricos Martín-Matas SL,Guijuelo,Carne,Jamones y paletas ibéricos de cría propia,"Plaza Santa María, 21, 37770 Guijuelo, Salamanca","Inscrita en la D.O.P. Guijuelo, elabora jamones y paletas ibéricos estando presente en todo el proceso, de la cría del cerdo al salado, la curación y el secado. Tienda propia con envío gratis desde 35 €.",Consultar web o venta directa,+34923581195,pedidos@martinmatas.com,https://martinmatas.com/,,,https://www.google.com/maps/search/?api=1&query=Jamones%20Ib%C3%A9ricos%20Mart%C3%ADn-Matas%20SL&query_place_id=ChIJW3oaHGsBPw0RXCvAa6v1vc4,40.558411799999995,-5.6697719,/productores/es/castilla-y-leon/salamanca/jamones-ibericos-martin-matas-sl-guijuelo.webp,,sí,ecommerce,,7250,es,,,,,,es,castilla-y-leon,salamanca,,,,,,
jamones-y-embutidos-entresierras-guijuelo,Jamones y Embutidos Entresierras,Guijuelo,Carne,"Chorizo, salchichón y morcón ibéricos artesanales","C. Filiberto Villalobos, 183, 37770 Guijuelo, Salamanca","Pequeña empresa familiar de Guijuelo con más de treinta y cinco años de producción tradicional y artesanal, sin aditivos químicos: jamón, paleta, lomo, chorizo, salchichón, morcón y longaniza. Tienda online propia.",Consultar web o venta directa,+34923581866,info@jamonesentresierras.es,https://www.jamonesentresierras.com/,,,https://www.google.com/maps/search/?api=1&query=Jamones%20y%20Embutidos%20Entresierras&query_place_id=ChIJL7rzRmkBPw0RZD3B_6T3KYQ,40.562537,-5.6713796,/productores/es/castilla-y-leon/salamanca/jamones-y-embutidos-entresierras-guijuelo.webp,,sí,ecommerce,,7291,es,,,,,,es,castilla-y-leon,salamanca,,,,,,
jamones-y-embutidos-ibericos-jesus-valle-guijuelo,Jamones y embutidos ibéricos Jesús Valle,Guijuelo,Carne,Jamón y embutido ibérico de bellota,"Pl. Mayor, 23, 37770 Guijuelo, Salamanca","Chacinería de la Plaza Mayor de Guijuelo con dehesa y ganadería propias, que elabora y cura de forma artesanal jamones, paletas, lomos y embutidos ibéricos de bellota. Tienda online propia con programa de puntos.",Consultar web o venta directa,,,https://www.jesusvalle.es/,,,https://www.google.com/maps/search/?api=1&query=Jamones%20y%20embutidos%20ib%C3%A9ricos%20Jes%C3%BAs%20Valle&query_place_id=ChIJ00_tWmsBPw0RwAAssvSB-IE,40.557342,-5.6715538,,,sí,ecommerce,,7296,es,,,,,,es,castilla-y-leon,salamanca,,,,,,
julian-martin-s-l-guijuelo,Julián Martín S.L.,Guijuelo,Carne,Jamón y paleta de bellota 100% ibérico,"Ctra. Campillo, 68, 37770 Guijuelo, Salamanca",Empresa familiar de Guijuelo dedicada desde 1933 en exclusiva al jamón y la paleta de bellota y a embutidos ibéricos. Abre sus fábricas a visitas de «jamónturismo» y vende en su tienda online.,Consultar web o venta directa,+34923581151,tienda@julianmartin.es,https://julianmartin.es/,,,https://www.google.com/maps/search/?api=1&query=Juli%C3%A1n%20Mart%C3%ADn%20S.L.&query_place_id=ChIJV2yA0W0BPw0RHzGTG4fL_5Y,40.561962799999996,-5.6744539,/productores/es/castilla-y-leon/salamanca/julian-martin-s-l-guijuelo.webp,,sí,ecommerce,,7416,es,,,,,,es,castilla-y-leon,salamanca,,,,,,
rodilla-gonzalez-productos-agroalimentarios-guijuelo,Rodilla & González Productos Agroalimentarios,Guijuelo,Carne,"Chorizo, lomo y salchichón ibéricos de curación tradicional","C. Clavel, 3, 37770 Guijuelo, Salamanca","Rodilla & González Productos Agroalimentarios S.L. (RGSEAA 10.026810/SA) elabora en Guijuelo jamones, paletas, chorizo, lomo y salchichón ibéricos en secaderos tradicionales. Tienda propia con piezas enteras y loncheado.",Consultar web o venta directa,+34923270882,administracion@rodillagonzalez.com,http://www.rodillagonzalez.com/,,,https://www.google.com/maps/search/?api=1&query=Rodilla%20%26%20Gonz%C3%A1lez%20Productos%20Agroalimentarios&query_place_id=ChIJO9EgkLoBPw0RO-BwZgVYXfM,40.5376799,-5.6757442,/productores/es/castilla-y-leon/salamanca/rodilla-gonzalez-productos-agroalimentarios-guijuelo.webp,,sí,ecommerce,,11138,es,,,,,,es,castilla-y-leon,salamanca,,,,,,
salamanca-iberica-2015-s-l-guijuelo,Salamanca Ibérica 2015 S.l.,Guijuelo,Carne,Ibéricos de bellota y cebo y carnes frescas,"C. Sierra de Béjar, 34, 37770 Guijuelo, Salamanca","Elaborador de Guijuelo con más de veinte años de oficio y fabricación propia a partir de ganado seleccionado por su alimentación natural: jamones, paletas, embutidos y carnes ibéricas como solomillo, secreto, pluma y lagarto. Tienda online con envío en dos a cuatro días.",Consultar web o venta directa,+34923591802,,http://productosibericossalamanca.com/,,,https://www.google.com/maps/search/?api=1&query=Salamanca%20Ib%C3%A9rica%202015%20S.l.&query_place_id=ChIJU3S4oQIBPw0RykEUFu9dH9k,40.536715699999995,-5.6781,/productores/es/castilla-y-leon/salamanca/salamanca-iberica-2015-s-l-guijuelo.webp,,sí,ecommerce,,11313,es,,,,,,es,castilla-y-leon,salamanca,,,,,,
simon-martin-guijuelo-guijuelo,Simón Martín Guijuelo,Guijuelo,Carne,Jamón de bellota ibérico de ciclo cerrado,"Pol. Ind. Agroalimentario - Sierra de Herrero, Parc.17, 37770 Guijuelo, Salamanca","Casa familiar de Guijuelo fundada en 1907 que trabaja en ciclo cerrado con explotaciones propias: jamones, paletas, embutidos y loncheados ibéricos, con quince medallas de oro en IFFA 2022. Tienda online con envío gratis desde 60 €.",Consultar web o venta directa,+34923580129,info@simonmartin.es,https://www.simonmartin.es/,,,https://www.google.com/maps/search/?api=1&query=Sim%C3%B3n%20Mart%C3%ADn%20Guijuelo&query_place_id=ChIJiyP4zxwBPw0RUlOEvBcmfHY,40.538650499999996,-5.6755834,/productores/es/castilla-y-leon/salamanca/simon-martin-guijuelo-guijuelo.webp,,sí,ecommerce,,11587,es,,,,,,es,castilla-y-leon,salamanca,,,,,,
cayo-rodriguez-s-l-ledrada,Cayo Rodríguez S.L.,Ledrada,Carne,"Jamones, paletas y embutidos ibéricos","C. Guardia Civil, 37, 37730 Ledrada, Salamanca","Casa de Ledrada que elabora jamones y embutidos desde 1890. Mantiene catálogo propio de jamones, paletas, embutidos y carnes, con venta en fábrica y horario de atención de lunes a sábado.",Consultar web o venta directa,+34923591198,cayo@cayorodriguez.com,https://cayorodriguez.com/,,,https://www.google.com/maps/search/?api=1&query=Cayo%20Rodr%C3%ADguez%20S.L.&query_place_id=ChIJpb3-FlyrPw0RVEk91wOnBbg,40.4687336,-5.7150859999999994,/productores/es/castilla-y-leon/salamanca/cayo-rodriguez-s-l-ledrada.webp,,no,,,3558,es,,,,,,es,castilla-y-leon,salamanca,,,,,,
chacinas-de-salamanca-ledrada,Chacinas de Salamanca,Ledrada,Carne,Jamón ibérico Chacinas de Salamanca,"C. Guardia Civil, 14, 37730 Ledrada, Salamanca","Marca de Rodilsa, empresa familiar fundada en 1970 que fabrica y distribuye ibéricos desde su propia fábrica de Ledrada. Su producto insignia es el jamón ibérico Chacinas de Salamanca, y vende en tienda propia junto a paleta, lomo, chorizo y salchichón.",Consultar web o venta directa,+34914990898,info@chacinasdesalamanca.es,https://chacinasdesalamanca.es/,,,https://www.google.com/maps/search/?api=1&query=Chacinas%20de%20Salamanca&query_place_id=ChIJo-7URMaqPw0RhyPLqtG0VIY,40.46871470000001,-5.7187081,/productores/es/castilla-y-leon/salamanca/chacinas-de-salamanca-ledrada.webp,,sí,ecommerce,,3984,es,,,,,,es,castilla-y-leon,salamanca,,,,,,
carnicas-gregorio-rodriguez-s-l-ledrada,Cárnicas Gregorio Rodríguez S.L.,Ledrada,Carne,"Jamones, paletas y embutidos ibéricos artesanos","C. Arriba, 29, 37730 Ledrada, Salamanca","Empresa familiar de Ledrada, a doce kilómetros de Guijuelo y al pie de la Sierra de Béjar, dedicada a curar jamones y paletas y a elaborar embutidos ibéricos de forma artesanal.",Consultar web o venta directa,+34923591036,carnicasgregoriorodriguez@hotmail.es,https://www.carnicasgregoriorodriguez.com/,,,https://www.google.com/maps/search/?api=1&query=C%C3%A1rnicas%20Gregorio%20Rodr%C3%ADguez%20S.L.&query_place_id=ChIJu5o8Ps-qPw0RlWrOjW6WNK8,40.4667563,-5.720996899999999,/productores/es/castilla-y-leon/salamanca/carnicas-gregorio-rodriguez-s-l-ledrada.webp,,no,,,3161,es,,,,,,es,castilla-y-leon,salamanca,,,,,,
embutidos-fili-ledrada,Embutidos Fili,Ledrada,Carne,"Chorizo, salchichón y lomo ibéricos","C. Guardia Civil, 66, BAJO, 37730 Ledrada, Salamanca","Elaborador de Ledrada con más de veinte años de oficio en la fabricación, salazón y curación de embutidos y jamones de cerdo ibérico: chorizo, salchichón, lomo, loncheados y jamones de varias clases. Sirve a domicilio por pedido directo.",Consultar web o venta directa,+34923591183,fili@embutidosfili.com,https://embutidosfili.com/,,,https://www.google.com/maps/search/?api=1&query=Embutidos%20Fili&query_place_id=ChIJK1DKNMGqPw0RJplZWC0K010,40.4697871,-5.7142941,/productores/es/castilla-y-leon/salamanca/embutidos-fili-ledrada.webp,,sí,telefono|email,,5445,es,,,,,,es,castilla-y-leon,salamanca,,,,,,
florencio-gomez-s-a-ledrada,Florencio Gómez S.A.,Ledrada,Carne,Jamón ibérico de bellota y cebo de campo,"C. Arriba, 31, 37730 Ledrada, Salamanca","Empresa familiar de Ledrada que elabora jamones y embutidos ibéricos desde 1923, con los sellos Ibéricos de Salamanca y Tierra de Sabor. Tienda propia con envío gratuito a la península.",Consultar web o venta directa,+34923591062,comercial@florenciogomez.es,https://www.florenciogomez.es/,,,https://www.google.com/maps/search/?api=1&query=Florencio%20G%C3%B3mez%20S.A.&query_place_id=ChIJj_PmAM-qPw0Raaka7ELNwJM,40.4662995,-5.720977899999999,/productores/es/castilla-y-leon/salamanca/florencio-gomez-s-a-ledrada.webp,,sí,ecommerce,,5933,es,,,,,,es,castilla-y-leon,salamanca,,,,,,
iberoart-jamones-ledrada,IberoArt JAMONES,Ledrada,Carne,Jamones y paletas ibéricos de bellota,"C. Reina Sofía, 2, 37730 Ledrada, Salamanca","Casa de Ledrada con más de un siglo elaborando y vendiendo jamones y paletas ibéricos, dedicada en exclusiva a esas dos piezas y con ganadería propia para controlar el origen.",Consultar web o venta directa,,,,,,https://www.google.com/maps/search/?api=1&query=IberoArt%20JAMONES&query_place_id=ChIJATuTKcmqPw0R-eWAFHZtDJo,40.468289999999996,-5.722169999999999,,pendiente,no comprobado,,,7078,es,,,,,,es,castilla-y-leon,salamanca,,,,,,
jamones-atilano-gonzalez-gomez-ledrada,Jamones Atilano González Gómez,Ledrada,Carne,Jamón ibérico D.O.P. Guijuelo,"C. Cancho de la Gallina, 4, BAJO, 37730 Ledrada, Salamanca","Atilano González Gómez S.L., empresa familiar creada en 2004 en Ledrada e inscrita en la D.O.P. Guijuelo, centrada en jamón ibérico y curados de gama alta con cerdo nacional seleccionado.",Consultar web o venta directa,+34923591084,info@jamonatilano.com,https://jamonatilano.com/,,,https://www.google.com/maps/search/?api=1&query=Jamones%20Atilano%20Gonz%C3%A1lez%20G%C3%B3mez&query_place_id=ChIJMQYxW8-qPw0R8RRbNLkfrZU,40.467849199999996,-5.719316,/productores/es/castilla-y-leon/salamanca/jamones-atilano-gonzalez-gomez-ledrada.webp,,no,,,7210,es,,,,,,es,castilla-y-leon,salamanca,,,,,,
jamones-y-embutidos-hpm-sl-ledrada,Jamones Y Embutidos Hpm SL,Ledrada,Carne,Jamón ibérico artesano curado en Ledrada,"Carretera de Béjar, km 1, 37730 Ledrada, Salamanca","Jamones y Embutidos HPM S.L., fundada por Pedro Martín García en 1958, lleva tres generaciones haciendo ibérico artesano en Ledrada. Tienda propia con envío gratuito en península a partir de 50 € y entrega en dos a cuatro días.",Consultar web o venta directa,,,https://jamonhpm.com/,,,https://www.google.com/maps/search/?api=1&query=Jamones%20Y%20Embutidos%20Hpm%20SL&query_place_id=ChIJlVs90OlUPg0RiWX_nha9Sks,40.460822,-5.726268,/productores/es/castilla-y-leon/salamanca/jamones-y-embutidos-hpm-sl-ledrada.webp,,sí,ecommerce,,7294,es,,,,,,es,castilla-y-leon,salamanca,,,,,,
jamones-y-embutidos-ibericos-cibego-ledrada,Jamones y Embutidos Ibéricos CIBEGO,Ledrada,Carne,Jamones y embutidos ibéricos,"Pl. España, 37730 Ledrada, Salamanca",Fábrica de embutidos y jamones ibéricos de Ledrada.,Consultar web o venta directa,+34923591082,info@cibego.es,,,,https://www.google.com/maps/search/?api=1&query=Jamones%20y%20Embutidos%20Ib%C3%A9ricos%20CIBEGO&query_place_id=ChIJf1MPKpqrPw0R31XRP9MbxaA,40.468912499999995,-5.722664,,pendiente,no,,,7295,es,,,,,,es,castilla-y-leon,salamanca,,,,,,
jamones-y-embutidos-la-bejarana-ledrada,Jamones y Embutidos La Bejarana,Ledrada,Carne,"Jamón, paleta y lomo ibéricos La Bejarana","C. Pilarillo, 11, 37730 Ledrada, Salamanca","Abundio Matas S.L. elabora en Ledrada los jamones y embutidos de la marca La Bejarana, registrada en 1922. Tienda propia con jamón, paleta, lomo, chorizo y salchichón por calidades y formatos.",Consultar web o venta directa,+34923591382,info@labejarana.com,https://labejarana.com/,,,https://www.google.com/maps/search/?api=1&query=Jamones%20y%20Embutidos%20La%20Bejarana&query_place_id=ChIJv8X4Ws-qPw0RlHwEFbRRKGc,40.4676948,-5.7195446,/productores/es/castilla-y-leon/salamanca/jamones-y-embutidos-la-bejarana-ledrada.webp,,sí,ecommerce,,7297,es,,,,,,es,castilla-y-leon,salamanca,,,,,,
los-gonzalez-ibericos-ledrada,Los González Ibéricos,Ledrada,Carne,Jamones curados de 18 a 36 meses para hostelería,"C. Fuente de la Gloria, 9, 37730 Ledrada, Salamanca","Empresa familiar de Ledrada con más de cien años en el ibérico, que elabora jamones de cebo, cebo de campo y bellota curados entre dieciocho y treinta y seis meses, además de paletas, lomos y embutidos. Vende a profesionales, con servicio de corte y envasado.",Consultar web o venta directa,+34676676402,calidadlosgonzalezibericos@gmail.com,https://losgonzalezibericos.com/,,,https://www.google.com/maps/search/?api=1&query=Los%20Gonzalez%20Ibericos&query_place_id=ChIJZVHaQwyrPw0R_S3nSeDwSBc,40.469475800000005,-5.7148893,/productores/es/castilla-y-leon/salamanca/los-gonzalez-ibericos-ledrada.webp,,no,,,8225,es,,,,,,es,castilla-y-leon,salamanca,,,,,,
productos-carnicos-domingo-s-l-u-ledrada,Productos Cárnicos Domingo,Ledrada,Carne,Jamón y paleta ibéricos de bellota bajos en sal,"Av. España, 29, 37730 Ledrada, Salamanca","Industria de Ledrada que ha pasado de padres a hijos, amparada desde hace años por la D.O.P. Guijuelo. Elabora sobre todo jamón y paleta ibéricos de bellota bajos en sal, de aroma marcado y buena infiltración.",Consultar web o venta directa,,,https://www.productoscarnicosdomingo.com/,,,https://www.google.com/maps/search/?api=1&query=PRODUCTOS%20CARNICOS%20DOMINGO%20S.L.U.&query_place_id=ChIJ-_s5zciqPw0RxgcTkJj2oOI,40.468003,-5.721324999999999,/productores/es/castilla-y-leon/salamanca/productos-carnicos-domingo-s-l-u-ledrada.webp,,no,,,10305,es,,,,,,es,castilla-y-leon,salamanca,,,,,,
jamones-y-embutidos-herrero-lumbrales,Jamones y Embutidos Herrero,Lumbrales,Carne,"Embutidos y jamones tradicionales, quesos y hornazo","Ctra. Estación, 40, 37240 Lumbrales, Salamanca","Empresa familiar de Lumbrales que elabora embutidos y jamones de forma tradicional y los vende en pieza entera, deshuesados o en lonchas, junto a quesos, lotes y hornazo. Envía a toda España y Portugal en 48 horas.",Consultar web o venta directa,+34923512714,marta@embutidosherrero.com,https://embutidosherrero.com/,,,https://www.google.com/maps/search/?api=1&query=Jamones%20y%20Embutidos%20Herrero&query_place_id=ChIJIUI_oW8NPA0RUW6amDxgkW8,40.9359805,-6.719754699999999,/productores/es/castilla-y-leon/salamanca/jamones-y-embutidos-herrero-lumbrales.webp,,sí,ecommerce,,7293,es,,,,,,es,castilla-y-leon,salamanca,,,,,,
jamon-prim-salamanca-s-l-macotera,Jamón Prim,Macotera,Carne,Jamón ibérico curado en secaderos de Macotera,"Ctra. Guijuelo, s/n, 37310 Macotera, Salamanca","Dehesa de Prim controla el proceso entero, de la cría del cerdo ibérico a la curación en sus secaderos naturales de Macotera, con registro sanitario ES 10.22575/SA. Cuatro gamas según raza y alimentación, con tienda propia.",Consultar web o venta directa,+34923555906,contacto@jamonprim.com,https://www.jamonprim.com/,,,https://www.google.com/maps/search/?api=1&query=Jam%C3%B3n%20Prim%20Salamanca%20S.L.&query_place_id=ChIJk3KO1eBpPw0RMHcIvY2M_NE,40.832961,-5.29193,/productores/es/castilla-y-leon/salamanca/jamon-prim-salamanca-s-l-macotera.webp,,sí,ecommerce,,7199,es,,,,,,es,castilla-y-leon,salamanca,,,,,,
ibericos-izquierdo-martinamor,Ibéricos Izquierdo,Martinamor,Carne,Jamón de bellota ibérico y loncheados,"Cuatro Calzadas, N-630, Km. 360, 37891 Martinamor, Salamanca","Bellota Único S.L., empresa familiar de larga tradición en Cuatro Calzadas, junto a la N-630, que combina métodos artesanales con tecnología moderna para elaborar ibéricos. Tienda propia con envío gratuito desde 99 € y entrega en 24-48 horas.",Consultar web o venta directa,+34923308505,info@ibericosizquierdo.com,https://www.ibericosizquierdo.es/,,,https://www.google.com/maps/search/?api=1&query=Ib%C3%A9ricos%20Izquierdo&query_place_id=ChIJz_MGJb0YPw0RHAQ1xYTk8Dg,40.8120307,-5.6262459,/productores/es/castilla-y-leon/salamanca/ibericos-izquierdo-martinamor.webp,,sí,ecommerce,,7067,es,,,,,,es,castilla-y-leon,salamanca,,,,,,
ibisma-s-l-fabrica-de-jamones-y-embutidos-ibericos-en-salamanca-poligono-industrial-los-villares,IBISMA,Villares de la Reina,Carne,Jamón de bellota ibérico y chorizo extra de bellota,"C. Nicaragua, 44, Polígono Industrial Los Villares, 37184 Villares de la Reina, Salamanca","IBISMA S.L. fabrica jamones, paletas y embutidos ibéricos en el polígono de Villares de la Reina, con tienda propia y despacho al público de lunes a sábado.",Consultar web o venta directa,+34923229983,,https://ibisma.com/,,,https://www.google.com/maps/search/?api=1&query=IBISMA%2C%20S.L.%20FABRICA%20DE%20JAMONES%20Y%20EMBUTIDOS%20IBERICOS%20EN%20SALAMANCA&query_place_id=ChIJucQazbIoPw0RsIk5kB8TRX0,40.9943186,-5.6472387,,,sí,ecommerce,,7082,es,,,,,,es,castilla-y-leon,salamanca,,,,,,
jamones-y-embutidos-salgado-sl-robliza-de-cojos,Jamones y Embutidos Salgado,Robliza de Cojos,Carne,Jamón y paleta ibéricos de curación lenta,"C. la Calzada, 46, 37130 Robliza de Cojos, Salamanca","Casa del Campo Charro, en Robliza de Cojos, que cura jamones, paletas y embutidos ibéricos de forma lenta y natural en secaderos propios, con una receta de familia mantenida de generación en generación. Tienda propia.",Consultar web o venta directa,+34923382387,,https://embutidossalgado.es/,,,https://www.google.com/maps/search/?api=1&query=JAMONES%20Y%20EMBUTIDOS%20SALGADO%20SL&query_place_id=ChIJ566ZG-fDPg0RGMNoeVrLrcc,40.867105800000004,-5.978755,/productores/es/castilla-y-leon/salamanca/jamones-y-embutidos-salgado-sl-robliza-de-cojos.webp,,sí,ecommerce,,7309,es,,,,,,es,castilla-y-leon,salamanca,,,,,,
carnicas-mulas,Cárnicas Mulas,Salamanca,Carne,Ternera de La Valmuza y jamón de bellota ibérico,"P.º del Dr. Torres Villarroel, 2, 37005 Salamanca","Casa familiar de Salamanca fundada en 1810, hoy en su sexta generación, que controla toda la cadena con seis fincas de más de 5.000 hectáreas y matadero propio. Su carne insignia es la Ternera de La Valmuza, con sello de calidad propio. Tres despachos en la ciudad y tienda online con envío refrigerado.",Consultar web o venta directa,+34923221442,pedidos@carnicasmulas.com,https://www.carnicasmulas.com/,,,https://www.google.com/maps/search/?api=1&query=C%C3%A1rnicas%20Mulas&query_place_id=ChIJY2M4ZBcmPw0R0TgUHKcHE8U,40.970670500000004,-5.6633132,,,sí,ecommerce,,3172,es,,,,,,es,castilla-y-leon,salamanca,,,,,,
embutidos-y-jamones-el-pernil-castellanos-de-moriscos,Embutidos y Jamones El Pernil s.l.,Castellanos de Moriscos,Carne,Embutidos y jamones de curación artesanal,"Pol. Ind., C. Valladolid, 5, 37439 Castellanos de Moriscos, Salamanca",Embutidos y Jamones El Pernil S.L. elabora en el polígono de Castellanos de Moriscos con selección de materia prima y curación artesanal. Despacha de lunes a sábado y toma los pedidos por teléfono o WhatsApp.,Consultar web o venta directa,+34923361465,,https://elpernil.es/,,,https://www.google.com/maps/search/?api=1&query=Embutidos%20y%20Jamones%20El%20Pernil%20s.l.&query_place_id=ChIJX0PWYG8vPw0RsCrHoDeJVT0,41.00846860000001,-5.613319,/productores/es/castilla-y-leon/salamanca/embutidos-y-jamones-el-pernil-castellanos-de-moriscos.webp,,sí,whatsapp|telefono,,5552,es,,,,,,es,castilla-y-leon,salamanca,,,,,,
hergaher-morcillas-y-farinatos-carbajosa-de-la-sagrada,Hergaher Morcillas y Farinatos,Carbajosa de la Sagrada,Carne,Siete tipos de morcilla y farinato de Salamanca,"C. Vertical VI, 6, Polígono El Montalvo III, 37188 Carbajosa de la Sagrada, Salamanca","Hergaher Morcillas y Farinatos S.L. fabrica en el polígono El Montalvo siete tipos de morcilla, farinato de Salamanca, patés, preparados cárnicos y aperitivos.",Consultar web o venta directa,+34923208355,comercial@hergaher.com,https://www.hergaher.com/,,,https://www.google.com/maps/search/?api=1&query=Hergaher%20Morcillas%20y%20Farinatos&query_place_id=ChIJfYshv4gmPw0RY9rC46GIgK8,40.9372165,-5.6573557,/productores/es/castilla-y-leon/salamanca/hergaher-morcillas-y-farinatos-carbajosa-de-la-sagrada.webp,,no,,,6785,es,,,,,,es,castilla-y-leon,salamanca,,,,,,
jamones-faustino-prieto,Jamones Faustino Prieto,Salamanca,Carne,Jamón ibérico curado en Cespedosa de Tormes,"Pl. del Poeta Iglesias, 11, 37001 Salamanca","Jamones y Embutidos Faustino Prieto cura en secadero propio de Cespedosa de Tormes y despacha en su tienda junto a la Plaza Mayor de Salamanca, abierta todos los días. Tienda online con envío gratuito a partir de 100 €.",Consultar web o venta directa,+34923152635,pedidos@jamonesfaustinoprieto.com,https://jamonesfaustinoprieto.com/,,,https://www.google.com/maps/search/?api=1&query=Jamones%20Faustino%20Prieto&query_place_id=ChIJHwVHq0knPw0RHA1JFaAdrfI,40.9641142,-5.6639206,/productores/es/castilla-y-leon/salamanca/jamones-faustino-prieto.webp,pendiente,sí,ecommerce,,7238,es,,,,,,es,castilla-y-leon,salamanca,,,,,,
revisan-ibericos-salamanca,REVISAN Ibéricos Salamanca,Salamanca,Carne,Jamón de Guijuelo y chorizo ibérico de bellota,"C. María Auxiliadora, 69, 37005 Salamanca","Punto de venta de Revisan Ibéricos en Salamanca, con curados de Guijuelo, jamón y chorizo ibérico de bellota. Abre de lunes a sábado.",Consultar web o venta directa,+34923283143,,http://www.revisan.com/,,,https://www.google.com/maps/search/?api=1&query=REVISAN%20Ib%C3%A9ricos%20Salamanca&query_place_id=ChIJS0d9vRomPw0RBhKr0O_VNLI,40.9729935,-5.657254699999999,/productores/es/castilla-y-leon/salamanca/revisan-ibericos-salamanca.webp,pendiente,no comprobado,,,11095,es,,,,,,es,castilla-y-leon,salamanca,,,,,,
ibericos-labrador-san-esteban-de-la-sierra,Ibéricos Labrador,San Esteban de la Sierra,Carne,"Jamón, lomo, chorizo, salchichón y morcón de bellota","C. Carretera, 27, 37671 San Esteban de la Sierra, Salamanca","Comunidad de bienes de San Esteban de la Sierra que elabora de forma artesanal jamón, lomo, chorizo, salchichón y morcón ibéricos y de bellota con ganado propio, y ofrece visitas con degustación.",Consultar web o venta directa,+34923435150,,,,,https://www.google.com/maps/search/?api=1&query=IBERICOS%20LABRADOR&query_place_id=ChIJa9p6kqb3Pg0Rmb-UqJWrc_U,40.504007699999995,-5.9057891,,pendiente,no,,,7069,es,,,,,,es,castilla-y-leon,salamanca,,,,,,
ibericos-el-valle-santibanez-de-la-sierra,Ibéricos El Valle,Santibáñez de la Sierra,Carne,Jamón y paleta de cerdos criados en libertad,"C. la Iglesia, 18, 37670 Santibáñez de la Sierra, Salamanca","Empresa familiar de Santibáñez de la Sierra que cría sus propios cerdos ibéricos en libertad y cura cada pieza en secaderos naturales; comercializa desde 2002. Tienda propia con jamón, paleta, embutidos y lotes.",Consultar web o venta directa,+34675663648,tienda@ibericoselvalle.com,https://ibericoselvalle.com/,,,https://www.google.com/maps/search/?api=1&query=Ib%C3%A9ricos%20El%20Valle&query_place_id=ChIJm3JduFn3Pg0RALBxDiuZ9P4,40.4942406,-5.915952,/productores/es/castilla-y-leon/salamanca/ibericos-el-valle-santibanez-de-la-sierra.webp,,sí,ecommerce,,7062,es,,,,,,es,castilla-y-leon,salamanca,,,,,,
pagos-de-izcala-topas,Pagos de Izcala,Topas,Carne,Carne de vacuno de razas Angus y Wagyu,"Polígono 1, Parcela 16, Izcala, 37799 Topas, Salamanca","Componatur S.L. cría en Izcala, en el término de Topas, ganado vacuno de razas Angus y Wagyu con selección genética propia, criado al aire libre y orientado a carne de gama alta. No es una charcutería: su producto es carne de vacuno.",Consultar web o venta directa,+34649746215,pagosdeizcala@gmail.com,https://www.pagosdeizcala.com/,,,https://www.google.com/maps/search/?api=1&query=Pagos%20de%20Izcala&query_place_id=ChIJL6NmLEzTOA0RqnuZk41uIDI,41.213322399999996,-5.7090977,/productores/es/castilla-y-leon/salamanca/pagos-de-izcala-topas.webp,pendiente,no comprobado,,,9408,es,,,,,,es,castilla-y-leon,salamanca,,,,,,
ibericos-torreon-salamanca-s-l-villares-de-la-reina,Ibéricos Torreón Salamanca S.L.,Villares de la Reina,Carne,Jamón ibérico cortado por maestros jamoneros,"P.º Delicias, 67, 37184 Villares de la Reina, Salamanca","Ibéricos Torreón Salamanca S.L. elabora jamones, paletas, embutidos y carne ibérica en Villares de la Reina, con maestros jamoneros propios y visitas con cata y demostración de corte. Tienda propia.",Consultar web o venta directa,+34923288379,tienda@ibericostorreon.com,http://www.ibericostorreon.com/,,,https://www.google.com/maps/search/?api=1&query=Ib%C3%A9ricos%20Torre%C3%B3n%20Salamanca%20S.L.&query_place_id=ChIJ68ntrcsoPw0RwI0oK5MkZic,41.0059167,-5.6484697,/productores/es/castilla-y-leon/salamanca/ibericos-torreon-salamanca-s-l-villares-de-la-reina.webp,,sí,ecommerce,,7071,es,,,,,,es,castilla-y-leon,salamanca,,,,,,
cerveza-bizarra,Cerveza Bizarra,Salamanca,Cerveza,Cerveza natural con segunda fermentación en botella,"Calle Hoces del Duratón 113, nave 7, Polígono Industrial Montalvo II, 37008 Salamanca","Microcervecera de Raúl Martín y Arantxa Nuin, en marcha desde 2013 en el polígono Montalvo II. Elabora por el método tradicional con segunda fermentación en botella, sin CO2 añadido ni químicos, y su logo recoge una pieza del botón charro.",Consultar web o venta directa,+34649052591,bizarra@coolumbusbeer.com,,,,,40.9407644,-5.6617372,,pendiente,no,,,3861,es,,,,,,es,castilla-y-leon,salamanca,,,,,,
mermeladas-la-aldea-aldeacipreste,Mermeladas La Aldea,Aldeacipreste,Conservas,Mermeladas artesanas con 65-75% de fruta,"Caño Viejo, s/n, 37718 Aldeacipreste, Salamanca","Miguel Herresánchez, veterinario y biólogo de Aldeacipreste, elabora mermeladas en una fábrica-taller levantada en el centro de su propia huerta, en plena Reserva de la Biosfera. Trabaja dieciocho variedades, de grosella y mora a higo, membrillo, zanahoria o cebolla caramelizada, con mucha fruta y poco azúcar, sin conservantes ni gluten.",Consultar web o venta directa,+34670763666,info@mermeladaslaaldea.com,,,,https://www.google.com/maps/search/?api=1&query=Mermeladas%20La%20Aldea&query_place_id=ChIJl3uJxGVRPg0RVbwECL2klTw,40.3790421,-5.8990892,,pendiente,no comprobado,,,8632,es,,,,,,es,castilla-y-leon,salamanca,,,,,,
la-roblicita-alba-de-yeltes,La Roblicita,Alba de Yeltes,Carne,Jamones y embutidos ibéricos de cerdos propios,"C/ Amapolas, 72, 37478 Alba de Yeltes, Salamanca","Explotación familiar que cría sus propios cerdos ibéricos y elabora con ellos jamones y embutidos, además de mantener ganadería brava con los hierros TorreAlba y Hnos. Revesado. Tiene despacho también en Vitigudino.",Consultar web o venta directa,+34923484593,,http://laroblicita.com/,,,https://www.google.com/maps/search/?api=1&query=La%20Roblicita&query_place_id=ChIJyftcHUmaPg0RZAsFk5L-u2U,40.6842811,-6.2721497,/productores/es/castilla-y-leon/salamanca/la-roblicita-alba-de-yeltes.webp,,no comprobado,,,7841,es,,,,,,es,castilla-y-leon,salamanca,,,,,,
el-manjuelo-endrinal,El Manjuelo / Ganaderos Los Manjuelos,Endrinal,Carne,Carne de vacuno certificada Ganaderos Los Manjuelos,"Plaza de la Iglesia 1, 37766 Endrinal, Salamanca",Cooperativa de ganaderos de vacuno de Entresierras que comercializa carne certificada de animales nacidos y criados en Salamanca bajo la marca Ganaderos Los Manjuelos.,Consultar,+34619103939,elmanjuelo@gmail.com,,,,https://www.google.com/maps/search/?api=1&query=El%20Manjuelo%20%2F%20Ganaderos%20Los%20Manjuelos%2C%20Plaza%20de%20la%20Iglesia%201%2C%2037766%20Endrinal%2C%20Salamanca&query_place_id=ChIJ_Ym_qhL8Pg0R86aV67xHSMs,40.5906644,-5.8044526,,pendiente,no,,,5202,es,,,,,,es,castilla-y-leon,salamanca,,,,,,
patatas-fritas-fatima,Patatas Fritas Fátima,Salamanca,Despensa artesanal,Patatas fritas artesanas y frutos secos,"C. María Auxiliadora, 29, 37004 Salamanca","Elabora patatas fritas de forma artesana desde 1960, sin conservantes ni aditivos, junto a frutos secos selectos y aperitivos. Suma sesenta y cinco años de oficio y tres platas en los Premios Artesanos de Castilla y León (2013, 2014 y 2017).",Consultar web o venta directa,+34923204119,info@patatasfritasfatima.es,https://patatasfritasfatima.es/,,,https://www.google.com/maps/search/?api=1&query=Patatas%20Fritas%20F%C3%A1tima&query_place_id=ChIJMQEE4KsnPw0RA6B1suUT5ng,40.970331,-5.6589002,/productores/es/castilla-y-leon/salamanca/patatas-fritas-fatima.webp,,no,,,10059,es,,,,,,es,castilla-y-leon,salamanca,,,,,,
valdelicias-preparados-gourmet-valdecarros,Valdelicias Preparados Gourmet,Valdecarros,Comida preparada,"Platos preparados gourmet: ternera, garbanzos y canelones","C. Herrería, s/n, 37881 Valdecarros, Salamanca","Rovalsa Industria Alimentaria S.L. elabora en Valdecarros platos preparados de gama alta —guisos de ternera, garbanzos, canelones o pizzas— con recetas afinadas durante más de tres generaciones. Vende en su propia tienda online.",Consultar web o venta directa,+34923383297,info@valdelicias.com,http://www.valdelicias.com/,,,https://www.google.com/maps/search/?api=1&query=Valdelicias%20Preparados%20Gourmet&query_place_id=ChIJ88NGGZMUPw0RV_K3jtFBVns,40.769347499999995,-5.4232908,/productores/es/castilla-y-leon/salamanca/valdelicias-preparados-gourmet-valdecarros.webp,,sí,ecommerce,,12053,es,,,,,,es,castilla-y-leon,salamanca,,,,,,
licores-el-majuelar-villares-de-la-reina,Licores El Majuelar,Villares de la Reina,Destilados y licores,"Licores de hierbas, miel, café, guindas y aguardientes","C. Guatemala, 48, Polígono Industrial Los Villares, 37184 Villares de la Reina, Salamanca","Se reivindica como el único fabricante de licores de la provincia de Salamanca. Elabora licores de hierbas, miel, café, limón, pastos y guindas, cremas y aguardientes de viñedo propio, y trabaja series personalizadas para empresas. Tienda propia.",Consultar web o venta directa,+34923204103,,https://www.elmajuelar.com/,,,https://www.google.com/maps/search/?api=1&query=Licores%20El%20Majuelar&query_place_id=ChIJq6qq6lEvPw0RZGatGuljkUQ,40.9953234,-5.6464298,,,sí,ecommerce,,8145,es,,,,,,es,castilla-y-leon,salamanca,,,,,,
reina-kilama-san-miguel-de-valero,Reina Kilama S. Coop.,San Miguel de Valero,Miel,"Mieles de encina, brezo y castaño, y polen seco","Cruce Crta de Valero, s/n, 37763 San Miguel de Valero, Salamanca","Reina Kilama, en San Miguel de Valero, es una cooperativa apícola fundada en 1997 que reúne a más de 140 socios. Cuenta con laboratorio, planta de polen, tratamiento de cera y envasado de mieles y polen seco.",Consultar web o venta directa,+34923415662,,https://reinakilama.com/,,,https://www.google.com/maps/search/?api=1&query=Reina%20Kilama&query_place_id=ChIJLzzpTxX3Pg0RCZTzDdafYLY,40.536363699999995,-5.925115,/productores/es/castilla-y-leon/salamanca/reina-kilama-san-miguel-de-valero.webp,,sí,ecommerce,,11078,es,,,,,,es,castilla-y-leon,salamanca,,,,,,
fresgallimazo-villar-de-gallimazo,Fresgallimazo,Villar de Gallimazo,Fruta y verdura,"Fresa, arándano, mora y tomate","P.º Estacion, 8, 37320 Villar de Gallimazo, Salamanca","Fresgallimazo S.L., creada en 2012 en Villar de Gallimazo, cultiva frutos rojos y hortícola bajo invernadero con protocolo Global GAP: fresa, arándano, mora y tomate.",Consultar web o venta directa,+34621460147,,,,,https://www.google.com/maps/search/?api=1&query=Fresgallimazo&query_place_id=ChIJGcNS4DNEPw0RSacJkqDp7bM,40.9535693,-5.2957415999999995,,pendiente,no,,,6258,es,,,,,,es,castilla-y-leon,salamanca,,,,,,
garrapinadas-m-sanchez-bejar,Garrapiñadas M.Sánchez,Béjar,Frutos secos,Almendra garrapiñada artesana y pernalas,"Tr.ª Rollo, 3, 37700 Béjar, Salamanca","Seis generaciones de la familia Sánchez elaborando garrapiñadas y caramelos, desde los antepasados de El Tejado que las llevaban por ferias y romerías. Obrador artesano en Béjar y venta con puestos propios; pertenece a la Asociación de Artesanos Alimentarios de Castilla y León y a Tierra de Sabor.",Consultar web o venta directa,+34680632101,,,,,https://www.google.com/maps/search/?api=1&query=Garrapi%C3%B1adas%20M.S%C3%A1nchez&query_place_id=ChIJq5tFTAxTPg0RNFUdIyfUglw,40.386268,-5.764435,,pendiente,no comprobado,,,6430,es,,,,,,es,castilla-y-leon,salamanca,,,,,,
helados-la-polar-castellanos-de-moriscos,Helados La Polar,Castellanos de Moriscos,Helados,Helados de fabricación propia,"Pol. Ind., parc, n° 103, 37439 Castellanos de Moriscos, Salamanca","Helados La Polar S.L., fundada en 1986, fabrica y comercializa helados desde una planta de 3.200 m² en el polígono de Castellanos de Moriscos con capacidad para 1.800 litros por hora.",Consultar web o venta directa,+34923361549,info@heladoslapolar.com,http://www.heladoslapolar.com/,,,https://www.google.com/maps/search/?api=1&query=Helados%20La%20Polar&query_place_id=ChIJYWyRBFQuPw0R4Gz_C3PhP3M,41.0083945,-5.611108799999999,/productores/es/castilla-y-leon/salamanca/helados-la-polar-castellanos-de-moriscos.webp,,no,,,6746,es,,,,,,es,castilla-y-leon,salamanca,,,,,,
huevos-la-campesina,Huevos La Campesina,Salamanca,Huevos,Huevos frescos,"C. Juan de Villoría, 4, 37004 Salamanca","Huevos La Campesina S.L., avicultura de puesta y comercialización de huevo en Salamanca desde hace casi tres décadas.",Consultar web o venta directa,+34658266920,,,,,https://www.google.com/maps/search/?api=1&query=Huevos%20La%20Campesina&query_place_id=ChIJV46nwQQmPw0R4ERW4XkTSwk,40.9750486,-5.6551596,,pendiente,no,,,7027,es,,,,,,es,castilla-y-leon,salamanca,,,,,,
aranpino-de-salamanca-s-coop-cantalpino,"Aranpino de Salamanca, S. Coop",Cantalpino,Fruta y verdura,Patata de consumo de La Armuña,"Carretera SA-804 km.26, 37405 Cantalpino, Salamanca","Cooperativa de agricultores de Cantalpino en marcha desde 1999, reconocida como Agrupación de Productores de Patata de Consumo. No es una envasadora de legumbre: su producto es la patata.",Consultar web o venta directa,+34923532604,comercial@aranpino.com,http://www.aranpino.com/,,,https://www.google.com/maps/search/?api=1&query=Aranpino%20de%20Salamanca%2C%20S.%20Coop&query_place_id=ChIJKcBQOtlJPw0RbspAQAujMK4,41.0475845,-5.352409799999999,/productores/es/castilla-y-leon/salamanca/aranpino-de-salamanca-s-coop-cantalpino.webp,,no,,,895,es,,,,,,es,castilla-y-leon,salamanca,,,,,,
bernabe-campal-huerta,Bernabé Campal,Huerta,Legumbres,Lenteja y garbanzo Reina de Salamanca y Lazarillo de Tormes,"Ctra. Huerta a Encinas de Abajo, km 1, 37336 Huerta, Salamanca","Casa de La Armuña en marcha desde 1989, con centro propio de selección y envasado de legumbre en Pedrosillo el Ralo. Embotella con marcas propias —Reina de Salamanca, Lazarillo de Tormes y Campal Legumbres— y vende en su tienda legumbresdesalamanca.es.",Consultar web o venta directa,+34923362197,campal@bernabecampal.es,https://www.bernabecampal.es/,,,https://www.google.com/maps/search/?api=1&query=Bernab%C3%A9%20Campal%2C%20SL&query_place_id=ChIJCTg09I85Pw0RmzV6Lj3TuKs,40.9596795,-5.465876499999999,/productores/es/castilla-y-leon/salamanca/bernabe-campal-huerta.webp,,sí,ecommerce,,1163,es,,,,,,es,castilla-y-leon,salamanca,,,,,,
legumbres-espino-espino-de-la-orbada,Legumbres Espino,Espino de la Orbada,Legumbres,Lenteja de La Armuña y garbanzo de Pedrosillo,"Calle Calzada, 10, 37419 Espino de la Orbada, Salamanca","Explotación del Teso, casa agrícola de varias generaciones en Espino de la Orbada que desde 2020 lleva su legumbre del campo a la mesa: garbanzo castellano y de Pedrosillo, lenteja de La Armuña y pardina, alubia pinta y blanca. Tienda propia en la plataforma cooperativa Pod.",Consultar web o venta directa,,administracion@legumbresespino.com,http://www.legumbresespino.com/,,,https://www.google.com/maps/search/?api=1&query=Legumbres%20Espino&query_place_id=ChIJ5zPr4fY1Pw0Rgskz-sdAD6g,41.10668,-5.42244,/productores/es/castilla-y-leon/salamanca/legumbres-espino-espino-de-la-orbada.webp,,sí,ecommerce,,8076,es,,,,,,es,castilla-y-leon,salamanca,,,,,,
legumbres-fernandez-herrero-gomecello,Legumbres Fernández Herrero,Gomecello,Legumbres,Lenteja de La Armuña IGP y garbanzo de Pedrosillo,"C. Primera de la Estación, 13, 37420 Gomecello, Salamanca","Selecciona, envasa y distribuye legumbre seca desde Gomecello, con Lenteja de La Armuña con Indicación Geográfica Protegida y Garbanzo de Pedrosillo con marca de garantía, además de alubias y soja. Tienda propia con carrito y descuentos acumulables.",Consultar web o venta directa,+34923350058,,http://www.legumbresfernandezherrero.es/,,,https://www.google.com/maps/search/?api=1&query=Legumbres%20Fern%C3%A1ndez%20Herrero&query_place_id=ChIJ0xtvp7gxPw0RzXBz8dw_oFM,41.0415916,-5.5401582,,,sí,ecommerce,,8077,es,,,,,,es,castilla-y-leon,salamanca,,,,,,
legumbres-iglesias-gomecello,Legumbres Iglesias,Gomecello,Legumbres,Lenteja de La Armuña IGP de la serie Oro,"Avenida de Felipe VI, 13-15, 37420 Gomecello, Salamanca","Envasadora mayorista de legumbre seca de Gomecello, en el corazón de La Armuña. Trabaja lentejas, garbanzos, alubias, soja y quinoa a granel y envasados, con su marca Serie Oro y producto certificado con la IGP Lenteja de La Armuña, y exporta a Europa.",Consultar web o venta directa,+34923350007,,http://www.legumbresiglesias.com/,,,https://www.google.com/maps/search/?api=1&query=Legumbres%20Iglesias&query_place_id=ChIJ97uF1b4xPw0Rb2HTNo3v3wc,41.0427867,-5.5381621,/productores/es/castilla-y-leon/salamanca/legumbres-iglesias-gomecello.webp,,no,,,8080,es,,,,,,es,castilla-y-leon,salamanca,,,,,,
alvarez-legumbres-s-l-gomecello,Álvarez Legumbres,Gomecello,Legumbres,Legumbre de La Armuña envasada y a granel,"C/ Salas Pombo, 27, 37420 Gomecello, Salamanca",Cuarta generación de una casa de Gomecello que envasa y comercializa legumbre para tiendas y restaurantes de la comarca.,Consultar web o venta directa,+34923350028,alvarezlegumbres@gmail.com,https://alvarezlegumbres.com/,,,https://www.google.com/maps/search/?api=1&query=%C3%81LVAREZ%20Legumbres%20S.L.&query_place_id=ChIJWVrVLb8xPw0RE44ilK9bY94,41.0424918,-5.5395952,/productores/es/castilla-y-leon/salamanca/alvarez-legumbres-s-l-gomecello.webp,,no,,,718,es,,,,,,es,castilla-y-leon,salamanca,,,,,,
legumbres-la-salmantina-la-velles,Legumbres La Salmantina,La Vellés,Legumbres,"Legumbre, harina, copos y granos de La Armuña","C. Carreancha, 58, 37427 La Vellés, Salamanca","Hijo de Macario Marcos, en La Vellés desde 1933. Además de legumbre trabaja harinas, copos, granos, sémolas, azúcares, semillas, arroz, pasta y frutos secos, con línea de ecológico.",Consultar web o venta directa,+34923354000,info@lasalmantina.com,http://www.lasalmantina.com/,,,https://www.google.com/maps/search/?api=1&query=LEGUMBRES%20LA%20SALMANTINA&query_place_id=ChIJH4iphfotPw0RIuuSTanfb8A,41.0756288,-5.569878699999999,,,no,,,8083,es,,,,,,es,castilla-y-leon,salamanca,,,,,,
legumbres-montes-la-velles,Legumbres Montes,La Vellés,Legumbres,Lenteja de La Armuña y garbanzo de Pedrosillo gourmet,"Ctra. Pedrosillo, 22, 37427 La Vellés, Salamanca","Legumbres Montes S.L. selecciona legumbre en La Vellés desde 1956 y dice conocer personalmente a cada uno de sus agricultores, de La Armuña, Pedrosillo, Fuentesaúco y Tierra de Campos. Tienda propia con pedido mínimo de 25 € y envío gratis desde 40.",Consultar web o venta directa,+34923354007,info@legumbresmontes.com,http://www.legumbresmontes.com/,,,https://www.google.com/maps/search/?api=1&query=LEGUMBRES%20MONTES&query_place_id=ChIJuegha_ktPw0Rk7xe8J8Kxp4,41.0723212,-5.5651760999999995,,,sí,ecommerce,,8090,es,,,,,,es,castilla-y-leon,salamanca,,,,,,
legumer-precocinados-pajares-de-la-laguna,Legumer Precocinados,Pajares de la Laguna,Legumbres,Lenteja de La Armuña cocida y platos de legumbre,"C. Rompidos, 1, 37428 Pajares de la Laguna, Salamanca","Legumer Precocinados S.L., en marcha desde 2005, fue reconocida como la primera planta de transformación de lenteja de La Armuña y garbanzo de Fuentesaúco precocidos y cocidos, y tiene certificación de industria alimentaria artesanal. Vende en seco, cocido y cocinado desde su tienda propia.",Consultar web o venta directa,+34923160990,precocinados@legumer.com,https://legumer.com/,,,https://www.google.com/maps/search/?api=1&query=Legumer%20Precocinados&query_place_id=ChIJm1ZAVz80Pw0RhW2a1dOYydU,41.0884932,-5.5092004999999995,/productores/es/castilla-y-leon/salamanca/legumer-precocinados-pajares-de-la-laguna.webp,,sí,ecommerce,,8100,es,,,,,,es,castilla-y-leon,salamanca,,,,,,
quesos-amado-charra-aldeanueva-de-la-sierra,Quesos Amado Charra,Aldeanueva de la Sierra,Lácteos y quesos,Quesos Amado Charra y Carralejos de leche cruda de cabra y oveja,"C. de Juan Matias Castano, 37621 Aldeanueva de la Sierra, Salamanca",Quesería familiar de Aldeanueva de la Sierra con rebaños propios de cabras y ovejas en pastoreo; elabora a mano quesos Amado Charra y Carralejos con leche cruda y cuajo natural.,Consultar web o venta directa,+34648783172,info@amadocharra.com,https://amadocharra.com/,,,https://www.google.com/maps/search/?api=1&query=Quesos%20Amado%20Charra&query_place_id=ChIJ_VJHPQ2NPg0RRKwJ6IPe7uY,40.614477,-6.101664899999999,/productores/es/castilla-y-leon/salamanca/quesos-amado-charra-aldeanueva-de-la-sierra.webp,,sí,ecommerce,,10730,es,,,,,,es,castilla-y-leon,salamanca,,,,,,
artesanos-del-arco-hernandez-bogajo,Artesanos del Arco Hernández,Bogajo,Lácteos y quesos,Queso de oveja madurado en cueva natural,"C. Toral, 11, 37291 Bogajo, Salamanca","Quesería pequeña y familiar de Sara Hernández en Bogajo, en la comarca del Abadengo, inscrita en la marca de garantía Queso Arribes de Salamanca. Producción corta y estacional, madurada al menos tres meses en cueva natural.",Consultar web o venta directa,+34605448894,,,,,https://www.google.com/maps/search/?api=1&query=Artesanos%20del%20Arco%20Hern%C3%A1ndez&query_place_id=ChIJu7cQToIXPA0RR-D53ZD2-eA,40.908021999999995,-6.5316646,,pendiente,no,,,979,es,,,,,,es,castilla-y-leon,salamanca,,,,,,
queseria-cynara-hinojosa-de-duero,Quesería Cynara,Hinojosa de Duero,Lácteos y quesos,Queso artesano de oveja y yogur artesano,"C. Sta. Alejandra, 7, 37230 Hinojosa de Duero, Salamanca","Quesería Artesanal Cynara E.S.P.J., negocio familiar de Isabel, María Ángeles y Manuel en Hinojosa de Duero. Elabora queso de leche de oveja en producciones cortas y yogur artesano, y vende en su propia tienda.",Consultar web o venta directa,+34665202133,info@miqueso.com,https://miqueso.com/,,,https://www.google.com/maps/search/?api=1&query=Queser%C3%ADa%20Cynara&query_place_id=ChIJF-tt_ZxzPA0RGE-hGYy-MRs,40.9885004,-6.7947619999999995,,,sí,ecommerce,,10483,es,,,,,,es,castilla-y-leon,salamanca,,,,,,
quesos-de-hinojosa-hinojosa-de-duero,Quesos de Hinojosa,Hinojosa de Duero,Lácteos y quesos,"Queso Finojosa, El Abuelo Calderero y queso en aceite","C. Egido, 13, 37230 Hinojosa de Duero, Salamanca","Felipe Hernández Vacas S.L. elabora en Hinojosa de Duero los quesos Finojosa y El Abuelo Calderero, además de queso en aceite de oliva y queso cremoso. Tienda propia con packs de ahorro.",Consultar web o venta directa,+34923515035,contacto@quesosdehinojosa.com,https://www.quesosdehinojosa.com/,,,https://www.google.com/maps/search/?api=1&query=Quesos%20de%20Hinojosa&query_place_id=ChIJKWqp5p1zPA0RKxBTOYq9nn8,40.9856433,-6.794517700000001,,,sí,ecommerce,,10776,es,,,,,,es,castilla-y-leon,salamanca,,,,,,
quesos-garcia-filloy-la-fregeneda,Quesos García Filloy,La Fregeneda,Lácteos y quesos,"Quesos de cabra, oveja y tres leches","37220 La Fregeneda, Salamanca, España","García Filloy S.L., quesería de La Fregeneda con quesos de cabra, de oveja y de tres leches, cremas de queso y cajas de cata, premiada con platas en los World Cheese Awards y reconocimientos Great Taste. Tienda propia con envío gratuito desde 60 €.",Consultar web o venta directa,+34923521111,quesosfilloy@quesosfilloy.es,https://quesosfilloy.com/,,,https://www.google.com/maps/search/?api=1&query=Quesos%20Garc%C3%ADa%20Filloy&query_place_id=ChIJu5WXpDFxPA0RVyiOBrqJVV4,40.986773,-6.864883,/productores/es/castilla-y-leon/salamanca/quesos-garcia-filloy-la-fregeneda.webp,,sí,ecommerce,,10843,es,,,,,,es,castilla-y-leon,salamanca,,,,,,
queso-ecologico-montiermo-monleras,Queso ecológico Montiermo,Monleras,Lácteos y quesos,Queso ecológico de leche cruda de oveja churra,"Camino Berganciano, Parcela 49, 37171 Monleras, Salamanca","Quesería ecológica de Monleras que elabora queso de leche cruda de oveja churra. La lleva Pedro, que atiende también las visitas a la quesería.",Consultar web o venta directa,+34652304205,quesomontiermo@gmail.com,http://quesomontiermo.com/,,,https://www.google.com/maps/search/?api=1&query=Queso%20ecol%C3%B3gico%20Montiermo&query_place_id=ChIJjWLUIO5NOQ0R-x85OZJSays,41.1795567,-6.226834900000001,,,no,,,10706,es,,,,,,es,castilla-y-leon,salamanca,,,,,,
quesos-carlos-navas-penaranda-de-bracamonte,Quesos Carlos Navas,Peñaranda de Bracamonte,Lácteos y quesos,Queso de leche cruda de oveja,"Pol Ind Inestal, C. de los Alarifes, 12, 37300 Peñaranda de Bracamonte, Salamanca",Empresa familiar que desde 2012 fabrica quesos de leche cruda de oveja en el polígono de Peñaranda de Bracamonte. Su tienda en línea está en preparación y los pedidos se cursan por teléfono.,Consultar web o venta directa,+34923541340,hola@quesoscarlosnavas.com,http://quesoscarlosnavas.com/,,,https://www.google.com/maps/search/?api=1&query=Quesos%20Carlos%20Navas&query_place_id=ChIJD0OMSe1cPw0RGD7sSkIw1NM,40.892783099999995,-5.2020418,/productores/es/castilla-y-leon/salamanca/quesos-carlos-navas-penaranda-de-bracamonte.webp,,sí,telefono,,10760,es,,,,,,es,castilla-y-leon,salamanca,,,,,,
hacienda-zorita-organic-farm-san-pelayo-de-guarena,Hacienda Zorita Organic Farm,San Pelayo de Guareña,Lácteos y quesos,"Queso de oveja churra, Super Gold en World Cheese Awards","37110 San Pelayo de Guareña, Salamanca","Finca ecológica de 250 hectáreas en San Pelayo de Guareña con oveja churra, cabra verata en peligro de extinción, cerdo ibérico y búfala de Campania. Elabora unos 70.000 kilos de queso al año bajo la marca Durius All Natural; su queso de oveja fue Super Gold en los World Cheese Awards 2013.",Consultar web o venta directa,+34923129400,,,,,https://www.google.com/maps/search/?api=1&query=Hacienda%20Zorita%20Organic%20Farm&query_place_id=ChIJ_3IP7ZXSPg0RGOZFchmCVGI,41.110161999999995,-5.881691399999999,,pendiente,no comprobado,,,6692,es,,,,,,es,castilla-y-leon,salamanca,,,,,,
queso-artesanal-mirobriga-sanjuanejo,Queso Artesanal Miróbriga,Ciudad Rodrigo,Lácteos y quesos,Queso curado de leche cruda de oveja,"C. de Principe, 5, 37591 Sanjuanejo, Salamanca","Quesería abierta en el año 2000 en la alquería de Sanjuanejo, en el término de Ciudad Rodrigo, que elabora queso con leche pura de oveja sin pasteurizar; su curado es el de sabor más marcado. Despacho abierto fines de semana.",Consultar web o venta directa,+34670404549,,https://quesoartesanalmiro.wixsite.com/artesanalmirobriga,,,https://www.google.com/maps/search/?api=1&query=Queso%20Artesanal%20Mir%C3%B3briga&query_place_id=ChIJF3QcEispPA0R2aOp4UiKTqU,40.57069,-6.490959999999999,,,no,,,10695,es,,,,,,es,castilla-y-leon,salamanca,,,,,,
queseria-santomez-santibanez-de-la-sierra,Quesería Santomez,Santibáñez de la Sierra,Lácteos y quesos,"Quesos de cabra, yogur y cuajada artesanos","C. Eloy Bullon, 41, 37670 Santibáñez de la Sierra, Salamanca","Empresa familiar de Santibáñez de la Sierra con cabaña propia de cabras criadas en la Sierra de Francia. Controla la alimentación de los animales y elabora de forma tradicional queso fresco, semicurado y curado, además de yogur y cuajada.",Consultar web o venta directa,+34625546720,,,,,https://www.google.com/maps/search/?api=1&query=Queser%C3%ADa%20Santomez&query_place_id=ChIJg2Kd3Cv3Pg0RSacNxZkgbNg,40.495159,-5.9158124999999995,,pendiente,no,,,10633,es,,,,,,es,castilla-y-leon,salamanca,,,,,,
quesos-garcia-calvo-vilvestre,Quesos García Calvo,Vilvestre,Lácteos y quesos,Queso artesano de leche cruda de oveja,"C. Primo de Rivera, 37, 37258 Vilvestre, Salamanca",Empresa familiar de Vilvestre que elabora quesos artesanos con leche cruda de oveja.,Consultar web o venta directa,+34923524682,,http://www.quesosgarciacalvo.es/,,,https://www.google.com/maps/search/?api=1&query=Quesos%20Garc%C3%ADa%20Calvo&query_place_id=ChIJRblnyBL1Ow0RB3wzZRFN9sk,41.1059579,-6.717649799999999,,,no,,,10842,es,,,,,,es,castilla-y-leon,salamanca,,,,,,
queserias-iglesias-s-l-vitigudino,Queserías Iglesias,Vitigudino,Lácteos y quesos,"Queso Rabadán, de la marca Queso Arribes de Salamanca","C. San Roque, 93, 37210 Vitigudino, Salamanca","Quesería de estilo tradicional fundada en 1997 por Santiago Iglesias y continuada por su hijo Javier. Elabora con la marca Rabadán, inscrita en la marca de garantía Queso Arribes de Salamanca.",Consultar web o venta directa,+34923520024,,,,,https://www.google.com/maps/search/?api=1&query=QUESERIAS%20IGLESIAS%2C%20S.%20L.&query_place_id=ChIJwWYgWjsCPA0RWMIL6b1joKE,41.0124782,-6.4350165,,pendiente,no,,,10684,es,,,,,,es,castilla-y-leon,salamanca,,,,,,
apicasfer-s-l-arapiles,Apicasfer S.L. (Apícola Fernández),Arapiles,Miel,"Miel, polen y cosmética natural con miel","Ctra. N-630, km 347, 37796 Arapiles, Salamanca","Apicasfer S.L., que vende con la marca Apícola Fernández desde la carretera de la Plata a su paso por Arapiles. Miel, derivados de la colmena y cosmética natural, con tienda propia.",Consultar web o venta directa,+34923288890,pedidos@apicolafernandez.com,http://tienda.apicolafernandez.com/,,,https://www.google.com/maps/search/?api=1&query=Apicasfer%20S.L.&query_place_id=ChIJ6bsIDoAmPw0RWbTwUYyLVk8,40.9017066,-5.6653079,/productores/es/castilla-y-leon/salamanca/apicasfer-s-l-arapiles.webp,,sí,ecommerce,,821,es,,,,,,es,castilla-y-leon,salamanca,,,,,,
rio-de-la-miel-carbajosa-de-la-sagrada,Río de la Miel,Carbajosa de la Sagrada,Miel,"Miel artesana, polen, jalea real y propóleo","Polígono El Montalvo III, C. Vertical VI, 12, 37188 Carbajosa de la Sagrada, Salamanca","Apicultura del Río S.L. trabaja colmenas propias y envasa en el polígono El Montalvo III varias mieles artesanas, además de polen, jalea real, propóleo, jabones, cosmética con miel y material apícola. Tienda propia.",Consultar web o venta directa,+34923208838,hola@riodelamiel.com,http://www.riodelamiel.com/,,,https://www.google.com/maps/search/?api=1&query=R%C3%ADo%20de%20la%20Miel&query_place_id=ChIJG8iY7IgmPw0Ra4YecV55MK8,40.9378281,-5.6577667,/productores/es/castilla-y-leon/salamanca/rio-de-la-miel-carbajosa-de-la-sagrada.webp,,sí,ecommerce,,11119,es,,,,,,es,castilla-y-leon,salamanca,,,,,,
la-abeja-albercana-la-alberca,La abeja albercana,La Alberca,Miel,"Mieles de apicultura trashumante, polen y propóleo","C. Julio Quesada, 7, 37624 La Alberca, Salamanca","Cuarta generación de apicultores trashumantes desde 1920, con colmenas propias que mueven por Castilla y León, Castilla-La Mancha, Extremadura y la Comunidad Valenciana siguiendo la floración. Mieles de varias flores, polen, propóleo, jalea real, jabones y caramelos.",Consultar web o venta directa,+34648105848,info@labejalbercana.com,http://labejalbercana.com/,,,https://www.google.com/maps/search/?api=1&query=La%20abeja%20albercana&query_place_id=ChIJz8-vOACLPg0RFpL-HPueP6Q,40.4825935,-6.1007773,/productores/es/castilla-y-leon/salamanca/la-abeja-albercana-la-alberca.webp,,no,,,7515,es,,,,,,es,castilla-y-leon,salamanca,,,,,,
la-abeja-dorada,La Abeja Dorada,Salamanca,Miel,Miel de flores y miel de encina de cosecha propia,"C. Magallanes, 2, 37004 Salamanca","Tienda de miel a quinientos metros de la Plaza Mayor que vende miel de cosecha propia, con la de flores y la de encina como referencias, junto a material apícola como panales y corchos.",Consultar web o venta directa,+34923603465,,,,,https://www.google.com/maps/search/?api=1&query=La%20Abeja%20Dorada&query_place_id=ChIJ_cUJEwYmPw0RHoJHiu2OpW8,40.972850799999996,-5.6501703,,pendiente,no,,,7517,es,,,,,,es,castilla-y-leon,salamanca,,,,,,
miel-salamanca-reina-mora-salamanca-salamanca,Miel Reina Mora,Salamanca,Miel,Mieles artesanas de obrador propio,"C. Primero de Mayo, 4, 37004 Salamanca","Obrador y tienda de miel en la calle Primero de Mayo de Salamanca, de la asociación Patrihum Casmi. Abre por las mañanas de lunes a viernes y vende también en su tienda en línea.",Consultar web o venta directa,+34632283215,info@mielreinamora.es,https://mielreinamora.es/,,,https://www.google.com/maps/search/?api=1&query=Miel%20Salamanca%20Reina%20Mora%20Salamanca&query_place_id=ChIJ91_sG-0nPw0RfWefafbCHVY,40.9697351,-5.6571983,/productores/es/castilla-y-leon/salamanca/miel-salamanca-reina-mora-salamanca-salamanca.webp,,sí,ecommerce,,8791,es,,,,,,es,castilla-y-leon,salamanca,,,,,,
miel-y-polen-de-salamanca,Miel y polen de Salamanca,Salamanca,Miel,Miel artesana de apicultura trashumante y polen,"Cam. Estrecho de la Aldehuela, 215, 37003 Salamanca","Empresa familiar de tercera generación dedicada a la apicultura trashumante, con colmenas propias y compra a apicultores locales seleccionados. Elabora miel artesana y prepara detalles personalizados para bodas y celebraciones.",Consultar web o venta directa,+34626987331,mgarcia.miel@gmail.com,https://mielsalamanca.es/,,,https://www.google.com/maps/search/?api=1&query=Miel%20y%20polen%20de%20Salamanca&query_place_id=ChIJmTfm72IlPw0RGDBm8QMf3wI,40.9638346,-5.6424807999999995,/productores/es/castilla-y-leon/salamanca/miel-y-polen-de-salamanca.webp,,no,,,8813,es,,,,,,es,castilla-y-leon,salamanca,,,,,,
obleas-pan-de-angel-ciperez,Pan de Ángel,Cipérez,Pan y cereal,Obleas artesanas,"C. de las Escuelas, 8, 37216 Cipérez, Salamanca","Pan de Ángel S.L. lleva ciento sesenta años haciendo obleas en Cipérez, hoy con obrador propio, unos quince empleados y hornos capaces de sacar 10.000 obleas por hora. Solo harina, azúcar molido y huevo pasteurizado, con certificación Bureau Veritas e IFS. Vende a través de supermercados y tiendas, no directamente.",Consultar web o venta directa,+34923518079,info@pandeangel.com,https://pandeangel.com/,,,https://www.google.com/maps/search/?api=1&query=Obleas%20Pan%20de%20%C3%81ngel&query_place_id=ChIJHynGrpGvPg0RcRnVliPs0G8,40.9642647,-6.268756,/productores/es/castilla-y-leon/salamanca/obleas-pan-de-angel-ciperez.webp,,no,,,9427,es,,,,,,es,castilla-y-leon,salamanca,,,,,,
perronillas-jesus-andres-fuenteguinaldo,Perronillas Jesús Andrés,Fuenteguinaldo,Pan y cereal,"Perronillas artesanas, también sin gluten","C. San Sebastián, 59, 37540 Fuenteguinaldo, Salamanca","Dulces artesanos elaborados en Fuenteguinaldo con la receta familiar: perronillas de cinco ingredientes, sin aditivos y con la mitad de azúcar, en versión convencional y sin gluten. Tienda propia.",Consultar web o venta directa,+34644832749,info@perronillasjesusandres.com,https://www.perronillasjesusandres.com/,,,https://www.google.com/maps/search/?api=1&query=Perronillas%20Jes%C3%BAs%20Andr%C3%A9s&query_place_id=ChIJd0idh0bLPQ0RYdrv3-guqKg,40.4290835,-6.6803713,/productores/es/castilla-y-leon/salamanca/perronillas-jesus-andres-fuenteguinaldo.webp,,sí,ecommerce,,10146,es,,,,,,es,castilla-y-leon,salamanca,,,,,,
el-pan-negro-de-mariluz-la-alberca,El Pan Negro de Mariluz,La Alberca,Pan y cereal,"Turrones, hornazos y dulces de La Alberca","Calle Tablao, 13, Bajo, 37624 La Alberca, Salamanca","Obrador artesano de La Alberca que elabora turrones, chocolates, tartas, magdalenas, bizcochos, hornazos y dulces típicos de la sierra, con creaciones propias. Tienda propia con envíos.",Consultar web o venta directa,+34923415468,info@elpannegrodemariluz.com,http://www.elpannegrodemariluz.com/,,,https://www.google.com/maps/search/?api=1&query=El%20Pan%20Negro%20de%20Mariluz&query_place_id=ChIJjc_x42GKPg0Rbit1yHp0JqE,40.4895661,-6.1105339999999995,/productores/es/castilla-y-leon/salamanca/el-pan-negro-de-mariluz-la-alberca.webp,,sí,ecommerce,,5243,es,,,,,,es,castilla-y-leon,salamanca,,,,,,
la-espiga-de-castilla-1894-la-velles,La Espiga de Castilla 1894,La Vellés,Pan y cereal,Pan de obrador tradicional,"C. Cerrada, 14, 37427 La Vellés, Salamanca","Cinco generaciones de panaderos de la familia Mulas. El primer obrador estuvo en Villares de la Reina hasta 1989, cuando la casa se trasladó a La Vellés.",Consultar web o venta directa,+34923354354,,,,,https://www.google.com/maps/search/?api=1&query=La%20Espiga%20de%20Castilla%201894&query_place_id=ChIJ_TpWwfstPw0R9GkJkvsQ6VQ,41.072607999999995,-5.5682304,,pendiente,no,,,7658,es,,,,,,es,castilla-y-leon,salamanca,,,,,,
castilla-salamanca,Panadería Castilla,Salamanca,Pan y cereal,Pan ecológico,"C. Fontiveros, 26, 37003 Salamanca","Panadería y confitería de la calle Fontiveros especializada en pan ecológico, con pastelería, chocolates y vinos en el mostrador. Forma parte de la unión de cooperativas de trabajo de Castilla y León.",Consultar web o venta directa,+34923183738,,,,,https://www.google.com/maps/search/?api=1&query=Castilla&query_place_id=ChIJpchxMwomPw0RC06RWzw_HUY,40.965890699999996,-5.6482972,,pendiente,no,,,9479,es,,,,,,es,castilla-y-leon,salamanca,,,,,,
celi-co-gluten-free-bakery,Celi&Co Gluten Free Bakery,Salamanca,Pan y cereal,Pan y repostería sin gluten y sin lactosa,"C. Pozo Amarillo, 8, 37001 Salamanca","Obrador propio junto a la Plaza Mayor especializado en sin gluten y sin lactosa, premiado como mejor obrador sin gluten en los Premios FACE 2021. Vende en tienda y en su tienda en línea, con entrega en el día en la provincia y en 24 horas en península.",Consultar web o venta directa,+34923327377,hola@celiandcobakery.es,http://www.celiandcobakery.es/,,,https://www.google.com/maps/search/?api=1&query=Celi%26Co%20gluten%20free%20bakery&query_place_id=ChIJPW0gtyonPw0R2Q2B6JMAzJ4,40.9652244,-5.6626351999999995,/productores/es/castilla-y-leon/salamanca/celi-co-gluten-free-bakery.webp,,sí,ecommerce,,3571,es,,,,,,es,castilla-y-leon,salamanca,,,,,,
confiteria-santa-lucia,Confitería Santa Lucía,Salamanca,Pan y cereal,Pastelería y salados de obrador propio,"Pl. Mayor, 10, 37002 Salamanca","Veinticinco años de pastelería con obrador propio en Villares de la Reina y dos tiendas en Salamanca, en la Plaza Mayor y en la plaza de España. Tienda en línea con pedido mínimo de 30 €.",Consultar web o venta directa,+34923263399,pedidos@confiteriasantalucia.com,http://www.confiteriasantalucia.com/,,,https://www.google.com/maps/search/?api=1&query=Confiter%C3%ADa%20Santa%20Luc%C3%ADa&query_place_id=ChIJ6aE6NhQmPw0R1nCcdjFQ5vw,40.964871599999995,-5.6637242,/productores/es/castilla-y-leon/salamanca/confiteria-santa-lucia.webp,pendiente,sí,ecommerce,,4212,es,,,,,,es,castilla-y-leon,salamanca,,,,,,
confiteria-la-industrial,Confitería la Industrial,Salamanca,Pan y cereal,"Hornazo, empanadas y dulces","Rúa Mayor, 8, 37002 Salamanca","Abierta en 1948 en la Rúa Mayor, es una de las confiterías más antiguas de la ciudad y elabora en el obrador de la propia tienda. Su especialidad es el hornazo, junto a empanadas y postres.",Consultar web o venta directa,+34923212378,,https://www.confiterialaindustrial.com/,,,https://www.google.com/maps/search/?api=1&query=Confiter%C3%ADa%20la%20Industrial&query_place_id=ChIJS37p3kMmPw0R4autGv7wHpE,40.9638117,-5.664841099999999,/productores/es/castilla-y-leon/salamanca/confiteria-la-industrial.webp,,no,,,4182,es,,,,,,es,castilla-y-leon,salamanca,,,,,,
confiterias-pastelerias-gil-salamanca,Confitería Gil,Salamanca,Pan y cereal,Pan ecológico y pastelería de obrador,"C. María Auxiliadora, 33, 37004 Salamanca","Casa fundada en 1956 por Paulino Gil, su hijo Agustín y su mujer Rosario Jiménez en esta misma calle María Auxiliadora. Hoy tiene el obrador grande en el polígono de Los Villares y siete tiendas repartidas por Salamanca, más otra en Zamora. Elabora panes ecológicos y pastelería.",Consultar web o venta directa,,,https://www.confiteriagil.es/,,,https://www.google.com/maps/search/?api=1&query=Confiter%C3%ADas%20Pasteler%C3%ADas%20Gil&query_place_id=ChIJBbm7ZBcmPw0R4fseIG0FjDE,40.970495299999996,-5.658737599999999,/productores/es/castilla-y-leon/salamanca/confiterias-pastelerias-gil-salamanca.webp,pendiente,no,,,4172,es,,,,,,es,castilla-y-leon,salamanca,,,,,,
el-horno-boutique-de-pan-salamanca,Boutique del Pan El Horno,Salamanca,Pan y cereal,Panes de obrador,"P.º del Rollo, 38, 37003 Salamanca","Panadería del paseo del Rollo, en Salamanca.",Consultar web o venta directa,+34923121322,,,,,https://www.google.com/maps/search/?api=1&query=El%20Horno%20Boutique%20de%20Pan&query_place_id=ChIJ__9vEQwmPw0Rbjpp5lIRPg0,40.9659748,-5.6514431,,pendiente,no,,,2595,es,,,,,,es,castilla-y-leon,salamanca,,,,,,
el-obrador-4-0,El Obrador 4.0,Salamanca,Pan y cereal,"Pan de masa madre, focaccia, brioche y croquetas artesanas","C. del Río Tera, 15, 37003 Salamanca","Unidad productiva de Grupo Tapas, abierta en 2024 por Tapas 2.0 Hostel S.L. Elabora pan de masa madre, focaccia, brioche y croquetas artesanas para los restaurantes del grupo y otros clientes profesionales; el obrador y cocina están autorizados en la calle Río Carrión 9.",,,,https://grupotapas.com/,,,https://www.google.com/maps/search/?api=1&query=El%20Obrador%204.0&query_place_id=ChIJKZ0EUQAnPw0RcjJBymFNQpg,40.9577135,-5.6518079,,,no,,,5223,es,,,,,,es,castilla-y-leon,salamanca,,,,,,
el-carro-de-maria,El carro de María,Salamanca,Pan y cereal,"Pan, bollería y tartas artesanas","C. Vasco de Gama, 15, 37004 Salamanca","Obrador propio en la calle Vasco de Gama que elabora a diario pan, bollería, tartas y producto de temporada con materia prima de calidad, y lleva los pedidos a domicilio. Se pide por teléfono o WhatsApp.",Consultar web o venta directa,+34923256196,pasteleria@elcarrodemaria.com,https://elcarrodemaria.es/,,,https://www.google.com/maps/search/?api=1&query=El%20carro%20de%20Mar%C3%ADa&query_place_id=ChIJS7z1sRomPw0RTJ4fLQO3LtA,40.9721305,-5.6565223,/productores/es/castilla-y-leon/salamanca/el-carro-de-maria.webp,,sí,telefono|whatsapp,,5124,es,,,,,,es,castilla-y-leon,salamanca,,,,,,
ganas-de-pan-san-pedro-de-rozados,Ganas de Pan,San Pedro de Rozados,Pan y cereal,"Pan, hornazos, empanadas y tartas","Avda. Comuneros, 29, 37183 San Pedro de Rozados, Salamanca","Vda. e Hijos de Ramón Herrero S.L., tercera generación de panaderos con sesenta años de oficio y obrador en San Pedro de Rozados. Elabora pan, bollos, pasteles, hornazos, empanadas y tartas, y despacha en esta tienda de la avenida de Italia.",Consultar web o venta directa,+34607282384,info@ganasdepan.com,http://www.ganasdepan.com/,,,,40.79028,-5.7375,,,no,,,6411,es,,,,,,es,castilla-y-leon,salamanca,,,,,,
la-casa-del-pan-iii,La casa del pan III,Salamanca,Pan y cereal,Pan y bollería de obrador,"Av. de Italia, 24, 26 Bajo, 37005 Salamanca","Panadería de la avenida de Italia, en Salamanca.",Consultar web o venta directa,+34923007064,,,,,https://www.google.com/maps/search/?api=1&query=La%20casa%20del%20pan%20III&query_place_id=ChIJW0VZuIYnPw0Rb3Ib4J1fMKg,40.9711996,-5.665228,,pendiente,no comprobado,,,7597,es,,,,,,es,castilla-y-leon,salamanca,,,,,,
llebres-salamanca,Repostería Llebrés,Salamanca,Pan y cereal,Repostería artesana de elaboración propia,"C. San Pablo, 29, 37008 Salamanca","Repostería artesana de elaboración propia y diaria en la calle San Pablo, con consumo en local, venta del mostrador y encargos con tres días de antelación. Vende a distancia a través del portal A Pan y Mantel.",Consultar web o venta directa,+34605089158,,http://www.reposteriallebres.com/,,,https://www.google.com/maps/search/?api=1&query=Llebr%C3%A9s&query_place_id=ChIJJ5b_1xQmPw0RT6jHUDKqzeI,40.96161430000001,-5.6641939,,,sí,marketplace,,11086,es,,,,,,es,castilla-y-leon,salamanca,,,,,,
pasteleria-garal,Pastelería Garal,Salamanca,Pan y cereal,"Pastelería, tartas y pan artesanos","P.º del Dr. Torres Villarroel, 26, 37005 Salamanca","Pastelería tradicional del paseo del doctor Torres Villarroel con obrador propio: pastelería, tartas y pan elaborados a mano.",Consultar web o venta directa,+34923040020,,https://pasteleriagaral.wixsite.com/websitegaral,,,https://www.google.com/maps/search/?api=1&query=Pasteler%C3%ADa%20Garal&query_place_id=ChIJBZadwxkmPw0RJ8pXj4c6FhY,40.971895599999996,-5.6631595,,pendiente,no,,,9810,es,,,,,,es,castilla-y-leon,salamanca,,,,,,
pasteleria-y-panaderia-santa-barbara,Pastelería y Panadería Santa Bárbara,Salamanca,Pan y cereal,Tartas por encargo y pastelería,"C. Fray Luis de Granada, 27, 37007 Salamanca","Pastelería y panadería de la calle Fray Luis de Granada, conocida por sus tartas temáticas por encargo.",Consultar web o venta directa,+34692971497,,,,https://www.instagram.com/sbpasteleriaes?igsh=MXBxdWhyaDNtbXJhdA==,https://www.google.com/maps/search/?api=1&query=Pasteler%C3%ADa%20y%20Panader%C3%ADa%20Santa%20B%C3%A1rbara&query_place_id=ChIJB_tVrSImPw0R1BIuL4zE_5E,40.970870999999995,-5.667524800000001,,pendiente,no,,,9897,es,,,,,,es,castilla-y-leon,salamanca,,,,,,
productos-san-fernando,Productos San Fernando,Salamanca,Pan y cereal,"Pan, empanadas y hornazo de los viernes","Av. de Villamayor, 53, 37007 Salamanca","Obrador de la avenida de Villamayor con pan propio, empanadas y hornazo, este último solo los viernes.",Consultar web o venta directa,+34923120882,,,https://www.facebook.com/pages/category/Dessert-Shop/Productos-San-Fernando-209816506056088/,,https://www.google.com/maps/search/?api=1&query=Productos%20San%20Fernando&query_place_id=ChIJyfi1zTwmPw0R5_-A3kcD4X0,40.9705202,-5.670263299999999,,pendiente,no,,,10334,es,,,,,,es,castilla-y-leon,salamanca,,,,,,
confiteria-pasteleria-adypa-mata-villares-de-la-reina,Confitería Pastelería Adypa Mata,Villares de la Reina,Pan y cereal,"Hornazos, empanadas y dulces de temporada","C. Caño de las Pimientas, 32, P.I, 37184 Villares de la Reina, Salamanca","Adypa Mata S.L., obrador de confitería en Villares de la Reina conocido por sus hornazos, empanadas y postres y pastelería de temporada.",Consultar web o venta directa,,,,,,https://www.google.com/maps/search/?api=1&query=Confiter%C3%ADa%20Pasteler%C3%ADa%20Adypa%20Mata&query_place_id=ChIJgbBsAFAvPw0RfhONB9azwJ8,40.9925952,-5.6354168,,pendiente,no,,,4202,es,,,,,,es,castilla-y-leon,salamanca,,,,,,
don-hornazo-salamanca-obrador-villarmayor,Don Hornazo (obrador),Villarmayor,Pan y cereal,"Hornazo salmantino, pan y repostería","Carretera de Vitigudino km 29, 37130 Villarmayor, Salamanca","Obrador familiar de Villarmayor que elabora pan, hornazo salmantino y repostería artesana y los vende en tienda propia con envío a domicilio.",Todos los días 07:00-01:00; atención online 08:00-19:30,+34923140627,comercial@donhornazo.com,https://www.donhornazosalamanca.com/,,,https://www.google.com/maps/search/?api=1&query=Don%20Hornazo%20%28obrador%29%2C%20Carretera%20de%20Vitigudino%20km%2029%2C%2037130%20Villarmayor%2C%20Salamanca&query_place_id=ChIJ_0BiftrOPg0R2xNy-cOrgPQ,41.0142367,-5.9761809,/productores/es/castilla-y-leon/salamanca/don-hornazo-salamanca-obrador-villarmayor.webp,,sí,ecommerce,,4925,es,,,,,,es,castilla-y-leon,salamanca,,,,,,
bacalaos-m-bueno-macotera,Bacalao M. Bueno,Macotera,Pescado,Bacalao salado y desalado en varios cortes,"Ctra. Piedrahíta, 12, 37310 Macotera, Salamanca","Más de cuarenta años elaborando y comercializando bacalao salado en sus distintos cortes y formatos desde Macotera, con la marca Bacalao M. Bueno de Disbueno Alimentación y Hostelería. También lo sirve desalado a la manera tradicional. Tienda propia.",Consultar web o venta directa,+34923555158,info@bacalaobueno.es,https://www.bacalaobueno.com/,,,https://www.google.com/maps/search/?api=1&query=Bacalaos%20M.Bueno&query_place_id=ChIJmeXOs91pPw0RHbrYn47y70w,40.829693299999995,-5.2797757,/productores/es/castilla-y-leon/salamanca/bacalaos-m-bueno-macotera.webp,,sí,ecommerce,,1069,es,,,,,,es,castilla-y-leon,salamanca,,,,,,
el-bardal-productos-silvestres-del-bosque-navasfrias,El Bardal,Navasfrías,Setas,"Conservas de boletus y níscalo, patés y cremas de setas","C. la Viña, 1, 37542 Navasfrías, Salamanca","Conservera de Navasfrías, en la comarca del Rebollar, en el sector desde 1986. Recolecta y transforma boletus, níscalo, rebozuelo, lengua de vaca y otras setas, además de moras, endrinas, espárrago silvestre y frutos del bosque, en conservas, patés y cremas sin conservantes ni aditivos. Tiene el sello Setas de Castilla y León y la marca Tierra de Sabor.",Consultar web o venta directa,+34652915574,,,,,https://www.google.com/maps/search/?api=1&query=El%20Bardal%20Productos%20Silvestres%20del%20Bosque&query_place_id=ChIJ38E69Dy3PQ0RD0mz0a77hZk,40.2995403,-6.817394999999999,,pendiente,no comprobado,,,5098,es,,,,,,es,castilla-y-leon,salamanca,,,,,,
manos-verdes-el-pino-de-tormes,Manos Verdes,El Pino de Tormes,Conservas,,,"Marca de la asociación salmantina Asdecoba, que cultiva huertas ecológicas en la comarca y transforma y envasa sus hortalizas en un centro propio de El Pino de Tormes, sin conservantes ni colorantes.",,+34680656046,manosverdes@todoserviciosmultiples.es,,,,,,,,pendiente,no comprobado,,,8327,es,,,,,,es,castilla-y-leon,salamanca,,,,,,
joselito-guijuelo,Joselito,Guijuelo,Carne,"Jamón ibérico, paleta ibérica, embutidos y carnes","Calle Santa Rita, 8, 37770 Guijuelo, Salamanca","Cárnicas Joselito mantiene en Guijuelo sus secaderos y bodegas naturales para la curación de jamones, paletas y embutidos ibéricos.",,+34923580375,info@joselito.com,https://www.joselito.com/,,,,,,/productores/es/castilla-y-leon/salamanca/joselito-guijuelo.webp,pendiente,sí,ecommerce,,12499,es,,,,,,es,castilla-y-leon,salamanca,,,,,,
juan-manuel-arte-en-iberico-guijuelo,Juan Manuel Arte en Ibérico,Guijuelo,Carne,"Jamones, paletas, lomos, embutidos y carne ibérica","Calle San Juan Bautista, 20, 37770 Guijuelo, Salamanca","Empresa cárnica de Guijuelo con más de noventa años de tradición que despieza, elabora y cura jamones y embutidos ibéricos en instalaciones propias y vende en su tienda online.",,+34923580066,info@juanmanuel-sa.es,https://jamonesjuanmanuel.com/,,,,,,/productores/es/castilla-y-leon/salamanca/juan-manuel-arte-en-iberico-guijuelo.webp,pendiente,sí,ecommerce,,12568,es,,,,,,es,castilla-y-leon,salamanca,,,,,,
lopez-puerto-mogarraz,López Puerto,Mogarraz,Carne,"Jamones, paletas, lomos y embutidos ibéricos","Carretera de Béjar, s/n, Mogarraz, Salamanca","Empresa familiar originaria de Mogarraz que cría, sacrifica, elabora y comercializa cerdo ibérico desde 1954; opera dos fábricas propias, en Mogarraz y Castellanos de Moriscos.",,+34923361408,info@lopezpuerto.com,https://www.lopezpuerto.com/,,,,,,/productores/es/castilla-y-leon/salamanca/lopez-puerto-mogarraz.webp,pendiente,sí,ecommerce,,12570,es,,,,,,es,castilla-y-leon,salamanca,,,,,,
antonio-martin-martin-e-hijos-nava-de-bejar,Antonio Martín Martín e Hijos,Nava de Béjar,Carne,"Jamones, paletas, lomos y embutidos ibéricos","Carretera de Ledrada, s/n, 37776 Nava de Béjar, Salamanca","Empresa familiar activa desde 1907 que elabora jamones, paletas, lomos y embutidos ibéricos en Nava de Béjar y los comercializa en su tienda online.",,+34923591175,info@antoniomartinmartin.com,https://antoniomartinmartin.com/,,,,,,/productores/es/castilla-y-leon/salamanca/antonio-martin-martin-e-hijos-nava-de-bejar.webp,pendiente,sí,ecommerce,,12573,es,,,,,,es,castilla-y-leon,salamanca,,,,,,
embutidos-flores-villaseco-de-los-gamitos,Embutidos Flores,Villaseco de los Gamitos,Carne,"Jamones, lomos y embutidos ibéricos","Calle Salas Pombo, s/n, 37114 Villaseco de los Gamitos, Salamanca","Los Majadales de Flores mantiene una tradición familiar centenaria y elabora en Villaseco de los Gamitos jamones, lomos y embutidos ibéricos bajo las marcas Embutidos Flores y Majadales.",,+34923140514,flores@embutidosflores.com,https://www.embutidosflores.com/,,,https://www.google.com/maps/search/?api=1&query=Embutidos%20Flores%2C%20Calle%20Salas%20Pombo%2C%20Villaseco%20de%20los%20Gamitos,,,,pendiente,sí,ecommerce,,12605,es,,,,,,es,castilla-y-leon,salamanca,,,,,,
