slug,nombre,municipio,categoria,productos estrella,direccion,descripcion,horario,telefono,correo,web,Facebook,Instagram,Google Maps,lat,lon,imagen,verificacion,Venta online,Canal de venta,categorias adicionales,producer_id,descripcion_locale,visitas guiadas,mensaje a la comunidad,mensaje_comunidad_locale,enlace destacado 1,enlace destacado 2,country,region,area,video,quien hay detras,quien_hay_detras_locale,historia,historia_locale,fecha ultimo cambio
barco-del-corneta,Barco del Corneta,La Seca,Vino,,"Calle Carreventosa, 7, 47491 La Seca",,,,info@barcodelcorneta.com,https://barcodelcorneta.com/,,,,,,,,no comprobado,,,12998,,,,,,,es,castilla-y-leon,valladolid,,,,,,
bodegas-bohorquez,Bodegas Bohórquez,Pesquera de Duero,Vino,,,,,,info@bodegasbohorquez.com,https://www.bodegasbohorquez.com/,,,,,,,,no comprobado,,,12994,,,,,,,es,castilla-y-leon,valladolid,,,,,,
bodegas-castelo-de-medina,Bodegas Castelo de Medina,Villaverde de Medina,Vino,,"Carretera CL-602, km 48, 47465 Villaverde de Medina",,,+34983831857,info@castelodemedina.com,https://castelodemedina.com/es/,,,,,,,,no comprobado,,,12995,,,,,,,es,castilla-y-leon,valladolid,,,,,,
el-lagar-de-moha,El Lagar de Moha,Rueda,Vino,,"Calle Cabo Villar, 8, 47490 Rueda",,,+34983510573,info@lagardemoha.com,https://lagardemoha.com/,,,,,,,,no comprobado,,,12997,,,,,,,es,castilla-y-leon,valladolid,,,,,,
eman-vara-gourmet-ataquines,Emán Vara Gourmet,Ataquines,Aceite,AOVE 12+1; AOVE Castelum; Vinagre balsámico 12+1,"Carr. de la Estación, s/n, 47210 Ataquines, Valladolid","Productor familiar de Ataquines que cultiva aceituna arbequina en la finca La Olivera y elabora el AOVE de clima extremo 12+1, además de AOVE Castelum y vinagre balsámico artesanal.",Consultar web o venta directa,+34640657021,info@emanvara.com,https://www.emanvara.com/,,,https://www.google.com/maps/search/?api=1&query=Em%C3%A1n%20Vara%20Gourmet%2C%20Carr.%20de%20la%20Estaci%C3%B3n%2C%20s%2Fn%2C%2047210%20Ataquines%2C%20Valladolid&query_place_id=ChIJhe7PJlxLRw0RjWz3HltLcTM,41.1816454,-4.800577,,,sí,ecommerce|telefono,,5335,es,,,,,,es,castilla-y-leon,valladolid,,,,,,
abro-biotec-valbuena-de-duero,ABRO BIOTEC,Valbuena de Duero,Despensa artesanal,Vinesenti; extractos polifenólicos de uva,"Carretera de San Bernardo, s/n, 47359 Valbuena de Duero, Valladolid","Empresa biotecnológica de Bodegas Familiares Matarromera que elabora y comercializa extractos polifenólicos obtenidos de hollejos de uva, como el ingrediente gastronómico Vinesenti.",Lun-Vie 09:00-18:00,+34610006670,tienda@matarromera.es,https://corporativo.matarromera.es/vinesenti/,,,,41.6401193,-4.2578636,,,sí,email|telefono,,76,es,,,,,,es,castilla-y-leon,valladolid,,,,,,
oligueva-renedo-de-esgueva,OLIGUEVA,Renedo de Esgueva,Aceite,OLIGUEVA aceite de oliva virgen extra,"Calle de Sta Isabel, 19, 47170 Renedo de Esgueva, Valladolid",Proyecto oleícola del valle del Esgueva creado para elaborar AOVE de arbequina cultivada en una pequeña plantación local; la sociedad figura actualmente inactiva y sus canales propios ya no responden.,,,,,,,https://www.google.com/maps/search/?api=1&query=OLIGUEVA%2C%20Calle%20de%20Sta%20Isabel%2C%2019%2C%2047170%20Renedo%20de%20Esgueva%2C%20Valladolid&query_place_id=ChIJqaJPzO4RRw0RKcmOO4-zxTI,41.6543863,-4.6297488,,pendiente,no comprobado,,,9246,es,,,,,,es,castilla-y-leon,valladolid,,,,,,
bodega-win-sin-alcohol-valbuena-de-duero,Bodega Win Sin Alcohol,Valbuena de Duero,Bebidas sin alcohol,"VINOS ""TRANQUILOS SIN ALCOHOL” VINOS ""FRIZZANTES SIN ALCOHOL""","Carretera San Bernardo, s/n, 47359 Valbuena de Duero, Valladolid","Bodega Win Sin Alcohol, en Valbuena de Duero, elabora y comercializa desde 2008 bebidas a base de vino sin alcohol. Utiliza una columna de conos rotatorios para separar y retirar el alcohol antes de reconstruir la bebida.",Consultar web o venta directa,+34983683315,comunicacion@matarromera.es,https://win-zero.com/,,,https://www.google.com/maps/search/?api=1&query=Bodega%20Win%20Sin%20Alcohol%2C%20Carretera%20San%20Bernardo%2C%2047359%20Valbuena%20de%20Duero%2C%20Valladolid&query_place_id=ChIJ7SunYCTlRg0R4Z_UutjzXWA,41.6401193,-4.2578636,/productores/es/castilla-y-leon/valladolid/bodega-win-sin-alcohol-valbuena-de-duero.webp,,sí,ecommerce,,1742,es,,,,,,es,castilla-y-leon,valladolid,,,,,,
pinna-fidelis,Pinna Fidelis,Peñafiel,Vino,,"Camino Llanillos, 47300 Peñafiel",,,+34983878034,info@pinnafidelis.com,https://pinnafidelis.com/es/,,,,,,,,no comprobado,,,12996,,,,,,,es,castilla-y-leon,valladolid,,,,,,
vinos-chapirete-alcazaren,Vinos Chapirete,Alcazarén,Vino,,"N-601, 47238 Alcazarén, Valladolid","Bodega familiar fundada por los hermanos García Cano, elaboradora de verdejos de viñas viejas y prefiloxéricas en Alcazarén.",Consultar web o venta directa,+34652054177,administracion@vinasmurillo.es,https://www.chapirete.es/,,,https://www.google.com/maps/search/?api=1&query=VI%C3%91AS%20MURILLO%2C%20N-601%2C%2047238%20Alcazar%C3%A9n%2C%20Valladolid&query_place_id=ChIJuUIxPpk5Rw0RIKcbl5rKcLQ,41.3756118,-4.6825157,/productores/es/castilla-y-leon/valladolid/vinos-chapirete-alcazaren.webp,,sí,ecommerce,,12251,es,,,,,,es,castilla-y-leon,valladolid,,,,,,
bodegas-honorato-calleja-amusquillo,Bodegas Honorato Calleja,Amusquillo,Vino,"La Garulla, Jaramiel y Honorato","C. Salegar, 1, 47177 Amusquillo, Valladolid","Bodega familiar de Amusquillo con viñedo propio, vendimia manual y elaboración de vinos bajo la marca Honorato Calleja.",Consultar web o venta directa,+34983686015,gestion@bodegashonoratocalleja.com,https://bodegashonorato.com/,,,https://www.google.com/maps/search/?api=1&query=TINTO%20JARAMIEL%2C%20C.%20Salegar%2C%201%2C%2047177%20Amusquillo%2C%20Valladolid&query_place_id=ChIJC8XXWu_7Rg0RYJlF4tmQOHE,41.74889,-4.30066,/productores/es/castilla-y-leon/valladolid/bodegas-honorato-calleja-amusquillo.webp,,sí,ecommerce,,2068,es,,,,,,es,castilla-y-leon,valladolid,,,,,,
bodega-ebano-castrillo-de-duero,Ébano Viñedos y Bodegas,Castrillo de Duero,Vino,EBANO 6 EBANO SALVAJE,"N-122, 299, 47318 Castrillo de Duero, Valladolid","Historia. Familia. Amigos. Dedicación. Vocación. Muchas palabras podrían describir a nuestra bodega, Adegas Valmiñor esta detrás de este nuevo proyecto en la RIbera del Duero.",Consultar web o venta directa,+34986609060,ebano@valminorebano.com,https://adegasvalminor.com/,,https://www.instagram.com/valminorebano/,https://www.google.com/maps/search/?api=1&query=BODEGA%20EBANO%2C%20N-122%2C%20299%2C%2047318%20Castrillo%20de%20Duero%2C%20Valladolid&query_place_id=ChIJXQCkiICURg0RJb0bjnfqOYE,41.6080104,-4.028972899999999,/productores/es/castilla-y-leon/valladolid/bodega-ebano-castrillo-de-duero.webp,,sí,ecommerce,,5013,es,,,,,,es,castilla-y-leon,valladolid,,,,,,
bodega-cooperativa-cigales-cigales,BODEGA COOPERATIVA CIGALES,Cigales,Vino,"TORONDOS (verdejo, rosado, viña Torondos, compromiso, tinto joven y tinto crianza) MATICES (Blanco, tinto y rosado) LIJE (Blanco, tinto y rosado) CHISME","C. las Bodegas, s/n, 47270 Cigales, Valladolid","Bodega Cooperativa Cigales, en Cigales, fue fundada en 1957 y conserva bodegas subterráneas tradicionales. Produce principalmente rosados y también blancos y tintos, con crianza en 200 barricas de roble.",Consultar web o venta directa,+34983580135,administracion@bodegacigales.com,https://bodegacigales.es/,,,https://www.google.com/maps/search/?api=1&query=BODEGA%20COOPERATIVA%20CIGALES%2C%20C.%20las%20Bodegas%2C%20s%2Fn%2C%2047270%20Cigales%2C%20Valladolid&query_place_id=ChIJdWT38W0LRw0RSHakq2LzuJc,41.7609139,-4.697455199999999,/productores/es/castilla-y-leon/valladolid/bodega-cooperativa-cigales-cigales.webp,,sí,ecommerce,,1354,es,,,,,,es,castilla-y-leon,valladolid,,,,,,
bodegas-hijos-de-felix-salas-corcos,BODEGAS HIJOS DE FÉLIX SALAS,Corcos,Vino,- VINO ROSADO VIÑA PICOTA,"C. Corrales, s/n, 47280 Corcos, Valladolid","Bodegas Hijos de Félix Salas, en Corcos, mantiene una tradición vitivinícola familiar desde principios del siglo XX. Elabora vinos de la Denominación de Origen Cigales y amplió sus instalaciones en 1989.",Consultar web o venta directa,+34983580262,bodega@bodegasfelixsalas.com,https://bodegasfelixsalas.com/,,https://www.instagram.com/bodegasfelixsalas/,https://www.google.com/maps/search/?api=1&query=BODEGAS%20HIJOS%20DE%20F%C3%89LIX%20SALAS%2C%20C.%20Corrales%2C%20s%2Fn%2C%2047280%20Corcos%2C%20Valladolid&query_place_id=ChIJNR9dBYwKRw0RWy_tampFjAo,41.8090273,-4.6938382,/productores/es/castilla-y-leon/valladolid/bodegas-hijos-de-felix-salas-corcos.webp,,sí,ecommerce,,2062,es,,,,,,es,castilla-y-leon,valladolid,,,,,,
bodega-el-recodo-esguevillas-de-esgueva,BODEGA EL RECODO,Esguevillas de Esgueva,Vino,- VINO TINTO : CARRALASMAYAS 12+12 y CARRALASMAYAS 24+36 VINO CLARETE: CARRASLAMAYAS Clarete,"Callejón de los Toros nº 2-bis, 47176 Esguevillas de Esgueva, Valladolid",,Consultar web o venta directa,+34692915867,bodegaelrecodo@gmail.com,,,,https://www.google.com/maps/search/?api=1&query=BODEGA%20EL%20RECODO%2C%20Callej%C3%B3n%20de%20los%20Toros%20n%C2%BA%202-bis%2C%2047176%20Esguevillas%20de%20Esgueva%2C%20Valladolid&query_place_id=ChIJ35D52Ob9Rg0RMEuSVEkbnZo,41.751188,-4.379767999999999,,pendiente,no comprobado,,,1415,,,,,,,es,castilla-y-leon,valladolid,,,,,,
bodegas-briego-fompedraza,Bodegas Briego,Fompedraza,Vino,Briego Ancal Supernova Garabato A punto 99,"Carretera de Cuéllar, km 8,8, 47311 Fompedraza, Valladolid","Bodegas Briego, en Fompedraza, es un proyecto de los hermanos Hernando que recupera la tradición vitivinícola familiar. La bodega elabora vinos dentro de la Denominación de Origen Ribera del Duero.",Consultar web o venta directa,+34983892156,info@bodegasbriego.com,https://bodegasbriego.com/,,https://www.instagram.com/bodegasbriego/,https://www.google.com/maps/search/?api=1&query=Bodegas%20Briego%2C%20Carretera%20de%20Cu%C3%A9llar%2C%20Km.%208%2C%208%2C%2047311%20Fompedraza%2C%20Valladolid&query_place_id=ChIJXUbL6gTqRg0RNA-mguj68Vs,41.53349,-4.148696999999999,/productores/es/castilla-y-leon/valladolid/bodegas-briego-fompedraza.webp,,no,,,1854,es,,,,,,es,castilla-y-leon,valladolid,,,,,,
bodega-cuatro-rayas-la-seca,Bodega Cuatro Rayas,La Seca,Vino,Cuarenta Vendimias Verdejo,"Camino Fuentecilla, s/n, 47491 La Seca, Valladolid","Bodega Cuatro Rayas, en La Seca, elabora principalmente vinos de Verdejo y también de Sauvignon Blanc, Viura, Palomino Fino y Tempranillo. Cuenta con más de 2.150 hectáreas controladas y produce vinos jóvenes, crianzas, espumosos y frizzantes.",Consultar web o venta directa,+34983816320,info@cuatrorayas.es,https://cuatrorayas.es/,,https://www.instagram.com/bodegacuatrorayas/,https://www.google.com/maps/search/?api=1&query=Bodega%20Cuatro%20Rayas%2C%20Camino%20Fuentecilla%2C%20s%2Fn%2C%2047491%20La%20Seca%2C%20Valladolid&query_place_id=ChIJIwkAH5hbRw0RWSVmzosgP6g,41.4043085,-4.8991946,/productores/es/castilla-y-leon/valladolid/bodega-cuatro-rayas-la-seca.webp,,sí,ecommerce,,1367,es,,,,,,es,castilla-y-leon,valladolid,,,,,,
meoriga-mayorga,Bodegas Meóriga,Mayorga,Vino,.G ESENCIA 33 ESENCIA 27 EL DEMONAUTA,"Carretera Alberite, s/n, 47680 Mayorga, Valladolid","Bodega con viñedos propios en Mayorga, elaboradora de vinos de Prieto Picudo y Albarín y de vermut.",Consultar web o venta directa,+34983751182,comercial@meoriga.com,https://www.meoriga.com,,https://instagram.com/bodegasmeoriga/,https://www.google.com/maps/search/?api=1&query=MEORIGA%2C%20Ctra.%20Castrobol%2C%20s%2Fn%2C%2047680%20Mayorga%2C%20Valladolid&query_place_id=ChIJe9W2kqwTOA0Ry7vONeAM8PA,42.1611029,-5.2705662,/productores/es/castilla-y-leon/valladolid/meoriga-mayorga.webp,,sí,ecommerce,,2203,es,,,,,,es,castilla-y-leon,valladolid,,,,,,
melida-wines-melida,MÉLIDA WINES,Mélida,Vino,- PARPADOS DOS ALAS ROJAS PARPADOS CLUB,"C. Pasadizo, 1, 47318 Mélida, Valladolid","Pequeña bodega familiar de reciente fundación, situada en Mélida de Peñafiel, un pueblito de 30 habitantes a 4 km de Peñafiel. Desde 2018 elaboramos vinos de gran calidad poniendo asimismo foco en el enoturismo personalizado, haciendo visitas y catas adaptadas a cada visitante. La bodega cuenta además con un restaurante y con dos casas de turismo rural.",Consultar web o venta directa,+34686580012,info@melidawines.com,https://melidawines.com/,,https://www.instagram.com/melidawines/,https://www.google.com/maps/search/?api=1&query=M%C3%89LIDA%20WINES%2C%20C.%20Pasadizo%2C%201%2C%2047318%20M%C3%A9lida%2C%20Valladolid&query_place_id=ChIJCxknoMLrRg0Rb-lv0OVuPyU,41.5805639,-4.0770224,/productores/es/castilla-y-leon/valladolid/melida-wines-melida.webp,,sí,ecommerce,,8595,es,,,,,,es,castilla-y-leon,valladolid,,,,,,
bodega-amalio-del-pozo-mucientes,Bodega Amalio del Pozo,Mucientes,Vino,Vino tinto Vino tinto crianza Vino rosado Vino verdejo,"Finca El Caserío, s/n, 47194 Mucientes, Valladolid","Bodega Amalio del Pozo, en Mucientes, cultiva 25 hectáreas de viñedo y elabora vinos de la Denominación de Origen Cigales. Trabaja con Tempranillo, Verdejo, Albillo y Cabernet Sauvignon, incluidos claretes, rosados y tintos con crianza.",Consultar web o venta directa,+34983587914,amaliodelpozo@gmail.com,https://elcuentoylaleyenda.com/,,,,41.7453279,-4.7588965,/productores/es/castilla-y-leon/valladolid/bodega-amalio-del-pozo-mucientes.webp,,no,,,1285,es,,,,,,es,castilla-y-leon,valladolid,,,,,,
bodegas-mucy-mucientes,BODEGAS MUCY,Mucientes,Vino,,"VA-912, 1, 47194 Mucientes, Valladolid",,Consultar web o venta directa,+34692944470,info@mucy.es,https://mucy.es/,,https://www.instagram.com/bodegasmucy/,https://www.google.com/maps/search/?api=1&query=BODEGAS%20MUCY%2C%20VA-912%2C%201%2C%2047194%20Mucientes%2C%20Valladolid&query_place_id=ChIJY5iB84B0Rw0RZWxnLl3h960,41.74762440000001,-4.7754321,/productores/es/castilla-y-leon/valladolid/bodegas-mucy-mucientes.webp,,sí,marketplace|email,,2223,,,,,,,es,castilla-y-leon,valladolid,,,,,,
bodegas-sinforiano-mucientes,BODEGAS SINFORIANO,Mucientes,Vino,Vino rosado SINFO Vino tinto SINFO Vino blanco RAIMUN Vino tinto RAIMUN 5 meses Vino tinto RAIMUN 12 meses,"Ctra. Mucientes - Villalba, Km. 1, Dcha, 47194 Mucientes, Valladolid","Bodegas Sinforiano, en Mucientes, mantiene una tradición familiar iniciada en 1966. Cultiva 70 hectáreas y elabora vinos rosados, tintos y blancos en una bodega ampliada en 2012.",Consultar web o venta directa,+34983663008,sinfo@sinforianobodegas.com,https://sinforianobodegas.com/,,https://www.instagram.com/sinforianobodegas/,https://www.google.com/maps/search/?api=1&query=BODEGAS%20SINFORIANO%2C%20Ctra.%20Mucientes%20-%20Villalba%2C%20Km.%201%2C%20Dcha%2C%2047194%20Mucientes%2C%20Valladolid&query_place_id=ChIJC5SV04F0Rw0Rwk1qZBZ59sU,41.7476618,-4.7743855,/productores/es/castilla-y-leon/valladolid/bodegas-sinforiano-mucientes.webp,,no,,,2390,es,,,,,,es,castilla-y-leon,valladolid,,,,,,
bodegas-la-granadilla-nava-del-rey,Bodegas La Granadilla,Nava del Rey,Vino,Dominio de la Granadilla,"Ctra. Tordesillas, KM 17, 47500 Nava del Rey, Valladolid","Bodega familiar de los hermanos Descalzo Matos, con 104 hectáreas de viñedo entre Nava del Rey y Villaverde de Medina.",Consultar web o venta directa,+34645871429,info@bodegaslagranadilla.es,https://bodegaslagranadilla.es/,,,https://www.google.com/maps/search/?api=1&query=Bodegas%20La%20Granadilla%2C%20Ctra.%20Tordesillas%2C%20KM%2017%2C%2047500%20Nava%20del%20Rey%2C%20Valladolid&query_place_id=ChIJoagLtu-nOA0RQ77DTY8GkAQ,41.33999499999999,-5.0761702,/productores/es/castilla-y-leon/valladolid/bodegas-la-granadilla-nava-del-rey.webp,,no,,,2109,es,,,,,,es,castilla-y-leon,valladolid,,,,,,
bodegas-valdehermoso-nava-del-rey,Bodega Valdehermoso,Nava del Rey,Vino,Viña Pérez Finca Las Hornias,"Ctra. Nava del Rey-Rueda, km 12,6, 47500 Nava del Rey, Valladolid",Bodega familiar de Nava del Rey dedicada al viñedo propio y a la elaboración de vinos de la D.O. Rueda.,Consultar web o venta directa,+34983090936,valdehermoso@valdehermoso.com,https://www.bodegavaldehermoso.com/,,https://www.instagram.com/bodegavaldehermoso/,https://www.google.com/maps/search/?api=1&query=BODEGAS%20VALDEHERMOSO%2C%20VA-VP-8902%2C%2012%2C%2047500%20Nava%20del%20Rey%2C%20Valladolid&query_place_id=ChIJSemHcPunOA0RuQVtcZV4C5M,41.3343419,-5.068461099999999,/productores/es/castilla-y-leon/valladolid/bodegas-valdehermoso-nava-del-rey.webp,,no,,,1694,es,,,,,,es,castilla-y-leon,valladolid,,,,,,
bodegas-nidia-olmedo,BODEGAS NIDIA,Olmedo,Vino,NIDIA VERDEJO EQUIX,"Cam. de la Cabaña, 47410 Olmedo, Valladolid",,Consultar web o venta directa,+34697163975,nidia@bodegasnidia.com,https://bodegasnidia.com/,,https://www.instagram.com/bodegasnidia/,https://www.google.com/maps/search/?api=1&query=BODEGAS%20NIDIA%2C%20Cam.%20de%20la%20Caba%C3%B1a%2C%2047410%20Olmedo%2C%20Valladolid&query_place_id=ChIJ9VHTpRpLRw0RYqeIcQ8MJhE,41.2493033,-4.7360529,,,sí,ecommerce,,2241,,,,,,,es,castilla-y-leon,valladolid,,,,,,
bodega-teofilo-reyes-penafiel,Bodega Teófilo Reyes,Peñafiel,Vino,"Teófilo Reyes, Tamiz y ZG","Av. Valladolid Soria, 54, 47300 Peñafiel, Valladolid",,Consultar web o venta directa,+34983873015,info@teofiloreyes.com,https://teofiloreyes.com/,,,https://www.google.com/maps/search/?api=1&query=Bodega%20Te%C3%B3filo%20Reyes%2C%20Av.%20Valladolid%20Soria%2C%2054%2C%2047300%20Pe%C3%B1afiel%2C%20Valladolid&query_place_id=ChIJ79FCg4HrRg0RduPOYWuyNwg,41.60703760000001,-4.1456132,,,no,,,1675,,,,,,,es,castilla-y-leon,valladolid,,,,,,
bodegas-jota-flores-penafiel,Bodegas Jota Flores,Peñafiel,Vino,Vino tinto J. Flores Roble Vino tinto J. Flores Crianza,"C. Árbol del Paraíso, 13, 47300 Peñafiel, Valladolid","Bodegas Jota Flores, en Peñafiel, elabora vinos con uva seleccionada y mínima manipulación. Su catálogo incluye J. Flores Roble y J. Flores Crianza.",Consultar web o venta directa,+34676321686,bodegaj.flores@gmail.com,https://www.bodegasjotaflores.com/,,,https://www.google.com/maps/search/?api=1&query=BODEGAS%20J.%20FLORES%2C%20C.%20%C3%81rbol%20del%20Para%C3%ADso%2C%2013%2C%2047300%20Pe%C3%B1afiel%2C%20Valladolid&query_place_id=ChIJW7r2NYzrRg0RNGTz0QXUrgE,41.59954,-4.127079999999999,,,no,,,2095,es,,,,,,es,castilla-y-leon,valladolid,,,,,,
vinos-themera-penafiel,VINOS THÉMERA,Peñafiel,Vino,THÉMERA ROBLE THÉMERA CRIANZA MADRESELVA EN FLOR ROBLE MADRESELVA EN FLOR ROSADO MADRESELVA EN FLOR BLANCO,"C. Matadero, 2, 47300 Peñafiel, Valladolid","VINOS THÉMERA, en Peñafiel, es el proyecto vitivinícola del enólogo Jorge González Granado. Elabora las referencias Thémera y Madreselva en Flor, con vinos roble, crianza, rosado y blanco.",Consultar web o venta directa,+34606595494,pedidos@vinosthemera.com,https://www.vinosthemera.com/,,,https://www.google.com/maps/search/?api=1&query=VINOS%20TH%C3%89MERA%2C%20C.%20Matadero%2C%202%2C%2047300%20Pe%C3%B1afiel%2C%20Valladolid&query_place_id=ChIJWxJrzIXrRg0RPKNGl9xqJGk,41.6032185,-4.118005999999999,/productores/es/castilla-y-leon/valladolid/vinos-themera-penafiel.webp,,sí,ecommerce,,12271,es,,,,,,es,castilla-y-leon,valladolid,,,,,,
bodega-veronica-salgado-pesquera-de-duero,Bodega Verónica Salgado,Pesquera de Duero,Vino,- Verónica Salgado roble Verónica Salgado crianza Verónica Salgado Capricho Viñas viejas,"Carretera de Valbuena, 34, 47315 Pesquera de Duero, Valladolid","Bodega Verónica Salgado, en Pesquera de Duero, cultiva viñas ecológicas de Tinta Fina en tres pagos. Sus parcelas, situadas entre 746 y 850 metros y algunas con más de 60 años, se destinan a vinos roble, crianza y reserva.",Consultar web o venta directa,+34630447926,info@veronicasalgado.es,https://veronicasalgado.es/es/,,https://www.instagram.com/veronicapricho/,https://www.google.com/maps/search/?api=1&query=Bodega%20Ver%C3%B3nica%20Salgado%2C%20Carretera%20de%20Valbuena%2C%2034%2C%2047315%20Pesquera%20de%20Duero%2C%20Valladolid&query_place_id=ChIJZe1Oi4XuRg0RZveg_DJKIRc,41.6392403,-4.1623569,/productores/es/castilla-y-leon/valladolid/bodega-veronica-salgado-pesquera-de-duero.webp,,sí,ecommerce,,1706,es,,,,,,es,castilla-y-leon,valladolid,,,,,,
manchon-mieres-bodega-pesquera-de-duero,MANCHÓN & MIERES BODEGA,Pesquera de Duero,Vino,,"C. Regaderillas, 14, 47315 Pesquera de Duero, Valladolid",,Consultar web o venta directa,+34645651993,bodega@manchonmieres.es,https://manchonmieres.com/,,,https://www.google.com/maps/search/?api=1&query=MANCH%C3%93N%20%26%20MIERES%20BODEGA%2C%20C.%20Regaderillas%2C%2014%2C%2047315%20Pesquera%20de%20Duero%2C%20Valladolid&query_place_id=ChIJfxWhFofuRg0RRBW1z1BWXFM,41.6441932,-4.1580631,/productores/es/castilla-y-leon/valladolid/manchon-mieres-bodega-pesquera-de-duero.webp,,no,,,8317,,,,,,,es,castilla-y-leon,valladolid,,,,,,
paramo-de-la-esgueva-pesquera-de-duero,Páramo de la Esgueva,Pesquera de Duero,Vino,- Páramo de la Esgueva 12 meses Páramo de la Esgueva,"CARRETERA PEÑAFIEL PESQUERA, km. 5, 5, 47315 Pesquera de Duero, Valladolid",Los viñedos propios son tinta del país ecológica y se encuentran en Villafuerte de Esgueva.,Consultar web o venta directa,+34650404330,info@paramodelaesgueva.es,,,,https://www.google.com/maps/search/?api=1&query=Paramo%20de%20la%20Esgueva%2C%20CARRETERA%20PE%C3%91AFIEL%20PESQUERA%2C%20km.%205%2C%205%2C%2047315%20Pesquera%20de%20Duero%2C%20Valladolid&query_place_id=ChIJRay85C_sRg0RD5IND5c_4cs,41.6396216,-4.1446599,,pendiente,no comprobado,,,9731,es,,,,,,es,castilla-y-leon,valladolid,,,,,,
bodegas-y-vinedos-arbas-pinel-de-arriba,Bodegas y Viñedos Arbás,Piñel de Arriba,Vino,JESÚS ARBÁS,"Carretera Pesquera Encinas, 12, 47316 Piñel de Arriba, Valladolid","Bodega familiar de pequeña producción con viñedo propio en Piñel de Arriba, dentro de la D.O. Ribera del Duero.",Consultar web o venta directa,+34610635658,direccion@bodegasarbas.com,https://bodegasarbas.com/,,https://www.instagram.com/arbaswine/,https://www.google.com/maps/search/?api=1&query=BODEGAS%20Y%20VI%C3%91EDOS%20ARB%C3%81S%2C%20Carretera%20Pesquera%20Encinas%2C%2012%2C%2047316%20Pi%C3%B1el%20de%20Arriba%2C%20Valladolid&query_place_id=ChIJE4GHjm7yRg0R3jXZdJJO4x0,41.699729,-4.124862,/productores/es/castilla-y-leon/valladolid/bodegas-y-vinedos-arbas-pinel-de-arriba.webp,,sí,ecommerce,,2500,es,,,,,,es,castilla-y-leon,valladolid,,,,,,
bodega-de-crianza-de-pozaldez-pozaldez,BODEGA DE CRIANZA DE POZALDEZ,Pozaldez,Vino,LIBERSO,"Cam. Viejo de Medina, 47220 Pozaldez, Valladolid",,Consultar web o venta directa,+34983507439,hola@liberso.es,,,,https://www.google.com/maps/search/?api=1&query=BODEGA%20DE%20CRIANZA%20DE%20POZALDEZ%2C%20Cam.%20Viejo%20de%20Medina%2C%2047220%20Pozaldez%2C%20Valladolid&query_place_id=ChIJvWiuzKhFRw0RRWeDxYHopQQ,41.3715139,-4.849982199999999,,pendiente,no comprobado,,,1376,,,,,,,es,castilla-y-leon,valladolid,,,,,,
bodega-arroyo-izquierdo-puras,Bodega Arroyo Izquierdo,Puras,Vino,- VINO DEMIMO VINO MIGUEL ARROYO,"C. Real, 34, 47419 Puras, Valladolid","Sociedad vitivinícola de Puras dedicada a viñedo, elaboración y comercialización de vinos; su web propia no estaba accesible durante la revisión.",Consultar web o venta directa,+34983626095,info@arroyo-izquierdo.com,https://www.arroyo-izquierdo.com,,,https://www.google.com/maps/search/?api=1&query=BODEGA%20ARROYO%20IZQUIERDO%2C%20C.%20Real%2C%2034%2C%2047419%20Puras%2C%20Valladolid&query_place_id=ChIJfbSIvFPLQA0RubEvCcWDHlw,41.1841746,-4.651993399999999,,pendiente,no comprobado,,,1295,es,,,,,,es,castilla-y-leon,valladolid,,,,,,
3-ases-bodegas-y-vinedos-quintanilla-de-arriba,3 Ases Bodegas y Viñedos,Quintanilla de Arriba,Vino,3 ASES ROBLE 3 ASES CRIANZA HOCICÓN,"Camino Cotarras, s/n, 47360 Quintanilla de Arriba, Valladolid",Bodega y viñedos de Quintanilla de Arriba vinculados a la D.O. Ribera del Duero; la web propia no estaba accesible durante la revisión.,Consultar web o venta directa,+34983036214,info@3asesvino.com,https://www.3asesvino.com,,,https://www.google.com/maps/search/?api=1&query=3%20ASES%20BODEGAS%20Y%20VI%C3%91EDOS%2C%20Camino%20Cotarras%2C%20s%2Fn%2C%2047360%20Quintanilla%20de%20Arriba%2C%20Valladolid&query_place_id=ChIJiXUYwUXiRg0RP1K0gOcHNAo,41.6185061,-4.2316799,,pendiente,no comprobado,,,16,es,,,,,,es,castilla-y-leon,valladolid,,,,,,
bodega-sarmentero-quintanilla-de-arriba,Bodega Sarmentero,Quintanilla de Arriba,Vino,- VINO TINTO ROBLE VINO TINTO CRIANZA VINO TINTO RESERVA,"Av Estacion, 47, 47360 Quintanilla de Arriba, Valladolid",Bodega familiar de Amparo Repiso con viñedos propios y elaboración en Quintanilla de Arriba.,Consultar web o venta directa,+34646918458,maria@bodegasarmentero.com,https://www.bodegasarmentero.com,,http://www.instagram.com/bodegasarmentero/,https://www.google.com/maps/search/?api=1&query=BODEGA%20SARMENTERO%2C%20Av%20Estacion%2C%2047%2C%2047360%20Quintanilla%20de%20Arriba%2C%20Valladolid&query_place_id=ChIJB9IZNT_vRg0RjZ89MA3IWxY,41.6190775,-4.2114267,/productores/es/castilla-y-leon/valladolid/bodega-sarmentero-quintanilla-de-arriba.webp,,sí,ecommerce,,1639,es,,,,,,es,castilla-y-leon,valladolid,,,,,,
3-elementos-quintanilla-de-onesimo,3 Elementos,Quintanilla de Onésimo,Vino,"- VINO ""3 ELEMENTOS"" VORTICE","Carretera N-122, Km 322, 47350 Quintanilla de Onésimo, Valladolid",Proyecto vinícola radicado en Quintanilla de Onésimo; la web propia disponible no aporta información suficiente para confirmar actividad actual.,Consultar web o venta directa,+34647252693,ramon@3elementos.es,https://www.3elementos.es,,,https://www.google.com/maps/search/?api=1&query=3%20ELEMENTOS%2C%20Carretera%20N-122%2C%20Km%20322%2C%2047350%20Quintanilla%20de%20On%C3%A9simo%2C%20Valladolid&query_place_id=ChIJO3WCTSuRRg0RFwNjLpu5WMI,41.6272658,-4.2829352,,pendiente,no comprobado,,,17,es,,,,,,es,castilla-y-leon,valladolid,,,,,,
bodegas-vega-de-yuso-quintanilla-de-onesimo,Bodegas y Viñedos Vega de Yuso,Quintanilla de Onésimo,Vino,,"Cañada Real, S/n, 47350 Quintanilla de Onésimo, Valladolid","Bodega familiar de Rubén Iglesias y Mónica Medrano, con viñedo propio y elaboración en Quintanilla de Onésimo.",Consultar web o venta directa,+34983680054,exportwine@vegadeyuso.com,https://www.vegadeyuso.com/es/,,https://www.instagram.com/bodegasvegadeyuso/,https://www.google.com/maps/search/?api=1&query=BODEGAS%20VEGA%20DE%20YUSO%2C%20Ca%C3%B1ada%20Real%2C%20S%2Fn%2C%2047350%20Quintanilla%20de%20On%C3%A9simo%2C%20Valladolid&query_place_id=ChIJhWvw7E7iRg0RhpAgyy6jR9c,41.6246565,-4.3622342,/productores/es/castilla-y-leon/valladolid/bodegas-vega-de-yuso-quintanilla-de-onesimo.webp,,sí,ecommerce,,2540,es,,,,,,es,castilla-y-leon,valladolid,,,,,,
vinedos-y-bodegas-ribon-quintanilla-de-onesimo,Viñedos y Bodegas Ribón,Quintanilla de Onésimo,Vino,- VINO TINTO BARRICA VINO TINTO CRIANZA VINO TINTO VENDIMIA SELECCIONADA,"Cam. de Basilón, 15, 47350 Quintanilla de Onésimo, Valladolid",Bodega familiar de quinta generación con 25 hectáreas de viñedo propio y elaboración en Quintanilla de Onésimo.,Consultar web o venta directa,+34983680015,info@bodegasribon.com,https://bodegasribon.es/,,https://www.instagram.com/bodegasribon/,https://www.google.com/maps/search/?api=1&query=VI%C3%91EDOS%20Y%20BODEGAS%20RIB%C3%93N%2C%20Cam.%20de%20Basil%C3%B3n%2C%2015%2C%2047350%20Quintanilla%20de%20On%C3%A9simo%2C%20Valladolid&query_place_id=ChIJwbJ_bU_iRg0Rg8n0-hTYGbM,41.62469919999999,-4.3628588,/productores/es/castilla-y-leon/valladolid/vinedos-y-bodegas-ribon-quintanilla-de-onesimo.webp,,no,,,12233,es,,,,,,es,castilla-y-leon,valladolid,,,,,,
bodegas-y-vinedos-pandora-rueda,BODEGAS Y VIÑEDOS PANDORA,Rueda,Vino,,"Av. Nava del Rey, KM 1, 47490 Rueda, Valladolid","Bodegas y Viñedos Pandora, en Rueda, cultiva viñedos en varias localidades de la provincia. El 90% es Verdejo y el 10% Sauvignon Blanc; la plantación está en espaldera y registra rendimientos no superiores a 6.000 kg por hectárea.",Consultar web o venta directa,+34669989038,hablamos@bodegaspandora.com,https://bodegaspandora.com/,,https://www.instagram.com/bodegaspandora/,https://www.google.com/maps/search/?api=1&query=BODEGAS%20Y%20VI%C3%91EDOS%20PANDORA%2C%20Av.%20Nava%20del%20Rey%2C%20KM%201%2C%2047490%20Rueda%2C%20Valladolid&query_place_id=ChIJVwEyl15bRw0R1K938o2ydtw,41.4091859,-4.9734859,/productores/es/castilla-y-leon/valladolid/bodegas-y-vinedos-pandora-rueda.webp,,sí,ecommerce,,2534,es,,,,,,es,castilla-y-leon,valladolid,,,,,,
palacio-de-bornos-rueda,PALACIO DE BORNOS,Rueda,Vino,PALACIO DE BORNOS VERDEJO PALACIO DE BORNOS SAUVIGNON BLANC PALACIO DE BORNOS FERMENTADO BARRICA PALACIO DE BORNOS LA CAPRICHOSA PALACIO DE BORNOS SEMIDULCE PALACIO DE BORNOS SEMISECO PALACIO DE BORNOS BRUT PALACIO DE BORNOS BRUT NATURE PAL,"Ctra. Madrid-la Coruña, 47490 Rueda, Valladolid","Palacio de Bornos, en Rueda, elabora vinos desde 1976 y fue pionera en la elaboración de espumosos en Castilla y León en 1978. Trabaja principalmente con Verdejo y utiliza el método tradicional para sus vinos espumosos.",Consultar web o venta directa,+34983868116,info@bornosbodegas.com,https://palaciodebornos.com/,,https://www.instagram.com/palaciodebornosbodega/,https://www.google.com/maps/search/?api=1&query=PALACIO%20DE%20BORNOS%2C%20Ctra.%20Madrid-la%20Coru%C3%B1a%2C%2047490%20Rueda%2C%20Valladolid&query_place_id=ChIJn7FnY-hbRw0RY94wYrE4U_M,41.4047871,-4.959503499999999,/productores/es/castilla-y-leon/valladolid/palacio-de-bornos-rueda.webp,,sí,ecommerce,,9414,es,,,,,,es,castilla-y-leon,valladolid,,,,,,
valdebodega-san-bernardo,VALDEBODEGA,San Bernardo,Vino,VALDEBODEGA MONTSE SOLA CONVERSO,"Carretera de San Bernardo, s/n, 47359 San Bernardo, Valladolid","Valdebodega, en San Bernardo, nació como proyecto familiar en 1999 y trasladó sus instalaciones a una parcela rodeada de viñedo en 2019. Elabora vinos a escala de bodega familiar.",Consultar web o venta directa,+34619829459,info@valdebodega.com,https://valdebodega.com/,,https://www.instagram.com/bodegasvaldebodega/,https://www.google.com/maps/search/?api=1&query=VALDEBODEGA%2C%20C.%20Valbuena%2C%2019%2C%2047359%20San%20Bernardo%2C%20Valladolid&query_place_id=ChIJHZS3FrDlRg0RtSk7usmcZhs,41.6365475,-4.2608275,/productores/es/castilla-y-leon/valladolid/valdebodega-san-bernardo.webp,,no,,,12049,es,,,,,,es,castilla-y-leon,valladolid,,,,,,
elias-mora-san-roman-de-hornija,Bodega Elías Mora,San Román de Hornija,Vino,VIÑAS ELIAS MORA- ELIAS MORA CRIANZA DESCARTE GRAN ELIAS MORA 2V PREMIUM ELIAS MORA RESERVA DULCE BENAVIDES,"C. Juan Mora, s/n, 47530 San Román de Hornija, Valladolid","Bodega dirigida por Victoria Benavides, elaboradora de vinos de la D.O. Toro a partir de viñedos de Tinta de Toro.",Consultar web o venta directa,+34983784029,info@bodegaseliasmora.com,https://www.bodegaseliasmora.com,,https://instagram.com/bodega_elias_mora/,https://www.google.com/maps/search/?api=1&query=EL%C3%8DAS%20MORA%2C%20Calle%20de%20Don%20Juan%20Mora%20Garz%C3%B3n%2C%200%2C%2047530%20San%20Rom%C3%A1n%20de%20Hornija%2C%20Valladolid&query_place_id=ChIJ98b1NyeWOA0R1-0dAtvt2pw,41.481478,-5.277957,/productores/es/castilla-y-leon/valladolid/elias-mora-san-roman-de-hornija.webp,,sí,ecommerce,,1420,es,,,,,,es,castilla-y-leon,valladolid,,,,,,
bodega-juan-ponce-de-leon-santervas-de-campos,Bodega Juan Ponce de León,Santervás de Campos,Vino,-LUNAS PONCE TINTO LUNAS PONCE ROSADO LUNAS PONCE BLANCO SALOME TINTO SALOME ROSADO SENDA PASCUALA TINTO SENDA PASCUALA ROSADO,"Km 6 Carretera VP 4013, 47609 Santervás de Campos, Valladolid",Proyecto vitivinícola de Santervás de Campos asociado a los vinos Lunas de Ponce; no se localizó una fuente propia accesible y actual.,Consultar web o venta directa,+34983785067,comercial@lunasdeponce.es,https://www.lunasdeponce.es,,,https://www.google.com/maps/search/?api=1&query=BODEGA%20JUAN%20PONCE%20DE%20LE%C3%93N%2C%20Km%206%20Carretera%20VP%204013%2C%2047609%20Santerv%C3%A1s%20de%20Campos%2C%20Valladolid&query_place_id=ChIJrUHyn54JOA0RZQeIukN1ZLw,42.2169133,-5.0976512,,pendiente,no comprobado,,,1486,es,,,,,,es,castilla-y-leon,valladolid,,,,,,
bodega-diez-siglos-de-verdejo-serrada,BODEGA DIEZ SIGLOS DE VERDEJO,Serrada,Vino,-DIEZ SIGLOS DIEZ SIGLOS FERMENTADO BARRICA DIEZ SIGLOS BLUSH NEKORA CANTO REAL CASTILLO DE LA MOTA CANTO 5,"Carretera de Valladolid, km 24,5, 47231 Serrada, Valladolid","Hace ya casi 7 años un grupo de viticultores, amantes del vino, se unieron para hacer realidad un sueño, crear una bodega con una misión muy clara, mantener vivo el legado generacional y con ello una variedad con diez siglos de trayectoria, la verdejo. Hoy somos capaces de elaborar 4.000.00 botellas con la más alta tecnología, sin dejar de lado la tradición.",Consultar web o venta directa,+34983559910,info@diezsiglos.es,https://www.diezsiglos.es/,,https://www.instagram.com/bodegadiezsiglos/,https://www.google.com/maps/search/?api=1&query=BODEGA%20DIEZ%20SIGLOS%20DE%20VERDEJO%2C%20CL-610%2C%2024%2C%205%2C%2047231%20Serrada%2C%20Valladolid&query_place_id=ChIJSd-UquJCRw0RcQOofIPtpNA,41.46675,-4.858778399999999,/productores/es/castilla-y-leon/valladolid/bodega-diez-siglos-de-verdejo-serrada.webp,,sí,ecommerce,,1390,es,,,,,,es,castilla-y-leon,valladolid,,,,,,
bodegas-de-alberto-serrada,BODEGAS DE ALBERTO,Serrada,Vino,- DE ALBERTO DORADO DE ALBERTO SAITINA DE ALBERTO 100% ECOLÓGICO- DE ALBERTO VERDEJO DE ALBERTO CCCL SELECCIÓN MONASTERIO PALAZUELOS VERDEJO- MONASTERIO PALAZUELOS VERDEJO VIURA- MONASTERIO PALAZUELOS TEMPRANILLO FINCA VALDEMOYA ROSADO- FIN,"Carretera de Valdestillas, 2, 47231 Serrada, Valladolid","Bodegas de Alberto, en Serrada, ocupa una antigua casa de labranza fundada por los dominicos en el siglo XVII. Sus galerías subterráneas superan 1 km y la empresa familiar se encuentra en su quinta generación.",Consultar web o venta directa,+34983559084,v.garcia@dealberto.com,https://www.dealberto.com/es/,,https://www.instagram.com/bodegasdealberto/,https://www.google.com/maps/search/?api=1&query=BODEGAS%20DE%20ALBERTO%2C%20Carretera%20Valdestillas%2C%202%2041.45758143881296%2C%20-4.860563638899419%2C%2047231%20Serrada%2C%20Valladolid&query_place_id=ChIJMxRc6wJDRw0RUWkAnr-DNb4,41.4575425,-4.8607222,/productores/es/castilla-y-leon/valladolid/bodegas-de-alberto-serrada.webp,,sí,ecommerce,,1941,es,,,,,,es,castilla-y-leon,valladolid,,,,,,
heredad-de-uruena-uruena,Heredad de Urueña,Urueña,Vino,- Santo syrah Santo merlot Santo tempranillo Forum etiqueta negra Forum Rosado Erminta de la Anunciada Exuberantya Cabernet Exuberantya,"Carretera de Toro a Medina de Rioseco, VA-505, 22, km. 21,300, 47862 Urueña, Valladolid",Finca y proyecto vitivinícola de la familia Rodríguez León en Urueña; la web propia no estaba accesible durante la revisión.,Consultar web o venta directa,+34983721010,bodega@heredaduruena.com,https://www.heredaduruena.com,,,https://www.google.com/maps/search/?api=1&query=Heredad%20de%20Urue%C3%B1a%2C%20Carretera%20de%20Toro%20a%20Medina%20de%20Rioseco%2C%20VA-505%2C%2022%2C%20km.%2021%2C300%2C%2047862%20Urue%C3%B1a%2C%20Valladolid&query_place_id=ChIJmd3opYKIOA0RfhFTS-YbH1U,41.7522236,-5.2273179,,pendiente,no comprobado,,,6771,es,,,,,,es,castilla-y-leon,valladolid,,,,,,
bodega-matarromera-valbuena-de-duero,BODEGA MATARROMERA,Valbuena de Duero,Vino,"Matarromera Crianza, Matarromera Reserva y Matarromera Prestigio","Ctra. Renedo - Pesquera, km 30, 47359 Valbuena de Duero, Valladolid","Bodega Matarromera, en Valbuena de Duero, elabora vinos de la Ribera del Duero desde 1988. La bodega combina naves semienterradas de piedra y ladrillo con tecnología enológica actual.",Consultar web o venta directa,+34983683315,tienda@matarromera.es,https://matarromera.es/,,,https://www.google.com/maps/search/?api=1&query=BODEGA%20MATARROMERA%2C%20Ctra.%20Renedo%20-%20Pesquera%2C%20km%2030%2C%2047359%20Valbuena%20de%20Duero%2C%20Valladolid&query_place_id=ChIJ2wNHDlbiRg0Rk0BknFRczho,41.6422102,-4.3188236,,,sí,ecommerce,,1553,es,,,,,,es,castilla-y-leon,valladolid,,,,,,
bodegas-lleiroso-valbuena-de-duero,BODEGAS LLEIROSO,Valbuena de Duero,Vino,- MILLAR ROBLE -LLEIROSO CRIANZA -LLEIROSO RESERVA,"Carretera Monasterio, s/n, 47359 Valbuena de Duero, Valladolid","Bodegas Lleiroso, en Valbuena de Duero, elabora y cría vinos de la Ribera del Duero desde 2001. Trabaja con uvas de viñedos propios y de viticultores colaboradores, con referencias como Millar Roble, Lleiroso Crianza y Lleiroso Reserva.",Consultar web o venta directa,+34948202200,info@bornosbodegas.com,https://bodegaslleiroso.com/,,https://www.instagram.com/bodegaslleiroso/,https://www.google.com/maps/search/?api=1&query=BODEGAS%20LLEIROSO%2C%20Carretera%20Monasterio%2C%20s%2Fn%2C%2047359%20Valbuena%20de%20Duero%2C%20Valladolid&query_place_id=ChIJR8tQRorkRg0RcCrSpfd_oB4,41.636142,-4.263898,/productores/es/castilla-y-leon/valladolid/bodegas-lleiroso-valbuena-de-duero.webp,,sí,ecommerce,,2136,es,,,,,,es,castilla-y-leon,valladolid,,,,,,
bodegas-vicente-sanz-valdestillas,Bodegas Vicente Sanz,Valdestillas,Vino,VICARAL ALBERTO SANZ MIRALALBA UHSIS CAÑADA REAL,"C. Flores, 5, 47240 Valdestillas, Valladolid","Bodega familiar fundada en 1991, con viñedos y elaboración de vinos de la D.O. Rueda en Valdestillas.",Consultar web o venta directa,+34983551197,bodega@bodegasvicentesanz.com,https://www.bodegasvicentesanz.com,,,https://www.google.com/maps/search/?api=1&query=BODEGAS%20VICENTE%20SANZ%2C%20C.%20Flores%2C%205%2C%2047240%20Valdestillas%2C%20Valladolid&query_place_id=ChIJ753pbrRBRw0R4hpZ1QvIG-g,41.4782992,-4.7726136,,,no comprobado,,,2460,es,,,,,,es,castilla-y-leon,valladolid,,,,,,
bodegas-rodriguez-y-sanzo-rueda,Bodegas Rodríguez y Sanzo,Rueda,Vino,- VIÑA SANZO VIÑAS VIEJAS,"Avenida de Tordesillas, 5, 47490 Rueda, Valladolid",Bodega de Javier Rodríguez con instalación productiva en Rueda y vinos elaborados en distintas denominaciones de origen españolas.,Consultar web o venta directa,+34983150150,bodegas@rodriguezysanzo.com,https://rodriguezysanzo.com/,,,https://www.google.com/maps/search/?api=1&query=Bodegas%20Rodr%C3%ADguez%20y%20Sanzo%2C%20Avenida%20de%20Tordesillas%2C%205%2C%2047490%20Rueda%2C%20Valladolid&query_place_id=ChIJEZbJBQBdRw0RX4QxLm_Mivo,41.4229463,-4.9649355,/productores/es/castilla-y-leon/valladolid/bodegas-rodriguez-y-sanzo-rueda.webp,,sí,ecommerce,,2343,es,,,,,,es,castilla-y-leon,valladolid,,,,,,
montevital-villanubla,MONTEVITAL,Villanubla,Vino,"Lomas Verdes Roble, Lomas Verdes Crianza","Polígono Industrial San Cosme, 47620 Villanubla, Valladolid","Empresa de Villanubla que fabrica los vinos Lomas Verdes y embotella agua mineral Montevital, con distribución nacional y catálogo propio sin compra pública abierta.",Consultar web o venta directa,+34609386247,montevitalsl@gmail.com,https://montevital.es/,,,,41.6957444,-4.8236188,/productores/es/castilla-y-leon/valladolid/montevital-villanubla.webp,pendiente,no comprobado,,,8949,es,,,,,,es,castilla-y-leon,valladolid,,,,,,
embutidos-maruja-cigales,Morcillas Maruja,Cigales,Carne,- MORCILLAS,"C. Lagunajo, 2, 47270 Cigales, Valladolid",Obrador de Cigales especializado en morcillas tradicionales y otros elaborados cárnicos.,Consultar web o venta directa,+34983570055,info@morcillasmaruja.com,https://morcillasmaruja.com/es/,,https://www.instagram.com/morcillasmaruja/,https://www.google.com/maps/search/?api=1&query=EMBUTIDOS%20MARUJA%2C%20C.%20Lagunajo%2C%202%2C%2047270%20Cigales%2C%20Valladolid&query_place_id=ChIJBdQuk24LRw0RfzhOy7ZFokU,41.757914,-4.7003235,/productores/es/castilla-y-leon/valladolid/embutidos-maruja-cigales.webp,,sí,ecommerce,,8974,es,,,,,,es,castilla-y-leon,valladolid,,,,,,
grupo-hermi-cisterniga,Grupo Hermi,Cistérniga,Carne,Canal de conejo Despiece de conejo,"Pol. Ind. de la Mora, Av. de Los Álamos, 50-51, 47193 Cistérniga, Valladolid","Grupo cunícola con centro productivo en La Cistérniga que integra cría, procesado y distribución de carne de conejo.",Consultar web o venta directa,+34983403028,info@grupohermi.com,https://www.grupohermi.com,,https://www.instagram.com/grupo_hermi/,https://www.google.com/maps/search/?api=1&query=GRUPO%20HERMI%2C%20Pol.%20Ind.%20de%20la%20Mora%2C%20Av.%20de%20Los%20%C3%81lamos%2C%2050-51%2C%2047193%20Cist%C3%A9rniga%2C%20Valladolid&query_place_id=ChIJbZ-CUAATRw0Rm0WCNoUdplA,41.5976304,-4.6720598,,,no,,,6647,es,,,,,,es,castilla-y-leon,valladolid,,,,,,
embutidos-antolin-e-hijos-montemayor-de-pililla,Fábrica de Embutidos Antolín e Hijos,Montemayor de Pililla,Carne,- CHORIZO EXTRA CORTEZA FRITA SALCHICHÓN EXTRA,"C. Real de Cuéllar, 11, 47320 Montemayor de Pililla, Valladolid",Fábrica local de embutidos y productos cárnicos incluida en la marca Alimentos de Valladolid.,Consultar web o venta directa,+34983694318,sanestjo@gmail.com,,,,https://www.google.com/maps/search/?api=1&query=EMBUTIDOS%20ANTOL%C3%8DN%20E%20HIJOS%2C%20C.%20Real%20de%20Cu%C3%A9llar%2C%209%2C%2047320%20Montemayor%20de%20Pililla%2C%20Valladolid&query_place_id=ChIJXwdmut0hRw0Rvk1SAl_uvzc,41.50842309999999,-4.4575656,,pendiente,no,,,5736,es,,,,,,es,castilla-y-leon,valladolid,,,,,,
carniceria-conce-traspinedo,Carnicería Conce,Traspinedo,Carne,- PINCHOS DE LECHAZO CHORIZO FRESCO CHORIZO CULAR CHORIZO SECO PICANTE CHORIZO SECO DULCE MORCILLA LONGANIZA BLANCA LONGANIZA ROJA HAMBURGUESAS SALCHICHAS PREPARADOS DE POLLO,"Pl. la Placilla, 4, 47330 Traspinedo, Valladolid","Carnicería de Traspinedo con obrador propio para embutidos, preparados cárnicos y pinchos de lechazo.",Consultar web o venta directa,+34983682613,carniceriaconce@hotmail.com,https://www.carniceriaconcetraspinedo.es,,,https://www.google.com/maps/search/?api=1&query=CARNICER%C3%8DA%20CONCE%2C%20Pl.%20la%20Placilla%2C%204%2C%2047330%20Traspinedo%2C%20Valladolid&query_place_id=ChIJ1Wj5bLYeRw0RO79hgm2UkAo,41.57586450000001,-4.4740015,/productores/es/castilla-y-leon/valladolid/carniceria-conce-traspinedo.webp,,no,,,3209,es,,,,,,es,castilla-y-leon,valladolid,,,,,,
carniceria-eva-traspinedo,Carnicería Eva,Traspinedo,Carne,- LECHAZO CHORIZO,"C. Mayor, 6, 47330 Traspinedo, Valladolid","Carnicería familiar fundada en 1968 que elabora embutidos, preparados caseros y pinchos de lechazo en Traspinedo.",Consultar web o venta directa,+34983682448,jesimary@gmail.com,,,,https://www.google.com/maps/search/?api=1&query=CARNICER%C3%8DA%20EVA%2C%20C.%20Mayor%2C%2010%2C%2047330%20Traspinedo%2C%20Valladolid&query_place_id=ChIJawdvcrYeRw0R0N_pkUMRk7A,41.5755372,-4.4748139,,pendiente,no,,,3223,es,,,,,,es,castilla-y-leon,valladolid,,,,,,
carne-t-marcos,Carne T. Marcos,Valladolid,Carne,- LECHAZO TERNERA PLATOS ELABORADOS,"P.º de Zorrilla, 94, 47006 Valladolid","Empresa cárnica familiar que selecciona y ceba ganado, despieza y elabora productos y platos preparados en Valladolid.",Consultar web o venta directa,+34983471121,carne@carniceriastmarcos.es,https://www.carniceriastmarcos.es,,,https://www.google.com/maps/search/?api=1&query=CARNE%20T.%20MARCOS%2C%20P.%C2%BA%20de%20Zorrilla%2C%2094%2C%2047006%20Valladolid&query_place_id=ChIJ1zpX3jltRw0Re1QFHSt392o,41.6398372,-4.738772099999999,/productores/es/castilla-y-leon/valladolid/carne-t-marcos.webp,,sí,ecommerce|telefono,,3131,es,,,,,,es,castilla-y-leon,valladolid,,,,,,
carnes-y-embutidos-el-arco-villabragima,Carnes y Embutidos El Arco,Villabrágima,Carne,- CHORIZO SALCHICHÓN LOMO CABECERO JAMÓN TORREZNOS,"C. Parra, 1, 47820 Villabrágima, Valladolid",Empresa familiar de tercera generación que elabora artesanalmente embutidos en Villabrágima con carne criada en la localidad.,Consultar web o venta directa,+34983714246,embutidoselarco@embutidoselarco.es,https://embutidoselarco.es/,,,https://www.google.com/maps/search/?api=1&query=CARNES%20Y%20EMBUTIDOS%20EL%20ARCO%2C%20C.%20Parra%2C%201%2C%2047820%20Villabr%C3%A1gima%2C%20Valladolid&query_place_id=ChIJmXnTdDl-OA0RH44ev-CTi-I,41.8221688,-5.1147503,/productores/es/castilla-y-leon/valladolid/carnes-y-embutidos-el-arco-villabragima.webp,,no,,,3142,es,,,,,,es,castilla-y-leon,valladolid,,,,,,
carniceria-juan-carlos-villabragima,Grupo Puerta Grande · Carnicería Juan Carlos,Villabrágima,Carne,-SALCHICHÓN -LOMO CURADO -CABECERO CURADO JAMÓN -CHORIZO ALEGRE -CHORIZO OCAL CHORIZO PICANTE -MORCILLA SALCHICHA BLANCA SALCHICHA ROJA CHORIZO FRESCO -HAMBURGUESAS -JIJAS -LOMO ADOBADO,"C. Mariano Mateo, 72, 47820 Villabrágima, Valladolid","Ganadería y empresa cárnica familiar con tienda y elaboración en Villabrágima, integrada bajo la identidad Grupo Puerta Grande.",Consultar web o venta directa,+34983714378,info@grupopuertagrande.com,https://grupopuertagrande.com/,,,https://www.google.com/maps/search/?api=1&query=CARNICER%C3%8DA%20JUAN%20CARLOS%2C%20C.%20Mariano%20Mateo%2C%2072%2C%2047820%20Villabr%C3%A1gima%2C%20Valladolid&query_place_id=ChIJvZj_hHN_OA0RISB-fHOGVSQ,41.8205997,-5.1186244,/productores/es/castilla-y-leon/valladolid/carniceria-juan-carlos-villabragima.webp,,sí,ecommerce,,6651,es,,,,,,es,castilla-y-leon,valladolid,,,,,,
carnicas-arego-villalon-de-campos,Cárnicas Arego,Villalón de Campos,Carne,Hamburguesas Chorizo fresco Chorizo curado Pinchos morunos Salchichón Jijas,"C. Constitución, 5, 47600 Villalón de Campos, Valladolid",Carnicería y obrador de productos cárnicos artesanos en Villalón de Campos.,Consultar web o venta directa,+34983761076,carnicas_arego@hotmail.com,https://carnicasarego.es/,,,https://www.google.com/maps/search/?api=1&query=C%C3%81RNICAS%20AREGO%2C%20C.%20Constituci%C3%B3n%2C%205%2C%2047600%20Villal%C3%B3n%20de%20Campos%2C%20Valladolid&query_place_id=ChIJFywrLuyKRw0RqIuayJaZiWw,42.0993815,-5.0345172,/productores/es/castilla-y-leon/valladolid/carnicas-arego-villalon-de-campos.webp,,sí,ecommerce,,3150,es,,,,,,es,castilla-y-leon,valladolid,,,,,,
cerveza-milana-montemayor-de-pililla,Cerveza Milana,Montemayor de Pililla,Cerveza,- MILANA BONITA MILANA TOSTADA MILANA TRIGO MILANA PUCELA MILANA BLACK FEED MILANA SHIPA MILANA GLÜCK MILANA GEORGE THE RED MILANA MILK IN BLACK MILANA HOP TIME MILANA BATCK 200,"C. Santibáñez, 9, 47320 Montemayor de Pililla, Valladolid",Cervecera artesana independiente con fábrica en Montemayor de Pililla y elaboración de estilos propios y colaboraciones.,Consultar web o venta directa,+34983694081,hola@cervezamilana.com,https://www.cervezamilana.com,,,https://www.google.com/maps/search/?api=1&query=CERVEZA%20MILANA%2C%20C.%20Santib%C3%A1%C3%B1ez%2C%209%2C%2047320%20Montemayor%20de%20Pililla%2C%20Valladolid&query_place_id=ChIJsWM3xOAhRw0R50nqS-fAPa8,41.5101798,-4.4607868,/productores/es/castilla-y-leon/valladolid/cerveza-milana-montemayor-de-pililla.webp,,sí,ecommerce,,3898,es,,,,,,es,castilla-y-leon,valladolid,,,,,,
cerveceria-las-llaves-de-san-pedro-san-pedro-de-latarce,Las Llaves de San Pedro,San Pedro de Latarce,Cerveza,"ENGLISH IPA, BROWN ALE, NEGRA Y MÄRZENBIER","Calle del Arenal s/n, 47851 San Pedro de Latarce, Valladolid",Cervecera artesanal de San Pedro de Latarce incluida en el censo provincial; su web propia no estaba accesible durante la revisión.,Consultar web o venta directa,+34691507735,cerveza@lasllavesdesanpedro.es,https://www.lasllavesdesanpedro.es,,https://www.instagram.com/lasllavesdesanpedro/,https://www.google.com/maps/search/?api=1&query=CERVECER%C3%8DA%20LAS%20LLAVES%20DE%20SAN%20PEDRO%2C%20Calle%20del%20Arenal%20s%2Fn%2C%2047851%20San%20Pedro%20de%20Latarce%2C%20Valladolid&query_place_id=ChIJWaBz9-qLOA0Ruc6yY-bOxa0,41.73399910000001,-5.3317967,,pendiente,no comprobado,,,8040,es,,,,,,es,castilla-y-leon,valladolid,,,,,,
el-secreto-del-abad,El Secreto del Abad,Valladolid,Cerveza,CERVEZA ARTESANA EL SECRETO DEL ABAD ABADÍA SAISON PILSEN GRAND CRU IPA,"C. Júpiter, 15, Bajo, 47009 Valladolid",Fábrica y brewpub de Valladolid que elabora cerveza artesana sin filtrar ni pasteurizar y con refermentación en botella.,Consultar web o venta directa,+34983154563,hola@elsecretodelabad.es,https://elsecretodelabad.es/,,https://www.instagram.com/cerveza_elsecretodelabad/,https://www.google.com/maps/search/?api=1&query=EL%20SECRETO%20DEL%20ABAD%2C%20C.%20J%C3%BApiter%2C%2015%2C%20Bajo%2C%2047009%20Valladolid&query_place_id=ChIJHQ9TZiE9Rw0Rq6thbvne-8s,41.6639133,-4.7361434,/productores/es/castilla-y-leon/valladolid/el-secreto-del-abad.webp,,sí,ecommerce|whatsapp,,5279,es,,,,,,es,castilla-y-leon,valladolid,,,,,,
el-pescador-de-villagarcia-arroyo-de-la-encomienda,El Pescador de Villagarcía,Arroyo de la Encomienda,Pescado,Lomos y ventresca de sardina ahumada; sardina en escabeche y vinagre,"C. Francisco Umbral, 17, 47197 La Flecha, Arroyo de la Encomienda, Valladolid",Empresa familiar que elabora artesanalmente semiconservas de sardina en su obrador de La Flecha.,Consultar web o venta directa,+34983660460,info@elpescadordevillagarcia.com,https://elpescadordevillagarcia.com/,,https://www.instagram.com/elpescadordevillagarcia/,https://www.google.com/maps/search/?api=1&query=EL%20PESCADOR%20DE%20VILLAGARC%C3%8DA%2C%20C.%20de%20Francisco%20Umbral%2C%2017%2C%2047197%20Valladolid&query_place_id=ChIJ8wHL6QkTRw0RDBKNvMg4Wms,41.6269253,-4.7656915,/productores/es/castilla-y-leon/valladolid/el-pescador-de-villagarcia-arroyo-de-la-encomienda.webp,,no,,,5249,es,,,,,,es,castilla-y-leon,valladolid,,,,,,
todo-catering-valladolid,Todo Catering Valladolid,Valladolid,Despensa artesanal,Torrijas de yema tostada; leche frita; platos preparados,"C. de Juan de Valladolid, 8, 47014 Valladolid","Empresa familiar que cocina platos preparados y elabora torrijas y leche frita en Valladolid, además de prestar servicios de catering.",Consultar web o venta directa,+34983378971,info@todocateringvalladolid.es,https://todocateringvalladolid.es/,,https://www.instagram.com/todocatering_valladolid/,https://www.google.com/maps/search/?api=1&query=TODO%20CATERING%2C%20C.%20de%20Juan%20de%20Valladolid%2C%208%2C%2047014%20Valladolid&query_place_id=ChIJ_x2swRNtRw0RtCWT7weBnrA,41.6389757,-4.7548519,/productores/es/castilla-y-leon/valladolid/todo-catering-valladolid.webp,,sí,telefono,,11848,es,,,,,,es,castilla-y-leon,valladolid,,,,,,
concejo-del-monte-alimentos-ecologicos-alaejos,CONCEJO DEL MONTE ALIMENTOS ECOLÓGICOS,Alaejos,Fruta y verdura,"Huevos de gallina, espárragos verdes y espárragos blancos","Carretera Alaejos-Vadillo, km 2, 47510 Alaejos, Valladolid","Granja y huerta ecológica familiar de Alaejos con gallinas camperas y cultivo de espárragos blancos y verdes, orientada al abastecimiento de cercanía.",Consultar web o venta directa,+34663920757,concejodelmonte@gmail.com,https://www.crowdfarming.com/es/agricultores/21607-concejo-del-monte,,,https://www.google.com/maps/search/?api=1&query=CONCEJO%20DEL%20MONTE%20ALIMENTOS%20ECOL%C3%93GICOS%2C%20Carretera%20Alaejos-Vadillo%2C%20km%202%2C%2047510%20Alaejos%2C%20Valladolid&query_place_id=ChIJYYYRiuevOA0RPuglM-bdpVM,41.3033167,-5.2178809,,,sí,marketplace,,4143,es,,,,,,es,castilla-y-leon,valladolid,,,,,,
horcaol-olmedo,HORCAOL,Olmedo,Fruta y verdura,Zanahorias,"Pol. Ind. Jose Antonio Gozalez Caviedes, Parcela 106, 47410 Olmedo, Valladolid","Horcaol, en Olmedo, es una cooperativa hortícola creada en 2001. Acondiciona y comercializa hortalizas, entre ellas zanahorias, de sus agricultores.",Consultar web o venta directa,+34983600319,info@horcaol.es,https://www.horcaol.es,,,https://www.google.com/maps/search/?api=1&query=HORCAOL%2C%20Pol.%20Ind.%20Jose%20Antonio%20Gozalez%20Caviedes%2C%20Parcela%20106%2C%2047410%20Olmedo%2C%20Valladolid&query_place_id=ChIJAUkGn4w2Rw0R9Hqi7JatQys,41.3165239,-4.6882379,/productores/es/castilla-y-leon/valladolid/horcaol-olmedo.webp,,no,,,6850,es,,,,,,es,castilla-y-leon,valladolid,,,,,,
ajos-pitirri-portillo,AJOS PITIRRI,Portillo,Fruta y verdura,- AJOS,"C. Colegio, 38, 47160 Portillo, Valladolid","Ajos Pitirri, en Portillo, pela y acondiciona ajos a mano. El proceso incluye la recolección con rama, el secado natural y el corte de la cabeza, la porreta y la barba.",Consultar web o venta directa,+34629933955,calidad@ajospitirri.es,https://ajospitirri.es/,,https://www.instagram.com/ajospitirri/,https://www.google.com/maps/search/?api=1&query=AJOS%20PITIRRI%2C%20C.%20Colegio%2C%2038%2C%2047160%20Portillo%2C%20Valladolid&query_place_id=ChIJrbSTsho9Rw0RPY0JaEBeniI,41.4791647,-4.593279100000001,/productores/es/castilla-y-leon/valladolid/ajos-pitirri-portillo.webp,,sí,email|telefono,,545,es,,,,,,es,castilla-y-leon,valladolid,,,,,,
esparragos-belloso-tudela-de-duero,ESPARRAGOS BELLOSO,Tudela de Duero,Fruta y verdura,"Espárrago blanco fresco, espárrago verde, espárrago en conserva","Cam. Renedo, 15, 47320 Tudela de Duero, Valladolid","Empresa familiar de Tudela de Duero con más de cuarenta años de cultivo y selección manual de espárragos, que comercializa producto fresco y en conserva.",Consultar web o venta directa,+34983521499,esparragosbelloso@hotmail.com,https://www.esparragosbelloso.com,,https://instagram.com/esparragosbelloso/,https://www.google.com/maps/search/?api=1&query=ESPARRAGOS%20BELLOSO%2C%20Cam.%20Renedo%2C%2015%2C%2047320%20Tudela%20de%20Duero%2C%20Valladolid&query_place_id=ChIJj-7Zm7UQRw0RiL0QpetaA_s,41.59173699999999,-4.584364,/productores/es/castilla-y-leon/valladolid/esparragos-belloso-tudela-de-duero.webp,,sí,ecommerce,,5632,es,,,,,,es,castilla-y-leon,valladolid,,,,,,
esparragos-velon-tudela-de-duero,ESPÁRRAGOS VELÓN,Tudela de Duero,Fruta y verdura,"Espárrago blanco fresco, espárrago verde, espárrago en conserva","C. Calvario, 6, 47320 Tudela de Duero, Valladolid","Empresa familiar de Tudela de Duero que cultiva, selecciona y envasa espárragos blancos, morados y verdes amparados por la marca de garantía local.",,+34636293934,,,,,https://www.google.com/maps/search/?api=1&query=ESP%C3%81RRAGOS%20VEL%C3%93N%2C%20C.%20Calvario%2C%206%2C%2047320%20Tudela%20de%20Duero%2C%20Valladolid&query_place_id=ChIJU1XJhzUXRw0Rg13XYliKOYk,41.586796,-4.5832199,,pendiente,no comprobado,,,5635,es,,,,,,es,castilla-y-leon,valladolid,,,,,,
huerta-luis-san-jose-tudela-de-duero,Huerta Luis San José,Tudela de Duero,Fruta y verdura,"Espárragos blancos frescos ""Huerta Luis San Jose"" Espárragos blancos conserva ""Huerta Luis San Jose"" Cardo rojo ""Verartes"" Cardo rojo conserva ""Verartes""","Av. de Valladolid, 158, 47320 Tudela de Duero, Valladolid","Huerta Luis San José, en Tudela de Duero, cultiva frutas y hortalizas para venta directa y distribución a tiendas ecológicas. Su catálogo incluye espárragos blancos y cardo rojo frescos y en conserva.",Consultar web o venta directa,+34616889239,sendaduero@gmail.com,https://huertaluissanjose.es/,,https://www.instagram.com/verartes_esp/,https://www.google.com/maps/search/?api=1&query=Huerta%20Luis%20San%20Jos%C3%A9%2C%20Av.%20de%20Valladolid%2C%20158%2C%2047320%20Tudela%20de%20Duero%2C%20Valladolid&query_place_id=ChIJ1Xxllk8XRw0RjPxxMW2IzE4,41.5905079,-4.6009432,/productores/es/castilla-y-leon/valladolid/huerta-luis-san-jose-tudela-de-duero.webp,,sí,ecommerce|email|telefono,,6999,es,,,,,,es,castilla-y-leon,valladolid,,,,,,
inea-finca-ecologica,INEA Finca Ecológica,Valladolid,Fruta y verdura,HUEVOS ACEROLO AJO ARANDANO BERENJENA BRÓCOLI CALABACÍN CALABAZA CEBOLLA CEREZA CIRUELA COLIFLOR FRAMBUESA FRESA GRANADA GROSELLA MANZANA MELÓN MEMBRILLO NUEZ PATATAS PEPINO PERA PIMIENTO REPOLLO SANDIA TOMATE UVA,"Cam. Viejo de Simancas, Km 4, 5, 47008 Valladolid","INEA Finca Ecológica, en Valladolid, cultiva frutas y hortalizas en un invernadero y una hectárea al aire libre. Produce, entre otros, fresas, cerezas, manzanas, peras, tomates, pimientos, ajos, cebollas y coles.",Consultar web o venta directa,+34670906045,inea@inea.uva.es,https://inea.org/,,,https://www.google.com/maps/search/?api=1&query=INEA%20Finca%20Ecol%C3%B3gica%2C%20Cam.%20Viejo%20de%20Simancas%2C%20Km%204%2C%205%2C%2047008%20Valladolid&query_place_id=ChIJFfk84CNtRw0Rt2hGBN1b_pc,41.603679,-4.792665,/productores/es/castilla-y-leon/valladolid/inea-finca-ecologica.webp,,no,,,7133,es,,,,,,es,castilla-y-leon,valladolid,,,,,,
biopinon-pedrajas-de-san-esteban,Biopiñón,Pedrajas de San Esteban,Frutos secos,Piñón ibérico y ecológico; nueces; pistachos; frutos secos elaborados,"Pol. Ind. Salvegueros, C. T, 4-6, 47430 Pedrajas de San Esteban, Valladolid","Empresa familiar con fábrica de piñones, nueces y pistachos en Pedrajas de San Esteban y procesado certificado de frutos secos.",Consultar web o venta directa,+34983605825,biopinon@biopinon.com,https://biopinon.com/,,https://www.instagram.com/biopinon/,https://www.google.com/maps/search/?api=1&query=BIOPI%C3%91%C3%93N%2C%20C.%20T%2C%204%2C%2047430%20Pedrajas%20de%20San%20Esteban%2C%20Valladolid&query_place_id=ChIJL7vTEgQwRw0RRjaNEJ2jHDM,41.3451458,-4.568128499999999,,,no,,,1230,es,,,,,,es,castilla-y-leon,valladolid,,,,,,
pinones-luis-y-joaquin-lozano-pedrajas-de-san-esteban,Piñones Lozanos,Pedrajas de San Esteban,Frutos secos,"Piñón ibérico natural, ecológico y en distintos formatos","Av. de España, 1, 47430 Pedrajas de San Esteban, Valladolid",Empresa familiar fundada en 1952 que transforma y envasa piñón ibérico en su planta de Pedrajas de San Esteban.,Consultar web o venta directa,+34983625784,info@pinoneslozanos.com,https://pinoneslozanos.com/,,https://www.instagram.com/pinoneslozanos/,https://www.google.com/maps/search/?api=1&query=PI%C3%91ONES%20LUIS%20Y%20JOAQUIN%20LOZANO%2C%20Avenida%20de%20Espa%C3%B1a%2C%201%2C%2047430%20Pedrajas%20de%20San%20Esteban%2C%20Valladolid&query_place_id=ChIJTdI2Yw0wRw0Rd3tspdQoE9w,41.3433579,-4.5750252,/productores/es/castilla-y-leon/valladolid/pinones-luis-y-joaquin-lozano-pedrajas-de-san-esteban.webp,,sí,ecommerce,,10207,es,,,,,,es,castilla-y-leon,valladolid,,,,,,
teresa-mate-pinones-de-la-tierra-pedrajas-de-san-esteban,Teresa Mate,Pedrajas de San Esteban,Frutos secos,"Piñón ibérico; nueces, pecanas, pistachos, anacardos y macadamias elaborados","C. Norias, 7, 47430 Pedrajas de San Esteban, Valladolid","Marca de Piñones Import-Export 97, fabricante y envasador de piñón y frutos secos caramelizados o salados en Pedrajas.",Consultar web o venta directa,+34983625120,pinonesie@pinonesie.com,https://teresamate.es/,,,https://www.google.com/maps/search/?api=1&query=TERESA%20MATE%2C%20pi%C3%B1ones%20de%20la%20tierra.%2C%20C.%20Norias%2C%207%2C%2047430%20Pedrajas%20de%20San%20Esteban%2C%20Valladolid&query_place_id=ChIJb3sh-g0wRw0RdG0FRIXtMok,41.3406157,-4.5787118,,,sí,ecommerce,,11776,es,,,,,,es,castilla-y-leon,valladolid,,,,,,
wamba-nuts,Wamba Nuts,Valladolid,Frutos secos,"Almendra ecológica Diamar natural, repelada, tostada y en harina","C. Estadio, 7, 1°B, 47006 Valladolid","Explotación familiar de almendro ecológico con fincas en Wamba y Ciguñuela, comercializada bajo la marca Wamba Nuts.",Consultar web o venta directa,+34619769290,info@wambanuts.es,https://wambanuts.es/,,https://www.instagram.com/wamba.nuts/,https://www.google.com/maps/search/?api=1&query=WAMBA%20NUTS%2C%20C.%20Estadio%2C%207%2C%201%C2%B0B%2C%2047006%20Valladolid&query_place_id=ChIJTyLcLrVtRw0RUelhZ-wXSuo,41.63931520000001,-4.7396692,/productores/es/castilla-y-leon/valladolid/wamba-nuts.webp,,sí,ecommerce,,12325,es,,,,,,es,castilla-y-leon,valladolid,,,,,,
valnut-villagarcia-de-campos,Valnut,Villagarcía de Campos,Frutos secos,"Nueces cultivadas, procesadas y envasadas en Villagarcía de Campos","Ctra. de la Santa Espina, 1, 47840 Villagarcía de Campos, Valladolid",Explotación de Granja San Blas que cultiva nogales propios y procesa y envasa sus nueces en Villagarcía de Campos.,Consultar web o venta directa,+34625371778,info@valnut.com,https://valnut.es/,,,https://www.google.com/maps/search/?api=1&query=VALNUT%2C%20Cam.%20Carremata%2C%206%2C%2047840%20Villagarc%C3%ADa%20de%20Campos%2C%20Valladolid&query_place_id=ChIJH50JCQqHOA0RD3dVJWrPyEs,41.778918,-5.1846615,/productores/es/castilla-y-leon/valladolid/valnut-villagarcia-de-campos.webp,,no,,,12078,es,,,,,,es,castilla-y-leon,valladolid,,,,,,
harinera-emilio-esteban-renedo-de-esgueva,Emilio Esteban,Renedo de Esgueva,Pan y cereal,- HARINA DE TRIGO HARINA DE TRIGO INTEGRAL HARINA DE TRIGO ECOLÓGICA HARINA DE CENTENO HARINA DE CENTENO INTEGRAL HARINA DE ESPELTA HARINA DE ESPELTA INTEGRAL HARINA DE AVENA HARINA DE MIJO HARINA DE SORGO HARINA DE ARROZ COPOS DE AVENA COP,"VA-140, 7.5, 47170 Renedo de Esgueva, Valladolid",Harinera familiar con fábrica en Renedo de Esgueva que transforma cereales convencionales y ecológicos.,Consultar web o venta directa,+34983508019,harinas@emilioesteban.com,https://www.emilioesteban.com,,,https://www.google.com/maps/search/?api=1&query=HARINERA%20EMILIO%20ESTEBAN%2C%20VA-140%2C%207.5%2C%2047170%20Renedo%20de%20Esgueva%2C%20Valladolid&query_place_id=ChIJI4ygWNgRRw0RIOj3m78Umz0,41.6617989,-4.6316434,/productores/es/castilla-y-leon/valladolid/harinera-emilio-esteban-renedo-de-esgueva.webp,,no,,,5573,es,,,,,,es,castilla-y-leon,valladolid,,,,,,
la-fabulosa-huevos-de-oca-cisterniga,La Fabulosa · Huevos de Oca,Cistérniga,Huevos,HUEVOS DE OCA,"La Cistérniga, Valladolid",Proyecto de cría de ocas al aire libre y producción de huevos de oca documentado en La Cistérniga; no se localizó actividad propia reciente.,Consultar web o venta directa,+34646515611,lafabulosa.huevosdeoca@gmail.com,,,,,41.61215,-4.68516,/productores/es/castilla-y-leon/valladolid/la-fabulosa-huevos-de-oca-cisterniga.webp,pendiente,no comprobado,,,7664,es,,,,,,es,castilla-y-leon,valladolid,,,,,,
caballo-blanco-villalon-de-campos,Comercial Avícola Caballo Blanco,Villalón de Campos,Huevos,- HUEVOS FRESCOS ESTUCHADOS XL HUEVOS FRESCOS ESTUCHADOS L HUEVOS FRESCOS ESTUCHADOS M PECHUGA DE POLLO MUSLO DE POLLO ALAS DE POLLO JAMONCITO DE POLLO CUARTO TRASERO DE POLLO MUSLO DE POLLO RELLENO PINCHO DE POLLO MORUNO BROCHETA DE POLLO,"Ctra. Circunvalación, s/n, 47600 Villalón de Campos, Valladolid","Empresa avícola de Villalón de Campos que produce, envasa y distribuye huevos y prepara productos de pollo.",Consultar web o venta directa,+34983761029,comercial@caballoblancosl.com,https://www.caballoblancosl.com,,,https://www.google.com/maps/search/?api=1&query=CABALLO%20BLANCO%2C%20Ctra.%20Circunvalaci%C3%B3n%2C%2020%2C%2047600%20Villal%C3%B3n%20de%20Campos%2C%20Valladolid&query_place_id=ChIJG0InHu6KRw0RVZ5s9o_QNOw,42.0965606,-5.0325875,/productores/es/castilla-y-leon/valladolid/caballo-blanco-villalon-de-campos.webp,,no,,,4135,es,,,,,,es,castilla-y-leon,valladolid,,,,,,
queseria-zucca-portillo,Quesería Zucca,Portillo,Lácteos y quesos,- QUESO OVEJA CURADO QUESO OVEJA FRESCO REQUESÓN YOGUR,"Ctra. Carramonte, 17, local 1, 47160 Portillo, Valladolid","Quesería artesana de Salvatore Voccia que elabora mozzarella, burrata y otros quesos de pasta hilada con leche de una ganadería cercana.",Consultar web o venta directa,+34620053251,info@queseriazucca.com,https://www.queseriazucca.com,,https://www.instagram.com/queseriazucca/,https://www.google.com/maps/search/?api=1&query=QUESERIA%20ZUCCA%2C%20Carretera%20Carramonte%2017.%20Local%201.%20Centro%20Provincial%20de%20la%20Artesan%C3%ADa%2C%2047160%2C%20Valladolid&query_place_id=ChIJ97MTZiE9Rw0R6lZbXZOfbJQ,41.4752914,-4.5798065,,,no,,,10677,es,,,,,,es,castilla-y-leon,valladolid,,,,,,
sirga-medina-de-rioseco,Sirga · Crema de Queso,Medina de Rioseco,Lácteos y quesos,CREMA DE QUESO,"C. Corro de San Miguel, 2, 47800 Medina de Rioseco, Valladolid",Empresa familiar de Medina de Rioseco que elabora artesanalmente cremas de queso en distintas variedades.,Consultar web o venta directa,+34659136592,contacto@cremadequesosirga.com,https://cremadequesosirga.com/,,,https://www.google.com/maps/search/?api=1&query=SIRGA%2C%20C.%20Corro%20de%20San%20Miguel%2C%202%2C%2047800%20Medina%20de%20Rioseco%2C%20Valladolid&query_place_id=ChIJq6ouLLSARw0RpvIg6uwgWlE,41.88403090000001,-5.0419599,/productores/es/castilla-y-leon/valladolid/sirga-medina-de-rioseco.webp,,sí,email,,11593,es,,,,,,es,castilla-y-leon,valladolid,,,,,,
el-gran-cardenal-medina-del-campo,El Gran Cardenal,Medina del Campo,Lácteos y quesos,"Queso de oveja curado y semicurado, queso de cabra, especialidades con romero y trufa","Cañada Extremadura, 9, 47400 Medina del Campo, Valladolid","Empresa quesera familiar que elabora quesos maduros, frescos y especialidades en Medina del Campo desde 1975.",Consultar web o venta directa,+34983800026,info@elgrancardenal.com,https://www.elgrancardenal.com,,https://www.instagram.com/quesoselgrancardenal/,https://www.google.com/maps/search/?api=1&query=El%20Gran%20Cardenal%2C%20Ca%C3%B1ada%20Extremadura%2C%209%2C%2047400%20Medina%20del%20Campo%2C%20Valladolid&query_place_id=ChIJjZn5kE1QRw0RdhRY98rUJ0c,41.3003166,-4.9227935,,,no,,,5172,es,,,,,,es,castilla-y-leon,valladolid,,,,,,
queseria-gamazo-carbajosa-melgar-de-arriba,Quesos Hermanos Gamazo,Melgar de Arriba,Lácteos y quesos,- QUESO SEMICURADO DE OVEJA QUESO CURADO DE OVEJA FRESCO VILLALON DE OVEJA PASTEURIZADO QUESO DE PATA DE MULO YOGURT DE OVEJA,"C. San Miguel, 8, 47686 Melgar de Arriba, Valladolid",Quesería familiar de Melgar de Arriba que elabora quesos y yogur de oveja siguiendo métodos tradicionales.,Consultar web o venta directa,+34983785007,administracion@quesosgamazo.com,https://www.quesosgamazo.com,,https://www.instagram.com/quesosgamazo/,https://www.google.com/maps/search/?api=1&query=QUESER%C3%8DA%20GAMAZO%20CARBAJOSA%2C%20C.%20San%20Miguel%2C%208%2C%2047686%20Melgar%20de%20Arriba%2C%20Valladolid&query_place_id=ChIJ6XPsg2MIOA0RMZrYbkBTW7k,42.2686431,-5.095332099999999,/productores/es/castilla-y-leon/valladolid/queseria-gamazo-carbajosa-melgar-de-arriba.webp,,sí,ecommerce,,10847,es,,,,,,es,castilla-y-leon,valladolid,,,,,,
queseria-artesanal-de-muzientes-mucientes,Quesería Artesanal Muzientes,Mucientes,Lácteos y quesos,- QUESO DE OVEJA YOGUR DE OVEJA CUAJADA DE OVEJA,"Ctra. Villalba, km 1, 47194 Mucientes, Valladolid","Quesería familiar con ganadería propia que transforma su leche de oveja en queso, yogur y cuajada en Mucientes.",Consultar web o venta directa,+34615655523,info@queseriademucientes.com,https://www.queseriademucientes.com,,,https://www.google.com/maps/search/?api=1&query=QUESER%C3%8DA%20ARTESANAL%20DE%20MUZIENTES%2C%20Ctra.%20Villalba%2C%20km%201%2C%2047194%20Mucientes%2C%20Valladolid&query_place_id=ChIJpSIweIB0Rw0RVQEXtVimV4w,41.7431511,-4.7687222,/productores/es/castilla-y-leon/valladolid/queseria-artesanal-de-muzientes-mucientes.webp,,no,,,10445,es,,,,,,es,castilla-y-leon,valladolid,,,,,,
queseria-artesanal-la-cruz-del-pobre-pedrajas-de-san-esteban,Quesería Artesanal La Cruz del Pobre,Pedrajas de San Esteban,Lácteos y quesos,- QUESO DE OVEJA YOGURT CUAJADA REQUESÓN,"C. Palomar, 5, 47430 Pedrajas de San Esteban, Valladolid","Quesería con finca y ganadería propias que elabora queso, yogur y otros derivados lácteos en Pedrajas de San Esteban.",Consultar web o venta directa,+34983605501,info@lacruzdelpobre.es,https://www.lacruzdelpobre.es,,,https://www.google.com/maps/search/?api=1&query=QUESER%C3%8DA%20ARTESANAL%20LA%20CRUZ%20DEL%20POBRE%2C%20C.%20Palomar%2C%205%2C%2047430%20Pedrajas%20de%20San%20Esteban%2C%20Valladolid&query_place_id=ChIJm2wehnMwRw0RPg5Am5_LdQQ,41.34506,-4.586279999999999,/productores/es/castilla-y-leon/valladolid/queseria-artesanal-la-cruz-del-pobre-pedrajas-de-san-esteban.webp,,no,,,10440,es,,,,,,es,castilla-y-leon,valladolid,,,,,,
canarejal-pollos,Cañarejal,Pollos,Lácteos y quesos,- Queso curado Cañarejal Cremoso Cañarejal Mantecoso Cañarejal Cañarejal Aromas Queso curado en AOVE,"Calle Cárcava, BAJO, 47116 Pollos, Valladolid",Quesería familiar con rebaño propio que elabora quesos artesanos de leche de oveja en Pollos.,Consultar web o venta directa,+34983793058,pedidos@canarejal.es,https://canarejal.es/,,https://www.instagram.com/quesos_canarejal/,https://www.google.com/maps/search/?api=1&query=Ca%C3%B1arejal%2C%20Calle%20C%C3%A1rcava%2C%20BAJO%2C%2047116%20Pollos%2C%20Valladolid&query_place_id=ChIJZTzqqHahOA0Rlod431my9Jo,41.4418423,-5.1278859,/productores/es/castilla-y-leon/valladolid/canarejal-pollos.webp,,sí,ecommerce,,3040,es,,,,,,es,castilla-y-leon,valladolid,,,,,,
granja-cantagrullas-ramiro,Granja Cantagrullas,Ramiro,Lácteos y quesos,- QUESO TIERNO TORREJÓN QUESO TIERNO MADURADO QUESO TIERNO BRAOJOS QUESO CHEDDAR 40 QUESO LANÁCTICA MANTEQUILLA YOGURT,"Camino del Calvario, S/N, 47453 Ramiro, Valladolid","Obrador quesero de Ramiro especializado en quesos de oveja y cabra, afinados, fermentados y mantequillas.",Consultar web o venta directa,+34696168677,info@granjacantagrullas.com,https://www.granjacantagrullas.com,,https://www.instagram.com/cantagrullas/,https://www.google.com/maps/search/?api=1&query=GRANJA%20CANTAGRULLAS%2C%20Camino%20del%20Calvario%2C%20S%2FN%2C%2047453%20Ramiro%2C%20Valladolid&query_place_id=ChIJ0UajyL9LRw0RUJ5sRAl457o,41.239574,-4.788936,/productores/es/castilla-y-leon/valladolid/granja-cantagrullas-ramiro.webp,,no,,,6535,es,,,,,,es,castilla-y-leon,valladolid,,,,,,
queseria-campoveja-serrada,Quesos Campoveja,Serrada,Lácteos y quesos,- QUESO SEMICURADO QUESO VIEJO QUESO AÑEJO QUESO AHUMADO QUESO CCL,"C. Porro, 62, 47231 Serrada, Valladolid",Quesería familiar de Serrada que elabora y madura artesanalmente quesos de leche cruda de oveja.,Consultar web o venta directa,+34983559405,comercial@quesoscampoveja.com,https://www.quesoscampoveja.com,,,https://www.google.com/maps/search/?api=1&query=QUESER%C3%8DA%20CAMPOVEJA%2C%20C.%20Porro%2C%2062%2C%2047231%20Serrada%2C%20Valladolid&query_place_id=ChIJsdjqcQNDRw0RX25d7-IuaZE,41.4546265,-4.860583699999999,/productores/es/castilla-y-leon/valladolid/queseria-campoveja-serrada.webp,,sí,ecommerce,,10756,es,,,,,,es,castilla-y-leon,valladolid,,,,,,
queseria-hernandez-garcia-villalba-de-los-alcores,Quesos Hernández García,Villalba de los Alcores,Lácteos y quesos,- QUESO DE OVEJA SEMICURADO QUESO DE OVEJACURADO QUESO DE OVEJA AÑEJO,"Ctra. Valladolid, 1, 47639 Villalba de los Alcores, Valladolid",Quesería familiar que elabora diariamente queso artesanal con leche cruda de oveja de Montes Torozos.,Consultar web o venta directa,+34983721688,info@quesoshernandezgarcia.com,https://www.quesoshernandezgarcia.com,,,https://www.google.com/maps/search/?api=1&query=QUESER%C3%8DA%20HERN%C3%81NDEZ%20GARC%C3%8DA%2C%20Ctra.%20Valladolid%2C%205%2C%2047639%20Villalba%20de%20los%20Alcores%2C%20Valladolid&query_place_id=ChIJkRX3o_ycRw0R7T9fIlOSKIU,41.8624181,-4.8635388,/productores/es/castilla-y-leon/valladolid/queseria-hernandez-garcia-villalba-de-los-alcores.webp,,no,,,10848,es,,,,,,es,castilla-y-leon,valladolid,,,,,,
queseria-las-cortas-villalba-de-los-alcores,Quesería Las Cortas,Villalba de los Alcores,Lácteos y quesos,"- Queso de leche de oveja cruda corteza semilavada ""TOROZO"" Queso de leche de oveja cruda corteza enmohecida ""QUEJIGO"" Queso de leche de oveja cruda ""AZÚL"" Queso de leche de oveja termizada de pasta blanda ""MAJUELO"" Yogurt natural Kefir Lec","Finca Las Cortas de Blas, 47639 Villalba de los Alcores, Valladolid","Quesería y explotación familiar que elabora quesos, yogur y kéfir de oveja en Villalba de los Alcores.",Consultar web o venta directa,+34983090902,info@queserialascortas.com,https://www.queserialascortas.com,,https://www.instagram.com/queserialascortas/,https://www.google.com/maps/search/?api=1&query=Queser%C3%ADa%20Las%20Cortas%2C%2047639%20Villalba%20de%20los%20Alcores%2C%20Valladolid&query_place_id=ChIJLZ1rOD52Rw0R-3ZNvsp_a4I,41.8015856,-4.8325568,/productores/es/castilla-y-leon/valladolid/queseria-las-cortas-villalba-de-los-alcores.webp,,sí,ecommerce,,10583,es,,,,,,es,castilla-y-leon,valladolid,,,,,,
fabrica-de-quesos-de-villalon-de-campos-villalon-de-campos,Fábrica de Quesos de Villalón de Campos,Villalón de Campos,Lácteos y quesos,"Trova de Villalón, V de Campos, Flor de Campos y V de Villalón","C/Teso de San Martin s/n, 47600 Villalón de Campos, Valladolid","Fábrica quesera de Villalón de Campos que elabora quesos de oveja, cabra y mezcla y especialidades Pata Mulo.",Consultar web o venta directa,+34983741095,lacteosvillalon@gmail.com,https://quesosvillalondecampos.com/,,,https://www.google.com/maps/search/?api=1&query=F%C3%81BRICA%20DE%20QUESOS%20DE%20VILLAL%C3%93N%20DE%20CAMPOS%2C%20C%2FTeso%20de%20San%20Martin%20s%2Fn%2C%2047600%20Villal%C3%B3n%20de%20Campos%2C%20Valladolid&query_place_id=ChIJn9AJLSKLRw0RGW6fUsjvWzI,42.0947131,-5.0263116,,,sí,ecommerce,,5747,es,,,,,,es,castilla-y-leon,valladolid,,,,,,
queseria-montequesos-villanubla,Quesería Montequesos,Villanubla,Lácteos y quesos,- QUESO DE OVEJA SEMICURADO -QUESO DE OVEJA CURADO QUESO DE OVEJA VIEJA QUESO DE OVEJA PATA DE MULO QUESO DE OVEJA TORTA QUESO DE OVEJA EN ACEITE DE OLIVA,"C. Panaderos, 15, 47620 Villanubla, Valladolid",Quesería familiar de quinta generación que elabora artesanalmente quesos de leche cruda de oveja en Villanubla.,Consultar web o venta directa,+34983561033,info@queseriamontequesos.com,https://www.queseriamontequesos.com,,https://www.instagram.com/queseriamontequesos/,https://www.google.com/maps/search/?api=1&query=QUESER%C3%8DA%20MONTEQUESOS%2C%20C.%20Panaderos%2C%2015%2C%2047620%20Villanubla%2C%20Valladolid&query_place_id=ChIJq9KAVZlxRw0RIluptgmsqL0,41.6955198,-4.827317799999999,/productores/es/castilla-y-leon/valladolid/queseria-montequesos-villanubla.webp,,sí,ecommerce,,10601,es,,,,,,es,castilla-y-leon,valladolid,,,,,,
miel-zumbando-castromonte,Miel Zumbando,Castromonte,Miel,Miel artesana,"C. Ventanas, 18, 47641 Castromonte, Valladolid",Explotación apícola y obrador de Castromonte que produce y envasa miel artesana.,Consultar web o venta directa,+34699957899,info@mielzumbando.com,https://mielzumbando.com/,,,https://www.google.com/maps/search/?api=1&query=MIEL%20ZUMBANDO%2C%20C.%20Ventanas%2C%2018%2C%2047641%20Castromonte%2C%20Valladolid&query_place_id=ChIJjX28Csp_Rw0R2bFf_xBww14,41.7734643,-5.0391045,/productores/es/castilla-y-leon/valladolid/miel-zumbando-castromonte.webp,,sí,ecommerce,,8816,es,,,,,,es,castilla-y-leon,valladolid,,,,,,
miel-los-montes-torozos-la-santa-espina,Miel Montes Torozos,La Santa Espina,Miel,- MIEL DE TOMILLO MIEL DE ENCINA MIEL DE ESPLIEGO MIEL DE BREZO,"Pso del monasterio, s/n, 47641 La Santa Espina, Valladolid","Empresa apícola familiar que produce, extrae y envasa miel de cosecha propia en La Santa Espina desde 1980.",Consultar web o venta directa,+34983333350,mieltorozos@gmail.com,https://mielmontestorozos.es/,,https://www.instagram.com/mielmontestorozos/,https://www.google.com/maps/search/?api=1&query=MIEL%20%22LOS%20MONTES%20TOROZOS%22%2C%20Pso%20del%20monasterio%2C%20s%2Fn%2C%2047641%20La%20Santa%20Espina%2C%20Valladolid&query_place_id=ChIJH6ghl36BOA0R5FAalCKPENg,41.73059809999999,-5.1046002,/productores/es/castilla-y-leon/valladolid/miel-los-montes-torozos-la-santa-espina.webp,,sí,ecommerce,,8780,es,,,,,,es,castilla-y-leon,valladolid,,,,,,
miel-sandonis-portillo,Miel Sandonís,Portillo,Miel,"Miel de tomillo, salvia y cantueso","C. Colegio, 13, 47160 Portillo, Valladolid","Explotación apícola sostenible de Portillo con colmenas en los pinares de la comarca y miel de monte de tomillo, salvia y cantueso.",Consultar web o venta directa,+34660790595,mielsandonis@gmail.com,https://mielsandonis.com/,,,https://www.google.com/maps/search/?api=1&query=MIEL%20SANDONIS%2C%20C.%20Colegio%2C%2013%2C%2047160%20Portillo%2C%20Valladolid&query_place_id=ChIJQ5v0SWI9Rw0Rl3SNPxOE5HM,41.4790362,-4.5922499,/productores/es/castilla-y-leon/valladolid/miel-sandonis-portillo.webp,pendiente,sí,email|telefono,,8796,es,,,,,,es,castilla-y-leon,valladolid,,,,,,
pecorea-san-pedro-de-latarce,Pecorea Miel El Pedregal,San Pedro de Latarce,Miel,"MIEL FLORES, LAVANDA, TOMILLO, ENCINA, BOSQUE, BREZO","C. César Silio, 17, 47851 San Pedro de Latarce, Valladolid",Proyecto familiar de apicultura artesanal y ecológica con extracción y envasado de miel en San Pedro de Latarce.,Consultar web o venta directa,+34620385194,adrian@pecorea.es,https://pecoreamiel.es/,,https://www.instagram.com/pecoreamiel/,https://www.google.com/maps/search/?api=1&query=PECOREA%2C%20C.%20C%C3%A9sar%20Silio%2C%2017%2C%2047851%20San%20Pedro%20de%20Latarce%2C%20Valladolid&query_place_id=ChIJ2TVvt9KLOA0RXdxGA0aEKe4,41.73473329999999,-5.3258015,/productores/es/castilla-y-leon/valladolid/pecorea-san-pedro-de-latarce.webp,,sí,ecommerce,,10111,es,,,,,,es,castilla-y-leon,valladolid,,,,,,
miel-79-tiedra,Miel Setentaynueve,Tiedra,Miel,- Miel de Lavanda Miel Flores de Castilla Miel Bosque y Romero. (Varios formatos),"Ctra. VP-6604 a Mota del Marqués, s/n, 47870 Tiedra, Valladolid",Empresa apícola familiar de Tiedra que produce miel cruda y elabora hidromiel y otros productos de la colmena.,Consultar web o venta directa,+34691892247,info@setentaynueve.es,https://www.setentaynueve.es/,,,https://www.google.com/maps/search/?api=1&query=MIEL%2079%2C%20VP-6604%2C%2047870%20Tiedra%2C%20Valladolid&query_place_id=ChIJV0e_-cyPOA0Rz6c7KJoH9D0,41.6532315,-5.2625378,/productores/es/castilla-y-leon/valladolid/miel-79-tiedra.webp,,sí,ecommerce,,8798,es,,,,,,es,castilla-y-leon,valladolid,,,,,,
mielegante-torrelobaton,Mielegante,Torrelobatón,Miel,Miel de flores clara Miel de flores oscura Miel de lavanda Miel de bosque Miel de crema,"C. La Lancha, 4, 47134 Torrelobatón, Valladolid",Pequeña explotación apícola con sala de extracción y envasado propios en Torrelobatón.,Consultar web o venta directa,+34639536987,mielegante@mielegante.es,https://mielegante.es/,,https://www.instagram.com/mielegante/,https://www.google.com/maps/search/?api=1&query=MIELEGANTE%2C%20C.%20Ca%C3%B1o%2C%2047134%20Torrelobat%C3%B3n%2C%20Valladolid&query_place_id=ChIJGeVK2UdjRw0RDxYKXkfPNpQ,41.6465457,-5.0259385,/productores/es/castilla-y-leon/valladolid/mielegante-torrelobaton.webp,,sí,ecommerce|whatsapp,,8817,es,,,,,,es,castilla-y-leon,valladolid,,,,,,
deliciass-centro-de-reposteria-creativa-arrabal-de-portillo,Deliciass,Arrabal de Portillo,Pan y cereal,Tartas personalizadas; bollería; empanadas; repostería creativa,"C. Ensanche, 12, 47160 Arrabal de Portillo, Valladolid",Pequeño obrador de panadería y repostería creativa con elaboración artesanal y encargos personalizados en Arrabal de Portillo.,Consultar web o venta directa,+34619455307,celia@deliciass.es,https://deliciass.es/,,https://www.instagram.com/deliciass_reposteria_creativa/,https://www.google.com/maps/search/?api=1&query=DELICIASS.%20CENTRO%20DE%20REPOSTER%C3%8DA%20CREATIVA%2C%20C.%20Ensanche%2C%2013C%2C%2047160%20Arrabal%20de%20Portillo%2C%20Valladolid&query_place_id=ChIJHQ9TZiE9Rw0RScSLRfzdh-w,41.4735692,-4.5915374,/productores/es/castilla-y-leon/valladolid/deliciass-centro-de-reposteria-creativa-arrabal-de-portillo.webp,,sí,whatsapp,,4807,es,,,,,,es,castilla-y-leon,valladolid,,,,,,
mantecados-estilita-arrabal-de-portillo,Mantecados Estilita,Arrabal de Portillo,Pan y cereal,Mantecados; ciegas; amarguillos; pastas; hojaldres y polvorones,"C. Prol. C. Canóniga, 7, 47160 Arrabal de Portillo, Valladolid",Confitería familiar de tercera generación que elabora repostería tradicional en Arrabal de Portillo.,Consultar web o venta directa,+34983556326,madecat@hotmail.com,,,,https://www.google.com/maps/search/?api=1&query=MANTECADOS%20ESTILITA%2C%20C.%20Prol.%20C.%20Can%C3%B3niga%2C%207%2C%2047160%20Arrabal%20de%20Portillo%2C%20Valladolid&query_place_id=ChIJS5jpuB09Rw0RXgy7mqff5Yg,41.4715639,-4.5896335,,pendiente,no,,,8332,es,,,,,,es,castilla-y-leon,valladolid,,,,,,
mantecados-molpeceres-arrabal-de-portillo,Mantecados Molpeceres,Arrabal de Portillo,Pan y cereal,"Mantecados de Portillo; pastas de almendra, yema y avellana; bollos de aceite","Av. Reverendo José Montero, 4, 47160 Arrabal de Portillo, Valladolid","Obrador familiar fundado en 1962 que mantiene producción artesanal limitada hasta el cierre anunciado para diciembre de 2026, salvo relevo empresarial.",Consultar web o venta directa,+34983556188,josemolpeceres@gmail.com,,,,https://www.google.com/maps/search/?api=1&query=MANTECADOS%20MOLPECERES%2C%20Av.%20Reverendo%20Jos%C3%A9%20Montero%2C%204%2C%2047160%20Arrabal%20de%20Portillo%2C%20Valladolid&query_place_id=ChIJZ8BiXRw9Rw0RbjGOpIx5MNI,41.4736255,-4.5903064,,pendiente,no,,,8334,es,,,,,,es,castilla-y-leon,valladolid,,,,,,
dulces-f-soria-campaspero,Dulces F. Soria,Campaspero,Pan y cereal,"Pastas, mantecados y dulces tradicionales","Calle Nte., 35, 47310 Campaspero, Valladolid",Obrador de repostería tradicional de Campaspero incluido en el censo provincial vigente; su web no respondió durante la revisión.,Consultar web o venta directa,+34983698058,dulcesfsoria@dulcesfsoria.es,https://www.dulcesfsoria.es,,,https://www.google.com/maps/search/?api=1&query=DULCES%20F.%20SORIA%2C%20Calle%20Nte.%2C%2035%2C%2047310%20Campaspero%2C%20Valladolid&query_place_id=ChIJnWgWyvnCRg0REyh2mEgZSl0,41.49362379999999,-4.1961504,,pendiente,no comprobado,,,4986,es,,,,,,es,castilla-y-leon,valladolid,,,,,,
el-bombon-cisterniga,El Bombón,Cistérniga,Pan y cereal,Glorias; bombones; macarons; tartas; pastelería y confitería,"Ronda del Sauce, parcela 26-4, nave 13, 47193 La Cistérniga, Valladolid","Obrador central de la confitería vallisoletana El Bombón, fabricante de pastelería, bollería, bombonería y sus tradicionales Glorias.",Consultar web o venta directa,+34983296144,elbombon@elbombon.com,https://elbombon.com/,,https://www.instagram.com/elbombonvalladolid/,https://www.google.com/maps/search/?api=1&query=EL%20BOMB%C3%93N%2C%20Rda.%20del%20Sauce%2C%2047193%20Cist%C3%A9rniga%2C%20Valladolid&query_place_id=ChIJZzjoOb4TRw0RjjbiLtDLKzI,41.5960459,-4.6684562,/productores/es/castilla-y-leon/valladolid/el-bombon-cisterniga.webp,,no,,,5101,es,,,,,,es,castilla-y-leon,valladolid,,,,,,
el-dulce-confiteria-pasteleria-cisterniga,El Dulce Confitería Pastelería,Cistérniga,Pan y cereal,Tartas; pasteles; bombones; bollería y encargos personalizados,"C. Cañada Real de Soria, 2, Portal 4, 47193 Cistérniga, Valladolid",Tienda y obrador de confitería y pastelería artesanal situado en La Cistérniga.,Consultar web o venta directa,+34983662827,info@eldulce.es,https://www.eldulce.es/,,https://instagram.com/eldulcecp/,https://www.google.com/maps/search/?api=1&query=EL%20DULCE%20CONFITER%C3%8DA%20PASTELER%C3%8DA%2C%20C.%20Ca%C3%B1ada%20Real%20de%20Soria%2C%202%2C%20Portal%204%2C%2047193%20Cist%C3%A9rniga%2C%20Valladolid&query_place_id=ChIJT7QD56ATRw0RdcpEoVjxKDQ,41.6092664,-4.6842608,/productores/es/castilla-y-leon/valladolid/el-dulce-confiteria-pasteleria-cisterniga.webp,,no,,,5154,es,,,,,,es,castilla-y-leon,valladolid,,,,,,
reposteria-artesana-la-tia-melitona-fresno-el-viejo,La Tía Melitona,Fresno el Viejo,Pan y cereal,Pastas; galletas; magdalenas; polvorones; roscos y bollería artesana,"C. José Velázquez, 19, 47480 Fresno el Viejo, Valladolid",Obrador familiar de Fresno el Viejo dedicado a repostería artesanal tradicional con catálogo propio.,Consultar web o venta directa,+34659802983,latiamelitona@hotmail.com,https://latiamelitona.com/,,https://www.instagram.com/latiamelitona/,https://www.google.com/maps/search/?api=1&query=Reposter%C3%ADa%20Artesana%20%22La%20T%C3%ADa%20Melitona%22%2C%20C.%20Jos%C3%A9%20Vel%C3%A1zquez%2C%2019%2C%2047480%20Fresno%20el%20Viejo%2C%20Valladolid&query_place_id=ChIJ-1VJpIKsOA0Rpcxyn0m8Te8,41.1971824,-5.1436674,/productores/es/castilla-y-leon/valladolid/reposteria-artesana-la-tia-melitona-fresno-el-viejo.webp,,sí,ecommerce,,7890,es,,,,,,es,castilla-y-leon,valladolid,,,,,,
panaderia-roman-fuensaldana,Panadería Román,Fuensaldaña,Pan y cereal,Pan de horno; empanadas; magdalenas; pastas y bollería,"Pl. de la Iglesia, 1, 47194 Fuensaldaña, Valladolid",Panadería tradicional de Fuensaldaña con más de 150 años de oficio y elaboración de pan y dulces artesanos.,Consultar web o venta directa,+34983507205,,,,,https://www.google.com/maps/search/?api=1&query=PANADER%C3%8DA%20ROM%C3%81N%2C%20Pl.%20Iglesia%2C%201%2C%2047194%20Fuensalda%C3%B1a%2C%20Valladolid&query_place_id=ChIJLT71tAZzRw0RJG-oIY-E2vs,41.7068733,-4.7653723,,pendiente,no,,,9649,es,,,,,,es,castilla-y-leon,valladolid,,,,,,
productos-el-villar-gallegos-de-hornija,Productos El Villar,Gallegos de Hornija,Pan y cereal,Pelusas y repostería tradicional,"C. Nueva, 6, 47134 Gallegos de Hornija, Valladolid",Obrador de repostería de Gallegos de Hornija incluido en el censo provincial vigente; su web no pudo verificarse durante la revisión.,Consultar web o venta directa,+34983788131,productoselvillar@productoselvillar.com,https://www.productoselvillar.com,,,https://www.google.com/maps/search/?api=1&query=PRODUCTOS%20EL%20VILLAR%2C%20C.%20Nueva%2C%206%2C%2047134%20Gallegos%20de%20Hornija%2C%20Valladolid&query_place_id=ChIJI3mCzQCdOA0R49Zzku53nrY,41.60986339999999,-5.0964022,,pendiente,no comprobado,,,10315,es,,,,,,es,castilla-y-leon,valladolid,,,,,,
dulces-vela-iscar,Dulces Vela,Íscar,Pan y cereal,Ciegas de Íscar; bollos; cocadas; pastas; polvorones y rosquillas,"Calle Pte., 10, 47420 Íscar, Valladolid",Obrador artesano de Íscar dedicado a dulces tradicionales y amparado por Artesanía Alimentaria de Castilla y León.,Consultar web o venta directa,+34983611787,dulcesvela@gmail.com,https://www.dulcesvela.es,,https://www.instagram.com/dulcesvela/,https://www.google.com/maps/search/?api=1&query=DULCES%20VELA%2C%20Calle%20Pte.%2C%2010%2C%2047420%20%C3%8Dscar%2C%20Valladolid&query_place_id=ChIJraPyv2clRw0RZ3WPor8VQEM,41.3603172,-4.5399813,,pendiente,no comprobado,,,5000,es,,,,,,es,castilla-y-leon,valladolid,,,,,,
pasteleria-isma-iscar,Pastelería Isma,Íscar,Pan y cereal,Castañuelas; tartas; pastas y pastelería artesana,"C. Mesones, 24, 47420 Íscar, Valladolid","Pastelería con elaboración artesana en Íscar, incluida en el censo provincial actual y reconocida por sus castañuelas.",Consultar web o venta directa,+34983612148,isabelmd47@msn.com,,,,https://www.google.com/maps/search/?api=1&query=PASTELER%C3%8DA%20ISMA%2C%20C.%20Mesones%2C%2024%2C%2047420%20%C3%8Dscar%2C%20Valladolid&query_place_id=ChIJ41tPD2UlRw0RIFNbqLNZPBk,41.3602703,-4.5340148,,pendiente,no,,,9816,es,,,,,,es,castilla-y-leon,valladolid,,,,,,
reposteria-la-giralda-de-castilla-matapozuelos,La Giralda de Castilla,Matapozuelos,Pan y cereal,Pastas de piñón; mantecados; empanada de conejo; repostería artesana,"Rda. Flores, 12, 47230 Matapozuelos, Valladolid","Obrador artesano familiar de Matapozuelos activo desde 1986, especializado en recetas tradicionales e innovación repostera.",Consultar web o venta directa,+34983832965,repostgiralda@yahoo.es,https://lagiraldadecastilla.es/,,https://www.instagram.com/angelesleonardona/,https://www.google.com/maps/search/?api=1&query=REPOSTER%C3%8DA%20LA%20GIRALDA%20DE%20CASTILLA%2C%20Rda.%20Flores%2C%2012%2C%2047230%20Matapozuelos%2C%20Valladolid&query_place_id=ChIJjUAtMtBHRw0RMhAvZZOCZuI,41.4147896,-4.7873845,,,sí,ecommerce,,7692,es,,,,,,es,castilla-y-leon,valladolid,,,,,,
la-flor-de-castilla-medina-de-rioseco,La Flor de Castilla,Medina de Rioseco,Pan y cereal,Florentinas; pastas; bollos morenos; rosquillas; magdalenas y tortas,"C. San Juan, 6, 47800 Medina de Rioseco, Valladolid",Confitería y obrador de Medina de Rioseco dedicado a dulces tradicionales y pastelería artesana.,Consultar web o venta directa,+34983700887,laflordecastillamrsl@gmail.com,https://www.laflordecastilla.com/,,https://www.instagram.com/laflordecastilla/,https://www.google.com/maps/search/?api=1&query=LA%20FLOR%20DE%20CASTILLA%2C%20C.%20San%20Juan%2C%206%2C%2047800%20Medina%20de%20Rioseco%2C%20Valladolid&query_place_id=ChIJIVWjglaHRw0R_gMz4-J5JUw,41.8835459,-5.0450117,/productores/es/castilla-y-leon/valladolid/la-flor-de-castilla-medina-de-rioseco.webp,,sí,ecommerce,,7669,es,,,,,,es,castilla-y-leon,valladolid,,,,,,
panaderia-elias-marcos-medina-de-rioseco,Panadería Elías Marcos,Medina de Rioseco,Pan y cereal,Pan candeal; chapatas; magdalenas; rosquillas; pastas y bollería,"C. Raúl Guerra Garrido, 10, 47800 Medina de Rioseco, Valladolid","Panadería y obrador tradicional de Medina de Rioseco con pan, pastas y bollería de elaboración propia.",Consultar web o venta directa,+34983701104,pilar65marcosgomez@gmail.com,,,,https://www.google.com/maps/search/?api=1&query=PANADER%C3%8DA%20EL%C3%8DAS%20MARCOS%2C%20C.%20Ra%C3%BAl%20Guerra%20Garrido%2C%2010%2C%2047800%20Medina%20de%20Rioseco%2C%20Valladolid&query_place_id=ChIJGXg4p7OARw0RX27ySi6EQ4k,41.8858089,-5.045963100000001,,pendiente,no,,,9517,es,,,,,,es,castilla-y-leon,valladolid,,,,,,
panaderia-blanco-olmedo,Panadería Blanco,Olmedo,Pan y cereal,Pan y bollería artesana,"C. Marcos Salgueiro, 2, BAJO, 47410 Olmedo, Valladolid",,Consultar web o venta directa,+34679101525,maribcendon@hotmail.com,,,,https://www.google.com/maps/search/?api=1&query=PANADER%C3%8DA%20BLANCO%2C%20C.%20Marcos%20Salgueiro%2C%202%2C%20BAJO%2C%2047410%20Olmedo%2C%20Valladolid&query_place_id=ChIJReWzfl82Rw0RxjUPV6gk8Us,41.288611,-4.6864878,/productores/es/castilla-y-leon/valladolid/panaderia-blanco-olmedo.webp,pendiente,no,,,9468,,,,,,,es,castilla-y-leon,valladolid,,,,,,
pasteleria-artesana-el-harnero-pedrajas-de-san-esteban,Pastelería Artesana El Harnero,Pedrajas de San Esteban,Pan y cereal,Tartas; pastas; pasteles; empanadas; turrón y roscón de Reyes,"C. Libertad, 23, 47430 Pedrajas de San Esteban, Valladolid","Obrador artesano de Pedrajas de San Esteban que elabora diariamente pastelería, empanadas y dulces con especial protagonismo del piñón local.",Consultar web o venta directa,+34983625112,elharnero@hotmail.es,,,,https://www.google.com/maps/search/?api=1&query=PASTELER%C3%8DA%20ARTESANA%20EL%20HARNERO%2C%20C.%20Libertad%2C%2023%2C%2047430%20Pedrajas%20de%20San%20Esteban%2C%20Valladolid&query_place_id=ChIJg6ZmZhIwRw0RTx2aBRQSzSA,41.3394191,-4.579698,,pendiente,no,,,9767,es,,,,,,es,castilla-y-leon,valladolid,,,,,,
panaderia-julia-san-pedro-de-latarce,Panadería Julia,San Pedro de Latarce,Pan y cereal,Pan candeal y panes tradicionales,"C. Regato, 67, 47851 San Pedro de Latarce, Valladolid",Obrador familiar de varias generaciones en San Pedro de Latarce que elabora y reparte pan por la comarca de Tierra de Campos.,Consultar web o venta directa,+34983723003,,,,,https://www.google.com/maps/search/?api=1&query=PANADER%C3%8DA%20JULIA%2C%20C.%20Regato%2C%2067%2C%2047851%20San%20Pedro%20de%20Latarce%2C%20Valladolid&query_place_id=ChIJpRA8d-mLOA0RrbBBl-rDux0,41.7342097,-5.3249745,,pendiente,no,,,9549,es,,,,,,es,castilla-y-leon,valladolid,,,,,,
dulces-artesanos-pedepa-santovenia-de-pisuerga,Pan Mayado · Dulces Artesanos Pedepa,Santovenia de Pisuerga,Pan y cereal,Pan mayado; dulces y productos de panadería,"C. Ingleses, 8, 47155 Santovenia de Pisuerga, Valladolid","Empresa de Santovenia de Pisuerga dedicada a pan y dulces artesanos, con identidad comercial Pan Mayado.",Consultar web o venta directa,+34653941689,,https://www.panmayado.es/,,https://www.instagram.com/panmayado/,https://www.google.com/maps/search/?api=1&query=DULCES%20ARTESANOS%20PEDEPA%2C%20C.%20Ingleses%2C%208%2C%2047155%20Santovenia%20de%20Pisuerga%2C%20Valladolid&query_place_id=ChIJGUOj_qMNRw0Ra72_5TUlze0,41.6913042,-4.6797026,/productores/es/castilla-y-leon/valladolid/dulces-artesanos-pedepa-santovenia-de-pisuerga.webp,pendiente,no comprobado,,,9434,es,,,,,,es,castilla-y-leon,valladolid,,,,,,
pastelleria-y-dulces-galicia-tordesillas,Pastelería y Dulces Galicia,Tordesillas,Pan y cereal,Polvorones El Toro; amarguillos; canelos; palmeras; rosquillas y hojaldres,"C. Centeno, 10, 47100 Tordesillas, Valladolid","Empresa familiar de Tordesillas con obrador y fábrica propios, heredera de una tradición pastelera iniciada en 1850.",Consultar web o venta directa,+34983770205,administracion@dulceseltoro.com,https://dulceseltoro.com/,,https://www.instagram.com/pasteleriagalicia/,https://www.google.com/maps/search/?api=1&query=PASTELLER%C3%8DA%20Y%20DULCES%20GALICIA%2C%20C.%20Sta.%20Mar%C3%ADa%2C%202%2C%2047100%20Tordesillas%2C%20Valladolid&query_place_id=ChIJpzrYs5lgRw0RoUUBVMlV-gM,41.5011707,-5.0004592,/productores/es/castilla-y-leon/valladolid/pastelleria-y-dulces-galicia-tordesillas.webp,,no,,,9896,es,,,,,,es,castilla-y-leon,valladolid,,,,,,
confiteria-guijarro-tudela-de-duero,Confitería Guijarro,Tudela de Duero,Pan y cereal,Cañas; tartas; pasteles; hojaldres y bollería,"C. Cervantes, 3, 47320 Tudela de Duero, Valladolid","Confitería familiar con obrador propio en Tudela de Duero y tienda online con recogida, entrega local y productos enviables.",Consultar web o venta directa,+34983520243,info@confiteriaguijarro.com,https://confiteriaguijarro.com/,,https://www.instagram.com/confiteriaguijarro/,https://www.google.com/maps/search/?api=1&query=CONFITER%C3%8DA%20GUIJARRO%2C%20C.%20Cervantes%2C%203%2C%2047320%20Tudela%20de%20Duero%2C%20Valladolid&query_place_id=ChIJV2zUP0kXRw0RAryKYE6NnNY,41.5836477,-4.5791656,/productores/es/castilla-y-leon/valladolid/confiteria-guijarro-tudela-de-duero.webp,,sí,ecommerce,,4174,es,,,,,,es,castilla-y-leon,valladolid,,,,,,
belaria-valladolid,Pastelería Belaria,Valladolid,Pan y cereal,Bombones; chocolates; pastas de té; tartas; helados y bollería,"P.º de Zorrilla, 356, 47008 Valladolid","Pastelería vallisoletana con obrador propio de bombonería, chocolate, helados y repostería artesanal.",Consultar web o venta directa,+34983238209,tienda@belaria.es,https://belaria.es/,,https://www.instagram.com/belariapasteleria/,https://www.google.com/maps/search/?api=1&query=BELARIA%2C%20P.%C2%BA%20de%20Zorrilla%2C%20356%2C%2047008%20Valladolid&query_place_id=ChIJjcyh199sRw0Rq4_gX1jRTrg,41.6174568,-4.7486847,/productores/es/castilla-y-leon/valladolid/belaria-valladolid.webp,,sí,ecommerce,,9778,es,,,,,,es,castilla-y-leon,valladolid,,,,,,
churreria-chocolateria-marga-portillo,Marga Churrería & Chocolatería,Portillo,Pan y cereal,Churros artesanos y churros con cobertura de chocolate,"Centro Provincial de la Artesanía ARTIS, Ctra. Carramonte, s/n, nave 13, 47160 Portillo, Valladolid","Obrador artesano de cuarta generación especializado en churros y chocolate, instalado en el centro ARTIS de Portillo.",Consultar web o venta directa,+34722351813,eventos@churreriamarga.com,https://churreriamarga.com/,,,https://www.google.com/maps/search/?api=1&query=Marga%20Churrer%C3%ADa%20%26%20Chocolater%C3%ADa%2C%20Centro%20Provincial%20de%20la%20Artesan%C3%ADa%20ARTIS%2C%20Ctra.%20Carramonte%2C%20s%2Fn%2C%20nave%2013%2C%2047160%20Portillo%2C%20Valladolid&query_place_id=ChIJrVmcKgA9Rw0RQHs81eKz5Do,41.47534,-4.57942,/productores/es/castilla-y-leon/valladolid/churreria-chocolateria-marga-portillo.webp,,sí,ecommerce,,8356,es,,,,,,es,castilla-y-leon,valladolid,,,,,,
fadispan-pan-de-valladolid,Fadispan · Pan de Valladolid,Valladolid,Pan y cereal,Pan precocido candeal y semicandeal,"C. Astros, 7, 47009 Valladolid","Fabricante vallisoletano de pan precocido congelado, especializado en variedades candeales y semicandeales.",Consultar web o venta directa,+34983354817,fadispan@fadispan.com,https://www.fadispan.com/,,,https://www.google.com/maps/search/?api=1&query=FADISPAN%20-%20PAN%20DE%20VALLADOLID%2C%20C.%20Astros%2C%207%2C%2047009%20Valladolid&query_place_id=ChIJG6dIrD0NRw0RpUtXMriJUSo,41.6675949,-4.7271662,/productores/es/castilla-y-leon/valladolid/fadispan-pan-de-valladolid.webp,,no,,,5751,es,,,,,,es,castilla-y-leon,valladolid,,,,,,
pasteleria-menta-y-chocolate,Pastelería Menta y Chocolate,Valladolid,Pan y cereal,Tartas; mousses; helados; macarons; hojaldres; bollería y chocolates,"C. del Puente Colgante, 30, 47007 Valladolid","Pastelería familiar con elaboración artesana, recetas propias y punto de venta en Valladolid.",Consultar web o venta directa,+34983082697,menta.y.chocolate@hotmail.es,https://pasteleriamentaychocolate.com/,,https://www.instagram.com/pasteleriamentaychocolate/,https://www.google.com/maps/search/?api=1&query=PASTELER%C3%8DA%20MENTA%20Y%20CHOCOLATE%2C%20C.%20del%20Puente%20Colgante%2C%2030%2C%2047007%20Valladolid&query_place_id=ChIJtSTMqTdtRw0R-tUAwmpuL2M,41.6411389,-4.7359789,/productores/es/castilla-y-leon/valladolid/pasteleria-menta-y-chocolate.webp,,sí,telefono,,9846,es,,,,,,es,castilla-y-leon,valladolid,,,,,,
panaderia-la-cruz-villabragima,Panadería La Cruz,Villabrágima,Pan y cereal,Pan; pastas; bollos; magdalenas; tortas de chicharrones y tartas,"Pl. Mayor, 5, 47820 Villabrágima, Valladolid","Panadería local de Villabrágima con elaboración de pan, bollería y repostería.",Consultar web o venta directa,+34654508720,laura82es@gmail.com,,,https://www.instagram.com/panaderialacruz/,https://www.google.com/maps/search/?api=1&query=PANADER%C3%8DA%20LA%20CRUZ%2C%20Pl.%20Mayor%2C%205%2C%2047820%20Villabr%C3%A1gima%2C%20Valladolid&query_place_id=ChIJvV_qbTl-OA0R4bEsrv8hz4k,41.82186,-5.11547,,pendiente,no,,,9557,es,,,,,,es,castilla-y-leon,valladolid,,,,,,
tahona-de-chari-villanubla,La Tahona de Chari,Villanubla,Pan y cereal,Pan candeal y flama; piturracios; tortas de chicharrones; magdalenas y moñas,"Av. Cardenal Marcelo González, 10, 47620 Villanubla, Valladolid",Tahona familiar de Villanubla que elabora pan tradicional y recupera recetas locales como piturracios y tortas de chicharrones.,Consultar web o venta directa,+34983347474,Jarace65@hotmail.com,,,https://www.instagram.com/latahonadechari/,https://www.google.com/maps/search/?api=1&query=TAHONA%20DE%20CHARI%2C%20Av.%20Cardenal%20Marcelo%20Gonz%C3%A1lez%2C%2010%2C%2047620%20Villanubla%2C%20Valladolid&query_place_id=ChIJwYW8raBxRw0RG2JuhkpMzUQ,41.6987608,-4.8405417,,pendiente,no,,,7875,es,,,,,,es,castilla-y-leon,valladolid,,,,,,
dulces-pariente-villaverde-de-medina,Dulces Pariente,Villaverde de Medina,Pan y cereal,Magdalenas; rosquillas; mantecadas; pastas; bollos y hojaldres,"C. Ancha, 25, 47465 Villaverde de Medina, Valladolid","Negocio familiar de fabricación artesanal de dulces en Villaverde de Medina, documentado por el censo provincial.",Consultar web o venta directa,+34983831842,adolfo73@hotmail.es,,https://www.facebook.com/Dulces-Pariente-826251190782024/,https://www.instagram.com/dulcespariente/,https://www.google.com/maps/search/?api=1&query=DULCES%20PARIENTE%2C%20C.%20Ancha%2C%2025%2C%2047465%20Villaverde%20de%20Medina%2C%20Valladolid&query_place_id=ChIJv76I7FNXRw0RUyzEB9BSTlQ,41.3066784,-5.028620999999999,,pendiente,no,,,4994,es,,,,,,es,castilla-y-leon,valladolid,,,,,,
trufa-viva-cogeces-del-monte,Trufa Viva,Cogeces del Monte,Setas,"Trufa Negra de Invierno (Tuber melanosporum) Trufa Negra de verano (Tuber aestivum) Trufa blanca (Tuber borchii) Todas ellas se comercializan en: categoría extra, categoría I y categoría II.","Pl. Constitución, 47313 Cogeces del Monte, Valladolid",Explotación trufera de Carlos Herguedas con fincas de encinas micorrizadas en Cogeces del Monte.,Consultar web o venta directa,+34651724820,carlidigo@gmail.com,,,https://www.instagram.com/trufaviva/,https://www.google.com/maps/search/?api=1&query=TRUFA%20VIVA%2C%20Pl.%20Constituci%C3%B3n%2C%2047313%20Cogeces%20del%20Monte%2C%20Valladolid&query_place_id=ChIJ-WZxPkvfRg0RFmUt7bQUxOI,41.509921,-4.3163844,/productores/es/castilla-y-leon/valladolid/trufa-viva-cogeces-del-monte.webp,pendiente,no,,,11941,es,,,,,,es,castilla-y-leon,valladolid,,,,,,
almazara-pago-de-valdecuevas-medina-de-rioseco,Almazara Pago de Valdecuevas,Medina de Rioseco,Aceite,Aceite de oliva,"Camino San Buenaventura, s/n, 47800 Medina de Rioseco, Valladolid",Almazara de Medina de Rioseco creada en 2011 por Grupo Valdecuevas para elaborar AOVE con aceitunas de sus olivares vallisoletanos.,Consultar web o venta directa,+34983033942,,https://pagodevaldecuevas.es/es/,,https://www.instagram.com/pagodevaldecuevas/,https://www.google.com/maps/search/?api=1&query=Almazara%20Pago%20de%20Valdecuevas%2C%20Camino%20San%20Buenaventura%2C%20s%2Fn%2C%2047800%20Medina%20de%20Rioseco%2C%20Valladolid&query_place_id=ChIJEcjQRzCBRw0RVuc-IolCeUo,41.8817935,-5.0068122,/productores/es/castilla-y-leon/valladolid/almazara-pago-de-valdecuevas-medina-de-rioseco.webp,,sí,ecommerce,,664,es,,,,,,es,castilla-y-leon,valladolid,,,,,,
almazara-oliduero-medina-del-campo,Almazara Oliduero,Medina del Campo,Aceite,Aceite de oliva,"Ctra Medina del Campo Olmedo, km 1, 5, 47400 Medina del Campo, Valladolid","Almazara ecológica de Bodegas Familiares Matarromera en Medina del Campo, con olivos propios y elaboración de AOVE de variedades como arbequina, picual y arbosana.",Consultar web o venta directa,+34983683315,,https://oliduero.com/,,https://www.instagram.com/matarromera_/,https://www.google.com/maps/search/?api=1&query=Almazara%20Oliduero%2C%20Ctra%20Medina%20del%20Campo%20Olmedo%2C%20km%201%2C%205%2C%2047400%20Medina%20del%20Campo%2C%20Valladolid&query_place_id=ChIJ3VjyFSdQRw0ROgyExEGnuvY,41.311096,-4.895114,/productores/es/castilla-y-leon/valladolid/almazara-oliduero-medina-del-campo.webp,,sí,ecommerce,,661,es,,,,,,es,castilla-y-leon,valladolid,,,,,,
bodega-la-luz-de-cigales-cigales,Bodega La Luz de Cigales (Hiriart),Cigales,Vino,,"C. Tejar, 47270 Cigales, Valladolid",,Consultar web o venta directa,+34983042325,info@vinosdelaluz.com,https://bodegahiriart.es/,,,https://www.google.com/maps/search/?api=1&query=Bodega%20La%20Luz%20de%20Cigales%2C%20C.%20Tejar%2C%2047270%20Cigales%2C%20Valladolid&query_place_id=ChIJuYIPAG0LRw0RV59l859rZZs,41.7619699,-4.6994742,,,sí,ecommerce,,1497,,,,,,,es,castilla-y-leon,valladolid,,,,,,
bodega-ovidio-garcia-cigales,Bodega Ovidio García,Cigales,Vino,,"Calle Malpique, 47270 Cigales, Valladolid",,Consultar web o venta directa,+34628509475,,https://www.ovidiogarcia.com/,,https://www.instagram.com/ovidiogarcia_/,https://www.google.com/maps/search/?api=1&query=Bodega%20Ovidio%20Garc%C3%ADa%2C%20Calle%20Malpique%2C%2047270%20Cigales%2C%20Valladolid&query_place_id=ChIJbeqb2G0LRw0Rf5jL4eq0n24,41.7556693,-4.7047622,/productores/es/castilla-y-leon/valladolid/bodega-ovidio-garcia-cigales.webp,,sí,ecommerce,,1583,,,,,,,es,castilla-y-leon,valladolid,,,,,,
bodegas-campo-eliseo-la-seca,Bodegas Campo Elíseo,La Seca,Vino,,"C. Nueva, 12, 47491 La Seca, Valladolid",,Consultar web o venta directa,+34983034030,bodega@campoeliseo.com,https://www.campoeliseo.es/,,https://www.instagram.com/bodegascampoeliseo/,https://www.google.com/maps/search/?api=1&query=Bodegas%20Campo%20El%C3%ADseo%2C%20C.%20Nueva%2C%2012%2C%2047491%20La%20Seca%2C%20Valladolid&query_place_id=ChIJIRkzFllbRw0R3uzjgo0bn_s,41.4136402,-4.9084474,/productores/es/castilla-y-leon/valladolid/bodegas-campo-eliseo-la-seca.webp,,sí,ecommerce,,1864,,,,,,,es,castilla-y-leon,valladolid,,,,,,
bodegas-protos-d-o-rueda-la-seca,Bodegas Protos D.O. Rueda,La Seca,Vino,,"Ctr. CL-610, Medina-La Seca, km 32,5, 47491 La Seca, Valladolid",,Consultar web o venta directa,+34983816608,bodega@bodegasprotos.com,https://www.bodegasprotos.com/es/bodega-d-o-rueda/,,https://www.instagram.com/bodegasprotosoficial/,https://www.google.com/maps/search/?api=1&query=Bodegas%20Protos%20D.O.%20Rueda%2C%20Ctr.%20CL-610%2C%20Medina-La%20Seca%2C%20km%2032%2C5%2C%2047491%20La%20Seca%2C%20Valladolid&query_place_id=ChIJqRK9-FxbRw0RvvEH5uVk2kU,41.4090836,-4.911360200000001,/productores/es/castilla-y-leon/valladolid/bodegas-protos-d-o-rueda-la-seca.webp,,sí,ecommerce,,2309,,,,,,,es,castilla-y-leon,valladolid,,,,,,
bodega-emina-rueda-medina-del-campo,Bodega Emina Rueda,Medina del Campo,Vino,,"Carretera Medina del Campo-Olmedo, km 1,4, 47400 Medina del Campo, Valladolid","Bodega de Familia Matarromera dedicada a vinos blancos de la D.O. Rueda, con elaboración y viñedos en el entorno de Medina del Campo.",Consultar web o venta directa,+34983803346,emina@emina.es,https://emina.es/,,https://www.instagram.com/eminawines/,https://www.google.com/maps/search/?api=1&query=Bodega%20Emina%20Rueda%2C%20Carretera%20Medina%20del%20Campo-Olmedo%2C%20km%201%2C4%2C%2047400%20Medina%20del%20Campo%2C%20Valladolid&query_place_id=ChIJ-xJdHSdQRw0RBpIQ6imfpNs,41.3110034,-4.8960949,/productores/es/castilla-y-leon/valladolid/bodega-emina-rueda-medina-del-campo.webp,,sí,ecommerce,,1424,es,,,,,,es,castilla-y-leon,valladolid,,,,,,
bodegas-eresma-la-soterrana-olmedo,Bodegas Eresma - La Soterraña,Olmedo,Vino,,"N-601, km 151, 47410 Olmedo, Valladolid",,Consultar web o venta directa,+34983601026,info@bodegaslasoterrana.com,https://bodegaeresma.com/,,https://www.instagram.com/bodegaeresma/,https://www.google.com/maps/search/?api=1&query=Bodegas%20Eresma%20-%20La%20Soterra%C3%B1a%2C%20Pol%C3%ADgono%20industrial%20jose%20antonio%20Gonzalez%20Caviedes%2C%20parcela%20144%2C%2047410%20Olmedo%2C%20Valladolid&query_place_id=ChIJL5KLuv02Rw0ROhavBwRuC3Y,41.3134307,-4.6861925,/productores/es/castilla-y-leon/valladolid/bodegas-eresma-la-soterrana-olmedo.webp,,sí,ecommerce,,1998,,,,,,,es,castilla-y-leon,valladolid,,,,,,
bodegas-y-vinedos-la-mejorada-olmedo,Bodegas y Viñedos La Mejorada,Olmedo,Vino,,"Monasterio de La Mejorada, s/n, 47410 Olmedo, Valladolid",,Consultar web o venta directa,+34983483057,,https://www.lamejorada.es/,,https://www.instagram.com/lamejoradabodegas/,https://www.google.com/maps/search/?api=1&query=Bodegas%20y%20Vi%C3%B1edos%20La%20Mejorada%2C%20VA-405%2C%20Km%2032%2C%205%2C%2047410%20Olmedo%2C%20Valladolid&query_place_id=ChIJAQAAAEA2Rw0RKL-2tbhu_NA,41.3157253,-4.73943,/productores/es/castilla-y-leon/valladolid/bodegas-y-vinedos-la-mejorada-olmedo.webp,,sí,ecommerce,,2522,,,,,,,es,castilla-y-leon,valladolid,,,,,,
bodega-convento-de-oreja-s-l-penafiel,Bodega Convento de Oreja S.L.,Peñafiel,Vino,,"Calle de La Fuente, s/n, 47318 Peñafiel, Valladolid",,Consultar web o venta directa,+34685990596,convento@conventooreja.es,https://www.conventooreja.net/,,https://www.instagram.com/conventooreja/,https://www.google.com/maps/search/?api=1&query=Bodega%20Convento%20de%20Oreja%20S.L.%2C%20C%2F%20de%20La%20Fuente%2C%20s%2Fn%2C%2047300%20Pe%C3%B1afiel%2C%20Valladolid&query_place_id=ChIJ1bI0ZzrrRg0RTzT3QxTGbmE,41.5817495,-4.0811246,/productores/es/castilla-y-leon/valladolid/bodega-convento-de-oreja-s-l-penafiel.webp,,sí,ecommerce,,1351,,,,,,,es,castilla-y-leon,valladolid,,,,,,
bodega-la-olmilla-penafiel,Bodega La Olmilla,Peñafiel,Vino,,"C. Olmilla, 2, 47300 Peñafiel, Valladolid",,Consultar web o venta directa,+34689796521,info@bodegalaolmilla.es,https://bodegalaolmilla.es/,,,https://www.google.com/maps/search/?api=1&query=Bodega%20La%20Olmilla%2C%20C.%20Olmilla%2C%202%2C%2047300%20Pe%C3%B1afiel%2C%20Valladolid&query_place_id=ChIJyS_f2aHrRg0R2ZezJ0pkGcA,41.5972097,-4.1168837,/productores/es/castilla-y-leon/valladolid/bodega-la-olmilla-penafiel.webp,pendiente,no,,,1501,,,,,,,es,castilla-y-leon,valladolid,,,,,,
bodega-pago-de-carraovejas-penafiel,Bodega Pago de Carraovejas,Peñafiel,Vino,,"Camino de Carraovejas, s/n, 47300 Peñafiel, Valladolid",,Consultar web o venta directa,+34983878020,,https://www.pagodecarraovejas.com/,,https://www.instagram.com/almacarraovejas/,https://www.google.com/maps/search/?api=1&query=Bodega%20Pago%20de%20Carraovejas%2C%20Camino%20de%20Carraovejas%2C%20s%2Fn%2C%2047300%20Pe%C3%B1afiel%2C%20Valladolid%2C%20Valladolid&query_place_id=ChIJcT4MyYPrRg0Ru08DPvWqI1Y,41.594665,-4.087886999999999,/productores/es/castilla-y-leon/valladolid/bodega-pago-de-carraovejas-penafiel.webp,,sí,ecommerce,,1586,,,,,,,es,castilla-y-leon,valladolid,,,,,,
bodegas-marcos-penafiel,Bodegas Marcos,Peñafiel,Vino,,"Eras de la Pintada, P-6, parcela 41, 47300 Peñafiel, Valladolid",,Consultar web o venta directa,+34983881251,info@bodegasmarcos.com,https://bodegasmarcos.com/,,,https://www.google.com/maps/search/?api=1&query=Bodegas%20Marcos%2C%20Ca%C3%B1ada%20De%20San%20Pedro%2C%20S%2FN%2C%2047300%20Pe%C3%B1afiel%2C%20Valladolid&query_place_id=ChIJDSYl6XjrRg0RbIqMaVTzVus,41.6015162,-4.108876700000001,/productores/es/castilla-y-leon/valladolid/bodegas-marcos-penafiel.webp,,no,,,2167,,,,,,,es,castilla-y-leon,valladolid,,,,,,
bodegas-penafalcon-sl-penafiel,Bodegas Peñafalcón SL,Peñafiel,Vino,,"C. Pisuerga, 42, 47300 Peñafiel, Valladolid",,Consultar web o venta directa,+34625184871,casi@bodegaspenafalcon.com,https://bodegaspenafalcon.com/,,,https://www.google.com/maps/search/?api=1&query=Bodegas%20Pe%C3%B1afalc%C3%B3n%20SL%2C%20C.%20Pisuerga%2C%2042%2C%2047300%20Pe%C3%B1afiel%2C%20Valladolid&query_place_id=ChIJNcwAuHjrRg0R7r99CuS_AAE,41.6020942,-4.1090662,/productores/es/castilla-y-leon/valladolid/bodegas-penafalcon-sl-penafiel.webp,,sí,ecommerce,,2284,,,,,,,es,castilla-y-leon,valladolid,,,,,,
bodegas-penafiel-penafiel,Bodegas Peñafiel,Peñafiel,Vino,,"Av. Valladolid Soria, km 311, 47300 Peñafiel, Valladolid",,Consultar web o venta directa,+34983881622,,https://www.bodegaspenafiel.com/,,https://www.instagram.com/bodegaspenafiel/,https://www.google.com/maps/search/?api=1&query=Bodegas%20Pe%C3%B1afiel%2C%20Av.%20Valladolid%20Soria%2C%20km%20311%2C%2047300%20Pe%C3%B1afiel%2C%20Valladolid&query_place_id=ChIJXdj7goXrRg0R6_PbKtLpY6g,41.6084016,-4.154527,/productores/es/castilla-y-leon/valladolid/bodegas-penafiel-penafiel.webp,,sí,ecommerce,,2285,,,,,,,es,castilla-y-leon,valladolid,,,,,,
bodegas-protos-penafiel,Bodegas Protos,Peñafiel,Vino,,"Cam. Bodegas Protos, 24-28, 47300 Peñafiel, Valladolid",,Consultar web o venta directa,+34983878011,bodega@bodegasprotos.com,https://www.bodegasprotos.com/,,https://www.instagram.com/bodegasprotosoficial/,https://www.google.com/maps/search/?api=1&query=Bodegas%20Protos%2C%20Cam.%20Bodegas%20Protos%2C%2024-28%2C%2047300%20Pe%C3%B1afiel%2C%20Valladolid&query_place_id=ChIJzyVyE4PrRg0RlDhfqVuix08,41.5998048,-4.1137293,/productores/es/castilla-y-leon/valladolid/bodegas-protos-penafiel.webp,,sí,ecommerce,,2308,,,,,,,es,castilla-y-leon,valladolid,,,,,,
bodegas-zifar-penafiel,Bodegas Zifar,Peñafiel,Vino,,"C. Afueras de Juan Manuel, 9, 47300 Peñafiel, Valladolid",,Consultar web o venta directa,+34983873147,bodegaszifar@zifar.com,https://www.bodegaszifar.com/,,https://www.instagram.com/bodegaszifar/,https://www.google.com/maps/search/?api=1&query=Bodegas%20Zifar%2C%20C.%20Afueras%20de%20Juan%20Manuel%2C%209%2C%2047300%20Pe%C3%B1afiel%2C%20Valladolid&query_place_id=ChIJPUzhQprrRg0RBsxrLI5v8Ys,41.5913042,-4.1196725,/productores/es/castilla-y-leon/valladolid/bodegas-zifar-penafiel.webp,,sí,ecommerce,,2545,,,,,,,es,castilla-y-leon,valladolid,,,,,,
bodega-dehesa-de-los-canonigos-pesquera-de-duero,Bodega Dehesa de los Canónigos,Pesquera de Duero,Vino,,"Carretera Renedo-Pesquera, Km 37, 47315 Pesquera de Duero, Valladolid",,Consultar web o venta directa,+34983484001,comercial@dehesadeloscanonigos.com,https://www.dehesadeloscanonigos.com/,,https://www.instagram.com/dehesadeloscanonigos/,https://www.google.com/maps/search/?api=1&query=Bodega%20Dehesa%20de%20los%20Can%C3%B3nigos%2C%20Carretera%20Renedo-Pesquera%2C%20Km%2037%2C%2047315%20Pesquera%20de%20Duero%2C%20Valladolid&query_place_id=ChIJY372d3TvRg0RRHgYKdBHFGU,41.6360179,-4.2159248,/productores/es/castilla-y-leon/valladolid/bodega-dehesa-de-los-canonigos-pesquera-de-duero.webp,,sí,ecommerce|email,,1381,,,,,,,es,castilla-y-leon,valladolid,,,,,,
bodega-tinto-pesquera-pesquera-de-duero,Bodega Tinto Pesquera,Pesquera de Duero,Vino,,"C. Real, 2, 47315 Pesquera de Duero, Valladolid",,Consultar web o venta directa,+34983870037,pedidos@familiafernandezrivera.com,https://familiafernandezrivera.com/bodegas/tinto-pesquera/,,https://www.instagram.com/familiafernandezrivera/,https://www.google.com/maps/search/?api=1&query=Bodega%20Tinto%20Pesquera%2C%20C.%20Real%2C%202%2C%2047315%20Pesquera%20de%20Duero%2C%20Valladolid&query_place_id=ChIJf8B5gobuRg0RRNXiyfC4eKA,41.6430345,-4.1530476,/productores/es/castilla-y-leon/valladolid/bodega-tinto-pesquera-pesquera-de-duero.webp,,sí,ecommerce,,1682,,,,,,,es,castilla-y-leon,valladolid,,,,,,
bodegas-emilio-moro-s-l-ribera-del-duero-pesquera-de-duero,Bodegas Emilio Moro,Pesquera de Duero,Vino,,"Ctra. Peñafiel-Valoria, S/N, 47315 Pesquera de Duero, Valladolid",,Consultar web o venta directa,+34983878400,bodega@emiliomoro.com,https://www.emiliomoro.com/,,https://www.instagram.com/bodegasemiliomoro/,https://www.google.com/maps/search/?api=1&query=Bodegas%20Emilio%20Moro%20S.L.%20-%20Ribera%20del%20Duero%2C%20Ctra.%20Pe%C3%B1afiel-Valoria%2C%20S%2FN%2C%2047315%20Pesquera%20de%20Duero%2C%20Valladolid&query_place_id=ChIJs1jrZSrsRg0RzcJbj5u8osI,41.6430088,-4.15076,/productores/es/castilla-y-leon/valladolid/bodegas-emilio-moro-s-l-ribera-del-duero-pesquera-de-duero.webp,,sí,ecommerce,,1991,,,,,,,es,castilla-y-leon,valladolid,,,,,,
bodegas-rueda-perez-pozaldez,Bodegas Rueda Pérez,Pozaldez,Vino,,"C. Boyón, 17, 47220 Pozaldez, Valladolid",,Consultar web o venta directa,+34983822049,,https://www.bodegasruedaperez.es/,,https://www.instagram.com/bodegasruedaperez/,https://www.google.com/maps/search/?api=1&query=Bodegas%20Rueda%20P%C3%A9rez%2C%20C.%20Boy%C3%B3n%2C%2017%2C%2047220%20Pozaldez%2C%20Valladolid&query_place_id=ChIJaXW5yn9FRw0RBObQOrkvwWk,41.3725499,-4.840085999999999,,,no,,,2354,,,,,,,es,castilla-y-leon,valladolid,,,,,,
bodegas-arzuaga-navarro-quintanilla-de-onesimo,Bodegas Arzuaga Navarro,Quintanilla de Onésimo,Vino,,"N-122, 325, 47350 Quintanilla de Onésimo, Valladolid","Bodega de la D.O. Ribera del Duero con viñedos, elaboración y enoturismo en Quintanilla de Onésimo.",Consultar web o venta directa,+34983681146,,https://www.arzuaganavarro.com/,,https://www.instagram.com/bodegasarzuaga/,https://www.google.com/maps/search/?api=1&query=Bodegas%20Arzuaga%20Navarro%2C%20N-122%2C%20325%2C%2047350%20Quintanilla%20de%20On%C3%A9simo%2C%20Valladolid&query_place_id=ChIJfy1_vI_jRg0R6a0MOStUCl0,41.6281808,-4.3238205,/productores/es/castilla-y-leon/valladolid/bodegas-arzuaga-navarro-quintanilla-de-onesimo.webp,,sí,ecommerce,,1812,es,,,,,,es,castilla-y-leon,valladolid,,,,,,
bodega-entrevidas-rueda,Bodega Entrevidas,Rueda,Vino,,"C. Asilo, 5, 47490 Rueda, Valladolid",,Consultar web o venta directa,+34628417187,anaruiz@bodegaentrevidas.es,https://bodegaentrevidas.com/,,,https://www.google.com/maps/search/?api=1&query=Bodega%20Entrevidas%2C%20C.%20Asilo%2C%205%2C%2047490%20Rueda%2C%20Valladolid&query_place_id=ChIJdSAmlglcRw0RiqCfRbRxYio,41.4162817,-4.962476,/productores/es/castilla-y-leon/valladolid/bodega-entrevidas-rueda.webp,,sí,email|telefono,,1427,,,,,,,es,castilla-y-leon,valladolid,,,,,,
bodega-finca-montepedroso-rueda,Bodega Finca Montepedroso,Rueda,Vino,,"Camino la, Av. Morejona, s/n, 47490 Rueda, Valladolid",,Consultar web o venta directa,+34983868977,,https://familiamartinezbujanda.com/finca-montepedroso/,,https://www.instagram.com/fincamontepedroso/,https://www.google.com/maps/search/?api=1&query=Bodega%20Finca%20Montepedroso%2C%20Camino%20la%2C%20Av.%20Morejona%2C%20s%2Fn%2C%2047490%20Rueda%2C%20Valladolid&query_place_id=ChIJj51-FxJcRw0Roy6EAKxi9uo,41.4263697,-4.960939499999999,/productores/es/castilla-y-leon/valladolid/bodega-finca-montepedroso-rueda.webp,,sí,ecommerce,,1444,,,,,,,es,castilla-y-leon,valladolid,,,,,,
bodega-gotica-rueda,Bodega Gotica,Rueda,Vino,,"Carretera-La Seca, Km 1, 2, 47490 Rueda, Valladolid",,Consultar web o venta directa,+34620752642,info@bodegagotica.com,https://bodegagotica.com/,,https://www.instagram.com/bodega_gotica/,https://www.google.com/maps/search/?api=1&query=Bodega%20Gotica%2C%20Carretera-La%20Seca%2C%20Km%201%2C%202%2C%2047490%20Rueda%2C%20Valladolid&query_place_id=ChIJz6ixHopbRw0Rkbeq0LlosIQ,41.414015,-4.950971,/productores/es/castilla-y-leon/valladolid/bodega-gotica-rueda.webp,,sí,ecommerce,,1459,,,,,,,es,castilla-y-leon,valladolid,,,,,,
bodega-grupo-valdecuevas-rueda-rueda,Bodega Grupo Valdecuevas Rueda,Rueda,Vino,,"Ctra. Rueda - Nava del Rey, km 2, 5, 47490 Rueda, Valladolid",,Consultar web o venta directa,+34983034356,info@valdecuevas.es,https://valdecuevas.es/,,https://www.instagram.com/bodegas_valdecuevas/,https://www.google.com/maps/search/?api=1&query=Bodega%20Grupo%20Valdecuevas%20Rueda%2C%20Ctra.%20Rueda%20-%20Nava%20del%20Rey%2C%20km%202%2C%205%2C%2047490%20Rueda%2C%20Valladolid&query_place_id=ChIJnQGnrABZRw0RmaaTXpd5xSs,41.393648,-4.980754999999999,/productores/es/castilla-y-leon/valladolid/bodega-grupo-valdecuevas-rueda-rueda.webp,,sí,ecommerce,,1463,,,,,,,es,castilla-y-leon,valladolid,,,,,,
bodega-pagos-del-rey-rueda-rueda,Bodega Pagos del Rey Rueda,Rueda,Vino,,"Av. Morejona, 6, 47490 Rueda, Valladolid",,Consultar web o venta directa,+34983868182,rueda@pagosdelrey.com,https://www.pagosdelrey.com/winery/pagos-del-rey-rueda/,,https://www.instagram.com/pagosdelreywines/,https://www.google.com/maps/search/?api=1&query=Bodega%20Pagos%20del%20Rey%20Rueda%2C%20Av.%20Morejona%2C%206%2C%2047490%20Rueda%2C%20Valladolid&query_place_id=ChIJOc90IwxcRw0ReUX0vfik48o,41.42003,-4.959613,/productores/es/castilla-y-leon/valladolid/bodega-pagos-del-rey-rueda-rueda.webp,,sí,ecommerce,,1591,,,,,,,es,castilla-y-leon,valladolid,,,,,,
bodegas-de-los-herederos-del-marques-de-riscal-rueda,Bodegas de los Herederos del Marqués de Riscal,Rueda,Vino,,"Autovía del Noroeste, 172, 47490 Rueda, Valladolid",,Consultar web o venta directa,+34983868029,marquesderiscal@marquesderiscal.com,https://www.marquesderiscal.com/,,https://www.instagram.com/marquesderiscal/,https://www.google.com/maps/search/?api=1&query=Bodegas%20de%20los%20Herederos%20del%20Marqu%C3%A9s%20de%20Riscal%2C%20Autov%C3%ADa%20del%20Noroeste%2C%20172%2C%2047490%20Rueda%2C%20Valladolid&query_place_id=ChIJK9rklJ9gRw0Rrk9LpwatbI4,41.4242335,-4.9647763,/productores/es/castilla-y-leon/valladolid/bodegas-de-los-herederos-del-marques-de-riscal-rueda.webp,,sí,ecommerce,,1945,,,,,,,es,castilla-y-leon,valladolid,,,,,,
bodegas-menade-rueda,Bodegas Menade,Rueda,Vino,,"Ctra. Rueda – Nava Del Rey, Km 1 (VP 8902 Salida 170 desde, Autovía del Noroeste, 47490 Rueda, Valladolid",,Consultar web o venta directa,+34983103223,info@menade.es,https://www.menade.es/,,https://www.instagram.com/bodegasmenade/,https://www.google.com/maps/search/?api=1&query=Bodegas%20Menade%2C%20Ctra.%20Rueda%20%E2%80%93%20Nava%20Del%20Rey%2C%20Km%201%20%28VP%208902%20Salida%20170%20desde%2C%20Autov%C3%ADa%20del%20Noroeste%2C%2047490%20Rueda%2C%20Valladolid&query_place_id=ChIJvRzG7FlZRw0RrwvjhmzUlXw,41.4027177,-4.9814728,/productores/es/castilla-y-leon/valladolid/bodegas-menade-rueda.webp,,sí,ecommerce,,2201,,,,,,,es,castilla-y-leon,valladolid,,,,,,
bodegas-mocen-rueda,Bodegas Mocén,Rueda,Vino,,"Calle Arribas, 7-9, 47490 Rueda, Valladolid",,Consultar web o venta directa,+34983868533,info@bodegasmocen.com,https://bodegasmocen.es/,,https://www.instagram.com/mocenbodegas/,https://www.google.com/maps/search/?api=1&query=Bodegas%20Moc%C3%A9n%2C%20C.%20Arriba%2C%207%2C%2047490%20Rueda%2C%20Valladolid&query_place_id=ChIJ7YapIvZbRw0RAnpIivYnixk,41.413145,-4.9627202,,,no,,,2208,,,,,,,es,castilla-y-leon,valladolid,,,,,,
bodegas-rippa-dorii-rueda,Bodegas Rippa Dorii,Rueda,Vino,,"Carretera A-6, km 172, 47490 Rueda, Valladolid",Bodega de Ontañón Familia en Rueda dedicada a vinos blancos de verdejo bajo el proyecto Rippa Dorii.,Consultar web o venta directa,+34639266011,maria.garcia@ontanon.es,https://www.ontanon.es/ontanon-familia/,,,https://www.google.com/maps/search/?api=1&query=Bodegas%20Rippa%20Dorii%2C%20Carretera%20A-6%2C%20km%20172%2C%2047490%20Rueda%2C%20Valladolid&query_place_id=ChIJx_hDwQ5cRw0RH1jDpOQ8jSE,41.4204885,-4.962629199999999,/productores/es/castilla-y-leon/valladolid/bodegas-rippa-dorii-rueda.webp,,sí,ecommerce,,2337,es,,,,,,es,castilla-y-leon,valladolid,,,,,,
bodegas-viore-rueda,Bodegas Viore,Rueda,Vino,,"C. Miguel Hernández, 31, 47490 Rueda, Valladolid",,Consultar web o venta directa,+34983868111,info@bodegasriojanas.com,https://www.bodegasriojanas.com/nuestras-marcas/viore-rueda/,,https://www.instagram.com/bodegasriojanas/,https://www.google.com/maps/search/?api=1&query=Bodegas%20Viore%2C%20C.%20Miguel%20Hern%C3%A1ndez%2C%2031%2C%2047490%20Rueda%2C%20Valladolid&query_place_id=ChIJPwbnB_NbRw0R3RxN63NCXHU,41.4077825,-4.9583939,/productores/es/castilla-y-leon/valladolid/bodegas-viore-rueda.webp,,sí,ecommerce,,2486,,,,,,,es,castilla-y-leon,valladolid,,,,,,
yllera-bodegas-y-vinedos-rueda,Yllera Bodegas y Viñedos,Rueda,Vino,,"Autovía del Noroeste, 173, 47490 Rueda, Valladolid",,Consultar web o venta directa,+34983868097,grupoyllera@grupoyllera.com,https://www.grupoyllera.com/,,https://www.instagram.com/bodegas_yllera/,https://www.google.com/maps/search/?api=1&query=Yllera%20Bodegas%20y%20Vi%C3%B1edos%2C%20Autov%C3%ADa%20del%20Noroeste%2C%20173%2C%2047490%20Rueda%2C%20Valladolid&query_place_id=ChIJsdSS3QJcRw0R0awhocloLWM,41.43044099999999,-4.9713403,/productores/es/castilla-y-leon/valladolid/yllera-bodegas-y-vinedos-rueda.webp,,sí,ecommerce,,12406,,,,,,,es,castilla-y-leon,valladolid,,,,,,
bodega-muelas-tordesillas,Bodega Muelas,Tordesillas,Vino,,"C. Sta. María, 3, 47100 Tordesillas, Valladolid",Bodega familiar de Tordesillas que elabora vinos de las D.O. Rueda y Ribera del Duero y vinos de la tierra.,Consultar web o venta directa,+34680248368,,https://www.bodegamuelas.com/,,https://www.instagram.com/bodegamuelas/,https://www.google.com/maps/search/?api=1&query=Bodega%20Muelas%2C%20C.%20Sta.%20Mar%C3%ADa%2C%203%2C%2047100%20Tordesillas%2C%20Valladolid&query_place_id=ChIJZTO-FrVhRw0RCtF3IH3vA3w,41.5011514,-5.0005418,/productores/es/castilla-y-leon/valladolid/bodega-muelas-tordesillas.webp,,sí,ecommerce,,1569,es,,,,,,es,castilla-y-leon,valladolid,,,,,,
embutidos-canibano-collantes-bolanos-de-campos,Embutidos Cañibano Collantes,Bolaños de Campos,Carne,Carnes y embutidos,"C. Bodegas, 2, 47675 Bolaños de Campos, Valladolid","Empresa familiar de Bolaños de Campos con carnicería, fábrica, obrador, sala de despiece y secadero propios.",Consultar web o venta directa,+34983757118,info@embutidoscanibanocollantes.com,https://www.embutidoscanibanocollantes.com/,,,https://www.google.com/maps/search/?api=1&query=Embutidos%20Ca%C3%B1ibano%20Collantes%2C%20C.%20Bodegas%2C%202%2C%2047675%20Bola%C3%B1os%20de%20Campos%2C%20Valladolid&query_place_id=ChIJA3gVQO9uOA0R0g9LhSJ40gI,42.0074941,-5.282833,/productores/es/castilla-y-leon/valladolid/embutidos-canibano-collantes-bolanos-de-campos.webp,,sí,ecommerce|whatsapp,,5406,es,,,,,,es,castilla-y-leon,valladolid,,,,,,
ibericos-hermanos-marcos-carpio,Ibéricos Hermanos Marcos,Carpio,Carne,Carnes y embutidos,"Ctra. Ataquines-Alaejos, KM 26, 47470 Carpio, Valladolid",Fábrica y secadero de productos ibéricos con matadero y sala de despiece propios en Carpio.,Consultar web o venta directa,+34983481022,info@ibericoselcarpio.com,https://ibericoselcarpio.com/,,,https://www.google.com/maps/search/?api=1&query=EMBUTIDOS%20DE%20CARPIO%20SL%2C%20Ctra.%20Ataquines-Alaejos%2C%20KM%2026%2C%2047470%20Carpio%2C%20Valladolid&query_place_id=ChIJKWuRjP6rOA0RYEWkzm7ppFQ,41.21438980000001,-5.0974397,/productores/es/castilla-y-leon/valladolid/ibericos-hermanos-marcos-carpio.webp,,sí,ecommerce,,7066,es,,,,,,es,castilla-y-leon,valladolid,,,,,,
carniceria-artesana-diez-herrero-cogeces-del-monte,Carnicería Artesana Díez Herrero,Cogeces del Monte,Carne,Carnes y embutidos,"C. la Fe, 1, 47313 Cogeces del Monte, Valladolid",Carnicería familiar fundada en 1982 que elabora embutidos y preparados artesanos en Cogeces del Monte.,Consultar web o venta directa,+34983699243,pedidos@carniceriadiezherrero.es,https://carniceriadiezherrero.es/,,https://www.instagram.com/carniceria_diez_herrero/,https://www.google.com/maps/search/?api=1&query=Carnicer%C3%ADa%20Artesana%20D%C3%ADez%20Herrero%2C%20C.%20Real%2C%2086%2C%2047313%20Cogeces%20del%20Monte%2C%20Valladolid&query_place_id=ChIJQdr6O3XfRg0RSIl3M_sV7Iw,41.512127,-4.327484699999999,/productores/es/castilla-y-leon/valladolid/carniceria-artesana-diez-herrero-cogeces-del-monte.webp,,sí,whatsapp|email,,3200,es,,,,,,es,castilla-y-leon,valladolid,,,,,,
cerveza-artesanal-patagonia-aldeamayor-de-san-martin,Cerveza Artesanal Patagonia,Aldeamayor de San Martín,Cerveza,Cerveza artesana,"C. Pino Negral, 20, 47162 Aldeamayor de San Martín, Valladolid",Microcervecera de Aldeamayor de San Martín que elabora cerveza e hidromiel artesanal sin filtrar ni pasteurizar.,Consultar web o venta directa,+34616093396,info@cervezaartesanalpatagonia.com,https://www.cervezaartesanalpatagonia.com/,,https://www.instagram.com/cervezaartesanalpatagonia/,https://www.google.com/maps/search/?api=1&query=Cerveza%20Artesanal%20Patagonia%2C%20C.%20Pino%20Negral%2C%2020%2C%2047162%20Aldeamayor%20de%20San%20Mart%C3%ADn%2C%20Valladolid&query_place_id=ChIJ9SIFlTsVRw0RyPJKe0FHNQA,41.5395928,-4.664151299999999,/productores/es/castilla-y-leon/valladolid/cerveza-artesanal-patagonia-aldeamayor-de-san-martin.webp,,no,,,3851,es,,,,,,es,castilla-y-leon,valladolid,,,,,,
cervezas-la-sardon-de-duero,Cervezas LA,Sardón de Duero,Cerveza,Cerveza artesana,"C. Eras, 10 bis, 47340 Sardón de Duero, Valladolid",Cervecera nómada radicada en Sardón de Duero que comercializa seis referencias artesanas propias.,Consultar web o venta directa,+34652825513,pablo@cervezasla.es,http://www.cervezasla.es/,,,https://www.google.com/maps/search/?api=1&query=Cervezas%20LA%2C%20C.%20Eras%2C%208%2C%2047340%20Sard%C3%B3n%20de%20Duero%2C%20Valladolid&query_place_id=ChIJTypgv80dRw0RhCotUMlTfI4,41.6071968,-4.4349759,,,sí,marketplace,,3956,es,,,,,,es,castilla-y-leon,valladolid,,,,,,
da-silva-imagina-chocolate-artesanal-valladolid,Da Silva Imagina,Valladolid,Chocolate,Bombones de autor; colecciones de chocolate; panettone,"Av. del Euro, 24, 47009 Valladolid","Obrador vallisoletano especializado en bombones, chocolate y pastelería de elaboración artesanal y recetas propias.",Consultar web o venta directa,+34983045904,info@dasilvaimagina.com,https://www.dasilvaimagina.com/,,https://www.instagram.com/dasilvagastronomia/,https://www.google.com/maps/search/?api=1&query=Da%20Silva%20Imagina%20%7C%20Chocolate%20artesanal%2C%20Av.%20del%20Euro%2C%2024%2C%2047009%20Valladolid&query_place_id=ChIJnUoimVINRw0RcDEmGvk258w,41.67224179999999,-4.7195903,/productores/es/castilla-y-leon/valladolid/da-silva-imagina-chocolate-artesanal-valladolid.webp,,sí,ecommerce,,4730,es,,,,,,es,castilla-y-leon,valladolid,,,,,,
frutos-secos-alcazaren-alcazaren,Frutos Secos Alcazarén · La Pilarica,Alcazarén,Frutos secos,Frutos secos; aperitivos; encurtidos; patatas fritas,"C. Farolas, 8, 47238 Alcazarén, Valladolid","Empresa de Alcazarén que elabora, prepara y envasa frutos secos, aperitivos y otros productos para comercio y hostelería.",Consultar web o venta directa,+34678522449,pedidoslapilarica@gmail.com,https://frutossecosalcazaren.es/,,,https://www.google.com/maps/search/?api=1&query=Frutos%20Secos%20Alcazaren%2C%20C.%20Farolas%2C%208%2C%2047238%20Alcazar%C3%A9n%2C%20Valladolid&query_place_id=ChIJ3cLB5Lc5Rw0RcIfWEw7CFSM,41.3667942,-4.6766653,/productores/es/castilla-y-leon/valladolid/frutos-secos-alcazaren-alcazaren.webp,,sí,whatsapp,,6331,es,,,,,,es,castilla-y-leon,valladolid,,,,,,
quesos-el-zarzal-laguna-de-duero,Quesos El Zarzal,Laguna de Duero,Lácteos y quesos,Quesos artesanos,"C. Resineros, s/n, 47140 Laguna de Duero, Valladolid",Granja y obrador familiar con rebaño caprino propio que elabora quesos y yogures artesanos en Laguna de Duero.,Consultar web o venta directa,+34644480272,,https://lacolmenaquedicesi.es/es-ES/producers/46772/farm,,,https://www.google.com/maps/search/?api=1&query=Quesos%20El%20Zarzal%2C%20C.%20Resineros%2C%2047140%20Laguna%20de%20Duero%2C%20Valladolid&query_place_id=ChIJzRnoOUMTRw0Rmaj1XZS1QUE,41.58838129999999,-4.6916025,,,sí,marketplace,,10823,es,,,,,,es,castilla-y-leon,valladolid,,,,,,
la-quesera-de-rueda-lacteos-artesanos-medina-sl-rueda,La Quesera de Rueda,Rueda,Lácteos y quesos,Quesos artesanos,"Av. Tordesillas, 47, 47490 Rueda, Valladolid",Quesería de Rueda que elabora quesos de oveja pasteurizados y de leche cruda con distintas maduraciones.,Consultar web o venta directa,+34983868298,,https://www.laqueseraderueda.com/,,https://www.instagram.com/laqueseraderueda/,https://www.google.com/maps/search/?api=1&query=La%20Quesera%20de%20Rueda%20%28L%C3%A1cteos%20Artesanos%20Medina%20SL%29%2C%20Av.%20Tordesillas%2C%2047%2C%2047490%20Rueda%2C%20Valladolid&query_place_id=ChIJD-wGTAlcRw0RYAmRX-gK-HI,41.4193963,-4.9617495,/productores/es/castilla-y-leon/valladolid/la-quesera-de-rueda-lacteos-artesanos-medina-sl-rueda.webp,,no,,,7823,es,,,,,,es,castilla-y-leon,valladolid,,,,,,
quesos-felix-armando-sanz-s-l-serrada,Quesos Félix,Serrada,Lácteos y quesos,Quesos artesanos,"CL-610 km. 26,5, 47231 Serrada, Valladolid",Quesería familiar de Serrada que mantiene desde 1952 la elaboración artesanal con leche cruda de oveja.,Consultar web o venta directa,+34983559106,info@quesosfelix.es,https://quesosfelix.es/,,https://www.instagram.com/quesosfelix/,https://www.google.com/maps/search/?api=1&query=QUESOS%20F%C3%89LIX%20Armando%20Sanz%20S.L.%2C%20CL-610%20km.%2026%2C5%2C%2047231%20Serrada%2C%20Valladolid&query_place_id=ChIJVQ2kExlDRw0Rd6JmlaCqObU,41.45156009999999,-4.8692639,/productores/es/castilla-y-leon/valladolid/quesos-felix-armando-sanz-s-l-serrada.webp,,sí,ecommerce,,10828,es,,,,,,es,castilla-y-leon,valladolid,,,,,,
queserias-entrepinares,Queserías Entrepinares,Valladolid,Lácteos y quesos,Quesos artesanos,"C. Vázquez de Menchaca, 9, parcela 137, 47008 Valladolid",Empresa familiar fundada en Valladolid en 1984 y dedicada a la fabricación de quesos y derivados lácteos.,Consultar web o venta directa,+34983457725,,https://www.entrepinares.es/,,https://www.instagram.com/queseriasentrepinares/,https://www.google.com/maps/search/?api=1&query=Queser%C3%ADas%20Entrepinares%2C%20C.%20V%C3%A1zquez%20de%20Menchaca%2C%209%2C%20parcela%20137%2C%2047008%20Valladolid&query_place_id=ChIJqcHEcNFsRw0Rl6EpAvxnQeY,41.623056,-4.732778,/productores/es/castilla-y-leon/valladolid/queserias-entrepinares.webp,,no,,,10683,es,,,,,,es,castilla-y-leon,valladolid,,,,,,
fabrica-de-quesos-s-quevedo-valoria-la-buena,Quesos Quevedo,Valoria la Buena,Lácteos y quesos,Quesos artesanos,"Av. Santiago Hidalgo, 36, 47200 Valoria la Buena, Valladolid",Quesería familiar de Valoria la Buena que elabora artesanalmente quesos con leche cruda de oveja y otras especialidades.,Consultar web o venta directa,+34983502110,info@queso-quevedo.es,https://www.queso-quevedo.es/,,https://www.instagram.com/quesosquevedo/,https://www.google.com/maps/search/?api=1&query=F%C3%A1brica%20de%20quesos%20S.%20Quevedo%2C%20Av.%20Santiago%20Hidalgo%2C%2036%2C%2047200%20Valoria%20la%20Buena%2C%20Valladolid&query_place_id=ChIJuevWnrAHRw0RR3H5OdADzBg,41.8002907,-4.535194,/productores/es/castilla-y-leon/valladolid/fabrica-de-quesos-s-quevedo-valoria-la-buena.webp,,sí,ecommerce,,10942,es,,,,,,es,castilla-y-leon,valladolid,,,,,,
quesos-valdeovejas-villanueva-de-los-caballeros,Quesos Valdeovejas,Villanueva de los Caballeros,Lácteos y quesos,Quesos artesanos,"Camino Real, s/n, 47850 Villanueva de los Caballeros, Valladolid",Empresa con ganadería propia que elabora queso artesanal de oveja y otros productos de sus explotaciones en Villanueva de los Caballeros.,Consultar web o venta directa,+34983482008,info@valdeovejas.com,https://valdeovejas.com/,,,https://www.google.com/maps/search/?api=1&query=Quesos%20Valdeovejas%2C%20Autov%C3%ADa%20del%20Noroeste%2C%2047850%20Villanueva%20de%20los%20Caballeros%2C%20Valladolid&query_place_id=ChIJGXZvtBGKOA0R4njqLf19RBg,41.7846993,-5.3225159,/productores/es/castilla-y-leon/valladolid/quesos-valdeovejas-villanueva-de-los-caballeros.webp,,sí,ecommerce,,10988,es,,,,,,es,castilla-y-leon,valladolid,,,,,,
la-miel-de-amable-castronuno,La Miel de Amable,Castronuño,Miel,Miel artesana,"C. Olivares, 24, 47520 Castronuño, Valladolid",Empresa apícola familiar con colmenares y producción propia limitada dentro de la Reserva Natural de Castronuño.,Consultar web o venta directa,+34622391510,info@lamieldeamable.es,https://lamieldeamable.es/,,https://www.instagram.com/lamieldeamable/,https://www.google.com/maps/search/?api=1&query=La%20miel%20de%20amable%2C%20C%5COlivares%2C%20N%C2%BA%2024%2C%2047520%20Castronu%C3%B1o%2C%20Valladolid&query_place_id=ChIJp5JnJGe7OA0R_pCQTBU-62I,41.3904238,-5.267111600000001,/productores/es/castilla-y-leon/valladolid/la-miel-de-amable-castronuno.webp,,sí,ecommerce,,7760,es,,,,,,es,castilla-y-leon,valladolid,,,,,,
pasteleria-reposteria-vg-la-casita-alaejos,Repostería La Casita,Alaejos,Pan y cereal,Palmeras; rosquillas; cocadas; pastas; polvorones y bollería,"C. Matadero, 11, 47510 Alaejos, Valladolid","Obrador artesano de Agroalimentaria Vicdul en Alaejos, activo desde 1984 y especializado en repostería tradicional hecha a mano.",Consultar web o venta directa,+34983817616,,https://www.reposterialacasita.com/,,https://www.instagram.com/reposteria.lacasita/,https://www.google.com/maps/search/?api=1&query=PASTELERIA%20REPOSTERIA%20vg.%20LA%20CASITA%2C%20C.%20Matadero%2C%2011%2C%2047510%20Alaejos%2C%20Valladolid&query_place_id=ChIJVccCheivOA0R2LoxPdakv-E,41.306335,-5.215737,/productores/es/castilla-y-leon/valladolid/pasteleria-reposteria-vg-la-casita-alaejos.webp,,sí,ecommerce,,11085,es,,,,,,es,castilla-y-leon,valladolid,,,,,,
dulces-y-conservas-helios-arroyo-de-la-encomienda,Dulces y Conservas Helios,Arroyo de la Encomienda,Conservas,Mermeladas; confituras; tomate frito; salsas y conservas vegetales,"Av. de Salamanca, 44, 47195 Arroyo de la Encomienda, Valladolid","Fábrica principal del Grupo Helios en Arroyo de la Encomienda, dedicada a mermeladas, confituras, salsas y conservas.",Consultar web o venta directa,+34983407849,,https://www.helios.es/,,https://www.instagram.com/helios1901/,https://www.google.com/maps/search/?api=1&query=Dulces%20y%20conservas%20Helios%2C%20Av.%20de%20Salamanca%2C%2044%2C%2047195%20Arroyo%20de%20la%20Encomienda%2C%20Valladolid&query_place_id=ChIJQ4Ig1lJsRw0RQQdB4fE4NwU,41.62111609999999,-4.777946099999999,/productores/es/castilla-y-leon/valladolid/dulces-y-conservas-helios-arroyo-de-la-encomienda.webp,,no,,,5002,es,,,,,,es,castilla-y-leon,valladolid,,,,,,
obrador-la-amona-cigales,Obrador La Amona,Cigales,Pan y cereal,Tarta de queso; bollos de mantequilla; magdalenas; tartas y confitería,"C. de las Armas, 31, 47270 Cigales, Valladolid",Obrador de Cigales que elabora pastelería y confitería artesanal con ingredientes naturales y encargos personalizados.,Consultar web o venta directa,+34633199150,obradoramona@gmail.com,https://obradorlaamona.es/,,,https://www.google.com/maps/search/?api=1&query=Obrador%20La%20amona%2C%20C.%20de%20las%20Armas%2C%2031%2C%2047270%20Cigales%2C%20Valladolid&query_place_id=ChIJASIjYOsLRw0Rl9PdXPjmt44,41.7592103,-4.6972765,/productores/es/castilla-y-leon/valladolid/obrador-la-amona-cigales.webp,,sí,whatsapp,,9150,es,,,,,,es,castilla-y-leon,valladolid,,,,,,
panaderia-artesanal-miga-y-miel-iscar,Panadería Artesanal Miga y Miel,Íscar,Pan y cereal,"Pan, bollería y productos de panadería artesana","C. Severino Pascual, 2, 47420 Íscar, Valladolid","Panadería artesanal activa en Íscar, localizada mediante directorios públicos actuales, sin fuente propia verificadora accesible.",Consultar web o venta directa,+34684726657,,,,,https://www.google.com/maps/search/?api=1&query=Panader%C3%ADa%20Artesanal%20Miga%20y%20Miel%2C%20C.%20Severino%20Pascual%2C%202%2C%2047420%20%C3%8Dscar%2C%20Valladolid&query_place_id=ChIJmWPbqQ0lRw0RKXIXT4kRO20,41.3610637,-4.530869399999999,,pendiente,no,,,9462,es,,,,,,es,castilla-y-leon,valladolid,,,,,,
panaderia-obrador-castellano-laguna-de-duero,Obrador Castellano,Laguna de Duero,Pan y cereal,Pan de masa fresca; bollería; repostería y pastelería,"C. Barreros, 7, 47140 Laguna de Duero, Valladolid",Empresa familiar fundada en 1986 que amasa y hornea diariamente pan y repostería propios en su obrador de Laguna de Duero.,Consultar web o venta directa,+34983545261,,https://obradorcastellano.com/,,https://www.instagram.com/obradorcastellano/,https://www.google.com/maps/search/?api=1&query=Panader%C3%ADa%20Obrador%20Castellano%2C%20C.%20Cam.%20de%20los%20Barreros%2C%207%2C%2047140%20Laguna%20de%20Duero%2C%20Valladolid&query_place_id=ChIJqTCCAVgTRw0RLqJNcz8Qk2Q,41.5847611,-4.717351499999999,,pendiente,no,,,9127,es,,,,,,es,castilla-y-leon,valladolid,,,,,,
madapan-panaderia-obrador-cafe-mayorga,Madapan,Mayorga,Pan y cereal,Pan candeal; barra castellana; chapata; integral; centeno y dulces,"C. Jesús, 2, 47680 Mayorga, Valladolid","Obrador y café de Mayorga que elabora a mano pan candeal, panes de larga fermentación y dulces.",Consultar web o venta directa,+34722833052,hola@madapan.es,https://www.madapan.es/,,https://www.instagram.com/mada_pan/,https://www.google.com/maps/search/?api=1&query=Madapan%20Panader%C3%ADa%20Obrador%20Caf%C3%A9%2C%20C.%20Jes%C3%BAs%2C%202%2C%2047680%20Mayorga%2C%20Valladolid&query_place_id=ChIJrVEzSWYTOA0RvELJoM_FZSU,42.1663269,-5.2624362,/productores/es/castilla-y-leon/valladolid/madapan-panaderia-obrador-cafe-mayorga.webp,,no,,,8272,es,,,,,,es,castilla-y-leon,valladolid,,,,,,
el-obrador-de-torrecilla-torrecilla-de-la-orden,El Obrador de Torrecilla,Torrecilla de la Orden,Pan y cereal,Polvorones; rosquillas bañadas; pastas; mantecados; hojaldres y cocadas,"C. San Ginés, 40, 47513 Torrecilla de la Orden, Valladolid",Obrador familiar de repostería artesanal activo desde 2005 en Torrecilla de la Orden.,Consultar web o venta directa,+34983818128,,https://elobradordetorrecilla.com/,,https://www.instagram.com/elobradordetorrecilla/,https://www.google.com/maps/search/?api=1&query=El%20Obrador%20de%20Torrecilla%2C%20C.%20San%20Gines%2C%2040%2C%2047513%20Torrecilla%20de%20la%20Orden%2C%20Valladolid&query_place_id=ChIJX1knxo6tOA0RA91KYsfhYKc,41.21647,-5.2226558,/productores/es/castilla-y-leon/valladolid/el-obrador-de-torrecilla-torrecilla-de-la-orden.webp,,no,,,5233,es,,,,,,es,castilla-y-leon,valladolid,,,,,,
bucle-reposteria-y-cafe-valladolid,Bucle Obrador,Valladolid,Pan y cereal,Bollería hojaldrada; cookies; bizcochos; focaccia y repostería,"C. Imperial, 24, 47003 Valladolid","Obrador y café de Valladolid que hornea diariamente bollería, repostería y productos salados.",Consultar web o venta directa,+34641970203,hola@bucleobrador.es,https://bucleobrador.es/,,https://www.instagram.com/bucle.obrador/,https://www.google.com/maps/search/?api=1&query=BUCLE%20-%20Reposter%C3%ADa%20y%20caf%C3%A9%2C%20C.%20Imperial%2C%2024%2C%2047003%20Valladolid&query_place_id=ChIJDbDjwy1tRw0RcXR0cNy3y9U,41.6587956,-4.7295688,/productores/es/castilla-y-leon/valladolid/bucle-reposteria-y-cafe-valladolid.webp,,sí,ecommerce,,2628,es,,,,,,es,castilla-y-leon,valladolid,,,,,,
el-obrador-valladolid,Pastelería El Obrador,Valladolid,Pan y cereal,Pasteles; tartas; pan y bollería,"C. Pérez Galdós, 34, 47005 Valladolid",Pastelería de barrio con elaboración propia en la calle Pérez Galdós de Valladolid.,Consultar web o venta directa,+34983399870,,,,,https://www.google.com/maps/search/?api=1&query=El%20Obrador%2C%20C.%20P%C3%A9rez%20Gald%C3%B3s%2C%2034%2C%2047005%20Valladolid&query_place_id=ChIJsXlAI7oSRw0RsaWfd7xRqVk,41.6497458,-4.715870400000001,,pendiente,no,,,9800,es,,,,,,es,castilla-y-leon,valladolid,,,,,,
matizes-pasteleria,Matizes Pastelería,Valladolid,Pan y cereal,Pastelería y repostería artesana,"C. Colón, 6, 47005 Valladolid","Pastelería vallisoletana con actividad actual documentada, pero sin una fuente propia verificadora accesible.",Consultar web o venta directa,+34627781893,,,,,https://www.google.com/maps/search/?api=1&query=Matizes%20Pasteler%C3%ADa%2C%20C.%20Col%C3%B3n%2C%206%2C%2047005%20Valladolid&query_place_id=ChIJV3xQEB4TRw0RIU86WohTnT4,41.6527045,-4.7179369,,pendiente,no,,,8523,es,,,,,,es,castilla-y-leon,valladolid,,,,,,
obrador-al-pan-pan,Obrador Al Pan Pan,Valladolid,Pan y cereal,Pan; bollería y repostería,"C. de Manuel Azaña, 57, 47014 Valladolid","Panadería y obrador activo en Parquesol, Valladolid, sin fuente propia verificadora accesible durante la revisión.",Consultar web o venta directa,+34983347001,,https://www.obradoralpanpan.es/,,,https://www.google.com/maps/search/?api=1&query=Obrador%20al%20pan%2C%20pan%2C%20C.%20de%20Manuel%20Aza%C3%B1a%2C%2057%2C%2047014%20Valladolid&query_place_id=ChIJ5aqhjA5tRw0RdCKx2vxYWXE,41.6361697,-4.7615912,,pendiente,no comprobado,,,9119,es,,,,,,es,castilla-y-leon,valladolid,,,,,,
obrador-balbino,Obrador Balbino,Valladolid,Pan y cereal,Roscones; tartas; bollería y repostería artesana,"C. de Juan Martínez Villergas, 8, 47014 Valladolid",Obrador artesano de Valladolid con producción de roscones y otros dulces por encargo.,Consultar web o venta directa,+34673120771,,,,https://www.instagram.com/obradorbalbino/,https://www.google.com/maps/search/?api=1&query=Obrador%20Balbino%2C%20C.%20de%20Juan%20Mart%C3%ADnez%20Villergas%2C%208%2C%2047014%20Valladolid&query_place_id=ChIJ3TwwyIZtRw0RM3epVLMfRv4,41.6363681,-4.757562399999999,,pendiente,no,,,9124,es,,,,,,es,castilla-y-leon,valladolid,,,,,,
obrador-de-canutillos-ruben,Obrador de Canutillos Rubén,Valladolid,Pan y cereal,Canutillos y productos de pastelería,"C. Huelva, 5, 47012 Valladolid",Pequeño obrador especializado en canutillos y pastelería en el barrio de Las Delicias de Valladolid.,Consultar web o venta directa,+34600467011,,,,,https://www.google.com/maps/search/?api=1&query=Obrador%20de%20canutillos%20Rub%C3%A9n%2C%20C.%20Huelva%2C%205%2C%2047012%20Valladolid&query_place_id=ChIJvxTHnscSRw0RpT1i1SrEW-M,41.6432033,-4.7150306,,pendiente,no,,,9131,es,,,,,,es,castilla-y-leon,valladolid,,,,,,
obrador-tahona-coque,Obrador Tahona Coque,Valladolid,Pan y cereal,Pan; bollería y repostería,"Cl. Cobalto, 9, 47012 Valladolid",Obrador panadero de Valladolid con producción propia y varios puntos de venta.,Consultar web o venta directa,+34633849698,,,https://www.facebook.com/profile.php?id=100082806615054,https://www.instagram.com/tahonacoque/,https://www.google.com/maps/search/?api=1&query=OBRADOR%20TAHONA%20COQUE%2C%20Cl.%20Cobalto%2C%209%2C%2047012%20Valladolid&query_place_id=ChIJBZku6TUTRw0RQHzqaPZqfa4,41.6224377,-4.7009175,,pendiente,no,,,9172,es,,,,,,es,castilla-y-leon,valladolid,,,,,,
pan-pastas-y-reposteria-artesana,"Pan, Pastas y Repostería Artesana",Valladolid,Pan y cereal,Pan; pastas; cruasanes y repostería,"C. Prof. Adolfo Miaja de la Muela, 11, 47014 Valladolid","Panadería y cafetería de Valladolid con oferta de pan, pastas y repostería artesana.",Consultar web o venta directa,+34652839470,,,,,https://www.google.com/maps/search/?api=1&query=Pan%2C%20pastas%20y%20reposter%C3%ADa%20artesana%2C%20C.%20Prof.%20Adolfo%20Miaja%20de%20la%20Muela%2C%2011%2C%2047014%20Valladolid&query_place_id=ChIJOaVoTxFtRw0RUOz0aKeTWis,41.6358606,-4.7541534,,pendiente,no,,,9437,es,,,,,,es,castilla-y-leon,valladolid,,,,,,
pasteleria-cundo,Pastelería Cundo,Valladolid,Pan y cereal,Empanadas; pasteles; tartas; galletas y bollería,"C. Alta, 41, 47012 Valladolid","Pastelería tradicional de Valladolid que elabora artesanalmente empanadas, pastelería y bollería.",Consultar web o venta directa,+34983291572,,https://www.cundo.es/,,https://www.instagram.com/pasteleriacundo/,https://www.google.com/maps/search/?api=1&query=Pasteler%C3%ADa%20Cundo%2C%20C.%20Alta%2C%2041%2C%2047012%20Valladolid&query_place_id=ChIJhY3kp88TRw0R0YZwzULxRIA,41.6466299,-4.7056341,/productores/es/castilla-y-leon/valladolid/pasteleria-cundo.webp,,no,,,9787,es,,,,,,es,castilla-y-leon,valladolid,,,,,,
pasteleria-liebana,Pastelería Liébana,Valladolid,Pan y cereal,Tartas; pasteles; bollería; pastas; bombones y salados,"C. Pólvora, 11, 47005 Valladolid","Pastelería vallisoletana con obrador propio, catálogo online y encargos personalizados.",Consultar web o venta directa,+34652933404,info@pastelerialiebana.com,https://pastelerialiebana.com/,,https://www.instagram.com/pasteleria_liebana/,https://www.google.com/maps/search/?api=1&query=Pasteler%C3%ADa%20Li%C3%A9bana%2C%20C.%20P%C3%B3lvora%2C%2011%2C%2047005%20Valladolid&query_place_id=ChIJ4xkUILsSRw0RCeoqIk-whQI,41.6531665,-4.714781599999999,/productores/es/castilla-y-leon/valladolid/pasteleria-liebana.webp,,sí,ecommerce|whatsapp,,9830,es,,,,,,es,castilla-y-leon,valladolid,,,,,,
las-mermeladas-de-alison-uruena,Las Mermeladas de Alison,Urueña,Conservas,"Mermelada de higo, membrillo, manzana, fresa, frambuesa y ruibarbo","C. Real, 11, 47862 Urueña, Valladolid",Obrador de Urueña que elabora en pequeñas cantidades mermeladas de fruta de temporada sin conservantes y las prepara bajo pedido.,Consultar web o venta directa,+34669556572,mermeladasalison@gmail.com,,,,https://www.google.com/maps/search/?api=1&query=LAS%20MERMELADAS%20DE%20ALISON%2C%20C.%20Real%2C%2011%2C%2047862%20Urue%C3%B1a%2C%20Valladolid&query_place_id=ChIJ7azUYHSGOA0RtiVyBpXeJgc,41.7265367,-5.202856199999999,,pendiente,sí,email|telefono,,8042,es,,,,,,es,castilla-y-leon,valladolid,,,,,,
miel-montes-de-valveni-valoria-la-buena,Miel Montes de Valvení,Valoria la Buena,Miel,Miel de lavanda,"Camino del Hoyo, s/n, 47200 Valoria la Buena, Valladolid",Pequeña explotación apícola que obtiene miel y otros productos de sus propias colmenas en Valoria la Buena.,Consultar web o venta directa,+34625611307,mielmontesdevalveni@gmail.com,https://mielmontesdevalveni.com/,,https://www.instagram.com/mielmontesdevalveni/,,41.797747,-4.525253,,,sí,ecommerce,,8778,es,,,,,,es,castilla-y-leon,valladolid,,,,,,
las-recetas-de-anita-mayorga,Las Recetas de Anita,Mayorga,Conservas,Lentejas y alubias estofadas; cremas y potajes en conserva,"C. del Basalto, 1, nave 2, 47680 Mayorga, Valladolid","Obrador de Mayorga dedicado a platos tradicionales preparados y envasados, incluido en el censo provincial vigente.",Consultar web o venta directa,+34983751326,,,,https://www.instagram.com/lasrecetasdeanita/,https://www.google.com/maps/search/?api=1&query=Las%20recetas%20de%20Anita%2C%20C.%20del%20Basalto%2C%201%2C%20nave%202%2C%2047680%20Mayorga%2C%20Valladolid&query_place_id=EjtDLiBkZWwgQmFzYWx0bywgMSwgbmF2ZSAyLCA0NzY4MCBNYXlvcmdhLCBWYWxsYWRvbGlkLCBTcGFpbiIiGiAKFgoUChIJA5Z3P6kTOA0R3zFe3VqGhd0SBm5hdmUgMg,42.15853,-5.275019899999999,,pendiente,no,,,8045,es,,,,,,es,castilla-y-leon,valladolid,,,,,,
fonseca-mediero-s-l-fresno-el-viejo,Quesos Fonseca Mediero,Fresno el viejo,Lácteos y quesos,"Queso semicurado,leche cruda oveja, 3 meses","C. Cándido Sánchez, 24, 47480 Fresno el Viejo, Valladolid",Pequeña quesería de producción limitada que elabora queso artesano con leche cruda de oveja en Fresno el Viejo.,Consultar fuente,+34653332563,fonsecamediero@outlook.es,https://fresnoelviejo.es/turismo/productos-gastronomicos-artesanales/quesos-artesanales-fonseca-mediero/,,,,41.19826,-5.14228,,pendiente,no,,,10834,es,,,,,,es,castilla-y-leon,valladolid,,,,,,
detilio-bodega-boutique-penafiel,Detilio Bodega Boutique,Peñafiel,Vino,,"Crta. Pesquera, 1, 47300 Peñafiel, Valladolid","Bodega boutique familiar de la D.O. Ribera del Duero en Peñafiel, con 11 hectáreas de viñedo ecológico (Tinto Fino, Albillo Mayor y Garnacha) y bodega subterránea tradicional del siglo XVII.",Consultar web,+34623039728,info@bodegadetilio.com,https://bodegadetilio.com/,https://www.facebook.com/DETILIO,https://www.instagram.com/detiliobodegaboutique/,https://www.google.com/maps/search/?api=1&query=Detilio%20Bodega%20Boutique%2C%20Crta.%20Pesquera%2C%201%2C%2047300%20Pe%C3%B1afiel%2C%20Valladolid&query_place_id=ChIJTeW5ZgDrRg0RsPnsHdlAvB4,41.6050805,-4.1165387,/productores/es/castilla-y-leon/valladolid/detilio-bodega-boutique-penafiel.webp,,sí,email|telefono,,4871,es,,,,,,es,castilla-y-leon,valladolid,,,,,,
rueda-cheesemonger-rueda,Rueda Cheesemonger,Rueda,Lácteos y quesos,"Pata Mulo, Granoro Cabra, Grancapra, Azul con Solera","Calle Ramón y Cajal, 2, 47490 Rueda, Valladolid",Maestro afinador de Rueda que selecciona quesos de pequeños productores y los madura en su bodega subterránea bajo marcas propias.,Consultar web,+34633194589,info@ruedacheesemonger.com,https://ruedacheesemonger.com/,https://www.facebook.com/people/Rueda-Cheesemonger,https://www.instagram.com/ruedacheesemonger/,https://www.google.com/maps/search/?api=1&query=Rueda%20Cheesemonger%2C%20Calle%20Ram%C3%B3n%20y%20Cajal%2C%202%2C%2047490%20Rueda%2C%20Valladolid&query_place_id=ChIJTXeCKFNbRw0Rms-0npkZkQo,41.4091976,-4.9609912,/productores/es/castilla-y-leon/valladolid/rueda-cheesemonger-rueda.webp,,sí,ecommerce,,11179,es,,,,,,es,castilla-y-leon,valladolid,,,,,,
flor-de-esgueva-penafiel,Flor de Esgueva · Industrias Lácteas de Peñafiel,Peñafiel,Lácteos y quesos,"Flor de Esgueva Viejo, Gran Reserva, Fresco Artesano","Avenida de la Residencia, 4, 47300 Peñafiel, Valladolid",Fábrica de Grupo Lactalis en Peñafiel que elabora y afina quesos Flor de Esgueva con leche de oveja.,Consultar web,+34983878090,,https://flordeesgueva.es/,https://www.facebook.com/FlorDEsgueva/,https://www.instagram.com/flordeesgueva_es/,https://www.google.com/maps/search/?api=1&query=Flor%20de%20Esgueva%20%C2%B7%20Industrias%20L%C3%A1cteas%20de%20Pe%C3%B1afiel%2C%20Avenida%20de%20la%20Residencia%2C%204%2C%2047300%20Pe%C3%B1afiel%2C%20Valladolid&query_place_id=ChIJTy_O_JDrRg0RgJ-3M6lpi0s,41.5947205,-4.1235888,/productores/es/castilla-y-leon/valladolid/flor-de-esgueva-penafiel.webp,,no,,,5926,es,,,,,,es,castilla-y-leon,valladolid,,,,,,
abadia-retuerta-sardon-de-duero,Abadía Retuerta,Sardón de Duero,Vino,"Selección Especial, Pago Negralada, Pago Valdebellón, Le Domaine",,"Bodega de finca de Sardón de Duero que elabora vinos de pago a partir de parcelas propias y comercializa colecciones como Selección Especial, los Pagos y Le Domaine.",,+34983687600,,https://abadia-retuerta.com/bodega/,,,,,,/productores/es/castilla-y-leon/valladolid/abadia-retuerta-sardon-de-duero.webp,pendiente,sí,ecommerce,,12500,es,,,,,,es,castilla-y-leon,valladolid,,,,,,
bodega-reina-de-castilla-la-seca,Bodega Reina de Castilla,La Seca,Vino,Divino Minino y vinos de Verdejo D.O. Rueda,"Camino de la Moya, s/n, 47491 La Seca, Valladolid","Cooperativa vitivinícola de La Seca que elabora y comercializa vinos de la D.O. Rueda, entre ellos el Verdejo Divino Minino, y mantiene tienda online propia.",,+34983816667,bodega@reinadecastilla.es,https://reinadecastilla.es/,,,,,,/productores/es/castilla-y-leon/valladolid/bodega-reina-de-castilla-la-seca.webp,pendiente,sí,ecommerce,,12574,es,,,,,,es,castilla-y-leon,valladolid,,,,,,
natursnacks-pedrajas-de-san-esteban,Natursnacks,Pedrajas de San Esteban,Aperitivos,Snacks de fruta y verdura deshidratada,"Calle Aldeanueva, 10, 47430 Pedrajas de San Esteban, Valladolid","Natursnacks elabora en Pedrajas de San Esteban frutas, verduras, cítricos y polvos deshidratados sin aditivos ni conservantes, utilizando principalmente materia prima nacional.",,+34983605817,toctoc@natursnacks.es,https://www.natursnacks.es/,,,https://www.google.com/maps/search/?api=1&query=Natursnacks%2C%20Calle%20Aldeanueva%2010%2C%20Pedrajas%20de%20San%20Esteban,,,/productores/es/castilla-y-leon/valladolid/natursnacks-pedrajas-de-san-esteban.webp,pendiente,sí,ecommerce,Fruta y verdura,12606,es,,,,,,es,castilla-y-leon,valladolid,,,,,,
