slug,nombre,municipio,categoria,productos estrella,direccion,descripcion,horario,telefono,correo,web,Facebook,Instagram,Google Maps,lat,lon,imagen,verificacion,Venta online,Canal de venta,categorias adicionales
alizan-bodegas-y-vinedos-moraleja-del-vino,Alizán Bodegas y Viñedos,Moraleja del Vino,Vino,Vinos D.O. Tierra del Vino de Zamora,"Calle Industrias, 6, 49150, Moraleja del Vino, Zamora","Bodega con dos unidades productivas: la de Moraleja del Vino, que elabora tintos de la D.O. Tierra del Vino de Zamora con tinta de Toro y crianzas en roble americano, y otra en Quintanilla de Arriba (Valladolid) para D.O. Ribera del Duero.",,+34980571517,,,,,https://www.google.com/maps/search/Aliz%C3%A1n%20Bodegas%20y%20Vi%C3%B1edos%2C%20Moraleja%20del%20Vino%2C%20Zamora,41.4632879,-5.6556087,,parcial,no comprobado,,
bernardo-farina-enologia-creativa-moraleja-del-vino,Bernardo Fariña Enología Creativa,Moraleja del Vino,Vino,Enología creativa,"C/ Aribayos, 32 bis, 49150 Moraleja del Vino, Zamora","Romper las reglas siempre tiene su encanto, y en enología, aún más. Descubrir el lado oculto de las uvas es lo que siempre me ha atrapado. Llevo más de 30 vendimias metido de lleno en el mundo del vino. Mis primeros pasos fueron en la empresa familiar, donde empecé como ayudante de bodeguero, aprendiendo desde abajo, manchándome las manos y entendiendo...",Consultar web o venta directa,+34640057098,bernardo@bernardofarina.es,https://bernardofarina.es/,https://www.facebook.com/bernardofarinaenologiacreativa,https://www.instagram.com/bernardo_farina_enologia/,https://www.google.com/maps/search/Bernardo%20Fari%C3%B1a%20Enolog%C3%ADa%20Creativa%2C%20C%2F%20Aribayos%2C%2032%20bis%2C%2049150%20Moraleja%20del%20Vino%2C%20Zamora,41.4596758,-5.6544828,/productores/es/castilla-y-leon/zamora/bernardo-farina-enologia-creativa-moraleja-del-vino.webp,verificado,sí,ecommerce,
bodega-a-velasco-e-hijos-s-l-toro,BODEGA A. VELASCO E HIJOS S.L.,Toro,Vino,D.O. Toro: Peña Rejas y Garabitas.,"Ctra. Tordesillas, Polígono Industrial Norte, Parcela 17-18, 49800, Toro, Zamora",BODEGA A. VELASCO E HIJOS S.L. figura en el directorio oficial de bodegas de la Denominación de Origen Toro. Marcas: Peña Rejas y Garabitas..,Consultar web o venta directa,+34980692455,admon@bodegasvelascoehijos.com,http://www.bodegasvelascoehijos.com/,https://www.facebook.com/BodegasVelasco/,,https://www.google.com/maps/search/BODEGA%20A.%20VELASCO%20E%20HIJOS%20S.L.%2C%20Ctra.%20Tordesillas%2C%20Pol%C3%ADgono%20Industrial%20Norte%2C%20Parcela%2017-18%2C%2049800%2C%20Toro%2C%20Zamora,41.5216963,-5.3939824,/productores/es/castilla-y-leon/zamora/bodega-a-velasco-e-hijos-s-l-toro.webp,verificado,sí,ecommerce,
bodega-aliste-figueruela-de-abajo,Bodega Aliste,Figueruela de Arriba,Vino,Con las manos y el corazón,"Plaza de España, 4, 49520, Figueruela de Abajo, Figueruela de Arriba, Zamora","Llega un vino nacido en un lugar con leyenda: la Sierra de la Culebra, en la Comarca de Aliste (Zamora). Este enclave natural, Reserva de la Biosfera, reúne las condiciones ambientales perfectas para que de sus viñas nos llegue un producto capaz de estar a la altura de los mejores. El proceso de cultivo y elaboración es controlado en su totalidad por el...",Consultar web o venta directa,+34676986570,javier@hacedordevino.com,https://www.bodegaaliste.com/,https://www.facebook.com/BodegaAliste,https://www.instagram.com/bodega_aliste/,https://www.google.com/maps/search/Bodega%20Aliste%2C%20Plaza%20de%20Espa%C3%B1a%2C%204%2C%2049520%20Figueruela%20de%20Abajo.%20Zamora,41.8621403,-6.4480427,/productores/es/castilla-y-leon/zamora/bodega-aliste-figueruela-de-abajo.webp,verificado,sí,ecommerce,
bodega-almaroja-fermoselle,Bodega AlmaRoja,Fermoselle,Vino,Vinos D.O. Arribes,"C/ Las Fontanicas, 35, 49220, Fermoselle, Zamora","Bodega fundada en 2007 por Charlotte Allen en Fermoselle, con seis hectáreas de viñedo ecológico certificado de cepas viejas repartidas en el Parque Natural de Arribes del Duero. Elabora vinos de variedades autóctonas dentro de la D.O. Arribes.",Visitas con cita previa,,,,https://www.facebook.com/almarojawine/,,https://www.google.com/maps/search/Bodega%20AlmaRoja%2C%20Fermoselle%2C%20Zamora,41.3174146,-6.3949234,,parcial,no comprobado,,
bodega-andrea-gutierrez-ferreras-fuente-encalada,Bodega Andrea Gutiérrez Ferreras,Fuente Encalada,Vino,"FuentePaz blanco y Valzuquino rosado, roble y crianza","Fuente Encalada, Zamora","Bodega familiar de Fuente Encalada, fundada en 2002 y acogida a la D.O.P. Valles de Benavente, que elabora las gamas FuentePaz y Valzuquino.",,+34633793136,bodegasandreagutierrez@gmail.com,https://bodegasandreagutierrez.com/,,,https://www.google.com/maps/search/Bodega%20Andrea%20Guti%C3%A9rrez%20Ferreras%2C%20Fuente%20Encalada%2C%20Zamora,42.1100414,-5.9964344,,verificado,sí,ecommerce,
bodega-bernard-magrez-toro,BODEGA BERNARD MAGREZ,Toro,Vino,"D.O. Toro: Paciencia, Spiritus Sancti, Confianza y Temperancia.","Plaza de la Santisima Trinidad Nº 5, 49800, Toro, Zamora","BODEGA BERNARD MAGREZ figura en el directorio oficial de bodegas de la Denominación de Origen Toro. Marcas: Paciencia, Spiritus Sancti, Confianza y Temperancia..",Consultar web o venta directa,+34630084080,info@vocarraje.es,https://bernard-magrez.com,https://www.facebook.com/Bernard.Magrez.Vignobles.Proprietaire/,https://www.instagram.com/bernardmagrez/,https://www.google.com/maps/search/BODEGA%20BERNARD%20MAGREZ%2C%20Plaza%20de%20la%20Santisima%20Trinidad%20N%C2%BA%205%2C%2049800%2C%20Toro%2C%20Zamora,41.5216963,-5.3939824,/productores/es/castilla-y-leon/zamora/bodega-bernard-magrez-toro.webp,parcial,no comprobado,,
bodega-bucrana-toro,BODEGA BUCRANA,Toro,Vino,"D.O. Toro: Orot, Bucrana y Bucrana Tau.","Ctra. Tordesillas, 403, 49800, Toro, Zamora","BODEGA BUCRANA figura en el directorio oficial de bodegas de la Denominación de Origen Toro. Marcas: Orot, Bucrana y Bucrana Tau..",Consultar web o venta directa,+34983868116,info@bornosbodegas.com,https://www.orotbodega.com/,https://www.facebook.com/clubbornos,,https://www.google.com/maps/search/BODEGA%20BUCRANA%2C%20Ctra.%20Tordesillas%2C%20403%2C%2049800%2C%20Toro%2C%20Zamora,41.5216963,-5.3939824,/productores/es/castilla-y-leon/zamora/bodega-bucrana-toro.webp,verificado,sí,ecommerce,
bodega-campo-de-toro-s-l-toro,"BODEGA CAMPO DE TORO, S.L.",Toro,Vino,D.O. Toro: Válgame Dios,"Ctra. ZA-611 Toro - Valdefinjas, Km. 1,3, 49800, Toro, Zamora","BODEGA CAMPO DE TORO, S.L. figura en el directorio oficial de bodegas de la Denominación de Origen Toro. Marcas: Válgame Dios.",,+34633151954,pacotoro2015@gmail.com,https://www.valgamedios.es/,https://facebook.com/vinovalgamedios,https://instagram.com/vinovalgamedios,https://www.google.com/maps/search/BODEGA%20CAMPO%20DE%20TORO%2C%20S.L.%2C%20Ctra.%20ZA-611%20Toro%20-%20Valdefinjas%2C%20Km.%201%2C3%2C%2049800%2C%20Toro%2C%20Zamora,41.5216963,-5.3939824,/productores/es/castilla-y-leon/zamora/bodega-campo-de-toro-s-l-toro.webp,verificado,no,,
bodega-caserio-de-duenas-toro,BODEGA CASERÍO DE DUEÑAS,Toro,Vino,"Finca Anzil, Viña Mayor y La Poda","Ctra. Toro-Salamanca km 9,4, Camino del Pego s/n, 49800, Toro, Zamora","Bodega inscrita en la D.O. Toro desde 2003, situada en la carretera Toro–Salamanca y elaboradora de Finca Anzil, Viña Mayor y La Poda.",,+34915006000,mmescoba@entrecanalesdomeq.com,https://entrecanalesdomecq.com/,,https://www.instagram.com/entrecanalesdomecq/,https://www.google.com/maps/search/BODEGA%20CASER%C3%8DO%20DE%20DUE%C3%91AS%2C%20Ctra.%20Toro-Salamanca%20km%209%2C4%2C%20Camino%20del%20Pego%20s%2Fn%2C%2049800%2C%20Toro%2C%20Zamora,41.5216963,-5.3939824,/productores/es/castilla-y-leon/zamora/bodega-caserio-de-duenas-toro.webp,parcial,no comprobado,,
bodega-castillo-de-vidriales-quiruelas-de-vidriales,Bodega Castillo de Vidriales,Quiruelas de Vidriales,Vino,Vinos de Calidad Valles de Benavente,"Quiruelas de Vidriales, Zamora",Bodega Castillo de Vidriales figura en los listados de Alimentos de Zamora como elaborador vinculado a Vinos de Calidad Valles de Benavente.,Consultar web o venta directa,+34628317119,,https://castillodevidriales.com/,,,https://www.google.com/maps/search/Bodega%20Castillo%20de%20Vidriales%2C%20Quiruelas%20de%20Vidriales%2C%20Zamora,42.0182604,-5.8300875,,verificado,sí,ecommerce,
bodega-cooperativa-el-tesoro-brime-de-urz,Bodega Cooperativa El Tesoro,Brime de Urz,Vino,Vinos de Calidad Valles de Benavente,"Camino de la Viña, polígono La Mata, 49624, Brime de Urz, Zamora","Sociedad cooperativa de una docena de socios en Brime de Urz, dentro de la D.O.P. Valles de Benavente, que elabora vino con las variedades de la comarca.",,+34636982233,,,,,https://www.google.com/maps/search/Bodega%20Cooperativa%20El%20Tesoro%2C%20Brime%20de%20Urz%2C%20Zamora,42.0375321,-5.873206,,parcial,no comprobado,,
bodega-cooperativa-virgen-de-la-bandera-fermoselle,Bodega Cooperativa Virgen de la Bandera,Fermoselle,Aceite,Aceite de oliva virgen extra de variedad manzanilla,"Paseo de la Ronda, 24, 49220, Fermoselle, Zamora","Primera cooperativa de la provincia de Zamora, fundada en 1958 en Fermoselle y con unos 240 socios. Su producción vigente es aceite de oliva virgen extra de variedad manzanilla; la elaboración de vino D.O. Arribes está parada desde 2020 por el abandono de viñedo, con el propósito declarado de retomarla.",,+34692682682,,https://www.virgendelabandera.com/,,,https://www.google.com/maps/search/Bodega%20Cooperativa%20Virgen%20de%20la%20Bandera%2C%20Fermoselle%2C%20Zamora,41.3174146,-6.3949234,,verificado,no,,
bodega-cyan-toro,BODEGA CYAN,Toro,Vino,D.O. Toro: Cyan.,"Ctra Valdefinjas-Venialbo Km. 9,2, 49800, Toro, Zamora",BODEGA CYAN figura en el directorio oficial de bodegas de la Denominación de Origen Toro. Marcas: Cyan..,Consultar web o venta directa,+34983683315,cyan@matarromera.es,https://bodegacyan.es/,http://www.facebook.com/matarromera,https://www.instagram.com/matarromera_/,https://www.google.com/maps/search/BODEGA%20CYAN%2C%20Ctra%20Valdefinjas-Venialbo%20Km.%209%2C2%2C%2049800%2C%20Toro%2C%20Zamora,41.5216963,-5.3939824,/productores/es/castilla-y-leon/zamora/bodega-cyan-toro.webp,verificado,sí,ecommerce,
bodega-dalmacio-gallego-gutierrez-morales-de-toro,Bodega Dalmacio Gallego Gutiérrez,Morales de Toro,Vino,D.O. Toro: Vinos D.O. Toro,"Polígono 6 parcela 83, 49810, Morales de Toro, Zamora","Bodega familiar inscrita en el registro de bodegas de la Denominación de Origen Toro, con instalaciones en el polígono 6 de Morales de Toro.",,,bodegasdalmaciogallego@gmail.com,,,,https://www.google.com/maps/search/Bodega%20Dalmacio%20Gallego%20Guti%C3%A9rrez%2C%20Pol%C3%ADgono%206%20parcela%2083%2C%2049810%2C%20Morales%20de%20Toro%2C%20Zamora,41.5365564,-5.3068437,,parcial,no comprobado,,
bodega-divina-proporcion-toro,BODEGA DIVINA PROPORCIÓN,Toro,Vino,"D.O. Toro: Madremía, Abracadabra, 24 Mozas y Platón.","Camino de la Ermita del Cristo S/N, 49800, Toro, Zamora","BODEGA DIVINA PROPORCIÓN figura en el directorio oficial de bodegas de la Denominación de Origen Toro. Marcas: Madremía, Abracadabra, 24 Mozas y Platón..",Consultar web o venta directa,+34678730760,info@divinaproporcionbodegas.com,https://www.divinaproporcionbodegas.es/,https://www.facebook.com/bodega.divinaproporcion,https://www.instagram.com/divinaproporcion,https://www.google.com/maps/search/BODEGA%20DIVINA%20PROPORCI%C3%93N%2C%20Camino%20de%20la%20Ermita%20del%20Cristo%20S%2FN%2C%2049800%2C%20Toro%2C%20Zamora,41.5216963,-5.3939824,/productores/es/castilla-y-leon/zamora/bodega-divina-proporcion-toro.webp,verificado,sí,ecommerce,
bodega-francisco-gonzalez-benavente,Bodega Francisco González,Benavente,Vino,Vinos de Calidad Valles de Benavente,"Las Antillas, s/n, 49600, Benavente, Zamora","Bodega familiar de Benavente adscrita a la D.O.P. Valles de Benavente, que elabora con prieto picudo, tempranillo y mencía.",,+34980638355,,,,,https://www.google.com/maps/search/Bodega%20Francisco%20Gonz%C3%A1lez%2C%20Benavente%2C%20Zamora,42.0032862,-5.6738595,,parcial,no comprobado,,
bodega-guillermo-freire-moraleja-del-vino,Bodega Guillermo Freire (Bodega Jarreño),Moraleja del Vino,Vino,Vinos D.O. Tierra del Vino de Zamora,"Calle Pozo, 33, 49150, Moraleja del Vino, Zamora","Bodega familiar de Moraleja del Vino inscrita en la D.O. Tierra del Vino de Zamora, que el consejo regulador publica como Bodega Jarreño.",,+34980571188,bodegaguillermofreire@gmail.com,,,,https://www.google.com/maps/search/Bodega%20Guillermo%20Freire%2C%20Moraleja%20del%20Vino%2C%20Zamora,41.4632879,-5.6556087,,parcial,no comprobado,,
bodega-la-presa-sanzoles,BODEGA LA PRESA,Sanzoles,Vino,D.O. Toro: El cuco de Valdelaluna.,"C/ La Presa nº 8, 49152, Sanzoles, Zamora",BODEGA LA PRESA figura en el directorio oficial de bodegas de la Denominación de Origen Toro. Marcas: El cuco de Valdelaluna..,,+34645008400,angel@bodegalapresa.com,http://www.bodegalapresa.com/,,,https://www.google.com/maps/search/BODEGA%20LA%20PRESA%2C%20C%2F%20La%20Presa%20n%C2%BA%208%2C%2049152%2C%20Sanzoles%2C%20Zamora,41.4334099,-5.5658308,/productores/es/castilla-y-leon/zamora/bodega-la-presa-sanzoles.webp,verificado,no,,
bodega-la-setera-villar-del-buey,Bodega La Setera,Villar del Buey,Vino,"Vinos D.O. Arribes de Juan García y malvasía castellana, y quesos artesanos de cabra","Calle Calzada, 7, Fornillos de Fermoselle, 49232, Villar del Buey, Zamora","Bodega y quesería familiar de Francisco José Martínez y Sara Groves-Raines en Fornillos de Fermoselle, pedanía de Villar del Buey, dentro del Parque Natural de Arribes del Duero. Elabora unos 7.000 litros anuales de vino D.O. Arribes y quesos artesanos de cabra.",,+34980612925,lasetera@lasetera.com,https://lasetera.com/,,,https://www.google.com/maps/search/Bodega%20La%20Setera%2C%20Calle%20Calzada%207%2C%20Fornillos%20de%20Fermoselle%2C%20Zamora,41.3644444,-6.3286111,,verificado,sí,ecommerce,
bodega-la-vina-del-abuelo-toro,Bodega La Viña del Abuelo,Toro,Vino,La Viña del Abuelo Tinta de Toro y Selección Especial,"C/ Merced, 1, 49800, Toro, Zamora","Bodega de Toro con vinos propios La Viña del Abuelo, visitas y tienda online oficial.",Consultar web o venta directa,+34617329426,bodega@abuelovino.com,http://www.abuelovino.com/,https://www.facebook.com/La-Vi%C3%B1a-del-Abuelo-112542052102917,https://www.instagram.com/lavinadelabuelo/,https://www.google.com/maps/search/BODEGA%20LA%20VI%C3%91A%20DEL%20ABUELO%2C%20C%2F%20Merced%2C%201%2C%2049800%2C%20Toro%2C%20Zamora,41.5205062,-5.3966252,/productores/es/castilla-y-leon/zamora/bodega-la-vina-del-abuelo-toro.webp,verificado,sí,ecommerce,
bodega-latarce-toro,BODEGA LATARCE,Toro,Vino,D.O. Toro: Latarce Selección y Latarce Gran Selección.,"Ctra. Medina de Rioseco km1, 49800, Toro, Zamora",BODEGA LATARCE figura en el directorio oficial de bodegas de la Denominación de Origen Toro. Marcas: Latarce Selección y Latarce Gran Selección..,Consultar web o venta directa,+34980564096,gerente@bodegalatarce.com,https://www.bodegalatarce.com,https://es-es.facebook.com/latarce/,https://www.instagram.com/bodegalatarce/,https://www.google.com/maps/search/BODEGA%20LATARCE%2C%20Ctra.%20Medina%20de%20Rioseco%20km1%2C%2049800%2C%20Toro%2C%20Zamora,41.5254994,-5.3909817,/productores/es/castilla-y-leon/zamora/bodega-latarce-toro.webp,verificado,sí,ecommerce,
bodega-liberalia-enologica-s-l-toro,BODEGA LIBERALIA ENOLÓGICA S.L.,Toro,Vino,"D.O. Toro: Liberalia Cero, Liberalia Dos, Liberalia Tres, Liberalia Cuatro, Liberalia Cabeza de Cuba, Liberalia Cinco, Liber y Liberalia Pajarita.","Camino del Palo, s/n / apdo de correos 11, 49800, Toro, Zamora","BODEGA LIBERALIA ENOLÓGICA S.L. figura en el directorio oficial de bodegas de la Denominación de Origen Toro. Marcas: Liberalia Cero, Liberalia Dos, Liberalia Tres, Liberalia Cuatro, Liberalia Cabeza de Cuba, Liberalia Cinco, Liber y Liberalia Pajarita..",Consultar web o venta directa,+34980692571,liberalia@liberalia.es,https://www.liberalia.es,https://www.facebook.com/bodegaliberalia/,https://www.instagram.com/bodegaliberalia/,https://www.google.com/maps/search/BODEGA%20LIBERALIA%20ENOL%C3%93GICA%20S.L.%2C%20Camino%20del%20Palo%2C%20s%2Fn%20%2F%20apdo%20de%20correos%2011%2C%2049800%2C%20Toro%2C%20Zamora,41.5216963,-5.3939824,/productores/es/castilla-y-leon/zamora/bodega-liberalia-enologica-s-l-toro.webp,verificado,sí,ecommerce,
bodega-mitus-villalpando,Bodega Mitus,Villalpando,Vino,Vinos de Calidad Valles de Benavente,"C/ La Solana, 11, 49630, Villalpando, Zamora","Bodega artesanal de Francisco Javier García Bueno en Villalpando, formado en enología y con experiencia en bodegas de la comarca. Elabora vinos y licores embotellados, incluidas botellas personalizadas.",,+34679391461,,,,,https://www.google.com/maps/search/Bodega%20Mitus%2C%20Villalpando%2C%20Zamora,41.8649054,-5.4112313,,parcial,no comprobado,,
bodega-numanthia-valdefinjas,BODEGA NUMANTHIA,Valdefinjas,Vino,"D.O. Toro: Numanthia, Termes y Termanthia","C/ Real S/N, 49882, Valdefinjas, Zamora","BODEGA NUMANTHIA figura en el directorio oficial de bodegas de la Denominación de Origen Toro. Marcas: Numanthia, Termes y Termanthia.",,+34980699147,contact@numanthia.com,https://www.numanthia.com,,https://www.instagram.com/bodeganumanthia/,https://www.google.com/maps/search/BODEGA%20NUMANTHIA%2C%20C%2F%20Real%20S%2FN%2C%2049882%2C%20Valdefinjas%2C%20Zamora,41.4513172,-5.4528928,/productores/es/castilla-y-leon/zamora/bodega-numanthia-valdefinjas.webp,verificado,no,,
bodega-ocellvm-dvrii-fermoselle,Bodega Ocellvm Dvrii,Fermoselle,Vino,Vinos D.O. Arribes,"Fermoselle, Zamora","Bodega fundada a finales de los años noventa en Fermoselle, cuando el viñedo del municipio estaba al borde de la desaparición. Elabora en una bodega subterránea excavada en roca de principios del siglo XVIII, con viñedo de pizarra y granito entre Villalcampo y Fermoselle a unos 600 metros de altitud.",,,,,https://www.facebook.com/OcellumDuriiSL/,,https://www.google.com/maps/search/Bodega%20Ocellvm%20Dvrii%2C%20Fermoselle%2C%20Zamora,41.3174146,-6.3949234,,parcial,no comprobado,,
bodega-quadravia-venialbo,Bodega Quadravía,Venialbo,Vino,D.O. Toro: Tratvm,"Carretera El Piñero, Polígono 1, parcela 715, 49153, Venialbo, Zamora",Bodega Quadravía figura en el directorio oficial de bodegas de la Denominación de Origen Toro. Marcas: Tratvm.,Consultar web o venta directa,+34669477743,,,,,https://www.google.com/maps/search/Bodega%20Quadrav%C3%ADa%2C%20Carretera%20El%20Pi%C3%B1ero%2C%20Pol%C3%ADgono%201%2C%20parcela%20715%2C%2049153%2C%20Venialbo%2C%20Zamora,41.3903422,-5.5387136,/productores/es/castilla-y-leon/zamora/bodega-quadravia-venialbo.webp,parcial,no comprobado,,
bodega-ramon-ramos-ii-venialbo,BODEGA RAMÓN RAMOS II,Venialbo,Vino,"Vinos Monte Toro, Ramón Ramos Serie Naranja, Tardencuba, Valnuevo y Cepa Flamenca","Venialbo, Zamora","BODEGA RAMÓN RAMOS II figura en el directorio oficial de bodegas de la Denominación de Origen Toro. Marcas: Monte Toro, Ramón Ramos Serie Naranja, Tardencuba, Condesa de Ramos, Valnuevo y Cepa Flamenca..",Consultar web o venta directa,+34980573080,info@bodegaramonramos.com,https://www.bodegaramonramos.com,https://www.facebook.com/bodegasramonramos/,https://www.instagram.com/bodegasramonramos/,https://www.google.com/maps/search/BODEGA%20RAM%C3%93N%20RAMOS%20II%2C%20Venialbo%2C%20Zamora,41.3903422,-5.5387136,/productores/es/castilla-y-leon/zamora/bodega-ramon-ramos-ii-venialbo.webp,verificado,sí,ecommerce,
bodega-siesto-sanzoles,Bodega Siesto,Sanzoles,Vino,Tradicionalmente innovador,"C/ La Presa, 40, 49152 – Sanzoles, Zamora","SIESTO es una microbodega ubicada en Sanzoles, un pequeño pueblo situado a tan sólo 20 kilómetros de la capital zamorana, dentro de una de las zonas vitícolas más importantes y conocidas de nuestra provincia. Se trata de un proyecto original que trata de ofrecer vinos únicos conjugando la elaboración de distintas variedades de diferentes zonas...",Consultar web o venta directa,+34657689542,vsiesto@hotmail.com,https://bodegasiesto.com/,https://www.facebook.com/bodegasiesto/,https://www.instagram.com/bodegasiesto/,https://www.google.com/maps/search/Bodega%20Siesto%2C%20C%2F%20La%20Presa%2C%2040%2C%2049152%20%E2%80%93%20Sanzoles%2C%20Zamora,41.4334099,-5.5658308,/productores/es/castilla-y-leon/zamora/bodega-siesto-sanzoles.webp,verificado,no comprobado,,
bodega-sobreno-s-a-toro,BODEGA SOBREÑO S.A.,Toro,Vino,"D.O. Toro: Pago del Oro, Sobreño y Finca Sobreño","Carretera Nacional 122 Km.423, 49800, Toro, Zamora","BODEGA SOBREÑO S.A. figura en el directorio oficial de bodegas de la Denominación de Origen Toro. Marcas: Pago del Oro, Sobreño y Finca Sobreño.",Consultar web o venta directa,+34980693417,sobreno@sobreno.com,https://www.sobreno.com,https://www.facebook.com/bodegassobreno/,https://www.instagram.com/bodegassobreno/,https://www.google.com/maps/search/BODEGA%20SOBRE%C3%91O%20S.A.%2C%20Carretera%20Nacional%20122%20Km.423%2C%2049800%2C%20Toro%2C%20Zamora,41.5216963,-5.3939824,/productores/es/castilla-y-leon/zamora/bodega-sobreno-s-a-toro.webp,verificado,sí,ecommerce,
bodega-valmartin-s-l-argujillo,"BODEGA VALMARTIN, S.L.",Argujillo,Vino,"D.O. Toro: Marzin K, Martin Krachler y María A. Krachler.","C/ Moclín Nº 37, 49716, Argujillo, Zamora","BODEGA VALMARTIN, S.L. figura en el directorio oficial de bodegas de la Denominación de Origen Toro. Marcas: Marzin K, Martin Krachler y María A. Krachler..",Consultar web o venta directa,+34627737050,bypval@gmail.com,http://www.bodegasvalmartin.com/bypval/index.php,,,https://www.google.com/maps/search/BODEGA%20VALMARTIN%2C%20S.L.%2C%20C%2F%20Mocl%C3%ADn%20N%C2%BA%2037%2C%2049716%2C%20Argujillo%2C%20Zamora,41.3114566,-5.5864498,/productores/es/castilla-y-leon/zamora/bodega-valmartin-s-l-argujillo.webp,parcial,no comprobado,,
bodega-vatan-toro,BODEGA VATÁN,Toro,Vino,D.O. Toro: Tritón y Vatán.,"Parcela 29 B Polígono Industrial Norte, 49800, Toro, Zamora",BODEGA VATÁN figura en el directorio oficial de bodegas de la Denominación de Origen Toro. Marcas: Tritón y Vatán..,Consultar web o venta directa,+34952504706,administracion@jorgeordonez.es,https://www.jorgeordonez.es,,,https://www.google.com/maps/search/BODEGA%20VAT%C3%81N%2C%20Parcela%2029%20B%20Pol%C3%ADgono%20Industrial%20Norte%2C%2049800%2C%20Toro%2C%20Zamora,41.5216963,-5.3939824,,verificado,sí,ecommerce,
bodega-vetus-toro,BODEGA VETUS,Toro,Vino,"D.O. Toro: Vetus, Celsus y Flor de Vetus.","Carretera Toro - Salamanca, km 9,5, 49800, Toro, Zamora","BODEGA VETUS figura en el directorio oficial de bodegas de la Denominación de Origen Toro. Marcas: Vetus, Celsus y Flor de Vetus..",Consultar web o venta directa,+34980056012,vetus@bodegasvetus.com,https://www.bodegasvetus.com,https://www.facebook.com/p/Bodegas-Vetus-61557053072239/,https://www.instagram.com/bodegasvetus,https://www.google.com/maps/search/BODEGA%20VETUS%2C%20Carretera%20Toro%20-%20Salamanca%2C%20km%209%2C5%2C%2049800%2C%20Toro%2C%20Zamora,41.5216963,-5.3939824,/productores/es/castilla-y-leon/zamora/bodega-vetus-toro.webp,verificado,no comprobado,,
bodega-vina-escuderos-villamor-de-los-escuderos,Bodega Viña Escuderos,Villamor de los Escuderos,Vino,Vinos D.O. Tierra del Vino de Zamora,"Ctra. Cubo del Vino, s/n, 49719, Villamor de los Escuderos, Zamora","Cooperativa constituida en 1999 por viticultores de Villamor de los Escuderos, El Maderal y Fuentesaúco, con bodega propia levantada en 2002 en el pago del Gavión. Elabora tinta del país para tintos y verdejo y moscatel de grano menudo para blancos.",,+34980609920,,,,,https://www.google.com/maps/search/Bodega%20Vi%C3%B1a%20Escuderos%2C%20Villamor%20de%20los%20Escuderos%2C%20Zamora,41.2538454,-5.5736721,,parcial,no comprobado,,
bodega-vinas-del-cenit-villanueva-de-campean,Bodega Viñas del Cénit,Villanueva de Campeán,Vino,Vinos D.O. Tierra del Vino de Zamora,"Ctra. de la Circunvalación, s/n, 49708, Villanueva de Campeán, Zamora","Bodega de Villanueva de Campeán que elabora a partir de viñedo de entre 80 y 120 años. Sus gamas son la Colección Cénit (Cénit Blanco, Vía Cénit y Cénit Godello Viñas Viejas) y la Colección Field Blend (Contiesas Blanco, Tradición Clarete y Bonales Tinto).",,+34980569346,info@bodegascenit.com,https://bodegascenit.com/,,,https://www.google.com/maps/search/Bodega%20Vi%C3%B1as%20del%20C%C3%A9nit%2C%20Villanueva%20de%20Campe%C3%A1n%2C%20Zamora,41.3545156,-5.7693598,,verificado,no,,
bodega-vinas-zamoranas-coreses,Bodega Viñas Zamoranas,Coreses,Vino,Vinos D.O. Tierra del Vino de Zamora,"Ctra. Estación, s/n, 49530, Coreses, Zamora","Bodega de Coreses inscrita en la D.O. Tierra del Vino de Zamora, ligada al Hotel Convento I de la misma propiedad.",,+34980500995,,,,,https://www.google.com/maps/search/Bodega%20Vi%C3%B1as%20Zamoranas%2C%20Coreses%2C%20Zamora,41.5485022,-5.6208725,,parcial,no comprobado,,
bodega-vocarraje-morales-de-toro,Bodega Vocarraje,Morales de Toro,Vino,"Abdón Segovia Roble, Por Fin Tinto y bag-in-box","Carretera San Román 19, 2º izquierda, 49810, Morales de Toro, Zamora",Bodega de Morales de Toro que elabora Abdón Segovia y otras referencias y las vende en su tienda online.,Consultar web o venta directa,+34980698172,info@vocarraje.es,https://www.vocarraje.es,https://www.facebook.com/profile.php,https://www.instagram.com/vinoabdonsegovia/,https://www.google.com/maps/search/BODEGA%20VOCARRAJE%2C%20Carretera%20San%20Rom%C3%A1n%2019%2C%202%C2%BA%20izquierda%2C%2049810%2C%20Morales%20de%20Toro%2C%20Zamora,41.5365564,-5.3068437,/productores/es/castilla-y-leon/zamora/bodega-vocarraje-morales-de-toro.webp,verificado,sí,ecommerce,
bodegas-alonso-conde-s-l-morales-de-toro,Bodegas Alonso Conde,Morales de Toro,Vino,"D.O. Toro: Cantalgallo Feroz, Cantalgallo Curtido y Cantalgallo.","Avenida de los Comuneros, 15, 49810, Morales de Toro, Zamora","Bodega de Morales de Toro con las referencias Cantalgallo Feroz, Curtido, Rosé y Cantalgallo, disponibles en su tienda online.",Consultar web o venta directa,+34699007300,info@alonsocondebodegas.com,https://www.alonsocondebodegas.com/,,,https://www.google.com/maps/search/BODEGAS%20ALONSO%20CONDE%20S.L.%2C%20Avenida%20de%20los%20Comuneros%2C%2015%2C%2049810%2C%20Morales%20de%20Toro%2C%20Zamora,41.5343408,-5.3155306,/productores/es/castilla-y-leon/zamora/bodegas-alonso-conde-s-l-morales-de-toro.webp,verificado,sí,ecommerce,
bodegas-bigardo-toro,Bodegas Bigardo,Toro,Vino,"D.O. Toro: Bigardo, Satélite, Pellejo, Maldito Parné y Calma Bigarda","CL-602 km 3,3, CL-602, km 3,2, 49800, Toro, Zamora","BODEGAS BIGARDO figura en el directorio oficial de bodegas de la Denominación de Origen Toro. Marcas: Bigardo, Satélite, Pellejo, Maldito Parné y Calma Bigarda.",Consultar web o venta directa,+34651999917,vinobigardo@gmail.com,https://bigardo.es/,https://www.facebook.com/vinobigardo,https://www.instagram.com/vinobigardo/,https://www.google.com/maps/search/BODEGAS%20BIGARDO%2C%20CL-602%20km%203%2C3%2C%20CL-602%2C%20km%203%2C2%2C%2049800%2C%20Toro%2C%20Zamora,41.5216963,-5.3939824,/productores/es/castilla-y-leon/zamora/bodegas-bigardo-toro.webp,verificado,sí,ecommerce,
bodegas-campo-eliseo-toro,BODEGAS CAMPO ELISEO,Toro,Vino,"D.O. Toro: Campo Eliseo, Campesino, Cuvee Alegre, HL Toro Tempranillo, HL Tempranillo SSO2 y Cuesta Grande.","Carretera Tordesillas, 14, 49800, Toro, Zamora","BODEGAS CAMPO ELISEO figura en el directorio oficial de bodegas de la Denominación de Origen Toro. Marcas: Campo Eliseo, Campesino, Cuvee Alegre, HL Toro Tempranillo, HL Tempranillo SSO2 y Cuesta Grande..",Consultar web o venta directa,+34983034030,bodega@francoislurton.es,https://www.campoeliseo.es/,https://www.facebook.com/BodegasCampoEliseo/,https://www.instagram.com/bodegascampoeliseo/,https://www.google.com/maps/search/BODEGAS%20CAMPO%20ELISEO%2C%20Carretera%20Tordesillas%2C%2014%2C%2049800%2C%20Toro%2C%20Zamora,41.5216963,-5.3939824,/productores/es/castilla-y-leon/zamora/bodegas-campo-eliseo-toro.webp,verificado,sí,ecommerce,
bodegas-carodorum-toro,BODEGAS CARODORUM,Toro,Vino,"D.O. Toro: Carodorum, Carodorum Issos y Fighting Bulls.","Ctra. Salamanca, ZA605 km 1,5, 49800, Toro, Zamora","BODEGAS CARODORUM figura en el directorio oficial de bodegas de la Denominación de Origen Toro. Marcas: Carodorum, Carodorum Issos y Fighting Bulls..",Consultar web o venta directa,+34980568005,info@carodorum.com,https://www.carodorum.com/,,,https://www.google.com/maps/search/BODEGAS%20CARODORUM%2C%20Ctra.%20Salamanca%2C%20ZA605%20km%201%2C5%2C%2049800%2C%20Toro%2C%20Zamora,41.5216963,-5.3939824,,parcial,no comprobado,,
bodegas-casaseca-villamor-de-los-escuderos,Bodegas Casaseca,Villamor de los Escuderos,Vino,Vinos D.O. Tierra del Vino de Zamora,"Calle Nuestra Señora, 17, 49719, Villamor de los Escuderos, Zamora","Bodega familiar cuyo origen se remonta a comienzos del siglo XX, cuando Juan Casaseca elaboraba vino en Villamor de los Escuderos; constituida como sociedad en 1995. Vende su vino en tienda propia con envío en 24-48 horas.",Lunes a viernes de 9:00 a 22:00 y sábados de 10:00 a 20:00,+34980609017,bodegascasaseca1@gmail.com,https://bodegascasaseca.tienda-online.com/,,,https://www.google.com/maps/search/Bodegas%20Casaseca%2C%20Villamor%20de%20los%20Escuderos%2C%20Zamora,41.2538454,-5.5736721,,verificado,sí,ecommerce,
bodegas-coral-duero-el-pego,BODEGAS CORAL DUERO,El Pego,Vino,"D.O. Toro: R'Sedas, Los Lastros, Salgadero, Rompesedas, Las Parvas.","C/ ASCENSIÓN, S/N, 49800, El Pego, Zamora","BODEGAS CORAL DUERO figura en el directorio oficial de bodegas de la Denominación de Origen Toro. Marcas: R'Sedas, Los Lastros, Salgadero, Rompesedas, Las Parvas..",,+34980606333,info@coralduero.com,http://www.coralduero.com/,https://www.facebook.com/coralduero/,https://www.instagram.com/bodegas_coralduero/,https://www.google.com/maps/search/BODEGAS%20CORAL%20DUERO%2C%20C%2F%20ASCENSI%C3%93N%2C%20S%2FN%2C%2049800%2C%20El%20Pego%2C%20Zamora,41.333923,-5.4648147,/productores/es/castilla-y-leon/zamora/bodegas-coral-duero-el-pego.webp,verificado,no,,
bodegas-covitoro-toro,BODEGAS COVITORO,Toro,Vino,"D.O. Toro: Cermeño, Gran Cermeño, Cañus Verus, Barbián, y Arco del Reloj.","Carretera Tordesillas, 13, 49800, Toro, Zamora","BODEGAS COVITORO figura en el directorio oficial de bodegas de la Denominación de Origen Toro. Marcas: Cermeño, Gran Cermeño, Cañus Verus, Barbián, y Arco del Reloj..",Consultar web o venta directa,+34980690347,covitoro@covitoro.com,http://www.covitoro.com/,https://www.facebook.com/covitoro/,https://www.instagram.com/covitoro/,https://www.google.com/maps/search/BODEGAS%20COVITORO%2C%20Carretera%20Tordesillas%2C%2013%2C%2049800%2C%20Toro%2C%20Zamora,41.5216963,-5.3939824,/productores/es/castilla-y-leon/zamora/bodegas-covitoro-toro.webp,verificado,sí,ecommerce,
bodegas-diez-gomez-toro,BODEGAS DÍEZ GÓMEZ,Toro,Vino,"Américo, Jota, Vermutto y Wine Reductum","Plaza Mayor, 3, 49800, Toro, Zamora","Bodega de Toro que elabora las gamas Américo y Jota, espirituosos, Vermutto y vinos de colección.",,+34651693849,info@bodegasdiezgomez.com,https://www.bodegasdiezgomez.com/,https://www.facebook.com/bodegasdiezgomez,https://www.instagram.com/bodegasdiezgomez/,https://www.google.com/maps/search/BODEGAS%20D%C3%8DEZ%20G%C3%93MEZ%2C%20Plaza%20Mayor%2C%203%2C%2049800%2C%20Toro%2C%20Zamora,41.5210666,-5.3942926,/productores/es/castilla-y-leon/zamora/bodegas-diez-gomez-toro.webp,verificado,sí,ecommerce,
bodegas-dominio-del-bienamado-toro,BODEGAS DOMINIO DEL BIENAMADO,Toro,Vino,D.O. Toro: Vinos D.O. Toro,"Toro, Zamora",BODEGAS DOMINIO DEL BIENAMADO figura en el directorio oficial de bodegas de la Denominación de Origen Toro. Marcas: Vinos D.O. Toro.,Consultar web o venta directa,,gestion@dominiodelbienamado.com,https://dominiodelbienamado.com/,,https://www.instagram.com/dominiodelbienamado,https://www.google.com/maps/search/BODEGAS%20DOMINIO%20DEL%20BIENAMADO%2C%20Toro%2C%20Zamora,41.511778,-5.383329,/productores/es/castilla-y-leon/zamora/bodegas-dominio-del-bienamado-toro.webp,verificado,sí,ecommerce,
bodegas-el-soto-villanueva-de-campean,Bodegas el Soto,Villanueva de Campeán,Vino,Vinos D.O. Tierra del Vino de Zamora,"Ctra. Circunvalación, s/n, 49708, Villanueva de Campeán, Zamora","Cooperativa de viticultores en activo desde la vendimia de 2001 en Villanueva de Campeán. Elabora las marcas Proclama y Tres Nudos, premiadas en concursos internacionales, y vende en su propia tienda con pedido mínimo de seis botellas.",Lunes a viernes de 9:00 a 14:00 y de 15:00 a 18:00; sábados de 10:00 a 13:00,+34980560330,info@bodegaselsoto.com,https://bodegaselsoto.com/,,,https://www.google.com/maps/search/Bodegas%20el%20Soto%2C%20Villanueva%20de%20Campe%C3%A1n%2C%20Zamora,41.3545156,-5.7693598,,verificado,sí,ecommerce,
bodegas-frontaura-s-l-u-toro,BODEGAS FRONTAURA S.L.U.,Toro,Vino,"D.O. Toro: Dominio de Valdelacasa, Frontaura y Aponte.","C/ Eras de Santa Catalina s/n, 49800, Toro, Zamora","BODEGAS FRONTAURA S.L.U. figura en el directorio oficial de bodegas de la Denominación de Origen Toro. Marcas: Dominio de Valdelacasa, Frontaura y Aponte..",Consultar web o venta directa,+34980582666,info@nexusfrontaura.com,http://www.bodegasnexusfrontaura.com/,https://www.facebook.com/bodegasnexusfrontaura,https://instagram.com/bodegasnexusfrontaura/,https://www.google.com/maps/search/BODEGAS%20FRONTAURA%20S.L.U.%2C%20C%2F%20Eras%20de%20Santa%20Catalina%20s%2Fn%2C%2049800%2C%20Toro%2C%20Zamora,41.5216963,-5.3939824,/productores/es/castilla-y-leon/zamora/bodegas-frontaura-s-l-u-toro.webp,verificado,sí,ecommerce,
bodegas-las-fontanicas-fermoselle,Bodegas Las Fontanicas,Fermoselle,Vino,Vinos D.O. Arribes,"C/ Requejo, 222, 49220, Fermoselle, Zamora","Bodega de Fermoselle que ha restaurado tres bodegas subterráneas históricas del casco urbano y elabora vinos de la variedad autóctona Juan García criados en barrica, dentro de la D.O. Arribes. Ofrece visita guiada, cata y venta en bodega.",,+34629548774,,,,,https://www.google.com/maps/search/Bodegas%20Las%20Fontanicas%2C%20Fermoselle%2C%20Zamora,41.3174146,-6.3949234,,parcial,no comprobado,,
bodegas-mazas-morales-de-toro,BODEGAS MAZAS,Morales de Toro,Vino,"D.O. Toro: Mazas, Los Enoloz y Braco.","Camino Toro, 38, 49810, Morales de Toro, Zamora","BODEGAS MAZAS figura en el directorio oficial de bodegas de la Denominación de Origen Toro. Marcas: Mazas, Los Enoloz y Braco..",Consultar web o venta directa,+34635804196,bodegas@mazas.eu,https://www.bodegasmazas.com,https://www.facebook.com/bodegasmazas/,,https://www.google.com/maps/search/BODEGAS%20MAZAS%2C%20Camino%20Toro%2C%2038%2C%2049810%2C%20Morales%20de%20Toro%2C%20Zamora,41.535728,-5.3133158,/productores/es/castilla-y-leon/zamora/bodegas-mazas-morales-de-toro.webp,verificado,sí,ecommerce,
bodegas-monte-la-reina-toro,BODEGAS MONTE LA REINA,Toro,Vino,D.O. Toro: Castillo de Monte la Reina.,"Ctra. Toro-Zamora (Nacional 122) Km 436.7, 49800, Toro, Zamora",BODEGAS MONTE LA REINA figura en el directorio oficial de bodegas de la Denominación de Origen Toro. Marcas: Castillo de Monte la Reina..,Consultar web o venta directa,+34980082011,hola@montelareina.es,https://www.montelareina.es,,,https://www.google.com/maps/search/BODEGAS%20MONTE%20LA%20REINA%2C%20Ctra.%20Toro-Zamora%20(Nacional%20122)%20Km%20436.7%2C%2049800%2C%20Toro%2C%20Zamora,41.5216963,-5.3939824,/productores/es/castilla-y-leon/zamora/bodegas-monte-la-reina-toro.webp,verificado,sí,ecommerce,
bodegas-otero-s-a-benavente,Bodegas Otero S.A.,Benavente,Vino,Vinos de Calidad Valles de Benavente,"Benavente, Zamora",Bodegas Otero S.A. figura en los listados de Alimentos de Zamora como elaborador vinculado a Vinos de Calidad Valles de Benavente.,Consultar web o venta directa,+34980631600,,https://www.bodegasotero.es/,,,https://www.google.com/maps/search/Bodegas%20Otero%20S.A.%2C%20Benavente%2C%20Zamora,42.0032862,-5.6738595,,verificado,sí,ecommerce,
bodegas-piedra-toro,BODEGAS PIEDRA,Toro,Vino,"D.O. Toro: Piedra, Paredinas, Lagarona, Cantadal, Topo y Auroch.","Crta. Toro - Salamanca, Km. 5, 49800, Toro, Zamora","BODEGAS PIEDRA figura en el directorio oficial de bodegas de la Denominación de Origen Toro. Marcas: Piedra, Paredinas, Lagarona, Cantadal, Topo y Auroch..",Consultar web o venta directa,+34980693900,info@bodegaspiedra.com,https://bodegaspiedra.com/,https://www.facebook.com/bodegaspiedra,https://www.instagram.com/bodegas_piedra/,https://www.google.com/maps/search/BODEGAS%20PIEDRA%2C%20Crta.%20Toro%20-%20Salamanca%2C%20Km.%205%2C%2049800%2C%20Toro%2C%20Zamora,41.5216963,-5.3939824,/productores/es/castilla-y-leon/zamora/bodegas-piedra-toro.webp,verificado,sí,ecommerce,
bodegas-ramayal-ferreruela-de-tabara,Bodegas Ramayal,Ferreruela de Tábara,Vino,"Ramayal Roble, Soto del Torreón y Viña Chiqueros","Camino El Secadal, s/n., 49550 – Ferreruela de Tábara, Zamora.",Bodega familiar de Ferreruela de Tábara que elabora vinos de cepas viejas junto a la Sierra de la Culebra.,Consultar web o venta directa,+34696842566,info@ramayal.es,https://ramayal.es/,https://www.facebook.com/share/15dgm3jkq2/,https://www.instagram.com/bodegasramayal/,https://www.google.com/maps/search/Bodegas%20Ramayal%2C%20Camino%20El%20Secadal%2C%20s%2Fn.%2C%2049550%20%E2%80%93%20Ferreruela%20de%20T%C3%A1bara%2C%20Zamora.,41.7664064,-6.0720809,/productores/es/castilla-y-leon/zamora/bodegas-ramayal-ferreruela-de-tabara.webp,verificado,sí,ecommerce,
bodegas-rodriguez-y-sanzo-toro,BODEGAS RODRIGUEZ Y SANZO,Toro,Vino,"D.O. Toro: Las Tierras El Teso Alto, Las Tierras Original, Las Tierras El Pego, Tras La Yesca, Damalisco y La Viña de Amaya.","Plaza Santo Domingo, 8, 49800, Toro, Zamora","BODEGAS RODRIGUEZ Y SANZO figura en el directorio oficial de bodegas de la Denominación de Origen Toro. Marcas: Las Tierras El Teso Alto, Las Tierras Original, Las Tierras El Pego, Tras La Yesca, Damalisco y La Viña de Amaya..",Consultar web o venta directa,+34983150150,comunicacion@rodriguezysanzo.com,https://rodriguezysanzo.com/,https://www.facebook.com/rodriguezysanzo/,https://www.instagram.com/rodriguezysanzo/,https://www.google.com/maps/search/BODEGAS%20RODRIGUEZ%20Y%20SANZO%2C%20Plaza%20Santo%20Domingo%2C%208%2C%2049800%2C%20Toro%2C%20Zamora,41.5237178,-5.3960544,/productores/es/castilla-y-leon/zamora/bodegas-rodriguez-y-sanzo-toro.webp,verificado,sí,ecommerce,
bodegas-seleccionadas-armando-roales,Bodegas Seleccionadas Armando,Roales,Vino,Vinos D.O. Tierra del Vino de Zamora,"Finca Viña Concita y Adilén, Ctra. N-630, km 270, 49190, Roales, Zamora","Bodega familiar fundada en 1993, especializada en vinos de autor sobre seis hectáreas de viñedo de tinta de Toro, juan garcía, malvasía y moscatel de grano menudo. Marcas Añorado, Gran Quinta Duri y Cathedral de Zamora.",,+34980538683,,,https://www.facebook.com/bodegasarmando/,,https://www.google.com/maps/search/Bodegas%20Seleccionadas%20Armando%2C%20Roales%2C%20Zamora,41.5523885,-5.7735283,,parcial,no comprobado,,
bodegas-teso-blanco-cabanas-de-sayago,Bodegas Teso Blanco,Cabañas de Sayago,Vino,Vinos D.O. Tierra del Vino de Zamora,"C/ Larga, 12, 49709, Cabañas de Sayago, Zamora",Bodega de Cabañas de Sayago inscrita en la D.O. Tierra del Vino de Zamora.,,+34980577820,tesoblanco@gmail.com,,,,https://www.google.com/maps/search/Bodegas%20Teso%20Blanco%2C%20Caba%C3%B1as%20de%20Sayago%2C%20Zamora,41.3324423,-5.7904375,,parcial,no comprobado,,
bodegas-teso-la-encina-villamor-de-los-escuderos,Bodegas Teso La Encina,Villamor de los Escuderos,Vino,Vinos D.O. Tierra del Vino de Zamora,"C/ Teso la Encina, 12, 49719, Villamor de los Escuderos, Zamora","Bodega y viñedo de Villamor de los Escuderos, en el límite con Salamanca y dentro de la D.O. Tierra del Vino de Zamora, que combina la elaboración con un hotel rural en la misma finca.",,+34621307359,hotel@tesolaencina.es,https://tesolaencina.es/,,,https://www.google.com/maps/search/Bodegas%20Teso%20La%20Encina%2C%20Villamor%20de%20los%20Escuderos%2C%20Zamora,41.2538454,-5.5736721,,verificado,no,,
bodegas-torreduero-s-a-toro,BODEGAS TORREDUERO S.A.,Toro,Vino,"Peñamonte, Marqués de Peñamonte, Quinta el Refugio y Viore","Polígono Industrial Norte P-5, 49800, Toro, Zamora","Bodega del grupo Bodegas Riojanas en Toro, elaboradora de Peñamonte, Marqués de Peñamonte, Quinta el Refugio y Viore.",,+34980693421,bodega@bodegastorreduero.com,https://www.bodegasriojanas.com/bodegas/bodegas-torreduero/,https://www.facebook.com/BodegasRiojanas,https://www.instagram.com/bodegasriojanas/,https://www.google.com/maps/search/BODEGAS%20TORREDUERO%20S.A.%2C%20Pol%C3%ADgono%20Industrial%20Norte%20P-5%2C%2049800%2C%20Toro%2C%20Zamora,41.5216963,-5.3939824,/productores/es/castilla-y-leon/zamora/bodegas-torreduero-s-a-toro.webp,verificado,sí,ecommerce,
bodegas-valbusenda-toro,BODEGAS VALBUSENDA,Toro,Vino,"D.O. Toro: Abios Verdejo, Abios Tinto, Abios Rosé, Abios Nude, Valbusenda Klein, Vivo, Cepas viejas, y Valbusenda Ed.limitada Verdejo Fermentado Barrica.","Crta. Toro-Peleagonzalo S/N, 49800, Toro, Zamora","BODEGAS VALBUSENDA figura en el directorio oficial de bodegas de la Denominación de Origen Toro. Marcas: Abios Verdejo, Abios Tinto, Abios Rosé, Abios Nude, Valbusenda Klein, Vivo, Cepas viejas, y Valbusenda Ed.limitada Verdejo Fermentado Barrica..",Consultar web o venta directa,+34980699560,bodega@valbusenda.com,https://www.bodegasvalbusenda.es,,,https://www.google.com/maps/search/BODEGAS%20VALBUSENDA%2C%20Crta.%20Toro-Peleagonzalo%20S%2FN%2C%2049800%2C%20Toro%2C%20Zamora,41.5216963,-5.3939824,,verificado,no comprobado,,
bodegas-vega-sauco-morales-de-toro,BODEGAS VEGA SAUCO,Morales de Toro,Vino,"D.O. Toro: Vega Sauco El Beiby, Vega Sauco Selección, Vega Sauco Adoremus, Wences, Vega Sauco La Sonrisa del Nómada, Vega Sauco Piedras y Princesas.","Avda. de los Comuneros, 108, 49810, Morales de Toro, Zamora","BODEGAS VEGA SAUCO figura en el directorio oficial de bodegas de la Denominación de Origen Toro. Marcas: Vega Sauco El Beiby, Vega Sauco Selección, Vega Sauco Adoremus, Wences, Vega Sauco La Sonrisa del Nómada, Vega Sauco Piedras y Princesas..",Consultar web o venta directa,+34980698294,vegasauco@vegasauco.es,http://www.vegasauco.com/,,,https://www.google.com/maps/search/BODEGAS%20VEGA%20SAUCO%2C%20Avda.%20de%20los%20Comuneros%2C%20108%2C%2049810%2C%20Morales%20de%20Toro%2C%20Zamora,41.5343689,-5.3170794,,verificado,sí,ecommerce,
bodegas-verdes-s-l-santibanez-de-vidriales,Bodegas Verdes S.L.,Santibáñez de Vidriales,Vino,"Lyrius One, Señorío Rosado y Señorío Verdejo","Santibáñez de Vidriales, Zamora","Bodega de Santibáñez de Vidriales acogida a Valles de Benavente, con referencias Lyrius y Señorío.",Consultar web o venta directa,+34980648308,,https://www.bodegasverdes.com/,,,https://www.google.com/maps/search/Bodegas%20Verdes%20S.L.%2C%20Santib%C3%A1%C3%B1ez%20de%20Vidriales%2C%20Zamora,42.0735273,-6.0150542,,verificado,sí,ecommerce,
bodegas-vinaguarena-s-l-toro,BODEGAS VIÑAGUAREÑA S.L.,Toro,Vino,"D.O. Toro: Munia, Tálamo, Tres Julias Organic, Iduna, Viñaguareña y Maimún.","Ctra. Toro - Salamanca, Km. 12,50, Apartado de Correos 6, 49800, Toro, Zamora","BODEGAS VIÑAGUAREÑA S.L. figura en el directorio oficial de bodegas de la Denominación de Origen Toro. Marcas: Munia, Tálamo, Tres Julias Organic, Iduna, Viñaguareña y Maimún..",,+34980568013,info@vinotoro.com,https://www.vinotoro.com,https://www.facebook.com/vinaguarena,https://www.instagram.com/vinaguarena/,https://www.google.com/maps/search/BODEGAS%20VI%C3%91AGUARE%C3%91A%20S.L.%2C%20Ctra.%20Toro%20-%20Salamanca%2C%20Km.%2012%2C50%2C%20Apartado%20de%20Correos%206%2C%2049800%2C%20Toro%2C%20Zamora,41.5216963,-5.3939824,/productores/es/castilla-y-leon/zamora/bodegas-vinaguarena-s-l-toro.webp,verificado,no,,
bodegas-y-vinedos-la-guardesa-de-toro-toro,La Guardesa de Toro,Toro,Vino,"T45, La Huella de Romeo Blanco y Milonga Rosé","Ctra. Toro - Valdefinjas, Km. 2,5, 49800, Toro, Zamora","Bodega de Toro con las referencias T45, La Huella de Romeo y Milonga, disponibles en su ecommerce.",Consultar web o venta directa,+34980652958,admin@laguardesadetoro.es,https://www.laguardesadetoro.es/,,,https://www.google.com/maps/search/BODEGAS%20Y%20VI%C3%91EDOS%20LA%20GUARDESA%20DE%20TORO%2C%20Ctra.%20Toro%20-%20Valdefinjas%2C%20Km.%202%2C5%2C%2049800%2C%20Toro%2C%20Zamora,41.5216963,-5.3939824,/productores/es/castilla-y-leon/zamora/bodegas-y-vinedos-la-guardesa-de-toro-toro.webp,verificado,sí,ecommerce,
bodegas-y-vinedos-maires-toro,Bodegas y Viñedos Maires,Toro,Vino,Tentenecio y Tentenecio Selección Especial,"Toro, Zamora",Bodega de Toro que elabora la gama Tentenecio y la comercializa en su tienda online oficial.,Consultar web o venta directa,+34669363761,ademan@bodegamaires.com,https://bodegamaires.com/,https://www.facebook.com/mairesbodega/,https://www.instagram.com/maires_bodega/,https://www.google.com/maps/search/Bodegas%20y%20Vi%C3%B1edos%20Maires%2C%20Toro%2C%20Zamora,41.511778,-5.383329,/productores/es/castilla-y-leon/zamora/bodegas-y-vinedos-maires-toro.webp,verificado,sí,ecommerce,
campina-s-coop-cyl-valdefinjas,"CAMPIÑA, S. COOP. CYL",Valdefinjas,Vino,"D.O. Toro: Campiña, Sabor Real y Contadero.","Valdefinjas, Zamora","CAMPIÑA, S. COOP. CYL figura en el directorio oficial de bodegas de la Denominación de Origen Toro. Marcas: Campiña, Sabor Real y Contadero..",Consultar web o venta directa,+34980568125,info@bodegacampina.com,,,,https://www.google.com/maps/search/CAMPI%C3%91A%2C%20S.%20COOP.%20CYL%2C%20Valdefinjas%2C%20Zamora,41.4513172,-5.4528928,,parcial,no comprobado,,
castro-mendi-san-blas,Castro Mendi,Viñas,Vino,Bodegas,"C. Iglesia, San Blas, 49524, Viñas, Zamora","Nuestro proyecto, que surgió como idea allá por 2011, y que comenzó a andar en la añada 2012 con la elaboración de los primeros vinos, tiene vocación de bodega pequeña, que limitando la producción a un número inferior a las 10.000 botellas, nos permite dedicar al vino todo el tiempo y atención que necesita. Nuestros vinos se encuentran acogidos a la...",Consultar web o venta directa,+34650682401,info@castromendi.com,http://www.castromendi.com/,https://www.facebook.com/castromendi/,https://www.instagram.com/castromendi/,https://www.google.com/maps/search/Castro%20Mendi%2C%20C.%20Iglesia%20San%20Blas%2C%2049524%20San%20Blas%2C%20Zamora,41.7947507,-6.4585977,/productores/es/castilla-y-leon/zamora/castro-mendi-san-blas.webp,parcial,no comprobado,,
cepas-de-la-culebra-riofrio-de-aliste,Cepas de la Culebra,Riofrío de Aliste,Vino,Vinos,49591 Riofrío de Aliste. Zamora,"Cepas de la Culebra produce vinos de autor a partir del antiquísimo viñedo familiar ubicado en Riofrío de Aliste, en la falda de la Sierra de la Culebra. En la zona todavía hoy se encuentra presente un mosaico de antiguos viñedos que han pasado de generación en generación, heredando una tradición vitivinícola milenaria cuyas raíces se encuentran en a la...",Consultar web o venta directa,+34633152239,info@agroberry.es,https://www.cepasdelaculebra.com/,https://www.facebook.com/cepasdelaculebra,https://www.instagram.com/cepasdelaculebra/,https://www.google.com/maps/search/Cepas%20de%20la%20Culebra%2C%2049591%20Riofr%C3%ADo%20de%20Aliste.%20Zamora,41.8307552,-6.1601627,/productores/es/castilla-y-leon/zamora/cepas-de-la-culebra-riofrio-de-aliste.webp,verificado,sí,ecommerce,
cervato-villardeciervos,Cervato,Villardeciervos,Destilados y licores,Aguardientes,"Ctra Las Viñas, 10B, 49562 Villardeciervos, Zamora","Es una empresa familiar ubicada en Villardeciervos (Zamora), dedicada a la elaboración de aguardientes, cremas de orujo y licores. Todos nuestros licores son elaborados con frutas y hierbas naturales maceradas en aguardiente. Así se consigue que los licores Cervato se distingan por su calidad y característico sabor natural.",,+34980654907,info@cervato.es,https://cervato.es/,https://www.facebook.com/aguardientes.cervato/,https://www.instagram.com/aguardientes_cervato/,https://www.google.com/maps/search/Cervato%2C%20Ctra%20Las%20Vi%C3%B1as%2C%2010B%2C%2049562%20Villardeciervos%2C%20Zamora,41.9415298,-6.2975875,/productores/es/castilla-y-leon/zamora/cervato-villardeciervos.webp,verificado,sí,ecommerce,
cuatro-mil-cepas-s-l-el-pego,CUATRO MIL CEPAS S.L.,El Pego,Vino,D.O. Toro: Díscolo y 5 de copas.,"Ctra. El Pego - Guarrate, s/n, 49154, El Pego, Zamora",CUATRO MIL CEPAS S.L. figura en el directorio oficial de bodegas de la Denominación de Origen Toro. Marcas: Díscolo y 5 de copas..,Consultar web o venta directa,+34670095149,bodega@vinodiscolo.com,https://www.vinodiscolo.com,https://www.facebook.com/VinoDiscolo/,https://www.instagram.com/vinodiscolo/,https://www.google.com/maps/search/CUATRO%20MIL%20CEPAS%20S.L.%2C%20Ctra.%20El%20Pego%20-%20Guarrate%2C%20s%2Fn%2C%2049154%2C%20El%20Pego%2C%20Zamora,41.3341528,-5.4672646,/productores/es/castilla-y-leon/zamora/cuatro-mil-cepas-s-l-el-pego.webp,verificado,sí,ecommerce,
dominio-del-bendito-s-l-toro,"DOMINIO DEL BENDITO, S.L.",Toro,Vino,"D.O. Toro: Dominio del Bendito El Primer Paso, Dominio del Bendito Las Sabias, El Titán del Bendito, La Cuesta de las Musas, Mi Verdadejo y El Buen Rollo..","Camino Llano La Silla, Pol. 1 Parcela 4524 - Crta. Alaejos km 6.2, 49800, Toro, Zamora","DOMINIO DEL BENDITO, S.L. figura en el directorio oficial de bodegas de la Denominación de Origen Toro. Marcas: Dominio del Bendito El Primer Paso, Dominio del Bendito Las Sabias, El Titán del Bendito, La Cuesta de las Musas, Mi Verdadejo y El Buen Rollo...",Consultar web o venta directa,+34980667010,info@bodegadominiodelbendito.es,https://www.bodegadominiodelbendito.com,https://www.facebook.com/bodegadominiodelbendito.toro/,https://www.instagram.com/dominiodelbendito/,https://www.google.com/maps/search/DOMINIO%20DEL%20BENDITO%2C%20S.L.%2C%20Camino%20Llano%20La%20Silla%2C%20Pol.%201%20Parcela%204524%20-%20Crta.%20Alaejos%20km%206.2%2C%2049800%2C%20Toro%2C%20Zamora,41.5216963,-5.3939824,/productores/es/castilla-y-leon/zamora/dominio-del-bendito-s-l-toro.webp,verificado,sí,ecommerce,
el-regalo-de-atenea-formariz,El Regalo de Atenea,Villar del Buey,Aceite,Aceite de oliva virgen extra,"Carretera de Muga, 5, Formariz, 49230, Villar del Buey, Zamora",Almazara familiar de Formariz que elabora AOVE con aceituna de los Arribes del Duero.,Consultar web o venta directa,+34676723781,web@elregalodeatenea.es,https://www.elregalodeatenea.es/,https://www.facebook.com/elregalodeatenea/,https://www.instagram.com/elregalodeatenea/,https://www.google.com/maps/search/El%20Regalo%20de%20Atenea%2C%20Carretera%20de%20Muga%2C%205%2049230%20Formariz%2C%20Zamora,41.3461915,-6.2908368,/productores/es/castilla-y-leon/zamora/el-regalo-de-atenea-formariz.webp,verificado,sí,ecommerce,
farina-s-l-toro,FARIÑA S.L.,Toro,Vino,"D.O. Toro: Colegiata, Gran Colegiata, Dama de Toro, Gran Dama de Toro y Primero.","Camino del Palo s/n, 49800, Toro, Zamora","FARIÑA S.L. figura en el directorio oficial de bodegas de la Denominación de Origen Toro. Marcas: Colegiata, Gran Colegiata, Dama de Toro, Gran Dama de Toro y Primero..",Consultar web o venta directa,+34980577673,comercial@bodegasfarina.com,https://www.bodegasfarina.com/,https://www.facebook.com/bodegasfarina,https://www.instagram.com/bodegasfarina,https://www.google.com/maps/search/FARI%C3%91A%20S.L.%2C%20Camino%20del%20Palo%20s%2Fn%2C%2049800%2C%20Toro%2C%20Zamora,41.5216963,-5.3939824,/productores/es/castilla-y-leon/zamora/farina-s-l-toro.webp,verificado,sí,ecommerce,
francisco-casas-s-a-morales-de-toro,FRANCISCO CASAS S.A.,Morales de Toro,Vino,"D.O. Toro: Camparrón, Gamazo y Viña Abba.","Morales de Toro, Zamora","FRANCISCO CASAS S.A. figura en el directorio oficial de bodegas de la Denominación de Origen Toro. Marcas: Camparrón, Gamazo y Viña Abba..",Consultar web o venta directa,+34980698032,toro@bodegascasas.com,http://www.bodegascasas.com,,,https://www.google.com/maps/search/FRANCISCO%20CASAS%20S.A.%2C%20Morales%20de%20Toro%2C%20Zamora,41.5343689,-5.3170794,,parcial,no comprobado,,
frutos-villar-bodegas-toro,FRUTOS VILLAR BODEGAS,Toro,Vino,"D.O. Toro: Muruve, Miralmonte, Buen Chico y Puerta de la Majestad.","Camino Esconde Huesos s/n, 49800, Toro, Zamora","FRUTOS VILLAR BODEGAS figura en el directorio oficial de bodegas de la Denominación de Origen Toro. Marcas: Muruve, Miralmonte, Buen Chico y Puerta de la Majestad..",Consultar web o venta directa,+34983586868,bodegasfrutosvillar@bodegasfrutosvillar.com,https://www.bodegasfrutosvillar.com,https://www.facebook.com/frutosvillar,https://www.instagram.com/bodegas_frutos_villar/,https://www.google.com/maps/search/FRUTOS%20VILLAR%20BODEGAS%2C%20Camino%20Esconde%20Huesos%20s%2Fn%2C%2049800%2C%20Toro%2C%20Zamora,41.5216963,-5.3939824,/productores/es/castilla-y-leon/zamora/frutos-villar-bodegas-toro.webp,verificado,sí,ecommerce,
galindo-san-millan-bodega-y-vinedos-el-pinero,GALINDO SAN MILLÁN BODEGA Y VIÑEDOS,El Piñero,Vino,D.O. Toro: La Pizca y La Miaja.,"Calle Travesía Prado Nº 1, 49715, El Piñero, Zamora",GALINDO SAN MILLÁN BODEGA Y VIÑEDOS figura en el directorio oficial de bodegas de la Denominación de Origen Toro. Marcas: La Pizca y La Miaja..,Consultar web o venta directa,+34647669323,bodegagalindosanmillan@gmail.com,https://www.galindosanmillan.com,https://www.facebook.com/galindosanmillan/,,https://www.google.com/maps/search/GALINDO%20SAN%20MILL%C3%81N%20BODEGA%20Y%20VI%C3%91EDOS%2C%20Calle%20Traves%C3%ADa%20Prado%20N%C2%BA%201%2C%2049715%2C%20El%20Pi%C3%B1ero%2C%20Zamora,41.3541471,-5.5873633,,verificado,sí,ecommerce,
gil-luna-s-l-toro,"GIL LUNA, S.L.",Toro,Vino,"Tres Lunas, Gil Luna, Sin Complejos y Lunas Nuevas","Crta. Toro - Salamanca, km. 2, 49800, Toro, Zamora","Bodega familiar de Toro especializada en vinos ecológicos de la D.O. Toro, con las gamas Tres Lunas, Gil Luna, Sin Complejos y Lunas Nuevas.",,+34980698509,info@giluna.es,https://www.giluna.es/,,,https://www.google.com/maps/search/GIL%20LUNA%2C%20S.L.%2C%20Crta.%20Toro%20-%20Salamanca%2C%20km.%202%2C%2049800%2C%20Toro%2C%20Zamora,41.5216963,-5.3939824,/productores/es/castilla-y-leon/zamora/gil-luna-s-l-toro.webp,verificado,sí,ecommerce,
hacienda-zorita-fermoselle,Hacienda Zorita Natural Reserve,Fermoselle,Vino,Vinos D.O. Arribes,"Ctra. Zamora-Fermoselle, km 58, 49220, Fermoselle, Zamora","Finca de unas 70 hectáreas de viñedo y olivar en el término de Fermoselle, dentro del Parque Natural de Arribes del Duero, explotada por el grupo Marqués de la Concordia. Su vino insignia es un syrah de pago único, y la finca es bodega visitable con alojamiento y restaurante.",,,,https://haciendazorita.com/,,,https://www.google.com/maps/search/Hacienda%20Zorita%2C%20Fermoselle%2C%20Zamora,41.3115142,-6.3460344,,parcial,no comprobado,,
la-colmenita-de-aliste-vinas,La Colmenita de Aliste,Viñas,Miel,Tradición apícola hecha miel,"C/ Calvo Sotelo, 30, 49517 Viñas, Zamora","La empresa La Colmenita de Aliste se encuentra radicada en la localidad de Viñas de Aliste; produce miel de distintas clases y otros productos derivados de la misma., Se trata de una empresa familiar dedicada a la producción de miel de manera tradicional, recogida en los montes de citada localidad alistana donde se producen abundantes floraciones en...",Consultar web o venta directa,+34647037454,manucasado76@gmail.com,,https://www.facebook.com/profile.php?id=100063187180718,https://www.instagram.com/lacolmenitadealiste/,https://www.google.com/maps/search/La%20Colmenita%20de%20Aliste%2C%20C%2F%20Calvo%20Sotelo%2C%2030%2C%2049517%20Vi%C3%B1as%2C%20Zamora,41.7743745,-6.4684707,,parcial,no comprobado,,
la-mela-sejas-de-aliste,La Mela,Rábano de Aliste,Vino,"La Mela Guarda, Barrica, Blanco y vino lupulado","C/ la Peña, 66, Sejas de Aliste, 49515, Rábano de Aliste, Zamora",Microbodega de Sejas de Aliste que elabora vinos de la Sierra de la Culebra.,Consultar web o venta directa,+34605061723,info@lamelabodega.com,https://lamelabodega.com/,,https://www.instagram.com/bodegalamela/,https://www.google.com/maps/search/La%20Mela%2C%20C%2F%20la%20Pe%C3%B1a%2C%2066%2C%2049515%20%E2%80%93%20Sejas%20de%20Aliste%2C%20Zamora,41.7303346,-6.4522189,/productores/es/castilla-y-leon/zamora/la-mela-sejas-de-aliste.webp,verificado,sí,ecommerce,
luis-medina-toro,Luis Medina,Toro,Vino,Bodegas,"Calle Perezal, 7. Bajo​, 49800 – Toro, Zamora","Desde Toro os presentamos este joven proyecto lleno de energía y ganas de comerse el mundo, Bodegas Luis Medina . Esta microbodega elabora vinos singulares procedentes de viñedos propios, los cuales llevan décadas cultivando y velando por la gran calidad de la uva., Las instalaciones en las que se producen estos vinos están ubicadas en la bodega...",,+34660797789,bodegasluismedina@gmail.com,https://bodegasluismedina.com/,,https://www.instagram.com/bodegasluismedina,https://www.google.com/maps/search/Luis%20Medina%2C%20Calle%20Perezal%2C%207.%20Bajo%E2%80%8B%2C%2049800%20%E2%80%93%20Toro%2C%20Zamora,41.5208896,-5.3947473,/productores/es/castilla-y-leon/zamora/luis-medina-toro.webp,verificado,no,,
marcelino-ibericos-corrales-del-vino,Marcelino Ibéricos,Corrales del Vino,Carne,Jamones y embutidos,"Avenida Ruta de la Plata, 26​, 49700 – Corrales del Vino, Zamora",Empresa familiar de Corrales del Vino con cerdos criados en la dehesa propia y jamones y embutidos ibéricos.,Consultar web o venta directa,+34629822496,ibericosmarcelino@gmail.com,https://ibericosmarcelino.com/,https://www.facebook.com/MarcelinoIbericos/,https://www.instagram.com/marcelinoibericos/,https://www.google.com/maps/search/Marcelino%20Ib%C3%A9ricos%2C%20Avenida%20Ruta%20de%20la%20Plata%2C%2026%E2%80%8B%2C%2049700%20%E2%80%93%20Corrales%20del%20Vino%2C%20Zamora,41.3560183,-5.728287,/productores/es/castilla-y-leon/zamora/marcelino-ibericos-corrales-del-vino.webp,verificado,sí,ecommerce,
microbodega-rodriguez-moran-villamor-de-los-escuderos,Microbodega Rodríguez Morán,Villamor de los Escuderos,Vino,Vinos D.O. Tierra del Vino de Zamora,"Villamor de los Escuderos, Zamora","Microbodega familiar de Villamor de los Escuderos, en la D.O. Tierra del Vino de Zamora.",,+34980609047,,,,,https://www.google.com/maps/search/Microbodega%20Rodr%C3%ADguez%20Mor%C3%A1n%2C%20Villamor%20de%20los%20Escuderos%2C%20Zamora,41.2538454,-5.5736721,,parcial,no comprobado,,
moises-gran-vino-morales-de-toro,MOISÉS GRAN VINO,Morales de Toro,Vino,"D.O. Toro: Moisés Gran Vino, Toralto y Toraltus.","Avda. de los Comuneros, 102, 49810, Morales de Toro, Zamora","MOISÉS GRAN VINO figura en el directorio oficial de bodegas de la Denominación de Origen Toro. Marcas: Moisés Gran Vino, Toralto y Toraltus..",Consultar web o venta directa,+34915610894,bodega@heredaduruena.com,https://www.heredaduruena.es/,,,https://www.google.com/maps/search/MOIS%C3%89S%20GRAN%20VINO%2C%20Avda.%20de%20los%20Comuneros%2C%20102%2C%2049810%2C%20Morales%20de%20Toro%2C%20Zamora,41.5343689,-5.3170794,,verificado,sí,ecommerce,
pagos-del-rey-s-l-morales-de-toro,PAGOS DEL REY S.L.,Morales de Toro,Vino,"D.O. Toro: Bajoz, Caño y Sentero.","Avda. de los Comuneros, 90, 49810, Morales de Toro, Zamora","PAGOS DEL REY S.L. figura en el directorio oficial de bodegas de la Denominación de Origen Toro. Marcas: Bajoz, Caño y Sentero..",Consultar web o venta directa,+34980698023,toro@pagosdelrey.com,https://www.pagosdelrey.com,https://www.facebook.com/PagosdelRey,https://www.instagram.com/pagosdelreywines/,https://www.google.com/maps/search/PAGOS%20DEL%20REY%20S.L.%2C%20Avda.%20de%20los%20Comuneros%2C%2090%2C%2049810%2C%20Morales%20de%20Toro%2C%20Zamora,41.5343689,-5.3170794,/productores/es/castilla-y-leon/zamora/pagos-del-rey-s-l-morales-de-toro.webp,verificado,sí,ecommerce,
palacio-de-villachica-toro,PALACIO DE VILLACHICA,Toro,Vino,"D.O. Toro: Palacio de Villachica, Arbocala y VS Dehesa San Andrés.","Ctra. Nacional 122, Km. 433, 49800, Toro, Zamora","PALACIO DE VILLACHICA figura en el directorio oficial de bodegas de la Denominación de Origen Toro. Marcas: Palacio de Villachica, Arbocala y VS Dehesa San Andrés..",Consultar web o venta directa,+34663797346,info@grupopalaciodevillachica.com,https://www.grupopalaciodevillachica.com,https://es-es.facebook.com/pages/category/Grocery-Store/Palacio-De-Villachica-103942794749207/,https://www.instagram.com/palaciovillachica,https://www.google.com/maps/search/PALACIO%20DE%20VILLACHICA%2C%20Ctra.%20Nacional%20122%2C%20Km.%20433%2C%2049800%2C%20Toro%2C%20Zamora,41.5216963,-5.3939824,,verificado,sí,ecommerce,
quinta-de-la-quietud-toro,QUINTA DE LA QUIETUD,Toro,Vino,"D.O. Toro: Quinta Quietud Reserva, La Mula de la Quietud, In Quietud by Nature y Corral de Campanas.","Camino Bardales s/n, 49800, Toro, Zamora","QUINTA DE LA QUIETUD figura en el directorio oficial de bodegas de la Denominación de Origen Toro. Marcas: Quinta Quietud Reserva, La Mula de la Quietud, In Quietud by Nature y Corral de Campanas..",Consultar web o venta directa,+34980568019,info@quintaquietud.com,https://www.quintaquietud.com,https://www.facebook.com/quintaquietud,https://www.instagram.com/quintaquietud/,https://www.google.com/maps/search/QUINTA%20DE%20LA%20QUIETUD%2C%20Camino%20Bardales%20s%2Fn%2C%2049800%2C%20Toro%2C%20Zamora,41.5216963,-5.3939824,/productores/es/castilla-y-leon/zamora/quinta-de-la-quietud-toro.webp,verificado,sí,ecommerce,
terrazgo-bodegas-de-crianza-villar-del-buey,Terrazgo Bodegas de Crianza,Villar del Buey,Vino,"Vinos D.O. Arribes de rufete, juan garcía y bruñal","C/ Portugal, 7, Fornillos de Fermoselle, 49232, Villar del Buey, Zamora","Bodega de producción corta en Fornillos de Fermoselle, pedanía de Villar del Buey, nacida de la recuperación de viñedo viejo de Arribes entre el Tormes y el Duero. Elabora con rufete, juan garcía y bruñal, con crianzas en torno a trece meses.",,,,,,,https://www.google.com/maps/search/Terrazgo%20Bodegas%20de%20Crianza%2C%20Fornillos%20de%20Fermoselle%2C%20Zamora,41.3644444,-6.3286111,,parcial,no comprobado,,
teso-la-monja-s-l-valdefinjas,"TESO LA MONJA, S.L.",Valdefinjas,Vino,"D.O. Toro: Románico, Almirez, Victorino y Alabaster.","Valdefinjas, Zamora","TESO LA MONJA, S.L. figura en el directorio oficial de bodegas de la Denominación de Origen Toro. Marcas: Románico, Almirez, Victorino y Alabaster..",Consultar web o venta directa,+34980568143,felipe.cuestadetoro@sierracantabria.com,http://www.sierracantabria.com,https://www.facebook.com/tr,https://www.instagram.com/vinedosybodegassierracantabria/,https://www.google.com/maps/search/TESO%20LA%20MONJA%2C%20S.L.%2C%20Valdefinjas%2C%20Zamora,41.4513172,-5.4528928,/productores/es/castilla-y-leon/zamora/teso-la-monja-s-l-valdefinjas.webp,verificado,no comprobado,,
tierra-dulce-moraleja-del-vino,Tierra Dulce,Moraleja del Vino,Chocolate,Obrador ecológico,"C/Doce de Octubre 5 49150 Moraleja del Vino, Zamora","Somos un pequeño obrador familiar y ecológico, en el que trabajamos el chocolate de forma totalmente artesanal. Nuestros productos son elaborados con materias primas naturales y ecológicas, sin añadidos ni aditivos químicos, lo que nos permite conservar intactos todos los sabores de la naturaleza. Conseguimos así unas elaboraciones de la más alta calidad...",,+34617508653,info@chocolateecologico.com,https://www.chocolateecologico.com/,https://www.facebook.com/chocolateecologico/,https://www.instagram.com/tierradulcechocolatesbio/,https://www.google.com/maps/search/Tierra%20Dulce%2C%20C%2FDoce%20de%20Octubre%205%2049150%20Moraleja%20del%20Vino%2C%20Zamora,41.4632879,-5.6556087,/productores/es/castilla-y-leon/zamora/tierra-dulce-moraleja-del-vino.webp,verificado,sí,ecommerce,
valdigal-toro,Valdigal,Toro,Vino,D.O. Toro: Valdigal.,"Toro, Zamora",Bodega de Toro que elabora el vino Valdigal y atiende pedidos remotos mediante sus contactos directos.,Pedidos por teléfono o correo,+34629113992,valdigal@valdigal.com,https://www.valdigal.com/,,,https://www.google.com/maps/search/VALDIGAL%2C%20Toro%2C%20Zamora,41.5251534,-5.3978827,/productores/es/castilla-y-leon/zamora/valdigal-toro.webp,verificado,sí,telefono|email,
vina-zangarron-s-l-sanzoles,"VIÑA ZANGARRÓN, S.L.",Sanzoles,Vino,"D.O. Toro: Volvoreta, Flores de Cerezo y El Vino del Buen Amor.","Sanzoles, Zamora","VIÑA ZANGARRÓN, S.L. figura en el directorio oficial de bodegas de la Denominación de Origen Toro. Marcas: Volvoreta, Flores de Cerezo y El Vino del Buen Amor..",Consultar web o venta directa,+34619149062,info@fincavolvoreta.com,http://www.fincavolvoreta.com,,https://www.instagram.com/fincavolvoreta/,https://www.google.com/maps/search/VI%C3%91A%20ZANGARR%C3%93N%2C%20S.L.%2C%20Sanzoles%2C%20Zamora,41.4312964,-5.569204,,parcial,no comprobado,,
carnicas-diaz-de-zamora-s-l-morales-del-vino,"Cárnicas Díaz de Zamora, S.L.",Morales del Vino,Carne,"Chorizo Zamorano, jamón curado y Chori-Queso","Ctra. Salamanca km 2,5, 49190 - Morales del Vino (Zamora)",Industria cárnica de Morales del Vino que elabora embutidos y jamones desde los años cincuenta.,Consultar web o venta directa,+34980570112,,https://buenosdiaz.es/,https://www.facebook.com/pages/category/Grocery-Store/Carnicas-DIAZ-423050394526330/,https://www.instagram.com/carnicasdiaz/,https://www.google.com/maps/search/C%C3%A1rnicas%20D%C3%ADaz%20de%20Zamora%2C%20S.L.%2C%20Ctra.%20Salamanca%20km%202%2C5%2C%2049190%20-%20Morales%20del%20Vino%20(Zamora),41.4460546,-5.7324233,/productores/es/castilla-y-leon/zamora/carnicas-diaz-de-zamora-s-l-morales-del-vino.webp,verificado,sí,ecommerce,
carnicas-jose-montero-el-puente-de-sanabria-galende,Cárnicas José Montero,Galende,Carne,Chorizo Zamorano,"Ctra. Ilanes-Puente, 7, El Puente de Sanabria, 49350, Galende, Zamora",Cárnicas José Montero es una industria adherida a la Marca de Garantía Chorizo Zamorano.,Consultar web o venta directa,+34609620797,,http://www.carnicasmontero.com,,,https://www.google.com/maps/search/C%C3%A1rnicas%20Jos%C3%A9%20Montero%2C%20Ctra.%20Ilanes%20-%20Puente%2C%20n%C2%BA%207%2C%2049350%20-%20El%20Puente%20de%20Sanabria%2C%20Galende%20(Zamora%2C%20Espa%C3%B1a),42.0850761,-6.6413294,/productores/es/castilla-y-leon/zamora/carnicas-jose-montero-el-puente-de-sanabria-galende.webp,verificado,sí,ecommerce,
carnicas-la-culebra-santa-eulalia-de-rionegro,Cárnicas La Culebra,Rionegro del Puente,Carne,"Cecina de jabalí y ciervo, chorizos y escabeches","C/ Mayor, 1, Santa Eulalia de Rionegro, 49318, Rionegro del Puente, Zamora","Obrador cárnico de Santa Eulalia del Río Negro con embutidos, cecinas de caza y escabeches artesanos.",Consultar web o venta directa,+34620220547,contacto@carnicaslaculebra.es,https://carnicaslaculebra.es/,https://www.facebook.com/profile.php?id=100058296618981,https://www.instagram.com/carnicaslaculebra/,https://www.google.com/maps/search/C%C3%A1rnicas%20La%20Culebra%2C%20C%2F%20Mayor%2C%201%2C%2049318%20Santa%20Eulalia%20de%20Rionegro%2C%20Zamora,42.0315112,-6.268394,/productores/es/castilla-y-leon/zamora/carnicas-la-culebra-santa-eulalia-de-rionegro.webp,verificado,sí,ecommerce,
embutidos-mayoral-la-boveda-de-toro,Embutidos Mayoral,La Bóveda de Toro,Carne,"Chorizo ibérico, jamón, lomo y lotes Mayoral","Avenida Toro, 9, 49155 – La Bóveda de Toro, Zamora","Empresa familiar de La Bóveda de Toro que elabora embutidos y jamones desde 1902, hoy en su cuarta generación.",Consultar web o venta directa,+34980602067,info@embutidosmayoral.com,https://www.embutidosmayoral.com/es,https://www.facebook.com/people/Embutidos-MAyoral/100069329190812/,https://www.instagram.com/embutidosmayoral/,https://www.google.com/maps/search/Embutidos%20Mayoral%2C%20Avenida%20Toro%2C%209%2C%2049155%20%E2%80%93%20La%20B%C3%B3veda%20de%20Toro%2C%20Zamora,41.3458996,-5.4117931,/productores/es/castilla-y-leon/zamora/embutidos-mayoral-la-boveda-de-toro.webp,verificado,sí,ecommerce,
embutidos-turista-s-l-embutidos-duero-roales-del-pan,"Embutidos Turista, S.L. - Embutidos Duero",Roales del Pan,Carne,Chorizo Zamorano,"Ctra. Zamora-La Hiniesta, km.3, 49192 - Roales del Pan (Zamora)","Embutidos Turista, S.L. - Embutidos Duero es una industria adherida a la Marca de Garantía Chorizo Zamorano.",Consultar web o venta directa,+34980563054,,http://www.embutidosturista.es,,,https://www.google.com/maps/search/Embutidos%20Turista%2C%20S.L.%20-%20Embutidos%20Duero%2C%20Ctra.%20Zamora-La%20Hiniesta%2C%20km.3%2C%2049192%20-%20Roales%20del%20Pan%20(Zamora),41.5430453,-5.7958357,,parcial,no comprobado,,
embutidos-y-jamones-lema-s-l-santibanez-de-vidriales,"Embutidos y Jamones Lema, S.L.",Santibáñez de Vidriales,Carne,Chorizo Zamorano,"Travesía Fuente Mala, 4, 49610 - Santibáñez de Vidriales (Zamora)","Embutidos y Jamones Lema, S.L. es una industria adherida a la Marca de Garantía Chorizo Zamorano.",Consultar web o venta directa,+34980656267,,https://www.embutidoslema.com/,https://facebook.com/carniceriaslema,https://instagram.com/carniceria_lema/,https://www.google.com/maps/search/Embutidos%20y%20Jamones%20Lema%2C%20S.L.%2C%20Traves%C3%ADa%20Fuente%20Mala%2C%204%2C%2049610%20-%20Santib%C3%A1%C3%B1ez%20de%20Vidriales%20(Zamora),42.0731377,-6.0159102,,verificado,sí,ecommerce,
hijos-de-dionisio-sanchez-s-l-fuentesauco,"Hijos de Dionisio Sánchez, S.L.",Fuentesaúco,Carne,"Kacha Negra Esentia, Konduroc, jamones y embutidos ibéricos","C/ Carrenueva, s/n, 49400 - Fuentesaúco (Zamora)","Industria cárnica de Fuentesaúco que elabora las gamas Kacha Negra Esentia, Konduroc e ibéricos.",Consultar web o venta directa,+34980601100,,https://www.jamonesdionisiosanchez.es/,https://www.facebook.com/tr,,https://www.google.com/maps/search/Hijos%20de%20Dionisio%20S%C3%A1nchez%2C%20S.L.%2C%20C%2F%20Carrenueva%2C%20s%2Fn%2C%2049400%20-%20Fuentesa%C3%BAco%20(Zamora),41.2306008,-5.4964931,/productores/es/castilla-y-leon/zamora/hijos-de-dionisio-sanchez-s-l-fuentesauco.webp,verificado,sí,marketplace,
industrias-carnicas-ele-s-l-roales-del-pan,"Industrias Cárnicas Ele, S.L.",Roales del Pan,Carne,"Chorizo artesano, salchichón, lomo y panceta","Cañada Villanueva, s/n, 49192 - Roales del Pan (Zamora)","Fabricante de embutidos artesanos de Roales del Pan, con chorizo, salchichón, lomo y curados propios.",Consultar web o venta directa,+34980538722,,https://embutidosele.es/,https://www.facebook.com/embutidoselesingluten/,,https://www.google.com/maps/search/Industrias%20C%C3%A1rnicas%20Ele%2C%20S.L.%2C%20Ca%C3%B1ada%20Villanueva%2C%20s%2Fn%2C%2049192%20-%20Roales%20del%20Pan%20(Zamora),41.5523885,-5.7735283,/productores/es/castilla-y-leon/zamora/industrias-carnicas-ele-s-l-roales-del-pan.webp,verificado,sí,ecommerce,
juan-jose-ledesma-s-a-zamora,"Juan José Ledesma, S.A.",Zamora,Carne,Chorizo Zamorano,"Polígono Industrial Los Llanos, Parc. 27-28., 49027 - Zamora (Zamora)","Juan José Ledesma, S.A. es una industria adherida a la Marca de Garantía Chorizo Zamorano.",Consultar web o venta directa,+34980538210,,http://www.embutidosledesma.com,https://www.facebook.com/embutidosjjledesma/,https://www.instagram.com/embutidosjjledesma/,https://www.google.com/maps/search/Juan%20Jos%C3%A9%20Ledesma%2C%20S.A.%2C%20Pol%C3%ADgono%20Industrial%20Los%20Llanos%2C%20Parc.%2027-28.%2C%2049027%20-%20Zamora%20(Zamora),41.5162772,-5.7736011,/productores/es/castilla-y-leon/zamora/juan-jose-ledesma-s-a-zamora.webp,verificado,sí,ecommerce,
melquiades-rodriguez-s-a-coreses,"Melquíades Rodríguez, S.A.",Coreses,Carne,"Chorizo Zamorano, jamón ibérico y lotes de loncheados","Ctra. Nacional 122 Km 449,9, 49530 - Coreses (Zamora)","Industria cárnica de Coreses con elaboración propia de chorizo, jamón, lomo y otros curados.",Consultar web o venta directa,+34980500101,,https://www.melquiadesrodriguez.com/,https://www.facebook.com/Jamones-Melquiades-1517726898557586,https://www.instagram.com/jamonesmelquiades/,https://www.google.com/maps/search/Melqu%C3%ADades%20Rodr%C3%ADguez%2C%20S.A.%2C%20Ctra.%20Nacional%20122%20Km%20449%2C9%2C%2049530%20-%20Coreses%20(Zamora),41.5485022,-5.6208725,/productores/es/castilla-y-leon/zamora/melquiades-rodriguez-s-a-coreses.webp,verificado,sí,ecommerce,
paulino-iglesias-encalado-coreses,Paulino Iglesias Encalado,Coreses,Carne,Chorizo Zamorano,"Polígono Aviación s/n - Ctra. N-122 km 449,5., 49530 - Coreses (Zamora)",Paulino Iglesias Encalado es una industria adherida a la Marca de Garantía Chorizo Zamorano.,Consultar web o venta directa,+34980500448,,http://www.paulinoiglesias.com,https://www.facebook.com/EmbutidosPaulinoIglesias,https://www.instagram.com/paulinoiglesiasembutidos/,https://www.google.com/maps/search/Paulino%20Iglesias%20Encalado%2C%20Pol%C3%ADgono%20Aviaci%C3%B3n%20s%2Fn%20-%20Ctra.%20N-122%20km%20449%2C5.%2C%2049530%20-%20Coreses%20(Zamora),41.5485022,-5.6208725,/productores/es/castilla-y-leon/zamora/paulino-iglesias-encalado-coreses.webp,verificado,sí,ecommerce,
prado-concejo-fonfria,Prado Concejo,Fonfría,Miel,Miel,"Calle Escuela, 15, 49510 Fonfría, Zamora","MIEL PRADO CONCEJO es un proyecto familiar que nace del respeto al medio ambiente y con la intención de mejorar, promocionar y potenciar la cultura popular y la vida rural. Consideramos como base del proyecto el respeto al ecosistema y en particular a las abejas., A partir de aquí nuestra filosofía de trabajo es la profesionalización del sector primario...",Consultar web o venta directa,+34658902836,mielpradoconcejo@gmail.com,https://mielpradoconcejo.com/,https://www.facebook.com/MielPradoConcejo/,https://www.instagram.com/mielpradoconcejo/,https://www.google.com/maps/search/Prado%20Concejo%2C%20Calle%20Escuela%2C%2015%2C%2049510%20Fonfr%C3%ADa%2C%20Zamora,41.6346132,-6.1402013,/productores/es/castilla-y-leon/zamora/prado-concejo-fonfria.webp,verificado,no comprobado,,
villaveza-toro,Villaveza,Toro,Cerveza,Calidad natural garantizada,"Carretera Toro a San Román de Hornija, km 3., 49800 – Toro, Zamora.","Carretera Toro a San Román de Hornija, km 3., 49800 – Toro, Zamora.",Consultar web o venta directa,+34980690819,fincavillaveza@gmail.com,,,,https://www.google.com/maps/search/Villaveza%2C%20Carretera%20Toro%20a%20San%20Rom%C3%A1n%20de%20Hornija%2C%20km%203.%2C%2049800%20%E2%80%93%20Toro%2C%20Zamora.,41.4867775,-5.3207167,,parcial,no comprobado,,
horticola-majia-zamora,Hortícola Majia,Zamora,Fruta y verdura,Hortalizas de temporada y mermeladas de tomate,"Ctra. de Tordesillas, 79, 49022 Zamora","Huerta familiar zamorana con verdura de temporada, tubérculos y mermeladas elaboradas con su tomate.",Consultar web o venta directa,+34678261162,juananp3@gmail.com,https://tomatesmajia.es/,,,https://www.google.com/maps/search/Hort%C3%ADcola%20Majia%2C%20Ctra.%20de%20Tordesillas%2C%2079%2C%2049022%20Zamora,41.5035,-5.7508,,verificado,sí,ecommerce,
bendita-locura-morales-del-vino,Bendita Locura,Morales del Vino,Vermut,Vermut zamorano,"C/Entrala, 7, 49190 Morales del Vino, Zamora","Es una empresa joven que nace de la inquietud de dos amigos por el mundo del vermut. El proyecto se centra en la elaboración de un vermut artesanal. En nuestra bodega todo se hace de forma manual, desde el proceso de elaboración hasta el llenado y etiquetado, todo pasa por nuestras manos. Nuestra idea siempre ha sido crear un vermut que evoque nuestras...",Consultar web o venta directa,+34683323024,benditalocuravermut@gmail.com,https://benditalocuravermut.es/,https://www.facebook.com/benditalocuravermut/,https://www.instagram.com/bendita_locura_artesanos_vermu/,https://www.google.com/maps/search/Bendita%20Locura%2C%20C%2FEntrala%2C%207%2C%2049190%20Morales%20del%20Vino%2C%20Zamora,41.4426205,-5.7370233,/productores/es/castilla-y-leon/zamora/bendita-locura-morales-del-vino.webp,verificado,sí,ecommerce,
douroliva-fermoselle,Douroliva,Fermoselle,Aceite,Aceite de oliva virgen extra,"C/ Torrejón, 33, 49220 Fermoselle., Zamora",AOVE monovarietal de manzanilla elaborado en Fermoselle con aceitunas de los Arribes del Duero.,Consultar web o venta directa,+34980610252,pedidos@douroliva.com,https://www.douroliva.com/,https://www.facebook.com/DourOliva/,https://www.instagram.com/aovedouroliva/,https://www.google.com/maps/search/Douroliva%2C%20C%2F%20Torrej%C3%B3n%2C%2033%2C%2049220%20Fermoselle.%2C%20Zamora,41.31817,-6.3972022,/productores/es/castilla-y-leon/zamora/douroliva-fermoselle.webp,verificado,sí,ecommerce,
vermutto-toro,VERMUTTO,Toro,Vermut,Vermut rojo,"Plaza Mayor, 3, 49800 – Toro, Zamora.","VERMUTTO es un vermut elaborado artesanalmente en pequeños lotes, a base de una selección de nuestros vinos AMERICO de Tinta de Toro y Verdejo, mediante infusión de 10 especias, hierbas aromáticas, cítricos y raíces como son: Ajenjo, Clavo, Semilla de cilantro, Corteza de cacao, Hinojo, Enebro, Canela Cassia, Vid roja, Regaliz, y Piel de naranja,...",,+34651693849,info@bodegasdiezgomez.com,https://www.bodegasdiezgomez.com/productos/vermutto,https://www.facebook.com/profile.php?id=61557174954413,https://www.instagram.com/vermutto/,https://www.google.com/maps/search/VERMUTTO%2C%20Plaza%20Mayor%2C%203%2C%2049800%20%E2%80%93%20Toro%2C%20Zamora.,41.5210666,-5.3942926,/productores/es/castilla-y-leon/zamora/vermutto-toro.webp,verificado,sí,ecommerce,
ajo-bovedano-la-boveda-de-toro,Ajo Bovedano,La Bóveda de Toro,Fruta y verdura,Ajo,"C/Paz, 20., 49155 – La Bóveda de Toro, Zamora.","Ajo Bovedano forma parte de Exquisiteza, la red de pequeños productores agroalimentarios de Zamora.",Consultar web o venta directa,+34633046738,tienda@ajobovedano.com,https://ajobovedano.com/,https://www.facebook.com/AjoBovedanoOficial,https://www.instagram.com/ajobovedano/,https://www.google.com/maps/search/Ajo%20Bovedano%2C%20C%2FPaz%2C%2020.%2C%2049155%20%E2%80%93%20La%20B%C3%B3veda%20de%20Toro%2C%20Zamora.,41.343624,-5.4094237,/productores/es/castilla-y-leon/zamora/ajo-bovedano-la-boveda-de-toro.webp,verificado,sí,ecommerce,
come-frutos-del-bosque-robleda,Come Frutos del Bosque,Robleda-Cervantes,Fruta y verdura,Frutas del bosque ecológicas y mermeladas artesanas,"C/ Castañal, 10, 49321, Robleda, Robleda-Cervantes, Zamora","Somos una pequeña empresa familiar situada en la Comarca de Sanabria, dedicada al cultivo de frutos rojos ecológicos y su posterior transformación en mermeladas naturales y artesanas. Contamos con una amplia variedad de frutos rojos: arándanos, grosellas, frambuesas, moras y uva espina con certificado ecológico que posteriormente transformamos en ricas y...",Consultar web o venta directa,+34669060032,comefrutosdelbosque@gmail.com,https://comefrutosdelbosque.es/,https://www.facebook.com/comefrutosdelbosque/,https://www.instagram.com/comefrutosdelbosque,https://www.google.com/maps/search/Come%20Frutos%20del%20Bosque%2C%20C%2F%20Casta%C3%B1al%2010%2C%2049321%20Robleda%2C%20Zamora,42.0833225,-6.596795,,verificado,no comprobado,,
esparragos-corrales-fuentesauco,Espárragos Corrales,Fuentesaúco,Fruta y verdura,Frescos y naturales,"Camino de las celadillas S/N, 49400 Fuentesaúco, Zamora","Espárragos Corrales: Nos encontramos en Fuentesaúco (Zamora) y somos una pequeña empresa cuyos orígenes se remontan a mi abuelo paterno, Natalio Corrales, quien tenía una tierra, «la huerta», tal y como la hemos llamado siempre toda la familia, donde plantaba sus espárragos. No los tenía como un negocio, ya que mi abuelo era maestro, sino que para él...",Consultar web o venta directa,+34675046969,esparragoscorrales@gmail.com,,https://www.facebook.com/ECfrescosynaturales,https://www.instagram.com/esparragoscorrales/,https://www.google.com/maps/search/Esp%C3%A1rragos%20Corrales%2C%20Camino%20de%20las%20celadillas%20S%2FN%2C%2049400%20Fuentesa%C3%BAco%2C%20Zamora,41.2306008,-5.4964931,,parcial,no comprobado,,
almendras-pentanux-toro,Almendras Pentanux,Toro,Frutos secos,Con las manos y el corazón,"Pol. Ind. Norte, parcela 20, 49800 Toro, Zamora","La vuelta a las raíces y la responsabilidad de continuar con el legado familiar, hicieron que el matrimonio formado por Thomas Simoncini y Mª Ángeles García Hernández, product manager en la industria farmacéutica a nivel internacional y profesora de Lengua y Literatura Española respectivamente, apostaran por la continuidad de unas explotaciones con un...",,+34628367115,tom@pentanux.com,https://pentanux.com/,https://www.facebook.com/pentanux,https://www.instagram.com/pentanuxalmonds,https://www.google.com/maps/search/Almendras+Pentanux%2C+Pol.+Ind.+Norte%2C+Parcela+20%2C+49800+Toro%2C+Zamora,41.5216963,-5.3939824,/productores/es/castilla-y-leon/zamora/almendras-pentanux-toro.webp,verificado,sí,marketplace,
frutos-secos-dibel-guarrate,Frutos Secos Dibel,Guarrate,Frutos secos,Frutos secos de calidad,"C/Garrido, 15B., 49156 – Guarrate, Zamora.","Frutos Secos Dibel, es una empresa familiar situada en Guarrate dedicada a la producción artesanal de almendras y pistachos, entre otros muchos frutos secos. Nuestra pasión por la calidad se refleja en cada producto, ofreciendo frutos secos excepcionales, con tradición y cuidado. Desde una pequeña nave la cual pertenecía a nuestros antepasados y...",Consultar web o venta directa,+34654772510,comercial@frutossecosdibel.com,http://www.frutossecosdibel.com,https://www.facebook.com/frutossecos.dibel.9,https://www.instagram.com/dibel_frutossecos/,https://www.google.com/maps/search/Frutos%20Secos%20Dibel%2C%20C%2FGarrido%2C%2015B.%2C%2049156%20%E2%80%93%20Guarrate%2C%20Zamora.,41.2908804,-5.4424174,,parcial,no comprobado,,
carbajo-hermanos-s-a-cerecinos-de-campos,"Carbajo Hermanos, S.A.",Cerecinos de Campos,Pan y cereal,Harina tradicional zamorana,"Avda. Baltasar Lobo, 8-10, 49640 Cerecinos de Campos, Zamora","Fábrica de harinas y molino de piedra en activo en Cerecinos de Campos, con elaboración y envasado propios. Integra el grupo Molinos del Duero junto a Gabino Bobo y Coperblanc Zamorana, y da nombre a la marca El Molino de Cerecinos.",,+34980669066,info@carbajohermanos.com,https://elmolinodecerecinos.com/,,,https://www.google.com/maps/search/Carbajo%20Hermanos%2C%20Cerecinos%20de%20Campos%2C%20Zamora,41.9007181,-5.4850237,,verificado,sí,ecommerce,
coperblanc-zamorana-s-a-zamora,"Coperblanc Zamorana, S.A.",Zamora,Pan y cereal,Harina tradicional zamorana,"Ctra. Villalpando, km 2, 49023, Zamora","Harinera familiar con más de un siglo de historia —su origen es el molino que adquirió la familia Colino en 1917— constituida como sociedad en 1995. En 2007 formó con Gabino Bobo y Carbajo Hermanos el grupo Molinos del Duero, y suministra harinas prémium a la gran distribución.",,+34980523598,,https://molinosdelduero.com/,,,https://www.google.com/maps/search/Coperblanc%20Zamorana%2C%20Zamora,41.5162772,-5.7736011,,parcial,sí,ecommerce,
molinos-zamoranos-s-a-zamora,"Molinos Zamoranos (Harinas Gabino Bobo, S.A.)",Zamora,Pan y cereal,"Harinas de trigo tradicionales, ecológicas y de fuerza con la marca de garantía Harina Tradicional Zamorana","Ctra. de Villalpando, 13, 49023, Zamora","Molino harinero fundado en 1886 y hoy operado como Molinos Zamoranos por Harinas Gabino Bobo, S.A., con fábrica en Zamora junto a la estación de ferrocarril y un segundo centro en Cerecinos de Campos. Integra el grupo Molinos del Duero junto a Coperblanc Zamorana y Carbajo Hermanos, y vende su harina en tienda propia.",,+34980523598,info@molinoszamoranos.com,https://molinoszamoranos.com/,,,https://www.google.com/maps/search/Molinos%20Zamoranos%2C%20Zamora,41.5162772,-5.7736011,,verificado,sí,ecommerce,
los-huevos-de-la-abuela-villalpando,Los Huevos de la Abuela,Villalpando,Huevos,Huevos camperos,"Camino Barrabueyes s/n, 49630 Villalpando, Zamora","Somos una empresa dedicada al sector avícola cuyas instalaciones se encuentran situadas en Villalpando. Nuestras gallinas son criadas en total libertad con una alimentación basada en cereales, lo que confiere una gran calidad y diferencia con respecto a los grandes productores. Producimos huevos clasificación 1, respetando las medidas medioambientales y...",Consultar web o venta directa,+34605353184,granjaloshuevosdelaabuela@gmail.com,,https://www.facebook.com/granjaloshuevosdelaabuela/,https://www.instagram.com/granjaloshuevosdelaabuela/,https://www.google.com/maps/search/Los%20Huevos%20de%20la%20Abuela%2C%20Camino%20Barrabueyes%20s%2Fn%2C%2049630%20Villalpando%2C%20Zamora,41.8675997,-5.4144987,,verificado,no comprobado,,
alonso-santos-de-pedro-fariza,Alonso Santos de Pedro,Fariza,Lácteos y quesos,"Fariza Empresa Ecológica; DOP ZAMORANO ECOLOGIGO, LECHE CRUDA","C/ Toral, 47, 49213, Fariza, Zamora",Alonso Santos de Pedro figura en la relación de queserías de la D.O.P. Queso Zamorano publicada por Alimentos de Zamora.,Consultar web o venta directa,+34980617856,alsantos@jazzfree.com,,,,https://www.google.com/maps/search/Alonso%20Santos%20de%20Pedro%2C%20Fariza%2C%20Zamora,41.41806,-6.26667,,parcial,no comprobado,,
consorcio-promocion-de-ovino-soc-coop-villalpando,Consorcio Promoción de Ovino Soc. Coop.,Villalpando,Lácteos y quesos,Leche cruda de oveja de las ganaderías socias,"Camino de Canillas s/n, 49630, Villalpando, Zamora",Cooperativa de ganaderos de Villalpando que produce y comercializa leche de oveja de sus explotaciones asociadas.,Pedidos y consultas mediante formulario web,+34980660202,calvo@lechedeoveja.com,http://www.lechedeoveja.com/,https://www.facebook.com/consorciopromociondelovino/photos/a.848024098627823.1073741828.841317479298485/1376096185820609/,,https://www.google.com/maps/search/Consorcio%20Promoci%C3%B3n%20de%20Ovino%20Soc.%20Coop.%2C%20Camino%20de%20Canillas%20s%2Fn%2C%2049630%2C%20Villalpando%2C%20Zamora,41.8640693,-5.4134443,/productores/es/castilla-y-leon/zamora/consorcio-promocion-de-ovino-soc-coop-villalpando.webp,verificado,sí,email,
hijas-de-justo-torrero-la-boveda-de-toro,Hijas de Justo Torrero,La Bóveda de Toro,Lácteos y quesos,Queso zamorano Torrero,"Avenida Zamora, 45, 49810, La Bóveda de Toro, Zamora","Quesería familiar de La Bóveda de Toro. Hace más de cincuenta años Justo Torrero empezó a elaborar queso con leche de rebaños del valle del Guareña, y hoy lo continúan sus hijas en instalaciones nuevas, con leche de oveja churra y castellana.",,,,,,,https://www.google.com/maps/search/Hijas%20de%20Justo%20Torrero%2C%20Avenida%20Zamora%2045%2C%20La%20B%C3%B3veda%20de%20Toro%2C%20Zamora,41.34235,-5.40951,,parcial,no comprobado,,
hijos-de-salvador-rodriguez-sta-cristina-de-la-polvorosa,Hijos de Salvador Rodríguez,Santa Cristina de la Polvorosa,Lácteos y quesos,El Pastor de Santa Cristina; DOP ZAMORANO LECHE CRUDA,"Ctra. Mózar, 1, 49620, Santa Cristina de la Polvorosa, Zamora",Hijos de Salvador Rodríguez figura en la relación de queserías de la D.O.P. Queso Zamorano publicada por Alimentos de Zamora.,Consultar web o venta directa,+34980631907,quesos@elpastor.com,http://www.elpastor.com,https://www.facebook.com/quesoselpastor/,https://www.instagram.com/quesoselpastor/,https://www.google.com/maps/search/Hijos%20de%20Salvador%20Rodr%C3%ADguez%2C%20Ctra.%20M%C3%B3zar%201%2C%20Santa%20Cristina%20de%20la%20Polvorosa%2C%20Zamora,41.99833,-5.71222,/productores/es/castilla-y-leon/zamora/hijos-de-salvador-rodriguez-sta-cristina-de-la-polvorosa.webp,verificado,sí,ecommerce,
hircus-palacios-del-pan,Hircus / Caprino del Esla,Palacios del Pan,Lácteos y quesos,"Hircus Pirámide, Semicurado, Mega y Pirámide Gold","Ctra. Zamora-Carbajales de Alba, km 15,5, 49162 Palacios del Pan, Zamora",Quesería familiar de Palacios del Pan que elabora queso artesano con leche cruda de su propia ganadería caprina.,Tienda online; envíos a la Península en 1–3 días laborables,+34686876426,hircus.web@gmail.com,https://hircus.es/,https://www.facebook.com/queso.hircus,https://www.instagram.com/quesoartesanohircus/,https://www.google.com/maps/search/?api=1&query=Caprino%20del%20Esla%20Hircus%2C%20Ctra.%20Zamora-Carbajales%20de%20Alba%20km%2015%2C5%2C%2049162%20Palacios%20del%20Pan%2C%20Zamora,41.60403,-5.8767,/productores/es/castilla-y-leon/zamora/hircus-palacios-del-pan.webp,verificado,sí,ecommerce,
lacteas-castellano-leonesas-fresno-de-la-ribera,Lácteas Castellano Leonesas,Fresno De La Ribera,Lácteos y quesos,Señorío de Castilla; DOP ZAMORANO LECHE PASTERIZADA,"Ctra.Tordesillas, s/n, 49590, Fresno De La Ribera, Zamora",Lácteas Castellano Leonesas figura en la relación de queserías de la D.O.P. Queso Zamorano publicada por Alimentos de Zamora.,Consultar web o venta directa,+34980695725,m.viano@renypicot.es,http://www.renypicot.es,,,https://www.google.com/maps/search/L%C3%A1cteas%20Castellano%20Leonesas%2C%20Ctra.Tordesillas%2C%20s%2Fn%2C%2049590%2C%20Fresno%20De%20La%20Ribera%2C%20Zamora,41.5275683,-5.5718482,,verificado,no comprobado,,
lacteos-dehesa-de-la-guadana-granja-de-moreruela,Lácteos Dehesa de La Guadaña,Granja De Moreruela,Lácteos y quesos,Labadía Petramora; DOP ZAMORANO LECHE CRUDA,"Camino del Monasterio, s/n, 49740, Granja De Moreruela, Zamora",Explotación ganadera y quesería de Granja de Moreruela inscrita en el C.R.D.O.P. Queso Zamorano. Produce sus propios forrajes y ensilados para el rebaño y elabora queso de oveja amparado por la denominación.,,,lacteos@dehesadelaguadana.com,https://dehesadelaguadana.com/,,,https://www.google.com/maps/search/L%C3%A1cteos%20Dehesa%20de%20La%20Guada%C3%B1a%2C%20Camino%20del%20Monasterio%2C%20s%2Fn%2C%2049740%2C%20Granja%20De%20Moreruela%2C%20Zamora,41.8127551,-5.7450243,,verificado,no,,
queseria-la-antigua-de-fuentesauco-fuentesauco,Quesería La Antigua de Fuentesaúco,Fuentesaúco,Lácteos y quesos,Vellón de Fuentesaúco; DOP ZAMORANO LECHE CRUDA,"Ctra. Salamanca, km. 32, 49400, Fuentesaúco, Zamora",Quesería La Antigua de Fuentesaúco figura en el directorio oficial del Consejo Regulador de la D.O.P. Queso Zamorano.,Consultar web o venta directa,+34980600509,info@queserialaantigua.com,http://www.queserialaantigua.com,https://www.facebook.com/quesolaantigua/,https://www.instagram.com/quesoslaantigua/,https://www.google.com/maps/search/Queser%C3%ADa%20La%20Antigua%20de%20Fuentesa%C3%BAco%2C%20Ctra.%20Salamanca%2C%20km.%2032%2C%2049400%2C%20Fuentesa%C3%BAco%2C%20Zamora,41.2285075,-5.4988317,/productores/es/castilla-y-leon/zamora/queseria-la-antigua-de-fuentesauco-fuentesauco.webp,verificado,sí,ecommerce,
queseria-vicente-pastor-morales-del-vino,Quesería Vicente Pastor,Morales Del Vino,Lácteos y quesos,Vicente Pastor; DOP ZAMORANO LECHE CRUDA,"Calle Arcenillas, s/n, 49190, Morales del Vino, Zamora","Quesería artesanal de Morales del Vino inscrita en el C.R.D.O.P. Queso Zamorano, que elabora con métodos y componentes tradicionales bajo su propia marca.",,+34980574074,pastor@vicentepastor.com,https://vicentepastor.com/,,,https://www.google.com/maps/search/Queser%C3%ADa%20Vicente%20Pastor%2C%20Camino%20Arcenillas%2C%20s%2Fn%2C%2049190%2C%20Morales%20Del%20Vino%2C%20Zamora,41.4446197,-5.7340933,,verificado,no,,
queserias-de-zamora-morales-del-vino,Queserías de Zamora,Morales Del Vino,Lácteos y quesos,Quesos Molino Real y La Cava del Queso,"Ctra. Zamora – Salamanca, km. 283, 49190, Morales Del Vino, Zamora",Fábrica quesera de Morales del Vino con las gamas Molino Real y La Cava del Queso.,Consultar web o venta directa,+34980570052,queserias@marcosconde.com,https://marcosconde.com/,https://www.facebook.com/profile.php,https://www.instagram.com/quesosmarcosconde/,https://www.google.com/maps/search/Queser%C3%ADas%20de%20Zamora%2C%20Ctra.%20Zamora%20%E2%80%93%20Salamanca%2C%20km.%20283%2C%2049190%2C%20Morales%20Del%20Vino%2C%20Zamora,41.5162772,-5.7736011,/productores/es/castilla-y-leon/zamora/queserias-de-zamora-morales-del-vino.webp,verificado,sí,ecommerce,
queso-del-duero-s-a-toro,Queso del Duero S.A.,Toro,Lácteos y quesos,Queso zamorano Tierra de Duero,"Ctra. Castronuevo de los Arcos km 1,5, 49800 Toro, Zamora",Centro quesero de Toro integrado en el grupo Lácteas García Baquero y vinculado a la elaboración de queso zamorano Tierra de Duero.,,,,https://www.garciabaquero.com/contacto,,,https://www.google.com/maps/search/Queso%20del%20Duero%20S.A.%2C%20Ctra.%20Castronuevo%20de%20los%20Arcos%20km%201%2C5%2C%2049800%20Toro%2C%20Zamora,41.5216963,-5.3939824,,verificado,sí,ecommerce,
quesos-revilla-coreses,Quesos Reviques (antes Quesos Revilla),Coreses,Lácteos y quesos,Platería; DOP ZAMORANO LECHE CRUDA,"Polígono Ind. Campo de Aviación, 1, C/ Comandante Álvarez Raigada, 38, 49530, Coreses, Zamora",Quesos Revilla figura en el directorio oficial del Consejo Regulador de la D.O.P. Queso Zamorano.,Consultar web o venta directa,+34980580114,reviques@quesosreviques.com,https://quesosreviques.com/,https://www.facebook.com/profile.php,https://www.instagram.com/quesosreviques/,https://www.google.com/maps/search/Quesos%20Revilla%2C%20Pol%C3%ADgono%20Ind.%20Campo%20de%20Aviaci%C3%B3n%2C%201%20%2F%20c%2F%20Comandante%20%C3%81lvarez%20Raigada%2C%2038%2C%2049530%2C%20Coreses%2C%20Zamora,41.5485022,-5.6208725,/productores/es/castilla-y-leon/zamora/quesos-revilla-coreses.webp,verificado,sí,ecommerce,
agroalimentaria-de-la-guarena-s-l-fuentesauco,Agroalimentaria de la Guareña S.L.,Fuentesaúco,Legumbres,Garbanzo de Fuentesaúco,"Ctra. Villamor de los Escuderos, s/n, 49400, Fuentesaúco, Zamora","Elaborador inscrito en la I.G.P. Garbanzo de Fuentesaúco, con instalaciones en la carretera de Villamor de los Escuderos.",,,,,,,https://www.google.com/maps/search/Agroalimentaria%20de%20la%20Guare%C3%B1a%20S.L.%2C%20Fuentesa%C3%BAco%2C%20Zamora,41.2306008,-5.4964931,,parcial,no comprobado,,
cooperativa-los-zamoranos-fuentesauco,Cooperativa los Zamoranos,Fuentesaúco,Legumbres,Garbanzo de Fuentesaúco,"Camino de Valparaíso, 1, 49400 Fuentesaúco, Zamora","Cooperativa agraria activa de Fuentesaúco con web propia, contacto directo y producción de legumbres.",,+34677477069,cooperativa@loszamoranos.com,https://www.loszamoranos.com/,,,https://www.google.com/maps/search/Cooperativa%20Los%20Zamoranos%2C%20Fuentesa%C3%BAco%2C%20Zamora,41.2306008,-5.4964931,,verificado,no,,
j-pedraz-s-c-fuentesauco,"J. Pedraz, S.C.",Fuentesaúco,Legumbres,Garbanzo de Fuentesaúco,"Fuentesaúco, Zamora",Sociedad civil de Fuentesaúco inscrita como elaboradora de la I.G.P. Garbanzo de Fuentesaúco.,,,,,,,https://www.google.com/maps/search/J.%20Pedraz%2C%20S.C.%2C%20Fuentesa%C3%BAco%2C%20Zamora,41.2306008,-5.4964931,,parcial,no comprobado,,
chocolate-refart-zamora,Chocolate Refart,Zamora,Chocolate,Obrador artesano,"Ctra. de la Aldehuela, 23, Vivero de empresas. Nave-9, 49021 Zamora","Chocolate Refart , es un obrador artesano donde elaboramos productos derivados del cacao tales como, tabletas, bombones, turrones, chocolatinas, piruletas, etc. Personalizamos nuestras recetas de chocolate a partir de una selección de las mejores habas de cacao de todo el mundo. El 100% de nuestros chocolates están elaborados con habas de cacao de origen...",Consultar web o venta directa,+34669554362,info@chocolaterefart.com,https://www.chocolaterefart.com/,https://www.facebook.com/chocolaterefart,https://www.instagram.com/chocolaterefart/,https://www.google.com/maps/search/Chocolate%20Refart%2C%20Ctra.%20de%20la%20Aldehuela%2C%2023%2C%20Vivero%20de%20empresas.%20Nave-9%2C%2049021%20Zamora,41.5113982,-5.7246372,/productores/es/castilla-y-leon/zamora/chocolate-refart-zamora.webp,verificado,sí,ecommerce,
miel-fuente-la-muela-san-juan-del-rebollar,Miel Fuente la Muela,San Vitero,Miel,Auténtica miel artesanal,"C/ Barrio Nuevo, 15A, San Juan del Rebollar, 49525, San Vitero, Zamora","Somos Miel Fuente la Muela de San Juan del Rebollar y municipio de San Vitero provincia de Zamora, llevamos mas de diez años desde que empezamos con este mundo tan interesante y sorprendente que poco a poco hemos ido aumentando la producción siempre con la calidad y trazabilidad adecuadas., En nuestras colmenas creamos sólo miel de abeja de pura calidad,...",Consultar web o venta directa,+34669005301,info@mielfuentelamuela.com,http://www.mielfuentelamuela.com,https://www.facebook.com/miel.fuentelamuela,https://www.instagram.com/mielfuentelamuela/,https://www.google.com/maps/search/Miel%20Fuente%20la%20Muela%2C%20C%2FBarrio%20Nuevo%2C%2015A.%2C%2049525%20%E2%80%93%20San%20Juan%20del%20Rebollar%2C%20Zamora.,41.7495129,-6.3532048,/productores/es/castilla-y-leon/zamora/miel-fuente-la-muela-san-juan-del-rebollar.webp,verificado,sí,ecommerce,
singular-by-grenoucerie-carbellino,Singular by Grenoucerie,Carbellino,Pescado,Ancas de rana,"Carretera Carbellino-Almeida, s/n, parcela 18, polígono, 49211 Carbellino, Zamora",Empresa de Carbellino especializada en ancas de rana frescas y congeladas y elaboraciones gourmet derivadas.,Consultar web o venta directa,+34980982309,singular@ancasderana.com,https://ancasderana.com/,https://www.facebook.com/singularbygrenoucerie/,https://www.instagram.com/singularbygrenoucerie/,https://www.google.com/maps/search/Grenoucerie%2C+Carretera+Carbellino-Almeida%2C+49211+Carbellino%2C+Zamora,41.2280853,-6.1432555,/productores/es/castilla-y-leon/zamora/singular-by-grenoucerie-carbellino.webp,verificado,sí,ecommerce,
conservas-anda-s-l-toro,Conservas Anda S.L.,Toro,Conservas,Conservas de verduras y hongos silvestres,"Paseo Virgen del Canto, 11, 49800 Toro, Zamora","Empresa familiar activa que elabora conservas vegetales y de setas en Toro, con productos de la huerta zamorana.",Consultar web o venta directa,+34980690117,info@conservasanda.com,https://www.conservasanda.com/,,,https://www.google.com/maps/search/Conservas%20Anda%20S.L.%2C%20Zamora%2C%20Zamora,41.52493,-5.39574,,verificado,sí,ecommerce,
conservas-gabemar-s-l-rabanales,Conservas Gabemar S.L.,Rabanales,Conservas,Conservas de verduras y hongos silvestres,"Calle Fontanina, s/n, 49519 Fradellos, Rabanales, Zamora",Empresa conservera activa de Fradellos que envasa y comercializa conservas de setas silvestres y otros productos vegetales.,Consultar web o venta directa,+34980562387,pedidos@gabemar.com,https://www.gabemar.com/,,,https://www.google.com/maps/search/Conservas%20Gabemar%20S.L.%2C%20Zamora%2C%20Zamora,41.74688,-6.20565,,verificado,sí,ecommerce,
conservas-vegetales-faundez-s-l-rabanales,"Conservas Vegetales Faúndez, S.L.",Rabanales,Setas,"Setas silvestres frescas, congeladas, deshidratadas y en conserva, trufas, castañas y frutos del bosque","Calle El Salvador, 69, 49519, Rabanales, Zamora","Empresa de Rabanales especializada en seta silvestre en todas sus presentaciones —fresca, congelada, deshidratada y en conserva—, además de trufa, castaña y frutos del bosque. Vende en su propia tienda con envíos en 24-48 horas.",,+34980681866,pedidos@faundez.com,https://www.faundez.com/,,,https://www.google.com/maps/search/Conservas%20Vegetales%20Fa%C3%BAndez%2C%20S.L.%2C%20Zamora%2C%20Zamora,41.7345,-6.2048,,verificado,sí,ecommerce,
ecoespora-el-pinero,ECOESPORA,El Piñero,Setas,"Cultivo, transformación y comercialización","Avda. Diputación Nº 7, 49715 El Piñero, Zamora","Empresa activa de El Piñero que cultiva y transforma setas en sus propias instalaciones, con producción artesanal y enfoque sostenible.",Consultar web o venta directa,+34618508423,lorenaalonsoperalba05@gmail.com,https://ecoespora.com/,,https://www.instagram.com/ecoespora/,https://www.google.com/maps/search/ECOESPORA%2C%20Avda.%20Diputaci%C3%B3n%20N%C2%BA%207%2C%2049715%20El%20Pi%C3%B1ero%2C%20Zamora,41.3541471,-5.5873633,,verificado,no comprobado,,
eurohongo-s-l-puebla-de-sanabria,Eurohongo S.L.,Puebla de Sanabria,Setas,Setas de Castilla y León,"Calle Santa Ana, 54, 49300, Puebla de Sanabria, Zamora","Empresa de Puebla de Sanabria dedicada a la compraventa y exportación de setas, frutos silvestres, hortalizas, legumbres y conservas.",,+34980620551,,,,,https://www.google.com/maps/search/Eurohongo%2C%20Calle%20Santa%20Ana%2054%2C%20Puebla%20de%20Sanabria%2C%20Zamora,42.05528,-6.63361,,parcial,no comprobado,,
frutas-silvestres-y-setas-s-l-trefacio,Frutas silvestres y setas S.L.,Trefacio,Setas,Setas de Castilla y León,"Carretera San Justo s/n, Villarino de Sanabria, 49359 Trefacio, Zamora","Sociedad con domicilio e instalación industrial en Trefacio vinculada al envasado, conservación y distribución de productos naturales; no se ha confirmado una marca propia activa.",,,,,,,https://www.google.com/maps/search/Frutas%20silvestres%20y%20setas%20S.L.%2C%20Zamora%2C%20Zamora,42.10842,-6.63592,,parcial,no comprobado,,
hongos-de-zamora-s-l-zamora,Hongos de Zamora S.L.,Zamora,Setas,"Setas frescas, congeladas y deshidratadas Honza","Zamora, Zamora","Empresa zamorana que comercializa setas, trufas y frutos silvestres frescos, congelados y deshidratados bajo la marca Honza.",,+34980509215,info@honza.es,https://www.honza.es/,,,https://www.google.com/maps/search/Hongos%20de%20Zamora%20S.L.%2C%20Zamora%2C%20Zamora,41.5162772,-5.7736011,,verificado,no,,
micozamora-gourmet-s-l-l-rabanales,Micozamora Gourmet S.L.L,Rabanales,Setas,Setas de Castilla y León,"Rabanales, Zamora","Operador micológico de Rabanales, en la comarca de Aliste, dedicado a la seta silvestre.",,,,,,,https://www.google.com/maps/search/Micozamora%20Gourmet%2C%20Rabanales%2C%20Zamora,41.74167,-6.27583,,parcial,no comprobado,,
nando-silvestre-s-l-san-vitero,Nando Silvestre S.L.,San Vitero,Setas,Setas de Castilla y León,"Plaza Ribote, s/n, 49523 San Vitero, Zamora","Empresa activa de San Vitero especializada en setas y frutas del bosque, con formatos frescos, congelados y deshidratados para distribución y hostelería.",,+34980681510,info@nandosilvestre.com,https://nandosilvestre.com/,,,https://www.google.com/maps/search/Nando%20Silvestre%20S.L.%2C%20Zamora%2C%20Zamora,41.6656,-6.2814,,verificado,no,,
natur-silver-olmillos-de-castro,Natur Silver,Olmillos de Castro,Setas,Setas de Castilla y León,"San Martín de Tábara, 49512, Olmillos de Castro, Zamora","Operador micológico con sede en San Martín de Tábara, localidad del municipio de Olmillos de Castro, dedicado a la seta silvestre.",,,,,,,https://www.google.com/maps/search/Natur%20Silver%2C%20San%20Mart%C3%ADn%20de%20T%C3%A1bara%2C%20Zamora,41.73167,-5.96889,,parcial,no comprobado,,
prodeza-s-l-san-vitero,Prodeza S.L.,San Vitero,Setas,Setas de Castilla y León,"San Vitero, Zamora",Empresa activa de San Vitero dedicada a la recolección y venta de setas y frutos silvestres de la provincia de Zamora.,,,,https://www.prodeza.es/,,,https://www.google.com/maps/search/Prodeza%20S.L.%2C%20Zamora%2C%20Zamora,41.6656,-6.2814,,verificado,no,,
productos-silvestres-sierra-de-la-culebra-s-l-villardeciervos,Productos Silvestres Sierra de la Culebra S.L.,Villardeciervos,Setas,Setas de Castilla y León,"Ctra. las Viñas, 10 A, 49562, Villardeciervos, Zamora","Empresa de Villardeciervos, conocida como ProSilvestre, dedicada a la recogida y transformación de setas, trufas y frutos silvestres, que prepara en fresco, congelado, deshidratado y conserva.",,+34980654730,,,,,https://www.google.com/maps/search/Productos%20Silvestres%20Sierra%20de%20la%20Culebra%2C%20Ctra.%20las%20Vi%C3%B1as%2010A%2C%20Villardeciervos%2C%20Zamora,41.93306,-6.28306,,parcial,no comprobado,,
baltasar-moralejo-e-hijos-s-r-l-coreses,Baltasar Moralejo e Hijos S.R.L,Coreses,Lácteos y quesos,"PAGO LOS VIVALES ETIQUETA BURDEOS, PAGO LOS VIVALES ETIQUETA NEGRA","Coreses, Zamora, España","Productor lácteo de Coreses incluido en el directorio World Cheese Awards con productos como PAGO LOS VIVALES ETIQUETA BURDEOS, PAGO LOS VIVALES ETIQUETA NEGRA.",Consultar fuente,,,https://www.pagolosvivales.com/,,,https://www.google.com/maps/search/?api=1&query=Baltasar%20Moralejo%20e%20Hijos%20S.R.L%2C%20Coreses%2C%20Zamora%2C%20Espa%C3%B1a,41.5485022,-5.6208725,,verificado,sí,ecommerce,
industrias-lacteas-benaventanas-s-a-ilbesa-benavente,Industrias Lacteas Benaventanas S.A. (Ilbesa),Benavente,Lácteos y quesos,"Esquila Picante, DM Gran Reserva y packs de queso","Cañada Sanabresa, s/n, 49600 Benavente, Zamora",Industrias Lácteas Benaventanas S.A. (ILBESA) fabrica quesos en Benavente y mantiene actividad láctea actual.,"Pedidos en tienda online; atención por teléfono, WhatsApp o correo",+34980630505,ilbesa@ilbesa.com,https://www.ilbesa.com/,,,https://www.google.com/maps/search/?api=1&query=Industrias%20Lacteas%20Benaventanas%20S.A.%20(Ilbesa)%2C%20Benavente%2C%20Zamora,42.0029,-5.6743,,verificado,sí,ecommerce,
lacteas-cobreros-s-a-castrogonzalo,Lacteas Cobreros S.A.,Castrogonzalo,Lácteos y quesos,"Rulos de queso de cabra, gama gourmet y leche de cabra en polvo","C/ Leticia Rosino Andrés, 6A, 49660, Castrogonzalo, Zamora","Industria láctea de Castrogonzalo especializada en queso de cabra —rulos y gama gourmet— y leche de cabra en polvo, a partir de leche cruda de vaca, cabra y oveja.",,,,https://www.lacteascobreros.com/,,,https://www.google.com/maps/search/?api=1&query=Lacteas%20Cobreros%20S.A.%2C%20Paradores%20de%20Castrogonzalo%2C%2049660%20Castrogonzalo%2C%20Zamora,41.9807036,-5.6106556,,verificado,no,,
lacteas-zamoro-s-l-santibanez-de-vidriales,Lacteas Zamoro S.L.,Santibañez de Vidriales,Lácteos y quesos,"Ciudad de Sansueña Goat's Cheese, Ciudad de Sansueña Old Sheep's Cheese","Santibañez de Vidriales, Zamora, España","Productor lácteo de Santibañez de Vidriales incluido en el directorio World Cheese Awards con productos como Ciudad de Sansueña Goat's Cheese, Ciudad de Sansueña Old Sheep's Cheese.",Consultar fuente,,,https://quesosansuena.com/,,,https://www.google.com/maps/search/?api=1&query=Lacteas%20Zamoro%20S.L.%2C%20Santiba%C3%B1ez%20de%20Vidriales%2C%20Zamora%2C%20Espa%C3%B1a,42.0735273,-6.0150542,,verificado,sí,ecommerce,
quesos-pablo-alonso-martin-villalpando,Quesos Pablo Alonso Martin,Villalpando,Lácteos y quesos,"Queso de oveja curado, viejo, reserva oro, cuñas y cremas","Calle Real, 49630 Villalpando, Zamora",Quesería familiar de Villalpando que elabora queso artesano de oveja desde hace tres generaciones.,Lun-Vie 9:30–14:00 y 16:30–19:00; sábados 10:00–14:00,+34980660598,,https://quesospabloalonsomartin.com/,,,https://www.google.com/maps/search/?api=1&query=Quesos%20Pablo%20Alonso%20Martin%2C%20Calle%20Real%2C%2049630%20Villalpando%2C%20Zamora,41.8639341,-5.4115888,,verificado,sí,ecommerce,
morcillas-ramiro-zamora,Morcillas Ramiro,Zamora,Carne,"Morcilla de pan zamorana, morcillas artesanas","Avenida Galicia, 103, 49024 Zamora, España","Obrador zamorano especializado en morcillas artesanas de pan, reconocido por su elaboración tradicional y presencia en Tierra de Sabor.",,+34980528523,morcillasramiro@gmail.com,https://morcillasramiro.com,,,https://www.google.com/maps/search/?api=1&query=Morcillas+Ramiro+Avenida+Galicia+103+Zamora,41.50333,-5.75556,/productores/es/castilla-y-leon/zamora/morcillas-ramiro-zamora.webp,verificado,no,,
queso-beato-de-tabara-olmillos-de-castro,Queso Beato de Tábara,Olmillos de Castro,Lácteos y quesos,"Queso ecológico Beato de Tábara, Beato de Tábara Azul","San Martín de Tábara, 49540 Olmillos de Castro, Zamora",Pequeña quesería familiar de San Martín de Tábara que elabora queso ecológico artesanal de cabra con leche cruda de su propio rebaño.,,+34684105898,islevasc@yahoo.com,https://quesobeatodetabara.com/,,https://www.instagram.com/islevasc/,https://www.google.com/maps/search/?api=1&query=Queso%20Beato%20de%20T%C3%A1bara%2C%20San%20Mart%C3%ADn%20de%20T%C3%A1bara%2C%20Zamora,41.7541222,-5.9927926,/productores/es/castilla-y-leon/zamora/queso-beato-de-tabara-olmillos-de-castro.webp,verificado,no,,
