slug,nombre,municipio,categoria,productos estrella,direccion,descripcion,horario,telefono,correo,web,Facebook,Instagram,Google Maps,lat,lon,imagen,verificacion,Venta online,Canal de venta,categorias adicionales,producer_id,descripcion_locale,visitas guiadas,mensaje a la comunidad,mensaje_comunidad_locale,enlace destacado 1,enlace destacado 2
bellinger-s-orchard,Bellinger's Orchard,Fultonviille,Fruta y verdura,cherries|apples|peaches|pears|plums|pumpkins,"685 Argersinger Rd, Fultonviille, New York 12072","Bellinger’s Orchard grows cherries, apples, peaches, pears, plums, pumpkins, and other fruit on its Fultonville farm.",,,,,,,,42.902931,-74.393467,,pendiente,no comprobado,,,355,en,,,,,
bernard-farm,Bernard Farm,Cambridge,Lácteos y quesos,produce|flowers|bread|meat|dairy|eggs,"2275 State Route 22, Cambridge, NY, USA","Bernard Farm operates a Cambridge farmstand with farm-grown produce, flowers, eggs, dairy, meat, and baked goods.",,,,,,,,43.055604,-73.3731789,,pendiente,no comprobado,,,379,en,,,,,
bughouse-farm-at-fitch-s-point,BugHouse Farm at Fitch's Point,Salem,Miel,blackberries|raspberries|vegetables|honey,"4183 State Route 29, Salem, NY 12865",BugHouse Farm at Fitch’s Point grows berries and vegetables and produces honey in Salem.,,,,,,,,43.15071149410247,-73.3800328492094,,pendiente,no comprobado,,,632,en,,,,,
carroll-gardens,Carroll Gardens,Brooklyn,Fruta y verdura,produce,"Carroll St and Smith St, Brooklyn, NY",Carroll Gardens grows and sells produce through its urban Brooklyn farm operation.,,,,,,,,40.680196998026304,-73.99488500971108,,pendiente,no comprobado,,,710,en,,,,,
cherry-bank-farm,Cherry Bank Farm,Sanborn,Pan y cereal,apples|pumpkins|bakery,"5140 Townline Road, Sanborn, NY 14132",Cherry Bank Farm grows apples and pumpkins and bakes seasonal goods in Sanborn.,,,,,,,,43.164303462563225,-78.88556449622175,,pendiente,no comprobado,,,786,en,,,,,
duryea-farm-of-the-fellowship-community,Duryea Farm of the Fellowship Community,Chestnut Ridge,Fruta y verdura,organic produce,"241 Hungry Hollow Road, Chestnut Ridge, NY 10977",Duryea Farm grows biodynamic produce for the Fellowship Community in Chestnut Ridge and sells it through its farm store.,,,,,,,,41.08552165380004,-74.0644174227791,,pendiente,no comprobado,,,1128,en,,,,,
echo-farm,Echo Farm,Essex,Miel,milk|poultry|beef|pork|vegetables|maple syrup|honey,"327 Walker Road, Essex, NY, USA","Echo Farm raises its own livestock and grows vegetables, flowers, fruit, maple, and honey in Essex, with value-added goods made on site.",,,,,,,,44.2669603,-73.4488675,,pendiente,no comprobado,,,1145,en,,,,,
emmifarms,EmmiFarms,Baldwinsville,Fruta y verdura,seasonal produce,"1482 West Genesee Road, Baldwinsville, NY 13027",EmmiFarms grows seasonal produce and sells it from its Baldwinsville farmstand.,,,,,,,,43.16842689792088,-76.40162336472497,,pendiente,no comprobado,,,1179,en,,,,,
fable-from-farm-to-table,Fable:  From Farm to Table,Yorktown,Fruta y verdura,fruit|vegetables|pasture-raised eggs,,Fable grows fruit and vegetables without synthetic pesticides in the Hudson Valley and sells farm eggs alongside its produce.,,+19148620205,info@fablefoods.com,https://fablefoods.com/,,,,,,,pendiente,sí,telefono,Huevos,1212,en,,,,,
fergus-farm,Fergus Farm,East Aurora,Fruta y verdura,seasonal produce,"1810 Porterville Road, East Aurora, NY 14052",Fergus Farm grows seasonal fruit and vegetables in East Aurora and offers them through its farm market.,,,,,,,,42.79123404658924,-78.56243391454333,,pendiente,no comprobado,,,1248,en,,,,,
other-half-brewing,Other Half Brewing,New York,Cerveza,craft beer|IPAs|lagers,,"Other Half Brewing makes hop-forward craft beer at its New York breweries, including IPAs, lagers, and seasonal releases.",,+12125646065,,https://otherhalfbrewing.com/,,https://www.instagram.com/otherhalfnyc/,,,,/productores/us/middle-atlantic/new-york/other-half-brewing.webp,pendiente,no comprobado,,,2481,en,,,,,
singlecut-beersmiths,SingleCut Beersmiths,New York,Cerveza,craft beer|IPAs|lagers,,"SingleCut Beersmiths brews modern American beer in New York, with a focus on hop-driven ales and lagers.",,+17186060788,,https://singlecut.com/,,https://www.instagram.com/singlecutbeer/,,,,/productores/us/middle-atlantic/new-york/singlecut-beersmiths.webp,pendiente,sí,ecommerce,,3011,en,,,,,
brewery-ommegang,Brewery Ommegang,Cooperstown,Cerveza,Belgian-style ales,,Brewery Ommegang brews Belgian-inspired ales at its Cooperstown brewery.,,,,https://www.ommegang.com/,https://www.facebook.com/ommegang/,https://www.instagram.com/breweryommegang/,,,,/productores/us/middle-atlantic/new-york/brewery-ommegang.webp,pendiente,no comprobado,,,581,en,,,,,
southern-tier-brewing-company,Southern Tier Brewing Company,Lakewood,Cerveza,craft beer,,"Southern Tier Brewing Company produces craft beer in Lakewood across year-round, seasonal, and specialty releases.",,,info@southerntierbrewing.com,https://stbcbeer.com/,https://www.facebook.com/stbcbeer/,https://www.instagram.com/stbcbeer/,,,,/productores/us/middle-atlantic/new-york/southern-tier-brewing-company.webp,pendiente,no comprobado,,,3090,en,,,,,
grimm-artisanal-ales,Grimm Artisanal Ales,New York,Cerveza,farmhouse ales|wild ales,,Grimm Artisanal Ales makes small-batch farmhouse and wild ales in New York.,,+17185649767,,https://grimmales.com/,https://www.facebook.com/GrimmAles/,https://www.instagram.com/grimmales/,,,,/productores/us/middle-atlantic/new-york/grimm-artisanal-ales.webp,pendiente,no comprobado,,,1501,en,,,,,
ithaca-beer-company,Ithaca Beer Company,Ithaca,Cerveza,craft beer|IPA,"122 Ithaca Beer Drive Ithaca, NY, 14850 United States","Ithaca Beer Company brews craft beer in Ithaca, including its Flower Power IPA and rotating releases.",,+16072730766,customerservice@ithacabeer.com,https://www.ithacabeer.com/,https://www.facebook.com/ithacabeer/,https://www.instagram.com/ithacabeer/,,,,/productores/us/middle-atlantic/new-york/ithaca-beer-company.webp,pendiente,sí,ecommerce,,1787,en,,,,,
captain-lawrence-brewing-company,Captain Lawrence Brewing Company,Elmsford,Cerveza,craft beer|barrel-aged beer,,"Captain Lawrence Brewing Company produces craft beer in Elmsford, with core and barrel-aged styles.",,+19147412337,,https://www.captainlawrencebrewing.com/,https://www.facebook.com/CaptainLawrence/,https://www.instagram.com/captlawrence/,,,,/productores/us/middle-atlantic/new-york/captain-lawrence-brewing-company.webp,pendiente,no comprobado,,,689,en,,,,,
industrial-arts-brewing-company,Industrial Arts Brewing Company,Beacon,Cerveza,craft beer|pale ale|lagers,,"Industrial Arts Brewing Company brews modern craft beer in Beacon, including pale ales, lagers, and IPAs.",,,,https://www.industrialartsbrewing.com/,,,,,,/productores/us/middle-atlantic/new-york/industrial-arts-brewing-company.webp,pendiente,sí,ecommerce,,1764,en,,,,,
sloop-brewing-co,Sloop Brewing Co.,East Fishkill,Cerveza,craft beer|IPA,,"Sloop Brewing Co. makes craft beer in the Hudson Valley, known for its Juice Bomb IPA and rotating lineup.",,,thefactory@sloopbrewing.com,https://www.sloopbrewing.com/,,https://www.instagram.com/sloopbrewingco/,,,,/productores/us/middle-atlantic/new-york/sloop-brewing-co.webp,pendiente,no comprobado,,,3031,en,,,,,
old-chatham-creamery,Old Chatham Creamery,Groton,Lácteos y quesos,sheep-milk cheese,,Old Chatham Creamery makes farmstead sheep-milk cheese in Groton.,,,,https://oldchathamcreamery.com/,,https://www.instagram.com/old.chatham.creamery/,,,,/productores/us/middle-atlantic/new-york/old-chatham-creamery.webp,pendiente,no comprobado,,,2447,en,,,,,
lively-run-dairy,Lively Run Dairy,Interlaken,Lácteos y quesos,goat cheese,,Lively Run Dairy raises goats and makes farmstead goat cheese in Interlaken.,,,,https://livelyrun.com/,https://www.facebook.com/LivelyRunDairy/,https://www.instagram.com/livelyrundairy/,,,,/productores/us/middle-atlantic/new-york/lively-run-dairy.webp,pendiente,sí,ecommerce,,2049,en,,,,,
chaseholm-farm-creamery,Chaseholm Farm Creamery,Pine Plains,Lácteos y quesos,farmstead cheese|dairy,"115 Chase Road Pine Plains, NY",Chaseholm Farm Creamery produces farmstead dairy and cheese from its Pine Plains farm.,,+15183392071,sarah@chaseholmfarm.com,https://chaseholmfarm.com/,https://www.facebook.com/10100210234834544/,https://www.instagram.com/chaseholmfarm/,,,,/productores/us/middle-atlantic/new-york/chaseholm-farm-creamery.webp,pendiente,no comprobado,,,777,en,,,,,
nettle-meadow-farm,Nettle Meadow Farm,Lake Luzerne,Lácteos y quesos,goat cheese|sheep cheese,"484 South Johnsburg Road, Warrensburg, NY, 12885-5944, US",Nettle Meadow Farm raises goats and makes artisan goat and sheep cheeses in Lake Luzerne.,,+15186233372,sheila@nettlemeadow.com,https://nettlemeadow.com/,https://www.facebook.com/nettlemeadowfarm/,https://www.instagram.com/nettlemeadowfarm/,,,,,pendiente,no comprobado,,,2361,en,,,,,
five-spoke-creamery,Five Spoke Creamery,Goshen,Lácteos y quesos,farmstead cheese,,Five Spoke Creamery makes farmstead cheese at its Goshen dairy.,,,,https://fivespokecreamery.com/,,,,,,,pendiente,no comprobado,,,1290,en,,,,,
argyle-cheese-farmer,Argyle Cheese Farmer,Hudson Falls,Lácteos y quesos,cheese|dairy,,Argyle Cheese Farmer makes farmstead cheese and dairy products in Hudson Falls.,,,acheesefarmer@gmail.com,https://cheesefarmer.com/,https://www.facebook.com/CheeseFarmer/,https://www.instagram.com/argylecheesefarmer/,,,,/productores/us/middle-atlantic/new-york/argyle-cheese-farmer.webp,pendiente,sí,ecommerce,,180,en,,,,,
adirondack-cheese-company,Adirondack Cheese Company,Barneveld,Lácteos y quesos,artisan cheese,,Adirondack Cheese Company produces artisan cheese in Barneveld from regional milk.,,,,https://adkcheese.com/,,,,,,/productores/us/middle-atlantic/new-york/adirondack-cheese-company.webp,pendiente,no comprobado,,,62,en,,,,,
gimme-coffee,Gimme! Coffee,Ithaca,Café,roasted coffee,,Gimme! Coffee roasts specialty coffee in Ithaca and serves its own coffees through New York cafés and online sales.,,+18774466325,,https://gimmecoffee.com/,https://www.facebook.com/gimmecoffee/,https://www.instagram.com/gimmecoffee/,,,,/productores/us/middle-atlantic/new-york/gimme-coffee.webp,pendiente,sí,ecommerce,,1417,en,,,,,
cafe-grumpy,Café Grumpy,New York,Café,roasted coffee,,Café Grumpy roasts specialty coffee in New York and operates its own cafés.,,+17183830748,,https://cafegrumpy.com/,,https://www.instagram.com/cafegrumpy/,,,,/productores/us/middle-atlantic/new-york/cafe-grumpy.webp,pendiente,sí,ecommerce,,665,en,,,,,
sey-coffee,Sey Coffee,New York,Café,roasted coffee,,Sey Coffee roasts specialty coffee in Brooklyn with a focus on traceable green coffees.,,,hello@sey.coffee,https://seycoffee.com/,,https://www.instagram.com/seycoffee/,,,,,pendiente,sí,ecommerce,,2962,en,,,,,
devocion-coffee,Devoción Coffee,New York,Café,roasted coffee,,Devoción Coffee roasts specialty coffee in Brooklyn and emphasizes fresh delivery from its own cafés and roastery.,,,,https://devocion.com/,,https://www.instagram.com/devocionusa/,,,,/productores/us/middle-atlantic/new-york/devocion-coffee.webp,pendiente,sí,ecommerce,,1058,en,,,,,
parlor-coffee,Parlor Coffee,New York,Café,roasted coffee,,Parlor Coffee roasts specialty coffee in Brooklyn and offers coffees through its own shop and wholesale channels.,,,info@parlorcoffee.com,https://parlorcoffee.com/,https://www.facebook.com/parlorcoffeenyc/,https://www.instagram.com/parlorcoffee/,,,,/productores/us/middle-atlantic/new-york/parlor-coffee.webp,pendiente,sí,ecommerce,,2533,en,,,,,
irving-farm-new-york,Irving Farm New York,Millerton,Café,roasted coffee,,Irving Farm New York roasts specialty coffee in Millerton and serves it through its New York cafés.,,,,https://irvingfarm.com/,,https://www.instagram.com/irvingfarmcoffee/,,,,/productores/us/middle-atlantic/new-york/irving-farm-new-york.webp,pendiente,sí,ecommerce,,1779,en,,,,,
peconic-gold-oysters,Peconic Gold Oysters,Cutchogue,Pescado,oysters,,Peconic Gold Oysters farms oysters in Long Island waters from its Cutchogue operation.,,,matt@peconicgoldoysters.com,https://peconicgoldoysters.com,,https://www.instagram.com/peconicgoldoysters/,,,,/productores/us/middle-atlantic/new-york/peconic-gold-oysters.webp,pendiente,sí,ecommerce,,2560,en,,,,,
blue-island-oyster-farm,Blue Island Oyster Farm,Sayville,Pescado,oysters,"PO Box 31, West Sayville, New York, 11796, United States",Blue Island Oyster Farm grows oysters in Great South Bay from its Sayville farm.,,,orders@blueislandoysters.com,https://blueislandoysters.com,https://www.facebook.com/blueislandoysters/,https://www.instagram.com/blueislandoysters/,,,,/productores/us/middle-atlantic/new-york/blue-island-oyster-farm.webp,pendiente,sí,ecommerce,,471,en,,,,,
fishkill-farms,Fishkill Farms,Hopewell Junction,Fruta y verdura,apples|berries|seasonal produce,,"Fishkill Farms grows apples, berries, and seasonal produce in Hopewell Junction and sells them from the farm.",,,,https://fishkillfarms.com/,,,,,,,pendiente,no comprobado,,,1287,en,,,,,
soons-orchards,Soons Orchards,New Hampton,Fruta y verdura,apples|berries|peaches|orchard fruit,"23 Soons Circle, New Hampton, NY, 10958, US","Soons Orchards grows apples, berries, peaches, and other orchard fruit in New Hampton for its farm market.",,,info@upickapples.com,https://soonsorchards.com/,https://www.facebook.com/SoonsOrchards/,https://www.instagram.com/soonsorchards/,,41.410927,-74.407100,/productores/us/middle-atlantic/new-york/soons-orchards.webp,pendiente,no comprobado,,,3072,en,,,,,
jenkins-lueken-orchards,Jenkins-Lueken Orchards,New Paltz,Fruta y verdura,apples|orchard fruit,,Jenkins-Lueken Orchards grows apples and other seasonal fruit in New Paltz and sells them through its orchard operation.,,+18452550999,jlorchards@yahoo.com,https://jlorchards.com/,https://www.facebook.com/jlorchards/,https://www.instagram.com/jlorchards/,,,,/productores/us/middle-atlantic/new-york/jenkins-lueken-orchards.webp,pendiente,sí,ecommerce,,1828,en,,,,,
kings-county-distillery,Kings County Distillery,New York,Destilados y licores,whiskey|spirits,,Kings County Distillery makes whiskey and other spirits at its Brooklyn distillery.,,,,https://kingscountydistillery.com/,,https://www.instagram.com/kingscountydistillery/,,,,/productores/us/middle-atlantic/new-york/kings-county-distillery.webp,pendiente,sí,ecommerce,,1912,en,,,,,
tuthilltown-spirits,Tuthilltown Spirits,Gardiner,Destilados y licores,whiskey|spirits,,Tuthilltown Spirits produces whiskey and other spirits at its Gardiner distillery in the Hudson Valley.,,,,https://tuthilltown.com/,,,,,,,pendiente,no comprobado,,,3452,en,,,,,
widow-jane-distillery,Widow Jane Distillery,New York,Destilados y licores,whiskey,,Widow Jane Distillery makes blended and straight whiskeys in Brooklyn.,,,info@widowjane.com,https://widowjane.com/,https://www.facebook.com/Widow-Jane-Distillery-224671021007655/,https://www.instagram.com/widowjane/,,,,,pendiente,sí,ecommerce,,3614,en,,,,,
finger-lakes-distilling,Finger Lakes Distilling,Burdett,Destilados y licores,vodka|gin|whiskey|spirits,,"Finger Lakes Distilling produces vodka, gin, whiskey, and other spirits in Burdett.",,+16075465510,info@fingerlakesdistilling.com,https://fingerlakesdistilling.com/,https://www.facebook.com/fingerlakesdistillin/,https://www.instagram.com/flxdistilling/,,,,/productores/us/middle-atlantic/new-york/finger-lakes-distilling.webp,pendiente,no comprobado,,,1277,en,,,,,
coppersea-distilling,Coppersea Distilling,New Paltz,Destilados y licores,spirits|whiskey,,Coppersea Distilling makes estate-distilled spirits in New Paltz from local agricultural ingredients.,,,,https://coppersea.com/,https://www.facebook.com/CopperseaDistilling/,https://www.instagram.com/coppersea.distilling/,,,,/productores/us/middle-atlantic/new-york/coppersea-distilling.webp,pendiente,no comprobado,,,897,en,,,,,
black-dirt-distillery,Black Dirt Distillery,Pine Island,Destilados y licores,spirits|fruit spirits,,Black Dirt Distillery produces spirits in Pine Island using fruit and grain from the Black Dirt region.,,,,https://blackdirtdistillery.com/,https://www.facebook.com/blackdirtdistillery/,https://www.instagram.com/blackdirtdistillery/,,,,,pendiente,no comprobado,,,433,en,,,,,
laura-s-raw-honey,Laura's Raw Honey,Hamlin,Miel,raw honey,,Laura’s Raw Honey keeps bees and sells raw New York honey from its Hamlin apiary.,,,,https://laurasrawhoney.com/,https://www.facebook.com/LaurasRawHoney/,https://www.instagram.com/laurasrawhoney/,,,,/productores/us/middle-atlantic/new-york/laura-s-raw-honey.webp,pendiente,sí,ecommerce,,1990,en,,,,,
3-hives-honey,3 Hives Honey,Spencerport,Miel,raw honey,,3 Hives Honey produces raw honey from its Spencerport beekeeping operation.,,,,https://3hiveshoney.com/,https://www.facebook.com/1936890093190255/,https://www.instagram.com/3hiveshoney/,,,,/productores/us/middle-atlantic/new-york/3-hives-honey.webp,pendiente,no comprobado,,,15,en,,,,,
wilk-apiary,Wilk Apiary,Maspeth,Miel,honey,,Wilk Apiary keeps bees in Queens and supplies honey from its Maspeth apiary.,,+19175132508,wilkapiary@gmail.com,https://wilkapiary.com/,https://www.facebook.com/WilkApiary/,https://www.instagram.com/wilkapiary/,,,,/productores/us/middle-atlantic/new-york/wilk-apiary.webp,pendiente,sí,ecommerce,,3634,en,,,,,
andrew-s-local-raw-honey,Andrew's Local Raw Honey,White Plains,Miel,raw honey,,Andrew’s Local Raw Honey produces raw honey from its White Plains-area hives.,,,,https://andrewshoney.com/,,https://www.instagram.com/andrewshoney/,,,,,pendiente,sí,ecommerce,,141,en,,,,,
rockland-honey,Rockland Honey,Suffern,Miel,honey,,Rockland Honey keeps bees and sells local honey from its Suffern operation.,,,duvyoster@gmail.com,https://rocklandhoney.com/,https://www.facebook.com/RocklandHoney/,https://www.instagram.com/rockland_honey/,,,,/productores/us/middle-atlantic/new-york/rockland-honey.webp,pendiente,sí,ecommerce,,2830,en,,,,,
white-oak-apiary,White Oak Apiary,Brewster,Miel,honey,,White Oak Apiary produces honey from its Brewster hives.,,,,https://whiteoakapiary.com/,,,,,,,pendiente,no comprobado,,,3601,en,,,,,
dr-konstantin-frank-winery,Dr. Konstantin Frank Winery,Hammondsport,Vino,wine|Riesling,"9749 Middle Road, Hammondsport, 14840",Dr. Konstantin Frank Winery grows vinifera grapes on Keuka Lake and makes Finger Lakes wine at its Hammondsport winery.,"Monday,Tuesday,Wednesday,Thursday,Friday,Saturday,Sunday 10:00-17:00",+18003200735,info@drfrankwines.com,https://www.drfrankwines.com/,https://www.facebook.com/drfrankwine/,,,,,/productores/us/middle-atlantic/new-york/dr-konstantin-frank-winery.webp,pendiente,no comprobado,,,1094,en,,,,,
hermann-j-wiemer-vineyard,Hermann J. Wiemer Vineyard,Dundee,Vino,wine|Riesling,"3962 NY-14, Dundee, NY, 14837",Hermann J. Wiemer Vineyard farms biodynamic vines in Dundee and makes Riesling and other Finger Lakes wines.,,+16072437971,,https://www.wiemer.com/,https://www.facebook.com/hermannjwiemer/,https://www.instagram.com/hermannjwiemer/,,42.523613,-76.977422,/productores/us/middle-atlantic/new-york/hermann-j-wiemer-vineyard.webp,pendiente,no comprobado,,,1609,en,,,,,
ravines-wine-cellars,Ravines Wine Cellars,Geneva,Vino,wine,,Ravines Wine Cellars produces estate and vineyard-designate wines from its Finger Lakes vineyards.,"Monday,Tuesday,Wednesday,Thursday,Friday,Saturday,Sunday 09:00-17:00",+13157817007,info@ravineswine.com,https://ravineswine.com/,https://www.facebook.com/ravineswine/,https://www.instagram.com/ravineswine/,,,,,pendiente,no comprobado,,,2727,en,,,,,
forge-cellars,Forge Cellars,Burdett,Vino,Riesling|Pinot Noir|wine,,Forge Cellars makes Riesling and Pinot Noir from individual Seneca Lake vineyard sites.,", , We 11:30-18:30, Th 11:30-18:30, Fr 11:30-18:30, Sa 11:30-18:30, Su 12:00-17:00",+16076228020,info@forgecellars.com,https://www.forgecellars.com/,,https://www.instagram.com/forgecellars_salon/,,,,,pendiente,no comprobado,,,1321,en,,,,,
boundary-breaks-vineyard,Boundary Breaks Vineyard,Lodi,Vino,wine,,Boundary Breaks Vineyard grows cool-climate grapes on Seneca Lake and makes wine at its Lodi winery.,,,,https://boundarybreaks.com/,,,,,,,pendiente,no comprobado,,,542,en,,,,,
macari-vineyards,Macari Vineyards,Mattituck,Vino,wine,,Macari Vineyards farms its North Fork estate in Mattituck and produces wine from its own vineyards.,,+16312980100,,https://macariwines.com/,https://www.facebook.com/macarivineyards/,https://www.instagram.com/macariwines/,,,,/productores/us/middle-atlantic/new-york/macari-vineyards.webp,pendiente,no comprobado,,,2107,en,,,,,
paumanok-vineyards,Paumanok Vineyards,Aquebogue,Vino,wine,,Paumanok Vineyards produces estate-bottled wine from its Long Island vineyards.,,+16317228800,,https://paumanok.com/,https://www.facebook.com/paumanokvineyards/,https://www.instagram.com/paumanokvineyards/,,,,,pendiente,no comprobado,,,2551,en,,,,,
wolffer-estate-vineyard,Wölffer Estate Vineyard,Sagaponack,Vino,wine|cider,,Wölffer Estate Vineyard makes wine and cider from its Sagaponack estate vineyards and orchards.,,+16315375106,,https://wolffer.com/,https://www.facebook.com/wolfferestate/,https://www.instagram.com/wolfferwine/,,,,/productores/us/middle-atlantic/new-york/wolffer-estate-vineyard.webp,pendiente,sí,ecommerce,,3667,en,,,,,
bedell-cellars,Bedell Cellars,Cutchogue,Vino,wine,,Bedell Cellars produces sustainable estate wines from its North Fork vineyards.,"Mo 11:00-17:00, Tu 11:00-17:00, We 11:00-17:00, Th 11:00-17:00, Fr 11:00-18:00, Sa 11:00-18:00, Su 11:00-17:00",+16317347537,wine@bedellcellars.com,https://www.bedellcellars.com/,https://www.facebook.com/BedellCellars/,https://www.instagram.com/bedellcellars/,,,,,pendiente,no comprobado,,,327,en,,,,,
millbrook-vineyards-and-winery,Millbrook Vineyards & Winery,Millbrook,Vino,wine,,Millbrook Vineyards & Winery grows Hudson Valley grapes and makes wine at its Millbrook estate.,,+18006629463,millbrookwinery@millwine.com,https://www.millbrookwine.com/,https://www.facebook.com/Millwine/,https://www.instagram.com/millwine/,,,,/productores/us/middle-atlantic/new-york/millbrook-vineyards-and-winery.webp,pendiente,no comprobado,,,2238,en,,,,,
channing-daughters-winery,Channing Daughters Winery,Bridgehampton,Vino,wine,,Channing Daughters Winery grows and vinifies diverse grape varieties at its Bridgehampton winery.,,+16315377224,,https://www.channingdaughters.com/,,https://www.instagram.com/channingdaughters/,,,,,pendiente,no comprobado,,,772,en,,,,,
benmarl-winery,Benmarl Winery,Marlboro,Vino,wine,,Benmarl Winery makes wine from its Hudson Valley vineyards at its Marlboro estate.,,,benmarlwinery@gmail.com,https://benmarl.com/,https://www.facebook.com/benmarlwinery/,https://www.instagram.com/benmarlwinery/,,,,/productores/us/middle-atlantic/new-york/benmarl-winery.webp,pendiente,no comprobado,,,365,en,,,,,
weis-vineyards,Weis Vineyards,Hammondsport,Vino,wine,,Weis Vineyards produces Finger Lakes wine from its Keuka Lake-area vineyards.,,+16072844011,info@weisvineyards.com,https://www.weisvineyards.com/,https://www.facebook.com/WeisVineyards/,https://www.instagram.com/weisvines/,,,,/productores/us/middle-atlantic/new-york/weis-vineyards.webp,pendiente,no comprobado,,,3567,en,,,,,
heart-and-hands-wine-company,Heart & Hands Wine Company,Union Springs,Vino,Pinot Noir|Riesling|wine,,Heart & Hands Wine Company makes limited-production Pinot Noir and Riesling near Cayuga Lake.,,+13158898500,,https://heartandhandswine.com/,https://www.facebook.com/heartandhandswine/,https://www.instagram.com/hearthandswine/,,,,/productores/us/middle-atlantic/new-york/heart-and-hands-wine-company.webp,pendiente,no comprobado,,,1584,en,,,,,
fox-run-vineyards,Fox Run Vineyards,Penn Yan,Vino,wine,,Fox Run Vineyards grows grapes on Seneca Lake and produces wine at its Penn Yan winery.,,+13155364616,,https://foxrunvineyards.com/,https://www.facebook.com/FoxRunVineyards/,https://www.instagram.com/foxrunvineyards/,,,,,pendiente,no comprobado,,,1336,en,,,,,
red-newt-cellars,Red Newt Cellars,Hector,Vino,Riesling|red wine,,Red Newt Cellars makes Riesling and cool-climate red wines at its Hector winery.,,,,https://rednewt.com/,,,,,,/productores/us/middle-atlantic/new-york/red-newt-cellars.webp,pendiente,no comprobado,,,2752,en,,,,,
eve-s-cidery,Eve's Cidery,Van Etten,Sidra,cider,,Eve’s Cidery grows organic apples in Van Etten and ferments cider at its farm cidery.,,,,https://www.evescidery.com/,,,,,,/productores/us/middle-atlantic/new-york/eve-s-cidery.webp,pendiente,no comprobado,,,1204,en,,,,,
south-hill-cider,South Hill Cider,Ithaca,Sidra,cider,,South Hill Cider grows bitter and heirloom apples near Ithaca for traditional cider.,,+16077921097,info@southhillcider.com,https://www.southhillcider.com/,https://www.facebook.com/SouthHillCider/,https://www.instagram.com/southhillcider/,,,,/productores/us/middle-atlantic/new-york/south-hill-cider.webp,pendiente,no comprobado,,,3076,en,,,,,
nine-pin-ciderworks,Nine Pin Ciderworks,Albany,Sidra,cider,,Nine Pin Ciderworks makes cider from New York apples and fruit at its Albany cidery.,,+15184499999,,https://www.ninepincider.com/,https://www.facebook.com/ninepincider/,https://www.instagram.com/ninepincider/,,,,/productores/us/middle-atlantic/new-york/nine-pin-ciderworks.webp,pendiente,no comprobado,,,2391,en,,,,,
bad-seed-cider-company,Bad Seed Cider Company,Highland,Sidra,hard cider,,Bad Seed Cider Company grows apples in the Hudson Valley and makes hard cider in Highland.,,,,https://www.badseedhardcider.com/,https://www.facebook.com/Badseedcider/,https://www.instagram.com/badseedcider/,,,,/productores/us/middle-atlantic/new-york/bad-seed-cider-company.webp,pendiente,no comprobado,,,241,en,,,,,
pennings-farm-cidery,Pennings Farm Cidery,Warwick,Sidra,farm cider,,Pennings Farm Cidery presses fruit from its family orchards in Warwick into farm cider.,,,,https://www.penningscidery.com/,,,,,,/productores/us/middle-atlantic/new-york/pennings-farm-cidery.webp,pendiente,no comprobado,,,2571,en,,,,,
black-diamond-farm-and-cider,Black Diamond Farm & Cider,Trumansburg,Sidra,cider|apples,,Black Diamond Farm & Cider grows heirloom apples in Trumansburg and ferments cider at its Cayuga Lake farm.,,,,https://www.blackdiamondcider.com/,,,,,,,pendiente,no comprobado,,,432,en,,,,,
embark-craft-ciderworks,Embark Craft Ciderworks,Williamson,Sidra,cider|apples|pears,"6895 Lake Avenue, Williamson, NY, 14589",Embark Craft Ciderworks makes farm cider from apples and pears grown at Lagoner Farms in Williamson.,,+13159044109,info@embarkcraftciderworks.com,https://embarkcraftciderworks.com/,https://www.facebook.com/816443041761668/,https://www.instagram.com/embarkcraftciderworks/,,43.223399,-77.184440,/productores/us/middle-atlantic/new-york/embark-craft-ciderworks.webp,pendiente,no comprobado,,,1176,en,,,,,
hudson-valley-farmhouse-cider,Hudson Valley Farmhouse Cider,Stone Ridge,Sidra,cider,,Hudson Valley Farmhouse Cider presses certified-organic orchard fruit at Breezy Hill Orchard in Stone Ridge.,,+18452663979,,https://www.breezyhillorchard.com/,https://www.facebook.com/breezyhillorchard/,https://www.instagram.com/breezyhillorchard/,,,,,pendiente,no comprobado,,,1729,en,,,,,
graft-cider,Graft Cider,Newburgh,Sidra,wild cider|botanical cider,,Graft Cider produces wild-fermented and botanical ciders in Newburgh.,", , , , , , ",,,https://www.graftcidery.com/,,https://www.instagram.com/graftcider/,,,,/productores/us/middle-atlantic/new-york/graft-cider.webp,pendiente,no comprobado,,,1449,en,,,,,
brooklyn-cider-house,Brooklyn Cider House,New Paltz,Sidra,cider|apples,,Brooklyn Cider House makes naturally fermented cider from the apples grown at Twin Star Orchards in New Paltz.,", Tu 17:00-01:00, We 17:00-01:00, Th 17:00-01:00, Fr 17:00-01:00, Sa 11:00-01:00, Su 11:00-01:00",+13472950308,,https://www.brooklynciderhouse.com/,https://www.facebook.com/brooklynciderhouse/,https://www.instagram.com/brooklynciderhouse/,,,,/productores/us/middle-atlantic/new-york/brooklyn-cider-house.webp,pendiente,no comprobado,,,610,en,,,,,
wayside-cider,Wayside Cider,Andes,Sidra,cider,,Wayside Cider ferments cider from wild and abandoned-orchard apples gathered in the Catskills.,,+18456766002,,https://www.waysidecider.com/,,https://www.instagram.com/wayside_cider/,,,,,pendiente,no comprobado,,,3561,en,,,,,
harpersfield-cheese,Harpersfield Cheese,Jefferson,Lácteos y quesos,Tilsit|raw-milk cheese,,Harpersfield Cheese makes raw-milk Tilsit and other farmstead cheese from its own herd in Jefferson.,", , , , , , ",+16072786622,info@harpersfieldcheese.com,https://www.harpersfieldcheese.com/,https://www.facebook.com/harpersfieldcheese/,https://www.instagram.com/harpersfield.cheese/,,,,,pendiente,no comprobado,,,1556,en,,,,,
muranda-cheese-company,Muranda Cheese Company,Waterloo,Lácteos y quesos,farmstead cheese,,Muranda Cheese Company produces farmstead cheese from its Holstein dairy in Waterloo.,"Mo 10:00-17:00, Tu 10:00-17:00, We 10:00-17:00, Th 10:00-17:00, Fr 10:00-17:00, Sa 10:00-17:00, Su 10:00-17:00",+13156510216,info@murandacheese.com,https://www.murandacheese.com/,https://www.facebook.com/murandacheese/,https://www.instagram.com/murandacheese/,,,,/productores/us/middle-atlantic/new-york/muranda-cheese-company.webp,pendiente,sí,ecommerce,,2326,en,,,,,
northland-sheep-dairy,Northland Sheep Dairy,Marathon,Lácteos y quesos,sheep cheese,,Northland Sheep Dairy raises sheep on pasture and makes farmstead sheep cheese in Marathon.,,,tripletree@frontiernet.net,https://www.northlandsheepdairy.com/,,,,,,,pendiente,no comprobado,,,2416,en,,,,,
hawthorne-valley-farm-creamery,Hawthorne Valley Farm Creamery,Ghent,Lácteos y quesos,cheese|quark|yogurt,,"Hawthorne Valley Farm Creamery makes alpine-style cheese, quark, and yogurt at its biodynamic farm in Ghent.",,+15186724465,,https://hawthornevalley.org/,https://www.facebook.com/hvalleyfarm/,https://www.instagram.com/hawthornevalley/,,,,/productores/us/middle-atlantic/new-york/hawthorne-valley-farm-creamery.webp,pendiente,no comprobado,,,1577,en,,,,,
ronnybrook-farm-dairy,Ronnybrook Farm Dairy,Ancramdale,Lácteos y quesos,milk|butter|yogurt,"310 Prospect Hill Road, Ancramdale, NY 12503",Ronnybrook Farm Dairy bottles its own milk in glass and makes butter and yogurt at its Ancramdale dairy.,,+15183986455,sales@ronnybrook.com,https://www.ronnybrook.com/,,,,42.018147,-73.591236,/productores/us/middle-atlantic/new-york/ronnybrook-farm-dairy.webp,pendiente,no comprobado,,,2840,en,,,,,
sunset-view-creamery,Sunset View Creamery,Odessa,Lácteos y quesos,raw-milk cheese,,Sunset View Creamery makes raw-milk farmstead cheese at its fourth-generation farm near Odessa.,,+16075942095,,https://www.sunsetviewcreamery.com/,https://www.facebook.com/SVCreamery/,https://www.instagram.com/svcreamery/,,,,/productores/us/middle-atlantic/new-york/sunset-view-creamery.webp,pendiente,no comprobado,,,3205,en,,,,,
east-hill-creamery,East Hill Creamery,Perry,Lácteos y quesos,alpine cheese,,East Hill Creamery makes alpine-style cheese from pasture-raised cow’s milk in Perry.,,+15852373622,admin@easthillcreamery.com,https://easthillcreamery.com/,,,,,,/productores/us/middle-atlantic/new-york/east-hill-creamery.webp,pendiente,no comprobado,,,1139,en,,,,,
crown-maple-estate,Crown Maple Estate,Dover Plains,Despensa artesanal,organic maple syrup,"47 McCourt Road, Dover Plains, NY, 12522",Crown Maple taps its Dover Plains maple estate and produces certified-organic maple syrup.,,+18458770640,info@crownmaple.com,https://www.crownmaple.com/,https://www.facebook.com/crownmaple/,https://www.instagram.com/crownmaple/,,,,/productores/us/middle-atlantic/new-york/crown-maple-estate.webp,pendiente,no comprobado,,,967,en,,,,,
tree-juice-maple-syrup,Tree Juice Maple Syrup,Arkville,Despensa artesanal,maple syrup,,Tree Juice Maple Syrup boils pure maple syrup over wood heat at its Catskills sugarhouse in Arkville.,,+18452048870,TreeJuiceMapleSyrup@gmail.com,https://www.treejuicemaplesyrup.com/,https://www.facebook.com/treejuicemaplesyrup/,https://www.instagram.com/treejuicemaplesyrup/,,,,/productores/us/middle-atlantic/new-york/tree-juice-maple-syrup.webp,pendiente,sí,ecommerce,,3421,en,,,,,
finding-home-farms,Finding Home Farms,Middletown,Despensa artesanal,maple syrup|maple blends,,Finding Home Farms produces pure maple syrup and maple blends at its family farm in Middletown.,,,,https://findinghomefarms.com/,https://www.facebook.com/findinghomefarms/,https://www.instagram.com/findinghomefarms/,,,,/productores/us/middle-atlantic/new-york/finding-home-farms.webp,pendiente,no comprobado,,,1274,en,,,,,
shaver-hill-farm,Shaver-Hill Farm,Harpersfield,Despensa artesanal,maple syrup|maple sugar,,Shaver-Hill Farm has produced maple syrup and maple sugar from its Harpersfield sugarbush for generations.,,+16076526792,info@shaverhillmaple.com,https://shaverhillfarm.com/,https://www.facebook.com/shaverhillmaplefarm/,https://www.instagram.com/shaver_hill_maple/,,,,/productores/us/middle-atlantic/new-york/shaver-hill-farm.webp,pendiente,no comprobado,,,2967,en,,,,,
soukup-farms,Soukup Farms,Amenia,Despensa artesanal,maple syrup,,Soukup Farms makes maple syrup at its third-generation family farm in Amenia.,,+18452643137,jsoukup4@gmail.com,https://www.soukupfarms.com/,https://www.facebook.com/SoukupFarms/,https://www.instagram.com/soukupfarms/,,,,/productores/us/middle-atlantic/new-york/soukup-farms.webp,pendiente,no comprobado,,,3074,en,,,,,
sprague-s-maple-farms,Sprague's Maple Farms,Portville,Despensa artesanal,maple syrup,,Sprague’s Maple Farms taps trees and boils maple syrup at its Portville sugarhouse.,,+17169336637,,https://spraguesmaplefarms.com/,,,,,,,pendiente,no comprobado,,,3114,en,,,,,
merle-maple-farm,Merle Maple Farm,Attica,Despensa artesanal,maple syrup,,Merle Maple Farm manages a long-established maple sugarbush in Attica and produces its own syrup.,,+15855357136,,https://merlemaple.com/,https://www.facebook.com/merlemaple/,,,,,/productores/us/middle-atlantic/new-york/merle-maple-farm.webp,pendiente,no comprobado,,,2211,en,,,,,
parker-family-maple-farm,Parker Family Maple Farm,West Chazy,Despensa artesanal,maple syrup,,Parker Family Maple Farm has made maple syrup from its Clinton County sugarbush since the nineteenth century.,,,,https://www.parkerfamilymaple.com/,,,,,,/productores/us/middle-atlantic/new-york/parker-family-maple-farm.webp,pendiente,no comprobado,,,2526,en,,,,,
little-ram-oyster-company,Little Ram Oyster Company,Southold,Pescado,oysters,,Little Ram Oyster Company farms oysters in Peconic Bay from its Southold operation.,,,,https://www.littleramoysters.com/,https://www.facebook.com/LittleRamOysters/,https://www.instagram.com/littleramoysters/,,,,/productores/us/middle-atlantic/new-york/little-ram-oyster-company.webp,pendiente,no comprobado,,,2039,en,,,,,
great-gun-oyster-co,Great Gun Oyster Co.,East Moriches,Pescado,oysters,,Great Gun Oyster Co. raises and hand-harvests oysters in Moriches Bay.,,,,https://greatgun.com/,,,,,,,pendiente,no comprobado,,,1472,en,,,,,
montauk-pearl-oysters,Montauk Pearl Oysters,Montauk,Pescado,oysters,,Montauk Pearl Oysters grows oysters in open waters of Lake Montauk.,,,,https://www.montaukpearloysters.com/,,,,,,,pendiente,no comprobado,,,2275,en,,,,,
oysterponds-shellfish-co,Oysterponds Shellfish Co.,Orient,Pescado,oysters|clams,,Oysterponds Shellfish Co. raises oysters and clams from seed at its Orient Point farm.,,+16317217117,phil@oysterpondsshellfish.com,https://www.oysterpondsshellfish.com/,https://www.facebook.com/OysterpondsShellfishCo/,https://www.instagram.com/oysterpondsshellfishco/,,,,/productores/us/middle-atlantic/new-york/oysterponds-shellfish-co.webp,pendiente,no comprobado,,,2502,en,,,,,
widow-s-hole-oyster-company,Widow's Hole Oyster Company,Greenport,Pescado,oysters,,Widow’s Hole Oyster Company farms oysters in the tidal waters of Greenport Harbor.,,,,https://widowsholeoysters.com/,https://www.facebook.com/widowsholeoysterfarm/,https://www.instagram.com/widowsholeoysters/,,,,,pendiente,no comprobado,,,3615,en,,,,,
founders-oyster-farm,Founders Oyster Farm,Southold,Pescado,oysters,,Founders Oyster Farm hand-harvests oysters from Southold Bay.,,+12019602005,steven@foundersoysterfarm.com,https://www.foundersoysterfarm.com/,,https://www.instagram.com/foundersoysters/,,,,,pendiente,no comprobado,,,1328,en,,,,,
suarez-family-brewery,Suarez Family Brewery,Livingston,Cerveza,lagers|mixed-fermentation beer,,Suarez Family Brewery makes lagers and mixed-fermentation beer at its Livingston farm brewery.,", , , , , Sa 10:00-17:00, Su 10:00-17:00",,cheers@suarezfamilybrewery.com,https://www.suarezfamilybrewery.com/,https://www.facebook.com/suarezfamilybrewery/,https://www.instagram.com/suarezfamilybrewery/,,,,/productores/us/middle-atlantic/new-york/suarez-family-brewery.webp,pendiente,no comprobado,,,3184,en,,,,,
hudson-valley-brewery,Hudson Valley Brewery,Beacon,Cerveza,sour IPA|mixed-fermentation beer,,Hudson Valley Brewery produces sour IPAs and mixed-fermentation beer in Beacon.,"Mo 12:00-20:00, , , Th 12:00-22:00, Fr 12:00-22:00, Sa 12:00-22:00, Su 12:00-20:00",,,https://hudsonvalleybrewery.com/,https://www.facebook.com/HVBrewery/,https://www.instagram.com/hudsonvalleybrewery/,,,,/productores/us/middle-atlantic/new-york/hudson-valley-brewery.webp,pendiente,no comprobado,,,1727,en,,,,,
plan-bee-farm-brewery,Plan Bee Farm Brewery,Poughkeepsie,Cerveza,farm beer,,Plan Bee Farm Brewery grows its own hops and barley and makes beer with farm and wild ingredients in Poughkeepsie.,,+17653078589,info@planbeefarmbrewery.com,https://www.planbeefarmbrewery.com/,https://www.facebook.com/10206396682929442/,https://www.instagram.com/planbeefarmbrewery/,,,,/productores/us/middle-atlantic/new-york/plan-bee-farm-brewery.webp,pendiente,no comprobado,,,2616,en,,,,,
arrowood-farms,Arrowood Farms,Accord,Cerveza,beer|spirits,,Arrowood Farms grows hops and malts its own barley for beer and spirits at its Accord farm.,,+18452530389,,https://arrowoodfarms.com/,,https://www.instagram.com/arrowoodfarms/,,,,/productores/us/middle-atlantic/new-york/arrowood-farms.webp,pendiente,no comprobado,,,192,en,,,,,
equilibrium-brewery,Equilibrium Brewery,Middletown,Cerveza,New England IPA|barrel-aged beer,,Equilibrium Brewery makes New England IPAs and barrel-aged beer in Middletown.,,,,https://www.eqbrew.com/,https://www.facebook.com/EquilibriumBrewery/,https://www.instagram.com/eqbrewery/,,,,/productores/us/middle-atlantic/new-york/equilibrium-brewery.webp,pendiente,no comprobado,,,1190,en,,,,,
threes-brewing,Threes Brewing,Brooklyn,Cerveza,lagers|mixed-fermentation ales,"333 Douglass Street, Brooklyn, New York, 11217",Threes Brewing makes lagers and mixed-fermentation ales at its Brooklyn brewery on Douglass Street.,,+17185689673,,https://threesbrewing.com/,https://www.facebook.com/threesbrewing/,https://www.instagram.com/threesbrewing/,,,,/productores/us/middle-atlantic/new-york/threes-brewing.webp,pendiente,no comprobado,,,3384,en,,,,,
finback-brewery,Finback Brewery,Glendale,Cerveza,IPA|stout|sour beer,,"Finback Brewery makes hop-forward IPAs, barrel-aged stouts, and sour beer in Queens.",,,,https://finbackbrewery.com/,,,,,,,pendiente,no comprobado,,,1272,en,,,,,
west-kill-brewing,West Kill Brewing,West Kill,Cerveza,craft beer,,"West Kill Brewing brews beer on its Catskills farm using spring water, local honey, and forest yeast.",,+15189896001,info@westkillbrewing.com,https://www.westkillbrewing.com/,https://www.facebook.com/westkillbrewing/,https://www.instagram.com/westkillbrewing/,,,,/productores/us/middle-atlantic/new-york/west-kill-brewing.webp,pendiente,no comprobado,,,3573,en,,,,,
prison-city-brewing,Prison City Brewing,Auburn,Cerveza,craft beer|IPA|lagers,,"Prison City Brewing produces craft beer in Auburn, including IPAs, lagers, and seasonal releases.","Mo 11:30-21:00, Tu 11:30-21:00, We 11:30-21:00, Th 11:30-21:00, Fr 11:30-21:00, Sa 11:30-21:00, Su 11:00-20:00",+13156041277,info@prisoncitybrewing.com,https://www.prisoncitybrewing.com/,https://www.facebook.com/prisoncitypub/,https://www.instagram.com/prisoncitybeer/,,,,/productores/us/middle-atlantic/new-york/prison-city-brewing.webp,pendiente,no comprobado,,,2665,en,,,,,
new-york-distilling-company,New York Distilling Company,Brooklyn,Destilados y licores,gin|whiskey|spirits,,"New York Distilling Company makes gin, whiskey, and other spirits at its Brooklyn distillery.",,,,https://www.nydistilling.com/,,,,,,,pendiente,no comprobado,,,2377,en,,,,,
hillrock-estate-distillery,Hillrock Estate Distillery,Ancram,Destilados y licores,whiskey,,Hillrock Estate Distillery grows and malts its own grain and produces field-to-glass whiskey in Ancram.,,,,https://hillrockdistillery.com/,https://www.facebook.com/hillrockdistillery/,,,,,/productores/us/middle-atlantic/new-york/hillrock-estate-distillery.webp,pendiente,no comprobado,,,1651,en,,,,,
taconic-distillery,Taconic Distillery,Stanfordville,Destilados y licores,bourbon|rye whiskey,,Taconic Distillery makes bourbon and rye whiskey in Stanfordville using copper stills and spring water.,,+18453934583,pjc@taconicdistillery.com,https://www.taconicdistillery.com/,https://www.facebook.com/TaconicDistillery/,https://www.instagram.com/taconic_distillery/,,,,/productores/us/middle-atlantic/new-york/taconic-distillery.webp,pendiente,no comprobado,,,3256,en,,,,,
cooperstown-distillery,Cooperstown Distillery,Cooperstown,Destilados y licores,bourbon|rye|gin,,"Cooperstown Distillery makes bourbon, rye whiskey and gin in Cooperstown, New York.",,+16072824246,info@cooperstowndistillery.com,https://cooperstowndistillery.com/,https://www.facebook.com/CooperstownDistillery/,,,,,/productores/us/middle-atlantic/new-york/cooperstown-distillery.webp,pendiente,no comprobado,,,884,en,,,,,
standard-wormwood-distillery,Standard Wormwood Distillery,Brooklyn,Destilados y licores,botanical spirits,,Standard Wormwood Distillery makes botanical spirits with wormwood and New York grain in Brooklyn.,,+15555555555,mymail@mailservice.com,https://www.standardwormwood.com/,,,,,,/productores/us/middle-atlantic/new-york/standard-wormwood-distillery.webp,pendiente,no comprobado,,,3133,en,,,,,
hudson-valley-distillers,Hudson Valley Distillers,Clermont,Destilados y licores,apple brandy|grain spirits,"1727 Rte 9, Clermont, NY, 12526",Hudson Valley Distillers produces apple brandy and grain spirits at its farm distillery in Clermont.,,+15185376820,info@hudsonvalleydistillers.com,https://www.hudsonvalleydistillers.com/,https://www.facebook.com/hvdistillers/,https://www.instagram.com/hvdistillers/,,42.085945,-73.854682,/productores/us/middle-atlantic/new-york/hudson-valley-distillers.webp,pendiente,no comprobado,,,1728,en,,,,,
albany-distilling-company,Albany Distilling Company,Albany,Destilados y licores,rum|bourbon|spirits,,"Albany Distilling Company makes rum, bourbon, and other spirits in Albany.",,+15189492472,,https://albanydistilling.com/,,https://www.instagram.com/albanydistillingco/,,,,/productores/us/middle-atlantic/new-york/albany-distilling-company.webp,pendiente,no comprobado,,,88,en,,,,,
catskill-provisions-pollinator-spirits,Catskill Provisions / Pollinator Spirits,Callicoon,Destilados y licores,gin|vodka|rye,,"Pollinator Spirits makes gin, vodka, and rye spirits in Callicoon using honey from its own apiaries.",,,,https://pollinatorspirits.com/,,https://www.instagram.com/pollinator.spirits/,,,,/productores/us/middle-atlantic/new-york/catskill-provisions-pollinator-spirits.webp,pendiente,sí,ecommerce,,734,en,,,,,
joe-coffee-company,Joe Coffee Company,Long Island City,Café,roasted coffee,,Joe Coffee Company roasts specialty coffee at its Long Island City roastery and serves it through New York cafés.,,+12129247400,hello@joecoffeecompany.com,https://joecoffeecompany.com/,https://www.facebook.com/JoeCoffeeCompany/,https://www.instagram.com/joecoffeecompany/,,,,,pendiente,sí,ecommerce,,1834,en,,,,,
partners-coffee,Partners Coffee,Brooklyn,Café,roasted coffee,,Partners Coffee roasts specialty coffee in Brooklyn and works with direct-trade producing partners.,,,,https://www.partnerscoffee.com/,https://www.facebook.com/partnerscoffeeroasters/,https://www.instagram.com/partnerscoffee/,,,,,pendiente,sí,ecommerce,,2535,en,,,,,
variety-coffee-roasters,Variety Coffee Roasters,Brooklyn,Café,roasted coffee,,Variety Coffee Roasters produces seasonal specialty coffees at its Brooklyn roastery.,,+17184182326,,https://varietycoffeeroasters.com/,,https://www.instagram.com/varietycoffee/,,,,/productores/us/middle-atlantic/new-york/variety-coffee-roasters.webp,pendiente,no comprobado,,,3502,en,,,,,
birch-coffee,Birch Coffee,Long Island City,Café,roasted coffee,,Birch Coffee roasts specialty coffee at its Long Island City operation and serves it through its cafés.,,,,https://www.birchcoffee.com/,,,,,,,pendiente,sí,ecommerce,,420,en,,,,,
copper-horse-coffee,Copper Horse Coffee,Ithaca,Café,roasted coffee,,Copper Horse Coffee roasts specialty coffee in Ithaca in small batches.,,,,https://www.copperhorsecoffee.com/,,,,,,/productores/us/middle-atlantic/new-york/copper-horse-coffee.webp,pendiente,no comprobado,,,893,en,,,,,
kru-coffee,Kru Coffee,Saratoga Springs,Café,roasted coffee,,Kru Coffee roasts specialty coffee in Saratoga Springs with coffees selected by origin and process.,,,,https://www.krucoffee.com/,https://www.facebook.com/krucoffeeco/,https://www.instagram.com/krucoffee/,,,,/productores/us/middle-atlantic/new-york/kru-coffee.webp,pendiente,no comprobado,,,1939,en,,,,,
touchy-coffee,Touchy Coffee,Hudson,Café,roasted coffee,,Touchy Coffee produces small-lot roasted coffee at its Hudson roastery.,,,hello@touchycoffee.com,https://touchycoffee.com/,,https://www.instagram.com/touchy.coffee/,,,,/productores/us/middle-atlantic/new-york/touchy-coffee.webp,pendiente,no comprobado,,,3414,en,,,,,
overwinter-coffee,Overwinter Coffee,Buffalo,Café,roasted coffee,,Overwinter Coffee roasts specialty coffee in Buffalo with traceable sourcing.,,+17164428111,,https://overwinter.coffee/,https://www.facebook.com/overwintercoffee/,https://www.instagram.com/overwintercoffee/,,,,/productores/us/middle-atlantic/new-york/overwinter-coffee.webp,pendiente,sí,ecommerce,,2493,en,,,,,
fuego-coffee-roasters,Fuego Coffee Roasters,Rochester,Café,roasted coffee,,Fuego Coffee Roasters roasts specialty coffee in Rochester with a focus on Latin American origins.,,,,https://fuegocoffee.com/,https://www.facebook.com/fuegocoffee/,https://www.instagram.com/fuegocoffee/,,,,/productores/us/middle-atlantic/new-york/fuego-coffee-roasters.webp,pendiente,no comprobado,,,1376,en,,,,,
raaka-chocolate,Raaka Chocolate,Brooklyn,Chocolate,bean-to-bar chocolate,,Raaka Chocolate makes bean-to-bar chocolate in Brooklyn from unroasted cacao.,,+18552553354,info@raakachocolate.com,https://www.raakachocolate.com/,https://www.facebook.com/RaakaChocolate/,https://www.instagram.com/raakachocolate/,,,,,pendiente,no comprobado,,,2702,en,,,,,
fruition-chocolate-works,Fruition Chocolate Works,Shokan,Chocolate,bean-to-bar chocolate|confections,,Fruition Chocolate Works produces bean-to-bar chocolate and confections in Shokan.,,+18456576717,info@tastefruition.com,https://www.fruitionchocolateworks.com/,https://www.facebook.com/fruitionchocolate/,https://www.instagram.com/fruitionchocolate/,,,,/productores/us/middle-atlantic/new-york/fruition-chocolate-works.webp,pendiente,sí,ecommerce,,1374,en,,,,,
fine-and-raw-chocolate,Fine & Raw Chocolate,Brooklyn,Chocolate,bean-to-bar chocolate,,Fine & Raw Chocolate makes organic bean-to-bar chocolate in Brooklyn using low-temperature processing.,,,,https://www.fineandraw.com/,https://www.facebook.com/fineandraw/,https://www.instagram.com/fineandraw/,,,,/productores/us/middle-atlantic/new-york/fine-and-raw-chocolate.webp,pendiente,no comprobado,,,1275,en,,,,,
wide-awake-bakery,Wide Awake Bakery,Trumansburg,Pan y cereal,sourdough bread,,Wide Awake Bakery makes naturally leavened bread in Trumansburg with locally stone-milled flour.,,,wideawakebakery@gmail.com,https://www.wideawakebakery.com/,,,,,,/productores/us/middle-atlantic/new-york/wide-awake-bakery.webp,pendiente,no comprobado,,,3611,en,,,,,
bread-alone-bakery,Bread Alone Bakery,Boiceville,Pan y cereal,organic bread|pastries,,Bread Alone Bakery produces organic bread and pastries in the Catskills using local grains and solar-powered operations.,,,,https://www.breadalone.com/,https://www.facebook.com/breadalonebakery/,https://www.instagram.com/breadalonebakery/,,,,/productores/us/middle-atlantic/new-york/bread-alone-bakery.webp,pendiente,no comprobado,,,568,en,,,,,
farmer-ground-flour,Farmer Ground Flour,Trumansburg,Pan y cereal,wheat flour|rye flour|spelt flour,,"Farmer Ground Flour stone-mills organic New York grains into wheat, rye, and spelt flour in Trumansburg.",,+16073871007,farmergroundsales@gmail.com,https://www.farmergroundflour.com/,https://www.facebook.com/farmergroundflour/,https://www.instagram.com/farmergroundflour/,,,,/productores/us/middle-atlantic/new-york/farmer-ground-flour.webp,pendiente,no comprobado,,,1236,en,,,,,
wild-hive-farm,Wild Hive Farm,Clinton Corners,Pan y cereal,whole-grain flour,,Wild Hive Farm grows and stone-mills local grain into whole-grain flour in Clinton Corners.,,+18452660660,,https://www.wildhivefarm.com/,,,,,,/productores/us/middle-atlantic/new-york/wild-hive-farm.webp,pendiente,no comprobado,,,3624,en,,,,,
beth-s-farm-kitchen,Beth's Farm Kitchen,Stuyvesant Falls,Conservas,jams|chutneys|preserves,,"Beth’s Farm Kitchen makes jams, chutneys, and preserves in Stuyvesant Falls from Hudson Valley fruit.",,,,https://bethsfarmkitchen.com/,https://www.facebook.com/bethsfarmkitchen/,https://www.instagram.com/bfkitchen/,,,,/productores/us/middle-atlantic/new-york/beth-s-farm-kitchen.webp,pendiente,sí,ecommerce,,386,en,,,,,
small-axe-peppers,Small Axe Peppers,Bronx,Condimentos,hot sauce,,Small Axe Peppers makes hot sauce from peppers grown in community gardens across New York.,,,,https://smallaxepeppers.com/,,,,,,,pendiente,no comprobado,,,3035,en,,,,,
acquilano-wine-cellars,Acquilano Wine Cellars,Canandaigua,Vino,estate wine,"5797 Smith Rd, Canandaigua, NY 14424",Acquilano Wine Cellars farms a family vineyard near Canandaigua Lake and makes Finger Lakes wine.,,+15855599214,acquilanowinecellars@gmail.com,https://acquilanowinecellars.com/,,https://www.instagram.com/acquilano_wine_cellars/,,42.80328,-77.34642,/productores/us/middle-atlantic/new-york/acquilano-wine-cellars.webp,pendiente,no comprobado,,,55,en,,,,,
fjord-vineyards,Fjord Vineyards,Marlboro,Vino,wine|Cabernet Franc|Albariño,"156 Highland Ave, Marlboro, NY 12542",Fjord Vineyards grows cool-climate grapes in the Hudson Valley and makes wine at its Milton-area winery.,,+18453930094,info@fjordvineyards.com,https://www.fjordvineyards.com/,https://www.facebook.com/Fjordvineyards/,https://www.instagram.com/fjordvineyards/,,41.59619,-73.98308,,pendiente,no comprobado,,,1291,en,,,,,
bashakill-vineyards,Bashakill Vineyards,Wurtsboro,Vino,estate wine,"1131 South Road, Wurtsboro, NY 12790",Bashakill Vineyards grows fruit at its Wurtsboro farm winery and offers estate wines and tastings.,,+18458885858,samaraferris@gmail.com,https://www.bashakillvineyards.com/,,https://www.instagram.com/bashakillvineyards/,,41.51567,-74.53737,,pendiente,sí,ecommerce,,289,en,,,,,
azure-hill-winery,Azure Hill Winery,Hammondsport,Vino,estate wine,"8716 Gallagher Road, Hammondsport, NY 14840",Azure Hill Winery farms above Keuka Lake and makes and pours its own estate wines in Hammondsport.,,+16078685702,sales@azurehillwinery.com,https://www.azurehillwinery.com/,https://www.facebook.com/azurehillwine/,https://www.instagram.com/azurehillwinery/,,42.49816,-77.18222,/productores/us/middle-atlantic/new-york/azure-hill-winery.webp,pendiente,no comprobado,,,231,en,,,,,
johnson-estate-winery,Johnson Estate Winery,Westfield,Vino,wine|ice wine|maple syrup,"8419 W Main Rd, Westfield, NY 14787",Johnson Estate Winery has made estate wine at its Westfield farm for four generations and also produces maple products.,,+17163262191,admin@johnsonwinery.com,https://johnsonwinery.com/,https://www.facebook.com/johnsonwinery/,https://www.instagram.com/johnsonestatewinery/,,42.30676,-79.60613,/productores/us/middle-atlantic/new-york/johnson-estate-winery.webp,pendiente,sí,ecommerce,Despensa artesanal,1837,en,,,,,
adirondack-winery,Adirondack Winery,Queensbury,Vino,wine|hard cider,"395 Big Bay Rd, Queensbury, NY 12804",Adirondack Winery makes New York wine and hard cider at its Queensbury winery and sells its wines online.,,+15186689463,ilovewine@adirondackwinery.com,https://www.adirondackwinery.com/,https://www.facebook.com/Adirondack.Winery.NY/,https://www.instagram.com/adkwinery/,,43.29053,-73.68197,/productores/us/middle-atlantic/new-york/adirondack-winery.webp,pendiente,sí,ecommerce,Sidra,64,en,,,,,
20-deep-winery,20 Deep Winery,Honeoye Falls,Vino,estate wine,"187 Mendon Ionia Rd, Honeoye Falls, NY 14472",20 Deep Winery makes small-batch estate wine at its Honeoye Falls farm winery.,,+15852047953,,https://www.20deep.com/,,https://www.instagram.com/20deepwinery/,,42.98490,-77.50317,/productores/us/middle-atlantic/new-york/20-deep-winery.webp,pendiente,no comprobado,,,11,en,,,,,
black-willow-winery,Black Willow Winery,Burt,Vino,fruit wine|mead,"5565 W Lake Rd, Burt, NY 14028",Black Willow Winery makes grape and fruit wines plus honey mead near Lake Ontario in Burt.,,,orders@blackwillowwinery.com,https://blackwillowwinery.com/,https://www.facebook.com/blackwillowwinery/,https://www.instagram.com/blackwillowwinery/,,43.33177,-78.73452,/productores/us/middle-atlantic/new-york/black-willow-winery.webp,pendiente,sí,ecommerce,,446,en,,,,,
red-hook-winery,The Red Hook Winery,Brooklyn,Vino,"Skin-fermented whites, Chardonnay, Riesling, Cabernet Franc","185 Van Dyke St, Brooklyn, NY 11231","Urban winery on the Red Hook waterfront in Brooklyn, vinifying grapes from Long Island and Finger Lakes vineyards and pouring the results in a tasting room on Van Dyke Street.",,+13476892432,manager@redhookwinery.com,https://redhookwinery.com/,,https://www.instagram.com/redhookwinery/,,40.67711,-74.01877,/productores/us/middle-atlantic/new-york/red-hook-winery.webp,pendiente,sí,ecommerce,,3356,en,,,,,
home-range-winery,Home Range Winery,Canaan,Vino,Farm-grown Columbia County wines,"146 Flints Crossing Rd, Canaan, NY 12029","Farm winery on Flints Crossing Road in Canaan, in the eastern Hudson Valley, making wine from fruit grown on the property.",,+15186106821,homerangewinery@gmail.com,https://homerangewinery.com/,,https://www.instagram.com/homerangewinery/,,42.35599,-73.41874,,pendiente,no comprobado,,,1681,en,,,,,
keuka-spring-vineyards,Keuka Spring Vineyards,Penn Yan,Vino,"Riesling, Vignoles, Cabernet Franc","243 Route 54 East Lake Rd, Penn Yan, NY 14527","Family farm winery on the east side of Keuka Lake at Penn Yan, repeatedly decorated at the New York Wine Classic, with a tasting room overlooking the lake.",,,,https://keukaspringvineyards.com/,https://www.facebook.com/KeukaSpring/,https://www.instagram.com/keukaspringvineyards/,,42.62549,-77.07032,/productores/us/middle-atlantic/new-york/keuka-spring-vineyards.webp,pendiente,sí,ecommerce,,1899,en,,,,,
hillick-and-hobbs-estate,Hillick & Hobbs Estate,Burdett,Vino,Seneca Lake dry Riesling,"3539 State Route 79, Burdett, NY 14818","Estate winery on the steep east bank of Seneca Lake at Burdett, founded by winemaker Paul Hobbs and dedicated to dry Riesling from its own terraced vineyard.",,+16077035999,team@hillick-hobbs.com,https://www.hillickandhobbs.com/,,https://www.instagram.com/hillickandhobbs/,,42.40440,-76.85739,/productores/us/middle-atlantic/new-york/hillick-and-hobbs-estate.webp,pendiente,no comprobado,,,1650,en,,,,,
freedom-gypsies-farm-winery,Freedom Gypsies Farm Winery,Freedom,Vino,"Fruit wines, farm fruit, herbs","11943 North Rd, Freedom, NY 14065","Small farm winery in the Enchanted Mountains of Cattaraugus County, making wine from its own fruit and also growing flowers, vegetables and herbs on the property.",,+17165605115,freedomgypsieswinery@yahoo.com,https://freedomgypsiesfarmwinery.com/,,,,42.51840,-78.32921,,pendiente,no comprobado,,Fruta y verdura,1345,en,,,,,
applewood-winery,Applewood Winery,Warwick,Vino,"Estate wines, hard cider, mead","82 Four Corners Rd, Warwick, NY 10990","Family-owned farm winery and cidery in the Warwick Valley, in production for more than 25 years, with vineyard and orchard on the property and a bar and café at the tasting room.",,+18459889292,,https://www.applewoodwinery.com/,https://www.facebook.com/ApplewoodWinery/,https://www.instagram.com/applewoodwinery/,,41.29622,-74.31457,/productores/us/middle-atlantic/new-york/applewood-winery.webp,pendiente,no comprobado,,Sidra,164,en,,,,,
ryan-william-vineyard,Ryan William Vineyard,Hector,Vino,100% estate-grown Seneca Lake wines,"5247 State Route 414, Hector, NY 14841","Farm winery on the south-east side of Seneca Lake in the Town of Hector, bottling only estate-grown fruit and serving it in a converted tasting barn.",,+16078829098,,https://ryanwilliam.com/,https://www.facebook.com/ryanwilliamvineyard/,https://www.instagram.com/ryanwilliamvineyard/,,42.48809,-76.87007,/productores/us/middle-atlantic/new-york/ryan-william-vineyard.webp,pendiente,no comprobado,,,2873,en,,,,,
old-tavern-farm-winery,Old Tavern Farm,Stillwater,Vino,"Farm wines, small-batch spirits, cut flowers","45 Brown Rd, Stillwater, NY 12170","Working farm at Stillwater in Saratoga County that runs both a farm winery and a farm distillery, plus a flower farm, selling wine, spirits and farm goods from its own shop.",,,,https://oldtavernfarms.com/,https://www.facebook.com/oldtavernfarms/,https://www.instagram.com/oldtavfarm/,,43.01859,-73.71941,/productores/us/middle-atlantic/new-york/old-tavern-farm-winery.webp,pendiente,sí,ecommerce,Destilados y licores,2457,en,,,,,
lakeland-winery,Lakeland Winery,Syracuse,Vino,Urban-made New York wines,"877 State Fair Blvd, Syracuse, NY 13209","Urban winery on State Fair Boulevard in Syracuse, founded in 2005 by Andrew Watkins as the first winery in the city, producing wine on site and open to visitors at weekends.",,,office@lakelandwinery.com,https://www.lakelandwinery.com/,,,,43.09308,-76.24280,/productores/us/middle-atlantic/new-york/lakeland-winery.webp,pendiente,no comprobado,,,1963,en,,,,,
victory-view-vineyard,Victory View Vineyard,Schaghticoke,Vino,Cold-hardy northern grape wines,"11975 State Route 40, Schaghticoke, NY 12154","Family-owned farm winery in rural Rensselaer County near Saratoga Springs, specialising in cold-hardy northern grape varieties grown on its own south-facing slopes.",,,,https://www.victoryviewvineyard.com/,https://www.facebook.com/VictoryViewVineyard/,https://www.instagram.com/victoryviewvineyard/,,43.00555,-73.54856,/productores/us/middle-atlantic/new-york/victory-view-vineyard.webp,pendiente,no comprobado,,,3515,en,,,,,
thousand-islands-winery,Thousand Islands Winery,Alexandria Bay,Vino,St. Lawrence River Valley wines,"43298 Seaway Ave Suite #1, Alexandria Bay, NY 13607","Farm winery on Seaway Avenue at Alexandria Bay, on the St. Lawrence River, offering tastings, tours and a store at the production site.",,,,https://thousandislandswinery.com/,https://www.facebook.com/ThousandIslandsWinery/,,,44.29032,-75.98762,/productores/us/middle-atlantic/new-york/thousand-islands-winery.webp,pendiente,no comprobado,,,3378,en,,,,,
schwenk-wine-cellars,Schwenk Wine Cellars,Kent,Vino,Lake Ontario shore farm wines,"1456 Bills Road, Kent, NY 14477","Farm winery on Bills Road in the Town of Kent, on the Orleans County lake plain, with a tasting room on the family property.",,,,https://www.schwenkwinecellars.com/,,,,43.34365,-78.14957,,pendiente,no comprobado,,,2928,en,,,,,
long-point-winery,Long Point Winery,Aurora,Vino,Cayuga Lake red and white wines,"1485 Lake Road, Aurora, NY 13026","Winery on Lake Road at Aurora, on the east shore of Cayuga Lake, with a tasting room and an in-house deli, offering free local delivery of its wines.",,,mail@longpointwinery.com,https://longpointwinery.com/,,,,42.71086,-76.68424,,pendiente,sí,ecommerce,,2065,en,,,,,
newburgh-brewing-company,Newburgh Brewing Company,Newburgh,Cerveza,"Cream Ale, Brown Ale, Hudson Valley lagers","88 S Colden St, Newburgh, NY 12550","Craft brewery working since 2012 in a timber-framed former box factory on Colden Street above the Hudson, with a two-floor taproom and kitchen.",,,info@newburghbrewing.com,https://newburghbrewing.com/,https://www.facebook.com/newburghbrewing/,https://www.instagram.com/newburghbrewing/,,41.49735,-74.00811,,pendiente,no comprobado,,,2378,en,,,,,
paradox-brewery,Paradox Brewery,North Hudson,Cerveza,"Adirondack IPAs, lagers, seasonal beers","2781 US Route 9, North Hudson, NY 12855",Paradox Brewery makes core and seasonal beers at its North Hudson brewery on Route 9 and serves them in a taproom facing the High Peaks.,,+15183515036,info@paradoxbrewery.com,https://paradoxbrewery.com/,https://www.facebook.com/paradoxbrewery/,https://www.instagram.com/paradoxbrewery/,,43.94481,-73.73108,/productores/us/middle-atlantic/new-york/paradox-brewery.webp,pendiente,sí,ecommerce,,2522,en,,,,,
broken-loop-brewing,Broken Loop Brewing,Colonie,Cerveza,Rotating small-batch craft beer,"4302 Albany St, Albany, NY 12205","Craft brewery and taproom in the historic former Yonder Farms building on Albany Street in Colonie, with rotating taps, a full kitchen and a beer garden.",,+15182500544,brokenloopbrewingco@gmail.com,https://brokenloopbrewing.com/,,https://www.instagram.com/brokenloopbrewingco/,,42.72864,-73.85762,/productores/us/middle-atlantic/new-york/broken-loop-brewing.webp,pendiente,no comprobado,,,605,en,,,,,
bound-by-fate-brewing,Bound By Fate Brewing,Schuylerville,Cerveza,Farm brewery ales and lagers,"7 Broad St, Schuylerville, NY 12871","Family-owned New York farm brewery with a taproom in the historic village of Schuylerville, on the Hudson east of Saratoga Springs.",,,pam@boundbyfatebrewing.com,https://www.boundbyfatebrewing.com/,,https://www.instagram.com/brewingfate/,,43.09709,-73.58249,/productores/us/middle-atlantic/new-york/bound-by-fate-brewing.webp,pendiente,sí,ecommerce,,541,en,,,,,
salt-point-brewing-company,Salt Point Brewing Company,Lansing,Cerveza,"House craft beer, sourdough kitchen","6 Louise Bement Ln, Lansing, NY 14882","Finger Lakes farm brewery on the east side of Cayuga Lake at Lansing, pouring a dozen house beers alongside local wine and cider, with a scratch kitchen built around sourdough.",,+16075330124,saltpointbrewing@gmail.com,https://www.saltpointbrewing.com/,,https://www.instagram.com/saltpointbrewing/,,42.53857,-76.49951,/productores/us/middle-atlantic/new-york/salt-point-brewing-company.webp,pendiente,sí,ecommerce,,2892,en,,,,,
two-goats-brewing,Two Goats Brewing,Burdett,Cerveza,"Cask-style ales, beef-on-weck","5027A State Route 414, Burdett, NY 14818","Brewpub in a renovated 19th-century barn above Seneca Lake in the Town of Hector, known for its house ales and a single sandwich made with house rolls and local beef.",,,,https://twogoatsbrewing.com/,,https://www.instagram.com/twogoatsbrewing/,,42.47679,-76.86870,/productores/us/middle-atlantic/new-york/two-goats-brewing.webp,pendiente,sí,ecommerce,,3465,en,,,,,
old-factory-brewing-company,Old Factory Brewing Company,Cairo,Cerveza,"House beers, small-batch spirits","628 Main St, Cairo, NY 12413","Brewery and farm distillery on Main Street in Cairo, in the northern Catskills, with a large beer garden, a 95-foot beer porch and a kitchen.",,+15186620171,,https://oldfactorybrewing.com/,,https://www.instagram.com/oldfactorybrewing/,,42.30219,-74.00514,,pendiente,no comprobado,,Destilados y licores,2448,en,,,,,
hamburg-brewing-company,Hamburg Brewing Company,Hamburg,Cerveza,"Craft beer, hard cider","6553 Boston State Rd, Hamburg, NY 14075","Farm brewery and cider producer on Boston State Road south of Buffalo, brewing on site and serving beer and its own hard cider in a barn-style taproom.",,+17166493249,,https://www.hamburgbrewing.com/,https://www.facebook.com/hamburgbrewingcompany/,https://www.instagram.com/hamburgbrewing/,,42.71124,-78.80310,,pendiente,sí,ecommerce,Sidra,1537,en,,,,,
beer-justice-brewing,Beer Justice Brewing Co.,Arcade,Cerveza,Nineteen house craft beers,"3 Hurdville Rd, Arcade, NY 14009","Farm brewery on Hurdville Road at Arcade, in Wyoming County, pouring nineteen house beers in its own taproom.",,+15854080006,beerjusticebrewingco@gmail.com,https://www.beerjusticebrewing.com/,https://www.facebook.com/BeerJusticeBrewingCo/,https://www.instagram.com/beerjusticebrewingco/,,42.53196,-78.45671,,pendiente,no comprobado,,,342,en,,,,,
stony-point-brewing-company,Stony Point Brewing Co.,West Haverstraw,Cerveza,Hand-made nano-brewery beer,"69 E Railroad Ave, West Haverstraw, NY 10993","Nano-brewery on East Railroad Avenue in West Haverstraw brewing by hand with New York ingredients, with its own taproom and a second bar in the village.",,+18459478071,,https://stonypointbrewing.com/,https://www.facebook.com/stonypointbrewing/,https://www.instagram.com/stonypointbrewing/,,41.20935,-73.98184,,pendiente,no comprobado,,,3173,en,,,,,
lasting-joy-brewery,Lasting Joy Brewery,Clermont,Cerveza,Award-winning beers brewed with NYS ingredients,"485 Lasher Rd, Clermont, NY 12583","Farm brewery on 31 acres at Lasher Road in Clermont, near Tivoli, brewing with New York State ingredients and running a farm-to-table kitchen alongside the taproom.",,,,https://lastingjoybrewery.com/,,https://www.instagram.com/lastingjoybrewery/,,42.06317,-73.85313,/productores/us/middle-atlantic/new-york/lasting-joy-brewery.webp,pendiente,no comprobado,,,1984,en,,,,,
talea-beer-co,TALEA Beer Co.,Brooklyn,Cerveza,"Fruited sours, approachable craft beers","87 Richardson St, Brooklyn, NY 11211","Brooklyn brewery founded by two women, brewing on Richardson Street in Williamsburg and running taprooms across New York City.",,,,https://www.taleabeer.com/,https://www.facebook.com/taleabeer/,https://www.instagram.com/taleabeer/,,40.71849,-73.94812,/productores/us/middle-atlantic/new-york/talea-beer-co.webp,pendiente,sí,ecommerce,,3261,en,,,,,
raquette-river-brewing,Raquette River Brewing,Tupper Lake,Cerveza,Small-batch Adirondack ales,"11 Balsam St, Tupper Lake, NY 12986","Adirondack brewery founded in 2013 on Balsam Street in Tupper Lake, brewing small-batch hand-crafted ales, with a taproom and food-truck yard.",,,,https://raquetteriverbrewing.com/,https://www.facebook.com/RaquetteRiverBrewing/,https://www.instagram.com/raquetteriverbrewing/,,44.24305,-74.48672,/productores/us/middle-atlantic/new-york/raquette-river-brewing.webp,pendiente,no comprobado,,,2721,en,,,,,
wagner-valley-brewing,Wagner Valley Brewing Co.,Lodi,Cerveza,Seneca Lake craft beers,"9322 Route 414, Lodi, NY 14860","The first craft brewery on Seneca Lake, brewing on the Wagner estate at Lodi alongside the family winery, with beers ranging from light to dark.",,+16075826039,,https://wagnerbrewing.com/,https://www.facebook.com/wagnervalleybrewing/,https://www.instagram.com/wagnerbrewing/,,42.57119,-76.85897,/productores/us/middle-atlantic/new-york/wagner-valley-brewing.webp,pendiente,no comprobado,,,3536,en,,,,,
cortland-beer-company,Cortland Beer Company,Cortland,Cerveza,"Craft beer, Two-Step Whiskey, canned cocktails","16 Court St, Cortland, NY 13045","Brewery and farm distillery on Court Street in downtown Cortland, making beer, whiskey, vodka and canned cocktails on site, with live music in the taproom.",,+16076624389,john@cortlandbeer.com,https://www.cortlandbeer.com/,https://www.facebook.com/CortlandBeerCompany/,https://www.instagram.com/cbcfarmdistillery/,,42.59934,-76.17956,/productores/us/middle-atlantic/new-york/cortland-beer-company.webp,pendiente,no comprobado,,Destilados y licores,908,en,,,,,
big-inlet-brewing,Big Inlet Brewing,Mayville,Cerveza,Small-batch handcrafted farm beers,"6169 Elm Flats Rd, Mayville, NY 14757","New York farm brewery on Elm Flats Road at Mayville, near Chautauqua Lake, brewing small batches with locally grown ingredients and planting its own hops.",,+17162244200,,https://biginletbrewing.com/,,https://www.instagram.com/biginletbrewing/,,42.26985,-79.47320,/productores/us/middle-atlantic/new-york/big-inlet-brewing.webp,pendiente,no comprobado,,,397,en,,,,,
local-315-brewing-company,Local 315 Brewing Company,Warners,Cerveza,Central New York craft beer,"3160 Warners Rd, Warners, NY 13164","Farm brewery on Warners Road west of Syracuse, brewing fresh craft beer on site and serving it with a full menu in its own taproom.",,,,https://local315brewing.com/,,,,43.08096,-76.28957,,pendiente,no comprobado,,,2052,en,,,,,
emporium-farm-brewery,Emporium Farm Brewery,Rensselaer,Cerveza,Farm brewery beers,"472 N Greenbush Rd, Rensselaer, NY 12144","Farm brewery and taproom on North Greenbush Road in Rensselaer, serving its own beer alongside cider, mead and wine from other Capital Region farm producers.",,+15182837094,,https://emporiumfarmbrewery.com/,,,,42.65983,-73.69251,,pendiente,no comprobado,,,1180,en,,,,,
nine-maidens-brewing-company,Nine Maidens Brewing Company,Rochester,Cerveza,Cornish-inspired craft beer,"1344 University Ave, Rochester, NY 14607","Microbrewery and taproom on University Avenue in Rochester, brewing on site and open for events in its street-front space.",,,,https://ninemaidensbrewing.com/,,https://www.instagram.com/nine_maidens_brewing/,,43.15029,-77.56641,/productores/us/middle-atlantic/new-york/nine-maidens-brewing-company.webp,pendiente,sí,ecommerce,,2390,en,,,,,
griffon-brewing,Griffon Brewing,Youngstown,Cerveza,House craft beer,"200 Lockport St, Youngstown, NY 14174","Brewery and tap room on Lockport Street in Youngstown, on the lower Niagara River, launched by the founders of the Griffon Gastropub in 2013.",,+17162056456,info@griffongastropub.com,https://www.griffonbrewing.com/,https://www.facebook.com/griffonbrewing/,https://www.instagram.com/griffonbrewing/,,43.25089,-79.04780,/productores/us/middle-atlantic/new-york/griffon-brewing.webp,pendiente,no comprobado,,,1500,en,,,,,
catskill-brewery,Catskill Brewery,Livingston Manor,Cerveza,Handcrafted Catskills beer,"672 Old State Route 17, Livingston Manor, NY 12758","Purpose-built sustainable brewery on Old State Route 17 at Livingston Manor, in the western Catskills, with a taproom, food truck and live music.",,+18454391232,info@catskillbrewery.com,https://www.catskillbrewery.com/,https://www.facebook.com/catskillbrewery/,https://www.instagram.com/thecatskillbrewery/,,41.90660,-74.82459,/productores/us/middle-atlantic/new-york/catskill-brewery.webp,pendiente,no comprobado,,,732,en,,,,,
oyster-bay-brewing-company,Oyster Bay Brewing Company,Oyster Bay,Cerveza,"Barn Rocker ale, draft craft beers","36 Audrey Ave, Oyster Bay, NY 11771","Independent craft brewery on Long Island's Gold Coast since 2012, brewing on Audrey Avenue in Oyster Bay, home of Barn Rocker ale and a daily tasting room.",,,info@oysterbaybrewing.com,https://oysterbaybrewing.com/,https://www.facebook.com/Oyster-Bay-Brewing-Company-166894460097700/,https://www.instagram.com/oysterbaybrewing/,,40.87298,-73.53138,/productores/us/middle-atlantic/new-york/oyster-bay-brewing-company.webp,pendiente,sí,ecommerce,,2500,en,,,,,
finger-lakes-cider-house,Finger Lakes Cider House,Interlaken,Sidra,Farmhouse and heritage-apple ciders,"4017 Hickok Rd, Interlaken, NY 14847","Cidery and tasting house on Hickok Road at Interlaken, above Cayuga Lake, pressing cider from its own and neighbouring orchards and pouring it in a tasting house with orchard views.",,+16073513313,info@fingerlakesciderhouse.com,https://www.fingerlakesciderhouse.com/,,https://www.instagram.com/flxciderhouse/,,42.60777,-76.69894,,pendiente,sí,ecommerce,,1276,en,,,,,
angry-orchard-cider,Angry Orchard,Walden,Sidra,"Crisp Apple, Rosé and seasonal hard ciders","2241 Albany Post Rd, Walden, NY 12586","Hard cider producer with an orchard, cider house and taproom on Albany Post Road at Walden in the Hudson Valley, where its cider makers run small-batch and seasonal releases.",,+18457135180,,https://www.angryorchard.com/,https://www.facebook.com/AngryOrchard/,https://www.instagram.com/angryorchard/,,41.58727,-74.22145,/productores/us/middle-atlantic/new-york/angry-orchard-cider.webp,pendiente,no comprobado,,,148,en,,,,,
grisamore-cider-works,Grisamore Cider Works,Locke,Sidra,Finger Lakes hard ciders,"4069 Goose St, Locke, NY 13092","Third-generation cidery on Goose Street at Locke, working the apple orchard Paul and Christine Grisamore planted in 1975 and pressing its fruit into hard cider.",,,info@grisamoreciderworks.com,https://www.grisamoreciderworks.com/,https://www.facebook.com/grisamoreciderworks/,https://www.instagram.com/grisamoreciderworks/,,42.65502,-76.47203,/productores/us/middle-atlantic/new-york/grisamore-cider-works.webp,pendiente,sí,ecommerce,,1504,en,,,,,
kaneb-orchards,Kaneb Orchards,Massena,Sidra,"Hard cider, orchard apples","192 Highland Rd, Massena, NY 13662","Boutique orchard and farm cidery on Highland Road at Massena, in the North Country, growing its own apples and making hard cider on site.",,+13157692880,,https://kaneborchards.com/,,,,44.94809,-74.85327,/productores/us/middle-atlantic/new-york/kaneb-orchards.webp,pendiente,no comprobado,,Fruta y verdura,1870,en,,,,,
westwind-orchard,Westwind Orchard,Accord,Sidra,"Estate hard cider, orchard fruit, provisions","215 Lower Whitfield Rd, Accord, NY 12404","Certified organic orchard and cidery on Lower Whitfield Road at Accord, in the Rondout Valley, pressing estate cider and running a farmstand and pizza kitchen on the property.",,,,https://www.westwindorchard.com/,,https://www.instagram.com/westwindorchard/,,41.80715,-74.24880,/productores/us/middle-atlantic/new-york/westwind-orchard.webp,pendiente,sí,ecommerce,Fruta y verdura,3584,en,,,,,
red-barn-cidery,Red Barn Cidery,Congers,Sidra,Farm hard cider,"70 Dr Davies Rd, Congers, NY 10920","Family-run farm cidery on Dr Davies Road at Congers, in Rockland County, pouring its hard cider outdoors with live music and food trucks.",,+18452678193,,https://redbarncidery.com/,https://www.facebook.com/redbarncider/,https://www.instagram.com/red.barn.cidery/,,41.15100,-73.92352,/productores/us/middle-atlantic/new-york/red-barn-cidery.webp,pendiente,no comprobado,,,2741,en,,,,,
stickett-inn-cider,Stickett Inn Cider,Barryville,Sidra,Upper Delaware farm ciders,"3380 Route 97, Barryville, NY 12719","Farm cidery on Route 97 at Barryville, on the Upper Delaware, run by Johnny Pizzolato and Roswell Hamrick alongside their inn, with its own tasting rooms.",,,,https://www.stickettinncider.com/,,,,41.47800,-74.91240,,pendiente,no comprobado,,,3153,en,,,,,
new-leaf-cider-co,New Leaf Cider Co.,Port Crane,Sidra,Farm hard cider,"800 Nowlan Rd, Port Crane, NY 13833","Farm cidery on Nowlan Road at Port Crane, north-east of Binghamton, making hard cider on the property and serving it with food and a Sunday roast.",,+16072381022,hello@newleafcider.com,https://www.newleafcider.com/,,https://www.instagram.com/newleafcider/,,42.15100,-75.81949,/productores/us/middle-atlantic/new-york/new-leaf-cider-co.webp,pendiente,no comprobado,,,2372,en,,,,,
orchard-hill-cider-mill,Orchard Hill Cider Mill,New Hampton,Sidra,Estate ciders and pommeau,"29 Soons Cir, New Hampton, NY 10958","Estate cidery on Soons Circle at New Hampton, in the Hudson Valley black-dirt country, making cider from its own orchard and running a cider club.",,+18453742468,info@orchardhillcidermill.com,https://orchardhillcidermill.com/,,https://www.instagram.com/orchardhillny/,,41.40309,-74.40299,,pendiente,no comprobado,,,2473,en,,,,,
dragonfyre-distillery,Dragonfyre Distillery,Marathon,Destilados y licores,Grain-to-glass bourbon and rye whiskey,"1062 Leonard Rd, Marathon, NY 13803","Central New York farm distillery on Leonard Road at Marathon, making grain-to-glass bourbon and rye and running tours and a tasting room.",,+16078499600,vince@dragonfyredistillery.com,https://dragonfyredistillery.com/,https://www.facebook.com/DragonfyreDistillery/,https://www.instagram.com/dragonfyredistillery/,,42.45539,-75.95468,/productores/us/middle-atlantic/new-york/dragonfyre-distillery.webp,pendiente,no comprobado,,,1097,en,,,,,
springbrook-hollow-farm-distillery,Springbrook Hollow Farm Distillery,Fort Ann,Destilados y licores,"Vodka, gin, moonshine","10047 State Route 149, Fort Ann, NY 12827","Farm distillery on State Route 149 at Fort Ann, in the southern Adirondacks near Lake George, making vodka, gin and moonshine with water from Springbrook Hollow.",,+15183383130,sbhfdistilling@gmail.com,https://www.springbrookhollow.com/,,https://www.instagram.com/sbhf_distillery/,,43.40035,-73.60887,/productores/us/middle-atlantic/new-york/springbrook-hollow-farm-distillery.webp,pendiente,sí,ecommerce,,3120,en,,,,,
silver-brothers-spirits,Silver Brothers Spirits Company,Old Chatham,Destilados y licores,Estate-grain whiskeys,"155 Shaker Museum Rd, Old Chatham, NY 12136","Hudson Valley farm distillery on Shaker Museum Road at Old Chatham, making terroir-driven whiskeys from estate-grown and New York State grain.",,,hello@silverbrothers.com,https://silverbrothers.com/,,https://www.instagram.com/silverbrotherswhiskey/,,42.44048,-73.58363,/productores/us/middle-atlantic/new-york/silver-brothers-spirits.webp,pendiente,sí,ecommerce,,3000,en,,,,,
matchbook-distilling-company,Matchbook Distilling Co.,Greenport,Destilados y licores,Limited-release spirits from regenerative farms,"230 Corwin St, Greenport, NY 11944","Research-driven distillery on Corwin Street at Greenport, on the North Fork, distilling limited releases from regeneratively farmed raw material and running a drop shop and cocktail library.",,,info@matchbookny.com,https://mdcdropshop.com/,,https://www.instagram.com/matchbookdistilling/,,41.09854,-72.37013,/productores/us/middle-atlantic/new-york/matchbook-distilling-company.webp,pendiente,sí,ecommerce,,2173,en,,,,,
war-cannon-spirits,War Cannon Spirits,Ticonderoga,Destilados y licores,Small-batch historically inspired spirits,"30 Commerce Dr, Ticonderoga, NY 12883","Boutique Champlain Valley farm distillery on Commerce Drive at Ticonderoga, making small-batch spirits inspired by the region’s history and hosting private events.",,+15185974040,info@warcannonspirits.com,https://www.warcannonspirits.com/,,https://www.instagram.com/warcannonspirits/,,43.86100,-73.44571,/productores/us/middle-atlantic/new-york/war-cannon-spirits.webp,pendiente,no comprobado,,,3550,en,,,,,
old-spirit-distillery,Old Spirit Distillery,Oceanside,Destilados y licores,"Boyar Vodka, Shikor Organic Vodka","3670 6 W Oceanside Rd, Oceanside, NY 11572","Distillery on West Oceanside Road in Oceanside, on the South Shore of Long Island, home of Boyar and Shikor organic vodkas, also bottled in kosher-for-Passover form.",,+15165360301,oldspiritdistillery@gmail.com,https://oldspiritdistillery.com/,https://www.facebook.com/oldspiritdistillery/,https://www.instagram.com/oldspiritdistillery/,,40.62178,-73.63256,/productores/us/middle-atlantic/new-york/old-spirit-distillery.webp,pendiente,sí,ecommerce,,2455,en,,,,,
old-scotland-road-distillery,Old Scotland Road Distillery,Akron,Destilados y licores,Handlebar Whiskey,"7010 Scotland Rd, Akron, NY 14001","Farm distillery on land held by the Hyder family for three generations at Akron, in the Town of Newstead, and the first legal distillery in the town.",,,dlhyder@yahoo.com,https://oldscotlandroaddistillery.com/,https://www.facebook.com/OldScotlandRoadDistillery/,https://www.instagram.com/old_scotland_rd_distillery/,,43.03780,-78.47555,,pendiente,no comprobado,,,2453,en,,,,,
4-kings-distillery,4 Kings Distillery,Newfane,Destilados y licores,"Whiskey, gin, vodka","2712 West Ave, Newfane, NY 14108","New York State farm distillery on West Avenue in the right-to-farm community of Newfane, Niagara County, with its own tasting room.",,+17163391639,,https://www.4kingsdistillery.com/,,https://www.instagram.com/4kingsdistillery/,,43.28416,-78.71121,/productores/us/middle-atlantic/new-york/4-kings-distillery.webp,pendiente,sí,ecommerce,,19,en,,,,,
north-ridge-distillery,North Ridge Distillery,Medina,Destilados y licores,Fruit spirits and liqueurs,"2788 S Lyndonville Rd, Medina, NY 14103","Orleans County's first distillery, a family-run farm operation on South Lyndonville Road at Medina handcrafting spirits from locally grown fruit.",,,,https://northridgedistillery.com/,https://www.facebook.com/NorthRidgeDistillery/,https://www.instagram.com/northridgedistillery/,,43.27908,-78.38947,/productores/us/middle-atlantic/new-york/north-ridge-distillery.webp,pendiente,no comprobado,,,2413,en,,,,,
saint-lawrence-spirits,Saint Lawrence Spirits,Clayton,Destilados y licores,"Vodka, gin, absinthe, moonshine, whiskey, bourbon","38289 Route 12E, Clayton, NY 13624","Family-owned distillery on Route 12E at Clayton, in the Thousand Islands, with an award-winning line running from vodka and gin to absinthe and bourbon.",,+13152855224,info@saintlawrencespirits.com,https://www.saintlawrencespirits.com/,,https://www.instagram.com/saintlawrencespiritsdistillery/,,44.22403,-76.12221,/productores/us/middle-atlantic/new-york/saint-lawrence-spirits.webp,pendiente,no comprobado,,,2883,en,,,,,
ellicottville-distillery,Ellicottville Distillery,Ellicottville,Destilados y licores,Craft spirits and cocktails,"5462 Robbins Rd, Ellicottville, NY 14731","Farm distillery on Robbins Road at Ellicottville, in the Cattaraugus County hills, producing its own spirits and welcoming visitors to its tasting site.",,+17165976121,,https://ellicottvilledistillery.com/,,,,42.31541,-78.61381,,pendiente,no comprobado,,,1170,en,,,,,
second-act-spirits,Second Act Spirits,Amsterdam,Destilados y licores,"Grain-to-glass spirits, Encore Bitters","37 Prospect St, First Floor, Amsterdam, NY 12010","New York farm distillery on Prospect Street in Amsterdam, on the Mohawk, working grain-to-glass with local farmers and also bottling its Encore line of bitters.",,,,https://secondactspirits.com/,https://www.facebook.com/SecondActSpirits/,https://www.instagram.com/SecondActSpirits/,,42.94098,-74.18754,/productores/us/middle-atlantic/new-york/second-act-spirits.webp,pendiente,no comprobado,,,2942,en,,,,,
southern-tier-distilling,Southern Tier Distilling,Lakewood,Destilados y licores,"Craft whiskey, vodka, gin","2051 A Stoneman Circle, Lakewood, NY 14750","Craft distillery on Stoneman Circle at Lakewood, in Chautauqua County, with its own tasting room and spirit rooms and a full line of grain spirits.",,,,https://southerntierdistilling.com/,https://www.facebook.com/stdcspirits/,https://www.instagram.com/stdcspirits/,,42.08771,-79.35155,/productores/us/middle-atlantic/new-york/southern-tier-distilling.webp,pendiente,no comprobado,,,3091,en,,,,,
croton-dam-spirits,Croton Dam Spirits,Croton-on-Hudson,Destilados y licores,Organic grain-to-glass vodka and gin,"1 Croton Point Ave, Croton-on-Hudson, NY 10520",Distillery at Croton Point Avenue in Croton-on-Hudson making grain-to-glass vodka and gin from organic grain and Croton watershed water.,,,info@crotonhudsondistillery.com,https://crotondamspirits.com/,,https://www.instagram.com/crotondamspirits/,,41.19658,-73.88518,,pendiente,no comprobado,,,965,en,,,,,
murrays-fools-distilling,Murray's Fools Distilling Co.,Altona,Destilados y licores,Small-batch North Country spirits,"2229 Rand Hill Rd, Altona, NY 12910","Farm distillery on Rand Hill Road at Altona, in Clinton County near the Canadian border, run by Sarah and Randall Beach.",,,,https://www.murraysfoolsdistilling.com/,https://www.facebook.com/murraysfoolsdistilling/,https://www.instagram.com/murraysfools/,,44.80856,-73.67084,/productores/us/middle-atlantic/new-york/murrays-fools-distilling.webp,pendiente,no comprobado,,,2331,en,,,,,
adirondack-distilling-company,Adirondack Distilling Company,Utica,Destilados y licores,"1915 Vodka, gin, bourbon","601 Varick St, Utica, NY 13502","Farm distillery on Varick Street in Utica, in the city’s brewery district, producing an award-winning line of grain spirits with tours and a tasting room.",,,,https://adirondackdistilling.com/,,,,43.10431,-75.24145,/productores/us/middle-atlantic/new-york/adirondack-distilling-company.webp,pendiente,no comprobado,,,63,en,,,,,
method-spirits,Method Spirits,Bloomville,Vermut,"Method Vermouth, aromatised wines","55911 State Hwy 10, Bloomville, NY 13739","Farm distillery and winery on State Highway 10 at Bloomville, in the western Catskills, producing the Method line of vermouth that began behind the bar in New York City.",,,,https://www.methodspirits.com/,,https://www.instagram.com/methodspirits/,,42.34475,-74.73826,/productores/us/middle-atlantic/new-york/method-spirits.webp,pendiente,no comprobado,,Destilados y licores,2213,en,,,,,
queen-city-meadery,Queen City Meadery,West Seneca,Otros,"Session mead, fermented honey wines","290 Center Rd # 105, West Seneca, NY 14224","Western New York meadery on Center Road at West Seneca fermenting honey into session meads and traditional honey wines, with its own tasting room.",,,,https://www.queencitymeadery.com/,,,,42.84005,-78.77125,,pendiente,no comprobado,,,2695,en,,,,,
mapleland-farms,Mapleland Farms,Salem,Despensa artesanal,"Maple syrup, maple cream, maple sugar, maple fudge, bourbon-barrel aged syrup","525 Bunker Hill Rd, Salem, NY 12865","Five-generation Campbell family sugarbush in Washington County producing award-winning maple syrup, cream, sugar and confections, with guided production tours and a farm shop.",,+15188547669,,https://www.maplelandfarms.com/,https://www.facebook.com/profile.php?id=100035400260815,https://www.instagram.com/maplelandfarms/,,43.21614,-73.39811,/productores/us/middle-atlantic/new-york/mapleland-farms.webp,pendiente,sí,ecommerce,,2144,en,,,,,
grottolis-maple,Grottoli's Maple,Granville,Despensa artesanal,"Maple syrup, maple candy, maple roasted nuts, maple fudge, maple popcorn, granulated maple sugar","91 Ritchie Road, Middle Granville, NY","Multi-generational family sugarhouse at Middle Granville, on the Vermont line, producing maple syrup and a broad line of maple confections, with sugarhouse tours.",,+15187968469,,https://grottolismaple.com/,https://www.facebook.com/grottolismaple/,https://www.instagram.com/grottolismaple/,,43.44191,-73.30812,/productores/us/middle-atlantic/new-york/grottolis-maple.webp,pendiente,sí,ecommerce,,1509,en,,,,,
swiss-mountain-maple,Swiss Mountain Maple,Erieville,Despensa artesanal,"Maple syrup, maple sugar, maple cream, maple candy, maple cotton candy","3597 Jones Road, Erieville, NY","Russell family farm in the hills of Central New York, boiling in a newly built sugarhouse and making maple sugar, cream, candy and cotton alongside its syrup.",,+13152435229,,https://swissmountainfarms.com/,https://www.facebook.com/swissmountainfarms/,https://www.instagram.com/swissmountainfarms/,,42.89720,-75.72536,/productores/us/middle-atlantic/new-york/swiss-mountain-maple.webp,pendiente,sí,ecommerce,,3244,en,,,,,
buck-hill-farm,Buck Hill Farm,Jefferson,Despensa artesanal,"Maple syrup, maple cream, maple candy, maple mustard, maple barbecue sauce","185 Fuller Road, Jefferson, NY 12093","Family farm in the Schoharie County hills producing a full line of pure maple products, with a farm store and a farm-to-table breakfast served at weekends.",,+16076527980,,https://www.buckhillfarm.com/,https://www.facebook.com/fancymapleproducts/,,,42.48417,-74.62378,/productores/us/middle-atlantic/new-york/buck-hill-farm.webp,pendiente,sí,ecommerce,,624,en,,,,,
woodys-maple,Woody's Maple,Hermon,Despensa artesanal,"Maple syrup, maple cream, maple candy, maple sugar","418 Underwood Rd, Hermon, NY 13652","Sixth-generation family maple operation on Underwood Road at Hermon, in the North Country, shipping its syrup and confections across the United States.",,+13155283020,,https://www.woodysmaplesyrup.com/,https://www.facebook.com/WoodysMaple/,,,44.41944,-75.25460,/productores/us/middle-atlantic/new-york/woodys-maple.webp,pendiente,sí,ecommerce,,3679,en,,,,,
campbell-maple,Campbell Maple,Friendship,Despensa artesanal,"Maple syrup, maple cream, maple candy, granulated maple sugar","8904 Jackson Hill Road, Friendship, NY 14739","Campbell family sugarbush at Friendship, in Allegany County, boiling sap to syrup on the farm since 1822 and making cream, candy and granulated sugar.",,+17165608499,,https://campbellmaple.com/,https://www.facebook.com/campbellmaplesyrup/,,,42.24289,-78.24517,,pendiente,no comprobado,,,679,en,,,,,
rathbuns-maple-sugar-house,Rathbun's Maple Sugar House,Whitehall,Despensa artesanal,"Maple syrup, maple cream, maple candy, maple cotton candy","1208 Hatch Hill Road, Whitehall, NY",Eight generations of Rathbuns have made maple syrup on Hatch Hill Road at Whitehall; the rustic sugarhouse also serves a well-known weekend breakfast during the season.,,+15186421799,,https://www.rathbunsmaple.com/,https://www.facebook.com/rathbunsmaple/,,,43.48321,-73.34466,/productores/us/middle-atlantic/new-york/rathbuns-maple-sugar-house.webp,pendiente,sí,ecommerce,,2724,en,,,,,
catskill-mountain-maple,Catskill Mountain Maple,Delancey,Despensa artesanal,"Maple syrup, maple cream, maple jelly, maple vinegar, maple mustard, honey, eggs","65 Charlie Wood Road, Delancey, NY 13752","Kaufman Farms sugarhouse at Delancey, in the western Catskills, making small-batch maple syrup and preserves by traditional methods and also selling its own honey and eggs.",,+16077466215,catskillmountainmaple@gmail.com,https://catskillmountainmaple.com/,,,,42.21463,-74.89142,/productores/us/middle-atlantic/new-york/catskill-mountain-maple.webp,pendiente,sí,ecommerce,Miel,733,en,,,,,
stony-acres-maple-farm,Stony Acres Maple Farm,East Aurora,Despensa artesanal,"Maple syrup, maple candy, maple cream, maple mustard, maple barbecue sauce","2625 3 Rod Road, East Aurora, NY 14052","Small family-owned maple farm on 3 Rod Road at East Aurora, south of Buffalo, offering sugarhouse tours and selling pure New York maple syrup, candy and cream.",,+17167251997,,https://www.samaplefarm.com/,https://www.facebook.com/StonyAcresMapleFarm/,,,42.81527,-78.51416,,pendiente,sí,ecommerce,,3170,en,,,,,
stmaple,StMaple,Malone,Despensa artesanal,"Wood-fired maple syrup, maple confections, maple rubs, maple peanut butter","962 Limekiln Road, Malone, NY 12953","Franklin County producer on Limekiln Road at Malone making pure maple syrup in small batches over a wood-fired evaporator, plus classic and new maple confections.",,+15185933688,,https://stmaple.com/,,,,44.77229,-74.34014,/productores/us/middle-atlantic/new-york/stmaple.webp,pendiente,sí,ecommerce,,3160,en,,,,,
peaceful-valley-maple-farms,Peaceful Valley Maple Farms,Johnstown,Despensa artesanal,"Maple syrup, maple cream, maple candy, maple fudge, maple mustard, maple barbecue sauce","116 LaGrange Road, Johnstown, NY 12095","Family maple farm on LaGrange Road at Johnstown, in the southern Adirondack foothills, with sugarhouse tours and a family-style breakfast served in season.",,+15187628936,orders@peacefulvalleymaplefarms.com,https://peacefulvalleymaplefarms.com/,https://www.facebook.com/peacefulvalleymaplefarms/,,,43.02923,-74.39973,/productores/us/middle-atlantic/new-york/peaceful-valley-maple-farms.webp,pendiente,sí,ecommerce,,2553,en,,,,,
off-road-maple,Off Road Maple,Franklin,Despensa artesanal,"Maple syrup, maple confections, honey, farm-raised Angus beef","195 Pomeroy Road, Franklin, NY 13775","Sap house and maple barn on Pomeroy Road at Franklin, in Delaware County, making a wide maple line and also selling honey and farm-raised Angus beef from the property.",,+16078292424,offroadmaple@gmail.com,https://offroadmaple.com/,https://www.facebook.com/profile.php?id=100063727291185,https://www.instagram.com/off_road_maple/,,42.35971,-75.10128,/productores/us/middle-atlantic/new-york/off-road-maple.webp,pendiente,sí,ecommerce,Carne|Miel,2439,en,,,,,
sweet-dream-maple-farm,Sweet Dream Maple Farm,Corfu,Despensa artesanal,"Maple syrup, maple cream, maple sugar, maple cotton candy","1116 Reynolds Road, Corfu, NY 14036","Stein family maple farm on Reynolds Road at Corfu, in Genesee County, producing fresh pure maple syrup and a range of maple treats.",,+15853562669,stein@sweetdreammaplefarm.com,https://sweetdreammaplefarm.com/,https://www.facebook.com/SweetDreamMapleFarm/,,,42.93885,-78.40731,,pendiente,sí,ecommerce,,3225,en,,,,,
sterling-valley-maple,Sterling Valley Maple,Croghan,Despensa artesanal,"Certified organic maple syrup, maple cream, maple sugar, bourbon-barrel aged syrup","9610 Croghan Reservoir Road, Croghan, NY 13327",Three generations of sugar makers work together on Croghan Reservoir Road in Lewis County producing certified organic maple syrup and maple confections.,,+13155235916,josh@sterlingvalleymaple.com,https://www.sterlingvalleymaple.com/,https://www.facebook.com/Sterling.Valley.Maple/,https://www.instagram.com/sterlingvalleymaple/,,43.89442,-75.32015,/productores/us/middle-atlantic/new-york/sterling-valley-maple.webp,pendiente,sí,ecommerce,,3149,en,,,,,
schoolyard-sugarbush,Schoolyard Sugarbush,Newfield,Despensa artesanal,"Maple syrup, maple cream, maple sugar, maple apple butter","1539 West Danby Road, Newfield, NY 14867","Family-owned maple farm on West Danby Road at Newfield, in Tompkins County, producing pure maple syrup under a sustainable forest-management plan.",,+13155679900,,https://schoolyardsugarbush.org/,https://www.facebook.com/SchoolyardSugarbush/,,,42.36862,-76.55122,/productores/us/middle-atlantic/new-york/schoolyard-sugarbush.webp,pendiente,no comprobado,,,2926,en,,,,,
cooks-maple-products,Cooks Maple Products,Sherburne,Despensa artesanal,"Maple syrup, barrel-aged and infused syrups, maple vinegar, maple cream, maple candy","247 County Rd 20, Sherburne, NY","Family farm on County Road 20 at Sherburne, in Chenango County, producing maple syrup plus bourbon- and whiskey-barrel aged and infused varieties, maple vinegar and confections.",,+16076276252,cooksmaple@gmail.com,https://cooksmaple.com/,https://www.facebook.com/cooksmaple/,,,42.63521,-75.53218,,pendiente,no comprobado,,,880,en,,,,,
platte-creek-maple-farm,Platte Creek Maple Farm,Saugerties,Despensa artesanal,"Maple syrup, maple cream, maple sugar, maple candy","808 Glasco Turnpike, Saugerties, NY","Small family farm on Glasco Turnpike at Saugerties, in the Hudson Valley, producing pure maple syrup, cream, sugar and candy and demonstrating boiling in season.",,+18454178888,,https://platte-creek-maple-farm.myshopify.com/,,,,42.04300,-74.00443,/productores/us/middle-atlantic/new-york/platte-creek-maple-farm.webp,pendiente,sí,ecommerce,,2618,en,,,,,
dar-view-maple,Dar-View Maple,Delancey,Despensa artesanal,"Maple syrup, maple cream, maple sugar, maple cotton candy","2813 Fall Clove Road, Delancey, NY","Six generations of maple production on Fall Clove Road at Delancey, on the western slopes of the Catskills, with free farm tours and tastings in season.",,+16074351657,,https://www.darviewmaple.com/,https://www.facebook.com/profile.php?id=100009716794875,,,42.15083,-74.87317,,pendiente,no comprobado,,,1003,en,,,,,
gabels-maple-syrup,Gabel's Maple Syrup,Lawtons,Despensa artesanal,"Maple syrup, maple cream, maple candy, maple coated nuts","5095 Kaiser Rd, Lawtons, NY 14091","Sugarhouse set 700 feet into the woods on Kaiser Road at Lawtons, in Erie County, reached by hayride during the maple season and selling syrup, cream and confections.",,+17169499110,,https://www.gabelsmaplesyrup.com/,,https://www.instagram.com/gabelsmaplesyrup/,,42.53808,-78.79184,/productores/us/middle-atlantic/new-york/gabels-maple-syrup.webp,pendiente,no comprobado,,,1386,en,,,,,
sticky-paws-maple-lane-foods,Sticky Paws — Maple Lane Foods,South Dayton,Despensa artesanal,"Maple syrup, maple cream, maple candy, maple divinity fudge, barbecue sauces, chocolate confections","12504 Dredge Rd, South Dayton, NY","Maple and confection maker on Dredge Road at South Dayton, in Cattaraugus County, producing pure maple syrup, cream and candy alongside fudge, barbecue sauces and chocolate confections.",,+18559122639,sales@maplelanefoods.com,https://stickypawsmaple.com/,https://www.facebook.com/MapleandCandy/,https://www.instagram.com/stickypawscandy/,,42.33951,-79.02918,/productores/us/middle-atlantic/new-york/sticky-paws-maple-lane-foods.webp,pendiente,no comprobado,,Chocolate,3154,en,,,,,
moores-maple-shack,Moore's Maple Shack,Freedom,Despensa artesanal,"Maple syrup, maple cream, maple candy, pancake flour, maple seasonings, maple cashews","10444 Galen Hill Road, Freedom, NY 14065","All products are made by the Moore family on Galen Hill Road at Freedom, in Cattaraugus County, where the sugarhouse also runs a pancake house during the season.",,+17164923067,,https://mooresmaple.com/,https://www.facebook.com/mooresmaple/,,,42.45567,-78.36000,/productores/us/middle-atlantic/new-york/moores-maple-shack.webp,pendiente,sí,ecommerce,,2282,en,,,,,
new-beginnings-farmstead,New Beginnings Farmstead,Kingston,Despensa artesanal,"Maple syrup, flavoured syrups, maple jams, maple cookies, maple cotton candy","2585 Route 209, Kingston, NY 12401","Working maple farm on 130 acres on Route 209 south of Kingston, in Ulster County, producing syrup and maple preserves and opening its sugarbush to school groups and visitors.",,+18454308521,,https://www.newbeginningsfarmstead.com/,https://www.facebook.com/NewBeginningsFarmstead/,https://www.instagram.com/newbeginningsfarmstead/,,41.89512,-74.09945,/productores/us/middle-atlantic/new-york/new-beginnings-farmstead.webp,pendiente,no comprobado,,,2364,en,,,,,
maplewood-sweets,Maplewood Sweets,Watertown,Despensa artesanal,"Maple syrup, infused syrups, maple cream, pure maple flakes, maple nuts","20322 County Road 63, Watertown, NY 13601","Family-owned maple farm on County Road 63 at Watertown, in Jefferson County, crafting small-batch syrup plus maple cream, flakes and cinnamon, vanilla, chilli and coffee infusions.",,+13152226796,,https://maplewood-sweets.myshopify.com/,https://www.facebook.com/maplewoodsweets/,,,43.95049,-75.96717,/productores/us/middle-atlantic/new-york/maplewood-sweets.webp,pendiente,sí,ecommerce,,2146,en,,,,,
reeds-maple-products,Reed's Maple Products,Hamden,Despensa artesanal,"Maple syrup, maple cream, maple hot sauce, maple mustard, maple barbecue sauce","1071 Reed Rd, Hamden, NY","Family-owned sap house in the heart of the Catskill Mountains on Reed Road at Hamden, producing maple syrup and a wide line of maple pantry products.",,+16073632738,,https://www.reedsmapleproducts.com/,https://www.facebook.com/reedsmaple/,,,42.16068,-74.93578,/productores/us/middle-atlantic/new-york/reeds-maple-products.webp,pendiente,no comprobado,,,2767,en,,,,,
dry-brook-sugar-house,Dry Brook Sugar House,Salem,Despensa artesanal,"Maple syrup, maple cream, maple sugar candy","432 Chambers Road, Salem, NY","Sugarhouse on Chambers Road between Salem and Manchester, in Washington County, selling New York maple products year round and serving breakfast during the maple season.",,+15188543955,sales@drybrooksugarhouse.com,https://drybrooksugarhouse.com/,https://www.facebook.com/drybrooksugarhouse/,https://www.instagram.com/drybrooksugarhouse/,,43.20480,-73.26163,/productores/us/middle-atlantic/new-york/dry-brook-sugar-house.webp,pendiente,no comprobado,,,1111,en,,,,,
white-oak-farm-yorktown,White Oak Farm,Yorktown Heights,Despensa artesanal,"Maple syrup, maple cream, maple candy, honey","680 Croton Lake Road, Yorktown Heights, NY 10598","Historic maple farm on Croton Lake Road at Yorktown Heights, in Westchester County, tapping its own woodlot for syrup and keeping bees for honey, with sugarhouse tours in season.",,+19145821117,bhart@whiteoakfarm1.com,https://whiteoakfarm1.com/,https://www.facebook.com/whiteoakfarm1/,,,41.23632,-73.79106,,pendiente,no comprobado,,Miel,3602,en,,,,,
belle-hollow-farms,Belle Hollow Farms,Canaseraga,Despensa artesanal,"Maple syrup, bourbon-barrel infused syrup, maple cream, maple sugar, maple mustard","10312 County Road 15B, Canaseraga, NY","Family-owned maple farm on County Road 15B at Canaseraga, in Allegany County, boiling in a new sugar shanty and producing infused syrups and maple pantry goods.",,+15853398632,,https://www.eatmaplesyrup.com/,https://www.facebook.com/people/Belle-Hollow-Farms/61556674025575/,https://www.instagram.com/bellehollowsyrup/,,42.45144,-77.83814,/productores/us/middle-atlantic/new-york/belle-hollow-farms.webp,pendiente,no comprobado,,,351,en,,,,,
shaws-maple-products,Shaw's Maple Products,Clinton,Despensa artesanal,"Maple syrup, maple cream, maple candy, maple seasonings, maple lip balm","7945 Maxwell Road, Clinton, NY 13323","Maple producer on Maxwell Road at Clinton, in Oneida County, tapping its own trees since 2007 and selling syrup and maple goods at local farmers markets and from the farm.",,+13157250547,,https://www.shawsmapleproducts.com/,https://www.facebook.com/profile.php?id=100062864605672,,,43.00083,-75.36164,/productores/us/middle-atlantic/new-york/shaws-maple-products.webp,pendiente,sí,ecommerce,,2968,en,,,,,
flints-maple,Flint's Maple,Warsaw,Despensa artesanal,"Maple syrup, craft infused syrups, maple cream, pizza and wing sauces, switchel, vinaigrette","3476 Hermitage Road, Warsaw, NY 14569","Sugarbush on Hermitage Road at Warsaw, in Wyoming County, running a craft infusion club and making maple syrup alongside sauces, switchel and maple pantry goods.",,+15852592968,,https://flintsmaple.com/,https://www.facebook.com/FlintsMaple/,https://www.instagram.com/FlintsMaple/,,42.71953,-78.20376,/productores/us/middle-atlantic/new-york/flints-maple.webp,pendiente,sí,ecommerce,Condimentos,1299,en,,,,,
smokey-hollow-maple-syrup,Smokey Hollow Maple Syrup,Jordan,Despensa artesanal,"Maple syrup, maple cream, maple candy, maple popcorn, maple cotton candy","8597 Pierce Road, Jordan, NY 13080","Family sugarbush on Pierce Road at Jordan, in Onondaga County, making maple syrup since 1975 and selling maple confections from its own store.",,+13156899833,,https://smokeyhollowmaplesyrup.com/,https://www.facebook.com/SmokeyHollowMapleSyrup/,,,43.03438,-76.49611,/productores/us/middle-atlantic/new-york/smokey-hollow-maple-syrup.webp,pendiente,no comprobado,,,3044,en,,,,,
mountain-winds-farm,Mountain Winds Farm,Berne,Despensa artesanal,"Maple syrup, maple cream, maple candy, maple mustard, maple barbecue sauce","12 Williamson Road, Berne, NY 12023","Maple farm on Williamson Road at Berne, in the Helderbergs, running 50,000 feet of pipeline and 1,300 taps, with a farm store and a CSA.",,+15188720513,mtwindsfarm@gmail.com,https://mountainwindsfarm.com/,https://www.facebook.com/profile.php?id=100064366972528,,,42.61360,-74.16865,/productores/us/middle-atlantic/new-york/mountain-winds-farm.webp,pendiente,no comprobado,,,2313,en,,,,,
maple-glen-sugar-house,Maple Glen Sugar House,Gowanda,Despensa artesanal,"Maple syrup, maple bourbon syrup, maple cream, maple candy, maple ice cream","2266 Gowanda Zoar Road, Gowanda, NY 14070","Sugarhouse on Gowanda Zoar Road at Gowanda, in Cattaraugus County, producing 100% pure maple syrup and confections, with tours and wagon rides to the sugar woods.",,+17165325483,pl2266@yahoo.com,https://mapleglensyrup.com/,https://www.facebook.com/profile.php?id=100064625652186,,,42.46396,-78.92522,/productores/us/middle-atlantic/new-york/maple-glen-sugar-house.webp,pendiente,sí,ecommerce,,2142,en,,,,,
akron-bee-company,Akron Bee Company,Akron,Miel,"Retail honey, nucs, beekeeping equipment","12680 Brucker Rd, Akron, NY 14001","Beekeeping operation on Brucker Road at Akron, in Erie County, selling its own retail honey and running beekeeping classes.",,+17165421666,eliazara@clarencehollow.com,,https://www.facebook.com/akronbeecompany/,,,43.06976,-78.51052,,pendiente,no comprobado,,,72,en,,,,,
b-powell-apiary,B. Powell Apiary,Earlton,Miel,"Retail and bulk honey, beeswax, wax products","290 Harold Myers road Earlton, NY 12058","Apiary on Harold Myers Road at Earlton, in Greene County, selling retail and bulk honey along with beeswax candles and balms.",,+18454894480,bpowellfloors@gmail.com,,,,,42.31931,-73.93928,,pendiente,no comprobado,,,236,en,,,,,
bee-hollow-farm,Bee Hollow Farm,Schodack Landing,Miel,"Raw varietal honey, beeswax, wax products","634 Knickerbocker Rd, Schodack Landing, NY 12156","Apiary at Schodack Landing, in Rensselaer County, hand-harvesting honey at different points of the season and storing it at hive temperature so it stays raw.",,+15183364449,paul@beehollowfarm.com,https://beehollowfarm.com/,,https://www.instagram.com/beehollowfarm/,,42.49581,-73.74721,/productores/us/middle-atlantic/new-york/bee-hollow-farm.webp,pendiente,sí,ecommerce,,329,en,,,,,
beekind-orchard-park,Beekind,Orchard Park,Miel,Retail honey,"1515 Quaker Rd, Orchard Park, NY 14127","Beekeeper on Quaker Road at Orchard Park, in Erie County, selling retail honey from its own hives and collecting swarms locally.",,+17168638419,dford73@gmail.com,,,,,42.76837,-78.69118,,pendiente,no comprobado,,,337,en,,,,,
blind-harbor-apiary,Blind Harbor Apiary,Ogdensburg,Miel,"Retail honey, honeybee products","5 Rivers Edge Circle, Ogdensburg, NY","Apiary on the St. Lawrence at Ogdensburg, in the Town of Oswegatchie, producing honey and honeybee products with a focus on healthy bee populations.",,+13152765123,mrddoe47@gmail.com,https://blindharborapiary.com/,,,,44.67707,-75.52622,,pendiente,no comprobado,,,457,en,,,,,
circle-c-farm-minoa,Circle C Farm,Minoa,Miel,"Retail honey, beeswax","416 South Central Ave, Minoa, NY 13116","Small apiary on South Central Avenue at Minoa, east of Syracuse, selling its own retail honey and beeswax.",,+13154155327,dsprofes1@yahoo.com,,,,,43.07271,-76.00760,,pendiente,no comprobado,,,826,en,,,,,
gridley-hollow-honey,Gridley Hollow Honey,Cortland,Miel,"Retail and bulk honey, beeswax","1819 Tone Rd Cortland, NY 13045",Apiary on Tone Road at Cortland producing retail and bulk honey and beeswax from its own hives.,,+16077451748,gridleyhollowhoney@yahoo.com,,,,,42.49489,-76.12025,,pendiente,no comprobado,,,1498,en,,,,,
kutiks-honey-farm,Kutik's Honey Farm,Norwich,Miel,Retail and bulk honey,"285 Lyon Brook rd Norwich, NY 13815","Commercial honey farm on Lyon Brook Road at Norwich, in Chenango County, part of the Kutik beekeeping business established in 1978.",,+16078438811,honeyfarm@kutiks.com,,https://www.facebook.com/KutiksHoney/,,,42.45938,-75.53408,,pendiente,no comprobado,,,1949,en,,,,,
miller-hill-apiary,Miller Hill Apiary,Genoa,Miel,"Bulk honey, bulk beeswax, nucs and queens","1378 State Route 34, Genoa, NY 13071","Apiary on State Route 34 at Genoa, in Cayuga County, producing bulk honey and beeswax and raising nucs and queens.",,+13155157400,millerhillapiary@gmail.com,,,,,42.68508,-76.52864,,pendiente,no comprobado,,,2241,en,,,,,
moons-gold-apiary,Moon's Gold Apiary,Salt Point,Miel,"Raw wildflower honey, beeswax candles, skincare","393 Clinton Hollow Rd Salt Point, NY 12578","Family-run honey farm at Salt Point, in the Town of Clinton in Dutchess County, offering raw wildflower honey, beeswax candles and skincare from its farm store.",,+18453073022,moonsgoldapiary@gmail.com,https://moonsgoldapiary.com/,https://www.facebook.com/MoonsGoldApiary/,https://www.instagram.com/moonsgoldapiary/,,41.82786,-73.81764,/productores/us/middle-atlantic/new-york/moons-gold-apiary.webp,pendiente,sí,ecommerce,,2279,en,,,,,
shortys-apiary,Shorty's Apiary,Cobleskill,Miel,"Retail and bulk honey, wax products","337 North Grand Street, Cobleskill, NY 12043","Apiary on North Grand Street at Cobleskill, in Schoharie County, selling retail and bulk honey plus beeswax chapstick and candles.",,+15188524979,dcornwell85@yahoo.com,,,,,42.68375,-74.49096,,pendiente,no comprobado,,,2987,en,,,,,
shultz-apiaries,Shultz Apiaries,Canaseraga,Miel,honey|beeswax,"9033 County Road 15B, Canaseraga, NY 14822",Shultz Apiaries produces retail and bulk honey and beeswax from its hives in Canaseraga.,,+15852454682,toms4808@gmail.com,,,,,42.39066,-77.91657,,pendiente,no comprobado,,,2990,en,,,,,
welsh-homestead-apiary,The Welsh Homestead Apiary,Middleburgh,Miel,honey|beeswax,"112 Woods Road Middleburgh, NY 12122",The Welsh Homestead Apiary keeps bees in Middleburgh and sells honey and beeswax products from its homestead.,,+15182912565,welshmaryann8@gmail.com,,,https://www.instagram.com/thewelshhomestead/,,42.52291,-74.30875,,pendiente,no comprobado,,,3366,en,,,,,
walnut-grove-apiaries,Walnut Grove Apiaries,Philadelphia,Miel,honey,"36849 Ore Bed Rd, Philadelphia, NY 13673",Walnut Grove Apiaries produces retail and bulk honey from its Philadelphia hives.,,+13159215211,walnutgroveapiares@gmail.com,,https://www.facebook.com/profile.php?id=100094206137754,,,44.20181,-75.74186,,pendiente,no comprobado,,,3545,en,,,,,
laurie-bs-bees,Laurie B's Bees,Canandaigua,Miel,honey|beeswax,"2265 County Rd 28 Canandaigua, NY 14424",Laurie B’s Bees keeps a small apiary near Canandaigua and sells honey and beeswax products.,,+15856989218,lbaxter1224@yahoo.com,,,,,42.91909,-77.28682,,pendiente,no comprobado,,,1994,en,,,,,
crosswinds-farm-creamery,Crosswinds Farm & Creamery,Rock Stream,Lácteos y quesos,cheese|yogurt|gelato|beef|pork,"4721 NY-14A, Rock Stream, NY 14878","Crosswinds Farm & Creamery makes grass-fed Brown Swiss cheese, yogurt, and gelato while raising pastured beef and pork in Rock Stream.",,,,https://crosswindsfarmcreamery.com/,https://www.facebook.com/crosswindsfarmcreamery/,https://www.instagram.com/crosswindsfarmcreamery/,,,,/productores/us/middle-atlantic/new-york/crosswinds-farm-creamery.webp,pendiente,sí,ecommerce,Carne|Helados,964,en,,,,,
wright-farms,Wright Farms,Farmersville,Despensa artesanal,maple syrup|maple products,,"Wright Farms taps 8,000 maple trees in Farmersville and produces maple syrup and maple products.",,,wrightfarms@wrightfarmsmaplesyrup.com,https://wrightfarmsmaplesyrup.com/,,,,,,/productores/us/middle-atlantic/new-york/wright-farms.webp,pendiente,sí,marketplace,,3777,en,,,,,
north-country-creamery,North Country Creamery,Keeseville,Lácteos y quesos,cheese|yogurt|raw milk,,"North Country Creamery makes farmstead cheese, creamline yogurt, and raw milk at its Keeseville dairy.",,,info@northcountrycreamery.com,https://www.northcountrycreamery.com/,,https://www.instagram.com/northcountrycreamery/,,,,,pendiente,sí,marketplace,,3773,en,,,,,
silverwind-farm,Silverwind Farm,Nineveh,Carne,beef|pork|poultry|eggs,,"Silverwind Farm raises grass-fed beef, heritage pork, pasture poultry, and eggs in Nineveh.",,,,https://silverwindfarmny.com/,,,,,,,pendiente,no comprobado,,,3774,en,,,,,
small-town-cultures,Small Town Cultures,Plattsburgh,Conservas,fermented foods,,Small Town Cultures makes living fermented foods in Plattsburgh and packages them for retail.,,,info@smalltowncultures.com,https://www.smalltowncultures.com/,https://www.facebook.com/smalltowncultures/,https://www.instagram.com/smalltowncultures/,,,,/productores/us/middle-atlantic/new-york/small-town-cultures.webp,pendiente,sí,marketplace,,3775,en,,,,,
whitten-family-farm,Whitten Family Farm,Winthrop,Fruta y verdura,vegetables,,Whitten Family Farm grows vegetables in Winthrop using its noncertified-organic methods and CSA.,,+113153285559,whittenfamilyfarm@gmail.com,https://www.whittenfamilyfarm.com/,https://www.facebook.com/WhittenFamilyFarm/,,,,,,pendiente,no comprobado,,,3776,en,,,,,
meiers-artisan-cheese,Meier's Artisan Cheese,Fort Covington,Lácteos y quesos,farmstead cheese,,Meier’s Artisan Cheese makes hand-crafted cheese in Fort Covington from milk produced by its own herd.,,,dmeier3@twcny.rr.com,https://meiersartisancheese.com/,https://www.facebook.com/Meiers-Artisan-Cheese-161936497547884/,,,,,/productores/us/middle-atlantic/new-york/meiers-artisan-cheese.webp,pendiente,sí,marketplace,,3772,en,,,,,
berle-farm,Berle Farm,Hoosick Falls,Lácteos y quesos,farmstead dairy|meat,"319 Beechwood Rd, Hoosick Falls, NY, 12090, US",Berle Farm raises livestock and produces farmstead dairy products at its Hoosick Falls farm.,,+15186863249,berlefarm@gmail.com,https://berlefarm.com,https://www.facebook.com/BerleFarmGood/,https://www.instagram.com/berlefarm/,,42.912388,-73.294412,/productores/us/middle-atlantic/new-york/berle-farm.webp,pendiente,no comprobado,,,3848,en,,,,,
churchtown-dairy,Churchtown Dairy,Hudson,Lácteos y quesos,milk|cheese,"Contact for details, Hudson, NY, 12534, US",Churchtown Dairy operates a Hudson biodynamic dairy producing farmstead milk and cheese.,,+15188512042,info@churchtowndairy.org,https://churchtowndairy.org,https://www.facebook.com/churchtowndairy/,https://www.instagram.com/churchtown_dairy/,,42.228628,-73.753401,,pendiente,no comprobado,,,3849,en,,,,,
go-goats-milk,Go Goats Milk,Middletown,Lácteos y quesos,goat milk products,"47 Highland Lake Road, Middletown, NY 10940, US",Go Goats Milk raises goats and produces goat milk products near Middletown.,,+18453869059,gogoatsmilk@gmail.com,,https://www.facebook.com/gogoatsmilk/,https://www.instagram.com/go_goats_milk/,,41.4416439,-74.50313299999999,,pendiente,no comprobado,,,3960,en,,,,,
hill-n-hollow-farm,Hill-N-Hollow Farm,Red Hook,Carne,farm products|meat,"412 NY-199, Red Hook, NY 12571, US",Hill-N-Hollow Farm raises livestock and sells farm products from its Red Hook operation.,,+18457585339,bucky@hillnhollowfarm.com,,https://www.facebook.com/hillnhollowfarmmarket/,,,41.9903189,-73.8389541,,pendiente,no comprobado,,Fruta y verdura|Huevos,3961,en,,,,,
brooklyn-kura,Brooklyn Kura,Brooklyn,Sake,junmai sake,,Brooklyn Kura makes junmai sake at its Brooklyn brewery.,,,,https://www.brooklynkura.com/,,,,,,/productores/us/middle-atlantic/new-york/brooklyn-kura.webp,pendiente,no comprobado,,,4008,en,,,,,
kato-sake-works,Kato Sake Works,Brooklyn,Sake,sake,,"Kato Sake Works makes small-batch sake in Brooklyn from rice, koji, and water.",,,,https://katosakeworks.com/,,,,,,,pendiente,no comprobado,,,4009,en,,,,,
st-agrestis,St. Agrestis,Brooklyn,Bebidas sin alcohol,non-alcoholic aperitivi|cocktail products,,St. Agrestis makes non-alcoholic aperitivi and cocktail products in Brooklyn.,,,,https://stagrestis.com/,,,,,,,pendiente,no comprobado,,,4010,en,,,,,
