slug,nombre,municipio,categoria,productos estrella,direccion,descripcion,horario,telefono,correo,web,Facebook,Instagram,Google Maps,lat,lon,fecha_revision,imagen
horticolas-bucero,Hortícolas Bucero,Perales de Tajuña,Huerta,Hortalizas y verduras,Provincia de Madrid,"Productor local de huerta en la provincia de Madrid, incorporado desde directorios de productores de la Comunidad de Madrid.",Consultar web,,elisabeth.b.g@hotmail.com,,,,https://www.google.com/maps/search/?api=1&query=Hort%C3%ADcolas%20Bucero%2C%20Provincia%20de%20Madrid%2C%20Perales%20de%20Taju%C3%B1a&query_place_id=ChIJ-bsiBjhqQg0Rg-YXlwR-InE,,,2026-03-18,
miel-antonio-simon,Miel Antonio Simón,Cobeña,Miel,Miel artesana,Provincia de Madrid,"Productor local de miel en la provincia de Madrid, incorporado desde directorios de productores de la Comunidad de Madrid.",Consultar web,,oficina@miel-antoniosimon.com,https://www.miel-antoniosimon.com,,,https://www.google.com/maps/search/?api=1&query=Miel%20Antonio%20Sim%C3%B3n%2C%20Provincia%20de%20Madrid%2C%20Cobe%C3%B1a&query_place_id=ChIJY1kzXlgzQg0RNRfNiieXgl8,,,2026-03-18,
the-sauce-man,The Sauce Man,Madrid,Salsas,Salsas artesanas,Provincia de Madrid,"Productor local de salsas en la provincia de Madrid, incorporado desde directorios de productores de la Comunidad de Madrid.",Consultar web,,info@thesauceman.es,,,,https://www.google.com/maps/search/?api=1&query=The%20Sauce%20Man%2C%20Provincia%20de%20Madrid%2C%20Madrid&query_place_id=ChIJoQgHXc5ruyMR-4MpPOAxKLw,,,2026-03-18,
licores-trampero,Licores Trampero,Alcalá de Henares,Licores y vermut,Licores,"Alcalá de Henares, Madrid","Productor local de licores y vermut en Alcalá de Henares, incorporado desde directorios de productores de la Comunidad de Madrid.",Consultar web,,jlopez@trampero.com,https://www.trampero.com,,,https://www.google.com/maps/search/?api=1&query=Licores%20Trampero%2C%20Alcal%C3%A1%20de%20Henares%2C%20Madrid%2C%20Alcal%C3%A1%20de%20Henares&query_place_id=ChIJodLpKSFJQg0RHEGSFOgZf1I,,,2026-03-18,
cervecera-peninsula-alcobendas,Cervecera Península,Alcobendas,Cerveza artesana,Cerveza artesana,"Calle La Granja, 5, 28108 Alcobendas, Madrid",Cervecera artesanal con fábrica propia y tap room en Alcobendas.,Consultar web,+34 910 13 31 91,,https://cervecerapeninsula.com/,,https://www.instagram.com/cervecerapeninsula/,https://www.google.com/maps/search/?api=1&query=Cervecera%20Pen%C3%ADnsula%2C%20Calle%20La%20Granja%2C%205%2C%2028108%20Alcobendas%2C%20Madrid%2C%20Alcobendas&query_place_id=ChIJHU5hy3ksQg0R1pli0j-IopA,40.5417,-3.6379,2026-03-15,
oso-brew-alcobendas,Oso Brew Co.,Alcobendas,Cerveza artesana,Cerveza artesana,"Calle Guzmán el Bueno, 8, 28108 Alcobendas, Madrid",Cervecera artesanal madrileña con fábrica propia y producción activa de IPAs y colaboraciones.,Consultar web,+34 657 14 30 11,info@osobrew.com,https://www.osobrew.com/,,https://www.instagram.com/osobrewco/,https://www.google.com/maps/search/?api=1&query=Oso%20Brew%20Co.%2C%20Calle%20Guzm%C3%A1n%20el%20Bueno%2C%208%2C%2028108%20Alcobendas%2C%20Madrid%2C%20Alcobendas&query_place_id=ChIJ_VP6gvEtQg0R1AzfT9F249M,40.5451,-3.6447,2026-03-15,
granja-vega-alberche-aldea-del-fresno,Granja Vega Alberche,Aldea del Fresno,Lácteos y quesos,Queso de pastor,"Carretera Picadas, 2 / Calle Avoceta, 28620 Aldea del Fresno, Madrid",Quesería de campo elaborada en la propia granja a partir de la leche del rebaño.,,+34 696 09 35 45,,http://www.vega-alberche.negocio.site,https://www.facebook.com/vegaalberche/,https://www.instagram.com/granja.vega.alberche/,https://www.google.com/maps/search/?api=1&query=Granja%20Vega%20Alberche%2C%20Carretera%20Picadas%2C%202%20%2F%20Calle%20Avoceta%2C%2028620%20Aldea%20del%20Fresno%2C%20Madrid%2C%20Aldea%20del%20Fresno&query_place_id=ChIJf6QBExC5QQ0RzfBPIdtnfKI,40.3092156,-4.2301961,2026-03-15,
maltacaballar-alpedrete,Maltacaballar,Alpedrete,Cerveza artesana,Cerveza artesana,"Calle Puerta de Abajo, 8, 28430 Alpedrete, Madrid","Cervecera artesanal de la Sierra de Guadarrama con fábrica, catas y programación propia.",J-D 12:00-15:00 / tardes según temporada,+34 628 80 62 42,info@maltacaballar.com,https://www.maltacaballar.com/,,https://www.instagram.com/maltacaballar/,https://www.google.com/maps/search/?api=1&query=Maltacaballar%2C%20Calle%20Puerta%20de%20Abajo%2C%208%2C%2028430%20Alpedrete%2C%20Madrid%2C%20Alpedrete&query_place_id=ChIJNceCbrtzQQ0RWrWaOjR-Ejk,40.6589,-4.0238,2026-03-15,
lavandas-de-madrid,Lavandas de Madrid,Anchuelo / Santorcaz,Aromáticas,Lavanda y derivados,"Anchuelo / Santorcaz, Madrid","Productor local de aromáticas en Anchuelo / Santorcaz, incorporado desde directorios de productores de la Comunidad de Madrid.",Consultar web,,manchuelob@gmail.com,,,,https://www.google.com/maps/search/?api=1&query=Lavandas%20de%20Madrid%2C%20Anchuelo%20%2F%20Santorcaz%2C%20Madrid%2C%20Anchuelo%20%2F%20Santorcaz&query_place_id=ChIJtRclVR5RQg0RNGmhYk9-z5k,,,2026-03-18,
el-regajal-aranjuez,El Regajal,Aranjuez,Bodega,Vino,"Antigua Carretera de Andalucía, km 50,5, 28300 Aranjuez, Madrid",Finca-bodega de Aranjuez con viñedo propio y elaboración en una propiedad singular con alta biodiversidad.,,+34 913 07 89 03,info@elregajal.es,https://elregajal.es/,https://www.facebook.com/pages/El-Regajal/421639737900647,https://www.instagram.com/elregajal/,https://www.google.com/maps/search/?api=1&query=El%20Regajal%2C%20Antigua%20Carretera%20de%20Andaluc%C3%ADa%2C%20km%2050%2C5%2C%2028300%20Aranjuez%2C%20Madrid%2C%20Aranjuez&query_place_id=ChIJ02sAI7wFQg0RWS54NXduoKs,40.0044799,-3.600651,2026-03-15,
tenta-aranjuez,Tenta Brewing Co.,Aranjuez,Cerveza artesana,Cerveza artesana,"Carrera de Andalucía, 46, 28300 Aranjuez, Madrid",Cervecera artesanal con fábrica propia y tap room en Aranjuez.,Consultar web,+34 658 87 57 45,hola@tentabrewing.com,https://www.tentabrewing.com/,,https://www.instagram.com/tentabrewingco/,https://www.google.com/maps/search/?api=1&query=Carrera%20de%20Andaluc%C3%ADa%2C%2046%2C%2028300%20Aranjuez%2C%20Madrid%2C%20Aranjuez&query_place_id=ChIJ1YJy6r4FQg0RxKyxt51I1cE,40.0315,-3.6048,2026-03-15,
fructum,Fructum,Arganda del Rey,Aceite,Aceite,"Arganda del Rey, Madrid","Productor local de aceite en Arganda del Rey, incorporado desde directorios de productores de la Comunidad de Madrid.",Consultar web,,,,,,https://www.google.com/maps/search/?api=1&query=Fructum%2C%20Arganda%20del%20Rey%2C%20Madrid%2C%20Arganda%20del%20Rey&query_place_id=ChIJ49s032w_Qg0RlmW7TaQh3iQ,,,2026-03-18,
cooperativas-arganda,Cooperativas Arganda,Arganda del Rey,Aceite y bodega,"Aceite, vino","Arganda del Rey, Madrid","Productor local de aceite y bodega en Arganda del Rey, incorporado desde directorios de productores de la Comunidad de Madrid.",Consultar web,,,,,,https://www.google.com/maps/search/?api=1&query=Cooperativas%20Arganda%2C%20Arganda%20del%20Rey%2C%20Madrid%2C%20Arganda%20del%20Rey&query_place_id=ChIJb2_aHv4-Qg0RCJZOCTMyLh0,,,2026-03-18,
la-magdalena-de-proust-madrid,La Magdalena de Proust,Madrid - Arganzuela,Pan y bollería,Pan artesano,"Calle de la Batalla del Salado, 3, Madrid","Panadería, pastelería y tienda bio con obrador propio en Madrid, centrada en pan artesano y bollería ecológica.",Consultar web,,,https://www.esmadrid.com/compras/la-magdalena-de-proust,,,https://www.google.com/maps/search/?api=1&query=La%20Magdalena%20de%20Proust%2C%20Calle%20de%20la%20Batalla%20del%20Salado%2C%203%2C%20Madrid%2C%20Madrid%20-%20Arganzuela&query_place_id=ChIJVWzqtSInQg0R7V7e-tHzyQ0,,,2026-03-18,
cervezas-gabarrera-becerril-de-la-sierra,Cervezas Gabarrera,Becerril de la Sierra,Cerveza artesana,Cerveza artesana,"Av. de José Antonio, 87 A (nave), 28490 Becerril de la Sierra, Madrid",Cervecera ecológica con fábrica propia y visitas/catas en Becerril de la Sierra.,,+34 918 57 30 23 / +34 648 22 96 94,,https://cervezasgabarrera.com/,https://www.facebook.com/cervezartesanagabarrera,https://www.instagram.com/cervezasgabarrera/,https://www.google.com/maps/search/?api=1&query=Cervezas%20Gabarrera%2C%20Av.%20de%20Jos%C3%A9%20Antonio%2C%2087%20A%20%28nave%29%2C%2028490%20Becerril%20de%20la%20Sierra%2C%20Madrid%2C%20Becerril%20de%20la%20Sierra&query_place_id=ChIJuYLNWNNvQQ0Rq256eiAnuio,40.7216769,-3.982708,2026-03-15,
gabarrera-becerril,Gabarrera,Becerril de la Sierra,Cerveza artesana,Cerveza artesana,"Avenida de José Antonio, 87A, 28490 Becerril de la Sierra, Madrid",Cervecera ecológica con fábrica propia en Becerril de la Sierra y visitas guiadas.,Consultar web,+34 648 22 96 94,info@cervezagabarrera.com,https://www.cervezagabarrera.com/,,https://www.instagram.com/cervezagabarrera/,https://www.google.com/maps/search/?api=1&query=Gabarrera%2C%20Avenida%20de%20Jos%C3%A9%20Antonio%2C%2087A%2C%2028490%20Becerril%20de%20la%20Sierra%2C%20Madrid%2C%20Becerril%20de%20la%20Sierra&query_place_id=ChIJuYLNWNNvQQ0Rq256eiAnuio,40.717,-3.9905,2026-03-15,
te-y-vida,Té y Vida,Brunete,Infusiones,Té orgánico,"Brunete, Madrid","Productor local de infusiones en Brunete, incorporado desde directorios de productores de la Comunidad de Madrid.",Consultar web,,teorganico@teorganico.es,https://www.teorganico.es,,,https://www.google.com/maps/search/?api=1&query=T%C3%A9%20y%20Vida%2C%20Brunete%2C%20Madrid%2C%20Brunete&query_place_id=ChIJ80TAHpaXQQ0RPLJwNR7lTrs,,,2026-03-18,
ahumados-pastor,Ahumados Pastor,Bustarviejo,Carnes,Ahumados artesanos,"Bustarviejo, Madrid","Productor local de carnes en Bustarviejo, incorporado desde directorios de productores de la Comunidad de Madrid.",Consultar web,,ahumadospastor@gmail.com,https://www.ahumadospastor.com,,,https://www.google.com/maps/search/?api=1&query=Ahumados%20Pastor%2C%20Bustarviejo%2C%20Madrid%2C%20Bustarviejo&query_place_id=ChIJpV1T6obfQw0R1mwPAp1Uy8Y,,,2026-03-18,
bailandera-bustarviejo,Bailandera,Bustarviejo,Cerveza artesana,Cerveza artesana,"Camino de los Arenales, 2, 28720 Bustarviejo, Madrid",Cervecera artesanal de la Sierra Norte con fábrica propia y visitas/catas.,Consultar web,+34 653 95 51 64,cervezabailandera@gmail.com,https://cervezabailandera.es/,,https://www.instagram.com/cervezabailandera/,https://www.google.com/maps/search/?api=1&query=Bailandera%2C%20Camino%20de%20los%20Arenales%2C%202%2C%2028720%20Bustarviejo%2C%20Madrid%2C%20Bustarviejo&query_place_id=ChIJFa9VwpffQw0RsRzokIxg2TE,40.8578,-3.7088,2026-03-15,
nuestras-huertas-sierra-norte,Nuestras Huertas Sierra Norte,Bustarviejo,Huerta,Huerta ecológica,"Bustarviejo, Madrid","Productor local de huerta en Bustarviejo, incorporado desde directorios de productores de la Comunidad de Madrid.",Consultar web,,nuestrashuertas@gmail.com,https://www.nuestrashuertas.com,https://www.facebook.com/NuestrasHuertasSN/,,https://www.google.com/maps/search/?api=1&query=Nuestras%20Huertas%20Sierra%20Norte%2C%20Bustarviejo%2C%20Madrid%2C%20Bustarviejo&query_place_id=ChIJ8wxryHTfQw0RwdFggbMRPIc,,,2026-03-18,
la-caperuza-bustarviejo,La Caperuza,Bustarviejo,Lácteos y quesos,Queso y yogur de cabra,"Calle Maruste, 18 (entrada por C/ Hiruelo), 28720 Bustarviejo, Madrid",Ganadería extensiva con cabras y vacas propias; transforma su leche en quesos y yogures en su quesería.,10:00-14:00 (cerrado martes),+34 643 72 33 81 / +34 647 59 10 31,queserialacaperuza@gmail.com,https://www.rinconregenerativo.com/la-caperuza,,https://www.instagram.com/la._caperuza/,https://www.google.com/maps/search/?api=1&query=La%20Caperuza%2C%20Calle%20Maruste%2C%2018%20%28entrada%20por%20C%2F%20Hiruelo%29%2C%2028720%20Bustarviejo%2C%20Madrid%2C%20Bustarviejo&query_place_id=ChIJQ6yubwDfQw0RRgkk7nMI6Jg,40.8581753,-3.7046061,2026-03-15,
4-monos-viticultores-cadalso-de-los-vidrios,4 Monos Viticultores,Cadalso de los Vidrios,Bodega,Vino,"C. Ronda de la Sangre, 19, 28640 Cadalso de los Vidrios, Madrid",Proyecto vitícola de pequeña escala con bodega propia y cultivo respetuoso de viñedos en la Sierra de Gredos.,"1.º y 2.º sábados de cada mes, 10:30",+34 606 32 36 29,,https://madridenoturismo.org/bodega/4-monos-viticultores/,,https://www.instagram.com/4monosviticultores/,https://www.google.com/maps/search/?api=1&query=4%20Monos%20Viticultores%2C%20C.%20Ronda%20de%20la%20Sangre%2C%2019%2C%2028640%20Cadalso%20de%20los%20Vidrios%2C%20Madrid%2C%20Cadalso%20de%20los%20Vidrios&query_place_id=ChIJAd15JS5LQA0R4poxaLVkuXY,40.3018065,-4.4391921,2026-03-15,
bodega-aumesquet-garrido,Bodega Aumesquet Garrido,Cadalso de los Vidrios,Bodega,Vino,"Cadalso de los Vidrios, Madrid","Productor local de bodega en Cadalso de los Vidrios, incorporado desde directorios de productores de la Comunidad de Madrid.",Consultar web,,aumesquet@fincamariscalas.com,https://www.fincamariscalas.com,,,https://www.google.com/maps/search/?api=1&query=Bodega%20Aumesquet%20Garrido%2C%20Cadalso%20de%20los%20Vidrios%2C%20Madrid%2C%20Cadalso%20de%20los%20Vidrios&query_place_id=ChIJr2cjXzxLQA0RzuiWikRSnn8,,,2026-03-18,
bodega-cristo-del-humilladero-cadalso-de-los-vidrios,Bodega Cristo del Humilladero,Cadalso de los Vidrios,Bodega,Vino,"Av. de la Constitución, s/n, 28640 Cadalso de los Vidrios, Madrid",Bodega de Cadalso con viñedos de garnacha vieja y elaboración propia en la Sierra de Gredos madrileña.,"Martes a domingo, 09:00-14:00",+34 918 64 00 63,,https://www.vinosdecadalsoygredos.com/,https://www.facebook.com/bodegacristodelhumilladerocadalso,https://www.instagram.com/bodegacadalso/,https://www.google.com/maps/search/?api=1&query=Bodega%20Cristo%20del%20Humilladero%2C%20Av.%20de%20la%20Constituci%C3%B3n%2C%20s%2Fn%2C%2028640%20Cadalso%20de%20los%20Vidrios%2C%20Madrid%2C%20Cadalso%20de%20los%20Vidrios&query_place_id=ChIJLWoe0YZLQA0RlRmsWn8imbU,40.303132,-4.4435637,2026-03-15,
bodega-siguin,Bodega Siguin,Cadalso de los Vidrios,Bodega,Vino,"Cadalso de los Vidrios, Madrid","Productor local de bodega en Cadalso de los Vidrios, incorporado desde directorios de productores de la Comunidad de Madrid.",Consultar web,,info@bodegasiguin.com,https://www.bodegasiguin.com,https://www.facebook.com/BodegaSiguin/,,https://www.google.com/maps/search/?api=1&query=Bodega%20Siguin%2C%20Cadalso%20de%20los%20Vidrios%2C%20Madrid%2C%20Cadalso%20de%20los%20Vidrios&query_place_id=ChIJ4SNpuXOzQQ0RSkGDtxfChGY,,,2026-03-18,
marlon-conservas,Marlon Conservas,Camarma de Esteruelas,Conservas,Conservas artesanas,"Camarma de Esteruelas, Madrid","Productor local de conservas en Camarma de Esteruelas, incorporado desde directorios de productores de la Comunidad de Madrid.",Consultar web,,info@marlonconservas.com,https://www.marlonconservas.com,,,https://www.google.com/maps/search/?api=1&query=Marlon%20Conservas%2C%20Camarma%20de%20Esteruelas%2C%20Madrid%2C%20Camarma%20de%20Esteruelas&query_place_id=ChIJi-kEkAVLQg0RgOhhU_Qbobs,,,2026-03-18,
quesos-campo-real-campo-real,Quesos Campo Real,Campo Real,Lácteos y quesos,Queso de oveja,"Calle del Ejido, 10, 28510 Campo Real, Madrid",Productor histórico con ganadería propia y control de elaboración y afinado de quesos de oveja.,,+34 91 873 33 79,comercial@quesoscamporeal.com,https://quesoscamporeal.com/,https://www.facebook.com/quesocamporealoficial,https://www.instagram.com/quesocamporeal/,https://www.google.com/maps/search/?api=1&query=Quesos%20Campo%20Real%2C%20Calle%20del%20Ejido%2C%2010%2C%2028510%20Campo%20Real%2C%20Madrid%2C%20Campo%20Real&query_place_id=ChIJ8-Wdyi9BQg0Rc304T208soQ,40.3379616,-3.3846007,2026-03-15,
patanel-madrid,Patanel,Madrid - Carabanchel,Cerveza artesana,Cerveza artesana,"Avenida de Pedro Díez, 21, 28019 Madrid",Cervecera artesanal de Carabanchel con fábrica y tap room propio.,Consultar web,+34 679 71 44 83,,https://cervezaspatanel.com/,,https://www.instagram.com/patanelcervezas/,https://www.google.com/maps/search/?api=1&query=Patanel%2C%20Avenida%20de%20Pedro%20D%C3%ADez%2C%2021%2C%2028019%20Madrid%2C%20Madrid%20-%20Carabanchel&query_place_id=ChIJecUZiXQnQg0RMUQ23vEnPUE,40.3914383,-3.7314374,2026-03-15,
hanso-cafe-opera-madrid-centro,Hanso Café 2,Madrid - Centro,Café,Café de especialidad,"Costanilla de los Ángeles, 7, 28013 Madrid",Cafetería de especialidad en el entorno de Ópera con repostería de obrador propio y propuesta salada propia.,L-V 9:00-20:00; S-D 10:00-20:00,+34 918 64 30 18,info@hansocafe.es,https://hansocafe.es/,https://www.facebook.com/hansocafe,,https://www.google.com/maps/search/?api=1&query=Hanso%20Caf%C3%A9%202%2C%20Costanilla%20de%20los%20%C3%81ngeles%2C%207%2C%2028013%20Madrid%2C%20Madrid%20-%20Centro&query_place_id=ChIJkS5_XispQg0Rpz2xb3sgjus,,,2026-03-18,
toma-cafe-madrid,Toma Café,Madrid - Centro,Café,Café de especialidad,"Calle de la Palma, 49, 28004 Madrid","Cafetería pionera del café de especialidad en Madrid, con venta y cultura cafetera arraigadas en Malasaña.",Lun-Dom 8:00-20:00,+34 917 04 93 44,info@tomacafe.es,http://tomacafe.es/,https://www.facebook.com/tomacafe/,https://www.instagram.com/tomacafe,https://www.google.com/maps/search/?api=1&query=Toma%20Caf%C3%A9%2C%20Calle%20de%20la%20Palma%2C%2049%2C%2028004%20Madrid%2C%20Madrid%20-%20Centro&query_place_id=ChIJ30LStmMoQg0R3jE_4mNQ22E,,,2026-03-18,
fabrica-excepcional-madrid,Fábrica Excepcional,Madrid - Centro,Cerveza artesana,Brewpub,"Calle de Valverde, 29, 28004 Madrid",Brewpub con elaboración in situ en Malasaña; activo en 2025-2026.,L-D según web,+34 629 80 34 20,,https://madriexcepcional.com/,https://www.facebook.com/MadriExcepcional/,https://www.instagram.com/fabricaexcepcional/,https://www.google.com/maps/search/?api=1&query=F%C3%A1brica%20Excepcional%2C%20Calle%20de%20Valverde%2C%2029%2C%2028004%20Madrid%2C%20Madrid%20-%20Centro&query_place_id=ChIJcYoJ54coQg0RcdBz4_ZLaaw,40.4227172,-3.7017057,2026-03-15,
fabrica-maravillas-madrid,Fábrica Maravillas,Madrid - Centro,Cerveza artesana,Cerveza artesana,"Calle de Valverde / Malasaña, Madrid","Mini-fábrica urbana inaugurada en 2012 en Malasaña, donde elaboran y embotellan su propia cerveza artesanal.",Consultar web,,,https://www.esmadrid.com/noche/fabrica-maravillas,,,https://www.google.com/maps/search/?api=1&query=F%C3%A1brica%20Maravillas%2C%20Calle%20de%20Valverde%20%2F%20Malasa%C3%B1a%2C%20Madrid%2C%20Madrid%20-%20Centro&query_place_id=ChIJcYoJ54coQg0RcdBz4_ZLaaw,,,2026-03-18,
yam-yam-cacao-madrid-centro,Yam Yam Cacao,Madrid - Centro,Chocolate y cacao,Chocolate artesano,"Calle del Bonetillo, 1, 28013 Madrid","Pequeña tienda-obrador del Madrid de los Austrias especializada en bombones, tabletas bean to bar, cacao ceremonial y turrón propio.",Consultar web,+34 658 22 05 20 / +34 654 18 65 58,cacaolovers@yamyamcacao.com,https://yamyamcacao.com/,,,https://www.google.com/maps/search/?api=1&query=Yam%20Yam%20Cacao%2C%20Calle%20del%20Bonetillo%2C%201%2C%2028013%20Madrid%2C%20Madrid%20-%20Centro&query_place_id=ChIJwa0mdfYpQg0RXBDAm5z108Y,,,2026-03-18,
teterimundi-madrid,Teterimundi,Madrid - Centro,Infusiones y especias,Té e infusiones,"Plazuela de San Ginés, 3, 28013 Madrid",Tienda especializada en té e infusiones con presencia histórica en Madrid y participación en el ecosistema de Mercado de Productores.,Lun-Sáb 11:00-20:00; Dom 12:00-20:00,+34 913 54 06 80,info@teterimundi.com,https://teterimundi.com/,https://www.facebook.com/TETERIMUNDI-288706481140020/,,https://www.google.com/maps/search/?api=1&query=Teterimundi%2C%20Plazuela%20de%20San%20Gin%C3%A9s%2C%203%2C%2028013%20Madrid%2C%20Madrid%20-%20Centro&query_place_id=ChIJhW3juX4oQg0RHhxU7WcE23I,,,2026-03-18,
obrador-san-francisco-madrid-centro,Obrador de San Francisco,Madrid - Centro,Pan y bollería,Pan de masa madre,"Carrera de San Francisco, 14, 28005 Madrid",Panadería artesanal de La Latina con obrador a la vista; elabora pan ecológico con masa madre natural y fermentaciones largas.,L-V 9:00-20:00; S 9:00-14:30,+34 911 29 17 56,,https://obradorsanfrancisco.com/,,,https://www.google.com/maps/search/?api=1&query=Obrador%20de%20San%20Francisco%2C%20Carrera%20de%20San%20Francisco%2C%2014%2C%2028005%20Madrid%2C%20Madrid%20-%20Centro&query_place_id=ChIJ1SyWJtgnQg0R7fIKSEODitg,,,2026-03-18,
panic-madrid,Panic,Madrid - Centro,Pan y bollería,Pan de masa madre,"Calle del Conde Duque, 13, 28015 Madrid","Obrador ecológico de referencia en Madrid, conocido por sus panes de masa madre natural y fermentaciones largas.",Consultar web,,,https://panicmadrid.com,,https://www.instagram.com/panicmadrid/,https://www.google.com/maps/search/?api=1&query=Panic%2C%20Calle%20del%20Conde%20Duque%2C%2013%2C%2028015%20Madrid%2C%20Madrid%20-%20Centro&query_place_id=ChIJM430wmYoQg0RhK2vmJQyc-g,,,2026-05-20,
antigua-pasteleria-del-pozo-madrid,Antigua Pastelería del Pozo,Madrid - Centro,Pastelería y panadería,Hojaldres y roscones,"Calle del Pozo, 8, 28012 Madrid","Pastelería centenaria fundada en 1830, una de las grandes referencias castizas de hojaldres, bartolillos y roscones.",Consultar web,+34 915 22 38 94,antiguapasteleriaelpozo@gmail.com,http://antiguapasteleriadelpozo.com/,,,https://www.google.com/maps/search/?api=1&query=Antigua%20Pasteler%C3%ADa%20del%20Pozo%2C%20Calle%20del%20Pozo%2C%208%2C%2028012%20Madrid%2C%20Madrid%20-%20Centro&query_place_id=ChIJvcCf74AoQg0R02JBZZXRMy8,,,2026-03-18,
el-horno-de-san-onofre-madrid,El Horno de San Onofre,Madrid - Centro,Pastelería y panadería,Dulces madrileños,"Calle de San Onofre, 3, 28004 Madrid","Pastelería madrileña histórica especializada en repostería de calidad y dulces típicos como rosquillas, bartolillos y roscones.",Consultar web,+34 915 22 85 44,info@pasteleriasanonofre.org,https://pasteleriasanonofre.org/,https://www.facebook.com/elhornodesanonofre/,,https://www.google.com/maps/search/?api=1&query=El%20Horno%20de%20San%20Onofre%2C%20Calle%20de%20San%20Onofre%2C%203%2C%2028004%20Madrid%2C%20Madrid%20-%20Centro&query_place_id=ChIJd4C_vYcoQg0RS-qgfhNWymI,,,2026-03-18,
kaicao-centro-lavapies,Kaicao,Madrid - Centro,Chocolate y dulces,"Chocolate bean to bar, Tabletas, Bombones","Calle de las Dos Hermanas, 14, 28012 Madrid","Tienda y fábrica de chocolate en Lavapiés, con elaboración artesanal bean to bar y visitas para conocer el proceso.",Lunes a viernes 10:00-22:00; sábados y domingos 11:00-23:30,91328676543,idotalmor1@gmail.com,https://kaicaochocolate.com/,,,https://www.google.com/maps/search/?api=1&query=Kaicao%2C%20Calle%20de%20las%20Dos%20Hermanas%2C%2014%2C%2028012%20Madrid%2C%20Madrid%20-%20Centro&query_place_id=ChIJ6wrx4EonQg0R25XTFAo7BIo,,,2026-03-18,
sani-sapori-madrid-centro,Sani Sapori,Madrid - Centro,Helados,Helado artesano,"Calle de Lavapiés, 31, 28012 Madrid",Heladería italiana artesana de Lavapiés que elabora a diario sus helados en obrador propio con producto fresco y de temporada.,Consultar web,+34 915 30 89 96,info@sanisapori.es,https://www.sanisapori.es/,https://www.facebook.com/FansSaniSapori/,https://www.instagram.com/sanisapori/,https://www.google.com/maps/search/?api=1&query=Sani%20Sapori%2C%20Calle%20de%20Lavapi%C3%A9s%2C%2031%2C%2028012%20Madrid%2C%20Madrid%20-%20Centro&query_place_id=ChIJ64pYLysmQg0RqApAVpKfMI8,,,2026-03-18,
acid-bakehouse-madrid-centro,Acid Bakehouse,Madrid - Centro,Pan y repostería,Pan de masa madre,"Calle de la Magdalena, 27, 28012 Madrid",Obrador del Barrio de las Letras especializado en pan de masa madre y repostería artesanal de inspiración nórdica.,L-V 8:00-20:00; S-D 9:00-20:00,,,https://acidcafe.es,,https://www.instagram.com/acid.cafe/,https://www.google.com/maps/search/?api=1&query=Acid%20Bakehouse%2C%20Calle%20de%20la%20Magdalena%2C%2027%2C%2028012%20Madrid%2C%20Madrid%20-%20Centro&query_place_id=ChIJR-pgtAUnQg0R49htTrJBKZA,,,2026-05-20,
pum-pum-cafe-centro-lavapies,Pum Pum Café,Madrid - Centro,Pan y repostería,"Panadería, Dulces artesanos, Café de especialidad","Calle de Tribulete, 6, 28012 Madrid","Cafetería-panadería de Lavapiés con panadería propia, dulces artesanos y café de especialidad.",Lunes a viernes 9:00-20:00; sábados y domingos 9:30-19:30,911999854,info@pumpumcafe.com,https://www.pumpumcafe.com/,,,https://www.google.com/maps/search/?api=1&query=Pum%20Pum%20Caf%C3%A9%2C%20Calle%20de%20Tribulete%2C%206%2C%2028012%20Madrid%2C%20Madrid%20-%20Centro&query_place_id=ChIJgZVJWSsmQg0RPpAU2PM5IfU,,,2026-03-18,
bodega-val-azul-chinchon,Bodega Val Azul,Chinchón,Bodega,Vino,"Urbanización Valgrande, 37, 28370 Chinchón, Madrid",Bodega familiar con 9 hectáreas de viñedo ecológico propio plantado alrededor de la bodega.,Con cita previa,+34 616 00 55 65,comercial@valazul.com,https://valazul.com/,https://www.facebook.com/bodegavalazul,https://www.instagram.com/bodegasvalazul/,https://www.google.com/maps/search/?api=1&query=Bodega%20Val%20Azul%2C%20Urbanizaci%C3%B3n%20Valgrande%2C%2037%2C%2028370%20Chinch%C3%B3n%2C%20Madrid%2C%20Chinch%C3%B3n&query_place_id=ChIJLfzF1T4UQg0RrhRUssbrZ3M,40.2005412,-3.4826512,2026-03-15,
bodega-del-nero-chinchon,Bodega del Nero,Chinchón,Bodega,Vino,"C/ Don Ramiro Ortiz de Zárate, 6, 28370 Chinchón, Madrid",Bodega familiar de quinta generación con bodega propia y viñedos propios en la comarca de Chinchón.,,+34 679 49 96 95,info@bodegadelnero.com,https://bodegadelnero.com/,,https://www.instagram.com/bodegadelnero/,https://www.google.com/maps/search/?api=1&query=Bodega%20del%20Nero%2C%20C%2F%20Don%20Ramiro%20Ortiz%20de%20Z%C3%A1rate%2C%206%2C%2028370%20Chinch%C3%B3n%2C%20Madrid%2C%20Chinch%C3%B3n&query_place_id=ChIJyTNTKSsTQg0Ryv-WuOvaa80,40.1388334,-3.4200451,2026-03-15,
la-rosa-amarilla-chinchon,La Rosa Amarilla,Chinchón,Lácteos y quesos,Queso artesano de oveja,"M-404, km 51, 28370 Chinchón, Madrid",Pequeña quesería familiar dedicada al queso puro de oveja con elaboración artesanal.,Consultar,+34 91 893 50 52 / +34 630 14 40 37,quesoslarosaamarilla@gmail.com,https://quesoslarosaamarilla.com/,,https://www.instagram.com/quesoslarosaamarilla/,https://www.google.com/maps/search/?api=1&query=La%20Rosa%20Amarilla%2C%20M-404%2C%20km%2051%2C%2028370%20Chinch%C3%B3n%2C%20Madrid%2C%20Chinch%C3%B3n&query_place_id=ChIJ_1fs67wRQg0Rl8J0DLQcMDw,40.1392263,-3.4271654,2026-03-15,
squirrel-smile,Squirrel Smile,Ciempozuelos,Frutos secos,Frutos secos y snacks,"Ciempozuelos, Madrid","Productor local de frutos secos en Ciempozuelos, incorporado desde directorios de productores de la Comunidad de Madrid.",Consultar web,,info@squirrelsmile.com,https://www.squirrelsmile.com,,,https://www.google.com/maps/search/?api=1&query=Squirrel%20Smile%2C%20Ciempozuelos%2C%20Madrid%2C%20Ciempozuelos&query_place_id=ChIJSYqRTG0bQg0R6-RD9_oZHXI,,,2026-03-18,
marques-de-mendiola-ciempozuelos,Marqués de Mendiola,Ciempozuelos,Lácteos y quesos,Queso de oveja,"Finca Rincón de Collado, Camino Hondo del Soto del Parral, km 2, 28350 Ciempozuelos, Madrid",Explotación agrícola y ganadera con rebaño propio de ovejas y quesería propia.,Consultar / visitas bajo reserva,+34 617 06 71 77 / +34 649 21 25 83,info@marquesdemendiola.com,https://www.marquesdemendiola.com/,https://www.facebook.com/QuesosMarquesDeMendiola,https://www.instagram.com/marquesdemendiola/,https://www.google.com/maps/search/?api=1&query=Marqu%C3%A9s%20de%20Mendiola%2C%20Finca%20Rinc%C3%B3n%20de%20Collado%2C%20Camino%20Hondo%20del%20Soto%20del%20Parral%2C%20km%202%2C%2028350%20Ciempozuelos%2C%20Madrid%2C%20Ciempozuelos&query_place_id=ChIJR2ichtkRQg0RAIJdPaejh3k,40.1603,-3.59149,2026-03-15,
capaz-collado-villalba,Capaz,Collado Villalba,Cerveza artesana,Cerveza artesana,"Calle Calibre, 47, P-29, 28400 Collado Villalba, Madrid",Fábrica de cerveza con proyecto social en Collado Villalba; actividad pública en 2025-2026.,Consultar web,+34 658 28 98 03,,https://www.cervezacapaz.org/,,https://www.instagram.com/cerveza_capaz/,https://www.google.com/maps/search/?api=1&query=Capaz%2C%20Calle%20Calibre%2C%2047%2C%20P-29%2C%2028400%20Collado%20Villalba%2C%20Madrid%2C%20Collado%20Villalba&query_place_id=ChIJQ82czGJ1QQ0R6WH9vkGoyXw,40.6347,-4.0052,2026-03-15,
granja-colmenar,Granja Colmenar,Colmenar Viejo,Carnes,Carne y elaborados,"Colmenar Viejo, Madrid","Productor local de carnes en Colmenar Viejo, incorporado desde directorios de productores de la Comunidad de Madrid.",Consultar web,,granjacolmenar@gmail.com,,,,https://www.google.com/maps/search/?api=1&query=Granja%20Colmenar%2C%20Colmenar%20Viejo%2C%20Madrid%2C%20Colmenar%20Viejo&query_place_id=ChIJt1nJq7l9QQ0R_MWVIQpU8Cw,,,2026-05-20,
sabores-sierra-de-madrid,Sabores Sierra de Madrid,Colmenar Viejo,Carnes,Carne de proximidad,"Colmenar Viejo, Madrid","Productor local de carnes en Colmenar Viejo, incorporado desde directorios de productores de la Comunidad de Madrid.",Consultar web,,info@saboressierrademadrid.com,https://www.saboressierrademadrid.com,,,https://www.google.com/maps/search/?api=1&query=Sabores%20Sierra%20de%20Madrid%2C%20Colmenar%20Viejo%2C%20Madrid%2C%20Colmenar%20Viejo&query_place_id=ChIJxYwOhhF_QQ0Rw6laHZoAsBA,,,2026-03-18,
embrujo-de-la-sierra-colmenar-viejo,Embrujo de la Sierra,Colmenar Viejo,Lácteos y quesos,Queso de oveja,"Calle Matacán, 19, 28770 Colmenar Viejo, Madrid",Proyecto de dos familias ganaderas que transforman la leche de sus ovejas en queso artesano.,,+34 606 37 31 87,,https://demadridatuplato.com/post-de-la-tierra-madrilena-a-tu-plato/te-presentamos-quesos-embrujo-de-la-sierra-125.aspx,https://www.facebook.com/queso.embrujo/,https://www.instagram.com/quesoembrujo/,https://www.google.com/maps/search/?api=1&query=Embrujo%20de%20la%20Sierra%2C%20Calle%20Matac%C3%A1n%2C%2019%2C%2028770%20Colmenar%20Viejo%2C%20Madrid%2C%20Colmenar%20Viejo&query_place_id=ChIJo2YFBfJ7QQ0Rt35YRBpN6rE,40.6643309,-3.7677748,2026-03-15,
la-colmenarena-colmenar-viejo,La Colmenareña,Colmenar Viejo,Lácteos y quesos,"Leche fresca, mantequilla y lácteos","Polígono Industrial Artesano, Parcela 6, 28770 Colmenar Viejo, Madrid",Láctea madrileña que procesa leche procedente exclusivamente de sus granjas para leche fresca y otros lácteos.,L-V 07:00-14:00,+34 91 845 59 90,administracion@lacolmenarena.com,https://lechedelasierra.com/,,https://www.instagram.com/lacolmenarena/,https://www.google.com/maps/search/?api=1&query=La%20Colmenare%C3%B1a%2C%20Pol%C3%ADgono%20Industrial%20Artesano%2C%20Parcela%206%2C%2028770%20Colmenar%20Viejo%2C%20Madrid%2C%20Colmenar%20Viejo&query_place_id=ChIJK-SVvsR9QQ0R8EIqYj3WXpI,40.6629037,-3.7586948,2026-03-15,
la-abeja-gregaria,La Abeja Gregaria,Colmenar Viejo,Miel,Miel local,"Colmenar Viejo, Madrid","Productor local de miel en Colmenar Viejo, incorporado desde directorios de productores de la Comunidad de Madrid.",Consultar web,,jsn911jsn@gmail.com,,,,https://www.google.com/maps/search/?api=1&query=La%20Abeja%20Gregaria%2C%20Colmenar%20Viejo%2C%20Madrid%2C%20Colmenar%20Viejo&query_place_id=ChIJK7GkjkF9QQ0Rri3lXRAx0Lw,,,2026-03-18,
bodegas-jesus-diaz-e-hijos-colmenar-de-oreja,Bodegas Jesús Díaz e Hijos,Colmenar de Oreja,Bodega,Vino,"C. del Convento, 38, 28380 Colmenar de Oreja, Madrid",Bodega familiar centenaria con instalaciones históricas propias y actividad enoturística en Colmenar de Oreja.,,+34 666 43 37 66,,https://bodegasjesusdiazehijos.com/,,https://www.instagram.com/bodegasjesusdiazehijos/,https://www.google.com/maps/search/?api=1&query=Bodegas%20Jes%C3%BAs%20D%C3%ADaz%20e%20Hijos%2C%20C.%20del%20Convento%2C%2038%2C%2028380%20Colmenar%20de%20Oreja%2C%20Madrid%2C%20Colmenar%20de%20Oreja&query_place_id=ChIJxXljOm9tQg0R2Ti_rRggE6U,40.1076809,-3.3934013,2026-03-15,
bodegas-y-vinedos-pedro-garcia-colmenar-de-oreja,Bodegas y Viñedos Pedro García,Colmenar de Oreja,Bodega,Vino,"C/ Soledad, 10, 28380 Colmenar de Oreja, Madrid",Bodega histórica que posee y cultiva más de 50 hectáreas de viñedo propio en Colmenar de Oreja.,"Lunes a viernes, 09:00-14:00",+34 918 94 32 78,byvpedrogarcia@gmail.com,https://byvpedrogarcia.com/,,https://www.instagram.com/byv_pedrogarcia/,https://www.google.com/maps/search/?api=1&query=Bodegas%20y%20Vi%C3%B1edos%20Pedro%20Garc%C3%ADa%2C%20C%2F%20Soledad%2C%2010%2C%2028380%20Colmenar%20de%20Oreja%2C%20Madrid%2C%20Colmenar%20de%20Oreja&query_place_id=ChIJ-5Eux29tQg0Rolx8i2K-f0g,40.1077232,-3.3904958,2026-03-15,
queseria-ciriaco-colmenar-de-oreja,Quesería Ciriaco,Colmenar de Oreja,Lácteos y quesos,Queso de oveja,"Calle del Convento, 8, 28380 Colmenar de Oreja, Madrid",Quesería tradicional de Colmenar de Oreja con elaboración propia de quesos de oveja.,Consultar / visitas,+34 91 894 33 16,,https://madridenoturismo.org/bodegas-y-queserias/queseria-ciriaco/,,https://www.instagram.com/quesociriaco/,https://www.google.com/maps/search/?api=1&query=Queser%C3%ADa%20Ciriaco%2C%20Calle%20del%20Convento%2C%208%2C%2028380%20Colmenar%20de%20Oreja%2C%20Madrid%2C%20Colmenar%20de%20Oreja&query_place_id=ChIJEdRLBcRtQg0RrqNkSGbwH0U,40.1078092,-3.392695,2026-03-15,
garbanzos-juan-felix,Garbanzos Juan Felix,Daganzo,Legumbres,Garbanzos,"Daganzo, Madrid","Productor local de legumbres en Daganzo, incorporado desde directorios de productores de la Comunidad de Madrid.",Consultar web,,juanfberzal@telefonica.net,,,,https://www.google.com/maps/search/?api=1&query=Garbanzos%20Juan%20Felix%2C%20Daganzo%2C%20Madrid%2C%20Daganzo&query_place_id=ChIJI_WW5AA1Qg0RBnC2otOLkG0,,,2026-03-18,
garbanzos-de-daganzo-godin-fernandez,Garbanzos de Daganzo Godín Fernández,Daganzo,Legumbres,Garbanzos,"Daganzo, Madrid","Productor local de legumbres en Daganzo, incorporado desde directorios de productores de la Comunidad de Madrid.",Consultar web,,godinfernandez@gmail.com,,,,https://www.google.com/maps/search/?api=1&query=Garbanzos%20de%20Daganzo%20God%C3%ADn%20Fern%C3%A1ndez%2C%20Daganzo%2C%20Madrid%2C%20Daganzo&query_place_id=ChIJD3Uy7gA1Qg0RJJQFYwjvLJc,,,2026-03-18,
tinta-castiza-el-molar,Tinta Castiza,El Molar,Bodega,Vino,"Fuente del Toro, 20, 28710 El Molar, Madrid",Bodega artesanal con elaboración propia y recuperación de viñedos viejos en la subzona de El Molar.,,+34 616 76 33 53,info@tintacastiza.com,https://www.tintacastiza.com/,https://www.facebook.com/tintacastiza,https://www.instagram.com/tintacastiza/,https://www.google.com/maps/search/?api=1&query=Tinta%20Castiza%2C%20Fuente%20del%20Toro%2C%2020%2C%2028710%20El%20Molar%2C%20Madrid%2C%20El%20Molar&query_place_id=ChIJlZhH7_7PQw0Rz74P457t7eQ,40.7384247,-3.5778459,2026-03-15,
las-abejas-de-emilio,Las Abejas de Emilio,El Vellón,Miel,Miel artesana,"El Vellón, Madrid","Productor local de miel en El Vellón, incorporado desde directorios de productores de la Comunidad de Madrid.",Consultar web,,masreformas21@yahoo.es,https://www.lasabejasdeemilio.com,,,https://www.google.com/maps/search/?api=1&query=Las%20Abejas%20de%20Emilio%2C%20El%20Vell%C3%B3n%2C%20Madrid%2C%20El%20Vell%C3%B3n&query_place_id=ChIJZSNMQwoxQg0RmZSjHej1KlI,,,2026-03-18,
quesos-la-cabezuela-fresnedillas-de-la-oliva,Quesos La Cabezuela,Fresnedillas de la Oliva,Lácteos y quesos,"Queso de cabra, yogur y kéfir","Finca La Cabezuela, s/n, Fresnedillas de la Oliva, Madrid","Quesería familiar ligada a la cabra del Guadarrama, con finca y elaboración propias.",Consultar / venta también en San Lorenzo de El Escorial,+34 91 898 92 79,info@quesoslacabezuela.com,https://quesoslacabezuela.com/,https://www.facebook.com/queserialacabezuela,https://www.instagram.com/quesoslacabezuela/,https://www.google.com/maps/search/?api=1&query=Quesos%20La%20Cabezuela%2C%20Finca%20La%20Cabezuela%2C%20s%2Fn%2C%20Fresnedillas%20de%20la%20Oliva%2C%20Madrid%2C%20Fresnedillas%20de%20la%20Oliva&query_place_id=ChIJiwPZUJymQQ0RIGwazrH-s_Y,40.4972949,-4.2400259,2026-03-15,
econexa-food-s-l,"Econexa Food, S.L.",Fuenlabrada,Huerta,Hortalizas y verduras,"Fuenlabrada, Madrid","Productor local de huerta en Fuenlabrada, incorporado desde directorios de productores de la Comunidad de Madrid.",Consultar web,,d.garcia@econexa.es,https://www.econexa.es,https://www.facebook.com/people/Econexa/61561346768605/,,https://www.google.com/maps/search/?api=1&query=Econexa%20Food%2C%20S.L.%2C%20Fuenlabrada%2C%20Madrid%2C%20Fuenlabrada&query_place_id=ChIJ-w2eSZeKQQ0RCCUiwzznVKw,,,2026-03-18,
verduras-el-guarda,Verduras El Guarda,Fuenlabrada,Huerta,Verduras de proximidad,"Fuenlabrada, Madrid","Productor local de huerta en Fuenlabrada, incorporado desde directorios de productores de la Comunidad de Madrid.",Consultar web,,david.perez.guarda@gmail.com,https://www.verduraselguarda.com,,,https://www.google.com/maps/search/?api=1&query=Verduras%20El%20Guarda%2C%20Fuenlabrada%2C%20Madrid%2C%20Fuenlabrada&query_place_id=ChIJ2TLTrDKNQQ0RARBl6dL__uA,,,2026-03-18,
vermut-zarro,Vermut Zarro,Fuenlabrada,Licores y vermut,Vermut,"Fuenlabrada, Madrid","Productor local de licores y vermut en Fuenlabrada, incorporado desde directorios de productores de la Comunidad de Madrid.",Consultar web,,export@bodegas-sanviver.com,https://www.bodegas-sanviver.com,,,https://www.google.com/maps/search/?api=1&query=Vermut%20Zarro%2C%20Fuenlabrada%2C%20Madrid%2C%20Fuenlabrada&query_place_id=ChIJSz_Xf4uKQQ0RPa0Apn9Ou34,,,2026-03-18,
lacteas-del-jarama-grupo-albe-fuente-el-saz-de-jarama,Lácteas del Jarama (Grupo ALBE),Fuente el Saz de Jarama,Lácteos y quesos,"Mozzarella, queso fresco y yogur","Calle Torrelaguna, 79, 28140 Fuente el Saz de Jarama, Madrid","Fabricante madrileño con instalaciones propias en Fuente el Saz: mozzarella, quesos frescos, yogur y requesón.",,+34 900 25 24 25,info@lacteasdeljarama.com,https://www.grupoalbe50.com/,https://www.facebook.com/AlbeAlimentaTuSalud/,https://www.instagram.com/grupo_albe/,https://www.google.com/maps/search/?api=1&query=L%C3%A1cteas%20del%20Jarama%20%28Grupo%20ALBE%29%2C%20Calle%20Torrelaguna%2C%2079%2C%2028140%20Fuente%20el%20Saz%20de%20Jarama%2C%20Madrid%2C%20Fuente%20el%20Saz%20de%20Jarama&query_place_id=ChIJGf0GDr8nQg0Ru6vZ5Z41NpE,40.6417511,-3.5108391,2026-03-15,
lacteas-don-picon-de-cuenca-fuentiduena-de-tajo,Lácteas Don Picón de Cuenca,Fuentidueña de Tajo,Lácteos y quesos,Queso artesano,"Ctra. N-III, km 62,500, 28597 Fuentidueña de Tajo, Madrid",Empresa familiar con fábrica en Fuentidueña de Tajo y elaboración propia de quesos artesanos.,Consultar,+34 91 872 87 13,info@lacteasdonpicon.com,https://www.lacteasdonpicon.com/,https://www.facebook.com/donpicondecuenca/,https://www.instagram.com/quesosdonpicondecuenca/,https://www.google.com/maps/search/?api=1&query=L%C3%A1cteas%20Don%20Pic%C3%B3n%20de%20Cuenca%2C%20Ctra.%20N-III%2C%20km%2062%2C500%2C%2028597%20Fuentidue%C3%B1a%20de%20Tajo%2C%20Madrid%2C%20Fuentidue%C3%B1a%20de%20Tajo&query_place_id=ChIJVUr8QjxjQg0RfzKe1Mja4zQ,40.120985,-3.1535541,2026-03-15,
the-one-beer-getafe,THE ONE BEER,Getafe,Cerveza artesana,Cerveza artesana,"C. Calidad, 50, 28906 Getafe, Madrid",Cervecera artesana con fábrica propia en Getafe y bar abierto en la propia instalación.,,+34 680 42 96 24,saborea@onebeer.es,https://www.onebeer.es/,,https://www.instagram.com/onebeertds/,https://www.google.com/maps/search/?api=1&query=THE%20ONE%20BEER%2C%20C.%20Calidad%2C%2050%2C%2028906%20Getafe%2C%20Madrid%2C%20Getafe&query_place_id=ChIJqdK1DUMhQg0RE6AY-rn07zg,40.3135958,-3.6860283,2026-03-15,
the-one-getafe,The One,Getafe,Cerveza artesana,Cerveza artesana,"Calle Caridad, 50, 28901 Getafe, Madrid","Cervecera con fábrica propia, visitas, eventos y cocina.",Consultar redes,+34 680 42 96 24,,https://onebeers.es/,,https://www.instagram.com/onebeertds/,https://www.google.com/maps/search/?api=1&query=The%20One%2C%20Calle%20Caridad%2C%2050%2C%2028901%20Getafe%2C%20Madrid%2C%20Getafe&query_place_id=ChIJqdK1DUMhQg0RE6AY-rn07zg,40.309,-3.7329,2026-03-15,
queseria-pena-rubia-guadalix-de-la-sierra,Quesería Peña Rubia,Guadalix de la Sierra,Lácteos y quesos,Queso artesano,"Polígono ganadero de Guadalix de la Sierra, Parcela 1, Carretera M-608 km 11, 28794 Guadalix de la Sierra, Madrid",Quesería artesana con obrador propio en Guadalix de la Sierra.,,+34 686 94 65 84,quesosalber@yahoo.es,https://quesospenarubia.com/,,https://www.instagram.com/quesospenarubia/,https://www.google.com/maps/search/?api=1&query=Queser%C3%ADa%20Pe%C3%B1a%20Rubia%2C%20Pol%C3%ADgono%20ganadero%20de%20Guadalix%20de%20la%20Sierra%2C%20Parcela%201%2C%20Carretera%20M-608%20km%2011%2C%2028794%20Guadalix%20de%20la%20Sierra%2C%20Madrid%2C%20Guadalix%20de%20la%20Sierra&query_place_id=ChIJRSSrbw_ZQw0Ruiir0T2B9RU,40.7609313,-3.7534205,2026-03-15,
ecohorno,Ecohorno,Humanes de Madrid,Pan y repostería,Pan ecológico,"Humanes de Madrid, Madrid","Productor local de pan y repostería en Humanes de Madrid, incorporado desde directorios de productores de la Comunidad de Madrid.",Consultar web,,efuertes@ecohorno.com,https://www.ecohorno.com,,,https://www.google.com/maps/search/?api=1&query=Ecohorno%2C%20Humanes%20de%20Madrid%2C%20Madrid%2C%20Humanes%20de%20Madrid&query_place_id=ChIJk2vA5PCLQQ0RkLZifuq4ueI,,,2026-03-18,
queseria-jardasca-la-hiruela,Quesería Jardasca,La Hiruela,Lácteos y quesos,Queso y yogur de cabra,"Camino del Cementerio, 1, 28191 La Hiruela, Madrid","Proyecto joven de ganadería extensiva y quesería propia, centrado en leche de cabra del Guadarrama.",L-V 09:00-15:00 (aconsejan llamar antes),+34 645 61 26 52,jardascaqueseria@gmail.com,,,https://www.instagram.com/jardasca_queseria/,https://www.google.com/maps/search/?api=1&query=Queser%C3%ADa%20Jardasca%2C%20Camino%20del%20Cementerio%2C%201%2C%2028191%20La%20Hiruela%2C%20Madrid%2C%20La%20Hiruela&query_place_id=ChIJH_-3XwDzQw0RA1aLYy6F-94,41.0759161,-3.4580785,2026-03-15,
amiga-las-rozas,Amiga,Las Rozas de Madrid,Cerveza artesana,Cerveza artesana,"Calle Turín, 13A, 28232 Las Rozas de Madrid, Madrid",Nueva etapa cervecera en la antigua fábrica de Las Rozas; marca activa desde 2025.,Mi-D según redes,,,https://cervezaamiga.es/,,https://www.instagram.com/cervezaamiga/,https://www.google.com/maps/search/?api=1&query=Amiga%2C%20Calle%20Tur%C3%ADn%2C%2013A%2C%2028232%20Las%20Rozas%20de%20Madrid%2C%20Madrid%2C%20Las%20Rozas%20de%20Madrid&query_place_id=ChIJqYwsYACDQQ0Rw9OrJUceZEo,40.4977,-3.8728,2026-03-15,
cervecera-madrilena-las-rozas,Cervecera Madrileña,Las Rozas de Madrid,Cerveza artesana,Cerveza artesana,"Calle Turín, 13A, 28232 Las Rozas de Madrid, Madrid",Empresa que reactivó la antigua fábrica de Las Rozas en 2025 y produce Amiga y MAD91.,Consultar / visitas y catas,,,,,https://www.instagram.com/cervezaamiga/,https://www.google.com/maps/search/?api=1&query=Cervecera%20Madrile%C3%B1a%2C%20Calle%20Tur%C3%ADn%2C%2013A%2C%2028232%20Las%20Rozas%20de%20Madrid%2C%20Madrid%2C%20Las%20Rozas%20de%20Madrid&query_place_id=ChIJqYwsYACDQQ0Rw9OrJUceZEo,40.4977,-3.8728,2026-03-15,
mad91-las-rozas,MAD91,Las Rozas de Madrid,Cerveza artesana,Cerveza artesana,"Calle Turín, 13A, 28232 Las Rozas de Madrid, Madrid","Marca madrileña elaborada en la fábrica de Las Rozas, activa desde 2025 y con beer club propio.",Mi-D 18:00-00:30,,,,,https://www.instagram.com/mad91.beer/,https://www.google.com/maps/search/?api=1&query=MAD91%2C%20Calle%20Tur%C3%ADn%2C%2013A%2C%2028232%20Las%20Rozas%20de%20Madrid%2C%20Madrid%2C%20Las%20Rozas%20de%20Madrid&query_place_id=ChIJqYwsYACDQQ0Rw9OrJUceZEo,40.4977,-3.8728,2026-03-15,
hola-coffee-roastery-madrid,Hola Coffee Roastery,Madrid - Latina,Café,Café de especialidad,"Calle de Sepúlveda, 109, Madrid",Proyecto madrileño de café de especialidad con tostadero propio en la ciudad y academia para baristas.,Consultar web,+34 915 55 97 15,info@hola.coffee,https://hola.coffee/,,,https://www.google.com/maps/search/?api=1&query=Hola%20Coffee%20Roastery%2C%20Calle%20de%20Sep%C3%BAlveda%2C%20109%2C%20Madrid%2C%20Madrid%20-%20Latina&query_place_id=ChIJaRj3GdeJQQ0R1mcNz3flSwE,,,2026-03-18,
arktos-leganes,Arktos Brewing Co.,Leganés,Cerveza artesana,Cerveza artesana,"Calle de Daza Valdés, 7, 28914 Leganés, Madrid","Cervecera madrileña con fábrica propia, asociada a Cerveceras de Madrid y activa en Instagram en 2025-2026.",Consultar web,+34 915 98 67 73,info@arktosbrewing.com,https://arktosbrewing.com/,,https://www.instagram.com/arktosbrewingco/,https://www.google.com/maps/search/?api=1&query=Arktos%20Brewing%20Co.%2C%20Calle%20de%20Daza%20Vald%C3%A9s%2C%207%2C%2028914%20Legan%C3%A9s%2C%20Madrid%2C%20Legan%C3%A9s&query_place_id=ChIJb_iMDnOLQQ0RUcL6MPvMBvA,40.3278,-3.764,2026-03-15,
la-cibeles-leganes,La Cibeles,Leganés,Cerveza artesana,Cerveza artesana,"Avenida del Petróleo, 34, 28917 Leganés, Madrid",Cervecera artesanal histórica de Madrid con fábrica propia en Leganés.,Consultar web,+34 91 672 72 20,info@cervezaslacibeles.com,https://www.cervezaslacibeles.com/,,https://www.instagram.com/cervezaslacibeles/,https://www.google.com/maps/search/?api=1&query=La%20Cibeles%2C%20Avenida%20del%20Petr%C3%B3leo%2C%2034%2C%2028917%20Legan%C3%A9s%2C%20Madrid%2C%20Legan%C3%A9s&query_place_id=ChIJW6GG-kaPQQ0Rf2_ke0MqKt8,40.3518,-3.802,2026-03-15,
madrid-miel-s-l,"Madrid Miel, S.L.",Leganés,Miel,Miel de Madrid,"Leganés, Madrid","Productor local de miel en Leganés, incorporado desde directorios de productores de la Comunidad de Madrid.",Consultar web,,info@madridmiel.com,https://www.madridmiel.com,https://www.facebook.com/Madridmiel/,,https://www.google.com/maps/search/?api=1&query=Madrid%20Miel%2C%20S.L.%2C%20Legan%C3%A9s%2C%20Madrid%2C%20Legan%C3%A9s&query_place_id=ChIJzXd04RKJQQ0REuvCVBh8PPQ,,,2026-03-18,
mermeladas-y-delicias-carmelitanas,Mermeladas y Delicias Carmelitanas,Loeches,Conservas,Mermeladas artesanas,"Loeches, Madrid","Productor local de conservas en Loeches, incorporado desde directorios de productores de la Comunidad de Madrid.",Consultar web,,olga.olivierotero@gmail.com,,,,https://www.google.com/maps/search/?api=1&query=Mermeladas%20y%20Delicias%20Carmelitanas%2C%20Loeches%2C%20Madrid%2C%20Loeches&query_place_id=ChIJYQJifYNHQg0RAQJ-NLakzoY,,,2026-03-18,
supracafe,Supracafé,Móstoles,Café y tostadores,Café de especialidad,"Torres Quevedo, 15-17, Pol. Ind. Prado de Regordoño, 28936 Móstoles","Productor local de café y tostadores en Madrid, incorporado desde directorios de productores de la Comunidad de Madrid.",Consultar web,,ricardo.oteros@supracafe.com,https://www.supracafe.com,https://www.facebook.com/supracafeesp,,https://www.google.com/maps/search/?api=1&query=Supracaf%C3%A9%2C%20Torres%20Quevedo%2C%2015-17%2C%20Pol.%20Ind.%20Prado%20de%20Regordo%C3%B1o%2C%2028936%20M%C3%B3stoles%2C%20M%C3%B3stoles&query_place_id=ChIJgbVavyKMQQ0RvwlUw4HOOVM,,,2026-03-18,
pastafresca,Pastafresca,Madrid - Chamartín,Pasta artesana,Pasta fresca,"Calle del Corazón de María, 74, 28002 Madrid","Productor local de pasta artesana en Madrid, incorporado desde directorios de productores de la Comunidad de Madrid.",Consultar web,,info@pastafrescamadrid.com,https://www.pastafresca.com,https://www.facebook.com/pastafrescadasalvatore/,,https://www.google.com/maps/search/?api=1&query=Pastafresca%2C%20Calle%20del%20Coraz%C3%B3n%20de%20Mar%C3%ADa%2C%2074%2C%2028002%20Madrid%2C%20Madrid%20-%20Chamart%C3%ADn&query_place_id=ChIJC48U6F8oQg0RR2MlLPh0y0Y,,,2026-03-18,
ibericos-jp-marabotto,Ibéricos JP Marabotto,Manzanares el Real,Carnes,Ibéricos y embutidos,"Manzanares el Real, Madrid","Productor local de carnes en Manzanares el Real, incorporado desde directorios de productores de la Comunidad de Madrid.",Consultar web,,ibericos@jpmarabotto.com,https://www.jpmarabotto.com,,,https://www.google.com/maps/search/?api=1&query=Ib%C3%A9ricos%20JP%20Marabotto%2C%20Manzanares%20el%20Real%2C%20Madrid%2C%20Manzanares%20el%20Real&query_place_id=ChIJ0xnj9RYpQg0RNA1ixrmEzOM,,,2026-03-18,
juessa-1987-s-l,"JUESSA - 1987, S.L.",Manzanares el Real,Carnes,Embutidos y carnes,"Manzanares el Real, Madrid","Productor local de carnes en Manzanares el Real, incorporado desde directorios de productores de la Comunidad de Madrid.",Consultar web,,juessa1987@gmail.com,https://www.carnicaslazaro.com,,,https://www.google.com/maps/search/?api=1&query=JUESSA%20-%201987%2C%20S.L.%2C%20Manzanares%20el%20Real%2C%20Madrid%2C%20Manzanares%20el%20Real&query_place_id=ChIJ0-1FbiBjQQ0RKTpiUPgn_1E,,,2026-03-18,
alimentos-de-miraflores-miraflores-de-la-sierra,Alimentos de Miraflores,Miraflores de la Sierra,Lácteos y quesos,Queso artesano,"Ctra. M-608, p.k. 13,5, 28792 Miraflores de la Sierra, Madrid",Quesería artesanal con fábrica propia y tienda en origen; especializada en quesos de cabra y oveja.,Consultar,+34 91 848 05 92,info@alimentosdemiraflores.com,https://www.alimentosdemiraflores.com/,,https://www.instagram.com/alimentosdemiraflores/,https://www.google.com/maps/search/?api=1&query=Alimentos%20de%20Miraflores%2C%20Ctra.%20M-608%2C%20p.k.%2013%2C5%2C%2028792%20Miraflores%20de%20la%20Sierra%2C%20Madrid%2C%20Miraflores%20de%20la%20Sierra&query_place_id=ChIJpzA4RZpiQQ0RNEG8yCVtMMw,40.816167,-3.768708,2026-05-20,
bacterio-brewing-mostoles,Bacterio Brewing,Móstoles,Cerveza artesana,Cerveza artesana,"Calle E, 10, Polígono Industrial Arroyomolinos, 28938 Móstoles, Madrid",Laboratorio cervecero con fábrica propia y visitas/catas.,Consultar web,+34 622 21 87 48,hola@bacterio.es,https://bacterio.es/,https://www.facebook.com/Bacterio-Brewing-Co-108627437316288/,https://www.instagram.com/bacterioco/,https://www.google.com/maps/search/?api=1&query=Bacterio%20Brewing%2C%20Calle%20E%2C%2010%2C%20Pol%C3%ADgono%20Industrial%20Arroyomolinos%2C%2028938%20M%C3%B3stoles%2C%20Madrid%2C%20M%C3%B3stoles&query_place_id=ChIJ5xb7qyONQQ0RV3y7oG6HxIk,40.3116,-3.885,2026-03-15,
los-combos-mostoles,Los Combos,Móstoles,Lácteos y quesos,"Leche fresca, yogur y fermentados","Paseo de Arroyomolinos, s/n, Finca Los Combos, 28938 Móstoles, Madrid","Granja madrileña histórica con elaboración propia de leche fresca, yogur y otros lácteos a partir de su propia leche.",L-V 09:00-17:00,+34 916 47 49 53 / +34 609 62 31 30,hola@loscombos.com,https://loscombos.com/,https://www.facebook.com/megustaloscombos/,https://www.instagram.com/megustaloscombos/,https://www.google.com/maps/search/?api=1&query=Los%20Combos%2C%20Paseo%20de%20Arroyomolinos%2C%20s%2Fn%2C%20Finca%20Los%20Combos%2C%2028938%20M%C3%B3stoles%2C%20Madrid%2C%20M%C3%B3stoles&query_place_id=ChIJqw0XUwCNQQ0Rsybv23zhlbo,40.2783308,-3.9215541,2026-03-15,
bodegas-cuarto-lote-nuevo-baztan,Bodegas Cuarto Lote,Nuevo Baztán,Bodega,Vino,"Travesía José de Churriguera, 1, 28514 Nuevo Baztán, Madrid","Bodega histórica de elaboración, crianza y embotellado con viñedo y producción propia en Nuevo Baztán.",Visitas previa cita,+34 916 49 20 88,,https://bodegacuartolote.com/,https://www.facebook.com/Bodega-Cuarto-Lote-100135621695190,https://www.instagram.com/bodega_cuarto_lote/,https://www.google.com/maps/search/?api=1&query=Bodegas%20Cuarto%20Lote%2C%20Traves%C3%ADa%20Jos%C3%A9%20de%20Churriguera%2C%201%2C%2028514%20Nuevo%20Bazt%C3%A1n%2C%20Madrid%2C%20Nuevo%20Bazt%C3%A1n&query_place_id=ChIJP2E2dklbQg0RDbQMcG4xkzU,40.3690246,-3.2448204,2026-03-15,
la-cabana-blanca,La Cabaña Blanca,Pezuela de las Torres,Miel,Miel local,"Pezuela de las Torres, Madrid","Productor local de miel en Pezuela de las Torres, incorporado desde directorios de productores de la Comunidad de Madrid.",Consultar web,,mielcblanca@gmail.com,,,,https://www.google.com/maps/search/?api=1&query=La%20Caba%C3%B1a%20Blanca%2C%20Pezuela%20de%20las%20Torres%2C%20Madrid%2C%20Pezuela%20de%20las%20Torres&query_place_id=ChIJP8scIXfbQw0RyLHUoNNE9Gg,,,2026-03-18,
quesos-dulcinea-pinto,Quesos Dulcinea,Pinto,Lácteos y quesos,Queso artesano,"Calle Albatros, 25, Polígono Industrial La Estación, 28320 Pinto, Madrid",Quesería artesanal con fábrica propia en Pinto y actividad comercial reciente en 2025-2026.,Consultar,+34 91 691 65 12,gerente@quesosdulcinea.com,https://quesosdulcinea.com/,,https://www.instagram.com/dulcineaquesos/,https://www.google.com/maps/search/?api=1&query=Quesos%20Dulcinea%2C%20Calle%20Albatros%2C%2025%2C%20Pol%C3%ADgono%20Industrial%20La%20Estaci%C3%B3n%2C%2028320%20Pinto%2C%20Madrid%2C%20Pinto&query_place_id=ChIJjURw1GAfQg0RMTEnUb3b1us,40.2515487,-3.7092337,2026-03-15,
los-apisquillos-puebla-de-la-sierra,Los Apisquillos,Puebla de la Sierra,Lácteos y quesos,Queso y yogur de cabra,"Calle Mayor, 50, 28190 Puebla de la Sierra, Madrid",Cooperativa agroforestal de trabajo asociado con rebaño propio y quesería donde elaboran queso de cabra y yogures.,Consultar,+34 91 869 60 04,losapisquillos@hotmail.com,,https://www.facebook.com/losapisquillos/,,https://www.google.com/maps/search/?api=1&query=Los%20Apisquillos%2C%20Calle%20Mayor%2C%2050%2C%2028190%20Puebla%20de%20la%20Sierra%2C%20Madrid%2C%20Puebla%20de%20la%20Sierra&query_place_id=ChIJv73vh-vsQw0Rts6M1FJWpmE,41.0133626,-3.4448373,2026-03-15,
ccvk-madrid,CCVK,Madrid - Puente de Vallecas,Cerveza artesana,Cerveza artesana,"Calle Manuel Laguna, 17, 28018 Madrid",Compañía Cervezas Valle del Kahs; fábrica en Entrevías y tap room en Vallecas.,Consultar web / eventos,+34 629 86 60 19,,https://www.ccvk.beer/,,https://www.instagram.com/cervezasccvk/,https://www.google.com/maps/search/?api=1&query=CCVK%2C%20Calle%20Manuel%20Laguna%2C%2017%2C%2028018%20Madrid%2C%20Madrid%20-%20Puente%20de%20Vallecas&query_place_id=ChIJ2eTZJQAnQg0RDq9wkdgrTwA,40.3818,-3.6713,2026-03-15,
doble-uve-obrador-madrid,Doble Uve Obrador,Madrid - Retiro,Pan y bollería,Roscón artesano,"Calle Antonio Arias, 5, 28009 Madrid","Obrador artesano del distrito de Retiro, premiado por sus elaboraciones de masa madre y su roscón clásico.",Consultar web,,,https://www.esmadrid.com/roscon-reyes,,,https://www.google.com/maps/search/?api=1&query=Doble%20Uve%20Obrador%2C%20Calle%20Antonio%20Arias%2C%205%2C%2028009%20Madrid%2C%20Madrid%20-%20Retiro&query_place_id=ChIJ_5MOSmspQg0R5tFTWMmjCuA,,,2026-03-18,
ecodebio,Ecodebio,Rivas Vaciamadrid,Huerta,Hortalizas y verduras ecológicas,"Rivas Vaciamadrid, Madrid","Productor local de huerta en Rivas Vaciamadrid, incorporado desde directorios de productores de la Comunidad de Madrid.",Consultar web,,ecodebio@gmail.com,https://www.ecodebio.com,,,https://www.google.com/maps/search/?api=1&query=Ecodebio%2C%20Rivas%20Vaciamadrid%2C%20Madrid%2C%20Rivas%20Vaciamadrid&query_place_id=ChIJ41H3ByE7Qg0RQlTUy97jIhk,,,2026-03-18,
biopan,Biopan,Rivas Vaciamadrid,Pan y repostería,Pan y repostería ecológica,"Rivas Vaciamadrid, Madrid","Productor local de pan y repostería en Rivas Vaciamadrid, incorporado desde directorios de productores de la Comunidad de Madrid.",Consultar web,,milaserranov@hotmail.com,https://www.biopanmila.com,,,https://www.google.com/maps/search/?api=1&query=Biopan%2C%20Rivas%20Vaciamadrid%2C%20Madrid%2C%20Rivas%20Vaciamadrid&query_place_id=ChIJoTOGYDM7Qg0RgF_84Q4cZAs,,,2026-03-18,
chula-rivas,Chula,Rivas-Vaciamadrid,Cerveza artesana,Cerveza artesana,"Calle Joaquín Sorolla, 81, 28522 Rivas-Vaciamadrid, Madrid",Cervecera madrileña con fábrica propia en Rivas y actividad reciente en redes.,Consultar web,+34 610 76 85 96,,https://cervezaschula.com/,,https://www.instagram.com/cervezaschula/,https://www.google.com/maps/search/?api=1&query=Chula%2C%20Calle%20Joaqu%C3%ADn%20Sorolla%2C%2081%2C%2028522%20Rivas-Vaciamadrid%2C%20Madrid%2C%20Rivas-Vaciamadrid&query_place_id=ChIJr-XaNYU7Qg0RITACov3eZuU,40.3459,-3.5342,2026-03-15,
la-moderna-apicultura-madrid,La Moderna Apicultura,Madrid - Salamanca,Miel y apicultura,Miel,"Calle Doctor Esquerdo, 47, 28028 Madrid","Comercio y productor histórico ligado a la miel y la apicultura en Madrid, con una amplia gama de mieles y derivados.",Lun-Vie 9:30-14:00 / 16:30-20:00; Sáb 9:30-14:00,+34 915 74 52 40,lamodernaapicultura@gmail.com,https://lamodernaapicultura.es,https://www.facebook.com/lamodernaapicultura,https://www.instagram.com/lamodernaapicultura/,https://www.google.com/maps/search/?api=1&query=La%20Moderna%20Apicultura%2C%20Calle%20Doctor%20Esquerdo%2C%2047%2C%2028028%20Madrid%2C%20Madrid%20-%20Salamanca&query_place_id=ChIJISJePa4oQg0RSGj7m08r8Vs,,,2026-03-18,
panadario-madrid,Panadarío,Madrid - Salamanca,Pan y bollería,Pan artesano,"Calle Alonso Heredia, 25, 28028 Madrid","Panadería artesana fundada por Darío Marcos, conocida por fermentaciones largas y panes de masa madre natural.",Consultar web,+34 912 30 84 33,,https://panadario.es/,https://www.facebook.com/pancasero.panadario,,https://www.google.com/maps/search/?api=1&query=Panadar%C3%ADo%2C%20Calle%20Alonso%20Heredia%2C%2025%2C%2028028%20Madrid%2C%20Madrid%20-%20Salamanca&query_place_id=ChIJQ9v_ecgoQg0R8QmYgQKssNg,,,2026-03-18,
la-canibal-madrid,La Caníbal,Madrid - San Blas-Canillejas,Cerveza artesana,Cerveza artesana,"Calle Julián Camarillo, 19, 28037 Madrid","Cervecera madrileña con fábrica, restaurante y visitas guiadas en el espacio de Julián Camarillo.",Consultar web / visitas guiadas sábados,+34 91 400 23 95,fabrica@lacanibal.com,https://www.lacanibal.com/,https://www.facebook.com/lacanibalvinos,https://www.instagram.com/lacanibal_fabrica/,https://www.google.com/maps/search/?api=1&query=La%20Can%C3%ADbal%2C%20Calle%20Juli%C3%A1n%20Camarillo%2C%2019%2C%2028037%20Madrid%2C%20Madrid%20-%20San%20Blas-Canillejas&query_place_id=ChIJJ08kzLovQg0ReR1RIox778E,40.4391116,-3.6283373,2026-03-15,
el-huerto-de-san-martin,El Huerto de San Martin,San Martín de Valdeiglesias,Aceite,Aceite,"San Martín de Valdeiglesias, Madrid","Productor local de aceite en San Martín de Valdeiglesias, incorporado desde directorios de productores de la Comunidad de Madrid.",Consultar web,,,,,,https://www.google.com/maps/search/?api=1&query=El%20Huerto%20de%20San%20Martin%2C%20San%20Mart%C3%ADn%20de%20Valdeiglesias%2C%20Madrid%2C%20San%20Mart%C3%ADn%20de%20Valdeiglesias&query_place_id=ChIJvdVRWnAXQg0RBrfP0PTZSj0,,,2026-03-18,
bodega-ca-di-mat,Bodega Ca' di Mat,San Martín de Valdeiglesias,Bodega,Vino,"San Martín de Valdeiglesias, Madrid","Productor local de bodega en San Martín de Valdeiglesias, incorporado desde directorios de productores de la Comunidad de Madrid.",Consultar web,,,,,,https://www.google.com/maps/search/?api=1&query=Bodega%20Ca%27%20di%20Mat%2C%20San%20Mart%C3%ADn%20de%20Valdeiglesias%2C%20Madrid%2C%20San%20Mart%C3%ADn%20de%20Valdeiglesias&query_place_id=ChIJ0ebWMiOzQQ0RqHDzgv-isns,,,2026-03-18,
las-moradas-de-san-martin-san-martin-de-valdeiglesias,Las Moradas de San Martín,San Martín de Valdeiglesias,Bodega,Vino,"Pago de los Castillejos, Ctra. M-541, km 4,7, 28680 San Martín de Valdeiglesias, Madrid",Bodega centrada en garnachas y albillos de viñedos viejos propios en la Sierra de Gredos madrileña.,,+34 617 00 75 77 / +34 687 45 72 35,,https://lasmoradasdesanmartin.es/,https://www.facebook.com/Bodega-Las-Moradas-de-San-Mart%C3%ADn-245496378888847/,https://www.instagram.com/lasmoradasdesanmartin/,https://www.google.com/maps/search/?api=1&query=Las%20Moradas%20de%20San%20Mart%C3%ADn%2C%20Pago%20de%20los%20Castillejos%2C%20Ctra.%20M-541%2C%20km%204%2C7%2C%2028680%20San%20Mart%C3%ADn%20de%20Valdeiglesias%2C%20Madrid%2C%20San%20Mart%C3%ADn%20de%20Valdeiglesias&query_place_id=ChIJ0ebWMiOzQQ0RqHDzgv-isns,40.3383787,-4.3804295,2026-03-15,
tierra-calma-san-martin-de-valdeiglesias,Tierra Calma,San Martín de Valdeiglesias,Bodega,Vino,"C. Carpinteros, 2, 28680 San Martín de Valdeiglesias, Madrid",Proyecto familiar con bodega propia y viñas centenarias ecológicas en San Martín de Valdeiglesias.,A partir de las 11:00,+34 609 09 90 24,contacto@tierracalma.com,https://tierracalma.com/,https://www.facebook.com/tierracalma/,https://www.instagram.com/tierra_calma/,https://www.google.com/maps/search/?api=1&query=Tierra%20Calma%2C%20C.%20Carpinteros%2C%202%2C%2028680%20San%20Mart%C3%ADn%20de%20Valdeiglesias%2C%20Madrid%2C%20San%20Mart%C3%ADn%20de%20Valdeiglesias&query_place_id=ChIJ7-fi5RxNQA0RZTl0Xmg6kv8,40.36006,-4.40852,2026-03-15,
valleyglesias-san-martin-de-valdeiglesias,Valleyglesias,San Martín de Valdeiglesias,Bodega,Vino,"28680 San Martín de Valdeiglesias, Madrid",Bodega familiar artesana con viñedos centenarios propios y fuerte actividad enoturística.,,+34 606 84 26 36,,https://valleyglesias.com/,https://www.facebook.com/valleyglesias,https://www.instagram.com/valleyglesias/,https://www.google.com/maps/search/?api=1&query=Valleyglesias%2C%2028680%20San%20Mart%C3%ADn%20de%20Valdeiglesias%2C%20Madrid%2C%20San%20Mart%C3%ADn%20de%20Valdeiglesias&query_place_id=ChIJxf3T0syyQQ0RUmk674QJUMo,40.3503499,-4.4253902,2026-03-15,
jose-carlos-velasco-fernandez,Jose Carlos Velasco Fernández,San Martín de Valdeiglesias,Huerta,Hortalizas de temporada,"San Martín de Valdeiglesias, Madrid","Productor local de huerta en San Martín de Valdeiglesias, incorporado desde directorios de productores de la Comunidad de Madrid.",Consultar web,,josecarlosvelasco@hotmail.es,,,,https://www.google.com/maps/search/?api=1&query=Jose%20Carlos%20Velasco%20Fern%C3%A1ndez%2C%20San%20Mart%C3%ADn%20de%20Valdeiglesias%2C%20Madrid%2C%20San%20Mart%C3%ADn%20de%20Valdeiglesias&query_place_id=ChIJt_dlAb0oQg0R6qU78LOV_xk,,,2026-03-18,
huevos-camperos-el-hortelano,Huevos Camperos El Hortelano,San Martín de Valdeiglesias,Huevos,Huevos camperos,"San Martín de Valdeiglesias, Madrid","Productor local de huevos en San Martín de Valdeiglesias, incorporado desde directorios de productores de la Comunidad de Madrid.",Consultar web,,rosemarybuitrago1@gmail.com,https://www.el-hortelano.com,,,https://www.google.com/maps/search/?api=1&query=Huevos%20Camperos%20El%20Hortelano%2C%20San%20Mart%C3%ADn%20de%20Valdeiglesias%2C%20Madrid%2C%20San%20Mart%C3%ADn%20de%20Valdeiglesias&query_place_id=ChIJMXij-JNNQA0RsqTETjYTVu8,,,2026-03-18,
frutos-secos-rincon,Frutos Secos Rincón,San Martín de la Vega,Frutos secos,Frutos secos,"San Martín de la Vega, Madrid","Productor local de frutos secos en San Martín de la Vega, incorporado desde directorios de productores de la Comunidad de Madrid.",Consultar web,,frutossecosrincon@gmail.com,,,,https://www.google.com/maps/search/?api=1&query=Frutos%20Secos%20Rinc%C3%B3n%2C%20San%20Mart%C3%ADn%20de%20la%20Vega%2C%20Madrid%2C%20San%20Mart%C3%ADn%20de%20la%20Vega&query_place_id=ChIJuZnQLF4oQg0Rl3FWAYrZno4,,,2026-03-18,
el-huertecito,El Huertecito,San Martín de la Vega,Huerta,Hortalizas de temporada,"San Martín de la Vega, Madrid","Productor local de huerta en San Martín de la Vega, incorporado desde directorios de productores de la Comunidad de Madrid.",Consultar web,,el_huertecito@hotmail.com,,,,https://www.google.com/maps/search/?api=1&query=El%20Huertecito%2C%20San%20Mart%C3%ADn%20de%20la%20Vega%2C%20Madrid%2C%20San%20Mart%C3%ADn%20de%20la%20Vega&query_place_id=ChIJvdVRWnAXQg0RBrfP0PTZSj0,,,2026-03-18,
vega-de-san-martin-san-martin-de-la-vega,Vega de San Martín,San Martín de la Vega,Lácteos y quesos,Queso de cabra,"Carretera comarcal M-506, p.k. 41,5, 28330 San Martín de la Vega, Madrid","Quesería de 5ª generación agrícola y ganadera, con leche de cabra de ganadería propia.",Consultar,+34 91 745 01 34,info@vegadesanmartin.es,https://vegadesanmartin.es/,https://www.facebook.com/vegadesanmartin/,https://www.instagram.com/vegadesanmartin/,https://www.google.com/maps/search/?api=1&query=Vega%20de%20San%20Mart%C3%ADn%2C%20Carretera%20comarcal%20M-506%2C%20p.k.%2041%2C5%2C%2028330%20San%20Mart%C3%ADn%20de%20la%20Vega%2C%20Madrid%2C%20San%20Mart%C3%ADn%20de%20la%20Vega&query_place_id=ChIJ2Ufql3gXQg0RnKHcyZCU23g,40.2103049,-3.5787384,2026-03-15,
finca-monjarama,Finca Monjarama,San Sebastián de los Reyes,Huerta,Fresas ecológicas,"San Sebastián de los Reyes, Madrid","Productor local de huerta en San Sebastián de los Reyes, incorporado desde directorios de productores de la Comunidad de Madrid.",Consultar web,,fresaecologica@gmail.com,,,,https://www.google.com/maps/search/?api=1&query=Finca%20Monjarama%2C%20San%20Sebasti%C3%A1n%20de%20los%20Reyes%2C%20Madrid%2C%20San%20Sebasti%C3%A1n%20de%20los%20Reyes&query_place_id=ChIJAe2Wit4tQg0RF0kMQlIT0CY,,,2026-03-18,
ganaderia-alicia-tabernero,Ganadería Alicia Tabernero,Santa María de la Alameda,Carnes,Ternera de la Sierra de Guadarrama,"Santa María de la Alameda, Madrid","Productor local de carnes en Santa María de la Alameda, incorporado desde directorios de productores de la Comunidad de Madrid.",Consultar web,,alicia-tabernero-g@hotmail.com,https://aliciatabernero.com,,,https://www.google.com/maps/search/?api=1&query=Ganader%C3%ADa%20Alicia%20Tabernero%2C%20Santa%20Mar%C3%ADa%20de%20la%20Alameda%2C%20Madrid%2C%20Santa%20Mar%C3%ADa%20de%20la%20Alameda&query_place_id=ChIJ44WQ1XNxQQ0RDAnxIRphFRk,,,2026-03-18,
la-abeja-viajera,La Abeja Viajera,Soto del Real,Miel,Miel artesana,"Soto del Real, Madrid","Productor local de miel en Soto del Real, incorporado desde directorios de productores de la Comunidad de Madrid.",Consultar web,,laabejaviajera@gmail.com,https://www.laabejaviajera.com,https://www.facebook.com/pages/La-Abeja-Viajera-SL/139203332807144,,https://www.google.com/maps/search/?api=1&query=La%20Abeja%20Viajera%2C%20Soto%20del%20Real%2C%20Madrid%2C%20Soto%20del%20Real&query_place_id=ChIJYczbq-RiQQ0Rqm_NP51sWt4,,,2026-03-18,
la-tahona-de-talamanca,La Tahona de Talamanca,Talamanca de Jarama,Miel,Miel y panadería,"Talamanca de Jarama, Madrid","Productor local de miel en Talamanca de Jarama, incorporado desde directorios de productores de la Comunidad de Madrid.",Consultar web,,latahonadetalamanca@gmail.com,,,,https://www.google.com/maps/search/?api=1&query=La%20Tahona%20de%20Talamanca%2C%20Talamanca%20de%20Jarama%2C%20Madrid%2C%20Talamanca%20de%20Jarama&query_place_id=ChIJte6xrPfFQw0RTePv8ULW1Bs,,,2026-03-18,
madreamiga-madrid,Madreamiga,Madrid - Tetuán,Pan y bollería,Pan artesano,"Calle Teruel, 26, 28020 Madrid",Obrador madrileño reconocido por su pan de fermentación lenta y materias primas ecológicas.,Consultar web,+34 672 48 76 57,hola@madreamiga.com,https://www.madreamiga.com/,https://www.facebook.com/madreamigabakery,,https://www.google.com/maps/search/?api=1&query=Madreamiga%2C%20Calle%20Teruel%2C%2026%2C%2028020%20Madrid%2C%20Madrid%20-%20Tetu%C3%A1n&query_place_id=ChIJO2fnpv8oQg0Rm7bIavwkMLI,,,2026-03-18,
joint-brewing-torrejon,Joint Brewing,Torrejón de Ardoz,Cerveza artesana,Cerveza artesana,"Calle Verano, 32, 28850 Torrejón de Ardoz, Madrid",Cervecera artesanal con fábrica y tap room en Torrejón; actividad pública reciente y lanzamientos en Instagram.,Consultar redes / eventos,+34 690 16 51 00,,https://www.jointbrewing.com/,,https://www.instagram.com/jointbrewing/,https://www.google.com/maps/search/?api=1&query=Joint%20Brewing%2C%20Calle%20Verano%2C%2032%2C%2028850%20Torrej%C3%B3n%20de%20Ardoz%2C%20Madrid%2C%20Torrej%C3%B3n%20de%20Ardoz&query_place_id=ChIJ2VgELpI3Qg0Ry2P1Q5th_Mw,40.455,-3.4795,2026-03-15,
la-pastora-del-guadarrama-torrelaguna,La Pastora del Guadarrama,Torrelaguna,Lácteos y quesos,Leche de cabra y quesos,"Ctra. El Vellón-Torrelaguna M-129, km 11,800, 28180 Torrelaguna, Madrid","Granja de cabras murciano-granadinas con quesería propia y elaboración de leche, kéfir y quesos.",Consultar,+34 659 43 72 72,lapastoradeguadarrama@yahoo.es,,,https://www.instagram.com/lapastoradeguadarrama_/,https://www.google.com/maps/search/?api=1&query=Ctra.%20El%20Vell%C3%B3n-Torrelaguna%20M-129%2C%20km%2011%2C800%2C%2028180%20Torrelaguna%2C%20Madrid%2C%20Torrelaguna&query_place_id=EidNLTEyOSwgMjgxODAgVG9ycmVsYWd1bmEsIE1hZHJpZCwgU3BhaW4iLiosChQKEgkrr1vXVMVDDREYtQGhSiymuBIUChIJtVMA-GLDQw0RsLWLM_dAAxw,40.8275222,-3.5395265,2026-03-15,
artbread-panaderia-martin,Artbread-Panadería Martin,Torrelaguna,Pan y repostería,Pan artesano,"Torrelaguna, Madrid","Productor local de pan y repostería en Torrelaguna, incorporado desde directorios de productores de la Comunidad de Madrid.",Consultar web,,carlos.nogal@artbread.es,,,,https://www.google.com/maps/search/?api=1&query=Artbread-Panader%C3%ADa%20Martin%2C%20Torrelaguna%2C%20Madrid%2C%20Torrelaguna&query_place_id=ChIJnRdPBoHDQw0RpAbtY54oiNo,,,2026-05-20,
vino-de-arren,Vino de ARRÉN,Torremocha de Jarama,Aceite y vino,"Aceite, vino","Torremocha de Jarama, Madrid","Productor local de aceite y vino en Torremocha de Jarama, incorporado desde directorios de productores de la Comunidad de Madrid.",Consultar web,,,,,,https://www.google.com/maps/search/?api=1&query=Vino%20de%20ARR%C3%89N%2C%20Torremocha%20de%20Jarama%2C%20Madrid%2C%20Torremocha%20de%20Jarama&query_place_id=ChIJo8ZOu-jBQw0R0L-J3jP_z_Y,,,2026-03-18,
tomate-la-huerta,Tómate la Huerta,Torremocha de Jarama,Huerta,Tomate y huerta de temporada,"Torremocha de Jarama, Madrid","Productor local de huerta en Torremocha de Jarama, incorporado desde directorios de productores de la Comunidad de Madrid.",Consultar web,,tomatelahuerta@gmail.com,https://www.tomatelahuerta.com,,,https://www.google.com/maps/search/?api=1&query=T%C3%B3mate%20la%20Huerta%2C%20Torremocha%20de%20Jarama%2C%20Madrid%2C%20Torremocha%20de%20Jarama&query_place_id=ChIJiyIGXF_BQw0RZlazOZ21c2I,,,2026-03-18,
queseria-jaramera-torremocha-de-jarama,Quesería Jaramera,Torremocha de Jarama,Lácteos y quesos,Queso artesano,"Polígono Artesanal de Torrearte, C/ Torrearte 2-10, 28189 Torremocha de Jarama, Madrid","Quesería artesana con obrador propio en la Sierra Norte, especializada en quesos de oveja.",,+34 644 73 21 61,,https://www.queseriajaramera.com/,https://www.facebook.com/QJaramera/,https://www.instagram.com/qjaramera/,https://www.google.com/maps/search/?api=1&query=Queser%C3%ADa%20Jaramera%2C%20Pol%C3%ADgono%20Artesanal%20de%20Torrearte%2C%20C%2F%20Torrearte%202-10%2C%2028189%20Torremocha%20de%20Jarama%2C%20Madrid%2C%20Torremocha%20de%20Jarama&query_place_id=ChIJ13pfv1jBQw0RwT7tfAfTsas,40.8389,-3.4989898,2026-03-15,
la-abeja-meli,La Abeja Meli,Torremocha de Jarama,Miel,Miel ecológica,"Torremocha de Jarama, Madrid","Productor local de miel en Torremocha de Jarama, incorporado desde directorios de productores de la Comunidad de Madrid.",Consultar web,,laabejameli@hotmail.com,,,,https://www.google.com/maps/search/?api=1&query=La%20Abeja%20Meli%2C%20Torremocha%20de%20Jarama%2C%20Madrid%2C%20Torremocha%20de%20Jarama&query_place_id=ChIJcWLec5fBQw0RkELNZm0_a_k,,,2026-03-18,
confiteria-holguera,Confitería Holguera,Tres Cantos,Pan y repostería,Repostería artesanal,"Tres Cantos, Madrid","Productor local de pan y repostería en Tres Cantos, incorporado desde directorios de productores de la Comunidad de Madrid.",Consultar web,,rubenhl9@gmail.com,https://www.confiteriaholguera.com,,,https://www.google.com/maps/search/?api=1&query=Confiter%C3%ADa%20Holguera%2C%20Tres%20Cantos%2C%20Madrid%2C%20Tres%20Cantos&query_place_id=ChIJG51UjszVQw0Runcl4asue3E,,,2026-03-18,
bodegas-pablo-morate-valdelaguna,Bodegas Pablo Morate,Valdelaguna,Bodega,Vino,"Av. Generalísimo, 30, 28391 Valdelaguna, Madrid","Bodega familiar histórica con museo del vino, elaboración propia y actividad reciente en web e Instagram.",L-S 09:00-14:00 y 16:00-19:00 | D y festivos 10:00-14:00,+34 918 93 71 72 / +34 639 67 31 70,bodegasmorate@bodegasmorate.com,https://www.bodegasmorate.com/,,https://www.instagram.com/bodegaspablomorate/,https://www.google.com/maps/search/?api=1&query=Bodegas%20Pablo%20Morate%2C%20Av.%20General%C3%ADsimo%2C%2030%2C%2028391%20Valdelaguna%2C%20Madrid%2C%20Valdelaguna&query_place_id=ChIJXaLvnmhsQg0R_RfqcKmwHRA,40.1615958,-3.3693937,2026-03-15,
vermut-zecchini,Vermut Zecchini,Valdemoro,Licores y vermut,Vermut de grifo,"Valdemoro, Madrid","Productor local de licores y vermut en Valdemoro, incorporado desde directorios de productores de la Comunidad de Madrid.",Consultar web,,zecchini@vermutzecchini.com,https://www.vermutdebarril.com,,,https://www.google.com/maps/search/?api=1&query=Vermut%20Zecchini%2C%20Valdemoro%2C%20Madrid%2C%20Valdemoro&query_place_id=ChIJtVHHT80YOQ0RM6fnUbrNY0I,,,2026-03-18,
vina-bardela-venturada,Viña Bardela,Venturada,Bodega,Vino,"Calle de las Eras, 28729 Venturada, Madrid",Bodega familiar fundada en 1934 con 25 hectáreas de viñedos propios en la Sierra Norte de Madrid.,S-D 09:30-14:30,+34 619 02 34 51,,https://www.xn--viabardela-u9a.es/,,https://www.instagram.com/bodegas_vina_bardela/,https://www.google.com/maps/search/?api=1&query=Vi%C3%B1a%20Bardela%2C%20Calle%20de%20las%20Eras%2C%2028729%20Venturada%2C%20Madrid%2C%20Venturada&query_place_id=ChIJ3-I_VwrbQw0RT3dfM76Kfes,40.7981887,-3.6201138,2026-03-15,
bodegas-mario-sampedro,Bodegas Mario Sampedro,Villa del Prado,Bodega,Vino,"Villa del Prado, Madrid","Productor local de bodega en Villa del Prado, incorporado desde directorios de productores de la Comunidad de Madrid.",Consultar web,,info@bodegasiguin.com,,,,https://www.google.com/maps/search/?api=1&query=Bodegas%20Mario%20Sampedro%2C%20Villa%20del%20Prado%2C%20Madrid%2C%20Villa%20del%20Prado&query_place_id=ChIJMY7Tf4-2QQ0RS6CwD2bfIkY,,,2026-03-18,
vinos-de-la-poveda-villa-del-prado,Vinos de la Poveda,Villa del Prado,Bodega,Vino,"C. Méntrida, 20, 28630 Villa del Prado, Madrid","Bodega de Villa del Prado con instalaciones propias, vinos D.O. Madrid y actividad reciente en Instagram.",L-V 09:00-14:00 y 15:00-18:00 | S-D 09:00-14:00,+34 918 62 00 68 / +34 619 92 85 76,comercial@vinosdelapoveda.com,https://vinosdelapoveda.com/,https://www.facebook.com/bodegavirgendelapoveda/,https://www.instagram.com/vinosdelapoveda/,https://www.google.com/maps/search/?api=1&query=Vinos%20de%20la%20Poveda%2C%20C.%20M%C3%A9ntrida%2C%2020%2C%2028630%20Villa%20del%20Prado%2C%20Madrid%2C%20Villa%20del%20Prado&query_place_id=ChIJif-Zxou2QQ0RY0HCnGAzkHI,40.273458,-4.299019,2026-03-15,
vinos-y-aceites-cided,Vinos y Aceites CIDED,Villa del Prado,Bodega,"Vino, aceite","Villa del Prado, Madrid","Productor local de bodega en Villa del Prado, incorporado desde directorios de productores de la Comunidad de Madrid.",Consultar web,,,,,,https://www.google.com/maps/search/?api=1&query=Vinos%20y%20Aceites%20CIDED%2C%20Villa%20del%20Prado%2C%20Madrid%2C%20Villa%20del%20Prado&query_place_id=ChIJif-Zxou2QQ0RY0HCnGAzkHI,,,2026-03-18,
oleum-laguna,ÓLEUM LAGUNA,Villaconejos,Aceite,Aceite virgen extra ecológico,"Villaconejos, Madrid","Productor local de aceite en Villaconejos, incorporado desde directorios de productores de la Comunidad de Madrid.",Consultar web,,pedrolaguna1@gmail.com,https://www.oleumlaguna.com,,,https://www.google.com/maps/search/?api=1&query=%C3%93LEUM%20LAGUNA%2C%20Villaconejos%2C%20Madrid%2C%20Villaconejos&query_place_id=ChIJ5TNl8gMSQg0RGKra9ziJwbI,,,2026-03-18,
vinos-laguna-villaconejos,Vinos Laguna,Villaconejos,Bodega,Vino,"C/ Illescas, 5, 28360 Villaconejos, Madrid","Productor con bodega propia y tradición agrícola centenaria, activo en vino y aceite desde Villaconejos.","Lunes a sábado, 08:00-14:00 y 15:00-19:00",+34 918 93 81 96,,https://www.lagunamadrid.com/,,https://www.instagram.com/vinos_y_aceites_laguna/,https://www.google.com/maps/search/?api=1&query=Vinos%20Laguna%2C%20C%2F%20Illescas%2C%205%2C%2028360%20Villaconejos%2C%20Madrid%2C%20Villaconejos&query_place_id=ChIJsf_ATQ4SQg0Ru-Y5h__zTvE,40.1014072,-3.4872883,2026-03-15,
patatas-fritas-marisa-s-a,Patatas Fritas Marisa S.A.,Villanueva del Pardillo,Snacks artesanos,Patatas fritas,"Villanueva del Pardillo, Madrid","Productor local de snacks artesanos en Villanueva del Pardillo, incorporado desde directorios de productores de la Comunidad de Madrid.",Consultar web,,mrodriguez@patatasmarisa.com,https://www.patatasmarisa.com,https://www.facebook.com/patatasmarisa,,https://www.google.com/maps/search/?api=1&query=Patatas%20Fritas%20Marisa%20S.A.%2C%20Villanueva%20del%20Pardillo%2C%20Madrid%2C%20Villanueva%20del%20Pardillo&query_place_id=ChIJa4VmgXGcQQ0RLbGBx-0T4Qg,,,2026-03-18,
recespana,RECESPAÑA,Villarejo de Salvanés,Aceite,Aceite de Madrid,"Villarejo de Salvanés, Madrid","Productor local de aceite en Villarejo de Salvanés, incorporado desde directorios de productores de la Comunidad de Madrid.",Consultar web,,administracion@reces.es,https://www.reces.es,https://www.facebook.com/recespana/,,https://www.google.com/maps/search/?api=1&query=RECESPA%C3%91A%2C%20Villarejo%20de%20Salvan%C3%A9s%2C%20Madrid%2C%20Villarejo%20de%20Salvan%C3%A9s&query_place_id=ChIJPfl_8jlvQg0RgvJjBr7WDog,,,2026-03-18,
bodega-san-andres,Bodega San Andres,Villarejo de Salvanés,Bodega,Vino,"Villarejo de Salvanés, Madrid","Productor local de bodega en Villarejo de Salvanés, incorporado desde directorios de productores de la Comunidad de Madrid.",Consultar web,,info@reces.es,https://www.reces.es,https://www.facebook.com/recespana/,,https://www.google.com/maps/search/?api=1&query=Bodega%20San%20Andres%2C%20Villarejo%20de%20Salvan%C3%A9s%2C%20Madrid%2C%20Villarejo%20de%20Salvan%C3%A9s&query_place_id=ChIJ3zRqwzlvQg0RDqZw18yBMMc,,,2026-03-18,
vinos-jeromin-villarejo-de-salvanes,Vinos Jeromín,Villarejo de Salvanés,Bodega,Vino,"Av. Juan Carlos I Rey de España, 4, 28590 Villarejo de Salvanés, Madrid",Bodega con más de 50 hectáreas de viñedo propio y fuerte presencia comercial y enoturística.,,+34 918 74 20 30,,https://www.vinosjeromin.es/,https://www.facebook.com/BodegaVinosJeromin/,https://www.instagram.com/vinosjeromin_oficial/,https://www.google.com/maps/search/?api=1&query=Vinos%20Jerom%C3%ADn%2C%20Av.%20Juan%20Carlos%20I%20Rey%20de%20Espa%C3%B1a%2C%204%2C%2028590%20Villarejo%20de%20Salvan%C3%A9s%2C%20Madrid%2C%20Villarejo%20de%20Salvan%C3%A9s&query_place_id=ChIJt-_8wEZvQg0RmI3BzyRgcgk,40.1729878,-3.2916967,2026-03-15,
granjas-villarreal,Granjas Villarreal,Meco,Huevos,Huevos camperos,"Camino de los Olivos de Abajo s/n, 28880 Meco, Madrid",Granja avícola con recría propia y centro de clasificación integrado en la propia granja.,Consultar web,+34 918 87 73 65,info@granjasvillarreal.es,https://www.granjasvillarreal.es,https://www.facebook.com/www.granjasvillarreal.es/,https://www.instagram.com/granjasvillarreal/,https://www.google.com/maps/search/?api=1&query=Granjas%20Villarreal%2C%20Camino%20de%20los%20Olivos%20de%20Abajo%20s%2Fn%2C%2028880%20Meco%2C%20Madrid%2C%20Meco&query_place_id=ChIJZQGLlVApQg0RsawWGIUX6ME,40.5401928,-3.2983875,2026-03-18,
quesos-helechal,Quesos Helechal,Torremocha del Jarama,Lácteos y quesos,Queso fresco de vaca y cabra,"Polígono Artesanal Torrearte, 2 Nave 1, 28189 Torremocha del Jarama, Madrid",Quesería artesanal que elabora a diario queso fresco con leche recién ordeñada de ganaderías de la zona.,Consultar web,656 56 17 42,,,,https://www.instagram.com/quesoshelechal/,https://www.google.com/maps/search/?api=1&query=Quesos%20Helechal%2C%20Pol%C3%ADgono%20Artesanal%20Torrearte%2C%202%20Nave%201%2C%2028189%20Torremocha%20del%20Jarama%2C%20Madrid%2C%20Torremocha%20del%20Jarama&query_place_id=ChIJazEjwFjBQw0R6vOHI1uNBp4,40.838905,-3.498985,2026-03-18,
horno-de-lozoya,Horno de Lozoya,Lozoya,Pan y repostería,Pan ecológico y pastelería artesana,"C. Corralones, 11, 28742 Lozoya, Madrid",Obrador ecológico de panadería y pastelería con recetas propias y producción artesanal.,Consultar web,692 26 40 89,,https://www.hornolozoya.es,,,https://www.google.com/maps/search/?api=1&query=Horno%20de%20Lozoya%2C%20C.%20Corralones%2C%2011%2C%2028742%20Lozoya%2C%20Madrid%2C%20Lozoya&query_place_id=ChIJvQZrc-ReQQ0RXxrXIFxWyXQ,40.9507547,-3.7899392,2026-03-18,
eco-horno-bio,Eco Horno Bio,Humanes de Madrid,Pan y repostería,Pan ecológico de masa madre y repostería,"Av. de Fuenlabrada, 59, 28970 Humanes de Madrid, Madrid","Obrador ecológico familiar de panadería, repostería y bollería integral con masa madre.",Consultar web,606 41 72 71,efuertes@ecohorno.com,https://www.ecohorno.com,,https://www.instagram.com/ecohornobio/,https://www.google.com/maps/search/?api=1&query=Eco%20Horno%20Bio%2C%20Av.%20de%20Fuenlabrada%2C%2059%2C%2028970%20Humanes%20de%20Madrid%2C%20Madrid%2C%20Humanes%20de%20Madrid&query_place_id=ChIJk2vA5PCLQQ0RkLZifuq4ueI,40.268616929,-3.811707009,2026-03-18,
panirest,Panirest,Móstoles,Pan y bollería,Pan artesanal y bollería,"C. Saturno, 4, 28936 Móstoles, Madrid",Fabricante de panes y bollería con elaboración artesanal para hostelería y alimentación.,Consultar web,91 648 03 95,comercial@panirest.es,https://www.panirest.es,,https://www.instagram.com/panirest/,https://www.google.com/maps/search/?api=1&query=Panirest%2C%20C.%20Saturno%2C%204%2C%2028936%20M%C3%B3stoles%2C%20Madrid%2C%20M%C3%B3stoles&query_place_id=ChIJAz6dzGqMQQ0R6r4u6uhl2Ks,40.3083041,-3.8437931,2026-03-18,
cafes-guilis,Cafés Guilis,Alcorcón,Café y tostadores,Café tostado artesanalmente,"C. Aeronáutica, 8, 28923 Alcorcón, Madrid",Tostador madrileño con tueste propio y actividad actual en hostelería y retail.,Consultar web,,,https://cafesguilis.com,,https://www.instagram.com/cafesguilis/,https://www.google.com/maps/search/?api=1&query=Caf%C3%A9s%20Guilis%2C%20C.%20Aeron%C3%A1utica%2C%208%2C%2028923%20Alcorc%C3%B3n%2C%20Madrid%2C%20Alcorc%C3%B3n&query_place_id=ChIJNdrk9lCJQQ0R6KKE_oOxbD4,40.3353357,-3.8166292,2026-03-18,
cafes-puerto-rico,Cafés Puerto Rico,Alcorcón,Café y tostadores,Café tostado artesanalmente,"C. Campo Santo, 14, 28922 Alcorcón, Madrid",Fábrica de torrefacción con tueste artesanal y blend propio para hostelería.,Consultar web,916 19 03 09,,https://cafespuertorico.es/,https://www.facebook.com/cafespuertorico,https://www.instagram.com/cafespuertorico/,https://www.google.com/maps/search/?api=1&query=Caf%C3%A9s%20Puerto%20Rico%2C%20C.%20Campo%20Santo%2C%2014%2C%2028922%20Alcorc%C3%B3n%2C%20Madrid%2C%20Alcorc%C3%B3n&query_place_id=ChIJs3b-bcyOQQ0RojoUAwWJnCg,40.353294,-3.828362,2026-03-18,
cafes-1808,Cafés 1808,Móstoles,Café y tostadores,Café superior de tueste natural,"C. Fragua, 6, 28933 Móstoles, Madrid","Tostadora con más de 35 años de experiencia, molienda diaria y tueste 100% natural.",Consultar web,916 186 013,cafes1808@cafes1808.com,https://www.cafes1808.com/,https://www.facebook.com/cafes.1808,https://www.instagram.com/cafes.1808/,https://www.google.com/maps/search/?api=1&query=Caf%C3%A9s%201808%2C%20C.%20Fragua%2C%206%2C%2028933%20M%C3%B3stoles%2C%20Madrid%2C%20M%C3%B3stoles&query_place_id=ChIJg8VwfYmOQQ0RTP_ckut7dec,40.34132,-3.862983,2026-03-18,
cafes-otero,Cafés Otero,Móstoles,Café y tostadores,Café tostado artesanalmente,"C. Puerto de Cotos, 6, Polígono Industrial Las Nieves, 28935 Móstoles, Madrid",Tostador histórico con tueste artesanal y suministro a hostelería.,Consultar web,,info@cafesotero.com,https://www.cafesotero.com/,https://www.facebook.com/cafesotero/,https://www.instagram.com/cafesotero/,https://www.google.com/maps/search/?api=1&query=Caf%C3%A9s%20Otero%2C%20C.%20Puerto%20de%20Cotos%2C%206%2C%20Pol%C3%ADgono%20Industrial%20Las%20Nieves%2C%2028935%20M%C3%B3stoles%2C%20Madrid%2C%20M%C3%B3stoles&query_place_id=ChIJCWC0XFyOQQ0RtviHyJYUPzY,40.349502,-3.873629,2026-03-18,
carne-de-la-finca,Carne de La Finca,Colmenar del Arroyo,Carnes,Carne de vacuno premium,"Carretera de Robledo, Km 1,800, 28213 Colmenar del Arroyo, Madrid",Ganadería y centro de producción de vacuno propio de La Finca Jiménez Barbero.,Consultar web,+34 910 609 988,info@encarnagroup.com,https://carnedelafinca.com/,,https://www.instagram.com/carnedelafinca/,https://www.google.com/maps/search/?api=1&query=Carne%20de%20La%20Finca%2C%20Carretera%20de%20Robledo%2C%20Km%201%2C800%2C%2028213%20Colmenar%20del%20Arroyo%2C%20Madrid%2C%20Colmenar%20del%20Arroyo&query_place_id=ChIJLwieLwulQQ0Rcjf3689tf78,40.4307353,-4.2108335,2026-03-18,
grupo-avimosa,Grupo Avimosa,Moraleja de Enmedio,Carnes,Carne de ave,"Camino de Batres, s/n, 28950 Moraleja de Enmedio, Madrid","Productor avícola con matadero y sala de despiece propios, activo y con presencia local consolidada.",Consultar web,91 609 40 04,avimosa@grupoavimosa.com,https://www.grupoavimosa.com/,https://www.facebook.com/grupoavimosa/,https://www.instagram.com/grupoavimosa/,https://www.google.com/maps/search/?api=1&query=Grupo%20Avimosa%2C%20Camino%20de%20Batres%2C%20s%2Fn%2C%2028950%20Moraleja%20de%20Enmedio%2C%20Madrid%2C%20Moraleja%20de%20Enmedio&query_place_id=ChIJE3IJKZiNQQ0RIBQXNPV1_9g,40.2543999,-3.8737085,2026-03-18,
embutidos-velilla,Embutidos Velilla,Arganda del Rey,Carnes,Embutidos y cocidos sin gluten ni lactosa,"C. Ávila, 2, Polígono Industrial San Roque, 28500 Arganda del Rey, Madrid","Fábrica propia de productos cárnicos, cocidos, ahumados y adobados con elaboración propia.",Consultar web,,,https://embutidosvelilla.com/,,,https://www.google.com/maps/search/?api=1&query=Embutidos%20Velilla%2C%20C.%20%C3%81vila%2C%202%2C%20Pol%C3%ADgono%20Industrial%20San%20Roque%2C%2028500%20Arganda%20del%20Rey%2C%20Madrid%2C%20Arganda%20del%20Rey&query_place_id=ChIJ1_y5kQI_Qg0RJrS2nJrYF-I,40.306523,-3.459055,2026-03-18,
pan-delirio,Pan.Delirio,Madrid,Pastelería y panadería,Pan de masa madre y pastelería artesanal,"C. San Cesáreo, 25, 28021 Madrid",Obrador madrileño con elaboración artesanal de pan y pastelería con fermentaciones lentas.,Consultar web,,,https://www.pandelirio.es/,https://www.facebook.com/pandelirio/,https://www.instagram.com/pandelirio/,https://www.google.com/maps/search/?api=1&query=Pan.Delirio%2C%20C.%20San%20Ces%C3%A1reo%2C%2025%2C%2028021%20Madrid%2C%20Madrid&query_place_id=ChIJGzi1g34pQg0RjQ2o9lp_i28,40.337619,-3.705427,2026-03-18,
industrias-carnicas-vitulia,Industrias Cárnicas Vitulia,Humanes de Madrid,Carnes,Embutidos y elaborados cárnicos,"C. Castellón, 7A, Polígono Industrial Valdonaire, 28970 Humanes de Madrid, Madrid",Industria cárnica con instalaciones propias para elaborados y embutidos en Humanes de Madrid.,Consultar web,916 064 138,,https://embutidosvitulia.com/,,https://www.instagram.com/vituliacarnica/,https://www.google.com/maps/search/?api=1&query=Industrias%20C%C3%A1rnicas%20Vitulia%2C%20C.%20Castell%C3%B3n%2C%207A%2C%20Pol%C3%ADgono%20Industrial%20Valdonaire%2C%2028970%20Humanes%20de%20Madrid%2C%20Madrid%2C%20Humanes%20de%20Madrid&query_place_id=ChIJMai0R2WLQQ0R1cVhi-xS44c,40.275964,-3.816171,2026-03-18,
industrias-carnicas-fernandez,Industrias Cárnicas Fernández,Fuenlabrada,Carnes,Despiece de cerdo y elaborados cocidos,"C. Cañada de Recueros, 13, Pol. Ind. La Albarreja, 28946 Fuenlabrada, Madrid",Empresa familiar con sala de despiece propia y elaboración artesanal de cocidos y embutidos.,L-V de 6:00 a 14:00,+34 639 13 13 44,info@incarfer.com,https://incarfer.com/,https://www.facebook.com/incarfer/,https://www.instagram.com/incarfer_/,https://www.google.com/maps/search/?api=1&query=Industrias%20C%C3%A1rnicas%20Fern%C3%A1ndez%2C%20C.%20Ca%C3%B1ada%20de%20Recueros%2C%2013%2C%20Pol.%20Ind.%20La%20Albarreja%2C%2028946%20Fuenlabrada%2C%20Madrid%2C%20Fuenlabrada&query_place_id=ChIJVZt6JfOKQQ0RaqpU66wBl9E,40.281494,-3.764559,2026-03-18,
hermanos-garcia-miguel,Hermanos García Miguel,Fuenlabrada,Carnes,Embutidos y fiambres,"C. Laguna, 16, 28942 Fuenlabrada, Madrid",Fábrica de embutidos y fiambres con producción propia en Fuenlabrada.,Consultar web,916 07 00 71,,https://www.hermanosgarciamiguel.es/,,https://www.instagram.com/hnosgarciamiguel/,https://www.google.com/maps/search/?api=1&query=Hermanos%20Garc%C3%ADa%20Miguel%2C%20C.%20Laguna%2C%2016%2C%2028942%20Fuenlabrada%2C%20Madrid%2C%20Fuenlabrada&query_place_id=ChIJd-yN54SLQQ0RXeM-y5AqW04,40.294089,-3.816058,2026-03-18,
cero-coffee-roasters,Cero Coffee Roasters,Madrid,Café y tostadores,Café de especialidad tostado propio,"C. de Alcántara, 16, 28006 Madrid",Tostador de café de especialidad con tueste propio y actividad vigente en 2026.,Consultar web,914 21 48 10,info@cerocoffeeroasters.com,https://www.cerocoffeeroasters.com/,,https://www.instagram.com/cero.coffee.roasters/,https://www.google.com/maps/search/?api=1&query=Cero%20Coffee%20Roasters%2C%20C.%20de%20Alc%C3%A1ntara%2C%2016%2C%2028006%20Madrid%2C%20Madrid&query_place_id=ChIJExvsXbooQg0RawOo58ZOU4U,40.4269147,-3.6737892,2026-03-18,
alarcopan,Alarcopan,Humanes de Madrid,Pastelería y panadería,"Bollería diaria, pan y churros","C. Madrid, 30, 28970 Humanes de Madrid, Madrid",Panadería y pastelería con obrador propio y elaboración diaria artesanal.,L-V 06:00-14:00; S-D 07:00-14:00,916 04 03 90,,,,https://www.instagram.com/alarcopan/,https://www.google.com/maps/search/?api=1&query=Alarcopan%2C%20C.%20Madrid%2C%2030%2C%2028970%20Humanes%20de%20Madrid%2C%20Madrid%2C%20Humanes%20de%20Madrid&query_place_id=ChIJy6sVSamMQQ0R5VoVN_3C4IY,40.251769,-3.829583,2026-03-18,
pasteleria-jerico,Pastelería Jericó,Humanes de Madrid,Pastelería y panadería,Pastelería artesana y roscones,"C. del Olivo, 2, 28970 Humanes de Madrid, Madrid",Pastelería de elaboración artesana con horno propio en Humanes de Madrid.,Consultar web,916 04 99 54,pasteleriajerico@gmail.com,,https://www.facebook.com/pasteleriajerico/,https://www.instagram.com/pasteleriajerico/,https://www.google.com/maps/search/?api=1&query=Pasteler%C3%ADa%20Jeric%C3%B3%2C%20C.%20del%20Olivo%2C%202%2C%2028970%20Humanes%20de%20Madrid%2C%20Madrid%2C%20Humanes%20de%20Madrid&query_place_id=ChIJSZ8GIqmMQQ0Rkhc6b7Jc9SA,40.252969,-3.829179,2026-03-18,
pasteleria-panaderia-guinea,Pastelería-Panadería Guinéa,Talamanca del Jarama,Pastelería y panadería,"Panadería, pastelería y cafetería","C. Uceda, 2, 28160 Talamanca del Jarama, Madrid",Pastelería-panadería con obrador propio y actividad reciente verificada en 2026.,Consultar Instagram,641 40 40 54,,,https://www.facebook.com/p/Pasteler%C3%ADa-Panader%C3%ADa-Guin%C3%A9a-100063840711687/,https://www.instagram.com/pasteleriaguinea_talamanca/,https://www.google.com/maps/search/?api=1&query=Pasteler%C3%ADa-Panader%C3%ADa%20Guin%C3%A9a%2C%20C.%20Uceda%2C%202%2C%2028160%20Talamanca%20del%20Jarama%2C%20Madrid%2C%20Talamanca%20del%20Jarama&query_place_id=ChIJJ61xZqjFQw0RVFGU05gbBhY,40.745495,-3.513425,2026-03-18,
aceitunas-gonzalez-s-l-campo-real,Aceitunas González S.L.,Campo Real,Aceitunas y encurtidos,Aceitunas de Campo Real,"C. de las Eras Bajas, 2, 28510 Campo Real, Madrid","Productor local de aceitunas y encurtidos en la Comunidad de Madrid, incorporado desde la ficha oficial M Producto Certificado.",Consultar web,918 733 066 / 608 500 320,aceitunas@aceitunasgonzalez.es,http://www.aceitunasgonzalez.es,https://www.facebook.com/aceitunas.gonzalez.3,https://www.instagram.com/aceitunasgonzalez_camporeal/,https://www.google.com/maps/search/?api=1&query=Aceitunas%20Gonz%C3%A1lez%20S.L.%2C%20C.%20de%20las%20Eras%20Bajas%2C%202%2C%2028510%20Campo%20Real%2C%20Madrid&query_place_id=ChIJgYqsVtVAQg0RBwZyP2YrNKM,40.3408824,-3.3794101,2026-05-06,/productores/madrid/aceitunas-gonzalez-s-l-campo-real.webp
aceitunas-hijos-de-segundo-gonzalez-s-l-campo-real,Aceitunas Hijos de Segundo González S.L.,Campo Real,Aceitunas y encurtidos,Aceitunas de Campo Real,"C. de las Cuevas, 1, 28510 Campo Real, Madrid","Productor local de aceitunas y encurtidos en la Comunidad de Madrid, incorporado desde la ficha oficial M Producto Certificado.",Consultar web,918 733 156 / 686 357 643,basiliaguerra@gmail.com,http://www.aceitunashsg.com,,,https://www.google.com/maps/search/?api=1&query=Aceitunas%20Hijos%20de%20Segundo%20Gonz%C3%A1lez%20S.L.%2C%20C.%20de%20las%20Cuevas%2C%201%2C%2028510%20Campo%20Real%2C%20Madrid&query_place_id=ChIJh9qNgtNAQg0RJxB-uNx3UWQ,40.33847919999999,-3.3848803,2026-05-06,/productores/madrid/aceitunas-hijos-de-segundo-gonzalez-s-l-campo-real.webp
bernabeleva-s-l-san-martin-de-valdeiglesias,Bernabeleva S.L.,San Martín de Valdeiglesias,Bodega,Vinos de Madrid,"Partida el Tablazo, 1, 28680 Madrid","Productor local de bodega en la Comunidad de Madrid, incorporado desde la ficha oficial M Producto Certificado.",Consultar web,+34 915 091 909,bodega@bernabeleva.com,http://www.bernabeleva.com,,,https://www.google.com/maps/search/?api=1&query=Bernabeleva%20S.L.%2C%20Partida%20el%20Tablazo%2C%201%2C%2028680%20Madrid&query_place_id=ChIJu23Q0AxNQA0ROdacH-hycAo,40.36645,-4.43143,2026-05-06,/productores/madrid/bernabeleva-s-l-san-martin-de-valdeiglesias.webp
bodega-ecologica-luis-saavedra-s-l-cenicientos,Bodega Ecológica Luis Saavedra S.L.,Cenicientos,Bodega,Vinos ecológicos,"Tr.ª de la Carretera de Escalona, 5, 28650 Cenicientos, Madrid","Productor local de bodega en la Comunidad de Madrid, incorporado desde la ficha oficial M Producto Certificado.",Consultar web,+34 916 893 400,info@bodegasaavedra.com,http://www.bodegasaavedra.com,,,https://www.google.com/maps/search/?api=1&query=Bodega%20Ecol%C3%B3gica%20Luis%20Saavedra%20S.L.%2C%20Tr.%C2%AA%20de%20la%20Carretera%20de%20Escalona%2C%205%2C%2028650%20Cenicientos%2C%20Madrid&query_place_id=ChIJ_____4-2QQ0RNqpqskc0nFU,40.2614773,-4.4714999,2026-05-06,/productores/madrid/bodega-ecologica-luis-saavedra-s-l-cenicientos.webp
bodega-familia-cardena-s-l-navalcarnero,Bodega Familia Cardeña S.L.,Navas del Rey,Bodega,Vinos de Madrid,"P.º del Castillo de Enrique IV, 1, 28695 Navas del Rey, Madrid","Productor local de bodega en la Comunidad de Madrid, incorporado desde la ficha oficial M Producto Certificado.",Consultar web,918 111 632 / 661 718 824,jaimegomez@vinosypureza.com,https://vinosypureza.com,https://www.facebook.com/people/BODEGA-FAMILIA-CARDEA/100054204893780/,,https://www.google.com/maps/search/?api=1&query=Bodega%20Familia%20Carde%C3%B1a%20S.L.%2C%20P.%C2%BA%20del%20Castillo%20de%20Enrique%20IV%2C%201%2C%2028695%20Navas%20del%20Rey%2C%20Madrid&query_place_id=ChIJVVUV7RqwQQ0R92uJcLDKd5g,40.3854568,-4.245432,2026-05-20,/productores/madrid/bodega-familia-cardena-s-l-navalcarnero.webp
bodega-vegaluna-s-l-chinchon,Bodega Vegaluna S.L.,Chinchón,Bodega,Vinos de Chinchón,"C. de la Sociedad de Cosecheros, 1, 28370 Chinchón, Madrid","Productor local de bodega en la Comunidad de Madrid, incorporado desde la ficha oficial M Producto Certificado.",Consultar web,918 940 230,info@bodegavegaluna.com,,,https://www.instagram.com/bodegavegaluna/,https://www.google.com/maps/search/?api=1&query=Bodega%20Vegaluna%20S.L.%2C%20C.%20de%20la%20Sociedad%20de%20Cosecheros%2C%201%2C%2028370%20Chinch%C3%B3n%2C%20Madrid&query_place_id=ChIJDW-qX2BtQg0RJW4-vaVKfmE,40.1379226,-3.418338,2026-05-06,
bodegas-andres-diaz-s-l-navalcarnero,Bodegas Andrés Díaz S.L.,Navalcarnero,Bodega,Vinos de Navalcarnero,"C. Palencia, 32, 28600 Navalcarnero, Madrid","Productor local de bodega en la Comunidad de Madrid, incorporado desde la ficha oficial M Producto Certificado.",Consultar web,+34 918 111 391,info@bodegasandresdiaz.com,http://www.bodegasandresdiaz.com,,https://www.instagram.com/bodegasandresdiaz/,https://www.google.com/maps/search/?api=1&query=Bodegas%20Andr%C3%A9s%20D%C3%ADaz%20S.L.%2C%20C.%20Palencia%2C%2032%2C%2028600%20Navalcarnero%2C%20Madrid&query_place_id=ChIJm-DgwkKUQQ0RsnNNW9yU5mM,40.2917155,-4.0100488,2026-05-06,/productores/madrid/bodegas-andres-diaz-s-l-navalcarnero.webp
bodegas-munoz-martin-navalcarnero,Bodegas Muñoz Martín,Navalcarnero,Bodega,Vinos de Navalcarnero,"C. de la Iglesia, 4, 28600 Navalcarnero, Madrid","Productor local de bodega en la Comunidad de Madrid, incorporado desde la ficha oficial M Producto Certificado.",Consultar web,+34 918 110 524,info@bodegasmunozmartin.com,http://www.bodegasmunozmartin.com,https://www.facebook.com/bodegas.munozmartin,https://www.instagram.com/bodegasmunozmartin/,https://www.google.com/maps/search/?api=1&query=Bodegas%20Mu%C3%B1oz%20Mart%C3%ADn%2C%20C.%20de%20la%20Iglesia%2C%204%2C%2028600%20Navalcarnero%2C%20Madrid&query_place_id=ChIJ34kFBVuUQQ0RgkKTjT2484c,40.2883746,-4.0152812,2026-05-06,/productores/madrid/bodegas-munoz-martin-navalcarnero.webp
bodegas-tagonius-s-l-tielmes,Bodegas Tagonius S.L.,Tielmes,Bodega,Vinos Señorío de Tajuña,"Carretera Tielmes a Carabaña, Km 4,400, 28550 Tielmes, Madrid","Productor local de bodega en la Comunidad de Madrid, incorporado desde la ficha oficial M Producto Certificado.",Consultar web,+34 918 737 505,info@tagonius.com,http://www.bodegastagonius.com,https://www.facebook.com/Bodegas-Tagonius-1750980654923206/,https://www.instagram.com/bodegas_tagonius/,https://www.google.com/maps/search/?api=1&query=Bodegas%20Tagonius%20S.L.%2C%20Carretera%20Tielmes%20a%20Caraba%C3%B1a%2C%20Km%204%2C400%2C%2028550%20Tielmes%2C%20Madrid&query_place_id=ChIJHd72-sVpQg0ROd88XmKL-BM,40.2477014,-3.3006947,2026-05-06,/productores/madrid/bodegas-tagonius-s-l-tielmes.webp
cafes-camuy-s-a-parla,Cafés Camuy S.A.,Parla,Café y tostadores,Café molido y café en grano,"C. Veguillas, 11, 28864 Ajalvir, Madrid","Productor local de café y tostadores en la Comunidad de Madrid, incorporado desde la ficha oficial M Producto Certificado.",Consultar web,+34 916 011 115/6,info@cafescamuy.com,http://www.cafescamuy.com,https://www.facebook.com/pages/CAMUY-Espresso/236092819882514,,https://www.google.com/maps/search/?api=1&query=Caf%C3%A9s%20Camuy%20S.A.%2C%20C.%20Veguillas%2C%2011%2C%2028864%20Ajalvir%2C%20Madrid&query_place_id=ChIJkdcNsjghQg0RNibaaorORGc,40.5088698,-3.4811036,2026-05-06,/productores/madrid/cafes-camuy-s-a-parla.webp
casa-santona-s-l-guadarrama,Casa Santoña S.L.,Guadarrama,Conservas,"Anchoas, gildas y conservas","C. de la Hierbabuena, 3, 28440 Guadarrama, Madrid","Productor local de conservas en la Comunidad de Madrid, incorporado desde la ficha oficial M Producto Certificado.",Consultar web,+34 918 553 534,info@casasantona.com,http://www.casasantona.com/cs/,https://www.facebook.com/casa.santona.1/,,https://www.google.com/maps/search/?api=1&query=Casa%20Santo%C3%B1a%20S.L.%2C%20C.%20de%20la%20Hierbabuena%2C%203%2C%2028440%20Guadarrama%2C%20Madrid&query_place_id=ChIJm1rTSMUNQQ0REMGEMJuw_hM,40.663171,-4.078015199999999,2026-05-06,/productores/madrid/casa-santona-s-l-guadarrama.webp
miel-el-bardal-de-braojos-braojos,Miel el Bardal de Braojos,Braojos,Miel,Miel multifloral,"C. del Viento, 6, 28737 Braojos de la Sierra, Madrid","Productor local de miel en la Comunidad de Madrid, incorporado desde la ficha oficial M Producto Certificado.",Consultar web,+34 618 633 518,contacto@mielelbardal.com,http://www.mielelbardal.com,,https://www.instagram.com/mielelbardaldebraojos/,https://www.google.com/maps/search/?api=1&query=Miel%20el%20Bardal%20de%20Braojos%2C%20C.%20del%20Viento%2C%206%2C%2028737%20Braojos%20de%20la%20Sierra%2C%20Madrid&query_place_id=ChIJFcaxFZXkQw0RqyivuXKijpQ,41.0410517,-3.643414,2026-05-06,/productores/madrid/miel-el-bardal-de-braojos-braojos.webp
miel-san-galindo-mejorada-del-campo,Miel San Galindo,Mejorada del Campo,Miel,"Miel, polen y jalea","es un domicilio concertar cita por teléfono, C. Mayor, 7, 28840 Mejorada del Campo, Madrid","Productor local de miel en la Comunidad de Madrid, incorporado desde la ficha oficial M Producto Certificado.",Consultar web,916 727 058 / 677 277 530,mielsangalindo@hotmail.com,,,,https://www.google.com/maps/search/?api=1&query=Miel%20San%20Galindo%2C%20es%20un%20domicilio%20concertar%20cita%20por%20tel%C3%A9fono%2C%20C.%20Mayor%2C%207%2C%2028840%20Mejorada%20del%20Campo%2C%20Madrid&query_place_id=ChIJ24jQK385Qg0RZfO36UBcWKM,40.3970946,-3.4871194,2026-05-06,/productores/madrid/miel-san-galindo-mejorada-del-campo.webp
sat-1680-almazara-santiago-apostol-villa-del-prado,SAT 1680 Almazara Santiago Apóstol,Villa del Prado,Aceite,Aceite de oliva virgen extra,"C. Méntrida, 18, 28630 Villa del Prado, Madrid","Productor local de aceite en la Comunidad de Madrid, incorporado desde la ficha oficial M Producto Certificado.",Consultar web,618 540 100,almazarasantiagoapostol@gmail.com,http://www.aceitesoromadrid.com,https://www.facebook.com/aceitesoromadrid/,https://www.instagram.com/aceitesoromadrid/,https://www.google.com/maps/search/?api=1&query=SAT%201680%20Almazara%20Santiago%20Ap%C3%B3stol%2C%20C.%20M%C3%A9ntrida%2C%2018%2C%2028630%20Villa%20del%20Prado%2C%20Madrid&query_place_id=ChIJp89AFga3QQ0R-ThQ8tV9bR8,40.2734301,-4.300508,2026-05-06,/productores/madrid/sat-1680-almazara-santiago-apostol-villa-del-prado.webp
suerte-ampanera-c-b-colmenar-viejo,Suerte Ampanera C.B.,Colmenar Viejo,Lácteos y quesos,Quesos ecológicos de cabra,"Nave 3-B, Av. de los Reyes, 3, 28770 Colmenar Viejo, Madrid","Productor local de lácteos y quesos en la Comunidad de Madrid, incorporado desde la ficha oficial M Producto Certificado.",Consultar web,+34 918 459 059,info@suerteampanera.com,http://www.suerteampanera.com,https://www.facebook.com/suerte.ampanera.3,https://www.instagram.com/suerteampanera/,https://www.google.com/maps/search/?api=1&query=Suerte%20Ampanera%20C.B.%2C%20Nave%203-B%2C%20Av.%20de%20los%20Reyes%2C%203%2C%2028770%20Colmenar%20Viejo%2C%20Madrid&query_place_id=ChIJo2YFBfJ7QQ0Rt35YRBpN6rE,40.6554411,-3.7541999,2026-05-06,/productores/madrid/suerte-ampanera-c-b-colmenar-viejo.webp
verduras-curro-s-l-villa-del-prado,Verduras Curro S.L.,Villa del Prado,Huerta,"Cebolletas, apio y verduras frescas","Carr. de los Hortelanos, 0 S/N, 28630 Villa del Prado, Madrid","Productor local de huerta en la Comunidad de Madrid, incorporado desde la ficha oficial M Producto Certificado.",Consultar web,+34 918 620 531,pilar@vcurro.com,http://www.vcurro.com,https://www.facebook.com/pages/Verduras-Curro/438831299524570,,https://www.google.com/maps/search/?api=1&query=Verduras%20Curro%20S.L.%2C%20Carr.%20de%20los%20Hortelanos%2C%200%20S%2FN%2C%2028630%20Villa%20del%20Prado%2C%20Madrid&query_place_id=ChIJtyQkJYy2QQ0R7FYlVEYsaeo,40.2788505,-4.2980117,2026-05-06,/productores/madrid/verduras-curro-s-l-villa-del-prado.webp
virgen-de-la-oliva-soc-coop-mad-valdilecha,Virgen de la Oliva Soc. Coop. Mad.,Valdilecha,Aceite,Aceite de oliva virgen y virgen extra,"C. Cañada, 2, 28511 Valdilecha, Madrid","Productor local de aceite en la Comunidad de Madrid, incorporado desde la ficha oficial M Producto Certificado.",Consultar web,625 583 307,almazaravaldilecha@hotmail.com,,,,https://www.google.com/maps/search/?api=1&query=Virgen%20de%20la%20Oliva%20Soc.%20Coop.%20Mad.%2C%20C.%20Ca%C3%B1ada%2C%202%2C%2028511%20Valdilecha%2C%20Madrid&query_place_id=ChIJizCtg1ZCQg0R_ev9V4IMNlc,40.2973461,-3.3010903,2026-05-06,/productores/madrid/virgen-de-la-oliva-soc-coop-mad-valdilecha.webp
