slug,nombre,municipio,categoria,productos estrella,direccion,descripcion,horario,telefono,correo,web,Facebook,Instagram,Google Maps,lat,lon,imagen,verificacion,Venta online
oleogourmet-ataquines,Oleogourmet,Ataquines,Aceite,- AOVE Doce+uno AOVE Sietecerros,"Carr. de la Estación, s/n, 47210 Ataquines, Valladolid","Es un aceite de oliva virgen extra producido en un clima extremo, donde las oscilaciones térmicas diarias superan los 20ªC, con mínimas invernales que pueden bajar de los -10ªC y máximas en verano que pueden superar los 40ªC. Esto provoca que nuestra producción de aceitunas de variedad ARBEQUINA sea limitada. Como contrapartida, obtenemos un aceite con unos frutados muy aromáticos y con un porcentaje de ácidos grasos saludables superiores a la media de su variedad.",Consultar web o venta directa,606 138 503,,https://www.oleogourmet.com,,,https://www.google.com/maps/search/?api=1&query=Oleogourmet%2C%20Carr.%20de%20la%20Estaci%C3%B3n%2C%20s%2Fn%2C%2047210%20Ataquines%2C%20Valladolid&query_place_id=ChIJhe7PJlxLRw0RjWz3HltLcTM,41.1816454,-4.800577,,pendiente,no comprobado
abro-biotec-laguna-de-duero,ABRO BIOTEC,Laguna de Duero,Aceite,"-Extracto polifenólico ""Vineterra Ecológico""","C. Miguel de Cervantes, 1, 47140 Laguna de Duero, Valladolid","Abrobiotec es una empresa vallisoletana que nace en el año 2007 que se dedica a la industria biotecnológica, desarrollando y comercializando nuevos extractos fitoterapéuticos gracias a la obtención de uvas de máxima calidad procedentes de las más de 500 hectáreas de viñedo propio. Desarrolla principios activos para la industria cosmética, farmacéutica y nutracéutica basados en compuestos de la uva antioxidantes.",Consultar web o venta directa,983683315,marguelles@matarromera.es,https://www.abrobiotec.com,,,https://www.google.com/maps/search/?api=1&query=ABRO%20BIOTEC%2C%20C.%20Miguel%20de%20Cervantes%2C%201%2C%2047140%20Laguna%20de%20Duero%2C%20Valladolid&query_place_id=ChIJ-1cZdKwURw0RDT5BKxjatZ0,41.5791099,-4.7238757,,pendiente,no comprobado
oligueva-renedo-de-esgueva,OLIGUEVA,Renedo de Esgueva,Aceite,OLIGUEVA aceite de oliva virgen extra,"Calle de Sta Isabel, 19, 47170 Renedo de Esgueva, Valladolid","La idea se da forma en Villarmentero de Esgueva, cuando me pongo en contacto con mi amigo Chuchi, y le comento la idea que me ocupa en estos tiempos, que no es otra que la de crear una plantación de olivos, a pequeña escala, y elaborar un aceite que lleve marcada la identidad de este valle donde nacimos, para vestir una zona emblemática como es La Arboleda con algo que, todavía más, honre su nombre. Preliminarmente realizamos muchos estudios, cuyas conclusiones nos reafirmaron que la variedad Arbequina por la que apostamos, se adapta perfectamente al clima del valle ya que, en los últimos doce años, los inviernos son cada vez más suaves. Sin más, nos ponemos a buscar terreno y a dar forma a esta idea. La filosofía que surge de este pensamiento es la de que “queremos seguir en esta tierra”, y tenemos que emprender nuevas iniciativas para poder quedarnos y seguir luchando por ella. Si tuviera que definir Oligueva, diré sin miedo a equivocarme que es un sueño hecho realidad.",Consultar web o venta directa,635 409 718,oligueva@oligueva.com,https://www.oligueva.com,,,https://www.google.com/maps/search/?api=1&query=OLIGUEVA%2C%20Calle%20de%20Sta%20Isabel%2C%2019%2C%2047170%20Renedo%20de%20Esgueva%2C%20Valladolid&query_place_id=ChIJqaJPzO4RRw0RKcmOO4-zxTI,41.6543863,-4.6297488,,pendiente,no comprobado
sin-alcohol-valbuena-de-duero,SIN ALCOHOL,Valbuena de Duero,Bodega,"VINOS ""TRANQUILOS SIN ALCOHOL” VINOS ""FRIZZANTES SIN ALCOHOL""","Carretera San Bernardo, s/n, 47359 Valbuena de Duero, Valladolid","Sin Alcohol S.L. elabora y comercializa desde el año 2008 bebida a base de vino sin alcohol tras años de investigación a través de diferentes proyectos de I+D+i en colaboración con diferentes organismos y administraciones públicas. Un producto totalmente novedoso en el mercado nacional e internacional, procedente de las mejores uvas del área del Duero a través de un proceso de deconstrucción que separa alcohol, aromas y otros componentes para después reconstruirlos eliminando el alcohol denominado Columna de Conos Rotatorios. Una bebida que mantiene unas condiciones organolépticas muy similares a las del vino con alcohol conservando la práctica totalidad de aromas, color y sabor del vino tradicional. Una demanda cada vez mayor tanto en España como en el resto de países hacia un consumo responsable y comprometido con la salud y el cuidado de la dieta.",Consultar web o venta directa,983 683 315,marguelles@matarromera.es,https://www.win-zero.com,,,https://www.google.com/maps/search/?api=1&query=SIN%20ALCOHOL%2C%20VP-3012%2C%2047359%2C%20Valladolid&query_place_id=ChIJ7SunYCTlRg0R4Z_UutjzXWA,41.6401193,-4.2578636,,pendiente,no comprobado
vinas-murillo-alcazaren,VIÑAS MURILLO,Alcazarén,Bodega,Vino,"N-601, 47238 Alcazarén, Valladolid","Productor local de bodega en Alcazarén, incorporado al catálogo provincial de Valladolid y revisado con Google Maps.",Consultar web o venta directa,652 05 41 77,administracion@vinasmurillo.es,https://www.chapirete.es/,,,https://www.google.com/maps/search/?api=1&query=VI%C3%91AS%20MURILLO%2C%20N-601%2C%2047238%20Alcazar%C3%A9n%2C%20Valladolid&query_place_id=ChIJuUIxPpk5Rw0RIKcbl5rKcLQ,41.3756118,-4.6825157,,pendiente,no comprobado
bodesgueva-amusquillo,BODESGUEVA,Amusquillo,Bodega,-VINO TINTO ESGUEVA,"Calle Concejo, 8, 47177 Amusquillo, Valladolid","Bodega familiar fundada en 2003, aunque sus orígenes vinícolas se remontan a más de 100 años, cuando el vino solamente se elaboraba por nuestros antepasados para el consumo propio. Está ubicada en el valle del Esgueva en el término municipal de Amusquillo en la provincia de Valladolid, altitud 776 m, latitud 41º 44’ 56.09” N, Longitud 4º 17’ 58.73” O, distancia 11 Km al norte del rio Duero a la altura del municipio de Valbuena de Duero, a 25 Km de Peñafiel y a 37 Km de Valladolid.",Consultar web o venta directa,606981741,bodesgueva@hotmail.com,https://www.vinoesgueva.com,,,https://www.google.com/maps/search/?api=1&query=BODESGUEVA%2C%20Calle%20Concejo%2C%208%2C%2047177%20Amusquillo%2C%20Valladolid&query_place_id=ChIJX4cuvO_7Rg0RH2GBDnwJJRw,41.74885,-4.30214,,pendiente,no comprobado
tinto-jaramiel-amusquillo,TINTO JARAMIEL,Amusquillo,Bodega,-VINO TINTO ROBLE -VINO TINTO 15 MESES -VINO HONORATO 24 MESES,"C. Salegar, 1, 47177 Amusquillo, Valladolid","En Bodegas Honorato Calleja SL hacemos un mantenimiento excelente del viñedo a lo largo de todo el año para poder disfrutar de una uva de gran calidad; tareas como el aclareo de racimos y deshojado, entre otras, aporta un plus en calidad. Realizamos una vendimia manual con selección de los racimos en viñedo y en bodega. Apostamos por una técnica para la fermentación y elaboración denominada OVI con puente grúa. El OVI un pequeño depósito que se llena de claros, con el puente grúa se sube hasta la boca del deposito y abrimos, cae todo rompiendo el sombrero por gravedad, con un tratamiento mejor de la uva y el mosto, más limpio y sano, tarea que en el periodo de fermentación la realizamos dos veces al día, una por la mañana y otra por la tarde. Después de cada rematado, tenemos un control exhaustivo de densidad y temperatura de cada uno de los depósitos. Intentamos que todas las tareas posibles sean por gravedad (OVI) ya que se trata mejor la uva y el mosto, por eso el descube también es manual, y el prensado con presiones muy leves. Realizamos la fermentación maloláctica en depósitos de acero inoxidable, menos el Honorado que la fermentación maloláctica la tiene en barricas de roble francés. El vino llega a barricas para su envejecimiento, roble 5 meses en barricas de roble francés y americano; crianza 15 meses en barricas de roble francés; y Honorato 24 meses, barricas de roble francés. Clarificamos con productos naturales no alérgicos, y filtraciones suaves previos al embotellado. Embotellamos, y el vino envejece en botella desde 3 meses para el roble hasta 12 meses para el Honorato.",Consultar web o venta directa,983686015,info@tintojaramiel.com,https://www.tintojaramiel.com,,,https://www.google.com/maps/search/?api=1&query=TINTO%20JARAMIEL%2C%20C.%20Salegar%2C%201%2C%2047177%20Amusquillo%2C%20Valladolid&query_place_id=ChIJC8XXWu_7Rg0RYJlF4tmQOHE,41.74889,-4.30066,,pendiente,no comprobado
bodega-ebano-castrillo-de-duero,BODEGA EBANO,Castrillo de Duero,Bodega,EBANO 6 EBANO SALVAJE,"N-122, 299, 47318 Castrillo de Duero, Valladolid","Historia. Familia. Amigos. Dedicación. Vocación. Muchas palabras podrían describir a nuestra bodega, Adegas Valmiñor esta detrás de este nuevo proyecto en la RIbera del Duero.",Consultar web o venta directa,986 60 90 60,ebano@valminorebano.com,https://www.adegasvalminor.com,,https://www.instagram.com/valminorebano/,https://www.google.com/maps/search/?api=1&query=BODEGA%20EBANO%2C%20N-122%2C%20299%2C%2047318%20Castrillo%20de%20Duero%2C%20Valladolid&query_place_id=ChIJXQCkiICURg0RJb0bjnfqOYE,41.6080104,-4.028972899999999,,pendiente,no comprobado
bodega-cooperativa-cigales-cigales,BODEGA COOPERATIVA CIGALES,Cigales,Bodega,"TORONDOS (verdejo, rosado, viña Torondos, compromiso, tinto joven y tinto crianza) MATICES (Blanco, tinto y rosado) LIJE (Blanco, tinto y rosado) CHISME","C. las Bodegas, s/n, 47270 Cigales, Valladolid","La Bodega En 1957 nace la Bodega Cooperativa Cigales con el propósito de ofrecer un producto de calidad sin descuidar la tradición, por lo que mantiene la estructura subterránea de los antiguos bodegueros de Cigales. Hoy en día y tras una serie de adaptaciones que han permitido su adecuación a los nuevos tiempos, los depósitos del subsuelo se han recubierto con resinas epoxídicas y sistemas de refrigeración automatizados, a los que se han sumado los más recientes de acero inoxidable. Y para la crianza, contamos con 200 barricas de roble de diversas tonelerías. La producción media de la Bodega Cooperativa Cigales ronda 1.500.000 kilos de uva y está orientada principalmente a la vinificación en rosado, el reconocido ‘Clarete’. No obstante, debido a que nuestras viñas son las más longevas de la comarca, la producción de tintos tiene cada vez más presencia. La D.O. Cigales o Vinos de la Tierra de Castilla y León avalan la calidad de nuestros caldos, desde los blancos y rosados jóvenes hasta los tintos con crianza en barrica.",Consultar web o venta directa,983 58 01 35,bcc@bodegacooperativacigales.com,https://www.bodegacooperativacigales.com,,,https://www.google.com/maps/search/?api=1&query=BODEGA%20COOPERATIVA%20CIGALES%2C%20C.%20las%20Bodegas%2C%20s%2Fn%2C%2047270%20Cigales%2C%20Valladolid&query_place_id=ChIJdWT38W0LRw0RSHakq2LzuJc,41.7609139,-4.697455199999999,,pendiente,no comprobado
bodegas-hijos-de-felix-salas-corcos,BODEGAS HIJOS DE FÉLIX SALAS,Corcos,Bodega,- VINO ROSADO VIÑA PICOTA,"C. Corrales, s/n, 47280 Corcos, Valladolid","Bodegas Hijos de Félix Salas, pertenece a una familia de larga tradición vitivinícola, elaborando vinos desde principios del siglo XX. En los años 50 Félix Salas y su mujer comienzan a elaborar sus propios vinos , para después comercializarlos. En 1.989, se decide ampliar la bodega, y se funda como una sociedad con la implicación familiar total por parte de sus descendientes, sabiendo unir tradición y últimas tecnologías. La bodega se encuentra en el centro del pueblo, CORCOS DEL VALLE, a 20 Km. De Valladolid, acogido dentro de la Denominación de Origen Cigales, en un entorno de descanso, el cual es adecuado para transmitir unas buenas sensaciones con nuestros productos y poder transmitir la tranquilidad del lugar a nuestros clientes y visitantes. La filosofía que tenemos en nuestra bodega es la de conseguir un producto el cual plasme la dedicación íntegra de los que conformamos la bodega. Este esfuerzo se ve compensado con la gran aceptación que los caldos tienen, elaborados por su hija Carmen Salas, enóloga de la bodega.",Consultar web o venta directa,983580378,bodega@bodegasfelixsalas.com,https://www.bodegasfelixsalas.com,,https://www.instagram.com/bodegasfelixsalas/,https://www.google.com/maps/search/?api=1&query=BODEGAS%20HIJOS%20DE%20F%C3%89LIX%20SALAS%2C%20C.%20Corrales%2C%20s%2Fn%2C%2047280%20Corcos%2C%20Valladolid&query_place_id=ChIJNR9dBYwKRw0RWy_tampFjAo,41.8090273,-4.6938382,,pendiente,no comprobado
bodega-el-recodo-esguevillas-de-esgueva,BODEGA EL RECODO,Esguevillas de Esgueva,Bodega,- VINO TINTO : CARRALASMAYAS 12+12 y CARRALASMAYAS 24+36 VINO CLARETE: CARRASLAMAYAS Clarete,"Callejón de los Toros nº 2-bis, 47176 Esguevillas de Esgueva, Valladolid","Productor local de bodega en Esguevillas de Esgueva, incorporado al catálogo provincial de Valladolid y revisado con Google Maps.",Consultar web o venta directa,692915867,bodegaelrecodo@gmail.com,https://www.bodegaelrecodo.es,,,https://www.google.com/maps/search/?api=1&query=BODEGA%20EL%20RECODO%2C%20Callej%C3%B3n%20de%20los%20Toros%20n%C2%BA%202-bis%2C%2047176%20Esguevillas%20de%20Esgueva%2C%20Valladolid&query_place_id=ChIJ35D52Ob9Rg0RMEuSVEkbnZo,41.751188,-4.379767999999999,,pendiente,no comprobado
bodegas-briego-fompedraza,Bodegas Briego,Fompedraza,Bodega,Briego Ancal Supernova Garabato A punto 99,"Carretera de Cuéllar, Km. 8, 8, 47311 Fompedraza, Valladolid","Fompedraza, un pequeño pueblo de Valladolid con tradición vitivinícola dentro de la D.O. Ribera del Duero, ha sido testigo de cómo los hermanos Benito Hernando- Gaspar, Fernando y Javier- han desarrollado el proyecto Bodegas Briego, recuperando así la tradición que ya ejerciera su padre hace ya casi cincuenta años. Es mucha la ilusión depositada en Briego, sinónimo de lucha, lucha por la calidad del vino y por una mejor gestión del viñedo, por el trabajo esmerado y por revitalizar esta localidad, Fompedraza.",Consultar web o venta directa,983 892 156,info@bodegasbriego.com,https://www.bodegasbriego.com,,https://www.instagram.com/bodegasbriego/,https://www.google.com/maps/search/?api=1&query=Bodegas%20Briego%2C%20Carretera%20de%20Cu%C3%A9llar%2C%20Km.%208%2C%208%2C%2047311%20Fompedraza%2C%20Valladolid&query_place_id=ChIJXUbL6gTqRg0RNA-mguj68Vs,41.53349,-4.148696999999999,,pendiente,no comprobado
bodega-cuatro-rayas-la-seca,Bodega Cuatro Rayas,La Seca,Bodega,Cuarenta Vendimias Verdejo,"Camino Fuentecilla, s/n, 47491 La Seca, Valladolid","La historia de la bodega se remonta a 1935, 80 años de historia y esfuerzo han hecho que hoy Cuatro Rayas sea la bodega de referencia de los vinos blancos españoles. Cuatro Rayas elabora hoy en día casi del 20% del vino embotellado de la Denominación de Origen Rueda, lo que nos convierte en la más grande de la denominación, con un nivel de producción anual de unos 15 millones de botellas. Los vinos, principalmente de la variedad Verdejo, son líderes dentro del consumo de vinos blancos en España y, además, cuentan con una gran influencia en los mercado exteriores, estando presentes en más de cincuenta países como Japón, China, Estados Unidos, Alemania, Reino Unido, Holanda o México. Continúa adentrándote en el mundo de Cuatro Rayas y descubre la historia de su nombre… Las más de 2.150 hectáreas de la bodega Cuatro Rayas son controladas con minuciosidad por el departamento técnico a lo largo de todo su ciclo vegetativo, con el fin de obtener la mayor calidad a la hora de la vendimia. Principalmente son de la variedad Verdejo, pero también Sauvignon Blanc, Viura, Palomino Fino y Tempranillo. Entre esas 2.150 hectáreas, la bodega posee una pequeña parte de viñedos centenarios plantados en “vaso” o “pie bajo” y, en gran parte prefiloxéricos. Esta zona, con un nivel de producción menor, es vendimiada manualmente. De estas cuidadas uvas nace Cuatro Rayas Viñedos Centenarios, el “capricho” de nuestro enólogo Ángel Calleja, un verdejo en todo su esplendor. Cuatro Rayas presume en estos momentos de tener unas modernas instalaciones ubicadas en dos bodegas en plena cuna del Verdejo, La Seca. La bodega ha sido certificada con las normas de calidad BRC (British Retail Consulting) e IFS (International Food Standard), imprescindibles para comercializar en los mercados europeos. Estas certificaciones avalan el interés que tiene por lograr una excelente calidad en todas y cada una de las fases de elaboración de sus productos. Tres generaciones de enólogos para un variado abanico de vinos Desde la fundación de la bodega en 1935, el proyecto vitivinícola ha tenido como pilar fundamental el trabajo en equipo, una especial ligazón entre el viticultor que mima la uva y el enólogo que hace que ese fruto exprese sus mejores características en forma de vino. En la actualidad, Bodega Cuatro Rayas cuenta con un departamento de enología en el que destacan tres amantes de la elaboración de vino que pertenecen a tres generaciones y que son el mejor ejemplo de la colaboración entre profesionales, pero sobre todo amantes de los vinos de calidad. Ángel Calleja, que aglutina cuarenta vendimias elaborando vino en la Denominación de Origen Rueda, Elena M. Oyagüe, que suma una veintena de años de labor y dedicación a la bodega, y Roberto L. Tello, que con apenas un lustro a sus espaldas ya ha demostrado que las nuevas generaciones llegan pisando fuerte. Calleja, maestro de maestros, ha procurado transmitir todo su saber hacer y secretos a estos dos enólogos más jóvenes llamados a tomar el testigo y asumir el reto de hacer vino en una de las bodegas con más solera de la DO. Cada uno aporta un punto de vista y un trabajo enfocado a que los vinos de Cuatro Rayas sigan haciendo las delicias de unos consumidores nacionales e internacionales cada vez más exigentes. Estas tres generaciones trabajan de la mano para aportar diferentes puntos de vista en un rango de vinos muy variados: verdejos, tempranillos y sauvignones; vinos jóvenes, crianzas sobre lías, crianza en barrica, solera, fermentados en barricas o vinos frizzantes de baja graduación. Un amplio abanico de vinos que representa a todas las mujeres y todos los hombres que forman parte de la familia de Bodega Cuatro Rayas.",Consultar web o venta directa,983 816 320,info@cuatrorayas.es,https://www.cuatrorayas.es,,https://www.instagram.com/bodegacuatrorayas/,https://www.google.com/maps/search/?api=1&query=Bodega%20Cuatro%20Rayas%2C%20Camino%20Fuentecilla%2C%20s%2Fn%2C%2047491%20La%20Seca%2C%20Valladolid&query_place_id=ChIJIwkAH5hbRw0RWSVmzosgP6g,41.4043085,-4.8991946,,pendiente,no comprobado
bodegas-teodoro-recio-la-seca,BODEGAS TEODORO RECIO,La Seca,Bodega,- ROBESER VERDEJO CLAUMA VERDEJO TEODORO RECIO SELECCIÓN VERDEJO SOBRE LÍAS,"VP-9902 KM 2,5, 47491 La Seca, Valladolid","Somos una bodega familiar con viñedos propios, localizados en La Seca, España, en el corazón de la Denominación de Origen Rueda. Nosotros cultivamos y cuidamos de nuestros viñedos siguiendo la tradición familiar. Los viñedos tienen edades entre 18 y 40 años pertenecientes concretamente a tres pagos: Macaná, Pago de Barco Briones y Montepedroso, y por eso, obtenemos una gran materia prima para garantizar la calidad de nuestros vinos.",Consultar web o venta directa,622102049,info@bodegasteodororecio.com,https://www.bodegasteodororecio.com,,,https://www.google.com/maps/search/?api=1&query=BODEGAS%20TEODORO%20RECIO%2C%20VP-9902%20KM%202%2C5%2C%2047491%20La%20Seca%2C%20Valladolid&query_place_id=ChIJpTHjJJ1cRw0RCvVgsLGfNvE,41.418149,-4.923883,,pendiente,no comprobado
meoriga-mayorga,MEORIGA,Mayorga,Bodega,.G ESENCIA 33 ESENCIA 27 EL DEMONAUTA,"Ctra. Castrobol, s/n, 47680 Mayorga, Valladolid","Productor local de bodega en Mayorga, incorporado al catálogo provincial de Valladolid y revisado con Google Maps.",Consultar web o venta directa,983 751 182,comercial@meoriga.com,https://www.meoriga.com,,https://instagram.com/bodegasmeoriga/,https://www.google.com/maps/search/?api=1&query=MEORIGA%2C%20Ctra.%20Castrobol%2C%20s%2Fn%2C%2047680%20Mayorga%2C%20Valladolid&query_place_id=ChIJe9W2kqwTOA0Ry7vONeAM8PA,42.1611029,-5.2705662,,pendiente,no comprobado
melida-wines-melida,MÉLIDA WINES,Mélida,Bodega,- PARPADOS DOS ALAS ROJAS PARPADOS CLUB,"C. Pasadizo, 1, 47318 Mélida, Valladolid","Pequeña bodega familiar de reciente fundación, situada en Mélida de Peñafiel, un pueblito de 30 habitantes a 4 km de Peñafiel. Desde 2018 elaboramos vinos de gran calidad poniendo asimismo foco en el enoturismo personalizado, haciendo visitas y catas adaptadas a cada visitante. La bodega cuenta además con un restaurante y con dos casas de turismo rural.",Consultar web o venta directa,686 580 012,info@melidawines.com,https://melidawines.com/,,https://www.instagram.com/melidawines/,https://www.google.com/maps/search/?api=1&query=M%C3%89LIDA%20WINES%2C%20C.%20Pasadizo%2C%201%2C%2047318%20M%C3%A9lida%2C%20Valladolid&query_place_id=ChIJCxknoMLrRg0Rb-lv0OVuPyU,41.5805639,-4.0770224,,pendiente,no comprobado
bodega-amalio-del-pozo-mucientes,Bodega Amalio del Pozo,Mucientes,Bodega,Vino tinto Vino tinto crianza Vino rosado Vino verdejo,"C. Nte. Bodegas, 7, 47194 Mucientes, Valladolid","Con D.O. Cigales, la bodega “Amalio del Pozo” se ubica en un altozano, donde nace y crece el vino, rodeado de 25 hectáreas de viñedos a 400 metros del pueblo de Mucientes. En un enclave familiar, la bodega nace con la plantación de sus primeros palos en 1986. Del cuidado y trabajo de esos viñedos exprimen los primeros caldos, su primer clarete, de nombre “Amalio” en el año 1991. Tempranillo, Verdejo, Albillo y Cabernet Sauvignon se mezclan en la labor de majuelo con la inquietud y la ilusión de un hombre y su tierra. Así nacen nuestros caldos jóvenes y maduros. Nuestro “clarete” de antes, el “rosado” de ahora y nuestros tintos: el tinto joven y el tinto durmiente en barricas de roble francés y americano.",Consultar web o venta directa,983 587 914,amaliodelpozo@gmail.com,https://www.mucientes.es/turismo/que-ver-en-mucientes/bodega-aula-de-interpretacion/,,https://www.instagram.com/ot_mucientes/,https://www.google.com/maps/search/?api=1&query=Bodega%20Amalio%20del%20Pozo%2C%20C.%20Nte.%20Bodegas%2C%207%2C%2047194%20Mucientes%2C%20Valladolid&query_place_id=ChIJq76PNIN0Rw0RamqboJE35pM,41.7453279,-4.7588965,,pendiente,no comprobado
bodegas-mucy-mucientes,BODEGAS MUCY,Mucientes,Bodega,Vino,"VA-912, 1, 47194 Mucientes, Valladolid","Productor local de bodega en Mucientes, incorporado al catálogo provincial de Valladolid y revisado con Google Maps.",Consultar web o venta directa,692944470,info@mucy.es,http://mucy.es/,,https://www.instagram.com/bodegasmucy/,https://www.google.com/maps/search/?api=1&query=BODEGAS%20MUCY%2C%20VA-912%2C%201%2C%2047194%20Mucientes%2C%20Valladolid&query_place_id=ChIJY5iB84B0Rw0RZWxnLl3h960,41.74762440000001,-4.7754321,,pendiente,no comprobado
bodegas-sinforiano-mucientes,BODEGAS SINFORIANO,Mucientes,Bodega,Vino rosado SINFO Vino tinto SINFO Vino blanco RAIMUN Vino tinto RAIMUN 5 meses Vino tinto RAIMUN 12 meses,"Ctra. Mucientes - Villalba, Km. 1, Dcha, 47194 Mucientes, Valladolid","Esta bodega comienza en 1966 con Sinforiano Vaquero y Daniela Gómez al frente, siguiendo su tradición familiar. Se empezó con una pequeña cantidad de cepas elaborando el vino en una vieja bodega subterránea con depósitos de hormigón. El trabajo y la ilusión que pusieron, tanto en sus viñedos como en sus vinos rosados, ha dado lugar a un gran crecimiento, tanto en el número de hectáreas cultivadas (70 ha.), como en producción. Todo esto se vió reflejado en la bodega, y tras un largo estudio, en el año 2002, se tomó la decisión de construir una moderna bodega equipada con la tecnología necesaria para elaborar tintos y rosados de calidad. Y en el verano del año 2012 se hizo una ampliación de la misma. Hoy al tanto de la bodega están sus hijos que se encargan, tanto del cultivo del viñedo y la elaboración de los vinos, como de su comercialización nacional e internacional. El cambio generacional ha supuesto importantes modificaciones en la empresa pero conservando siempre la tradición familiar. Con la construcción de la nueva bodega, se retocaron los sistemas de elaboración, y continuamente, tanto en el campo como en la bodega, se estudian pequeñas reformas que puedan ayudar a mejorar la calidad de los vinos, pero siempre manteniendo una viticultura respetuosa y sostenible, junto a una elaboración de carácter muy tradicional.",Consultar web o venta directa,983 66 30 08,sinfo@sinforianobodegas.com,https://www.sinforianobodegas.com,,https://www.instagram.com/sinforianobodegas/,https://www.google.com/maps/search/?api=1&query=BODEGAS%20SINFORIANO%2C%20Ctra.%20Mucientes%20-%20Villalba%2C%20Km.%201%2C%20Dcha%2C%2047194%20Mucientes%2C%20Valladolid&query_place_id=ChIJC5SV04F0Rw0Rwk1qZBZ59sU,41.7476618,-4.7743855,,pendiente,no comprobado
bodegas-la-granadilla-nava-del-rey,Bodegas La Granadilla,Nava del Rey,Bodega,Dominio de la Granadilla,"Ctra. Tordesillas, KM 17, 47500 Nava del Rey, Valladolid",Nuestro objetivo es claro: Conseguir elaborar uno de los mejores vinos de España. Y esto se consigue con el esfuerzo diario de toda la familia ya que cada uno de los procesos está elaborado y supervisado por algún miembro de ella. Desde que se planta la viña hasta que se envían las botellas.,Consultar web o venta directa,645 871 429,info@bodegaslagranadilla.es,http://www.bodegaslagranadilla.es,,,https://www.google.com/maps/search/?api=1&query=Bodegas%20La%20Granadilla%2C%20Ctra.%20Tordesillas%2C%20KM%2017%2C%2047500%20Nava%20del%20Rey%2C%20Valladolid&query_place_id=ChIJoagLtu-nOA0RQ77DTY8GkAQ,41.33999499999999,-5.0761702,,pendiente,no comprobado
bodegas-valdehermoso-nava-del-rey,BODEGAS VALDEHERMOSO,Nava del Rey,Bodega,Viña Pérez Finca Las Hornias,"VA-VP-8902, 12, 47500 Nava del Rey, Valladolid","Empresa fundada en 2004 y dedicada a la producción de uva, elaboración y comercialización de vinos elaborados a partir de una selección de la uva procedente de viñedos propios ubicados en el término de Nava del Rey.",Consultar web o venta directa,983 09 09 36,valdehermoso@valdehermoso.com,https://www.bodegavaldehermoso.com/,,https://www.instagram.com/bodegavaldehermoso/,https://www.google.com/maps/search/?api=1&query=BODEGAS%20VALDEHERMOSO%2C%20VA-VP-8902%2C%2012%2C%2047500%20Nava%20del%20Rey%2C%20Valladolid&query_place_id=ChIJSemHcPunOA0RuQVtcZV4C5M,41.3343419,-5.068461099999999,,pendiente,no comprobado
bodegas-nidia-olmedo,BODEGAS NIDIA,Olmedo,Bodega,NIDIA VERDEJO EQUIX,"Cam. de la Cabaña, 47410 Olmedo, Valladolid","Productor local de bodega en Olmedo, incorporado al catálogo provincial de Valladolid y revisado con Google Maps.",Consultar web o venta directa,983 812 581,info@bodegasnidia.com,https://www.bodegasnidia.com,,https://www.instagram.com/bodegasnidia/,https://www.google.com/maps/search/?api=1&query=BODEGAS%20NIDIA%2C%20Cam.%20de%20la%20Caba%C3%B1a%2C%2047410%20Olmedo%2C%20Valladolid&query_place_id=ChIJ9VHTpRpLRw0RYqeIcQ8MJhE,41.2493033,-4.7360529,,pendiente,no comprobado
bodega-teofilo-reyes-penafiel,Bodega Teófilo Reyes,Peñafiel,Bodega,"Teófilo Reyes, Tamiz y ZG","Av. Valladolid Soria, 54, 47300 Peñafiel, Valladolid","Productor local de bodega en Peñafiel, incorporado al catálogo provincial de Valladolid y revisado con Google Maps.",Consultar web o venta directa,983 873 015,info@teofiloreyes.com,https://www.teofiloreyes.com,,,https://www.google.com/maps/search/?api=1&query=Bodega%20Te%C3%B3filo%20Reyes%2C%20Av.%20Valladolid%20Soria%2C%2054%2C%2047300%20Pe%C3%B1afiel%2C%20Valladolid&query_place_id=ChIJ79FCg4HrRg0RduPOYWuyNwg,41.60703760000001,-4.1456132,,pendiente,no comprobado
bodegas-j-flores-penafiel,BODEGAS J. FLORES,Peñafiel,Bodega,Vino tinto J. Flores Roble Vino tinto J. Flores Crianza,"C. Árbol del Paraíso, 13, 47300 Peñafiel, Valladolid","La bodega está provista de los medios materiales, humanos y técnicos que precisa para asegurar una exquisita elaboración de los caldos de nuestras viñas y un esmerado tratamiento de los vinos producidos. En la bodega ""J. Flores"" se busca que el vino exprese siempre su elegancia desde el inicio, en los viñedos. Una vez en la bodega esto se consigue con una materia prima seleccionada. El vino se elabora manipulando lo menos posible la uva, respetándola y mimándola de forma meticulosa.",Consultar web o venta directa,676321686,bodegaj.flores@gmail.com,https://www.bodegasjflores.com,,,https://www.google.com/maps/search/?api=1&query=BODEGAS%20J.%20FLORES%2C%20C.%20%C3%81rbol%20del%20Para%C3%ADso%2C%2013%2C%2047300%20Pe%C3%B1afiel%2C%20Valladolid&query_place_id=ChIJW7r2NYzrRg0RNGTz0QXUrgE,41.59954,-4.127079999999999,,pendiente,no comprobado
vinos-themera-penafiel,VINOS THÉMERA,Peñafiel,Bodega,THÉMERA ROBLE THÉMERA CRIANZA MADRESELVA EN FLOR ROBLE MADRESELVA EN FLOR ROSADO MADRESELVA EN FLOR BLANCO,"C. Matadero, 2, 47300 Peñafiel, Valladolid","Jorge González Granado es enólogo de profesión y se dedica al asesoramiento enológico desde hace más de 20 años. Durante su trayectoria profesional ha trabajado para numerosas bodegas de prestigiosas D.O. como Ribera del Duero, Rioja, Rías Baixas, Rueda o Ribeira Sacra, entre otras. Destaca también su labor como profesor de enología y cata para la Junta de Castilla y León aportando su experiencia en la formación de equipos de trabajo de algunas de las bodegas más prestigiosas de Ribera del Duero. En la actualidad, trabaja como asesor enológico de varias bodegas de D.O. Ribera del Duero como las de Tierras de Peñafiel y Ríos Prieto. Su proyecto de vinos Thémera En Julio de 2016, Jorge González Granado presenta su propia marca de vino Thémera con Denominación de Origen (D.O.) Ribera del Duero, que empezó a comercializarse con un vino tinto roble con siete meses de barrica. El enólogo creó la marca Thémera en 2000 para elaborar vinos de crianza en la D.O. Ribeira Sacra, que fueron calificados por el crítico Robert Parker con una puntuación de 90-92 en las añadas 2004-2005, respectivamente.",Consultar web o venta directa,606595494,pedidos@vinosthemera.com,https://www.vinosthemera.com,,,https://www.google.com/maps/search/?api=1&query=VINOS%20TH%C3%89MERA%2C%20C.%20Matadero%2C%202%2C%2047300%20Pe%C3%B1afiel%2C%20Valladolid&query_place_id=ChIJWxJrzIXrRg0RPKNGl9xqJGk,41.6032185,-4.118005999999999,,pendiente,no comprobado
bodega-ascension-repiso-bocos-pesquera-de-duero,Bodega Ascensión Repiso Bocos,Pesquera de Duero,Bodega,- Verónica Salgado roble Verónica Salgado crianza Verónica Salgado Capricho Viñas viejas,"Ctra. Valbuena, 36, 47315 Pesquera de Duero, Valladolid","LA FAMILIA María Ascensión Repiso Natural de Pesquera de Duero ha querido transmitir la cultura del vino con la que ella creció. Pertenece a una generación intermedia entre los métodos artesanales y las nuevas técnicas de elaboración. Anastasio Tras su matrimonio con Ascensión se convirtió en hijo adoptivo de Pesquera de Duero. Siempre le ha gustado el cultivo de la vid y la elaboración del vino. Actualmente es él quien se encarga de las labores de la viña y bodega. Verónica Hija menor de Ascensión y Anastasio. Es licenciada en Enología por la universidad Rovira y Virgili de Tarragona. Los inviernos muy fríos y veranos cortos y calurosos nos permiten cultivar nuestras viñas de forma ecológica. Nuestras vides se encuentran en tres ""Pagos"" bien diferenciados. » Pago del Pinar Es la viña de menor altitud. Se encuentra en la parte baja de valle a unos 746 metros. Queda separada del río Duero por un pinar. El suelo está formado por arcilla y arena. La uva Tinta Fina de este ""Pago"" produce vinos ricos en fruta roja fresca. Generalmente estas uvas las utilizamos para producir nuestro Joven Roble Verónica Salgado. » Pago del Madero Es la viña de mayor altitud a unos 850 metros. Se encuentra situada en una ladera.El suelo es calizo. La uva de esta viña, también Tinta Fina, es de pequeño tamaño siendo rica en taninos y antocianos. Produce vinos con aromas a confituras de frutas del bosque. Uvas con una buena concentración de polifenoles y gran intensidad aromática que utilizamos para elaborar nuestro Crianza Verónica Salgado Capricho. » Pago del Moral Se encuentra a unos 800 metros de altitud. Es una viña de la variedad Tinto Fino en vaso, plantada hace más de 60 años. El suelo es arcilloso y calizo con gran cantidad de cantos rodados. Se caracteriza por producir poca cantidad de uva pero muy rica en polifenoles. Presenta un buen equilibrio entre acidez y azúcar. Este ""Pago"" produce vinos con cuerpo, que pueden envejecer durante meses en barrica y redondearse durante años en botella. De este ""Pago"" elaboramos nuestro Reserva.",Consultar web o venta directa,983870178,info@veronicasalgado.es,https://www.veronicasalgado.es,,https://www.instagram.com/veronicapricho/,https://www.google.com/maps/search/?api=1&query=Bodega%20Ascensi%C3%B3n%20Repiso%20Bocos%2C%20Ctra.%20Valbuena%2C%2036%2C%2047315%20Pesquera%20de%20Duero%2C%20Valladolid&query_place_id=ChIJZe1Oi4XuRg0RZveg_DJKIRc,41.6392403,-4.1623569,,pendiente,no comprobado
manchon-mieres-bodega-pesquera-de-duero,MANCHÓN & MIERES BODEGA,Pesquera de Duero,Bodega,Vino,"C. Regaderillas, 14, 47315 Pesquera de Duero, Valladolid","Productor local de bodega en Pesquera de Duero, incorporado al catálogo provincial de Valladolid y revisado con Google Maps.",Consultar web o venta directa,645 65 19 93,bodega@manchonmieres.es,http://www.manchonmieres.com/,,https://www.instagram.com/accounts/,https://www.google.com/maps/search/?api=1&query=MANCH%C3%93N%20%26%20MIERES%20BODEGA%2C%20C.%20Regaderillas%2C%2014%2C%2047315%20Pesquera%20de%20Duero%2C%20Valladolid&query_place_id=ChIJfxWhFofuRg0RRBW1z1BWXFM,41.6441932,-4.1580631,,pendiente,no comprobado
paramo-de-la-esgueva-pesquera-de-duero,Paramo de la Esgueva,Pesquera de Duero,Bodega,- Páramo de la Esgueva 12 meses Páramo de la Esgueva,"CARRETERA PEÑAFIEL PESQUERA, km. 5, 5, 47315 Pesquera de Duero, Valladolid",Los viñedos propios son tinta del país ecológica y se encuentran en Villafuerte de Esgueva.,Consultar web o venta directa,650404330,info@paramodelaesgueva.es,https://www.paramodelaesgueva.es,,,https://www.google.com/maps/search/?api=1&query=Paramo%20de%20la%20Esgueva%2C%20CARRETERA%20PE%C3%91AFIEL%20PESQUERA%2C%20km.%205%2C%205%2C%2047315%20Pesquera%20de%20Duero%2C%20Valladolid&query_place_id=ChIJRay85C_sRg0RD5IND5c_4cs,41.6396216,-4.1446599,,pendiente,no comprobado
bodegas-y-vinedos-arbas-pinel-de-arriba,BODEGAS Y VIÑEDOS ARBÁS,Piñel de Arriba,Bodega,JESÚS ARBÁS,"Carretera Pesquera Encinas, 12, 47316 Piñel de Arriba, Valladolid","La Bodega Arbás se encuentra ubicada en Piñel de Arriba, Valladolid, pleno corazón de la Ribera del Duero. Bodega Familiar de corta producción, en la actualidad elaboramos aproximadamente 25.000 botellas. El objetivo principal de la bodega es elaborar un auténtico Vino Finca.",Consultar web o venta directa,610 635 658,direccion@bodegasarbas.com,https://bodegasarbas.com/,,https://www.instagram.com/arbaswine/,https://www.google.com/maps/search/?api=1&query=BODEGAS%20Y%20VI%C3%91EDOS%20ARB%C3%81S%2C%20Carretera%20Pesquera%20Encinas%2C%2012%2C%2047316%20Pi%C3%B1el%20de%20Arriba%2C%20Valladolid&query_place_id=ChIJE4GHjm7yRg0R3jXZdJJO4x0,41.699729,-4.124862,,pendiente,no comprobado
bodega-de-crianza-de-pozaldez-pozaldez,BODEGA DE CRIANZA DE POZALDEZ,Pozaldez,Bodega,LIBERSO,"Cam. Viejo de Medina, 47220 Pozaldez, Valladolid","Productor local de bodega en Pozaldez, incorporado al catálogo provincial de Valladolid y revisado con Google Maps.",Consultar web o venta directa,983 507 439,info@liberso.es,https://www.liberso.es,,,https://www.google.com/maps/search/?api=1&query=BODEGA%20DE%20CRIANZA%20DE%20POZALDEZ%2C%20Cam.%20Viejo%20de%20Medina%2C%2047220%20Pozaldez%2C%20Valladolid&query_place_id=ChIJvWiuzKhFRw0RRWeDxYHopQQ,41.3715139,-4.849982199999999,,pendiente,no comprobado
bodega-arroyo-izquierdo-puras,BODEGA ARROYO IZQUIERDO,Puras,Bodega,- VINO DEMIMO VINO MIGUEL ARROYO,"C. Real, 34, 47419 Puras, Valladolid","Hace ya más de una década Miguel Arroyo Izquierdo, el último de un linaje siempre inmerso en la cultura enológica, emprendió el proyecto de elaborar vino a partir de las cepas centenarias de la familia y de sus nuevas plantaciones. Pero con la excelencia natural no basta si se tienen altas las miras. Por eso, Miguel fundó una bodega, la única de la zona, en la que implementó los mejores procesos productivos. Y así, en 2010 apareció la primera botella. La tradición por fin abrazó a la vanguardia técnica. Una bodega desde la que se vislumbra la Villa Romana de Puras, en cuyos mosaicos las mujeres portan cántaras de vino. Sí….. es larga la tradición del vino en Puras.",Consultar web o venta directa,983626095,info@arroyo-izquierdo.com,https://www.arroyo-izquierdo.com,,,https://www.google.com/maps/search/?api=1&query=BODEGA%20ARROYO%20IZQUIERDO%2C%20C.%20Real%2C%2034%2C%2047419%20Puras%2C%20Valladolid&query_place_id=ChIJfbSIvFPLQA0RubEvCcWDHlw,41.1841746,-4.651993399999999,,pendiente,no comprobado
3-ases-bodegas-y-vinedos-quintanilla-de-arriba,3 ASES BODEGAS Y VIÑEDOS,Quintanilla de Arriba,Bodega,3 ASES ROBLE 3 ASES CRIANZA HOCICÓN,"Camino Cotarras, s/n, 47360 Quintanilla de Arriba, Valladolid","Nuestra bodega se encuentra en el corazón de la Denominación de Origen de Ribera de Duero. Esto es algo que nos caracteriza y que nos obliga a ofrecer un producto de alta calidad que encuentre su sitio entre la amplia oferta. LOS ASES César Arranz, Ángel Rodríguez y Rubén San Miguel: 3amigos, 3socios y 3Ases que desde 2007 hacen realidad este proyecto: “un pequeño grande” en una de las Denominaciones más conocidas de España. LA CALIDAD Tenemos 27 hectáreas de viñedo propio, realizamos la vendimia de forma manual y comercializamos 3 Ases con 6 meses de crianza en barrica y 3 Ases Crianza con 14 meses. PRODUCCIÓN Tenemos una producción de 50.000 botellas repartidas en dos tintos: el más joven con 6 meses de barrica y el crianza con 14. Y recientemente un rosado semidulce también fermentado en barrica.",Consultar web o venta directa,983 03 62 14,info@3asesvino.com,https://www.3asesvino.com,,,https://www.google.com/maps/search/?api=1&query=3%20ASES%20BODEGAS%20Y%20VI%C3%91EDOS%2C%20Camino%20Cotarras%2C%20s%2Fn%2C%2047360%20Quintanilla%20de%20Arriba%2C%20Valladolid&query_place_id=ChIJiXUYwUXiRg0RP1K0gOcHNAo,41.6185061,-4.2316799,,pendiente,no comprobado
bodega-sarmentero-quintanilla-de-arriba,BODEGA SARMENTERO,Quintanilla de Arriba,Bodega,- VINO TINTO ROBLE VINO TINTO CRIANZA VINO TINTO RESERVA,"Av Estacion, 47, 47360 Quintanilla de Arriba, Valladolid",Bodega familiar en el corazón de la DO Ribera del Duero. Viñedo propio y elaboración de vinos de calidad. Comenzamos nuestras andanzas en el año 2004 tras mucha preparación y esfuerzo y hemos ido creciendo poco a poco hasta hoy en día.,Consultar web o venta directa,646918458,maria@bodegasarmentero.com,https://www.bodegasarmentero.com,,http://www.instagram.com/bodegasarmentero/,https://www.google.com/maps/search/?api=1&query=BODEGA%20SARMENTERO%2C%20Av%20Estacion%2C%2047%2C%2047360%20Quintanilla%20de%20Arriba%2C%20Valladolid&query_place_id=ChIJB9IZNT_vRg0RjZ89MA3IWxY,41.6190775,-4.2114267,,pendiente,no comprobado
3-elementos-quintanilla-de-onesimo,3 ELEMENTOS,Quintanilla de Onésimo,Bodega,"- VINO ""3 ELEMENTOS"" VORTICE","Carretera N-122, Km 322, 47350 Quintanilla de Onésimo, Valladolid","Un vino tradicional, elaborado como los de siempre, pero bajo un control exhaustivo sobre todos los procesos con la tecnología más moderna. La filosofía de 3 ELEMENTOS es la elaboración de un vino de alta gama cuyas características sean la expresión de la fruta, la elegancia, la sutileza, la untuosidad y persistencia.",Consultar web o venta directa,647252693,ramon@3elementos.es,https://www.3elementos.es,,,https://www.google.com/maps/search/?api=1&query=3%20ELEMENTOS%2C%20Carretera%20N-122%2C%20Km%20322%2C%2047350%20Quintanilla%20de%20On%C3%A9simo%2C%20Valladolid&query_place_id=ChIJO3WCTSuRRg0RFwNjLpu5WMI,41.6272658,-4.2829352,,pendiente,no comprobado
bodegas-vega-de-yuso-quintanilla-de-onesimo,BODEGAS VEGA DE YUSO,Quintanilla de Onésimo,Bodega,Vino,"Cañada Real, S/n, 47350 Quintanilla de Onésimo, Valladolid","Bodegas Vega de Yuso, es una bodega familiar, que elabora tempranillos de la Ribera del Duero, con un máximo objetivo: Sorprender. Emplazada en Quintanilla de Onésimo, provincia de Valladolid, pueblo de la Milla de Oro de la Ribera del Duero, a 21 km de Peñafiel y a 35 km de la capital. El nombre de Vega de Yuso tiene su origen en la ubicación del propio pueblo en las orillas de la Vega del Rio Duero y Yuso es parte del nombre original del pueblo, que era Quintanilla de Yuso en sus orígenes. En 2002 nace el proyecto Bodegas y Viñedos Vega de Yuso, S.L. Un sueño hecho realidad para Rubén Iglesias: ""Crear su propia bodega donde elaborar un gran vino"". Veinte hectáreas de Tempranillo con las que se elaboran cinco marcas que se posicionan en el mercado, compitiendo con los mejores de su gama. Pozo de Nieve, un joven frutal y fresco con 4 meses de barrica. Vegantigua, es un vino joven roble, redondo y sorprendente, que envejece 10 meses en barrica. Tres Matas Crianza, el vino emblema de la bodega, que destaca por su elegancia y estructura. Se elabora con viñedos de edades entre 25 a 45 años y lleva una crianza de 18 meses en barrica. Tres Matas Reserva, se trata de un vino elaborado con viñas de más de 45 años. Lleva una crianza de 26 meses en barrica de roble francés, lo que le aporta a este vino, una complejidad estructural muy elegante. Y por último, el capricho de Rubén, Tres Matas Vendimia Seleccionada, elaborado solo en añadas excepcionales, con uvas procedentes de un único pago de mas de 55 años. Se le realiza una crianza en barricas francesas de gama alta de grano extrafino, durante 24 meses. Es un vino de autor expresivo, estructurado y complejo, apto todos los paladares",Consultar web o venta directa,983 680 054,exportwine@vegadeyuso.com,https://www.vegadeyuso.com/es/,,https://www.instagram.com/bodegasvegadeyuso/,https://www.google.com/maps/search/?api=1&query=BODEGAS%20VEGA%20DE%20YUSO%2C%20Ca%C3%B1ada%20Real%2C%20S%2Fn%2C%2047350%20Quintanilla%20de%20On%C3%A9simo%2C%20Valladolid&query_place_id=ChIJhWvw7E7iRg0RhpAgyy6jR9c,41.6246565,-4.3622342,,pendiente,no comprobado
vinedos-y-bodegas-ribon-quintanilla-de-onesimo,VIÑEDOS Y BODEGAS RIBÓN,Quintanilla de Onésimo,Bodega,- VINO TINTO BARRICA VINO TINTO CRIANZA VINO TINTO VENDIMIA SELECCIONADA,"Cam. de Basilón, 15, 47350 Quintanilla de Onésimo, Valladolid","Bodegas Ribón fundada en 1995 con una propiedad de 25 has. de viñedo repartidas en dos parcelas denominadas Carrantigua y Rinconada situadas en la margen izquierda del río Duero. La tradición vitivinícola de la familia Ribón se ha venido forjando durante cinco generaciones. La bodega, situada en el casco urbano de Quintanilla de Onésimo-Valladolid-, en lo llamado la Milla de Oro se ubica en una edificación señorial de piedra y ladrillo macizo de principios del siglo XX. El carácter de bodega familiar, la prudencia en la cantidad y un criterio de calidad son los caracteres que nos identifican. La calidad de nuestros vinos ha sido reconocida mundialmente recibiendo gran cantidad de galardones internacionales.",Consultar web o venta directa,983 680015,info@bodegasribon.com,https://www.bodegasribon.com,,https://www.instagram.com/bodegasribon/,https://www.google.com/maps/search/?api=1&query=VI%C3%91EDOS%20Y%20BODEGAS%20RIB%C3%93N%2C%20Cam.%20de%20Basil%C3%B3n%2C%2015%2C%2047350%20Quintanilla%20de%20On%C3%A9simo%2C%20Valladolid&query_place_id=ChIJwbJ_bU_iRg0Rg8n0-hTYGbM,41.62469919999999,-4.3628588,,pendiente,no comprobado
bodegas-y-vinedos-pandora-rueda,BODEGAS Y VIÑEDOS PANDORA,Rueda,Bodega,Vino,"Av. Nava del Rey, KM 1, 47490 Rueda, Valladolid","Bodegas Pandora posee una importante superficie de viñedo, muy particular, que garantiza la semejanza en la calidad de nuestras uvas. El viñedo está distribuido a lo largo de varias fincas en los términos municipales de: Rueda, Nueva Villa de las Torres, El Campillo, Torrecilla de la Orden y Olmedo. Los viñedos más antiguos de Bodegas Pandora son de 1980 y la edad media es de 25 años, podemos decir que se encuentran en un momento perfecto de equilibrio entre producción y calidad. El 100% de la plantación está en espaldera, no buscamos altos rendimientos, pero sí uva de la mayor calidad posible. En el viñedo actual contamos principalmente con la variedad Verdejo (90%), considerada la variedad blanca Reina en Castilla y León, y una pequeña parte Sauvignon Blanc, (10%) originaria de la región francesa de Burdeos, en nuestro país solo la encontramos en la DO Rueda y en la DO Penedés. Impulsamos la calidad de nuestros vinos desde su origen, el viñedo, realizando una serie de labores que ayudan a la planta a mejorar la calidad del fruto, como la poda en verde, (después de la brotación de las yemas y cuajado, se eliminan las sobrantes para una producción de calidad), y el aclareo de racimos, (Antes del final de la maduración se eliminan más racimos para la mejora de la calidad. Consiguiendo así un rendimiento por hectárea de no más de 6.000kg).",Consultar web o venta directa,669989038,hablamos@bodegaspandora.com,https://bodegaspandora.com/,,https://www.instagram.com/bodegaspandora/,https://www.google.com/maps/search/?api=1&query=BODEGAS%20Y%20VI%C3%91EDOS%20PANDORA%2C%20Av.%20Nava%20del%20Rey%2C%20KM%201%2C%2047490%20Rueda%2C%20Valladolid&query_place_id=ChIJVwEyl15bRw0R1K938o2ydtw,41.4091859,-4.9734859,,pendiente,no comprobado
palacio-de-bornos-rueda,PALACIO DE BORNOS,Rueda,Bodega,PALACIO DE BORNOS VERDEJO PALACIO DE BORNOS SAUVIGNON BLANC PALACIO DE BORNOS FERMENTADO BARRICA PALACIO DE BORNOS LA CAPRICHOSA PALACIO DE BORNOS SEMIDULCE PALACIO DE BORNOS SEMISECO PALACIO DE BORNOS BRUT PALACIO DE BORNOS BRUT NATURE PAL,"Ctra. Madrid-la Coruña, 47490 Rueda, Valladolid","Ubicada en Rueda, nuestra Bodega nació y comenzó sus elaboraciones en el año 1976, con una historia paralela a la de la Denominación de Origen. Los primeros años supusieron el asentamiento de la marca en Castilla y León, para iniciar luego una rápida expansión a nivel nacional e internacional. Palacio de Bornos fue la primera en elaborar espumoso en Castilla y León, ya que nuestra primera elaboración se remonta al año 1978. El objetivo ha sido aprovechar las cualidades de la variedad Verdejo, partiendo de un vino base monovarietal que aporta personalidad y carácter diferenciador, aplicando el método tradicional de elaboración, lo que permite la obtención de un vino espumoso de muy alta calidad.",Consultar web o venta directa,983 868 116,info@bornosbodegas.com,http://www.palaciodebornos.com/,,https://www.instagram.com/palaciodebornosbodega/,https://www.google.com/maps/search/?api=1&query=PALACIO%20DE%20BORNOS%2C%20Ctra.%20Madrid-la%20Coru%C3%B1a%2C%2047490%20Rueda%2C%20Valladolid&query_place_id=ChIJn7FnY-hbRw0RY94wYrE4U_M,41.4047871,-4.959503499999999,,pendiente,no comprobado
valdebodega-san-bernardo,VALDEBODEGA,San Bernardo,Bodega,VALDEBODEGA MONTSE SOLA CONVERSO,"C. Valbuena, 19, 47359 San Bernardo, Valladolid","En 1999 dos hermanos, Sofía y Pedro, decidieron junto a sus padres, Fernando y Montse, iniciar un proyecto llamado BODEGAS Y VIÑEDOS VALDEBODEGA. Todo comenzó con la idea de elaborar vinos a nivel particular con el pequeño viñedo que tenían y cuya uva iba destinada, por aquel entonces, a la venta a otras bodegas de la zona y cuya calidad era muy estimada. Ese primer vino que se hizo y que se consumía entre la familia y amigos gusto a todos y quedaron muy sorprendidos con el resultado. Esto dio un pequeño empujón para tomar la decisión de, porque no, montar una pequeña bodega. Los comienzos fueron difíciles, sin demasiada experiencia en la elaboración y con pocos recursos económicos. Se instalaron en una nave de Fernando que se utilizaba como almacén de productos agrícolas, lo reformaron y compraron lo necesario para empezar a trabajar y comenzar con la próxima añada, que vendría en escasos meses. La primera vendimia se realizó a mediados de octubre de 1999 y tras su elaboración y crianza salió al mercado, con la marca VALDEBODEGA. Fue muy bien acogida entre sus primeros clientes. Desde entonces la producción se ha ido incrementando poco a poco, siguiendo con la misma forma de trabajar, con el esfuerzo y constancia de cada uno de nosotros y con esa esencia de pequeña bodega familiar. En el año 2019, justo 20 años después, la bodega se ha trasladado a sus nuevas instalaciones, situadas en una parcela rodeada de viñedo. Con los avances tecnológicos necesarios para continuar con esa calidad en sus vinos pero sin olvidar la esencia de los vinos elaborados de forma artesanal.",Consultar web o venta directa,619829459 606850143,valdebodega@telefonica.net,http://valdebodega.com/,,https://www.instagram.com/bodegasvaldebodega/,https://www.google.com/maps/search/?api=1&query=VALDEBODEGA%2C%20C.%20Valbuena%2C%2019%2C%2047359%20San%20Bernardo%2C%20Valladolid&query_place_id=ChIJHZS3FrDlRg0RtSk7usmcZhs,41.6365475,-4.2608275,,pendiente,no comprobado
elias-mora-san-roman-de-hornija,ELÍAS MORA,San Román de Hornija,Bodega,VIÑAS ELIAS MORA- ELIAS MORA CRIANZA DESCARTE GRAN ELIAS MORA 2V PREMIUM ELIAS MORA RESERVA DULCE BENAVIDES,"Calle de Don Juan Mora Garzón, 0, 47530 San Román de Hornija, Valladolid","Fundada en el año 2000 y dirigida por Victoria Benavides, la bodega toma el nombre del antiguo propietario del viñedo, Elías Mora. Nuestra filosofia: la bodega cerca del viñedo, donde combinamos el conocimiento de nuestros ancestros con la moderna tecnología, y en el corazón de la bodega la crianza en barricas. Sólo productos naturales para criar los vinos: roble, corcho natural y vidrio. Todos nuestros vinos se hacen con 100% tinta de toro. Esta variedad esta perfectamente adaptada tras más de 2000 años implantada en la zona:nunca sufrió filoxera, por lo que todas nuestras viñas están plantadas en directo, sin patrón americano (viñedo prefiloxérico).",Consultar web o venta directa,983784029,info@bodegaseliasmora.com,https://www.bodegaseliasmora.com,,https://instagram.com/bodega_elias_mora/,https://www.google.com/maps/search/?api=1&query=EL%C3%8DAS%20MORA%2C%20Calle%20de%20Don%20Juan%20Mora%20Garz%C3%B3n%2C%200%2C%2047530%20San%20Rom%C3%A1n%20de%20Hornija%2C%20Valladolid&query_place_id=ChIJ98b1NyeWOA0R1-0dAtvt2pw,41.481478,-5.277957,,pendiente,no comprobado
bodega-juan-ponce-de-leon-santervas-de-campos,BODEGA JUAN PONCE DE LEÓN,Santervás de Campos,Bodega,-LUNAS PONCE TINTO LUNAS PONCE ROSADO LUNAS PONCE BLANCO SALOME TINTO SALOME ROSADO SENDA PASCUALA TINTO SENDA PASCUALA ROSADO,"Km 6 Carretera VP 4013, 47609 Santervás de Campos, Valladolid","En la primavera de 2006, se abre un nuevo horizonte para Santiago Baeza con la plantación de un viñedo con las variedades de Prieto Picudo, Tempranillo y Malvasía. El primer vino, Senda Pascuala, es de la cosecha de 2009. Ha visto la luz un vino homenaje al paisano más ilustre de Santervás de Campos: Juan Ponce de León y que lleva por nombre Lunas de Ponce en recuerdo a las Lunas de incertidumbre y de ilusión que tuvo que pasar tan insigne personaje hasta la llegada al Nuevo Mundo.",Consultar web o venta directa,983 785 067 / 609 402 816,comercial@lunasdeponce.es,https://www.lunasdeponce.es,,,https://www.google.com/maps/search/?api=1&query=BODEGA%20JUAN%20PONCE%20DE%20LE%C3%93N%2C%20Km%206%20Carretera%20VP%204013%2C%2047609%20Santerv%C3%A1s%20de%20Campos%2C%20Valladolid&query_place_id=ChIJrUHyn54JOA0RZQeIukN1ZLw,42.2169133,-5.0976512,,pendiente,no comprobado
bodega-diez-siglos-de-verdejo-serrada,BODEGA DIEZ SIGLOS DE VERDEJO,Serrada,Bodega,-DIEZ SIGLOS DIEZ SIGLOS FERMENTADO BARRICA DIEZ SIGLOS BLUSH NEKORA CANTO REAL CASTILLO DE LA MOTA CANTO 5,"CL-610, 24, 5, 47231 Serrada, Valladolid","Hace ya casi 7 años un grupo de viticultores, amantes del vino, se unieron para hacer realidad un sueño, crear una bodega con una misión muy clara, mantener vivo el legado generacional y con ello una variedad con diez siglos de trayectoria, la verdejo. Hoy somos capaces de elaborar 4.000.00 botellas con la más alta tecnología, sin dejar de lado la tradición.",Consultar web o venta directa,+ 34 983 55 99 10,miguel.renedo@diezsiglos.es,https://www.diezsiglos.es,,https://www.instagram.com/bodegadiezsiglos/,https://www.google.com/maps/search/?api=1&query=BODEGA%20DIEZ%20SIGLOS%20DE%20VERDEJO%2C%20CL-610%2C%2024%2C%205%2C%2047231%20Serrada%2C%20Valladolid&query_place_id=ChIJSd-UquJCRw0RcQOofIPtpNA,41.46675,-4.858778399999999,,pendiente,no comprobado
bodegas-de-alberto-serrada,BODEGAS DE ALBERTO,Serrada,Bodega,- DE ALBERTO DORADO DE ALBERTO SAITINA DE ALBERTO 100% ECOLÓGICO- DE ALBERTO VERDEJO DE ALBERTO CCCL SELECCIÓN MONASTERIO PALAZUELOS VERDEJO- MONASTERIO PALAZUELOS VERDEJO VIURA- MONASTERIO PALAZUELOS TEMPRANILLO FINCA VALDEMOYA ROSADO- FIN,"Carretera Valdestillas, 2 41.45758143881296, -4.860563638899419, 47231 Serrada, Valladolid","Bodegas De Alberto, están ubicadas en Serrada, enclavadas en una antigua casa de labranza, fundadas por la Orden religiosa de los Dominicos en el Siglo XVII. Sus galerías subterráneas, grandes bóvedas de cañón hechas de ladrillo, tienen más de 1 km. de longitud, constituyendo un verdadero laberinto. A consecuencia de la desamortización de Mendizábal en 1836 pasó a manos privadas y un siglo después tras sucesivas ventas, nuestro fundador Alberto Gutiérrez, junto con sus hijos Dalmacio, José y Alberto, decidieron comprar en 1946 lo que ahora conocemos como Hijos de Alberto Gutiérrez. La Bodega mantiene íntegro su carácter de empresa familiar que actualmente se encuentra en quinta generación de la familia al frente del negocio.",Consultar web o venta directa,983559084,v.garcia@dealberto.com,https://www.dealberto.com,,https://www.instagram.com/bodegasdealberto/,https://www.google.com/maps/search/?api=1&query=BODEGAS%20DE%20ALBERTO%2C%20Carretera%20Valdestillas%2C%202%2041.45758143881296%2C%20-4.860563638899419%2C%2047231%20Serrada%2C%20Valladolid&query_place_id=ChIJMxRc6wJDRw0RUWkAnr-DNb4,41.4575425,-4.8607222,,pendiente,no comprobado
heredad-de-uruena-uruena,Heredad de Urueña,Urueña,Bodega,- Santo syrah Santo merlot Santo tempranillo Forum etiqueta negra Forum Rosado Erminta de la Anunciada Exuberantya Cabernet Exuberantya,"Carretera de Toro a Medina de Rioseco, VA-505, 22, km. 21,300, 47862 Urueña, Valladolid","Bajo la enseña de ""Heredad de Urueña"", la familia Rodríguez León ha desarrollado un proyecto integral de restauración y recuperación de una alquería castellana, con el consejo del arquitécto y urbanista Iñigo Escribano. Los orígenes de la finca datan de finales del siglo XVII: con su casa de labranza, cuadras, palomar, lagar y bodega semi-enterrada, con bóveda de ladrillo y pilares de piedra, fue la parte central de una extensa viña en las laderas de la histórica villa de Urueña, hoy centro cultural de la zona. Esta propiedad ocupaba parte del paraje denominado ""Pago de las Viñas"", registrado en el Catastro del Marqués de la Ensenada. Tras la restauración de los edificios y de la recuperación del cultivo de la vid, ""Heredad de Urueña"" ocupa en la actualidad veinticinco hectáreas. Los viñedos están dedicados a las variedades autóctonas de Tempranillo (clones de Tinta de Toro y Tinta del País recomendados por el Instituto de Tecnología Agraria de la Junta de Castilla y León), que se completan en menor proporción con Syrah, Merlot y Cabernet, procedentes de viveros franceses. De este modo se ha recuperado en Urueña el cultivo de la vid y la elaboración de vinos, de cuyo pasado aquí son testimonios las numerosas bodegas que se mantienen en las casas de la villa y una calle que todavía lleva el nombre de “Los Lagares”.",Consultar web o venta directa,983 72 10 10,bodega@heredaduruena.com,https://www.heredaduruena.com,,,https://www.google.com/maps/search/?api=1&query=Heredad%20de%20Urue%C3%B1a%2C%20Carretera%20de%20Toro%20a%20Medina%20de%20Rioseco%2C%20VA-505%2C%2022%2C%20km.%2021%2C300%2C%2047862%20Urue%C3%B1a%2C%20Valladolid&query_place_id=ChIJmd3opYKIOA0RfhFTS-YbH1U,41.7522236,-5.2273179,,pendiente,no comprobado
bodega-matarromera-valbuena-de-duero,BODEGA MATARROMERA,Valbuena de Duero,Bodega,"- Vino ""ValdelosFrailes Crianza"" Aceite ""Oliduero Ecológico""","Ctra. Renedo - Pesquera, km 30, 47359 Valbuena de Duero, Valladolid","En pleno corazón de la Ribera del Duero se alza Bodega Matarromera, una de las firmas más prestigiosas del panorama vitivinícola nacional e internacional reconocida por numerosos premios y éxitos desde su fundación en el año 1988. Rodeada por sobresalientes parcelas de viñedo donde maduran las uvas, este edificio de estilo sobrio y castellano de piedra y ladrillo posee en su interior características naves semienterradas donde el vino descansa y es proyectado con la mayor tecnología enológica uniendo así tradición e innovación.",Consultar web o venta directa,983683315,marguelles@matarromera.es,https://www.bodegamatarromera.es,,,https://www.google.com/maps/search/?api=1&query=BODEGA%20MATARROMERA%2C%20Ctra.%20Renedo%20-%20Pesquera%2C%20km%2030%2C%2047359%20Valbuena%20de%20Duero%2C%20Valladolid&query_place_id=ChIJ2wNHDlbiRg0Rk0BknFRczho,41.6422102,-4.3188236,,pendiente,no comprobado
bodegas-lleiroso-valbuena-de-duero,BODEGAS LLEIROSO,Valbuena de Duero,Bodega,- MILLAR ROBLE -LLEIROSO CRIANZA -LLEIROSO RESERVA,"Carretera Monasterio, s/n, 47359 Valbuena de Duero, Valladolid","En 2001, el farmacéutico jienense afincado en Valladolid, Don Alberto Cobo, decidió seguir su pasión vinícola y crear una bodega en la que elaborar y criar vinos de élite. Fue así como surgió Bodegas y Viñedos Lleiroso, situada en plena “Milla de Oro” de la Ribera del Duero, a escasos metros del río Duero que nutre sus viñedos. Como no podía ser de otra manera la bodega puso empeño y pasión para crear vinos de élite desde el comienzo. La recompensa llegó de la mano de la primera vendimia: nuestro vino más emblemático, el Lleiroso “LL” Vino de Autor 2002, fue premiado con el Tempranillo de Oro en el concurso Tempranillos al Mundo que se celebró en 2005 en la ciudad de Copenhague. A este galardón le han seguido, año tras año, otros tantos, demostrando así la calidad de todos nuestros vinos. La uva que utilizamos en la elaboración de nuestros vinos procede de viñedos situados en las mejores zonas de Ribera del Duero, estos viñedos son propios y de viticultores con los que colaboramos mano a mano durante todo el año, cuidando exhaustivamente la selección de la uva para garantizar el empleo de la mejor materia prima. Porque los grandes vinos empiezan en el viñedo. El diseño y edificación de la bodega, realizado por el reconocido arquitecto Elesio Gatón Gómez, es del todo novedoso. Cuando el arquitecto recibió el encargo del proyecto, recordó cómo se elaboraba el vino tradicionalmente; despacio, criado en ausencia de luz, en un lugar donde el ambiente permanece fresco en verano y templado en invierno, sin grandes variaciones de temperatura y con tal tranquilidad que no se oye ni correr el aire.",Consultar web o venta directa,983683300,info@bodegaslleiroso.com,https://www.bodegaslleiroso.com,,https://www.instagram.com/bodegaslleiroso/,https://www.google.com/maps/search/?api=1&query=BODEGAS%20LLEIROSO%2C%20Carretera%20Monasterio%2C%20s%2Fn%2C%2047359%20Valbuena%20de%20Duero%2C%20Valladolid&query_place_id=ChIJR8tQRorkRg0RcCrSpfd_oB4,41.636142,-4.263898,,pendiente,no comprobado
bodegas-vicente-sanz-valdestillas,BODEGAS VICENTE SANZ,Valdestillas,Bodega,VICARAL ALBERTO SANZ MIRALALBA UHSIS CAÑADA REAL,"C. Flores, 5, 47240 Valdestillas, Valladolid","Nuestra bodega familiar fundada en 1991, donde se elaboran vinos con uvas de nuestros propios viñedos (Verdejo, Viura, Sauvignon Blanc, Tempranillo y Cabernet Sauvignon). La bodega está integrada en la denominación de origen Rueda, al amparo de esta se elaboran nuestros vinos blancos, tintos, rosados y espumosos. La Bodega y viñedos están situados en el municipio de Valdestillas, al Sur de la provincia de Valladolid, entre las riberas de los ríos Duero y del Adaja.",Consultar web o venta directa,983551197,bodega@bodegasvicentesanz.com,https://www.bodegasvicentesanz.com,,,https://www.google.com/maps/search/?api=1&query=BODEGAS%20VICENTE%20SANZ%2C%20C.%20Flores%2C%205%2C%2047240%20Valdestillas%2C%20Valladolid&query_place_id=ChIJ753pbrRBRw0R4hpZ1QvIG-g,41.4782992,-4.7726136,,pendiente,no comprobado
adhuc-tempus-valladolid,ADHUC TEMPUS,Valladolid,Bodega,- Adhuc Tempus Verdejo,"Calle Barcelona, 4, 47008 Valladolid","El proyecto ADHUC, es el resultado de la unión del conocimiento de las zonas, dónde nacen nuestros vinos y la dilatada experiencia del mercado, y por tanto del consumidor, que es el que nos mueve. De la mano de viticultores, bodegueros y técnicos de prestigio.",Consultar web o venta directa,600527762,info@seleccionesadhoc.com,https://www.vinosadhuctempus.com,,https://www.instagram.com/adhuctempus/,https://www.google.com/maps/search/?api=1&query=ADHUC%20TEMPUS%2C%20Calle%20Barcelona%2C%204%2C%2047008%20Valladolid&query_place_id=ChIJrZndl2RtRw0Rc2RpDNpgcmw,41.6194544,-4.7613298,,pendiente,no comprobado
bodega-rodriguez-sanzo-valladolid,BODEGA RODRÍGUEZ SANZO,Valladolid,Bodega,- VIÑA SANZO VIÑAS VIEJAS,"C. de Manuel Azaña, 9, 47014 Valladolid","Rodríguez Sanzo es una Compañía de Vinos Vallisoletana con viñedos y producción propia en las principales Denominaciones de Origen españolas, principalmente en el tercio Noroeste de la Península. Javier Rodríguez es el artífice del proyecto. Enólogo y viticultor con personalidad, pone el énfasis en la calidad, el buen hacer y el respeto a la tipicidad del terreno. De Rueda (Valladolid) procede VIÑA SANZO Viñas Viejas, un excelente, vino blanco elaborado con unas de viñas añejas. Carnoso en paladar, exquisitamente equilibrado, de cuerpo medio-alto, fresco largo y persistente. Un placer sensorial.",Consultar web o venta directa,983 15 01 50,comunicacion@valsanzo.com,https://www.rodriguezsanzo.com,,,https://www.google.com/maps/search/?api=1&query=BODEGA%20RODR%C3%8DGUEZ%20SANZO%2C%20C.%20de%20Manuel%20Aza%C3%B1a%2C%209%2C%2047014%20Valladolid&query_place_id=ChIJE5KRbgltRw0Rp_VwvgXpozo,41.6363816,-4.7655058,,pendiente,no comprobado
montevital-valladolid,MONTEVITAL,Valladolid,Bodega,- LOMAS VERDES ROBLE -LOMAS VERDES CRIANZA,"C. Miguel Íscar, 2, 1° Derecha, 47001 Valladolid","Montevital es una empresa dedicada desde hace varios años a la distribución y embotellado de Agua Mineral Natural y fabricación de Vinos Pesquera de Duero de excelente calidad. Potenciamos nuestro desarrollo a través de la innovación y la mejora continua y estamos siempre disponibles y al servicio de nuestros clientes. Nuestros valores comprenden la integridad, la confianza y el compromiso. Navegando por nuestra web, descubrirás todo lo que podemos ofrecerte.",Consultar web o venta directa,+34 983 21 87 39,,https://www.montevital.es,,,https://www.google.com/maps/search/?api=1&query=MONTEVITAL%2C%20C.%20Miguel%20%C3%8Dscar%2C%202%2C%201%C2%B0%20Derecha%2C%2047001%20Valladolid&query_place_id=ChIJq8ntWLISRw0RSaplVYdrIVo,41.6481516,-4.7284866,,pendiente,no comprobado
embutidos-maruja-cigales,EMBUTIDOS MARUJA,Cigales,Charcutería,- MORCILLAS,"C. Lagunajo, 2, 47270 Cigales, Valladolid","Productor local de carnes y embutidos en Cigales, incorporado al catálogo provincial de Valladolid y revisado con Google Maps.",Consultar web o venta directa,983570055,embutidosmaruja@gmail.com,http://morcillasmaruja.com/,,https://www.instagram.com/morcillasmaruja/,https://www.google.com/maps/search/?api=1&query=EMBUTIDOS%20MARUJA%2C%20C.%20Lagunajo%2C%202%2C%2047270%20Cigales%2C%20Valladolid&query_place_id=ChIJBdQuk24LRw0RfzhOy7ZFokU,41.757914,-4.7003235,,pendiente,no comprobado
grupo-hermi-cisterniga,GRUPO HERMI,Cistérniga,Charcutería,Canal de conejo Despiece de conejo,"Pol. Ind. de la Mora, Av. de Los Álamos, 50-51, 47193 Cistérniga, Valladolid","Desde 1972, Hermi ha ido desarrollando su compromiso con consumidores, colaboradores, granjeros, distribuidores y la sociedad en general. • Con los consumidores, haciéndoles llegar la mejor carne de conejo y adecuándola a sus necesidades. Esa es nuestra misión. • Con los colaboradores y granjeros: sabemos que para poder obtener los mejores productos, debemos cuidar todos los detalles desde el origen y durante el proceso completo hasta el punto de venta, pero eso solo es posible comprometiéndonos con nuestros colaboradores y granjeros. Domotizando nuestras granjas, lo que permite mejores prácticas entre todos y garantizar la mayor calidad y seguridad alimentaria, junto con la regularidad y la innovación en nuestros productos: cuando compras Hermi estás seguro de lo que recibes. • También con los detallistas: sólo así podemos cuidar de nuestros productos hasta que llegan a manos de nuestros consumidores y llegar de la forma más eficiente. • Y con toda la sociedad. Como tenemos vocación de permanencia, regamos las raíces de nuestro futuro mediante nuestra Responsabilidad Social Corporativa: sólo una sociedad sana es garantía de nuestra continuidad. “COMPROMISO HERMI” garantiza, ahora y en el futuro, la sostenibilidad, innovación y el impulso de hábitos de vida saludable mediante la elaboración de productos con la mayor garantía de calidad.",Consultar web o venta directa,983403028,info@grupohermi.com,https://www.grupohermi.com,,https://www.instagram.com/grupo_hermi/,https://www.google.com/maps/search/?api=1&query=GRUPO%20HERMI%2C%20Pol.%20Ind.%20de%20la%20Mora%2C%20Av.%20de%20Los%20%C3%81lamos%2C%2050-51%2C%2047193%20Cist%C3%A9rniga%2C%20Valladolid&query_place_id=ChIJbZ-CUAATRw0Rm0WCNoUdplA,41.5976304,-4.6720598,,pendiente,no comprobado
embutidos-antolin-e-hijos-montemayor-de-pililla,EMBUTIDOS ANTOLÍN E HIJOS,Montemayor de Pililla,Charcutería,- CHORIZO EXTRA CORTEZA FRITA SALCHICHÓN EXTRA,"C. Real de Cuéllar, 9, 47320 Montemayor de Pililla, Valladolid","Productor local de carnes y embutidos en Montemayor de Pililla, incorporado al catálogo provincial de Valladolid y revisado con Google Maps.",Consultar web o venta directa,983694318,sanestjo@gmail.com,,,,https://www.google.com/maps/search/?api=1&query=EMBUTIDOS%20ANTOL%C3%8DN%20E%20HIJOS%2C%20C.%20Real%20de%20Cu%C3%A9llar%2C%209%2C%2047320%20Montemayor%20de%20Pililla%2C%20Valladolid&query_place_id=ChIJXwdmut0hRw0Rvk1SAl_uvzc,41.50842309999999,-4.4575656,,pendiente,no comprobado
carniceria-conce-traspinedo,CARNICERÍA CONCE,Traspinedo,Charcutería,- PINCHOS DE LECHAZO CHORIZO FRESCO CHORIZO CULAR CHORIZO SECO PICANTE CHORIZO SECO DULCE MORCILLA LONGANIZA BLANCA LONGANIZA ROJA HAMBURGUESAS SALCHICHAS PREPARADOS DE POLLO,"Pl. la Placilla, 4, 47330 Traspinedo, Valladolid","Tras nuestra reciente reforma, disponemos de un obrador propio en el que elaboramos todos nuestros productos, garantizando la mejor calidad. De esta manera, podemos ofreceros embutidos como hechos en casa, la mejor carne de ternera y, por supuesto, los pinchos de lechazo. Trabajando con los mejores ganaderos de la zona de Traspinedo podemos ofrecerte el mejor lechazo churro IGP de Valladolid. Preparamos los cortes según tus necesidades, desde los afamados pinchos de lechazo de Traspinedo hasta despieces para un asado, pasando por las clásicas chuletillas.",Consultar web o venta directa,983 68 26 13,carniceriaconce@hotmail.com.,https://www.carniceriaconcetraspinedo.es,,,https://www.google.com/maps/search/?api=1&query=CARNICER%C3%8DA%20CONCE%2C%20Pl.%20la%20Placilla%2C%204%2C%2047330%20Traspinedo%2C%20Valladolid&query_place_id=ChIJ1Wj5bLYeRw0RO79hgm2UkAo,41.57586450000001,-4.4740015,,pendiente,no comprobado
carniceria-eva-traspinedo,CARNICERÍA EVA,Traspinedo,Charcutería,- LECHAZO CHORIZO,"C. Mayor, 10, 47330 Traspinedo, Valladolid","Empresa familiar fundada en el año 1968 centrada en el Lechazo de la IGP Lechazo de Castilla y León, elaborando los famosos “Pinchos de Lechazo”.",Consultar web o venta directa,983682448,jesimary@gmail.com,,,,https://www.google.com/maps/search/?api=1&query=CARNICER%C3%8DA%20EVA%2C%20C.%20Mayor%2C%2010%2C%2047330%20Traspinedo%2C%20Valladolid&query_place_id=ChIJawdvcrYeRw0R0N_pkUMRk7A,41.5755372,-4.4748139,,pendiente,no comprobado
carne-t-marcos-valladolid,CARNE T. MARCOS,Valladolid,Charcutería,- LECHAZO TERNERA PLATOS ELABORADOS,"P.º de Zorrilla, 94, 47006 Valladolid","Empresa de tradición familiar. Especializados en la calidad de la carne, siempre buscamos lo mejor. Hacemos el ciclo completo de la carne: compramos mamones y pasteros, los cebamos, los despiezamos y lo distribuimos. Seleccionamos la mejor calidad en lechazo y cordero, estamos en plena expansión en platos preparados, menús y comidas para llevar.",Consultar web o venta directa,983471121,carne@carniceriastmarcos.es,https://www.carniceriastmarcos.es,,,https://www.google.com/maps/search/?api=1&query=CARNE%20T.%20MARCOS%2C%20P.%C2%BA%20de%20Zorrilla%2C%2094%2C%2047006%20Valladolid&query_place_id=ChIJ1zpX3jltRw0Re1QFHSt392o,41.6398372,-4.738772099999999,,pendiente,no comprobado
carnes-y-embutidos-el-arco-villabragima,CARNES Y EMBUTIDOS EL ARCO,Villabrágima,Charcutería,- CHORIZO SALCHICHÓN LOMO CABECERO JAMÓN TORREZNOS,"C. Parra, 1, 47820 Villabrágima, Valladolid","Embutidos EL ARCO, es la 3ª generación de carniceros, siendo una empresa familiar dedicada a la elaboración artesanal de embutidos, con los métodos tradicionales, transmitidos de generación en generación, y utilizando para ello carnes de primera calidad, criadas en la misma localidad.",Consultar web o venta directa,983714246,embutidoselarco@embutidoselarco.es,https://www.embutidoselarco.com,,,https://www.google.com/maps/search/?api=1&query=CARNES%20Y%20EMBUTIDOS%20EL%20ARCO%2C%20C.%20Parra%2C%201%2C%2047820%20Villabr%C3%A1gima%2C%20Valladolid&query_place_id=ChIJmXnTdDl-OA0RH44ev-CTi-I,41.8221688,-5.1147503,,pendiente,no comprobado
carniceria-juan-carlos-villabragima,CARNICERÍA JUAN CARLOS,Villabrágima,Charcutería,-SALCHICHÓN -LOMO CURADO -CABECERO CURADO JAMÓN -CHORIZO ALEGRE -CHORIZO OCAL CHORIZO PICANTE -MORCILLA SALCHICHA BLANCA SALCHICHA ROJA CHORIZO FRESCO -HAMBURGUESAS -JIJAS -LOMO ADOBADO,"C. Mariano Mateo, 72, 47820 Villabrágima, Valladolid",Empresa familiar especializada en productos elaborados cárnicos.,Consultar web o venta directa,983714378,,https://carniceriajuancarlos.es/,,,https://www.google.com/maps/search/?api=1&query=CARNICER%C3%8DA%20JUAN%20CARLOS%2C%20C.%20Mariano%20Mateo%2C%2072%2C%2047820%20Villabr%C3%A1gima%2C%20Valladolid&query_place_id=ChIJvZj_hHN_OA0RISB-fHOGVSQ,41.8205997,-5.1186244,,pendiente,no comprobado
carnicas-arego-villalon-de-campos,CÁRNICAS AREGO,Villalón de Campos,Charcutería,Hamburguesas Chorizo fresco Chorizo curado Pinchos morunos Salchichón Jijas,"C. Constitución, 5, 47600 Villalón de Campos, Valladolid",Productos artesanos cárnicos elaborados en Villalón de Campos.,Consultar web o venta directa,983 761 076/ 983 761 091,carnicas_arego@hotmail.com,https://www.carnicasarego.com,,,https://www.google.com/maps/search/?api=1&query=C%C3%81RNICAS%20AREGO%2C%20C.%20Constituci%C3%B3n%2C%205%2C%2047600%20Villal%C3%B3n%20de%20Campos%2C%20Valladolid&query_place_id=ChIJFywrLuyKRw0RqIuayJaZiWw,42.0993815,-5.0345172,,pendiente,no comprobado
cerveza-milana-montemayor-de-pililla,CERVEZA MILANA,Montemayor de Pililla,Cerveza artesana,- MILANA BONITA MILANA TOSTADA MILANA TRIGO MILANA PUCELA MILANA BLACK FEED MILANA SHIPA MILANA GLÜCK MILANA GEORGE THE RED MILANA MILK IN BLACK MILANA HOP TIME MILANA BATCK 200,"C. Santibáñez, 9, 47320 Montemayor de Pililla, Valladolid","Las cervezas MILANA son el resultado directo de encarar la vida de una forma más sincera, más pausada si cabe, más natural sin duda a través del aprovechamiento de todo lo bueno que nos brinda la naturaleza y de la renuncia explicita al componente artificial que nos envuelve. Las cervezas MILANA son resultado, y también fuente, de calidad y felicidad. Una MILANA es una invitación a degustar la vida con más calma, a saborearla sin prisa extrayendo de ella todos sus aromas y sabores, muchos de ellos dulces, también amargos, y aprender a disfrutarla al máximo a la vez que vamos encarando sus caprichosos cambios. Ambicioso propósito el anterior para una simple, aunque mimada, mezcla de maltas de cereal, trigo, lúpulo en or, levadura y agua ¿verdad? Un propósito en todo caso para el que esta curiosa y milenaria mezcla tendrá el apoyo incondicional de sabrosos guisos, de jugosos asados, de diferentes clases de quesos, postres, chocolates, y de muchos otros productos que sin duda descubriremos.",Consultar web o venta directa,983694081,hola@cervezamilana.com,https://www.cervezamilana.com,,http://instagram.com/festival_elmilanito/,https://www.google.com/maps/search/?api=1&query=CERVEZA%20MILANA%2C%20C.%20Santib%C3%A1%C3%B1ez%2C%209%2C%2047320%20Montemayor%20de%20Pililla%2C%20Valladolid&query_place_id=ChIJsWM3xOAhRw0R50nqS-fAPa8,41.5101798,-4.4607868,,pendiente,no comprobado
cerveceria-las-llaves-de-san-pedro-san-pedro-de-latarce,CERVECERÍA LAS LLAVES DE SAN PEDRO,San Pedro de Latarce,Cerveza artesana,"ENGLISH IPA, BROWN ALE, NEGRA Y MÄRZENBIER","Calle del Arenal s/n, 47851 San Pedro de Latarce, Valladolid","Esta aventura comienza casi por casualidad en 2011, cuando nos dedicábamos a la elaboración de cerveza trasteando con ollas y demás para luego compartirla con familiares y amigos. Durante dicho verano por animar un poco más el mercado medieval que se realiza en el pueblo, pusimos un puesto con la poca cerveza que teníamos, la acogida fue muy buena, tanto que nos animaron a ir un poco mas lejos con nuestro hobby. De aquí y tras varios viajes cerveceros, a Barcelona, Bélgica, Valencia, Alemania….. nos decidimos a comenzar de nuevo más preparados con una pequeña maquina de elaboración de 50 litros de capacidad. Con el paso del tiempo nos aventuramos a fabricar nuestra cerveza en otras instalaciones para poder acceder al mercado, con trabajo y esfuerzo y algún que otro percance salimos adelante con nuestro proyecto. La acogida fue buena y así que aquí estamos ahora, en nuestra propia fabrica, con nuevas y mejoradas recetas y deseando que vengáis a conocernos para poder contaros en persona nuestras batallitas! Os esperamos.",Consultar web o venta directa,691 50 77 35,cerveza@lasllavesdesanpedro.es,https://www.lasllavesdesanpedro.es,,https://www.instagram.com/lasllavesdesanpedro/,https://www.google.com/maps/search/?api=1&query=CERVECER%C3%8DA%20LAS%20LLAVES%20DE%20SAN%20PEDRO%2C%20Calle%20del%20Arenal%20s%2Fn%2C%2047851%20San%20Pedro%20de%20Latarce%2C%20Valladolid&query_place_id=ChIJWaBz9-qLOA0Ruc6yY-bOxa0,41.73399910000001,-5.3317967,,pendiente,no comprobado
el-secreto-del-abad-valladolid,EL SECRETO DEL ABAD,Valladolid,Cerveza artesana,CERVEZA ARTESANA EL SECRETO DEL ABAD ABADÍA SAISON PILSEN GRAND CRU IPA,"C. Júpiter, 15, Bajo, 47009 Valladolid","En ""El Secreto del Abad"" elaboramos nuestras cervezas mediante procesos tradicionales que se han desarrollado durante varios siglos y que dan lugar a una cerveza de alta calidad. Nuestros ingredientes básicamente son: agua, la selección de varios tipos de maltas, diversas variedades de lúpulos y levadura. No lleva aditivos ni conservantes, tan solo productos naturales y de primera calidad. No filtramos, ni pasteurizamos y hacemos una segunda fermentación en botella. Nuestras recetas de cerveza son el resultado de años de estudio y trabajo equilibrando las materias primas que intervienen en la elaboración consiguiendo un producto agradable al paladar.",Consultar web o venta directa,+34 983 15 45 63,info@elsecretodelabad.es,https://www.elsecretodelabad.es,,https://www.instagram.com/cerveza_elsecretodelabad/,https://www.google.com/maps/search/?api=1&query=EL%20SECRETO%20DEL%20ABAD%2C%20C.%20J%C3%BApiter%2C%2015%2C%20Bajo%2C%2047009%20Valladolid&query_place_id=ChIJHQ9TZiE9Rw0Rq6thbvne-8s,41.6639133,-4.7361434,,pendiente,no comprobado
el-pescador-de-villagarcia-valladolid,EL PESCADOR DE VILLAGARCÍA,Valladolid,Despensa artesanal,"LOMOS DE SARDINA AHUMADA LOMOS DE SARDINA ESCABECHE LOMOS DE SARDINA VINAGRE, AJO Y PEREJIL LOMOS DE SARDINA VINAGRE VENTRESCA DE SARDINA","C. de Francisco Umbral, 17, 47197 Valladolid","Empresa familiar de Valladolid especializada en la elaboración propia de productos artesanales, como nuestras SARDINAS AHUMADAS. Distribuimos productos delicatessen, elaborados mediante procesos artesanales, sin ningún tipo de conservantes artificiales. Nuestra selección rigurosa de los más exclusivos productos gourmets nos permite trabajar en restaurantes de toda España",Consultar web o venta directa,983660460,web@elpescadordevillagarcia.com,https://elpescadordevillagarcia.com/,,https://www.instagram.com/elpescadordevillagarcia/,https://www.google.com/maps/search/?api=1&query=EL%20PESCADOR%20DE%20VILLAGARC%C3%8DA%2C%20C.%20de%20Francisco%20Umbral%2C%2017%2C%2047197%20Valladolid&query_place_id=ChIJ8wHL6QkTRw0RDBKNvMg4Wms,41.6269253,-4.7656915,,pendiente,no comprobado
todo-catering-valladolid,TODO CATERING,Valladolid,Despensa artesanal,TORRIJAS DE YEMA TOSTADA Y LECHE FRITA ARTESANAL,"C. de Juan de Valladolid, 8, 47014 Valladolid","El sueño empresarial de Mercedes y Alejandro, comienza en el año 2005 poniendo en marcha “TODO CATERING” en Valladolid. Empresa especializada en Servicio de Catering para todo tipo de eventos. Contamos con un experto equipo de profesionales que se ocupa de todos los detalles. Utilizamos, compramos y cocinamos siempre productos de la provincia, una apuesta desde que comenzamos nuestra andadura profesional, ofreciendo los mejores productos del mercado y un servicio cualificado y eficiente para que su evento particular o de empresa sea todo un éxito. Nuestro Objetivo es encargarnos de la organización de su celebración para que no tenga que preocuparse de nada. Ofrecemos servicios de bodas, comuniones, cualquier evento familiar, y de empresa, como desayunos de negocios, aperitivos, almuerzos de trabajo, cócteles, congresos, seminarios para la realización de su evento como mantelería, vajilla, cristalería, mesas, fundas etc. En nuestro establecimiento, elaboramos comida preparada, sin olvidarnos de nuestros postres y dulces elaborados artesanalmente y que destacaremos por su excelente calidad, como las “torrijas de yema tostada”, o la leche frita. En “TODO CATERING” te atendemos de lunes a domingos en la tienda, o te lo llevamos a casa con nuestro servicio a domicilio, a particulares, empresas, personas mayores y/o dependientes.",Consultar web o venta directa,983 378 971 – 663 31 03 17,todocatering@hotmail.es / albalaguna75@gmail.com,https://es-es.facebook.com/TodoCatering/,,,https://www.google.com/maps/search/?api=1&query=TODO%20CATERING%2C%20C.%20de%20Juan%20de%20Valladolid%2C%208%2C%2047014%20Valladolid&query_place_id=ChIJ_x2swRNtRw0RtCWT7weBnrA,41.6389757,-4.7548519,,pendiente,no comprobado
concejo-del-monte-alimentos-ecologicos-alaejos,CONCEJO DEL MONTE ALIMENTOS ECOLÓGICOS,Alaejos,Fruta y verdura,"Huevos de gallina, espárragos verdes y espárragos blancos","C. Calvario, 46, 47510 Alaejos, Valladolid","Empresa familiar en su mayoría mujeres, apostamos por un trato animal muy respetuoso, con las gallinas pastando en libertad. En el patio de pastoreo contamos con una protección para rapaces y zorros que consiste en una especie de tela de araña que impide la entrada de animales externos al recinto, evitando estrés a nuestras gallinas. Es un método que nos permite mantener la conciencia entre animales de granja (en libertad) y animales de campo. Nuestro objetivo es abastecer a la comarca y provincias colindantes de productos frescos y naturales de la mayor calidad y al mismo tiempo dar el mejor servicio.",Consultar web o venta directa,663 92 07 57,concejodelmonte@gmail.com / faustipim@hotmail.com,https://concejodelmonte.es/,,,https://www.google.com/maps/search/?api=1&query=CONCEJO%20DEL%20MONTE%20ALIMENTOS%20ECOL%C3%93GICOS%2C%20C.%20Calvario%2C%2046%2C%2047510%20Alaejos%2C%20Valladolid&query_place_id=ChIJYYYRiuevOA0RPuglM-bdpVM,41.3033167,-5.2178809,,pendiente,no comprobado
horcaol-olmedo,HORCAOL,Olmedo,Fruta y verdura,Zanahorias,"Pol. Ind. Jose Antonio Gozalez Caviedes, Parcela 106, 47410 Olmedo, Valladolid","Horcaol S. Coop. nace en 2001, fruto de la unión de varios socios agricultores de una comarca con excelentes condiciones hortícolas y con gran experiencia en la producción de hortalizas. La cooperativa está ubicada en la población de Olmedo, en pleno corazón de la meseta castellano leonesa. Sus condiciones climatológicas, unido a la singular composición de los terrenos de producción, conforman un marco único para la formación y el desarrollo de nuestros productos hortícolas. Horcaol es una cooperativa, es un campo, es una marca y es sobre todo una filosofía empresarial distinta, que se centra en la producción, acondicionamiento y comercialización de nuestra materia prima con el máximo esmero y dedicación. En Horcaol estamos convencidos de que, si mimamos nuestro producto desde su origen, nuestros clientes notarán la diferencia. Nos caracterizamos por la confianza, seriedad y buen trato que nuestro equipo humano ofrece a nuestros clientes, socios y trabajadores. Ofrecemos nuestro producto en diferentes formatos y confecciones a petición del cliente.",Consultar web o venta directa,983600319,info@horcaol.es,https://www.horcaol.es,,,https://www.google.com/maps/search/?api=1&query=HORCAOL%2C%20Pol.%20Ind.%20Jose%20Antonio%20Gozalez%20Caviedes%2C%20Parcela%20106%2C%2047410%20Olmedo%2C%20Valladolid&query_place_id=ChIJAUkGn4w2Rw0R9Hqi7JatQys,41.3165239,-4.6882379,,pendiente,no comprobado
ajos-pitirri-portillo,AJOS PITIRRI,Portillo,Fruta y verdura,- AJOS,"C. Colegio, 38, 47160 Portillo, Valladolid","La recolección se hace con rama para después colgarlo y secar el ajo poco a poco de forma natural, es laboriosa y costosa pero solo así se consigue que el ajo guarde todas sus propiedades ya que el jugo va quedando en la cabeza. Los ajos son cortados cabeza por cabeza, se les corta la porreta y la barba. Ajos Pitirri pela los ajos a mano y todo el proceso de elaboración y manipulación dan un resultado único en el mercado.",Consultar web o venta directa,983556105,juanmapiti06@hotmail.com,https://www.ajospitirri.es,,https://www.instagram.com/ajospitirri/,https://www.google.com/maps/search/?api=1&query=AJOS%20PITIRRI%2C%20C.%20Colegio%2C%2038%2C%2047160%20Portillo%2C%20Valladolid&query_place_id=ChIJrbSTsho9Rw0RPY0JaEBeniI,41.4791647,-4.593279100000001,,pendiente,no comprobado
esparragos-belloso-tudela-de-duero,ESPARRAGOS BELLOSO,Tudela de Duero,Fruta y verdura,- ESPARRAGOS BELLOSO FRESCOS -ESPARRAGOS BELLOSO EN CONSERVA,"Cam. Renedo, 15, 47320 Tudela de Duero, Valladolid","Espárragos Belloso somos una pequeña empresa familiar, regentada ahora por Enrique Belloso y Susana, que llevamos más de 30 años cultivando espárragos. Situado en la villa de Tudela de Duero, municipio histórico de la provincia de Valladolid en el Valle del Duero, con gran tradición hortícola desde siglos atrás. Las tierras regadas por el río Duero confieren a nuestro espárrago su sabor dulce y suave sin el amargos de otras zonas, y el mimo y esmero con el que cultivamos, así como la recogida y selección manual y artesanal con la que tratamos nuestro productos hacen que nuestro esparrago sea muy apreciado, tanto por los mejores restauradores, como por el público en general.",Consultar web o venta directa,983521499,info@esparragosbelloso.com,https://www.esparragosbelloso.com,,https://instagram.com/esparragosbelloso/,https://www.google.com/maps/search/?api=1&query=ESPARRAGOS%20BELLOSO%2C%20Cam.%20Renedo%2C%2015%2C%2047320%20Tudela%20de%20Duero%2C%20Valladolid&query_place_id=ChIJj-7Zm7UQRw0RiL0QpetaA_s,41.59173699999999,-4.584364,,pendiente,no comprobado
esparragos-velon-tudela-de-duero,ESPÁRRAGOS VELÓN,Tudela de Duero,Fruta y verdura,Espárragos blancos frescos Espárragos blancos en conservas Espárragos verdes,"C. Calvario, 6, 47320 Tudela de Duero, Valladolid","Somos una empresa familiar productora y envasadora de espárragos, con Marca de Garantía Espárrago de Tudela de Duero. Le ofrecemos nuestro producto en fresco. Espárragos blancos, morados o verdes. Nuestra máxima es poner especial cuidado en el cultivo de los espárragos. Nuestro trabajo está destinado lograr un producto inigualable, de la máxima calidad, basándonos en los siguientes valores: CALIDAD EXTREMA cultivamos, seleccionamos y envasamos los mejores espárragos, con parámetros de calidad por encima incluso de la Marca de Garantía del Espárrago de Tudela de Duero. RESPETO A LA NATURALEZA La naturaleza nos devuelve el mejor de los espárragos porque recibe el mejor de los tratos. No usamos herbicidas, abonamos con abonos orgánicos, regamos lo estrictamente necesario, la mayoría de las labores las realizamos a mano... EL MEJOR DE LOS SERVICIOS No nos permitimos ningún cliente descontento. Rapidez, seriedad, honradez, respuesta….",Consultar web o venta directa,636293934,info@esparragosvelon.com,https://www.esparragosvelon.com,,,https://www.google.com/maps/search/?api=1&query=ESP%C3%81RRAGOS%20VEL%C3%93N%2C%20C.%20Calvario%2C%206%2C%2047320%20Tudela%20de%20Duero%2C%20Valladolid&query_place_id=ChIJU1XJhzUXRw0Rg13XYliKOYk,41.586796,-4.5832199,,pendiente,no comprobado
huerta-luis-san-jose-tudela-de-duero,Huerta Luis San José,Tudela de Duero,Fruta y verdura,"Espárragos blancos frescos ""Huerta Luis San Jose"" Espárragos blancos conserva ""Huerta Luis San Jose"" Cardo rojo ""Verartes"" Cardo rojo conserva ""Verartes""","Av. de Valladolid, 138, 47320 Tudela de Duero, Valladolid","Nos expresamos con el producto que sacamos con nuestras manos. Bienvenidos a la Huerta de Luis San José. Un precioso proyecto ubicado en Tudela de Duero, puerta de entrada a la Ribera del Duero en Valladolid, España. En esta zona encontraréis una tierra inigualable de larga tradición en el cultivo de frutas y hortalizas de primera calidad. Con la confluencia de valles, donde el paisaje se abre para que se unan los ríos Duero y Pisuerga, se encuentra nuestra huerta original. Un espárrago por descubrir “El mejor espárrago que he probado” Ferrán Adriá El mejor cocinero del mundo se enamoró de nuestro producto por sus cualidades. Por ello, fuimos el proveedor oficial durante los últimos 8 años de uno de los establecimientos hosteleros más emblemáticos del mundo: El Bulli. Una emocionante unión que aún conservamos al servir nuestros productos a los miembros de su equipo en diferentes establecimientos de la más alta categoría.",Consultar web o venta directa,616 889 239,info@huertaluissanjose.com,https://www.huertaluissanjose.com,,,https://www.google.com/maps/search/?api=1&query=Huerta%20Luis%20San%20Jos%C3%A9%2C%20Av.%20de%20Valladolid%2C%20138%2C%2047320%20Tudela%20de%20Duero%2C%20Valladolid&query_place_id=ChIJ1Xxllk8XRw0RjPxxMW2IzE4,41.5905079,-4.6009432,,pendiente,no comprobado
inea-finca-ecologica-valladolid,INEA Finca Ecológica,Valladolid,Fruta y verdura,HUEVOS ACEROLO AJO ARANDANO BERENJENA BRÓCOLI CALABACÍN CALABAZA CEBOLLA CEREZA CIRUELA COLIFLOR FRAMBUESA FRESA GRANADA GROSELLA MANZANA MELÓN MEMBRILLO NUEZ PATATAS PEPINO PERA PIMIENTO REPOLLO SANDIA TOMATE UVA,"Cam. Viejo de Simancas, Km 4, 5, 47008 Valladolid","INEA dispone de un invernadero y 1 Ha a cielo abierto de cultivos hortícolas y frutales para la venta directa y distribución a las tiendas ecológicas de nuestro entorno. Tratamos de hacer verdad el consumo local. Producimos: fresa, cereza, manzana, pera, membrillo, ciruela, almendras, frutos del bosque, tomates, pimientos, calabazas, calabacines, berenjenas, ajos, cebollas, pepino, brócoli, coliflor, berza… etc. La recogida se hace tres veces por semana y se distribuye siempre en Come Sano Come Justo y en otras tiendas que lo deseen. También en venta directa.",Consultar web o venta directa,670906045,inea@inea.uva.es,https://www.inea.org,,,https://www.google.com/maps/search/?api=1&query=INEA%20Finca%20Ecol%C3%B3gica%2C%20Cam.%20Viejo%20de%20Simancas%2C%20Km%204%2C%205%2C%2047008%20Valladolid&query_place_id=ChIJFfk84CNtRw0Rt2hGBN1b_pc,41.603679,-4.792665,,pendiente,no comprobado
verartes-valladolid,VERARTES,Valladolid,Fruta y verdura,-CARDO ROJO DE VERARTES AL NATURAL BOTE. -CORAZON DE CARDO ROJO DE VERARTES AL NATURAL BOTE. -CARDO ROJO FRESCO ENTERO. -CORAZON DE CARDO ROJO FRESCO.,"C. de la Palma, 57, 47009 Valladolid","Verartes está formado por un grupo de socios vallisoletanos, una de las tierras más ricas de la España Gastronómica. En Verartes hemos apostado por el mejor cardo rojo del mundo, derivado de nuestra preocupación por la alimentación sana y saludable, por la consecución y conservación de la tradición de cultivos antiguos, con sabor, dentro de una agricultura respetuosa con el medio ambiente y con la salud del consumidor, empleando los mínimos agroquímicos posibles. Preocupación por colaborar en el desarrollo de la comunidad de Castilla y León, fijar población, atraer inversión y empleo en el sector alimentario. Nuestro producto, el Cardo Rojo destaca por su tono rosáceo, dado por la variedad de la semilla altamente seleccionada, y por supuesto la ausencia de luz, que hace que el producto sea tan crujiente, tierno y delicado que se puede tomar crudo en ensalada, aunque cocido es una locura para los sentidos. Este manjar es cultivado y cuidado por Luis San José, nuestro maestro horticultor, y el de los grandes chefs como Ferrán Adriá, o los hermanos Roca, a los que suministra desde hace años sus verduras ecológicas, particularmente el espárrago blanco. En Verartes, además, hemos logrado envasar el cardo rojo con una calidad insuperable y no solo eso, sino que hemos superado el listón y hemos lanzado al mercado algo desconocido hasta ahora: el corazón de cardo rojo Verartes, una verdadera joya digna de muy pocos paladares en el mundo. Se trata del tuétano vegetal del cardo rojo, una exquisitez que muy pocos podrán probar dada la escasez, precio y dificultad de conseguir el producto, una delicatessen de nivel superior. No dejes de probarlo al menos una vez en la vida.",Consultar web o venta directa,605 797 358,: info@verartes.es,https://www.verartes.es/,,https://www.instagram.com/verartes_esp/,https://www.google.com/maps/search/?api=1&query=VERARTES%2C%20C.%20de%20la%20Palma%2C%2057%2C%2047009%20Valladolid&query_place_id=ChIJzTpVomZtRw0RaGzkDOWY9xk,41.6565699,-4.7531376,,pendiente,no comprobado
biopinon-pedrajas-de-san-esteban,BIOPIÑÓN,Pedrajas de San Esteban,Frutos secos,"Piñones, piñones ecológicos, pistachos, nueces, nueces trufadas y nueces caramelizadas.","C. T, 4, 47430 Pedrajas de San Esteban, Valladolid",BIOPIÑON S.L. ES UNA EMPRESA DEDICADA A LA ELABORACIÓN Y COMERCIALIZACIÓN DE FRUTOS SECOS,Consultar web o venta directa,983 605 825,biopinon@biopinon.com,https://www.biopinon.com,,https://www.instagram.com/biopinon/,https://www.google.com/maps/search/?api=1&query=BIOPI%C3%91%C3%93N%2C%20C.%20T%2C%204%2C%2047430%20Pedrajas%20de%20San%20Esteban%2C%20Valladolid&query_place_id=ChIJL7vTEgQwRw0RRjaNEJ2jHDM,41.3451458,-4.568128499999999,,pendiente,no comprobado
pinones-luis-y-joaquin-lozano-pedrajas-de-san-esteban,PIÑONES LUIS Y JOAQUIN LOZANO,Pedrajas de San Esteban,Frutos secos,-PIÑONES,"Avenida de España, 1, 47430 Pedrajas de San Esteban, Valladolid","Joaquín Lozano Sanz fundó esta empresa de elaboración artesana de piñones en 1952. El sabor, como no, es la nota principal que hace que nuestros piñones sean reconocidos en todo el mundo. Lo conseguimos a través de las mejore materia prima y de un proceso de elaboración tan tradicional como fiable. En septiembre de 2009 inauguramos la nueva planta de procesado de piñón también situada en Pedrajas de San Esteban, ésto nos permite una mayor producción diaria y menor tiempo de espera en los plazos de entrega a nuestros clientes.",Consultar web o venta directa,983625784,info@pinoneslozanos.com,https://www.pinoneslozanos.com,,https://www.instagram.com/pinoneslozanos/,https://www.google.com/maps/search/?api=1&query=PI%C3%91ONES%20LUIS%20Y%20JOAQUIN%20LOZANO%2C%20Avenida%20de%20Espa%C3%B1a%2C%201%2C%2047430%20Pedrajas%20de%20San%20Esteban%2C%20Valladolid&query_place_id=ChIJTdI2Yw0wRw0Rd3tspdQoE9w,41.3433579,-4.5750252,,pendiente,no comprobado
teresa-mate-pinones-de-la-tierra-pedrajas-de-san-esteban,"TERESA MATE, piñones de la tierra.",Pedrajas de San Esteban,Frutos secos,- PIÑÓN SALADO PIÑÓN DULCE PIÑÓN NATURAL,"C. Norias, 7, 47430 Pedrajas de San Esteban, Valladolid","Piñones Import-Export´97 es una empresa Castellana-Leonesa dedicada a la elaboración de piñón ibérico. Con más de 40 años de historia, tiene una clara filosofia profesional, elaborar un producto de calidad basado en el desarrollo natural del producto. Para ello, únicamente seleccionamos materia prima procedente de pinos “pinus pinea”. Nuestra empresa, sólo elabora piñones extraidos de forma natural, es decir, piñas secadas al sol. Esto permite que los piñones elaborados no pierdan ninguna de sus propiedades de sabor, frescura y textura, evitando que se quemen al hornearlo, dando un aspecto dorado y exquisito. Nuestra experiencia y el uso de los medios más idóneos, nos permiten cumplir con nuestro objetivo en el laborioso proceso de elaboración de piñones, ofrecer un producto de la mayor calidad.",Consultar web o venta directa,983625120,pinonesie@pinonesie.com,https://www.pinonesie.com,,,https://www.google.com/maps/search/?api=1&query=TERESA%20MATE%2C%20pi%C3%B1ones%20de%20la%20tierra.%2C%20C.%20Norias%2C%207%2C%2047430%20Pedrajas%20de%20San%20Esteban%2C%20Valladolid&query_place_id=ChIJb3sh-g0wRw0RdG0FRIXtMok,41.3406157,-4.5787118,,pendiente,no comprobado
wamba-nuts-valladolid,WAMBA NUTS,Valladolid,Frutos secos,Almendra Ecológica Tostada,"C. Estadio, 7, 1°B, 47006 Valladolid","En el año 2013, los hermanos emprendedores Ignacio y Manuel decidieron reconvertir parte de la fincas familiares dedicadas durante siglos a la explotación intensiva de cereal al cultivo ecológico de almendras. Su objetivo era introducir el almendro, marginado desde tiempos inmemoriales a los linderos castellanos, en las tierras de mayor fertilidad, utilizando la variedad más idónea a nuestro clima extremo y aplicando las técnicas agrarias más benévolas con el medio ambiente. Durante 7 años se han plantado más de 22.000 almendros de la variedad Diamar en una extensión de casi 70 hectáreas, tanto en secano como en regadío, situados en los términos de las localidades de Wamba y Ciguñuela, provincia de Valladolid. Este hecho le permite erigirse como la explotación más longeva y extensa en cultivo de almendro ecológico de Castilla y León. En el año 2021, después de muchas dificultades que conlleva la introducción de un nuevo cultivo de forma ecológica en una zona sin tradición ni conocimiento de especies leñosas, es un honor dar a conocer la marca Wamba Nuts. Wamba Nuts es la primera almendra ecológica de la variedad Diamar, cultivada y comercializada en Castilla y León.",Consultar web o venta directa,619769290,info@wambanuts.es,https://wambanuts.es/,,https://www.instagram.com/wamba.nuts/,https://www.google.com/maps/search/?api=1&query=WAMBA%20NUTS%2C%20C.%20Estadio%2C%207%2C%201%C2%B0B%2C%2047006%20Valladolid&query_place_id=ChIJTyLcLrVtRw0RUelhZ-wXSuo,41.63931520000001,-4.7396692,,pendiente,no comprobado
valnut-villagarcia-de-campos,VALNUT,Villagarcía de Campos,Frutos secos,-NUECES,"Cam. Carremata, 6, 47840 Villagarcía de Campos, Valladolid","En Villagarcía de Campos los inviernos son duros, con fuertes vientos y heladas extremas. En el verano, las diferencias de temperaturas entre el día y la noche varían con una gran diferencia. Este clima es el que marca la excelencia de las nueces. Cada año, en el Pago de las Navas, las nueces Valnut.",Consultar web o venta directa,625371778,info@valnut.com,https://www.valnut.com,,,https://www.google.com/maps/search/?api=1&query=VALNUT%2C%20Cam.%20Carremata%2C%206%2C%2047840%20Villagarc%C3%ADa%20de%20Campos%2C%20Valladolid&query_place_id=ChIJH50JCQqHOA0RD3dVJWrPyEs,41.778918,-5.1846615,,pendiente,no comprobado
harinera-emilio-esteban-renedo-de-esgueva,HARINERA EMILIO ESTEBAN,Renedo de Esgueva,Harinas y cereales,- HARINA DE TRIGO HARINA DE TRIGO INTEGRAL HARINA DE TRIGO ECOLÓGICA HARINA DE CENTENO HARINA DE CENTENO INTEGRAL HARINA DE ESPELTA HARINA DE ESPELTA INTEGRAL HARINA DE AVENA HARINA DE MIJO HARINA DE SORGO HARINA DE ARROZ COPOS DE AVENA COP,"VA-140, 7.5, 47170 Renedo de Esgueva, Valladolid","Un molino significa tradición y para el resto de Europa es además la denominación actual de nuestro sector. Una fábrica de harinas fue el concepto que se acuñó a principios del siglo XX para diferenciarse de los viejos molinos existentes. Una harinera es el adjetivo perteneciente a la harina, aunque también sustantiva una instalación concreta. Cualquiera de estos tres conceptos sirven para identificar a Emilio Esteban porque esta empresa con tradición pero indudable modernización, sí que ""está metida en harina"" tal y como se describe en nuestro diccionario: ""estar empeñado con mucho ahínco en una obra o empresa""",Consultar web o venta directa,983508019,harinas@emilioesteban.com,https://www.emilioesteban.com,,,https://www.google.com/maps/search/?api=1&query=HARINERA%20EMILIO%20ESTEBAN%2C%20VA-140%2C%207.5%2C%2047170%20Renedo%20de%20Esgueva%2C%20Valladolid&query_place_id=ChIJI4ygWNgRRw0RIOj3m78Umz0,41.6617989,-4.6316434,,pendiente,no comprobado
la-fabulosa-huevos-de-oca-valladolid,LA FABULOSA -HUEVOS DE OCA-,Valladolid,Huevos,HUEVOS DE OCA,"C. de los Doctrinos, 14, 47001 Valladolid","La Fabulosa ofrece huevos de oca exquisitos y con un sabor único, debido al bienestar y cuidado de sus ocas criadas en un entorno exclusivo y al aire libre.",Consultar web o venta directa,646 51 56 11,lafabulosa.huevosdeoca@gmail.com,https://www.laoca.es/tiendas/valladolid,,https://www.instagram.com/la_oca/,https://www.google.com/maps/search/?api=1&query=LA%20FABULOSA%20-HUEVOS%20DE%20OCA-%2C%20C.%20de%20los%20Doctrinos%2C%2014%2C%2047001%20Valladolid&query_place_id=ChIJ-UZzbExtRw0RA0pyZlAB9W0,41.6494605,-4.7314776,,pendiente,no comprobado
caballo-blanco-villalon-de-campos,CABALLO BLANCO,Villalón de Campos,Huevos,- HUEVOS FRESCOS ESTUCHADOS XL HUEVOS FRESCOS ESTUCHADOS L HUEVOS FRESCOS ESTUCHADOS M PECHUGA DE POLLO MUSLO DE POLLO ALAS DE POLLO JAMONCITO DE POLLO CUARTO TRASERO DE POLLO MUSLO DE POLLO RELLENO PINCHO DE POLLO MORUNO BROCHETA DE POLLO ,"Ctra. Circunvalación, 20, 47600 Villalón de Campos, Valladolid","Ubicada en Villalón de Campos, localidad situada al norte de la provincia de Valladolid, en plena Tierra de Campos de donde obtenemos la materia prima básica de nuestros productos. Con una experiencia de más de 40 años en el sector avícola disponemos de unas modernas instalaciones que incluyen centro de embalaje de huevos, sala de despiece de aves, sala de elaborados y cámaras frigoríficas así como una red propia de distribución con vehículos frigoríficos dónde cada día un equipo de más de veinte personas trabajamos para elaborar y poner a disposición de nuestros clientes el producto más fresco y en las mejores condiciones. Nuestros principios son Calidad y Servicio.",Consultar web o venta directa,983761029,comercial@caballoblancosl.com,https://www.caballoblancosl.com,,,https://www.google.com/maps/search/?api=1&query=CABALLO%20BLANCO%2C%20Ctra.%20Circunvalaci%C3%B3n%2C%2020%2C%2047600%20Villal%C3%B3n%20de%20Campos%2C%20Valladolid&query_place_id=ChIJG0InHu6KRw0RVZ5s9o_QNOw,42.0965606,-5.0325875,,pendiente,no comprobado
queseria-zucca-portillo,QUESERIA ZUCCA,Portillo,Lácteos y quesos,- QUESO OVEJA CURADO QUESO OVEJA FRESCO REQUESÓN YOGUR,"Calle Antonio Machado, 10, 47160 Portillo, Valladolid","Quesería Zucca es un espacio de creaciones lácticas nacido de la inquietud de sus promotores de crear variedades de queso artesano únicas en España, el queso de pasta hilada de leche de oveja. Estos quesos no se prensan sino que Salvatore, el maestro quesero, los trabaja uno a uno manualmente, a partir de una cuajada que cuando llega a determinadas condiciones, adquiere tal plasticidad que cobra el aspecto de una delicada masa que debe trabajarse con mucha pericia. Este divertido proceso nos permite hacer quesos de forma, textura y sabor muy singulares. Habitualmente se elabora queso de pasta hilada con leche de vaca o búfala. En Zucca creíamos que era importante trabajar con un producto de tradición local, la leche de oveja, de manera que nuestros quesos tienen ese aroma y gusto inconfundibles que los hace tan particulares.",Consultar web o venta directa,620053251,queseriazucca@gmail.com,https://www.queseriazucca.com,,https://www.instagram.com/queseriazucca/,https://www.google.com/maps/search/?api=1&query=QUESERIA%20ZUCCA%2C%20Carretera%20Carramonte%2017.%20Local%201.%20Centro%20Provincial%20de%20la%20Artesan%C3%ADa%2C%2047160%2C%20Valladolid&query_place_id=ChIJ97MTZiE9Rw0R6lZbXZOfbJQ,41.4752914,-4.5798065,,pendiente,no comprobado
sirga-medina-de-rioseco,SIRGA,Medina de Rioseco,Lácteos y quesos,CREMA DE QUESO,"C. Corro de San Miguel, 2, 47800 Medina de Rioseco, Valladolid","SIRGA es una pequeña empresa que se dedica a la creación de cremas de queso. El origen del nombre viene dado por el canal de Castilla, el ramal del norte desemboca en Medina de Rioseco. Por el canal iban trasportadas las mercancías por unas barcazas tiradas por mulas, desde la orilla por un camino, conocido por el camino de Sirga. Sirga comienza con el objetivo de retomar unas tradiciones ya perdidas en la producción de queso. Se trata de un negocio familiar constituido desde hace más de 20 años, en un pueblo de la provincia de Valladolid llamado Medina de Rioseco, por una pequeña empresa de fabricación casera de quesos de origen español. Donde se daba tiempo al tiempo, para conseguir un proceso exquisito fruto de la experiencia de años de trabajo en otras empresas del mismo sector. Hoy en día, esta empresa ha sufrido una transformación dedicándose en la actualidad a la elaboración de cremas de quesos de oveja, cabra y tres leches, con el nombre de “Sirga”, continuando con la misma filosofía al elaborar el producto, pero contando también con la ventaja que aporta la tecnología en el proceso de fabricación. Esta pequeña empresa crea diferentes tipos de cremas de quesos mediante un proceso artesanal de gran cuidado, dando un resultado excelente y exquisito para el paladar. El proceso consta de diferentes fases, desde la elección de los diferentes quesos, hasta el producto final que es el tarro de crema.",Consultar web o venta directa,659 136 592,contacto@cremadequesosirga.com,https://cremadequesosirga.com/,,,https://www.google.com/maps/search/?api=1&query=SIRGA%2C%20C.%20Corro%20de%20San%20Miguel%2C%202%2C%2047800%20Medina%20de%20Rioseco%2C%20Valladolid&query_place_id=ChIJq6ouLLSARw0RpvIg6uwgWlE,41.88403090000001,-5.0419599,,pendiente,no comprobado
el-gran-cardenal-medina-del-campo,El Gran Cardenal,Medina del Campo,Lácteos y quesos,El Gran Cardenal Oveja trufa El Gran Cardenal oveja con aceite El Gran Cardenal oveja con romero El Gran Cardenal cabra y vaca ajo negro El Gran Cardenal cabra y vaca con vino Ribera del Duero El Gran Cardenal cabra pimentón El Gran Cardena,"Cañada Extremadura, 9, 47400 Medina del Campo, Valladolid","El comienzo Fundada en 1.951 por Francisco Martín Laredo, en la localidad de Torrelaguna (Madrid), donde inicia su andadura como maestro quesero elaborando queso de oveja. Debido a la cada vez mayor demanda, en 1.975 la producción se traslada al corazón de Castilla y León, en Medina del Campo (Valladolid), debido a la riqueza y calidad de la leche en esta zona. Desde entonces y hasta hoy, El Gran Cardenal elabora una gama de quesos que goza de gran prestigio y reconocimiento en el mercado, lo cual ha hecho que nuestros productos se encuentren en la mayoría de los supermercados, hipermercados y en un gran número de tiendas especializadas. Nuestros quesos se elaboran únicamente con leche de ganaderías cercanas, de Castilla y León, nuestra meseta, llena de rebaños de ovejas pastando libremente, posee unas características muy particulares, tanto por su clima mediterráneo continental como por su diversa vegetación y extensión. Madurado lentamente en secadero de madera, dando la vuelta uno a uno, los 365 días del año. Cuenta con un acabado diferenciado con la corteza estriada. Elaborados con un mezcla rica en leche de oveja, típica de la zona, donde se obtiene el 85% de la leche de oveja de toda España. Amparado por la marca de calidad «Queso Castellano» para la cual se requiere pasar unas estrictas auditorias de fábrica y de producto para cumplir la normativa. El Gran Cardenal ha sido la primera industria quesera que empezó a etiquetar con este distintivo. especializadas en toda España, así como cada vez en más países. La elaboración, cuidadosa y tradicional unida a la calidad de la leche, recogida diariamente durante los 365 días al año hacen de nuestros quesos, auténticos quesos castellanos de la más alta calidad. Con el reconocimiento internacional en nuestros quesos, galardonados en los más prestigiosos concursos nacionales e internacionales.",Consultar web o venta directa,983 80 00 26,info@elgrancardenal.com,https://www.elgrancardenal.com,,https://www.instagram.com/quesoselgrancardenal/,https://www.google.com/maps/search/?api=1&query=El%20Gran%20Cardenal%2C%20Ca%C3%B1ada%20Extremadura%2C%209%2C%2047400%20Medina%20del%20Campo%2C%20Valladolid&query_place_id=ChIJjZn5kE1QRw0RdhRY98rUJ0c,41.3003166,-4.9227935,,pendiente,no comprobado
queseria-gamazo-carbajosa-melgar-de-arriba,QUESERÍA GAMAZO CARBAJOSA,Melgar de Arriba,Lácteos y quesos,- QUESO SEMICURADO DE OVEJA QUESO CURADO DE OVEJA FRESCO VILLALON DE OVEJA PASTEURIZADO QUESO DE PATA DE MULO YOGURT DE OVEJA,"C. San Miguel, 8, 47686 Melgar de Arriba, Valladolid","Hace ya medio siglo que en Tierra de Campos se estableció QUESOS HERMANOS GAMAZO para hacer lo que mejor saben: QUESO PURO DE OVEJA. En realidad, el secreto de su labor artesana no es ningún misterio: seguimos fabricando el queso como manda la tradición. Esto es, con los ingredientesde leche cruda (sin pasterizar), cuajo, sal y con tiempo, mucho tiempo... Sólo así logramos el sabor inconfundible de un buen producto natural y con un aroma y sabor que en poco se diferencia del que recibiera Sancho Panza de manos de Dulcinea. De las dos referencias que empezamos fabricando, el semicurado y el curado, hemos ampliado a un buen número de variedades Nuestra últimas incorporaciones son el YOGUR Y EL QUESO FRESCO (que son nuestras únicas referencias pasterizadas). Además tenemos : PATA DE MULO, QUESO AÑEJO/RESERVA, AHUMADO AL ROMERO, A LA MANTECA…La idea es cubrir todas las posibilidades dentro de la leche de oveja, la mejor materia prima que produce “Tierra de Campos”.",Consultar web o venta directa,983785007,info@quesosgamazo.com,https://www.quesosgamazo.com,,https://www.instagram.com/quesosgamazo/,https://www.google.com/maps/search/?api=1&query=QUESER%C3%8DA%20GAMAZO%20CARBAJOSA%2C%20C.%20San%20Miguel%2C%208%2C%2047686%20Melgar%20de%20Arriba%2C%20Valladolid&query_place_id=ChIJ6XPsg2MIOA0RMZrYbkBTW7k,42.2686431,-5.095332099999999,,pendiente,no comprobado
queseria-artesanal-de-muzientes-mucientes,QUESERÍA ARTESANAL DE MUZIENTES,Mucientes,Lácteos y quesos,- QUESO DE OVEJA YOGUR DE OVEJA CUAJADA DE OVEJA,"Ctra. Villalba, km 1, 47194 Mucientes, Valladolid","En Mucientes, a tan sólo 10 kms. de Valladolid, se encuentra la “La Quesería Artesanal de Mucientes”, empresa de carácter familiar que elabora derivados lácteros partir de la leche obtenida en la ganadería de su propiedad. Retomando una experiencia del pasado, en el 2005 comenzaron a elaborar sus productos bajo el sello de calidad de Artesanía Alimentaria. La base de la calidad de sus productos, es la cuidada materia prima, obtenida a partir de una cuidada alimentación del ganado. También es posible visitar las instalaciones, concertando la visita previamente, donde nos ayudaran a cononcer el mundo del queso, y a valorar un producto tan representativo de nuestra provincia y nuestra comunidad.",Consultar web o venta directa,615655523,info@queseriademucientes.com,https://www.queseriademucientes.com,,http://instagram.com/ishabeluska/,https://www.google.com/maps/search/?api=1&query=QUESER%C3%8DA%20ARTESANAL%20DE%20MUZIENTES%2C%20Ctra.%20Villalba%2C%20km%201%2C%2047194%20Mucientes%2C%20Valladolid&query_place_id=ChIJpSIweIB0Rw0RVQEXtVimV4w,41.7431511,-4.7687222,,pendiente,no comprobado
queseria-artesanal-la-cruz-del-pobre-pedrajas-de-san-esteban,QUESERÍA ARTESANAL LA CRUZ DEL POBRE,Pedrajas de San Esteban,Lácteos y quesos,- QUESO DE OVEJA YOGURT CUAJADA REQUESÓN,"C. Palomar, 5, 47430 Pedrajas de San Esteban, Valladolid","Hace 14 años comenzamos a elaborar los quesos de la cruz del pobre. Quesos únicos ya que contamos con ganadería propia, únicamente usamos leche de nuestras propias ovejas, controlamos su alimentación y su ordeño mecánico, su estabulación nos permite aislarlas de fenómenos atmosféricos y su tranquilidad. Para hacer nuestros quesos usamos la receta de nuestra abuela Vicenta, que hace mas de 70 años elaboraba queso. La leche cruda, el cuajo natural y la sal, son los ingredientes que tienen nuestros redonditos. Quesos semicurados, curados y añejos, en formatos de kilo y dos kilos, también elaboramos pata mulo y unas marias de 220 gramos y 440 gramos. Unas delicias que no debes de dejar de probar. Te encantaran.",Consultar web o venta directa,983605501,info@lacruzdelpobre.es,https://www.lacruzdelpobre.es,,,https://www.google.com/maps/search/?api=1&query=QUESER%C3%8DA%20ARTESANAL%20LA%20CRUZ%20DEL%20POBRE%2C%20C.%20Palomar%2C%205%2C%2047430%20Pedrajas%20de%20San%20Esteban%2C%20Valladolid&query_place_id=ChIJm2wehnMwRw0RPg5Am5_LdQQ,41.34506,-4.586279999999999,,pendiente,no comprobado
canarejal-pollos,Cañarejal,Pollos,Lácteos y quesos,- Queso curado Cañarejal Cremoso Cañarejal Mantecoso Cañarejal Cañarejal Aromas Queso curado en AOVE,"Calle Cárcava, BAJO, 47116 Pollos, Valladolid","En 1996, la familia Santos, de tradición agricultora y ganadera, puso en marcha la quesería tradicional Cañarejal. Desde entonces se ha especializado en la fabricación de queso de oveja artesano, controlando todo el proceso de forma exhaustiva. Desde el cuidado y alimentación del rebaño propio de 2.000 ovejas, pasando por el ordeño y finalmente elaboración de los quesos de leche cruda de oveja. Cañarejal es el nombre de nuestro pago situado en el Parque Natural de las Riberas de Castronuño, a orillas del Duero, un entorno natural cubierto de variada vegetación, en el que predominan plantas aromáticas que imprimen ese particular sabor a la leche que se transforma en queso.",Consultar web o venta directa,983 793 058,ramon.santos@canarejal.es,https://www.canarejal.es,,https://www.instagram.com/quesos_canarejal/,https://www.google.com/maps/search/?api=1&query=Ca%C3%B1arejal%2C%20Calle%20C%C3%A1rcava%2C%20BAJO%2C%2047116%20Pollos%2C%20Valladolid&query_place_id=ChIJZTzqqHahOA0Rlod431my9Jo,41.4418423,-5.1278859,,pendiente,no comprobado
granja-cantagrullas-ramiro,GRANJA CANTAGRULLAS,Ramiro,Lácteos y quesos,- QUESO TIERNO TORREJÓN QUESO TIERNO MADURADO QUESO TIERNO BRAOJOS QUESO CHEDDAR 40 QUESO LANÁCTICA MANTEQUILLA YOGURT,"Camino del Calvario, S/N, 47453 Ramiro, Valladolid","Granja Cantagrullas es un pequeño e innovador obrador en el que se elaboran quesos, leches fermentadas y mantequilla. Localizado en Ramiro, al sur de la provincia de Valladolid, arranca en 2011 transformando la leche de las ovejas de raza castellana de la explotación familiar y hoy constituye una de las queserías de referencia a nivel nacional, tanto por sus singulares elaboraciones como por la estrategia de ventas y comunicación apoyada en una estrecha relación con decenas de restaurantes reconocidos con una o varias estrellas Michelin. En Cantagrullas ofrecen quesos elaborados con leche cruda de oveja a partir de diferentes tecnologías queseras, de modo que es posible descubrir las cualidades del terruño a través de diferentes texturas, aromas y sabores. Quesos de pasta blanda y corteza enmohecida natural, quesos lácticos con diferentes tipos y tiempos de afinado, quesos de gran formato y larga maduración para que los que usan las técnicas del cheddar, o la última creación, un queso de pasta blanda y corteza lavada. Además destacan por sus leches fermentadas, algunas a partir de leche pasteurizada y otras de leche cruda. Y también por sus mantequillas de oveja y de vaca, que hacen tanto fermentadas como naturales.",Consultar web o venta directa,696168677,ruben@granjacantagrullas.com,https://www.granjacantagrullas.com,,https://www.instagram.com/cantagrullas/,https://www.google.com/maps/search/?api=1&query=GRANJA%20CANTAGRULLAS%2C%20Camino%20del%20Calvario%2C%20S%2FN%2C%2047453%20Ramiro%2C%20Valladolid&query_place_id=ChIJ0UajyL9LRw0RUJ5sRAl457o,41.239574,-4.788936,,pendiente,no comprobado
queseria-campoveja-serrada,QUESERÍA CAMPOVEJA,Serrada,Lácteos y quesos,- QUESO SEMICURADO QUESO VIEJO QUESO AÑEJO QUESO AHUMADO QUESO CCL,"C. Porro, 62, 47231 Serrada, Valladolid","Quesos Campoveja, somos una empresa quesera ubicada en el corazón de Castilla y León. Nos encontramos dentro de la provincia de Valladolid, más exactamente en Serrada, excelente lugar para los amantes del queso y el vino. Los quesos Campoveja se obtienen a través de un proceso de elaboración de carácter artesanal a partir de leche cruda de oveja, sin pasteurizar ni homogenizar.",Consultar web o venta directa,983559405,informacion@quesoscampoveja.com,https://www.quesoscampoveja.com,,,https://www.google.com/maps/search/?api=1&query=QUESER%C3%8DA%20CAMPOVEJA%2C%20C.%20Porro%2C%2062%2C%2047231%20Serrada%2C%20Valladolid&query_place_id=ChIJsdjqcQNDRw0RX25d7-IuaZE,41.4546265,-4.860583699999999,,pendiente,no comprobado
quesos-quevedo-valladolid,QUESOS QUEVEDO,Valladolid,Lácteos y quesos,Queso de oveja madurado,"C. de los Doctrinos, 10, 47001 Valladolid","Quesería Quevedo fue fundada en 1.946, manteniendo y continuando con la elaboración artesanal de Quesos con Leche Cruda de Oveja. Su alta calidad, contrastada con la obtención de los premios más reconocidos a nivel nacional e internacional, ha sido posible mediante la utilización de la mejor materia prima, como es la leche de ovejas de raza churra y castellana. El objetivo, es seguir ofreciendo un Queso Artesano, diferente tanto por su textura como por su sabor. En la Quesería Quevedo se elabora el queso de forma tradicional y artesanal, complementándose con modernas instalaciones que sirven fundamentalmente para el prensado del queso, y para darle el punto de sal óptimo. En las cámaras de refrigeración, los quesos se van madurando de forma lenta y pausada, procediendo a su volteo cada 15 días, y controlándose diariamente su temperatura y humedad. De esta forma, el maestro quesero, determina la curación perfecta para su comercialización.",Consultar web o venta directa,983 50 21 10,info@queso-quevedo.es,https://www.queso-quevedo.es,,https://www.instagram.com/quesosquevedo/,https://www.google.com/maps/search/?api=1&query=QUESOS%20QUEVEDO%2C%20C.%20de%20los%20Doctrinos%2C%2010%2C%2047001%20Valladolid&query_place_id=ChIJifcxDNJtRw0RwYwBmCxnMUA,41.6494153,-4.7308652,,pendiente,no comprobado
queseria-hernandez-garcia-villalba-de-los-alcores,QUESERÍA HERNÁNDEZ GARCÍA,Villalba de los Alcores,Lácteos y quesos,- QUESO DE OVEJA SEMICURADO QUESO DE OVEJACURADO QUESO DE OVEJA AÑEJO,"Ctra. Valladolid, 5, 47639 Villalba de los Alcores, Valladolid","Empresa familiar dedicada tradicionalmente a la elaboración del queso de oveja, trabajado con leche cruda, procedente de los rebaños de nuestro entorno emplazado en la comarca Montes Torozos.",Consultar web o venta directa,983721688,info@quesoshernandezgarcia.com,https://www.quesoshernandezgarcia.com,,,https://www.google.com/maps/search/?api=1&query=QUESER%C3%8DA%20HERN%C3%81NDEZ%20GARC%C3%8DA%2C%20Ctra.%20Valladolid%2C%205%2C%2047639%20Villalba%20de%20los%20Alcores%2C%20Valladolid&query_place_id=ChIJkRX3o_ycRw0R7T9fIlOSKIU,41.8624181,-4.8635388,,pendiente,no comprobado
queseria-las-cortas-villalba-de-los-alcores,Quesería Las Cortas,Villalba de los Alcores,Lácteos y quesos,"- Queso de leche de oveja cruda corteza semilavada ""TOROZO"" Queso de leche de oveja cruda corteza enmohecida ""QUEJIGO"" Queso de leche de oveja cruda ""AZÚL"" Queso de leche de oveja termizada de pasta blanda ""MAJUELO"" Yogurt natural Kefir Lec","47639 Villalba de los Alcores, Valladolid","Quesería Las Cortas está formada por un equipo humano de amplia formación y con vocación emprendedora e innovadora, amantes de su tierra y de lo artesano. Somos técnicos y licenciados que desarrollamos nuestra actividad profesional de una manera directa con nuestra producción. Somos agricultores, ganaderos, educadores, maestros queseros… pero sobre todo somo personas que creemos en lo que hacemos y lo hacemos porque nos gusta.",Consultar web o venta directa,83 090 902 – 669 451 701,info@queserialascortas.com,https://www.queserialascortas.com,,https://www.instagram.com/queserialascortas/,https://www.google.com/maps/search/?api=1&query=Queser%C3%ADa%20Las%20Cortas%2C%2047639%20Villalba%20de%20los%20Alcores%2C%20Valladolid&query_place_id=ChIJLZ1rOD52Rw0R-3ZNvsp_a4I,41.8015856,-4.8325568,,pendiente,no comprobado
fabrica-de-quesos-de-villalon-de-campos-villalon-de-campos,FÁBRICA DE QUESOS DE VILLALÓN DE CAMPOS,Villalón de Campos,Lácteos y quesos,"Trova de Villalón, V de Campos, Flor de Campos y V de Villalón","C/Teso de San Martin s/n, 47600 Villalón de Campos, Valladolid","Productor local de lácteos y quesos en Villalón de Campos, incorporado al catálogo provincial de Valladolid y revisado con Google Maps.",Consultar web o venta directa,983 741 095,lacteosvillalon@gmail.com,,,,https://www.google.com/maps/search/?api=1&query=F%C3%81BRICA%20DE%20QUESOS%20DE%20VILLAL%C3%93N%20DE%20CAMPOS%2C%20C%2FTeso%20de%20San%20Martin%20s%2Fn%2C%2047600%20Villal%C3%B3n%20de%20Campos%2C%20Valladolid&query_place_id=ChIJn9AJLSKLRw0RGW6fUsjvWzI,42.0947131,-5.0263116,,pendiente,no comprobado
queseria-montequesos-villanubla,QUESERÍA MONTEQUESOS,Villanubla,Lácteos y quesos,- QUESO DE OVEJA SEMICURADO -QUESO DE OVEJA CURADO QUESO DE OVEJA VIEJA QUESO DE OVEJA PATA DE MULO QUESO DE OVEJA TORTA QUESO DE OVEJA EN ACEITE DE OLIVA,"C. Panaderos, 15, 47620 Villanubla, Valladolid","QUESERÍA MONTEQUESOS, S,L, nace en el año 2004 en Villanubla (Valladolid), fundada por José María Ramos, Lucia Martínez, Irene Ramos y Abel Ramos (padres e hijos) pertenecientes a un largo linaje de maestros queseros que alcanzan ya la quinta generación. Además de espacios dedicados a la elaboración del queso, también disponen de un despacho al público en el que se puede encontrar su gran variedad de productos. Entre los que destaca el Pataoveja ó Patamulo, singular por su forma y sorprendente en su sabor. Todos sus productos son elaborados de forma artesanal, respetando el medio ambiente y cumpliendo todos los requisitos sanitarios actuales. Siempre utilizando leche cruda de oveja seleccionada, fresca, pura, viva y natural.",Consultar web o venta directa,983561033,montequesos@yahoo.es,https://www.queseriamontequesos.com,,https://www.instagram.com/queseriamontequesos/,https://www.google.com/maps/search/?api=1&query=QUESER%C3%8DA%20MONTEQUESOS%2C%20C.%20Panaderos%2C%2015%2C%2047620%20Villanubla%2C%20Valladolid&query_place_id=ChIJq9KAVZlxRw0RIluptgmsqL0,41.6955198,-4.827317799999999,,pendiente,no comprobado
miel-zumbando-castromonte,MIEL ZUMBANDO,Castromonte,Miel,Miel artesana,"C. Ventanas, 18, 47641 Castromonte, Valladolid","Productor local de miel en Castromonte, incorporado al catálogo provincial de Valladolid y revisado con Google Maps.",Consultar web o venta directa,+34 699 95 78 99,,https://mielzumbando.com/contacto,,,https://www.google.com/maps/search/?api=1&query=MIEL%20ZUMBANDO%2C%20C.%20Ventanas%2C%2018%2C%2047641%20Castromonte%2C%20Valladolid&query_place_id=ChIJjX28Csp_Rw0R2bFf_xBww14,41.7734643,-5.0391045,,pendiente,no comprobado
miel-los-montes-torozos-la-santa-espina,"MIEL ""LOS MONTES TOROZOS""",La Santa Espina,Miel,- MIEL DE TOMILLO MIEL DE ENCINA MIEL DE ESPLIEGO MIEL DE BREZO,"Pso del monasterio, s/n, 47641 La Santa Espina, Valladolid","Desde 1980 nuestra familia se dedica a la comercialización y producción de los productos de la colmena. Aunque anteriormente teníamos constituida una C.B., la empresa no empezó a funcionar como tal hasta 1997, desde entonces nos abalan muchos años de experiencia en la producción, extracción y envasado de la miel. Nuestros productos se pueden encontrar desde esta fecha en múltiples Ferias de Alimentación Artesana, Tiendas selectas de alimentación, Herboristerías, Carnicerías de gran calidad y prestigio... distribuidas por toda la provincia de Valladolid principalmente. Nuestra miel se caracteriza por su calidad superior al garantizar siempre el ser Miel del año. Cosecha propia. Una miel de temporada ofrece todas sus garantías de mantener todas sus propiedades tanto curativas como alimentarias, de una miel recién extraída.",Consultar web o venta directa,983333350,mieltorozos@gmail.com,https://www.mielmontestorozos.es,,https://www.instagram.com/mielmontestorozos/,https://www.google.com/maps/search/?api=1&query=MIEL%20%22LOS%20MONTES%20TOROZOS%22%2C%20Pso%20del%20monasterio%2C%20s%2Fn%2C%2047641%20La%20Santa%20Espina%2C%20Valladolid&query_place_id=ChIJH6ghl36BOA0R5FAalCKPENg,41.73059809999999,-5.1046002,,pendiente,no comprobado
miel-sandonis-portillo,MIEL SANDONIS,Portillo,Miel,MIEL SANDONIS,"C. Colegio, 13, 47160 Portillo, Valladolid",Empresa creada en el 2005 con colmenas en la localidades de Portillo y Villaverde de Medina.,Consultar web o venta directa,983556861,vikiperezramos@gmail.com,https://alimentosdevalladolid.diputaciondevalladolid.es/-/miel-sandonis,,https://www.instagram.com/alimentosvall/,https://www.google.com/maps/search/?api=1&query=MIEL%20SANDONIS%2C%20C.%20Colegio%2C%2013%2C%2047160%20Portillo%2C%20Valladolid&query_place_id=ChIJQ5v0SWI9Rw0Rl3SNPxOE5HM,41.4790362,-4.5922499,,pendiente,no comprobado
pecorea-san-pedro-de-latarce,PECOREA,San Pedro de Latarce,Miel,"MIEL FLORES, LAVANDA, TOMILLO, ENCINA, BOSQUE, BREZO","C. César Silio, 17, 47851 San Pedro de Latarce, Valladolid","Mas de 25 años y dos generaciones de apicultores artesanos y agricultores con certificación ecológica. Nuestras mieles son extraídas de manera artesanal y tradicional, respetando en todo momento el gran trabajo de nuestras abejas. Realizamos una agricultura ecológica y apicultura sostenible desde hace 25 años.",Consultar web o venta directa,+34 620 385 194,adrian@pecorea.es,https://www.pecorea.es,,https://www.instagram.com/pecoreamiel/,https://www.google.com/maps/search/?api=1&query=PECOREA%2C%20C.%20C%C3%A9sar%20Silio%2C%2017%2C%2047851%20San%20Pedro%20de%20Latarce%2C%20Valladolid&query_place_id=ChIJ2TVvt9KLOA0RXdxGA0aEKe4,41.73473329999999,-5.3258015,,pendiente,no comprobado
miel-79-tiedra,MIEL 79,Tiedra,Miel,- Miel de Lavanda Miel Flores de Castilla Miel Bosque y Romero. (Varios formatos),"VP-6604, 47870 Tiedra, Valladolid","Setentaynueve es una empresa familiar dedicada a la producción y comercialización de productos derivados de la colmena, formada por dos hermanos, Oscar y Samuel. En 2018, decidimos convertir la pasión de nuestro padre que siempre tuvo colmenas por afición, en un oficio del que vivir. El objetivo está claro, obtener productos de excelente calidad combinando tradición e innovación. Siempre de una manera responsable y sostenible con el medio ambiente y nuestras abejas. Tratamos de poner en valor lo natural y artesano, el mundo rural y sobre todo la miel. Estamos ubicados en Tiedra (Valladolid), nuestro pueblo, por lo que nos encontramos en las estribaciones de los Montes Torozos. Pero como España es un país con unos paisajes y condiciones climatológicas realmente magníficas y variopintas, decidimos ser apicultores trashumantes, de manera que movemos nuestras colmenas buscando distintas floraciones que no hay en nuestro entorno cercano. Probar nuestras mieles es saborear la riqueza de las tierras, de paisajes diversos y entornos únicos. Todas nuestras mieles son crudas, es decir sin pasteurizar.",Consultar web o venta directa,656 786 188,info@setentaynueve.es,https://www.setentaynueve.es/,,,https://www.google.com/maps/search/?api=1&query=MIEL%2079%2C%20VP-6604%2C%2047870%20Tiedra%2C%20Valladolid&query_place_id=ChIJV0e_-cyPOA0Rz6c7KJoH9D0,41.6532315,-5.2625378,,pendiente,no comprobado
mielegante-torrelobaton,MIELEGANTE,Torrelobatón,Miel,Miel de flores clara Miel de flores oscura Miel de lavanda Miel de bosque Miel de crema,"C. Caño, 47134 Torrelobatón, Valladolid",Miel,Consultar web o venta directa,639 53 69 87,mielegante@hotmail.com farruva@hotmail.com,http://www.mielegante.es/,,https://www.instagram.com/mielegante/,https://www.google.com/maps/search/?api=1&query=MIELEGANTE%2C%20C.%20Ca%C3%B1o%2C%2047134%20Torrelobat%C3%B3n%2C%20Valladolid&query_place_id=ChIJGeVK2UdjRw0RDxYKXkfPNpQ,41.6465457,-5.0259385,,pendiente,no comprobado
deliciass-centro-de-reposteria-creativa-arrabal-de-portillo,DELICIASS. CENTRO DE REPOSTERÍA CREATIVA,Arrabal de Portillo,Pan y pastelería,- MAGDALENAS BIZCOCHOS GALLETAS,"C. Ensanche, 13C, 47160 Arrabal de Portillo, Valladolid","Deliciass nace de la ilusión y de la creatividad, somos un obrador pequeñito en el que todas las elaboraciones se realizan d manera totalmente artesanal, empleando materias primas de primera calidad, y donde cuidamos que la presentación y sabores de nuestras elaboraciones sean las que se encarguen de enamorar los paladares de nuestros clientes más exigentes. Nos adaptamos a sus gustos, ya la producción se realiza bajo pedido para cada uno de nuestros clientes, por lo que siempre disfrutaran de los bizcochos, magdalenas y galletas más recientes y frescas…",Consultar web o venta directa,619455307,celia@deliciass.es,https://www.deliciass.es,,https://www.instagram.com/deliciass_reposteria_creativa/,https://www.google.com/maps/search/?api=1&query=DELICIASS.%20CENTRO%20DE%20REPOSTER%C3%8DA%20CREATIVA%2C%20C.%20Ensanche%2C%2013C%2C%2047160%20Arrabal%20de%20Portillo%2C%20Valladolid&query_place_id=ChIJHQ9TZiE9Rw0RScSLRfzdh-w,41.4735692,-4.5915374,,pendiente,no comprobado
mantecados-estilita-arrabal-de-portillo,MANTECADOS ESTILITA,Arrabal de Portillo,Pan y pastelería,- MANTECADOS CIEGAS AMARGUILLOS PASTA PIÑÓN PASTA ALMENDRAS PASTA YEMA MORENITO NEVADITO HOJALDRES POLVORONES BOLLO ACEITE SURTIDO ROSQUILLA LIMÓN,"C. Prol. C. Canóniga, 7, 47160 Arrabal de Portillo, Valladolid","Confitería tradicional pasando de generación en generación, actualmente regentada por la tercera generación.",Consultar web o venta directa,983556326,MADECAT@hotmail.com,,,,https://www.google.com/maps/search/?api=1&query=MANTECADOS%20ESTILITA%2C%20C.%20Prol.%20C.%20Can%C3%B3niga%2C%207%2C%2047160%20Arrabal%20de%20Portillo%2C%20Valladolid&query_place_id=ChIJS5jpuB09Rw0RXgy7mqff5Yg,41.4715639,-4.5896335,,pendiente,no comprobado
mantecados-molpeceres-arrabal-de-portillo,MANTECADOS MOLPECERES,Arrabal de Portillo,Pan y pastelería,- MANTECADO BOLLO DE ACEITE PASTAS DE PIÑÓN PASTAS DE ALMENDRA PASTAS DE YEMA,"Av. Reverendo José Montero, 4, 47160 Arrabal de Portillo, Valladolid","Fundada en 1962 en Arrabal de Portillo, artesano de segunda generación, siguiendo la tradición en la fabricación de los productos. Poca producción y utilizando materias primas de calidad. Dedicando tiempo y pausa para que los productos realcen su máxima calidad.",Consultar web o venta directa,983 55 61 88,josemolpeceres@gmail.com,,,,https://www.google.com/maps/search/?api=1&query=MANTECADOS%20MOLPECERES%2C%20Av.%20Reverendo%20Jos%C3%A9%20Montero%2C%204%2C%2047160%20Arrabal%20de%20Portillo%2C%20Valladolid&query_place_id=ChIJZ8BiXRw9Rw0RbjGOpIx5MNI,41.4736255,-4.5903064,,pendiente,no comprobado
dulces-f-soria-campaspero,DULCES F. SORIA,Campaspero,Pan y pastelería,- AMARGUILLOS BOCADITOS DE ALMENDRA BOCADITOS DE PIÑÓN BOLLITOS CANTOS HOJALDRES LENGUAS DE GATO MANTECOCOS MARUSOS MAZAPÁN PASTAS DE ALMENDRA PASTAS DE COCO PASTAS DE TÉ,"Calle Nte., 35, 47310 Campaspero, Valladolid","Dulces F. Soria es una pequeña empresa familiar dedicada a la elaboración de productos de pasteleria, tanto a nivel industrial como artesano, que generación tras generación ha ido perpetuandose pasando el testigo de padres a hijos como otras muchas empresas de estas características. Estamos establecidos en una pequeña población de la provincia de Valladolid a 50 Km de la capital en el corazón mismo de la comarca de la ""Churreria"", famosa por sus dulces, sus lechazos y por sus canteras de piedra natural.",Consultar web o venta directa,983698058,dulcesfsoria@dulcesfsoria.es,https://www.dulcesfsoria.es,,,https://www.google.com/maps/search/?api=1&query=DULCES%20F.%20SORIA%2C%20Calle%20Nte.%2C%2035%2C%2047310%20Campaspero%2C%20Valladolid&query_place_id=ChIJnWgWyvnCRg0REyh2mEgZSl0,41.49362379999999,-4.1961504,,pendiente,no comprobado
el-bombon-cisterniga,EL BOMBÓN,Cistérniga,Pan y pastelería,- GLORIAS CANAPES BOMBONES MACARRONS,"Rda. del Sauce, 47193 Cistérniga, Valladolid","Somos una pastelería especializada en la elaboración de confitería y bombonería selecta. Nuestras tiendas, ubicadas en pleno corazón de Valladolid, detrás del Teatro Calderón y en Plaza Fuente Dorada, venden la bombonería más exquisita y artesanal de la capital vallisoletana, junto con otras muchas especialidades, como “las Glorias”.",Consultar web o venta directa,983296144,elbombon@elbombon.com,https://www.elbombon.com,,https://www.instagram.com/elbombonvalladolid/,https://www.google.com/maps/search/?api=1&query=EL%20BOMB%C3%93N%2C%20Rda.%20del%20Sauce%2C%2047193%20Cist%C3%A9rniga%2C%20Valladolid&query_place_id=ChIJZzjoOb4TRw0RjjbiLtDLKzI,41.5960459,-4.6684562,,pendiente,no comprobado
el-dulce-confiteria-pasteleria-cisterniga,EL DULCE CONFITERÍA PASTELERÍA,Cistérniga,Pan y pastelería,"PASTAS DE TÉ, PALMERITAS, LAZOS DE HOJALDRE, ROSQUILLAS FRITAS, ROSQUILLAS DE PALO, CIEGAS, TEJAS, MANTECADOS, ALMENDRADOS, HOJALDRITOS, MAGDALENAS DE AOVE, BIZCOCHOS, AMARGUILLOS, TURRONES, POLVORONES, PANETTONES, ROSCONES, EMPIÑONADOS, OJ","C. Cañada Real de Soria, 2, Portal 4, 47193 Cistérniga, Valladolid","El Dulce es una empresa joven y familiar, especializada en pastelería y confitería situada en las localidades de La Cistérniga y Tudela de Duero (Valladolid). El Dulce nació en el año 2010 con la tercera generación de pasteleros, nietos del Sr. Ángel Gómez Esteban, quien se inició en el mundo de la repostería allá por el año 1932 en Escalona de Prado (Segovia), comenzando a elaborar las que a día de hoy son una de las mejores rosquillas fritas del mercado, y que en El Dulce continuamos haciendo de la misma forma a mano, una a una, como se ha ido transmitiendo de generación en generación. Junto a la pastelería tradicional hemos ido incorporando a nuestra actividad toda una serie de tartas, pasteles, pastas y otros productos de gran elaboración que demuestran día a día que somos una empresa a tener en cuenta en el sector de la repostería. En El Dulce nos esforzamos por ofrecer productos de máxima calidad, que junto a un trato amable y cercano hacen que seamos reconocidos por nuestros clientes. Escuchamos al cliente y le ofrecemos aquella solución que más se adapta a sus necesidades, desde unas simples galletas hasta la realización de una tarta de boda, todo tiene cabida en nuestra empresa.",Consultar web o venta directa,983662827,info@eldulce.es,https://www.eldulce.es,,https://instagram.com/eldulcecp/,https://www.google.com/maps/search/?api=1&query=EL%20DULCE%20CONFITER%C3%8DA%20PASTELER%C3%8DA%2C%20C.%20Ca%C3%B1ada%20Real%20de%20Soria%2C%202%2C%20Portal%204%2C%2047193%20Cist%C3%A9rniga%2C%20Valladolid&query_place_id=ChIJT7QD56ATRw0RdcpEoVjxKDQ,41.6092664,-4.6842608,,pendiente,no comprobado
reposteria-artesana-la-tia-melitona-fresno-el-viejo,"Repostería Artesana ""La Tía Melitona""",Fresno el Viejo,Pan y pastelería,- ROCAS DE CHOCOLATE PASTAS DE NARANJA Y CHOCOLATE GALLETAS DE CANELA MELITONES PASTAS DE TÉ PASTAS DE ALMENDRA LENGUAS DE GATO GALLETA BOCADITOS DE SABORES COOKIES MAGDALENAS BOLLOS SUIZOS BOLLOS DE ACEITE NEVADITOS POLVORONES,"C. José Velázquez, 19, 47480 Fresno el Viejo, Valladolid","Negocio de tradición familiar. Varias generaciones atrás como panaderos. Desde el año 2006 nos decidimos a apostar por la repostería tradicional trabajando como nuestros antepasados lo hacían. Todo elaborado de manera artesanal y cociendo nuestros productos en horno de leña de encina. Somos fieles a nuestro lema ""mantenemos las tradiciones"". Elaboramos productos de repostería tradicional típica de la zona. Nuestro producto estrella y el que nos diferencia son los melitones de la Tía Melitona, bizcocho hecho a base de mantequilla y almendra principalmente que gusta a todo el que lo prueba.",Consultar web o venta directa,659802983,latiamelitona@hotmail.com,https://www.latiamelitona.com,,https://www.instagram.com/latiamelitona/,https://www.google.com/maps/search/?api=1&query=Reposter%C3%ADa%20Artesana%20%22La%20T%C3%ADa%20Melitona%22%2C%20C.%20Jos%C3%A9%20Vel%C3%A1zquez%2C%2019%2C%2047480%20Fresno%20el%20Viejo%2C%20Valladolid&query_place_id=ChIJ-1VJpIKsOA0Rpcxyn0m8Te8,41.1971824,-5.1436674,,pendiente,no comprobado
panaderia-roman-fuensaldana,PANADERÍA ROMÁN,Fuensaldaña,Pan y pastelería,- MAGDALENAS ACEITE DE OLIVA MOSTACHÓN PASTAS CASERAS COCO CASERO POLVORONES TEJAS GALLETAS TOSTAS CHICHARRONES,"Pl. Iglesia, 1, 47194 Fuensaldaña, Valladolid","Productor local de pan y pastelería en Fuensaldaña, incorporado al catálogo provincial de Valladolid y revisado con Google Maps.",Consultar web o venta directa,665974241,,,,,https://www.google.com/maps/search/?api=1&query=PANADER%C3%8DA%20ROM%C3%81N%2C%20Pl.%20Iglesia%2C%201%2C%2047194%20Fuensalda%C3%B1a%2C%20Valladolid&query_place_id=ChIJLT71tAZzRw0RJG-oIY-E2vs,41.7068733,-4.7653723,,pendiente,no comprobado
productos-el-villar-gallegos-de-hornija,PRODUCTOS EL VILLAR,Gallegos de Hornija,Pan y pastelería,- PELUSAS MAGDALENAS PASTAS CASERAS PASTAS CASERAS DE ALMENDRA PASTAS CASERAS DE PIÑÓN PASTAS CASERAS DE CHOCOLATE BOLLOS DE ACEITE BOLLOS DE ACEITE DE ALMENDRA MANTECADOS,"C. Nueva, 6, 47134 Gallegos de Hornija, Valladolid","Somos una empresa familiar con más de medio siglo de experiencia en la elaboración de dulces y pan. Actualmente nuestros productos llegan a diversas localidades importantes de la región. Nuestro afán de superación e inconformismo hacen que busquemos ampliar las fronteras de nuestros productos colaborando con nuevos clientes. A pesar de formar parte de la Asociación de Artesanos de Castilla y León, combinamos esta característica con las actuales tecnologías en materia de panadería así como modernas instalaciones. También contamos con el sello de garantía de calidad de Tierra de Sabor en muchos de nuestros productos.",Consultar web o venta directa,983788131,productoselvillar@productoselvillar.com,https://www.productoselvillar.com,,,https://www.google.com/maps/search/?api=1&query=PRODUCTOS%20EL%20VILLAR%2C%20C.%20Nueva%2C%206%2C%2047134%20Gallegos%20de%20Hornija%2C%20Valladolid&query_place_id=ChIJI3mCzQCdOA0R49Zzku53nrY,41.60986339999999,-5.0964022,,pendiente,no comprobado
dulces-vela-iscar,DULCES VELA,Íscar,Pan y pastelería,- Bollos de baño Pastas de yema Galletas caseras Cocadas Magdalenas Bollos de azúcar Nevaditos Pastas cuadradas Polvorones Roscas de baño Rosquillas de palo Rosquillas ciegas Bollos de piñón Pastas de almendra,"Calle Pte., 10, 47420 Íscar, Valladolid","No cabe duda que hoy por hoy en este bonito oficio de la dulcería cada vez resulta más difícil poder seguir encontrando esos pequeños obradores que día a día mantienen viva la ilusión de seguir trabajando para que no desaparezcan los tradicionales dulces típicos de nuestros pueblos, los de toda la vida. DULCES VELA, en Iscar, es parte de esto último, es un claro ejemplo de obrador artesano y familiar, que desde el 1983 lleva dedicándose a ello. Arrancando con saberes artesanos de antaño y con mucha ilusión y esfuerzo del presente ha querido seguir conservando y manteniendo la elaboración de exquisitos dulces centenarios, donde destaca como no con “LAS CIEGAS DE ISCAR”.",Consultar web o venta directa,983611787,dulcesvela@gmail.com,https://www.dulcesvela.es,,https://www.instagram.com/dulcesvela/,https://www.google.com/maps/search/?api=1&query=DULCES%20VELA%2C%20Calle%20Pte.%2C%2010%2C%2047420%20%C3%8Dscar%2C%20Valladolid&query_place_id=ChIJraPyv2clRw0RZ3WPor8VQEM,41.3603172,-4.5399813,,pendiente,no comprobado
pasteleria-isma-iscar,PASTELERÍA ISMA,Íscar,Pan y pastelería,- PASTAS DE TÉ TEJAS CASTAÑUELAS,"C. Mesones, 24, 47420 Íscar, Valladolid","Somos dos hermanas, Mª Jesús y Mª Isabel que actualmente hacemos nuestro producto estrella las castañuelas, un dulce dedicadado en parte a la Gran Bailarina nacida en Iscar, Mariemma. Con ellas ganamos el primer premio de dulcería de Castilla Y León, y el primer premio en Aguilar de Campo al dulce más original. También elaboramos todo tipo de pastas y pastelería en general.",Consultar web o venta directa,983612148,isabelmd47@msn.com,,,,https://www.google.com/maps/search/?api=1&query=PASTELER%C3%8DA%20ISMA%2C%20C.%20Mesones%2C%2024%2C%2047420%20%C3%8Dscar%2C%20Valladolid&query_place_id=ChIJ41tPD2UlRw0RIFNbqLNZPBk,41.3602703,-4.5340148,,pendiente,no comprobado
reposteria-la-giralda-de-castilla-matapozuelos,REPOSTERÍA LA GIRALDA DE CASTILLA,Matapozuelos,Pan y pastelería,- MANTECADOS AL VINO VERDEJO EMPANADA DE CONEJO HORNAZO DE MATAPOZUELO TORTA DE CHICHARROS BOLLAIMÓN BOLLO DE AZUCAR PASTAS DE PIÑÓN PASTAS DE ALMENDRA PASTAS DE YEMA BIZCOCHETAS MAGDALENAS TORTOS DE MOSTO MORITOS ROSQUILLAS DE PALO,"Rda. Flores, 12, 47230 Matapozuelos, Valladolid","La Giralda de Castilla, heredera de una tradición repostera de siglos, elabora artesanalmente las recetas más auténticas y sabrosas, transmitidas de padres a hijos, utilizando las mejores materias primas que produce la meseta castellana.",Consultar web o venta directa,983832965,repostgiralda@yahoo.es,https://www.lagiraldadecastilla.es,,https://www.instagram.com/angelesleonardona/,https://www.google.com/maps/search/?api=1&query=REPOSTER%C3%8DA%20LA%20GIRALDA%20DE%20CASTILLA%2C%20Rda.%20Flores%2C%2012%2C%2047230%20Matapozuelos%2C%20Valladolid&query_place_id=ChIJjUAtMtBHRw0RMhAvZZOCZuI,41.4147896,-4.7873845,,pendiente,no comprobado
la-flor-de-castilla-medina-de-rioseco,LA FLOR DE CASTILLA,Medina de Rioseco,Pan y pastelería,Pan y pastelería,"C. San Juan, 6, 47800 Medina de Rioseco, Valladolid","Productor local de pan y pastelería en Medina de Rioseco, incorporado al catálogo provincial de Valladolid y revisado con Google Maps.",Consultar web o venta directa,983 70 08 87,laflordecastillamrsl@gmail.com,https://www.laflordecastilla.com/,,https://www.instagram.com/laflordecastilla/,https://www.google.com/maps/search/?api=1&query=LA%20FLOR%20DE%20CASTILLA%2C%20C.%20San%20Juan%2C%206%2C%2047800%20Medina%20de%20Rioseco%2C%20Valladolid&query_place_id=ChIJIVWjglaHRw0R_gMz4-J5JUw,41.8835459,-5.0450117,,pendiente,no comprobado
panaderia-elias-marcos-medina-de-rioseco,PANADERÍA ELÍAS MARCOS,Medina de Rioseco,Pan y pastelería,- PAN CANDEAL CHAPATA ESPIGAS MAGDALENAS ROSQUILLAS BOLLOS BOLLOS DE ACEITE PASTAS TORTAS DE CHICHARRONES BOLLERÍA,"C. Raúl Guerra Garrido, 10, 47800 Medina de Rioseco, Valladolid","Productor local de pan y pastelería en Medina de Rioseco, incorporado al catálogo provincial de Valladolid y revisado con Google Maps.",Consultar web o venta directa,983701104,,,,,https://www.google.com/maps/search/?api=1&query=PANADER%C3%8DA%20EL%C3%8DAS%20MARCOS%2C%20C.%20Ra%C3%BAl%20Guerra%20Garrido%2C%2010%2C%2047800%20Medina%20de%20Rioseco%2C%20Valladolid&query_place_id=ChIJGXg4p7OARw0RX27ySi6EQ4k,41.8858089,-5.045963100000001,,pendiente,no comprobado
panaderia-blanco-olmedo,PANADERÍA BLANCO,Olmedo,Pan y pastelería,- MAGDALENAS ROSQUILLAS,"C. Marcos Salgueiro, 2, BAJO, 47410 Olmedo, Valladolid","Productor local de pan y pastelería en Olmedo, incorporado al catálogo provincial de Valladolid y revisado con Google Maps.",Consultar web o venta directa,983623171,maribcendon@hotmail.com,http://www.pasteleriafrias.es/,,https://www.instagram.com/pasteleriafrias/,https://www.google.com/maps/search/?api=1&query=PANADER%C3%8DA%20BLANCO%2C%20C.%20Marcos%20Salgueiro%2C%202%2C%20BAJO%2C%2047410%20Olmedo%2C%20Valladolid&query_place_id=ChIJReWzfl82Rw0RxjUPV6gk8Us,41.288611,-4.6864878,,pendiente,no comprobado
pasteleria-artesana-el-harnero-pedrajas-de-san-esteban,PASTELERÍA ARTESANA EL HARNERO,Pedrajas de San Esteban,Pan y pastelería,Pan y pastelería,"C. Libertad, 23, 47430 Pedrajas de San Esteban, Valladolid","Productor local de pan y pastelería en Pedrajas de San Esteban, incorporado al catálogo provincial de Valladolid y revisado con Google Maps.",Consultar web o venta directa,983 62 51 12/ 625 51 47 66,elharnero@hotmail.es,,,,https://www.google.com/maps/search/?api=1&query=PASTELER%C3%8DA%20ARTESANA%20EL%20HARNERO%2C%20C.%20Libertad%2C%2023%2C%2047430%20Pedrajas%20de%20San%20Esteban%2C%20Valladolid&query_place_id=ChIJg6ZmZhIwRw0RTx2aBRQSzSA,41.3394191,-4.579698,,pendiente,no comprobado
panaderia-julia-san-pedro-de-latarce,PANADERÍA JULIA,San Pedro de Latarce,Pan y pastelería,"PRODUCTOS DE PANADERÍA, MAGDALENAS, PELUSAS, PASTAS, ROSQUILLAS DE LA MIAJA, GALLETAS ROSQUILLAS DE ANÍS, COCOS, PASTAS DE CHOCOLATE Y BOLLOS","C. Regato, 67, 47851 San Pedro de Latarce, Valladolid",ELABORACIÓN DE PRODUCTOS DE PANADERÍA Y DULCES TRADICIONALES.,Consultar web o venta directa,983 72 30 03,,,,,https://www.google.com/maps/search/?api=1&query=PANADER%C3%8DA%20JULIA%2C%20C.%20Regato%2C%2067%2C%2047851%20San%20Pedro%20de%20Latarce%2C%20Valladolid&query_place_id=ChIJpRA8d-mLOA0RrbBBl-rDux0,41.7342097,-5.3249745,,pendiente,no comprobado
dulces-artesanos-pedepa-santovenia-de-pisuerga,DULCES ARTESANOS PEDEPA,Santovenia de Pisuerga,Pan y pastelería,-OBLEAS -BARQUILLOS -BARQUILLOS DE CHOCOLATE -ROSQUILLAS FRITAS -EMPANADAS DE HOJALDRE DE PISTO Y PICADILLO DE CERDO -EMPANADA DE HOJALDRE DE PISTO Y ATÚN -COCADAS -TORTAS DE CHICHARRONES -MASA FRITA ANACARDOS GARRAPIÑADOS -AVELLANAS GARRAP,"C. Ingleses, 8, 47155 Santovenia de Pisuerga, Valladolid","Dulces artesanos Pedepa S.C. es un pequeño obrador artesanal de repostería tradicional situado en Santovenia de Pisuerga (Valladolid). La primera licencia de apertura data del año 1996 hasta 2008 donde la industria artesana denominada Obleas Pedepa producía Obleas y Barquillos cuyo estandarte eran los barquillos de canela y chocolate que eran vendidos en ferias y fiestas en Castilla y León. En la actualidad Dulces Artesanos Pedepa S.C. la forma la siguiente generación familiar de artesanos que además del delicioso Pan de Ángel ( obleas) y Barquillos de diferentes sabores también ofrecemos unas ricas Tortas de Chicharrones , los tradicionales dulces de Valladolid y toda Castilla y León ""canutillos de crema o chocolate"", extraordinarios garrapiñados elaborados a mano con utensilios pertenecientes a la vieja escuela de maestros artesanos de Valladolid desde la clásica almendra garrapiñada a productos mas complicados como la Macadamia o Nuez pasando por productos innovadores a la par de complicados como la castaña del Bierzo garrapiñada , crujientes y sabrosas rosquillas fritas, y para pasar al salado con nuestra variedad de empanadas de hojaldre rellenas al gusto de nuestros clientes mas fieles. Desde Mayo de 2017 nuestros productos están incluidos en la marca de calidad Tierra de Sabor ""Sabor Artesano"". Esperando disfrutar con lo que hacemos es un honor poder llevar el emblema de Alimentos de Valladolid en todos nuestros productos con humildad, dedicación y al final siempre es intentar agradar a los nuestros con lo que sabemos hacer. Sin mas un placer .",Consultar web o venta directa,653941689,,http://www.panmayado.es/,,http://instagram.com/panmayado/,https://www.google.com/maps/search/?api=1&query=DULCES%20ARTESANOS%20PEDEPA%2C%20C.%20Ingleses%2C%208%2C%2047155%20Santovenia%20de%20Pisuerga%2C%20Valladolid&query_place_id=ChIJGUOj_qMNRw0Ra72_5TUlze0,41.6913042,-4.6797026,,pendiente,no comprobado
pastelleria-y-dulces-galicia-tordesillas,PASTELLERÍA Y DULCES GALICIA,Tordesillas,Pan y pastelería,- POLVORONES “EL TORO” Y TORITOS DE CHOCOLATE AMARGUILLOS CANELOS PALMERAS FLORENTINAS PASTAS DE TE PASTAS ARTESANAS ROSQUILLAS,"C. Sta. María, 2, 47100 Tordesillas, Valladolid","Pastelería y Dulces Galicia comienza su actividad hacia el año 1850 en Tordesillas, donde continúa ininterrumpidamente hasta la actualidad pasando de padres a hijos. Es por ello que elabora dulces tradicionales de forma artesana respetando las recetas originarias. Entre estos dulces se encuentran los afamados polvorones El Toro, que es el producto más conocido y extendido, elaborado por Dulces Galicia. Otros productos destacados, elaborado desde siempre y que alguno se han convertido en productos típicos de Tordesillas son los amarguillos, las palmeras y rosquillas, los canelos, los Alfonsinos, los monos y cayadas de San Vicente y los mojicones, todos únicos y exclusivos de esta pastelería, con un sello de identidad propio. Elaboramos también desde siempre los dulces característicos de nuestra región, como son las pastas artesanas, bollos de aceite, bollos de hojaldre y mantecados. A estos se añaden otros dulces más actuales como son las florentinas, las pastas de té y por último destacar los Toritos de chocolate que son nuestros mantecados cubiertos de chocolate que recientemente hemos incorporados a nuestro recetario.",Consultar web o venta directa,983770205,info@dulcesgalicia.es; administracion@dulcesgalicia.es,https://www.dulcesgalicia.es,,https://www.instagram.com/pasteleriagalicia/,https://www.google.com/maps/search/?api=1&query=PASTELLER%C3%8DA%20Y%20DULCES%20GALICIA%2C%20C.%20Sta.%20Mar%C3%ADa%2C%202%2C%2047100%20Tordesillas%2C%20Valladolid&query_place_id=ChIJpzrYs5lgRw0RoUUBVMlV-gM,41.5011707,-5.0004592,,pendiente,no comprobado
confiteria-guijarro-tudela-de-duero,CONFITERÍA GUIJARRO,Tudela de Duero,Pan y pastelería,- PASTAS DE TÉ ECOLÓGICAS BOLLOS DE VIENA ECOLÓGICOS PASTAS CAÑELLAS ECOLÓGICAS BOLLOS ANED ECOLÓGICOS VALENCIANAS ECOLÓGICAS PASTELES TARTAS SURTIDO VEGANO ECOLÓGICO BOLLOS TUDELA ECOLÓGICOS BOLLOS TIANA ECOLÓGICOS BOLLOS DE PASCUA ECOLÓGI,"C. Cervantes, 3, 47320 Tudela de Duero, Valladolid","Confitería Guijarro está situada en el centro de Tudela de Duero. Esta tradicional confitería es famosa por sus pastas que ahora puedes disfrutar sin tener que desplazarte. En Confitería Guijarro se siguen utilizando las fórmulas del abuelo, con técnicas más modernas de trabajo y algo de maquinaría, aunque la mayor parte del proceso sigue realizándose a mano, por ese motivo la producción es pequeña. Nuestras pastas de té son famosas y reconocidas como producto típico de Tudela de Duero, todo el que visita el pueblo no debe olvidar llevarse unas cajas para regalar. Visita la tienda on-line de Confitería Guijarro para comprar cómodamente nuestras deliciosas especialidades. En Confitería Guijarro utilizamos solo ingredientes de primera calidad, seleccionados cuidadosamente y en su mayoría de procedencia ecológica, desde el 22 de Febrero de 2016 tenemos la certificación como operador ecológico, una garantía más de la calidad de nuestros productos y de nuestro compromiso por ofrecer lo mejor y nos garantiza poder ofrecerte nuestros productos manteniendo el sabor autentico que siempre nos ha caracterizado. Uniendo tradición y calidad en unos productos que destacan por su extraordinario sabor estamos siempre innovando y creando productos nuevos para satisfacer los paladares más exigentes.",Consultar web o venta directa,983520243,info@confiteriaguijarro.com,https://www.confiteriaguijarro.com,,https://www.instagram.com/confiteriaguijarro/,https://www.google.com/maps/search/?api=1&query=CONFITER%C3%8DA%20GUIJARRO%2C%20C.%20Cervantes%2C%203%2C%2047320%20Tudela%20de%20Duero%2C%20Valladolid&query_place_id=ChIJV2zUP0kXRw0RAryKYE6NnNY,41.5836477,-4.5791656,,pendiente,no comprobado
belaria-valladolid,BELARIA,Valladolid,Pan y pastelería,BOLLERÍA ARTESANA HELADO DE PIÑONES TARTA DE YOGUR,"P.º de Zorrilla, 356, 47008 Valladolid","Elaboramos bombones, pasteles y tartas de forma artesana para alegrar los momentos más especiales de tu vida.",Consultar web o venta directa,983 238 209/ 983 661 112,info@belaria.es,https://belaria.es/,,https://www.instagram.com/belariapasteleria/,https://www.google.com/maps/search/?api=1&query=BELARIA%2C%20P.%C2%BA%20de%20Zorrilla%2C%20356%2C%2047008%20Valladolid&query_place_id=ChIJjcyh199sRw0Rq4_gX1jRTrg,41.6174568,-4.7486847,,pendiente,no comprobado
churreria-chocolateria-marga-valladolid,• CHURRERÍA & CHOCOLATERIA MARGA,Valladolid,Pan y pastelería,• CHURROS ARTESANOS • CHURROS ARTESANOS CON COBERTURA DE CHOCOLATE,"C. Vega, 47004 Valladolid","Churrería & Chocolatería MARGA, fue fundada en el año 1925. Actualmente somos la cuarta generación especializada en la elaboración de churros artesanos, que continua con el mismo proceso de elaboración artesanal. Conservamos la misma receta familiar, con la que elaboraban los churros nuestros abuelos. Desde entonces, no hemos dejado de trabajar, para garantizar a nuestros clientes, que nuestros productos son elaborados artesanalmente, a diario, y siempre con materias primas locales y sobre todo con la certificación de calidad de la marca “Tierra de Sabor”. A nuestros propios productos se le ha otorgado, el distintivo de “Tierra de Sabor” por la Junta de Castilla y León, como garantía de calidad de los productos que elaboramos diariamente de manera totalmente artesanal.",Consultar web o venta directa,• 983 619 406 • 633 449 400,eventos@churreriamarga.com,http://www.churreriamarga.com,,,https://www.google.com/maps/search/?api=1&query=%E2%80%A2%20CHURRER%C3%8DA%20%26%20CHOCOLATERIA%20MARGA%2C%20C.%20Vega%2C%2047004%20Valladolid&query_place_id=ChIJq6rqFrQSRw0RIThQFKPnMEE,41.6481337,-4.7232065,,pendiente,no comprobado
fadispan-pan-de-valladolid-valladolid,FADISPAN - PAN DE VALLADOLID,Valladolid,Pan y pastelería,PAN CUADROS MG- PAN LECHUGUINO MG- PAN CANTEROS MG,"C. Astros, 7, 47009 Valladolid","Creada en 1998 en el Barrio de La Overuela comenzamos sirviendo pan fresco por diferentes despachos, hasta ir creciendo y situarnos en la Calle Astros, 7 y dedicarnos en exclusiva a la fabricación de pan pre-cocido congelado, siendo especialistas en masa candeal y semi-candeal. En la actualidad, somos cerca de 50 trabajadores, en todas las secciones, incluyendo las dependientas de nuestro despacho de venta directa en la Plaza Poniente, 4.",Consultar web o venta directa,983 35 48 17,fadispan@fadispan.com,http://www.fadispan.com/,,,https://www.google.com/maps/search/?api=1&query=FADISPAN%20-%20PAN%20DE%20VALLADOLID%2C%20C.%20Astros%2C%207%2C%2047009%20Valladolid&query_place_id=ChIJG6dIrD0NRw0RpUtXMriJUSo,41.6675949,-4.7271662,,pendiente,no comprobado
pasteleria-menta-y-chocolate-valladolid,PASTELERÍA MENTA Y CHOCOLATE,Valladolid,Pan y pastelería,- TURRONES PASTELES BOMBONES PASTAS DE TE POSTRES MAçARONS TARTAS BOLLERÍA,"C. del Puente Colgante, 30, 47007 Valladolid","Esta pastelería comenzó con la ilusión de dos jóvenes profesionales de la confitería que querían dar continuidad a la tradición familiar, siendo ellos la tercera generación de panaderos y pasteleros. Esta confitería basa sus productos en la calidad de sus materias primas y en la continua innovación en la elaboración de todas sus especialidades. Este afán de innovación les lleva a elaborar nuevos dulces que están en acontecimientos culturales provinciales, como puede ser la Feria del Espárrago de Tudela de Duero o la Feria del Libro de Valladolid. Cuidamos los detalles en todo lo que hacemos, por eso nuestra tienda está diseñada para agradar al visitante. De igual modo cuidamos la presentación de nuestros productos con distintos envases dependiendo de la ocasión y del producto, para que todos ellos lleguen en perfectas condiciones a su destino. Nuestra pastelería se encuentra en Tudela de Duero, Valladolid, a las puertas de la Ribera de Duero, en la Avenida de Valladolid, en el nº 43, Teléfono Tudela: 983 522 616. Descubre nuestra pastelería en C/ Puente Colgante nº 30 de Valladolid. Teléfono Valladolid 983 082 697",Consultar web o venta directa,983522616,menta.y.chocolate@hotmail.es,https://www.pasteleriamentaychocolate.es,,https://www.instagram.com/pasteleriamentaychocolate/,https://www.google.com/maps/search/?api=1&query=PASTELER%C3%8DA%20MENTA%20Y%20CHOCOLATE%2C%20C.%20del%20Puente%20Colgante%2C%2030%2C%2047007%20Valladolid&query_place_id=ChIJtSTMqTdtRw0R-tUAwmpuL2M,41.6411389,-4.7359789,,pendiente,no comprobado
panaderia-la-cruz-villabragima,PANADERÍA LA CRUZ,Villabrágima,Pan y pastelería,PAN PASTAS DE YEMA BOLLOS DE ACEITE MAGDALENAS ROSQUILLAS DE ANÍS PALITOS LACITOS COCADAS TORTAS DE CHICHARRÓN,"Pl. Mayor, 5, 47820 Villabrágima, Valladolid","Productor local de pan y pastelería en Villabrágima, incorporado al catálogo provincial de Valladolid y revisado con Google Maps.",Consultar web o venta directa,654 50 87 20,laura82es@gmail.com,,,https://www.instagram.com/panaderialacruz/,https://www.google.com/maps/search/?api=1&query=PANADER%C3%8DA%20LA%20CRUZ%2C%20Pl.%20Mayor%2C%205%2C%2047820%20Villabr%C3%A1gima%2C%20Valladolid&query_place_id=ChIJvV_qbTl-OA0R4bEsrv8hz4k,41.82186,-5.11547,,pendiente,no comprobado
tahona-de-chari-villanubla,TAHONA DE CHARI,Villanubla,Pan y pastelería,- PITURRACIO -TORTOS DE CHICHARRÓN MOÑAS -BARRAS DE ACEITE -PAN CANDEAL -PAN FLAMA -MAGDALENAS,"Av. Cardenal Marcelo González, 10, 47620 Villanubla, Valladolid","Productor local de pan y pastelería en Villanubla, incorporado al catálogo provincial de Valladolid y revisado con Google Maps.",Consultar web o venta directa,983 34 74 74,Jarace65@hotmail.com,https://www.instagram.com/latahonadechari/?hl=es,,https://www.instagram.com/latahonadechari/,https://www.google.com/maps/search/?api=1&query=TAHONA%20DE%20CHARI%2C%20Av.%20Cardenal%20Marcelo%20Gonz%C3%A1lez%2C%2010%2C%2047620%20Villanubla%2C%20Valladolid&query_place_id=ChIJwYW8raBxRw0RG2JuhkpMzUQ,41.6987608,-4.8405417,,pendiente,no comprobado
dulces-pariente-villaverde-de-medina,DULCES PARIENTE,Villaverde de Medina,Pan y pastelería,Pan y pastelería,"C. Ancha, 25, 47465 Villaverde de Medina, Valladolid","Productor local de pan y pastelería en Villaverde de Medina, incorporado al catálogo provincial de Valladolid y revisado con Google Maps.",Consultar web o venta directa,983831842,adolfo73@hotmail.es,https://www.facebook.com/share/15Lp8Y3Hgo/?mibextid=wwXIfr,,https://www.instagram.com/dulcespariente/,https://www.google.com/maps/search/?api=1&query=DULCES%20PARIENTE%2C%20C.%20Ancha%2C%2025%2C%2047465%20Villaverde%20de%20Medina%2C%20Valladolid&query_place_id=ChIJv76I7FNXRw0RUyzEB9BSTlQ,41.3066784,-5.028620999999999,,pendiente,no comprobado
trufa-viva-cogeces-del-monte,TRUFA VIVA,Cogeces del Monte,Trufa y setas,"Trufa Negra de Invierno (Tuber melanosporum) Trufa Negra de verano (Tuber aestivum) Trufa blanca (Tuber borchii) Todas ellas se comercializan en: categoría extra, categoría I y categoría II.","Pl. Constitución, 47313 Cogeces del Monte, Valladolid","Carlos Herguedas es truficultor y propietario de dos fincas en Cogeces del Monte, donde produce principalmente Tuber melanosporum (Trufa negra de invierno) de alta calidad. En España, estas trufas negras son las de mayor consolidación culinaria, las de mayor repertorio en cuanto a diversidad de platos. La primera plantación, una hectárea de encinas micorrizadas que lleva a cabo con el apoyo familiar, se realiza en 2010, sumando terreno hasta conseguir las seis hectáreas con que cuenta en la actualidad. Carlos colabora activamente con el sector público y privado para fomentar la truficultura, el trufiturismo, la gastronomía... el sector de la trufa en general. Destaca su participación en las jornadas ""a la caza de la Trufa"", una actividad que encaja bien en el turismo familiar, gusta a niños y adultos, todos disfrutan mucho con esta experiencia que te acerca al mundo de la Trufa, la alta demanda y el atractivo turístico está demostrado; destaca igualmente su participación en Trufforum 2021, evento internacional de gran repercusión mediática y educativa donde se muestra y da a conocer a la Trufa Negra Natural, un producto gourmet, un condimento intenso y exclusivo, que está al alcance de todos con el apoyo de la Diputación de Valladolid y el Ayuntamiento de Cogeces del Monte, entre otras instituciones, y destaca la interacción con otros productores, comercios y restaurantes de Castilla y León, porque todo ello permite para dar a conocer a su Trufa, acercarla al consumidor final e introducirla en los usos y costumbres de la Comarca Campo de Peñafiel. ¡PRUÉBALA! y comparte la experiencia.",Consultar web o venta directa,651 724 820,carlidigo@gmail.com,https://cogecesdelmonte.es/,,https://www.instagram.com/trufaviva/,https://www.google.com/maps/search/?api=1&query=TRUFA%20VIVA%2C%20Pl.%20Constituci%C3%B3n%2C%2047313%20Cogeces%20del%20Monte%2C%20Valladolid&query_place_id=ChIJ-WZxPkvfRg0RFmUt7bQUxOI,41.509921,-4.3163844,,pendiente,no comprobado
almazara-norte-cisterniga,Almazara Norte,Cistérniga,Aceite,Aceite de oliva,"C. Abedul, 21, 47193 Cistérniga, Valladolid","Productor local de aceite en Cistérniga, incorporado al catálogo provincial de Valladolid y revisado con Google Maps.",Consultar web o venta directa,+34 610 50 61 20,,https://almazaranorte.com/,,https://www.instagram.com/almazaranorte/,https://www.google.com/maps/search/?api=1&query=Almazara%20Norte%2C%20C.%20Abedul%2C%2021%2C%2047193%20Cist%C3%A9rniga%2C%20Valladolid&query_place_id=ChIJ____P5ITRw0REjSarakGw3E,41.59819479999999,-4.6700861,,pendiente,no comprobado
almazara-pago-de-valdecuevas-medina-de-rioseco,Almazara Pago de Valdecuevas,Medina de Rioseco,Aceite,Aceite de oliva,"Camino San Buenaventura, s/n, 47800 Medina de Rioseco, Valladolid","Productor local de aceite en Medina de Rioseco, incorporado al catálogo provincial de Valladolid y revisado con Google Maps.",Consultar web o venta directa,+34 983 03 39 42,,http://www.pagodevaldecuevas.es/,,https://www.instagram.com/pagodevaldecuevas/,https://www.google.com/maps/search/?api=1&query=Almazara%20Pago%20de%20Valdecuevas%2C%20Camino%20San%20Buenaventura%2C%20s%2Fn%2C%2047800%20Medina%20de%20Rioseco%2C%20Valladolid&query_place_id=ChIJEcjQRzCBRw0RVuc-IolCeUo,41.8817935,-5.0068122,,pendiente,no comprobado
almazara-oliduero-medina-del-campo,Almazara Oliduero,Medina del Campo,Aceite,Aceite de oliva,"Ctra Medina del Campo Olmedo, km 1, 5, 47400 Medina del Campo, Valladolid","Productor local de aceite en Medina del Campo, incorporado al catálogo provincial de Valladolid y revisado con Google Maps.",Consultar web o venta directa,+34 983 68 33 15,,http://www.oliduero.com/,,https://www.instagram.com/matarromera_/,https://www.google.com/maps/search/?api=1&query=Almazara%20Oliduero%2C%20Ctra%20Medina%20del%20Campo%20Olmedo%2C%20km%201%2C%205%2C%2047400%20Medina%20del%20Campo%2C%20Valladolid&query_place_id=ChIJ3VjyFSdQRw0ROgyExEGnuvY,41.311096,-4.895114,,pendiente,no comprobado
bodega-la-luz-de-cigales-cigales,Bodega La Luz de Cigales,Cigales,Bodega,Vino,"C. Tejar, 47270 Cigales, Valladolid","Productor local de bodega en Cigales, incorporado al catálogo provincial de Valladolid y revisado con Google Maps.",Consultar web o venta directa,+34 983 04 23 25,,http://www.laluzdecigales.com/,,,https://www.google.com/maps/search/?api=1&query=Bodega%20La%20Luz%20de%20Cigales%2C%20C.%20Tejar%2C%2047270%20Cigales%2C%20Valladolid&query_place_id=ChIJuYIPAG0LRw0RV59l859rZZs,41.7619699,-4.6994742,,pendiente,no comprobado
bodega-ovidio-garcia-cigales,Bodega Ovidio García,Cigales,Bodega,Vino,"Calle Malpique, 47270 Cigales, Valladolid","Productor local de bodega en Cigales, incorporado al catálogo provincial de Valladolid y revisado con Google Maps.",Consultar web o venta directa,+34 628 50 94 75,,http://www.ovidiogarcia.com/,,https://www.instagram.com/ovidiogarcia_/,https://www.google.com/maps/search/?api=1&query=Bodega%20Ovidio%20Garc%C3%ADa%2C%20Calle%20Malpique%2C%2047270%20Cigales%2C%20Valladolid&query_place_id=ChIJbeqb2G0LRw0Rf5jL4eq0n24,41.7556693,-4.7047622,,pendiente,no comprobado
bodega-la-nieta-fuensaldana,Bodega La Nieta,Fuensaldaña,Bodega,Vino,"Cam. la de Mona, S/N, 47194 Fuensaldaña, Valladolid","Productor local de bodega en Fuensaldaña, incorporado al catálogo provincial de Valladolid y revisado con Google Maps.",Consultar web o venta directa,+34 983 58 30 03,,,,,https://www.google.com/maps/search/?api=1&query=Bodega%20La%20Nieta%2C%20Cam.%20la%20de%20Mona%2C%20S%2FN%2C%2047194%20Fuensalda%C3%B1a%2C%20Valladolid&query_place_id=ChIJIbQ_-P1yRw0RUl3UqMmT39M,41.7016539,-4.764088399999999,,pendiente,no comprobado
bodegas-campo-eliseo-la-seca,Bodegas Campo Elíseo,La Seca,Bodega,Vino,"C. Nueva, 12, 47491 La Seca, Valladolid","Productor local de bodega en La Seca, incorporado al catálogo provincial de Valladolid y revisado con Google Maps.",Consultar web o venta directa,+34 678 85 29 27,,https://www.campoeliseo.es/,,https://www.instagram.com/bodegascampoeliseo/,https://www.google.com/maps/search/?api=1&query=Bodegas%20Campo%20El%C3%ADseo%2C%20C.%20Nueva%2C%2012%2C%2047491%20La%20Seca%2C%20Valladolid&query_place_id=ChIJIRkzFllbRw0R3uzjgo0bn_s,41.4136402,-4.9084474,,pendiente,no comprobado
bodegas-protos-d-o-rueda-la-seca,Bodegas Protos D.O. Rueda,La Seca,Bodega,Vino,"Ctr. CL-610, Medina-La Seca, km 32,5, 47491 La Seca, Valladolid","Productor local de bodega en La Seca, incorporado al catálogo provincial de Valladolid y revisado con Google Maps.",Consultar web o venta directa,+34 983 81 66 08,,https://www.bodegasprotos.com/,,https://www.instagram.com/bodegasprotosoficial/,https://www.google.com/maps/search/?api=1&query=Bodegas%20Protos%20D.O.%20Rueda%2C%20Ctr.%20CL-610%2C%20Medina-La%20Seca%2C%20km%2032%2C5%2C%2047491%20La%20Seca%2C%20Valladolid&query_place_id=ChIJqRK9-FxbRw0RvvEH5uVk2kU,41.4090836,-4.911360200000001,,pendiente,no comprobado
bodega-emina-rueda-olmedo,Bodega Emina Rueda,Olmedo,Bodega,Vino,"Carretera Medina del Campo a, Bodega Emina Rueda, km 1,4, 47400 Olmedo, Valladolid","Productor local de bodega en Olmedo, incorporado al catálogo provincial de Valladolid y revisado con Google Maps.",Consultar web o venta directa,+34 983 80 33 46,,http://www.emina.es/,,https://www.instagram.com/eminawines/,https://www.google.com/maps/search/?api=1&query=Bodega%20Emina%20Rueda%2C%20Carretera%20Medina%20del%20Campo%20a%2C%20Bodega%20Emina%20Rueda%2C%20km%201%2C4%2C%2047400%20Olmedo%2C%20Valladolid&query_place_id=ChIJ-xJdHSdQRw0RBpIQ6imfpNs,41.3110034,-4.8960949,,pendiente,no comprobado
bodegas-eresma-la-soterrana-olmedo,Bodegas Eresma - La Soterraña,Olmedo,Bodega,Vino,"Polígono industrial jose antonio Gonzalez Caviedes, parcela 144, 47410 Olmedo, Valladolid","Productor local de bodega en Olmedo, incorporado al catálogo provincial de Valladolid y revisado con Google Maps.",Consultar web o venta directa,+34 983 60 10 26,,http://www.bodegaeresma.com/,,https://www.instagram.com/bodegaeresma/,https://www.google.com/maps/search/?api=1&query=Bodegas%20Eresma%20-%20La%20Soterra%C3%B1a%2C%20Pol%C3%ADgono%20industrial%20jose%20antonio%20Gonzalez%20Caviedes%2C%20parcela%20144%2C%2047410%20Olmedo%2C%20Valladolid&query_place_id=ChIJL5KLuv02Rw0ROhavBwRuC3Y,41.3134307,-4.6861925,,pendiente,no comprobado
bodegas-y-vinedos-la-mejorada-olmedo,Bodegas y Viñedos La Mejorada,Olmedo,Bodega,Vino,"VA-405, Km 32, 5, 47410 Olmedo, Valladolid","Productor local de bodega en Olmedo, incorporado al catálogo provincial de Valladolid y revisado con Google Maps.",Consultar web o venta directa,+34 983 48 30 57,,http://www.lamejorada.es/,,http://instagram.com/lamejoradabodegas/,https://www.google.com/maps/search/?api=1&query=Bodegas%20y%20Vi%C3%B1edos%20La%20Mejorada%2C%20VA-405%2C%20Km%2032%2C%205%2C%2047410%20Olmedo%2C%20Valladolid&query_place_id=ChIJAQAAAEA2Rw0RKL-2tbhu_NA,41.3157253,-4.73943,,pendiente,no comprobado
bodega-convento-de-oreja-s-l-penafiel,Bodega Convento de Oreja S.L.,Peñafiel,Bodega,Vino,"C/ de La Fuente, s/n, 47300 Peñafiel, Valladolid","Productor local de bodega en Peñafiel, incorporado al catálogo provincial de Valladolid y revisado con Google Maps.",Consultar web o venta directa,+34 685 99 05 96,,http://www.conventooreja.net/,,https://www.instagram.com/conventooreja/,https://www.google.com/maps/search/?api=1&query=Bodega%20Convento%20de%20Oreja%20S.L.%2C%20C%2F%20de%20La%20Fuente%2C%20s%2Fn%2C%2047300%20Pe%C3%B1afiel%2C%20Valladolid&query_place_id=ChIJ1bI0ZzrrRg0RTzT3QxTGbmE,41.5817495,-4.0811246,,pendiente,no comprobado
bodega-la-olmilla-penafiel,Bodega La Olmilla,Peñafiel,Bodega,Vino,"C. Olmilla, 2, 47300 Peñafiel, Valladolid","Productor local de bodega en Peñafiel, incorporado al catálogo provincial de Valladolid y revisado con Google Maps.",Consultar web o venta directa,+34 689 79 65 21,,https://www.bodegalaolmilla.es/,,,https://www.google.com/maps/search/?api=1&query=Bodega%20La%20Olmilla%2C%20C.%20Olmilla%2C%202%2C%2047300%20Pe%C3%B1afiel%2C%20Valladolid&query_place_id=ChIJyS_f2aHrRg0R2ZezJ0pkGcA,41.5972097,-4.1168837,,pendiente,no comprobado
bodega-pago-de-carraovejas-penafiel,Bodega Pago de Carraovejas,Peñafiel,Bodega,Vino,"Camino de Carraovejas, s/n, 47300 Peñafiel, Valladolid, Valladolid","Productor local de bodega en Peñafiel, incorporado al catálogo provincial de Valladolid y revisado con Google Maps.",Consultar web o venta directa,+34 983 87 80 20,,https://www.pagodecarraovejas.com/,,https://www.instagram.com/almacarraovejas/,https://www.google.com/maps/search/?api=1&query=Bodega%20Pago%20de%20Carraovejas%2C%20Camino%20de%20Carraovejas%2C%20s%2Fn%2C%2047300%20Pe%C3%B1afiel%2C%20Valladolid%2C%20Valladolid&query_place_id=ChIJcT4MyYPrRg0Ru08DPvWqI1Y,41.594665,-4.087886999999999,,pendiente,no comprobado
bodegas-marcos-penafiel,Bodegas Marcos,Peñafiel,Bodega,Vino,"Cañada De San Pedro, S/N, 47300 Peñafiel, Valladolid","Productor local de bodega en Peñafiel, incorporado al catálogo provincial de Valladolid y revisado con Google Maps.",Consultar web o venta directa,+34 625 18 48 72,,https://www.fincaentrevinedos.com/bodega,,,https://www.google.com/maps/search/?api=1&query=Bodegas%20Marcos%2C%20Ca%C3%B1ada%20De%20San%20Pedro%2C%20S%2FN%2C%2047300%20Pe%C3%B1afiel%2C%20Valladolid&query_place_id=ChIJDSYl6XjrRg0RbIqMaVTzVus,41.6015162,-4.108876700000001,,pendiente,no comprobado
bodegas-penafalcon-sl-penafiel,Bodegas Peñafalcón SL,Peñafiel,Bodega,Vino,"C. Pisuerga, 42, 47300 Peñafiel, Valladolid","Productor local de bodega en Peñafiel, incorporado al catálogo provincial de Valladolid y revisado con Google Maps.",Consultar web o venta directa,+34 625 18 48 71,,http://www.bodegaspenafalcon.com/,,,https://www.google.com/maps/search/?api=1&query=Bodegas%20Pe%C3%B1afalc%C3%B3n%20SL%2C%20C.%20Pisuerga%2C%2042%2C%2047300%20Pe%C3%B1afiel%2C%20Valladolid&query_place_id=ChIJNcwAuHjrRg0R7r99CuS_AAE,41.6020942,-4.1090662,,pendiente,no comprobado
bodegas-penafiel-penafiel,Bodegas Peñafiel,Peñafiel,Bodega,Vino,"Av. Valladolid Soria, km 311, 47300 Peñafiel, Valladolid","Productor local de bodega en Peñafiel, incorporado al catálogo provincial de Valladolid y revisado con Google Maps.",Consultar web o venta directa,+34 983 88 16 22,,http://www.bodegaspenafiel.com/,,https://www.instagram.com/bodegaspenafiel/,https://www.google.com/maps/search/?api=1&query=Bodegas%20Pe%C3%B1afiel%2C%20Av.%20Valladolid%20Soria%2C%20km%20311%2C%2047300%20Pe%C3%B1afiel%2C%20Valladolid&query_place_id=ChIJXdj7goXrRg0R6_PbKtLpY6g,41.6084016,-4.154527,,pendiente,no comprobado
bodegas-protos-penafiel,Bodegas Protos,Peñafiel,Bodega,Vino,"Cam. Bodegas Protos, 24-28, 47300 Peñafiel, Valladolid","Productor local de bodega en Peñafiel, incorporado al catálogo provincial de Valladolid y revisado con Google Maps.",Consultar web o venta directa,+34 983 87 80 11,,https://www.bodegasprotos.com/,,https://www.instagram.com/bodegasprotosoficial/,https://www.google.com/maps/search/?api=1&query=Bodegas%20Protos%2C%20Cam.%20Bodegas%20Protos%2C%2024-28%2C%2047300%20Pe%C3%B1afiel%2C%20Valladolid&query_place_id=ChIJzyVyE4PrRg0RlDhfqVuix08,41.5998048,-4.1137293,,pendiente,no comprobado
bodegas-zifar-penafiel,Bodegas Zifar,Peñafiel,Bodega,Vino,"C. Afueras de Juan Manuel, 9, 47300 Peñafiel, Valladolid","Productor local de bodega en Peñafiel, incorporado al catálogo provincial de Valladolid y revisado con Google Maps.",Consultar web o venta directa,+34 983 87 31 47,,http://www.zifar.com/,,https://www.instagram.com/bodegaszifar/,https://www.google.com/maps/search/?api=1&query=Bodegas%20Zifar%2C%20C.%20Afueras%20de%20Juan%20Manuel%2C%209%2C%2047300%20Pe%C3%B1afiel%2C%20Valladolid&query_place_id=ChIJPUzhQprrRg0RBsxrLI5v8Ys,41.5913042,-4.1196725,,pendiente,no comprobado
bodega-dehesa-de-los-canonigos-pesquera-de-duero,Bodega Dehesa de los Canónigos,Pesquera de Duero,Bodega,Vino,"Carretera Renedo-Pesquera, Km 37, 47315 Pesquera de Duero, Valladolid","Productor local de bodega en Pesquera de Duero, incorporado al catálogo provincial de Valladolid y revisado con Google Maps.",Consultar web o venta directa,+34 666 50 07 35,,http://www.dehesadeloscanonigos.com/,,https://www.instagram.com/dehesadeloscanonigos/,https://www.google.com/maps/search/?api=1&query=Bodega%20Dehesa%20de%20los%20Can%C3%B3nigos%2C%20Carretera%20Renedo-Pesquera%2C%20Km%2037%2C%2047315%20Pesquera%20de%20Duero%2C%20Valladolid&query_place_id=ChIJY372d3TvRg0RRHgYKdBHFGU,41.6360179,-4.2159248,,pendiente,no comprobado
bodega-tinto-pesquera-pesquera-de-duero,Bodega Tinto Pesquera,Pesquera de Duero,Bodega,Vino,"C. Real, 2, 47315 Pesquera de Duero, Valladolid","Productor local de bodega en Pesquera de Duero, incorporado al catálogo provincial de Valladolid y revisado con Google Maps.",Consultar web o venta directa,+34 983 87 00 37,,https://familiafernandezrivera.com/tinto-pesquera/,,https://www.instagram.com/familiafernandezrivera/,https://www.google.com/maps/search/?api=1&query=Bodega%20Tinto%20Pesquera%2C%20C.%20Real%2C%202%2C%2047315%20Pesquera%20de%20Duero%2C%20Valladolid&query_place_id=ChIJf8B5gobuRg0RRNXiyfC4eKA,41.6430345,-4.1530476,,pendiente,no comprobado
bodegas-emilio-moro-s-l-ribera-del-duero-pesquera-de-duero,Bodegas Emilio Moro S.L. - Ribera del Duero,Pesquera de Duero,Bodega,Vino,"Ctra. Peñafiel-Valoria, S/N, 47315 Pesquera de Duero, Valladolid","Productor local de bodega en Pesquera de Duero, incorporado al catálogo provincial de Valladolid y revisado con Google Maps.",Consultar web o venta directa,+34 983 87 84 00,,http://www.emiliomoro.com/,,https://www.instagram.com/bodegasemiliomoro/,https://www.google.com/maps/search/?api=1&query=Bodegas%20Emilio%20Moro%20S.L.%20-%20Ribera%20del%20Duero%2C%20Ctra.%20Pe%C3%B1afiel-Valoria%2C%20S%2FN%2C%2047315%20Pesquera%20de%20Duero%2C%20Valladolid&query_place_id=ChIJs1jrZSrsRg0RzcJbj5u8osI,41.6430088,-4.15076,,pendiente,no comprobado
bodegas-rueda-perez-pozaldez,Bodegas Rueda Pérez,Pozaldez,Bodega,Vino,"C. Boyón, 17, 47220 Pozaldez, Valladolid","Productor local de bodega en Pozaldez, incorporado al catálogo provincial de Valladolid y revisado con Google Maps.",Consultar web o venta directa,+34 983 82 20 49,,http://bodegasruedaperez.es/,,https://www.instagram.com/bodegasruedaperez/,https://www.google.com/maps/search/?api=1&query=Bodegas%20Rueda%20P%C3%A9rez%2C%20C.%20Boy%C3%B3n%2C%2017%2C%2047220%20Pozaldez%2C%20Valladolid&query_place_id=ChIJaXW5yn9FRw0RBObQOrkvwWk,41.3725499,-4.840085999999999,,pendiente,no comprobado
bodegas-arzuaga-navarro-quintanilla-de-onesimo,Bodegas Arzuaga Navarro,Quintanilla de Onésimo,Bodega,Vino,"N-122, 325, 47350 Quintanilla de Onésimo, Valladolid","Productor local de bodega en Quintanilla de Onésimo, incorporado al catálogo provincial de Valladolid y revisado con Google Maps.",Consultar web o venta directa,+34 983 68 11 46,,https://www.arzuaganavarro.com/,,https://www.instagram.com/bodegasarzuaga/,https://www.google.com/maps/search/?api=1&query=Bodegas%20Arzuaga%20Navarro%2C%20N-122%2C%20325%2C%2047350%20Quintanilla%20de%20On%C3%A9simo%2C%20Valladolid&query_place_id=ChIJfy1_vI_jRg0R6a0MOStUCl0,41.6281808,-4.3238205,,pendiente,no comprobado
bodega-entrevidas-rueda,Bodega Entrevidas,Rueda,Bodega,Vino,"C. Asilo, 5, 47490 Rueda, Valladolid","Productor local de bodega en Rueda, incorporado al catálogo provincial de Valladolid y revisado con Google Maps.",Consultar web o venta directa,+34 628 41 71 87,,http://www.vinoreguilon.com/,,,https://www.google.com/maps/search/?api=1&query=Bodega%20Entrevidas%2C%20C.%20Asilo%2C%205%2C%2047490%20Rueda%2C%20Valladolid&query_place_id=ChIJdSAmlglcRw0RiqCfRbRxYio,41.4162817,-4.962476,,pendiente,no comprobado
bodega-finca-montepedroso-rueda,Bodega Finca Montepedroso,Rueda,Bodega,Vino,"Camino la, Av. Morejona, s/n, 47490 Rueda, Valladolid","Productor local de bodega en Rueda, incorporado al catálogo provincial de Valladolid y revisado con Google Maps.",Consultar web o venta directa,+34 983 86 89 77,,https://familiamartinezbujanda.com/finca-montepedroso,,https://www.instagram.com/fincamontepedroso/,https://www.google.com/maps/search/?api=1&query=Bodega%20Finca%20Montepedroso%2C%20Camino%20la%2C%20Av.%20Morejona%2C%20s%2Fn%2C%2047490%20Rueda%2C%20Valladolid&query_place_id=ChIJj51-FxJcRw0Roy6EAKxi9uo,41.4263697,-4.960939499999999,,pendiente,no comprobado
bodega-gotica-rueda,Bodega Gotica,Rueda,Bodega,Vino,"Carretera-La Seca, Km 1, 2, 47490 Rueda, Valladolid","Productor local de bodega en Rueda, incorporado al catálogo provincial de Valladolid y revisado con Google Maps.",Consultar web o venta directa,+34 618 02 06 51,,https://bodegagotica.com/,,https://www.instagram.com/bodega_gotica/,https://www.google.com/maps/search/?api=1&query=Bodega%20Gotica%2C%20Carretera-La%20Seca%2C%20Km%201%2C%202%2C%2047490%20Rueda%2C%20Valladolid&query_place_id=ChIJz6ixHopbRw0Rkbeq0LlosIQ,41.414015,-4.950971,,pendiente,no comprobado
bodega-grupo-valdecuevas-rueda-rueda,Bodega Grupo Valdecuevas Rueda,Rueda,Bodega,Vino,"Ctra. Rueda - Nava del Rey, km 2, 5, 47490 Rueda, Valladolid","Productor local de bodega en Rueda, incorporado al catálogo provincial de Valladolid y revisado con Google Maps.",Consultar web o venta directa,+34 983 03 43 56,,http://www.valdecuevas.es/,,https://www.instagram.com/bodegas_valdecuevas/,https://www.google.com/maps/search/?api=1&query=Bodega%20Grupo%20Valdecuevas%20Rueda%2C%20Ctra.%20Rueda%20-%20Nava%20del%20Rey%2C%20km%202%2C%205%2C%2047490%20Rueda%2C%20Valladolid&query_place_id=ChIJnQGnrABZRw0RmaaTXpd5xSs,41.393648,-4.980754999999999,,pendiente,no comprobado
bodega-historica-enoturismo-yllera-rueda,Bodega Histórica - Enoturismo Yllera,Rueda,Bodega,Vino,"Avenida Mariano Ruiz Rodríguez, 1 A6 173,5, 47490 Rueda, Valladolid","Productor local de bodega en Rueda, incorporado al catálogo provincial de Valladolid y revisado con Google Maps.",Consultar web o venta directa,+34 616 56 11 95,,https://enoturismo.grupoyllera.com/,,https://www.instagram.com/bodegas_yllera/,https://www.google.com/maps/search/?api=1&query=Bodega%20Hist%C3%B3rica%20-%20Enoturismo%20Yllera%2C%20Avenida%20Mariano%20Ruiz%20Rodr%C3%ADguez%2C%201%20A6%20173%2C5%2C%2047490%20Rueda%2C%20Valladolid&query_place_id=ChIJQ27RMfZbRw0R9YPzCKEpgJU,41.4138701,-4.9634126,,pendiente,no comprobado
bodega-pagos-del-rey-rueda-rueda,Bodega Pagos del Rey Rueda,Rueda,Bodega,Vino,"Av. Morejona, 6, 47490 Rueda, Valladolid","Productor local de bodega en Rueda, incorporado al catálogo provincial de Valladolid y revisado con Google Maps.",Consultar web o venta directa,+34 983 86 81 82,,http://www.pagosdelrey.com/,,https://www.instagram.com/pagosdelreywines/,https://www.google.com/maps/search/?api=1&query=Bodega%20Pagos%20del%20Rey%20Rueda%2C%20Av.%20Morejona%2C%206%2C%2047490%20Rueda%2C%20Valladolid&query_place_id=ChIJOc90IwxcRw0ReUX0vfik48o,41.42003,-4.959613,,pendiente,no comprobado
bodegas-de-los-herederos-del-marques-de-riscal-rueda,Bodegas de los Herederos del Marqués de Riscal,Rueda,Bodega,Vino,"Autovía del Noroeste, 172, 47490 Rueda, Valladolid","Productor local de bodega en Rueda, incorporado al catálogo provincial de Valladolid y revisado con Google Maps.",Consultar web o venta directa,+34 983 86 80 29,,https://tienda.marquesderiscal.com/vinos-blancos,,https://www.instagram.com/marquesderiscal/,https://www.google.com/maps/search/?api=1&query=Bodegas%20de%20los%20Herederos%20del%20Marqu%C3%A9s%20de%20Riscal%2C%20Autov%C3%ADa%20del%20Noroeste%2C%20172%2C%2047490%20Rueda%2C%20Valladolid&query_place_id=ChIJK9rklJ9gRw0Rrk9LpwatbI4,41.4242335,-4.9647763,,pendiente,no comprobado
bodegas-menade-rueda,Bodegas Menade,Rueda,Bodega,Vino,"Ctra. Rueda – Nava Del Rey, Km 1 (VP 8902 Salida 170 desde, Autovía del Noroeste, 47490 Rueda, Valladolid","Productor local de bodega en Rueda, incorporado al catálogo provincial de Valladolid y revisado con Google Maps.",Consultar web o venta directa,+34 983 10 32 23,,https://www.menade.es/,,https://www.instagram.com/bodegasmenade/,https://www.google.com/maps/search/?api=1&query=Bodegas%20Menade%2C%20Ctra.%20Rueda%20%E2%80%93%20Nava%20Del%20Rey%2C%20Km%201%20%28VP%208902%20Salida%20170%20desde%2C%20Autov%C3%ADa%20del%20Noroeste%2C%2047490%20Rueda%2C%20Valladolid&query_place_id=ChIJvRzG7FlZRw0RrwvjhmzUlXw,41.4027177,-4.9814728,,pendiente,no comprobado
bodegas-mocen-rueda,Bodegas Mocén,Rueda,Bodega,Vino,"C. Arriba, 7, 47490 Rueda, Valladolid","Productor local de bodega en Rueda, incorporado al catálogo provincial de Valladolid y revisado con Google Maps.",Consultar web o venta directa,+34 659 95 49 45,,http://www.bodegasmocen.es/,,https://www.instagram.com/mocenbodegas/,https://www.google.com/maps/search/?api=1&query=Bodegas%20Moc%C3%A9n%2C%20C.%20Arriba%2C%207%2C%2047490%20Rueda%2C%20Valladolid&query_place_id=ChIJ7YapIvZbRw0RAnpIivYnixk,41.413145,-4.9627202,,pendiente,no comprobado
bodegas-ontanon-rueda,Bodegas Ontañón,Rueda,Bodega,Vino,"Av. Tordesillas, 49, 47490 Rueda, Valladolid","Productor local de bodega en Rueda, incorporado al catálogo provincial de Valladolid y revisado con Google Maps.",Consultar web o venta directa,+34 639 26 60 11,,,,,https://www.google.com/maps/search/?api=1&query=Bodegas%20Onta%C3%B1%C3%B3n%2C%20Av.%20Tordesillas%2C%2049%2C%2047490%20Rueda%2C%20Valladolid&query_place_id=ChIJx_hDwQ5cRw0RH1jDpOQ8jSE,41.4204885,-4.962629199999999,,pendiente,no comprobado
bodegas-viore-rueda,Bodegas Viore,Rueda,Bodega,Vino,"C. Miguel Hernández, 31, 47490 Rueda, Valladolid","Productor local de bodega en Rueda, incorporado al catálogo provincial de Valladolid y revisado con Google Maps.",Consultar web o venta directa,+34 983 86 81 11,,https://www.bodegasriojanas.com/bodegas/bodegas-viore/,,https://www.instagram.com/bodegasriojanas/,https://www.google.com/maps/search/?api=1&query=Bodegas%20Viore%2C%20C.%20Miguel%20Hern%C3%A1ndez%2C%2031%2C%2047490%20Rueda%2C%20Valladolid&query_place_id=ChIJPwbnB_NbRw0R3RxN63NCXHU,41.4077825,-4.9583939,,pendiente,no comprobado
yllera-bodegas-y-vinedos-rueda,Yllera Bodegas y Viñedos,Rueda,Bodega,Vino,"Autovía del Noroeste, 173, 47490 Rueda, Valladolid","Productor local de bodega en Rueda, incorporado al catálogo provincial de Valladolid y revisado con Google Maps.",Consultar web o venta directa,+34 983 86 80 97,,https://www.grupoyllera.com/,,https://www.instagram.com/bodegas_yllera/,https://www.google.com/maps/search/?api=1&query=Yllera%20Bodegas%20y%20Vi%C3%B1edos%2C%20Autov%C3%ADa%20del%20Noroeste%2C%20173%2C%2047490%20Rueda%2C%20Valladolid&query_place_id=ChIJsdSS3QJcRw0R0awhocloLWM,41.43044099999999,-4.9713403,,pendiente,no comprobado
bodega-muelas-tordesillas,Bodega Muelas,Tordesillas,Bodega,Vino,"C. Sta. María, 3, 47100 Tordesillas, Valladolid","Productor local de bodega en Tordesillas, incorporado al catálogo provincial de Valladolid y revisado con Google Maps.",Consultar web o venta directa,+34 680 24 83 68,,http://www.bodegamuelas.com/,,https://www.instagram.com/bodegamuelas/,https://www.google.com/maps/search/?api=1&query=Bodega%20Muelas%2C%20C.%20Sta.%20Mar%C3%ADa%2C%203%2C%2047100%20Tordesillas%2C%20Valladolid&query_place_id=ChIJZTO-FrVhRw0RCtF3IH3vA3w,41.5011514,-5.0005418,,pendiente,no comprobado
embutidos-canibano-collantes-bolanos-de-campos,Embutidos Cañibano Collantes,Bolaños de Campos,Charcutería,Carnes y embutidos,"C. Bodegas, 2, 47675 Bolaños de Campos, Valladolid","Productor local de carnes y embutidos en Bolaños de Campos, incorporado al catálogo provincial de Valladolid y revisado con Google Maps.",Consultar web o venta directa,+34 983 75 71 18,,https://www.embutidoscanibanocollantes.com/,,,https://www.google.com/maps/search/?api=1&query=Embutidos%20Ca%C3%B1ibano%20Collantes%2C%20C.%20Bodegas%2C%202%2C%2047675%20Bola%C3%B1os%20de%20Campos%2C%20Valladolid&query_place_id=ChIJA3gVQO9uOA0R0g9LhSJ40gI,42.0074941,-5.282833,,pendiente,no comprobado
embutidos-de-carpio-sl-carpio,EMBUTIDOS DE CARPIO SL,Carpio,Charcutería,Carnes y embutidos,"Ctra. Ataquines-Alaejos, KM 26, 47470 Carpio, Valladolid","Productor local de carnes y embutidos en Carpio, incorporado al catálogo provincial de Valladolid y revisado con Google Maps.",Consultar web o venta directa,+34 983 48 10 22,,https://ibericoselcarpio.com/,,,https://www.google.com/maps/search/?api=1&query=EMBUTIDOS%20DE%20CARPIO%20SL%2C%20Ctra.%20Ataquines-Alaejos%2C%20KM%2026%2C%2047470%20Carpio%2C%20Valladolid&query_place_id=ChIJKWuRjP6rOA0RYEWkzm7ppFQ,41.21438980000001,-5.0974397,,pendiente,no comprobado
carniceria-artesana-diez-herrero-cogeces-del-monte,Carnicería Artesana Díez Herrero,Cogeces del Monte,Charcutería,Carnes y embutidos,"C. Real, 86, 47313 Cogeces del Monte, Valladolid","Productor local de carnes y embutidos en Cogeces del Monte, incorporado al catálogo provincial de Valladolid y revisado con Google Maps.",Consultar web o venta directa,+34 653 75 44 01,,https://carniceriadiezherrero.es/,,https://www.instagram.com/carniceria_diez_herrero/,https://www.google.com/maps/search/?api=1&query=Carnicer%C3%ADa%20Artesana%20D%C3%ADez%20Herrero%2C%20C.%20Real%2C%2086%2C%2047313%20Cogeces%20del%20Monte%2C%20Valladolid&query_place_id=ChIJQdr6O3XfRg0RSIl3M_sV7Iw,41.512127,-4.327484699999999,,pendiente,no comprobado
embutidos-ballesteros-s-l-valladolid,Embutidos Ballesteros S.L.,Valladolid,Charcutería,Carnes y embutidos,"C. Moradas, 21, 47010 Valladolid","Productor local de carnes y embutidos en Valladolid, incorporado al catálogo provincial de Valladolid y revisado con Google Maps.",Consultar web o venta directa,+34 983 25 67 56,,http://www.embutidosballesteros.es/,,,https://www.google.com/maps/search/?api=1&query=Embutidos%20Ballesteros%20S.L.%2C%20C.%20Moradas%2C%2021%2C%2047010%20Valladolid&query_place_id=ChIJ3fqGeakSRw0RiMxT4UctVvc,41.661137,-4.722188099999999,,pendiente,no comprobado
cerveza-artesanal-patagonia-aldeamayor-de-san-martin,Cerveza Artesanal Patagonia,Aldeamayor de San Martín,Cerveza artesana,Cerveza artesana,"C. Pino Negral, 20, 47162 Aldeamayor de San Martín, Valladolid","Productor local de cerveza artesana en Aldeamayor de San Martín, incorporado al catálogo provincial de Valladolid y revisado con Google Maps.",Consultar web o venta directa,+34 616 09 44 18,,http://www.cervezaartesanalpatagonia.com/,,https://www.instagram.com/cervezaartesanalpatagonia/,https://www.google.com/maps/search/?api=1&query=Cerveza%20Artesanal%20Patagonia%2C%20C.%20Pino%20Negral%2C%2020%2C%2047162%20Aldeamayor%20de%20San%20Mart%C3%ADn%2C%20Valladolid&query_place_id=ChIJ9SIFlTsVRw0RyPJKe0FHNQA,41.5395928,-4.664151299999999,,pendiente,no comprobado
cervezas-la-sardon-de-duero,Cervezas LA,Sardón de Duero,Cerveza artesana,Cerveza artesana,"C. Eras, 8, 47340 Sardón de Duero, Valladolid","Productor local de cerveza artesana en Sardón de Duero, incorporado al catálogo provincial de Valladolid y revisado con Google Maps.",Consultar web o venta directa,+34 652 82 55 13,,http://www.cervezasla.es/,,,https://www.google.com/maps/search/?api=1&query=Cervezas%20LA%2C%20C.%20Eras%2C%208%2C%2047340%20Sard%C3%B3n%20de%20Duero%2C%20Valladolid&query_place_id=ChIJTypgv80dRw0RhCotUMlTfI4,41.6071968,-4.4349759,,pendiente,no comprobado
aceitunas-y-conservas-anfe-valladolid,Aceitunas y Conservas ANFE,Valladolid,Despensa artesanal,Productos artesanales,"P.º de San Vicente, 12, 47013 Valladolid","Productor local de despensa artesanal en Valladolid, incorporado al catálogo provincial de Valladolid y revisado con Google Maps.",Consultar web o venta directa,+34 983 21 23 18,,,,,https://www.google.com/maps/search/?api=1&query=Aceitunas%20y%20Conservas%20ANFE%2C%20P.%C2%BA%20de%20San%20Vicente%2C%2012%2C%2047013%20Valladolid&query_place_id=ChIJscGC18gSRw0RrxcJgqt5hv8,41.6447139,-4.7169656,,pendiente,no comprobado
da-silva-imagina-chocolate-artesanal-valladolid,Da Silva Imagina | Chocolate artesanal,Valladolid,Despensa artesanal,Productos artesanales,"Av. del Euro, 24, 47009 Valladolid","Productor local de despensa artesanal en Valladolid, incorporado al catálogo provincial de Valladolid y revisado con Google Maps.",Consultar web o venta directa,+34 983 04 59 04,,https://www.dasilvaimagina.com/,,https://www.instagram.com/dasilvagastronomia/,https://www.google.com/maps/search/?api=1&query=Da%20Silva%20Imagina%20%7C%20Chocolate%20artesanal%2C%20Av.%20del%20Euro%2C%2024%2C%2047009%20Valladolid&query_place_id=ChIJnUoimVINRw0RcDEmGvk258w,41.67224179999999,-4.7195903,,pendiente,no comprobado
los-secretos-de-mi-angel-valladolid,Los Secretos de Mi Ángel,Valladolid,Despensa artesanal,Productos artesanales,"C. de los Vinos de la Ribera del Duero, 2, 47008 Valladolid","Productor local de despensa artesanal en Valladolid, incorporado al catálogo provincial de Valladolid y revisado con Google Maps.",Consultar web o venta directa,+34 699 35 61 06,,https://www.instagram.com/lossecretosdemiangel/,,https://www.instagram.com/lossecretosdemiangel/,https://www.google.com/maps/search/?api=1&query=Los%20Secretos%20de%20Mi%20%C3%81ngel%2C%20C.%20de%20los%20Vinos%20de%20la%20Ribera%20del%20Duero%2C%202%2C%2047008%20Valladolid&query_place_id=ChIJl71GPxVtRw0R_aj5-8At1y4,41.6192808,-4.7502946,,pendiente,no comprobado
frutos-secos-alcazaren-alcazaren,Frutos Secos Alcazaren,Alcazarén,Frutos secos,Frutos secos,"C. Farolas, 8, 47238 Alcazarén, Valladolid","Productor local de frutos secos en Alcazarén, incorporado al catálogo provincial de Valladolid y revisado con Google Maps.",Consultar web o venta directa,+34 983 60 92 07,,http://www.frutossecosalcazaren.es/,,,https://www.google.com/maps/search/?api=1&query=Frutos%20Secos%20Alcazaren%2C%20C.%20Farolas%2C%208%2C%2047238%20Alcazar%C3%A9n%2C%20Valladolid&query_place_id=ChIJ3cLB5Lc5Rw0RcIfWEw7CFSM,41.3667942,-4.6766653,,pendiente,no comprobado
frutos-secos-dani-medina-del-campo,Frutos secos Dani,Medina del Campo,Frutos secos,Frutos secos,"C. Simón Ruiz, 2, 47400 Medina del Campo, Valladolid","Productor local de frutos secos en Medina del Campo, incorporado al catálogo provincial de Valladolid y revisado con Google Maps.",Consultar web o venta directa,,,,,https://www.instagram.com/frutossecosdani/,https://www.google.com/maps/search/?api=1&query=Frutos%20secos%20Dani%2C%20C.%20Sim%C3%B3n%20Ruiz%2C%202%2C%2047400%20Medina%20del%20Campo%2C%20Valladolid&query_place_id=ChIJw3msjEdQRw0Rp-gPcK2x7qk,41.307829,-4.9146376,,pendiente,no comprobado
frutos-secos-pekas-medina-del-campo,Frutos Secos Pekas,Medina del Campo,Frutos secos,Frutos secos,"C. Bravo, 1, 47400 Medina del Campo, Valladolid","Productor local de frutos secos en Medina del Campo, incorporado al catálogo provincial de Valladolid y revisado con Google Maps.",Consultar web o venta directa,+34 679 63 92 75,,https://www.frutosecospekas.com/,,https://www.instagram.com/frutossecospekas/,https://www.google.com/maps/search/?api=1&query=Frutos%20Secos%20Pekas%2C%20C.%20Bravo%2C%201%2C%2047400%20Medina%20del%20Campo%2C%20Valladolid&query_place_id=ChIJyxIb80dQRw0R-5UYK7fysR8,41.3076787,-4.9147852,,pendiente,no comprobado
quesos-el-zarzal-laguna-de-duero,Quesos El Zarzal,Laguna de Duero,Lácteos y quesos,Quesos artesanos,"C. Resineros, 47140 Laguna de Duero, Valladolid","Productor local de lácteos y quesos en Laguna de Duero, incorporado al catálogo provincial de Valladolid y revisado con Google Maps.",Consultar web o venta directa,+34 644 48 02 72,,,,,https://www.google.com/maps/search/?api=1&query=Quesos%20El%20Zarzal%2C%20C.%20Resineros%2C%2047140%20Laguna%20de%20Duero%2C%20Valladolid&query_place_id=ChIJzRnoOUMTRw0Rmaj1XZS1QUE,41.58838129999999,-4.6916025,,pendiente,no comprobado
la-quesera-de-rueda-lacteos-artesanos-medina-sl-rueda,La Quesera de Rueda (Lácteos Artesanos Medina SL),Rueda,Lácteos y quesos,Quesos artesanos,"Av. Tordesillas, 47, 47490 Rueda, Valladolid","Productor local de lácteos y quesos en Rueda, incorporado al catálogo provincial de Valladolid y revisado con Google Maps.",Consultar web o venta directa,+34 983 86 82 98,,http://www.laqueseraderueda.com/,,https://www.instagram.com/laqueseraderueda/,https://www.google.com/maps/search/?api=1&query=La%20Quesera%20de%20Rueda%20%28L%C3%A1cteos%20Artesanos%20Medina%20SL%29%2C%20Av.%20Tordesillas%2C%2047%2C%2047490%20Rueda%2C%20Valladolid&query_place_id=ChIJD-wGTAlcRw0RYAmRX-gK-HI,41.4193963,-4.9617495,,pendiente,no comprobado
quesos-felix-armando-sanz-s-l-serrada,QUESOS FÉLIX Armando Sanz S.L.,Serrada,Lácteos y quesos,Quesos artesanos,"CL-610 km. 26,5, 47231 Serrada, Valladolid","Productor local de lácteos y quesos en Serrada, incorporado al catálogo provincial de Valladolid y revisado con Google Maps.",Consultar web o venta directa,+34 983 55 91 06,,https://quesosfelix.es/,,https://www.instagram.com/quesosfelix/,https://www.google.com/maps/search/?api=1&query=QUESOS%20F%C3%89LIX%20Armando%20Sanz%20S.L.%2C%20CL-610%20km.%2026%2C5%2C%2047231%20Serrada%2C%20Valladolid&query_place_id=ChIJVQ2kExlDRw0Rd6JmlaCqObU,41.45156009999999,-4.8692639,,pendiente,no comprobado
queserias-entrepinares-valladolid,Queserías Entrepinares,Valladolid,Lácteos y quesos,Quesos artesanos,"C. del Arca Real, 47008 Valladolid","Productor local de lácteos y quesos en Valladolid, incorporado al catálogo provincial de Valladolid y revisado con Google Maps.",Consultar web o venta directa,+34 983 45 77 25,,https://entrepinares.es/,,https://www.instagram.com/queseriasentrepinares/,https://www.google.com/maps/search/?api=1&query=Queser%C3%ADas%20Entrepinares%2C%20C.%20del%20Arca%20Real%2C%2047008%20Valladolid&query_place_id=ChIJqcHEcNFsRw0Rl6EpAvxnQeY,41.6200634,-4.7325493,,pendiente,no comprobado
fabrica-de-quesos-s-quevedo-valoria-la-buena,Fábrica de quesos S. Quevedo,Valoria la Buena,Lácteos y quesos,Quesos artesanos,"Av. Santiago Hidalgo, 36, 47200 Valoria la Buena, Valladolid","Productor local de lácteos y quesos en Valoria la Buena, incorporado al catálogo provincial de Valladolid y revisado con Google Maps.",Consultar web o venta directa,+34 983 50 21 10,,https://www.queso-quevedo.es/,,https://www.instagram.com/quesosquevedo/,https://www.google.com/maps/search/?api=1&query=F%C3%A1brica%20de%20quesos%20S.%20Quevedo%2C%20Av.%20Santiago%20Hidalgo%2C%2036%2C%2047200%20Valoria%20la%20Buena%2C%20Valladolid&query_place_id=ChIJuevWnrAHRw0RR3H5OdADzBg,41.8002907,-4.535194,,pendiente,no comprobado
quesos-valdeovejas-villanueva-de-los-caballeros,Quesos Valdeovejas,Villanueva de los Caballeros,Lácteos y quesos,Quesos artesanos,"Autovía del Noroeste, 47850 Villanueva de los Caballeros, Valladolid","Productor local de lácteos y quesos en Villanueva de los Caballeros, incorporado al catálogo provincial de Valladolid y revisado con Google Maps.",Consultar web o venta directa,+34 983 48 20 08,,http://valdeovejas.com/,,,https://www.google.com/maps/search/?api=1&query=Quesos%20Valdeovejas%2C%20Autov%C3%ADa%20del%20Noroeste%2C%2047850%20Villanueva%20de%20los%20Caballeros%2C%20Valladolid&query_place_id=ChIJGXZvtBGKOA0R4njqLf19RBg,41.7846993,-5.3225159,,pendiente,no comprobado
la-miel-de-amable-castronuno,La miel de amable,Castronuño,Miel,Miel artesana,"C\Olivares, Nº 24, 47520 Castronuño, Valladolid","Productor local de miel en Castronuño, incorporado al catálogo provincial de Valladolid y revisado con Google Maps.",Consultar web o venta directa,+34 622 39 15 10,,https://lamieldeamable.es/,,https://www.instagram.com/lamieldeamable/,https://www.google.com/maps/search/?api=1&query=La%20miel%20de%20amable%2C%20C%5COlivares%2C%20N%C2%BA%2024%2C%2047520%20Castronu%C3%B1o%2C%20Valladolid&query_place_id=ChIJp5JnJGe7OA0R_pCQTBU-62I,41.3904238,-5.267111600000001,,pendiente,no comprobado
amor-miel-valladolid,Amor Miel,Valladolid,Miel,Miel artesana,"C. 46 46, Candelaria, 97782 Valladolid, Yuc., México","Productor local de miel en Valladolid, incorporado al catálogo provincial de Valladolid y revisado con Google Maps.",Consultar web o venta directa,+52 985 852 1625,,,,,https://www.google.com/maps/search/?api=1&query=Amor%20Miel%2C%20C.%2046%2046%2C%20Candelaria%2C%2097782%20Valladolid%2C%20Yuc.%2C%20M%C3%A9xico&query_place_id=ChIJs9sGr2gLUY8R_6JLPWjxZks,20.693405,-88.205254,,pendiente,no comprobado
miel-de-pablo-viloria-del-henar,Miel de Pablo,Viloria del Henar,Miel,Miel artesana,"Ctra. Montemayor, s/n, 47166 Viloria del Henar, Valladolid, Valladolid","Productor local de miel en Viloria del Henar, incorporado al catálogo provincial de Valladolid y revisado con Google Maps.",Consultar web o venta directa,+34 983 69 77 95,,,,,https://www.google.com/maps/search/?api=1&query=Miel%20de%20Pablo%2C%20Ctra.%20Montemayor%2C%20s%2Fn%2C%2047166%20Viloria%20del%20Henar%2C%20Valladolid%2C%20Valladolid&query_place_id=ChIJCW8280_fRg0RGDq4fScYHAM,41.447494,-4.3860727,,pendiente,no comprobado
pasteleria-reposteria-vg-la-casita-alaejos,PASTELERIA REPOSTERIA vg. LA CASITA,Alaejos,Pan y pastelería,Pan y pastelería,"C. Matadero, 11, 47510 Alaejos, Valladolid","Productor local de pan y pastelería en Alaejos, incorporado al catálogo provincial de Valladolid y revisado con Google Maps.",Consultar web o venta directa,+34 983 81 76 16,,http://www.reposterialacasita.com/,,https://www.instagram.com/reposteria.lacasita/,https://www.google.com/maps/search/?api=1&query=PASTELERIA%20REPOSTERIA%20vg.%20LA%20CASITA%2C%20C.%20Matadero%2C%2011%2C%2047510%20Alaejos%2C%20Valladolid&query_place_id=ChIJVccCheivOA0R2LoxPdakv-E,41.306335,-5.215737,,pendiente,no comprobado
dulces-y-conservas-helios-arroyo-de-la-encomienda,Dulces y conservas Helios,Arroyo de la Encomienda,Pan y pastelería,Pan y pastelería,"Av. de Salamanca, 44, 47195 Arroyo de la Encomienda, Valladolid","Productor local de pan y pastelería en Arroyo de la Encomienda, incorporado al catálogo provincial de Valladolid y revisado con Google Maps.",Consultar web o venta directa,+34 983 40 78 49,,https://www.helios.es/,,https://www.instagram.com/helios1901/,https://www.google.com/maps/search/?api=1&query=Dulces%20y%20conservas%20Helios%2C%20Av.%20de%20Salamanca%2C%2044%2C%2047195%20Arroyo%20de%20la%20Encomienda%2C%20Valladolid&query_place_id=ChIJQ4Ig1lJsRw0RQQdB4fE4NwU,41.62111609999999,-4.777946099999999,,pendiente,no comprobado
obrador-la-amona-cigales,Obrador La amona,Cigales,Pan y pastelería,Pan y pastelería,"C. de las Armas, 31, 47270 Cigales, Valladolid","Productor local de pan y pastelería en Cigales, incorporado al catálogo provincial de Valladolid y revisado con Google Maps.",Consultar web o venta directa,+34 633 19 91 50,,https://obradorlaamona.es/,,,https://www.google.com/maps/search/?api=1&query=Obrador%20La%20amona%2C%20C.%20de%20las%20Armas%2C%2031%2C%2047270%20Cigales%2C%20Valladolid&query_place_id=ChIJASIjYOsLRw0Rl9PdXPjmt44,41.7592103,-4.6972765,,pendiente,no comprobado
panaderia-artesanal-miga-y-miel-iscar,Panadería Artesanal Miga y Miel,Íscar,Pan y pastelería,Pan y pastelería,"C. Severino Pascual, 2, 47420 Íscar, Valladolid","Productor local de pan y pastelería en Íscar, incorporado al catálogo provincial de Valladolid y revisado con Google Maps.",Consultar web o venta directa,+34 684 72 66 57,,,,,https://www.google.com/maps/search/?api=1&query=Panader%C3%ADa%20Artesanal%20Miga%20y%20Miel%2C%20C.%20Severino%20Pascual%2C%202%2C%2047420%20%C3%8Dscar%2C%20Valladolid&query_place_id=ChIJmWPbqQ0lRw0RKXIXT4kRO20,41.3610637,-4.530869399999999,,pendiente,no comprobado
panaderia-obrador-castellano-laguna-de-duero,Panadería Obrador Castellano,Laguna de Duero,Pan y pastelería,Pan y pastelería,"C. Cam. de los Barreros, 7, 47140 Laguna de Duero, Valladolid","Productor local de pan y pastelería en Laguna de Duero, incorporado al catálogo provincial de Valladolid y revisado con Google Maps.",Consultar web o venta directa,+34 983 54 52 61,,http://www.obradorcastellano.es/,,https://www.instagram.com/obradorcastellano/,https://www.google.com/maps/search/?api=1&query=Panader%C3%ADa%20Obrador%20Castellano%2C%20C.%20Cam.%20de%20los%20Barreros%2C%207%2C%2047140%20Laguna%20de%20Duero%2C%20Valladolid&query_place_id=ChIJqTCCAVgTRw0RLqJNcz8Qk2Q,41.5847611,-4.717351499999999,,pendiente,no comprobado
madapan-panaderia-obrador-cafe-mayorga,Madapan Panadería Obrador Café,Mayorga,Pan y pastelería,Pan y pastelería,"C. Jesús, 2, 47680 Mayorga, Valladolid","Productor local de pan y pastelería en Mayorga, incorporado al catálogo provincial de Valladolid y revisado con Google Maps.",Consultar web o venta directa,+34 722 83 30 52,,https://www.madapan.es/,,https://www.instagram.com/mada_pan/,https://www.google.com/maps/search/?api=1&query=Madapan%20Panader%C3%ADa%20Obrador%20Caf%C3%A9%2C%20C.%20Jes%C3%BAs%2C%202%2C%2047680%20Mayorga%2C%20Valladolid&query_place_id=ChIJrVEzSWYTOA0RvELJoM_FZSU,42.1663269,-5.2624362,,pendiente,no comprobado
el-obrador-de-torrecilla-torrecilla-de-la-orden,El Obrador de Torrecilla,Torrecilla de la Orden,Pan y pastelería,Pan y pastelería,"C. San Gines, 40, 47513 Torrecilla de la Orden, Valladolid","Productor local de pan y pastelería en Torrecilla de la Orden, incorporado al catálogo provincial de Valladolid y revisado con Google Maps.",Consultar web o venta directa,+34 983 81 81 28,,http://www.elobradordetorrecilla.com/,,https://www.instagram.com/elobradordetorrecilla/,https://www.google.com/maps/search/?api=1&query=El%20Obrador%20de%20Torrecilla%2C%20C.%20San%20Gines%2C%2040%2C%2047513%20Torrecilla%20de%20la%20Orden%2C%20Valladolid&query_place_id=ChIJX1knxo6tOA0RA91KYsfhYKc,41.21647,-5.2226558,,pendiente,no comprobado
bucle-reposteria-y-cafe-valladolid,BUCLE - Repostería y café,Valladolid,Pan y pastelería,Pan y pastelería,"C. Imperial, 24, 47003 Valladolid","Productor local de pan y pastelería en Valladolid, incorporado al catálogo provincial de Valladolid y revisado con Google Maps.",Consultar web o venta directa,,,https://bucleobrador.es/,,https://www.instagram.com/bucle.obrador/,https://www.google.com/maps/search/?api=1&query=BUCLE%20-%20Reposter%C3%ADa%20y%20caf%C3%A9%2C%20C.%20Imperial%2C%2024%2C%2047003%20Valladolid&query_place_id=ChIJDbDjwy1tRw0RcXR0cNy3y9U,41.6587956,-4.7295688,,pendiente,no comprobado
el-obrador-valladolid,El Obrador,Valladolid,Pan y pastelería,Pan y pastelería,"C. Pérez Galdós, 34, 47005 Valladolid","Productor local de pan y pastelería en Valladolid, incorporado al catálogo provincial de Valladolid y revisado con Google Maps.",Consultar web o venta directa,+34 983 39 98 70,,,,,https://www.google.com/maps/search/?api=1&query=El%20Obrador%2C%20C.%20P%C3%A9rez%20Gald%C3%B3s%2C%2034%2C%2047005%20Valladolid&query_place_id=ChIJsXlAI7oSRw0RsaWfd7xRqVk,41.6497458,-4.715870400000001,,pendiente,no comprobado
matizes-pasteleria-valladolid,Matizes Pastelería,Valladolid,Pan y pastelería,Pan y pastelería,"C. Colón, 6, 47005 Valladolid","Productor local de pan y pastelería en Valladolid, incorporado al catálogo provincial de Valladolid y revisado con Google Maps.",Consultar web o venta directa,+34 627 78 18 93,,,,,https://www.google.com/maps/search/?api=1&query=Matizes%20Pasteler%C3%ADa%2C%20C.%20Col%C3%B3n%2C%206%2C%2047005%20Valladolid&query_place_id=ChIJV3xQEB4TRw0RIU86WohTnT4,41.6527045,-4.7179369,,pendiente,no comprobado
obrador-al-pan-pan-valladolid,"Obrador al pan, pan",Valladolid,Pan y pastelería,Pan y pastelería,"C. de Manuel Azaña, 57, 47014 Valladolid","Productor local de pan y pastelería en Valladolid, incorporado al catálogo provincial de Valladolid y revisado con Google Maps.",Consultar web o venta directa,+34 983 34 70 01,,,,,https://www.google.com/maps/search/?api=1&query=Obrador%20al%20pan%2C%20pan%2C%20C.%20de%20Manuel%20Aza%C3%B1a%2C%2057%2C%2047014%20Valladolid&query_place_id=ChIJ5aqhjA5tRw0RdCKx2vxYWXE,41.6361697,-4.7615912,,pendiente,no comprobado
obrador-balbino-valladolid,Obrador Balbino,Valladolid,Pan y pastelería,Pan y pastelería,"C. de Juan Martínez Villergas, 8, 47014 Valladolid","Productor local de pan y pastelería en Valladolid, incorporado al catálogo provincial de Valladolid y revisado con Google Maps.",Consultar web o venta directa,+34 673 12 07 71,,https://www.instagram.com/obradorbalbino/profilecard/?igsh=YXpuN3p6OWY2cXlp,,https://www.instagram.com/obradorbalbino/,https://www.google.com/maps/search/?api=1&query=Obrador%20Balbino%2C%20C.%20de%20Juan%20Mart%C3%ADnez%20Villergas%2C%208%2C%2047014%20Valladolid&query_place_id=ChIJ3TwwyIZtRw0RM3epVLMfRv4,41.6363681,-4.757562399999999,,pendiente,no comprobado
obrador-de-canutillos-ruben-valladolid,Obrador de canutillos Rubén,Valladolid,Pan y pastelería,Pan y pastelería,"C. Huelva, 5, 47012 Valladolid","Productor local de pan y pastelería en Valladolid, incorporado al catálogo provincial de Valladolid y revisado con Google Maps.",Consultar web o venta directa,+34 600 46 70 11,,,,,https://www.google.com/maps/search/?api=1&query=Obrador%20de%20canutillos%20Rub%C3%A9n%2C%20C.%20Huelva%2C%205%2C%2047012%20Valladolid&query_place_id=ChIJvxTHnscSRw0RpT1i1SrEW-M,41.6432033,-4.7150306,,pendiente,no comprobado
obrador-tahona-coque-valladolid,OBRADOR TAHONA COQUE,Valladolid,Pan y pastelería,Pan y pastelería,"Cl. Cobalto, 9, 47012 Valladolid","Productor local de pan y pastelería en Valladolid, incorporado al catálogo provincial de Valladolid y revisado con Google Maps.",Consultar web o venta directa,+34 633 84 96 98,,https://www.facebook.com/profile.php?id=100082806615054,,https://www.instagram.com/tahonacoque/,https://www.google.com/maps/search/?api=1&query=OBRADOR%20TAHONA%20COQUE%2C%20Cl.%20Cobalto%2C%209%2C%2047012%20Valladolid&query_place_id=ChIJBZku6TUTRw0RQHzqaPZqfa4,41.6224377,-4.7009175,,pendiente,no comprobado
pan-pastas-y-reposteria-artesana-valladolid,"Pan, pastas y repostería artesana",Valladolid,Pan y pastelería,Pan y pastelería,"C. Prof. Adolfo Miaja de la Muela, 11, 47014 Valladolid","Productor local de pan y pastelería en Valladolid, incorporado al catálogo provincial de Valladolid y revisado con Google Maps.",Consultar web o venta directa,+34 652 83 94 70,,,,,https://www.google.com/maps/search/?api=1&query=Pan%2C%20pastas%20y%20reposter%C3%ADa%20artesana%2C%20C.%20Prof.%20Adolfo%20Miaja%20de%20la%20Muela%2C%2011%2C%2047014%20Valladolid&query_place_id=ChIJOaVoTxFtRw0RUOz0aKeTWis,41.6358606,-4.7541534,,pendiente,no comprobado
pasteleria-cundo-valladolid,Pastelería Cundo,Valladolid,Pan y pastelería,Pan y pastelería,"C. Alta, 41, 47012 Valladolid","Productor local de pan y pastelería en Valladolid, incorporado al catálogo provincial de Valladolid y revisado con Google Maps.",Consultar web o venta directa,+34 983 29 15 72,,https://www.cundo.es/,,https://www.instagram.com/pasteleriacundo/,https://www.google.com/maps/search/?api=1&query=Pasteler%C3%ADa%20Cundo%2C%20C.%20Alta%2C%2041%2C%2047012%20Valladolid&query_place_id=ChIJhY3kp88TRw0R0YZwzULxRIA,41.6466299,-4.7056341,,pendiente,no comprobado
pasteleria-el-bombon-valladolid,"Pastelería ""El Bombón""",Valladolid,Pan y pastelería,Pan y pastelería,"Pl. Fuente Dorada, 9, 47002 Valladolid","Productor local de pan y pastelería en Valladolid, incorporado al catálogo provincial de Valladolid y revisado con Google Maps.",Consultar web o venta directa,+34 983 20 85 96,,http://www.elbombon.com/,,https://www.instagram.com/elbombonvalladolid/,https://www.google.com/maps/search/?api=1&query=Pasteler%C3%ADa%20%22El%20Bomb%C3%B3n%22%2C%20Pl.%20Fuente%20Dorada%2C%209%2C%2047002%20Valladolid&query_place_id=ChIJT2nOhK0SRw0ROGG5Z5zDd08,41.6520975,-4.7259175,,pendiente,no comprobado
pasteleria-liebana-valladolid,Pastelería Liébana,Valladolid,Pan y pastelería,Pan y pastelería,"C. Pólvora, 11, 47005 Valladolid","Productor local de pan y pastelería en Valladolid, incorporado al catálogo provincial de Valladolid y revisado con Google Maps.",Consultar web o venta directa,+34 652 93 34 04,,https://pastelerialiebana.com/,,https://www.instagram.com/pasteleria_liebana/,https://www.google.com/maps/search/?api=1&query=Pasteler%C3%ADa%20Li%C3%A9bana%2C%20C.%20P%C3%B3lvora%2C%2011%2C%2047005%20Valladolid&query_place_id=ChIJ4xkUILsSRw0RCeoqIk-whQI,41.6531665,-4.714781599999999,,pendiente,no comprobado
reposteria-artesana-naranja-y-chocolate-s-l-valladolid,Repostería Artesana Naranja y Chocolate S.L.,Valladolid,Pan y pastelería,Pan y pastelería,"C. Plomo, 5, nave 2, 47012 Valladolid","Productor local de pan y pastelería en Valladolid, incorporado al catálogo provincial de Valladolid y revisado con Google Maps.",Consultar web o venta directa,+34 687 99 34 01,,http://www.naranjaychocolate.es/,,https://www.instagram.com/naranja_y_chocolate_sl/,https://www.google.com/maps/search/?api=1&query=Reposter%C3%ADa%20Artesana%20Naranja%20y%20Chocolate%20S.L.%2C%20C.%20Plomo%2C%205%2C%20nave%202%2C%2047012%20Valladolid&query_place_id=ChIJMTNhakdtRw0RbStJaPk3vfs,41.6098142,-4.7062379,,pendiente,no comprobado
reposteria-valentin-valladolid,Repostería Valentín,Valladolid,Pan y pastelería,Pan y pastelería,"C. Gral. Shelly, 18, 47013 Valladolid","Productor local de pan y pastelería en Valladolid, incorporado al catálogo provincial de Valladolid y revisado con Google Maps.",Consultar web o venta directa,+34 983 27 03 78,,https://reposteriavalentin.es/,,https://www.instagram.com/reposteriavalentin/,https://www.google.com/maps/search/?api=1&query=Reposter%C3%ADa%20Valent%C3%ADn%2C%20C.%20Gral.%20Shelly%2C%2018%2C%2047013%20Valladolid&query_place_id=ChIJmzUpT84SRw0RfXKhUY9NYk8,41.6356602,-4.7209714,,pendiente,no comprobado
las-mermeladas-de-alison-uruena,LAS MERMELADAS DE ALISON,Urueña,Despensa artesanal,Mermeladas,"C. Real, 11, 47862 Urueña, Valladolid","Productor local de mermeladas en Urueña, incorporado al catálogo provincial de Valladolid desde Alimentos de Valladolid y geocodificado por dirección oficial.",Consultar web o venta directa,669 556 572,aliciacanosa@hotmail.com,,,,https://www.google.com/maps/search/?api=1&query=LAS%20MERMELADAS%20DE%20ALISON%2C%20C.%20Real%2C%2011%2C%2047862%20Urue%C3%B1a%2C%20Valladolid&query_place_id=ChIJ7azUYHSGOA0RtiVyBpXeJgc,41.7265367,-5.202856199999999,,pendiente,no comprobado
miel-montes-de-valveni-valoria-la-buena,MIEL MONTES DE VALVENI,Valoria la Buena,Miel,Miel de lavanda,"Camino Barco del Perro, 47200 Valoria la Buena, Valladolid","Somos una pequeña empresa dedicada a la obtención de productos de nuestras propias colmenas y a la divulgación de la apicultura. Nos encontramos en el entorno de Valoria la Buena (Valladolid), en la comarca del Cerrato, una región con antigua tradición apícola donde se han obtenido mieles muy apreciadas desde hace siglos.",Consultar web o venta directa,625611307,mielmontesdevalveni@gmail.com,https://www.mielmontesdevalveni.com,,https://www.instagram.com/mielmontesdevalveni/,https://www.google.com/maps/search/?api=1&query=MIEL%20MONTES%20DE%20VALVENI%2C%20Camino%20Barco%20del%20Perro%2C%2047200%20Valoria%20la%20Buena%2C%20Valladolid&query_place_id=ChIJMfWDc7AHRw0RaME-HP23K8E,41.8000754,-4.5321473,,pendiente,no comprobado
las-recetas-de-anita-mayorga,Las recetas de Anita,Mayorga,Despensa artesanal,"Lentejas estofadas, alubias estofadas","C. del Basalto, 1, nave 2, 47680 Mayorga, Valladolid","Productor local de platos preparados en Mayorga, incorporado al catálogo provincial de Valladolid desde Alimentos de Valladolid y geocodificado por dirección oficial.",Consultar web o venta directa,,hola@lasrecetasdeanita.com,https://www.lasrecetasdeanita.com,,https://www.instagram.com/lasrecetasdeanita/,https://www.google.com/maps/search/?api=1&query=Las%20recetas%20de%20Anita%2C%20C.%20del%20Basalto%2C%201%2C%20nave%202%2C%2047680%20Mayorga%2C%20Valladolid&query_place_id=EjtDLiBkZWwgQmFzYWx0bywgMSwgbmF2ZSAyLCA0NzY4MCBNYXlvcmdhLCBWYWxsYWRvbGlkLCBTcGFpbiIiGiAKFgoUChIJA5Z3P6kTOA0R3zFe3VqGhd0SBm5hdmUgMg,42.15853,-5.275019899999999,,pendiente,no comprobado
fonseca-mediero-s-l-fresno-el-viejo,Fonseca Mediero S.L.,Fresno el viejo,Lácteos y quesos,"Queso semicurado,leche cruda oveja, 3 meses","Fresno el viejo, Valladolid, España","Productor lácteo de Fresno el viejo incluido en el directorio World Cheese Awards con productos como Queso semicurado,leche cruda oveja, 3 meses.",Consultar fuente,,,https://gff.co.uk/directory/producer/?id=58138,,,https://www.google.com/maps/search/?api=1&query=Fonseca%20Mediero%20S.L.%2C%20Fresno%20el%20viejo%2C%20Valladolid%2C%20Espa%C3%B1a,,,,pendiente,no comprobado
