slug,nombre,municipio,categoria,productos estrella,direccion,descripcion,horario,telefono,correo,web,Facebook,Instagram,Google Maps,lat,lon,fecha_revision,imagen
alizan-bodegas-y-vinedos-moraleja-del-vino,Alizán Bodegas y Viñedos,Moraleja del Vino,Bodega,Vinos D.O. Tierra del Vino de Zamora,"Moraleja del Vino, Zamora",Alizán Bodegas y Viñedos figura en los listados de Alimentos de Zamora como elaborador vinculado a Vinos D.O. Tierra del Vino de Zamora.,Consultar web o venta directa,980 571 517 / 983 306 021,,https://alimentosdezamora.info/,,,https://www.google.com/maps/search/Aliz%C3%A1n%20Bodegas%20y%20Vi%C3%B1edos%2C%20Moraleja%20del%20Vino%2C%20Zamora,41.4632879,-5.6556087,2026-05-19,
bernardo-farina-enologia-creativa-moraleja-del-vino,Bernardo Fariña Enología Creativa,Moraleja del Vino,Bodega,Enología creativa,"C/ Aribayos, 32 bis, 49150 Moraleja del Vino, Zamora","Romper las reglas siempre tiene su encanto, y en enología, aún más. Descubrir el lado oculto de las uvas es lo que siempre me ha atrapado. Llevo más de 30 vendimias metido de lleno en el mundo del vino. Mis primeros pasos fueron en la empresa familiar, donde empecé como ayudante de bodeguero, aprendiendo desde abajo, manchándome las manos y entendiendo...",Consultar web o venta directa,640057098,bernardo@bernardofarina.es,https://bernardofarina.es/,https://www.facebook.com/bernardofarinaenologiacreativa,https://www.instagram.com/bernardo_farina_enologia/,https://www.google.com/maps/search/Bernardo%20Fari%C3%B1a%20Enolog%C3%ADa%20Creativa%2C%20C%2F%20Aribayos%2C%2032%20bis%2C%2049150%20Moraleja%20del%20Vino%2C%20Zamora,41.4596758,-5.6544828,2026-05-19,
bodega-a-velasco-e-hijos-s-l-toro,BODEGA A. VELASCO E HIJOS S.L.,Toro,Bodega,D.O. Toro: Peña Rejas y Garabitas.,"Ctra. Tordesillas, Polígono Industrial Norte, Parcela 17-18, 49800, Toro, Zamora",BODEGA A. VELASCO E HIJOS S.L. figura en el directorio oficial de bodegas de la Denominación de Origen Toro. Marcas: Peña Rejas y Garabitas..,Consultar web o venta directa,980 69 24 55,admon@bodegasvelascoehijos.com,http://www.bodegasvelascoehijos.com/,https://www.facebook.com/BodegasVelasco/,,https://www.google.com/maps/search/BODEGA%20A.%20VELASCO%20E%20HIJOS%20S.L.%2C%20Ctra.%20Tordesillas%2C%20Pol%C3%ADgono%20Industrial%20Norte%2C%20Parcela%2017-18%2C%2049800%2C%20Toro%2C%20Zamora,41.5216963,-5.3939824,2026-05-19,
bodega-aliste-figueruela-de-abajo,Bodega Aliste,Figueruela de Abajo,Bodega,Con las manos y el corazón,"Plaza de España, 4, 49520 Figueruela de Abajo. Zamora","Llega un vino nacido en un lugar con leyenda: la Sierra de la Culebra, en la Comarca de Aliste (Zamora). Este enclave natural, Reserva de la Biosfera, reúne las condiciones ambientales perfectas para que de sus viñas nos llegue un producto capaz de estar a la altura de los mejores. El proceso de cultivo y elaboración es controlado en su totalidad por el...",Consultar web o venta directa,676986570,javier@hacedordevino.com,https://vinosdealiste.com/,https://www.facebook.com/BodegaAliste,https://www.instagram.com/bodega_aliste/,https://www.google.com/maps/search/Bodega%20Aliste%2C%20Plaza%20de%20Espa%C3%B1a%2C%204%2C%2049520%20Figueruela%20de%20Abajo.%20Zamora,41.8621403,-6.4480427,2026-05-19,
bodega-almaroja-fermoselle,Bodega AlmaRoja,Fermoselle,Bodega,Vinos D.O. Arribes,"Fermoselle, Zamora",Bodega AlmaRoja aparece en el listado de bodegas de la D.O. Arribes recogido por Alimentos de Zamora.,Consultar web o venta directa,,,https://alimentosdezamora.info/Vinos-Arribes_ES.html,,,https://www.google.com/maps/search/Bodega%20AlmaRoja%2C%20Fermoselle%2C%20Zamora,41.3174146,-6.3949234,2026-05-19,
bodega-andrea-gutierrez-ferreras-fuente-encalada,Bodega Andrea Gutiérrez Ferreras,Fuente Encalada,Bodega,Vinos de Calidad Valles de Benavente,"Fuente Encalada, Zamora",Bodega Andrea Gutiérrez Ferreras figura en los listados de Alimentos de Zamora como elaborador vinculado a Vinos de Calidad Valles de Benavente.,Consultar web o venta directa,980 659 245,,https://alimentosdezamora.info/,,,https://www.google.com/maps/search/Bodega%20Andrea%20Guti%C3%A9rrez%20Ferreras%2C%20Fuente%20Encalada%2C%20Zamora,42.1100414,-5.9964344,2026-05-19,
bodega-arribes-del-duero-soc-coop-fermoselle,Bodega Arribes del Duero Soc. Coop.,Fermoselle,Bodega,Vinos D.O. Arribes,"Fermoselle, Zamora",Bodega Arribes del Duero Soc. Coop. aparece en el listado de bodegas de la D.O. Arribes recogido por Alimentos de Zamora.,Consultar web o venta directa,,,https://alimentosdezamora.info/Vinos-Arribes_ES.html,,,https://www.google.com/maps/search/Bodega%20Arribes%20del%20Duero%20Soc.%20Coop.%2C%20Fermoselle%2C%20Zamora,41.3174146,-6.3949234,2026-05-19,
bodega-bernard-magrez-toro,BODEGA BERNARD MAGREZ,Toro,Bodega,"D.O. Toro: Paciencia, Spiritus Sancti, Confianza y Temperancia.","Plaza de la Santisima Trinidad Nº 5, 49800, Toro, Zamora","BODEGA BERNARD MAGREZ figura en el directorio oficial de bodegas de la Denominación de Origen Toro. Marcas: Paciencia, Spiritus Sancti, Confianza y Temperancia..",Consultar web o venta directa,630 08 40 80 - 630 04 9 312,info@vocarraje.es,https://www.bernard-magrez.com,https://www.facebook.com/Bernard.Magrez.Vignobles.Proprietaire/,https://www.instagram.com/bernardmagrez/,https://www.google.com/maps/search/BODEGA%20BERNARD%20MAGREZ%2C%20Plaza%20de%20la%20Santisima%20Trinidad%20N%C2%BA%205%2C%2049800%2C%20Toro%2C%20Zamora,41.5216963,-5.3939824,2026-05-19,
bodega-bucrana-toro,BODEGA BUCRANA,Toro,Bodega,"D.O. Toro: Orot, Bucrana y Bucrana Tau.","Ctra. Tordesillas, 403, 49800, Toro, Zamora","BODEGA BUCRANA figura en el directorio oficial de bodegas de la Denominación de Origen Toro. Marcas: Orot, Bucrana y Bucrana Tau..",Consultar web o venta directa,983 86 81 16,info@bornosbodegas.com,https://www.orotbodega.com/,https://www.facebook.com/clubbornos,,https://www.google.com/maps/search/BODEGA%20BUCRANA%2C%20Ctra.%20Tordesillas%2C%20403%2C%2049800%2C%20Toro%2C%20Zamora,41.5216963,-5.3939824,2026-05-19,
bodega-campo-de-toro-s-l-toro,"BODEGA CAMPO DE TORO, S.L.",Toro,Bodega,D.O. Toro: Válgame Dios,"Ctra. ZA-611 Toro - Valdefinjas, Km. 1,3, 49800, Toro, Zamora","BODEGA CAMPO DE TORO, S.L. figura en el directorio oficial de bodegas de la Denominación de Origen Toro. Marcas: Válgame Dios.",Consultar web o venta directa,633 15 19 54,pacotoro2015@gmail.com,https://www.valgamedios.es/,https://facebook.com/vinovalgamedios,https://instagram.com/vinovalgamedios,https://www.google.com/maps/search/BODEGA%20CAMPO%20DE%20TORO%2C%20S.L.%2C%20Ctra.%20ZA-611%20Toro%20-%20Valdefinjas%2C%20Km.%201%2C3%2C%2049800%2C%20Toro%2C%20Zamora,41.5216963,-5.3939824,2026-05-19,
bodega-caserio-de-duenas-toro,BODEGA CASERÍO DE DUEÑAS,Toro,Bodega,"D.O. Toro: Finca Anzil, Viña Mayor y La Poda.","Ctra. Toro-Salamanca km 9,4, Camino del Pego s/n, 49800, Toro, Zamora","BODEGA CASERÍO DE DUEÑAS figura en el directorio oficial de bodegas de la Denominación de Origen Toro. Marcas: Finca Anzil, Viña Mayor y La Poda..",Consultar web o venta directa,915 00 60 00,mmescoba@entrecanalesdomeq.com,https://entrecanalesdomecq.com/,,https://www.instagram.com/entrecanalesdomecq/,https://www.google.com/maps/search/BODEGA%20CASER%C3%8DO%20DE%20DUE%C3%91AS%2C%20Ctra.%20Toro-Salamanca%20km%209%2C4%2C%20Camino%20del%20Pego%20s%2Fn%2C%2049800%2C%20Toro%2C%20Zamora,41.5216963,-5.3939824,2026-05-19,
bodega-castillo-de-vidriales-quiruelas-de-vidriales,Bodega Castillo de Vidriales,Quiruelas de Vidriales,Bodega,Vinos de Calidad Valles de Benavente,"Quiruelas de Vidriales, Zamora",Bodega Castillo de Vidriales figura en los listados de Alimentos de Zamora como elaborador vinculado a Vinos de Calidad Valles de Benavente.,Consultar web o venta directa,628 317 119,,https://alimentosdezamora.info/,,,https://www.google.com/maps/search/Bodega%20Castillo%20de%20Vidriales%2C%20Quiruelas%20de%20Vidriales%2C%20Zamora,42.0182604,-5.8300875,2026-05-19,
bodega-cooperativa-el-tesoro-brime-de-urz,Bodega Cooperativa El Tesoro,Brime de Urz,Bodega,Vinos de Calidad Valles de Benavente,"Brime de Urz, Zamora",Bodega Cooperativa El Tesoro figura en los listados de Alimentos de Zamora como elaborador vinculado a Vinos de Calidad Valles de Benavente.,Consultar web o venta directa,636 982 233,,https://alimentosdezamora.info/,,,https://www.google.com/maps/search/Bodega%20Cooperativa%20El%20Tesoro%2C%20Brime%20de%20Urz%2C%20Zamora,42.0375321,-5.873206,2026-05-19,
bodega-cooperativa-virgen-de-la-bandera-fermoselle,Bodega Cooperativa Virgen de la Bandera,Fermoselle,Bodega,Vinos D.O. Arribes,"Fermoselle, Zamora",Bodega Cooperativa Virgen de la Bandera aparece en el listado de bodegas de la D.O. Arribes recogido por Alimentos de Zamora.,Consultar web o venta directa,,,https://alimentosdezamora.info/Vinos-Arribes_ES.html,,,https://www.google.com/maps/search/Bodega%20Cooperativa%20Virgen%20de%20la%20Bandera%2C%20Fermoselle%2C%20Zamora,41.3174146,-6.3949234,2026-05-19,
bodega-cyan-toro,BODEGA CYAN,Toro,Bodega,D.O. Toro: Cyan.,"Ctra Valdefinjas-Venialbo Km. 9,2, 49800, Toro, Zamora",BODEGA CYAN figura en el directorio oficial de bodegas de la Denominación de Origen Toro. Marcas: Cyan..,Consultar web o venta directa,983 683 315,cyan@matarromera.es,https://bodegacyan.es/,http://www.facebook.com/matarromera,https://www.instagram.com/matarromera_/,https://www.google.com/maps/search/BODEGA%20CYAN%2C%20Ctra%20Valdefinjas-Venialbo%20Km.%209%2C2%2C%2049800%2C%20Toro%2C%20Zamora,41.5216963,-5.3939824,2026-05-19,
bodega-dalmacio-gallego-gutierrez-morales-de-toro,Bodega Dalmacio Gallego Gutiérrez,Morales de Toro,Bodega,D.O. Toro: Vinos D.O. Toro,"Polígono 6 parcela 83, 49810, Morales de Toro, Zamora",Bodega Dalmacio Gallego Gutiérrez figura en el directorio oficial de bodegas de la Denominación de Origen Toro. Marcas: Vinos D.O. Toro.,Consultar web o venta directa,,bodegasdalmaciogallego@gmail.com,https://www.dotoro.com/bodegas/bodega-dalmacio-gallego-gutierrez/,,,https://www.google.com/maps/search/Bodega%20Dalmacio%20Gallego%20Guti%C3%A9rrez%2C%20Pol%C3%ADgono%206%20parcela%2083%2C%2049810%2C%20Morales%20de%20Toro%2C%20Zamora,41.5365564,-5.3068437,2026-05-19,
bodega-divina-proporcion-toro,BODEGA DIVINA PROPORCIÓN,Toro,Bodega,"D.O. Toro: Madremía, Abracadabra, 24 Mozas y Platón.","Camino de la Ermita del Cristo S/N, 49800, Toro, Zamora","BODEGA DIVINA PROPORCIÓN figura en el directorio oficial de bodegas de la Denominación de Origen Toro. Marcas: Madremía, Abracadabra, 24 Mozas y Platón..",Consultar web o venta directa,678 730 760,info@divinaproporcionbodegas.com,https://www.divinaproporcionbodegas.es/,https://www.facebook.com/bodega.divinaproporcion,https://www.instagram.com/divinaproporcion,https://www.google.com/maps/search/BODEGA%20DIVINA%20PROPORCI%C3%93N%2C%20Camino%20de%20la%20Ermita%20del%20Cristo%20S%2FN%2C%2049800%2C%20Toro%2C%20Zamora,41.5216963,-5.3939824,2026-05-19,
bodega-francisco-gonzalez-benavente,Bodega Francisco González,Benavente,Bodega,Vinos de Calidad Valles de Benavente,"Benavente, Zamora",Bodega Francisco González figura en los listados de Alimentos de Zamora como elaborador vinculado a Vinos de Calidad Valles de Benavente.,Consultar web o venta directa,980 638 355,,https://alimentosdezamora.info/,,,https://www.google.com/maps/search/Bodega%20Francisco%20Gonz%C3%A1lez%2C%20Benavente%2C%20Zamora,42.0032862,-5.6738595,2026-05-19,
bodega-guillermo-freire-moraleja-del-vino,Bodega Guillermo Freire,Moraleja del Vino,Bodega,Vinos D.O. Tierra del Vino de Zamora,"Moraleja del Vino, Zamora",Bodega Guillermo Freire figura en los listados de Alimentos de Zamora como elaborador vinculado a Vinos D.O. Tierra del Vino de Zamora.,Consultar web o venta directa,980 571 188 / 655 925 127,,https://alimentosdezamora.info/,,,https://www.google.com/maps/search/Bodega%20Guillermo%20Freire%2C%20Moraleja%20del%20Vino%2C%20Zamora,41.4632879,-5.6556087,2026-05-19,
bodega-la-casita-del-vinador-fermoselle,Bodega La Casita del Viñador,Fermoselle,Bodega,Vinos D.O. Arribes,"Fermoselle, Zamora",Bodega La Casita del Viñador aparece en el listado de bodegas de la D.O. Arribes recogido por Alimentos de Zamora.,Consultar web o venta directa,,,https://alimentosdezamora.info/Vinos-Arribes_ES.html,,,https://www.google.com/maps/search/Bodega%20La%20Casita%20del%20Vi%C3%B1ador%2C%20Fermoselle%2C%20Zamora,41.3174146,-6.3949234,2026-05-19,
bodega-la-presa-sanzoles,BODEGA LA PRESA,Sanzoles,Bodega,D.O. Toro: El cuco de Valdelaluna.,"C/ La Presa nº 8, 49152, Sanzoles, Zamora",BODEGA LA PRESA figura en el directorio oficial de bodegas de la Denominación de Origen Toro. Marcas: El cuco de Valdelaluna..,Consultar web o venta directa,645 008 400 // +34 685 972 751,angel@bodegalapresa.com,http://www.bodegalapresa.com/,,,https://www.google.com/maps/search/BODEGA%20LA%20PRESA%2C%20C%2F%20La%20Presa%20n%C2%BA%208%2C%2049152%2C%20Sanzoles%2C%20Zamora,41.4334099,-5.5658308,2026-05-19,
bodega-la-setera-fermoselle,Bodega La Setera,Fermoselle,Bodega,Vinos D.O. Arribes,"Fermoselle, Zamora",Bodega La Setera aparece en el listado de bodegas de la D.O. Arribes recogido por Alimentos de Zamora.,Consultar web o venta directa,,,https://alimentosdezamora.info/Vinos-Arribes_ES.html,,,https://www.google.com/maps/search/Bodega%20La%20Setera%2C%20Fermoselle%2C%20Zamora,41.3174146,-6.3949234,2026-05-19,
bodega-la-vina-del-abuelo-toro,BODEGA LA VIÑA DEL ABUELO,Toro,Bodega,D.O. Toro: La Viña del Abuelo.,"C/ Merced, 1, 49800, Toro, Zamora",BODEGA LA VIÑA DEL ABUELO figura en el directorio oficial de bodegas de la Denominación de Origen Toro. Marcas: La Viña del Abuelo..,Consultar web o venta directa,617 329 426,bodega@abuelovino.com,http://www.abuelovino.com/,https://www.facebook.com/La-Vi%C3%B1a-del-Abuelo-112542052102917,https://www.instagram.com/lavinadelabuelo/,https://www.google.com/maps/search/BODEGA%20LA%20VI%C3%91A%20DEL%20ABUELO%2C%20C%2F%20Merced%2C%201%2C%2049800%2C%20Toro%2C%20Zamora,41.5205062,-5.3966252,2026-05-19,
bodega-latarce-toro,BODEGA LATARCE,Toro,Bodega,D.O. Toro: Latarce Selección y Latarce Gran Selección.,"Ctra. Medina de Rioseco km1, 49800, Toro, Zamora",BODEGA LATARCE figura en el directorio oficial de bodegas de la Denominación de Origen Toro. Marcas: Latarce Selección y Latarce Gran Selección..,Consultar web o venta directa,980 56 40 96,gerente@bodegalatarce.com,https://www.bodegalatarce.com,https://es-es.facebook.com/latarce/,https://www.instagram.com/bodegalatarce/,https://www.google.com/maps/search/BODEGA%20LATARCE%2C%20Ctra.%20Medina%20de%20Rioseco%20km1%2C%2049800%2C%20Toro%2C%20Zamora,41.5254994,-5.3909817,2026-05-19,
bodega-liberalia-enologica-s-l-toro,BODEGA LIBERALIA ENOLÓGICA S.L.,Toro,Bodega,"D.O. Toro: Liberalia Cero, Liberalia Dos, Liberalia Tres, Liberalia Cuatro, Liberalia Cabeza de Cuba, Liberalia Cinco, Liber y Liberalia Pajarita.","Camino del Palo, s/n / apdo de correos 11, 49800, Toro, Zamora","BODEGA LIBERALIA ENOLÓGICA S.L. figura en el directorio oficial de bodegas de la Denominación de Origen Toro. Marcas: Liberalia Cero, Liberalia Dos, Liberalia Tres, Liberalia Cuatro, Liberalia Cabeza de Cuba, Liberalia Cinco, Liber y Liberalia Pajarita..",Consultar web o venta directa,980 692 571 - 619 074 857,liberalia@liberalia.es,https://www.liberalia.es,https://www.facebook.com/bodegaliberalia/,https://www.instagram.com/bodegaliberalia/,https://www.google.com/maps/search/BODEGA%20LIBERALIA%20ENOL%C3%93GICA%20S.L.%2C%20Camino%20del%20Palo%2C%20s%2Fn%20%2F%20apdo%20de%20correos%2011%2C%2049800%2C%20Toro%2C%20Zamora,41.5216963,-5.3939824,2026-05-19,
bodega-mitus-villalpando,Bodega Mitus,Villalpando,Bodega,Vinos de Calidad Valles de Benavente,"Villalpando, Zamora",Bodega Mitus figura en los listados de Alimentos de Zamora como elaborador vinculado a Vinos de Calidad Valles de Benavente.,Consultar web o venta directa,679 391 461,,https://alimentosdezamora.info/,,,https://www.google.com/maps/search/Bodega%20Mitus%2C%20Villalpando%2C%20Zamora,41.8649054,-5.4112313,2026-05-19,
bodega-numanthia-valdefinjas,BODEGA NUMANTHIA,Valdefinjas,Bodega,"D.O. Toro: Numanthia, Termes y Termanthia","C/ Real S/N, 49882, Valdefinjas, Zamora","BODEGA NUMANTHIA figura en el directorio oficial de bodegas de la Denominación de Origen Toro. Marcas: Numanthia, Termes y Termanthia.",Consultar web o venta directa,980 699 147,contact@numanthia.com,https://www.numanthia.com,,https://www.instagram.com/bodeganumanthia/,https://www.google.com/maps/search/BODEGA%20NUMANTHIA%2C%20C%2F%20Real%20S%2FN%2C%2049882%2C%20Valdefinjas%2C%20Zamora,41.4513172,-5.4528928,2026-05-19,
bodega-ocellvm-dvrii-fermoselle,Bodega Ocellvm Dvrii,Fermoselle,Bodega,Vinos D.O. Arribes,"Fermoselle, Zamora",Bodega Ocellvm Dvrii aparece en el listado de bodegas de la D.O. Arribes recogido por Alimentos de Zamora.,Consultar web o venta directa,,,https://alimentosdezamora.info/Vinos-Arribes_ES.html,,,https://www.google.com/maps/search/Bodega%20Ocellvm%20Dvrii%2C%20Fermoselle%2C%20Zamora,41.3174146,-6.3949234,2026-05-19,
bodega-quadravia-venialbo,Bodega Quadravía,Venialbo,Bodega,D.O. Toro: Tratvm,"Carretera El Piñero, Polígono 1, parcela 715, 49153, Venialbo, Zamora",Bodega Quadravía figura en el directorio oficial de bodegas de la Denominación de Origen Toro. Marcas: Tratvm.,Consultar web o venta directa,669 47 77 43,info@quadravia.com,https://quadravia.com/,,,https://www.google.com/maps/search/Bodega%20Quadrav%C3%ADa%2C%20Carretera%20El%20Pi%C3%B1ero%2C%20Pol%C3%ADgono%201%2C%20parcela%20715%2C%2049153%2C%20Venialbo%2C%20Zamora,41.3903422,-5.5387136,2026-05-19,
bodega-ramon-ramos-ii-venialbo,BODEGA RAMÓN RAMOS II,Venialbo,Bodega,"D.O. Toro: Monte Toro, Ramón Ramos Serie Naranja, Tardencuba, Condesa de Ramos, Valnuevo y Cepa Flamenca.","Venialbo, Zamora","BODEGA RAMÓN RAMOS II figura en el directorio oficial de bodegas de la Denominación de Origen Toro. Marcas: Monte Toro, Ramón Ramos Serie Naranja, Tardencuba, Condesa de Ramos, Valnuevo y Cepa Flamenca..",Consultar web o venta directa,980 573 080,info@bodegaramonramos.com,https://www.bodegaramonramos.com,https://www.facebook.com/bodegasramonramos/,https://www.instagram.com/bodegasramonramos/,https://www.google.com/maps/search/BODEGA%20RAM%C3%93N%20RAMOS%20II%2C%20Venialbo%2C%20Zamora,41.3903422,-5.5387136,2026-05-19,
bodega-siesto-sanzoles,Bodega Siesto,Sanzoles,Bodega,Tradicionalmente innovador,"C/ La Presa, 40, 49152 – Sanzoles, Zamora","SIESTO es una microbodega ubicada en Sanzoles, un pequeño pueblo situado a tan sólo 20 kilómetros de la capital zamorana, dentro de una de las zonas vitícolas más importantes y conocidas de nuestra provincia. Se trata de un proyecto original que trata de ofrecer vinos únicos conjugando la elaboración de distintas variedades de diferentes zonas...",Consultar web o venta directa,657689542,vsiesto@hotmail.com,https://bodegasiesto.com/,https://www.facebook.com/bodegasiesto/,https://www.instagram.com/bodegasiesto/,https://www.google.com/maps/search/Bodega%20Siesto%2C%20C%2F%20La%20Presa%2C%2040%2C%2049152%20%E2%80%93%20Sanzoles%2C%20Zamora,41.4334099,-5.5658308,2026-05-19,
bodega-sobreno-s-a-toro,BODEGA SOBREÑO S.A.,Toro,Bodega,"D.O. Toro: Pago del Oro, Sobreño y Finca Sobreño","Carretera Nacional 122 Km.423, 49800, Toro, Zamora","BODEGA SOBREÑO S.A. figura en el directorio oficial de bodegas de la Denominación de Origen Toro. Marcas: Pago del Oro, Sobreño y Finca Sobreño.",Consultar web o venta directa,980 69 34 17,sobreno@sobreno.com,https://www.sobreno.com,https://www.facebook.com/bodegassobreno/,https://www.instagram.com/bodegassobreno/,https://www.google.com/maps/search/BODEGA%20SOBRE%C3%91O%20S.A.%2C%20Carretera%20Nacional%20122%20Km.423%2C%2049800%2C%20Toro%2C%20Zamora,41.5216963,-5.3939824,2026-05-19,
bodega-valmartin-s-l-argujillo,"BODEGA VALMARTIN, S.L.",Argujillo,Bodega,"D.O. Toro: Marzin K, Martin Krachler y María A. Krachler.","C/ Moclín Nº 37, 49716, Argujillo, Zamora","BODEGA VALMARTIN, S.L. figura en el directorio oficial de bodegas de la Denominación de Origen Toro. Marcas: Marzin K, Martin Krachler y María A. Krachler..",Consultar web o venta directa,627737050 - 627893613,bypval@gmail.com,http://www.bodegasvalmartin.com/bypval/index.php,,,https://www.google.com/maps/search/BODEGA%20VALMARTIN%2C%20S.L.%2C%20C%2F%20Mocl%C3%ADn%20N%C2%BA%2037%2C%2049716%2C%20Argujillo%2C%20Zamora,41.3114566,-5.5864498,2026-05-19,
bodega-vatan-toro,BODEGA VATÁN,Toro,Bodega,D.O. Toro: Tritón y Vatán.,"Parcela 29 B Polígono Industrial Norte, 49800, Toro, Zamora",BODEGA VATÁN figura en el directorio oficial de bodegas de la Denominación de Origen Toro. Marcas: Tritón y Vatán..,Consultar web o venta directa,952 50 47 06,administracion@jorgeordonez.es,https://www.jorgeordonez.es,,,https://www.google.com/maps/search/BODEGA%20VAT%C3%81N%2C%20Parcela%2029%20B%20Pol%C3%ADgono%20Industrial%20Norte%2C%2049800%2C%20Toro%2C%20Zamora,41.5216963,-5.3939824,2026-05-19,
bodega-vetus-toro,BODEGA VETUS,Toro,Bodega,"D.O. Toro: Vetus, Celsus y Flor de Vetus.","Carretera Toro - Salamanca, km 9,5, 49800, Toro, Zamora","BODEGA VETUS figura en el directorio oficial de bodegas de la Denominación de Origen Toro. Marcas: Vetus, Celsus y Flor de Vetus..",Consultar web o venta directa,980 056 012,vetus@bodegasvetus.com,https://www.bodegasvetus.com,https://www.facebook.com/p/Bodegas-Vetus-61557053072239/,https://www.instagram.com/bodegasvetus,https://www.google.com/maps/search/BODEGA%20VETUS%2C%20Carretera%20Toro%20-%20Salamanca%2C%20km%209%2C5%2C%2049800%2C%20Toro%2C%20Zamora,41.5216963,-5.3939824,2026-05-19,
bodega-vina-escuderos-villamor-de-los-escuderos,Bodega Viña Escuderos,Villamor de los Escuderos,Bodega,Vinos D.O. Tierra del Vino de Zamora,"Villamor de los Escuderos, Zamora",Bodega Viña Escuderos figura en los listados de Alimentos de Zamora como elaborador vinculado a Vinos D.O. Tierra del Vino de Zamora.,Consultar web o venta directa,980 609 920,,https://alimentosdezamora.info/,,,https://www.google.com/maps/search/Bodega%20Vi%C3%B1a%20Escuderos%2C%20Villamor%20de%20los%20Escuderos%2C%20Zamora,41.2538454,-5.5736721,2026-05-19,
bodega-vinas-del-cenit-villanueva-de-campean,Bodega Viñas del Cénit,Villanueva de Campeán,Bodega,Vinos D.O. Tierra del Vino de Zamora,"Villanueva de Campeán, Zamora",Bodega Viñas del Cénit figura en los listados de Alimentos de Zamora como elaborador vinculado a Vinos D.O. Tierra del Vino de Zamora.,Consultar web o venta directa,980 569 346,,https://alimentosdezamora.info/,,,https://www.google.com/maps/search/Bodega%20Vi%C3%B1as%20del%20C%C3%A9nit%2C%20Villanueva%20de%20Campe%C3%A1n%2C%20Zamora,41.3545156,-5.7693598,2026-05-19,
bodega-vinas-zamoranas-coreses,Bodega Viñas Zamoranas,Coreses,Bodega,Vinos D.O. Tierra del Vino de Zamora,"Coreses, Zamora",Bodega Viñas Zamoranas figura en los listados de Alimentos de Zamora como elaborador vinculado a Vinos D.O. Tierra del Vino de Zamora.,Consultar web o venta directa,980 500 995 / 670 895 730,,https://alimentosdezamora.info/,,,https://www.google.com/maps/search/Bodega%20Vi%C3%B1as%20Zamoranas%2C%20Coreses%2C%20Zamora,41.5485022,-5.6208725,2026-05-19,
bodega-vocarraje-morales-de-toro,BODEGA VOCARRAJE,Morales de Toro,Bodega,D.O. Toro: Abdón Segovia.,"Carretera San Román 19, 2º izquierda, 49810, Morales de Toro, Zamora",BODEGA VOCARRAJE figura en el directorio oficial de bodegas de la Denominación de Origen Toro. Marcas: Abdón Segovia..,Consultar web o venta directa,980 698 172 - 630 08 40 80 - 630 04 9312,info@vocarraje.es,https://www.vocarraje.es,https://www.facebook.com/profile.php,https://www.instagram.com/vinoabdonsegovia/,https://www.google.com/maps/search/BODEGA%20VOCARRAJE%2C%20Carretera%20San%20Rom%C3%A1n%2019%2C%202%C2%BA%20izquierda%2C%2049810%2C%20Morales%20de%20Toro%2C%20Zamora,41.5365564,-5.3068437,2026-05-19,
bodegas-alonso-conde-s-l-morales-de-toro,BODEGAS ALONSO CONDE S.L.,Morales de Toro,Bodega,"D.O. Toro: Cantalgallo Feroz, Cantalgallo Curtido y Cantalgallo.","Avenida de los Comuneros, 15, 49810, Morales de Toro, Zamora","BODEGAS ALONSO CONDE S.L. figura en el directorio oficial de bodegas de la Denominación de Origen Toro. Marcas: Cantalgallo Feroz, Cantalgallo Curtido y Cantalgallo..",Consultar web o venta directa,699 007 300,info@alonsocondebodegas.com,https://www.alonsocondebodegas.com/,,,https://www.google.com/maps/search/BODEGAS%20ALONSO%20CONDE%20S.L.%2C%20Avenida%20de%20los%20Comuneros%2C%2015%2C%2049810%2C%20Morales%20de%20Toro%2C%20Zamora,41.5343408,-5.3155306,2026-05-19,
bodegas-bigardo-toro,BODEGAS BIGARDO,Toro,Bodega,"D.O. Toro: Bigardo, Satélite, Pellejo, Maldito Parné y Calma Bigarda","CL-602 km 3,3, CL-602, km 3,2, 49800, Toro, Zamora","BODEGAS BIGARDO figura en el directorio oficial de bodegas de la Denominación de Origen Toro. Marcas: Bigardo, Satélite, Pellejo, Maldito Parné y Calma Bigarda.",Consultar web o venta directa,651 99 99 17,vinobigardo@gmail.com,http://www.bigardo.com/,https://www.facebook.com/vinobigardo,https://www.instagram.com/vinobigardo/,https://www.google.com/maps/search/BODEGAS%20BIGARDO%2C%20CL-602%20km%203%2C3%2C%20CL-602%2C%20km%203%2C2%2C%2049800%2C%20Toro%2C%20Zamora,41.5216963,-5.3939824,2026-05-19,
bodegas-campo-eliseo-toro,BODEGAS CAMPO ELISEO,Toro,Bodega,"D.O. Toro: Campo Eliseo, Campesino, Cuvee Alegre, HL Toro Tempranillo, HL Tempranillo SSO2 y Cuesta Grande.","Carretera Tordesillas, 14, 49800, Toro, Zamora","BODEGAS CAMPO ELISEO figura en el directorio oficial de bodegas de la Denominación de Origen Toro. Marcas: Campo Eliseo, Campesino, Cuvee Alegre, HL Toro Tempranillo, HL Tempranillo SSO2 y Cuesta Grande..",Consultar web o venta directa,983 034 030,bodega@francoislurton.es,https://www.campoeliseo.es/,https://www.facebook.com/BodegasCampoEliseo/,https://www.instagram.com/bodegascampoeliseo/,https://www.google.com/maps/search/BODEGAS%20CAMPO%20ELISEO%2C%20Carretera%20Tordesillas%2C%2014%2C%2049800%2C%20Toro%2C%20Zamora,41.5216963,-5.3939824,2026-05-19,
bodegas-carodorum-toro,BODEGAS CARODORUM,Toro,Bodega,"D.O. Toro: Carodorum, Carodorum Issos y Fighting Bulls.","Ctra. Salamanca, ZA605 km 1,5, 49800, Toro, Zamora","BODEGAS CARODORUM figura en el directorio oficial de bodegas de la Denominación de Origen Toro. Marcas: Carodorum, Carodorum Issos y Fighting Bulls..",Consultar web o venta directa,980 56 80 05,info@carodorum.com,https://www.carodorum.com/,,,https://www.google.com/maps/search/BODEGAS%20CARODORUM%2C%20Ctra.%20Salamanca%2C%20ZA605%20km%201%2C5%2C%2049800%2C%20Toro%2C%20Zamora,41.5216963,-5.3939824,2026-05-19,
bodegas-casaseca-villamor-de-los-escuderos,Bodegas Casaseca,Villamor de los Escuderos,Bodega,Vinos D.O. Tierra del Vino de Zamora,"Villamor de los Escuderos, Zamora",Bodegas Casaseca figura en los listados de Alimentos de Zamora como elaborador vinculado a Vinos D.O. Tierra del Vino de Zamora.,Consultar web o venta directa,980 538 683,,https://alimentosdezamora.info/,,,https://www.google.com/maps/search/Bodegas%20Casaseca%2C%20Villamor%20de%20los%20Escuderos%2C%20Zamora,41.2538454,-5.5736721,2026-05-19,
bodegas-coral-duero-el-pego,BODEGAS CORAL DUERO,El Pego,Bodega,"D.O. Toro: R'Sedas, Los Lastros, Salgadero, Rompesedas, Las Parvas.","C/ ASCENSIÓN, S/N, 49800, El Pego, Zamora","BODEGAS CORAL DUERO figura en el directorio oficial de bodegas de la Denominación de Origen Toro. Marcas: R'Sedas, Los Lastros, Salgadero, Rompesedas, Las Parvas..",Consultar web o venta directa,980 606 333,info@coralduero.com,http://www.coralduero.com/,https://www.facebook.com/coralduero/,https://www.instagram.com/bodegas_coralduero/,https://www.google.com/maps/search/BODEGAS%20CORAL%20DUERO%2C%20C%2F%20ASCENSI%C3%93N%2C%20S%2FN%2C%2049800%2C%20El%20Pego%2C%20Zamora,41.333923,-5.4648147,2026-05-19,
bodegas-covitoro-toro,BODEGAS COVITORO,Toro,Bodega,"D.O. Toro: Cermeño, Gran Cermeño, Cañus Verus, Barbián, y Arco del Reloj.","Carretera Tordesillas, 13, 49800, Toro, Zamora","BODEGAS COVITORO figura en el directorio oficial de bodegas de la Denominación de Origen Toro. Marcas: Cermeño, Gran Cermeño, Cañus Verus, Barbián, y Arco del Reloj..",Consultar web o venta directa,980 69 03 47,covitoro@covitoro.com,http://www.covitoro.com/,https://www.facebook.com/covitoro/,https://www.instagram.com/covitoro/,https://www.google.com/maps/search/BODEGAS%20COVITORO%2C%20Carretera%20Tordesillas%2C%2013%2C%2049800%2C%20Toro%2C%20Zamora,41.5216963,-5.3939824,2026-05-19,
bodegas-diez-gomez-toro,BODEGAS DÍEZ GÓMEZ,Toro,Bodega,"D.O. Toro: Americo roble español, y Jota de To","Plaza Mayor, 3, 49800, Toro, Zamora","BODEGAS DÍEZ GÓMEZ figura en el directorio oficial de bodegas de la Denominación de Origen Toro. Marcas: Americo roble español, y Jota de To.",Consultar web o venta directa,651 693 849 - 980 046 192,info@bodegasdiezgomez.com,http://www.bodegasdiezgomez.com/,https://www.facebook.com/bodegasdiezgomez,https://www.instagram.com/bodegasdiezgomez/,https://www.google.com/maps/search/BODEGAS%20D%C3%8DEZ%20G%C3%93MEZ%2C%20Plaza%20Mayor%2C%203%2C%2049800%2C%20Toro%2C%20Zamora,41.5210666,-5.3942926,2026-05-19,
bodegas-dominio-del-bienamado-toro,BODEGAS DOMINIO DEL BIENAMADO,Toro,Bodega,D.O. Toro: Vinos D.O. Toro,"Toro, Zamora",BODEGAS DOMINIO DEL BIENAMADO figura en el directorio oficial de bodegas de la Denominación de Origen Toro. Marcas: Vinos D.O. Toro.,Consultar web o venta directa,,gestion@dominiodelbienamado.com,https://dominiodelbienamado.com/,,https://www.instagram.com/dominiodelbienamado,https://www.google.com/maps/search/BODEGAS%20DOMINIO%20DEL%20BIENAMADO%2C%20Toro%2C%20Zamora,41.511778,-5.383329,2026-05-19,
bodegas-el-soto-villanueva-de-campean,Bodegas el Soto,Villanueva de Campeán,Bodega,Vinos D.O. Tierra del Vino de Zamora,"Villanueva de Campeán, Zamora",Bodegas el Soto figura en los listados de Alimentos de Zamora como elaborador vinculado a Vinos D.O. Tierra del Vino de Zamora.,Consultar web o venta directa,980 560 330 / 667 646 684,,https://alimentosdezamora.info/,,,https://www.google.com/maps/search/Bodegas%20el%20Soto%2C%20Villanueva%20de%20Campe%C3%A1n%2C%20Zamora,41.3545156,-5.7693598,2026-05-19,
bodegas-frontaura-s-l-u-toro,BODEGAS FRONTAURA S.L.U.,Toro,Bodega,"D.O. Toro: Dominio de Valdelacasa, Frontaura y Aponte.","C/ Eras de Santa Catalina s/n, 49800, Toro, Zamora","BODEGAS FRONTAURA S.L.U. figura en el directorio oficial de bodegas de la Denominación de Origen Toro. Marcas: Dominio de Valdelacasa, Frontaura y Aponte..",Consultar web o venta directa,980 582 666,info@nexusfrontaura.com,http://www.bodegasnexusfrontaura.com/,https://www.facebook.com/bodegasnexusfrontaura,https://instagram.com/bodegasnexusfrontaura/,https://www.google.com/maps/search/BODEGAS%20FRONTAURA%20S.L.U.%2C%20C%2F%20Eras%20de%20Santa%20Catalina%20s%2Fn%2C%2049800%2C%20Toro%2C%20Zamora,41.5216963,-5.3939824,2026-05-19,
bodegas-las-fontanicas-fermoselle,Bodegas Las Fontanicas,Fermoselle,Bodega,Vinos D.O. Arribes,"Fermoselle, Zamora",Bodegas Las Fontanicas aparece en el listado de bodegas de la D.O. Arribes recogido por Alimentos de Zamora.,Consultar web o venta directa,,,https://alimentosdezamora.info/Vinos-Arribes_ES.html,,,https://www.google.com/maps/search/Bodegas%20Las%20Fontanicas%2C%20Fermoselle%2C%20Zamora,41.3174146,-6.3949234,2026-05-19,
bodegas-las-gavias-fermoselle,Bodegas Las Gavias,Fermoselle,Bodega,Vinos D.O. Arribes,"Fermoselle, Zamora",Bodegas Las Gavias aparece en el listado de bodegas de la D.O. Arribes recogido por Alimentos de Zamora.,Consultar web o venta directa,,,https://alimentosdezamora.info/Vinos-Arribes_ES.html,,,https://www.google.com/maps/search/Bodegas%20Las%20Gavias%2C%20Fermoselle%2C%20Zamora,41.3174146,-6.3949234,2026-05-19,
bodegas-mazas-morales-de-toro,BODEGAS MAZAS,Morales de Toro,Bodega,"D.O. Toro: Mazas, Los Enoloz y Braco.","Camino Toro, 38, 49810, Morales de Toro, Zamora","BODEGAS MAZAS figura en el directorio oficial de bodegas de la Denominación de Origen Toro. Marcas: Mazas, Los Enoloz y Braco..",Consultar web o venta directa,635 804 196,bodegas@mazas.eu,https://www.bodegasmazas.com,https://www.facebook.com/bodegasmazas/,,https://www.google.com/maps/search/BODEGAS%20MAZAS%2C%20Camino%20Toro%2C%2038%2C%2049810%2C%20Morales%20de%20Toro%2C%20Zamora,41.535728,-5.3133158,2026-05-19,
bodegas-monte-la-reina-toro,BODEGAS MONTE LA REINA,Toro,Bodega,D.O. Toro: Castillo de Monte la Reina.,"Ctra. Toro-Zamora (Nacional 122) Km 436.7, 49800, Toro, Zamora",BODEGAS MONTE LA REINA figura en el directorio oficial de bodegas de la Denominación de Origen Toro. Marcas: Castillo de Monte la Reina..,Consultar web o venta directa,980 082 011 - 623 024 511,hola@montelareina.es,https://www.montelareina.es,,,https://www.google.com/maps/search/BODEGAS%20MONTE%20LA%20REINA%2C%20Ctra.%20Toro-Zamora%20(Nacional%20122)%20Km%20436.7%2C%2049800%2C%20Toro%2C%20Zamora,41.5216963,-5.3939824,2026-05-19,
bodegas-otero-s-a-benavente,Bodegas Otero S.A.,Benavente,Bodega,Vinos de Calidad Valles de Benavente,"Benavente, Zamora",Bodegas Otero S.A. figura en los listados de Alimentos de Zamora como elaborador vinculado a Vinos de Calidad Valles de Benavente.,Consultar web o venta directa,980 631 600,,https://alimentosdezamora.info/,,,https://www.google.com/maps/search/Bodegas%20Otero%20S.A.%2C%20Benavente%2C%20Zamora,42.0032862,-5.6738595,2026-05-19,
bodegas-piedra-toro,BODEGAS PIEDRA,Toro,Bodega,"D.O. Toro: Piedra, Paredinas, Lagarona, Cantadal, Topo y Auroch.","Crta. Toro - Salamanca, Km. 5, 49800, Toro, Zamora","BODEGAS PIEDRA figura en el directorio oficial de bodegas de la Denominación de Origen Toro. Marcas: Piedra, Paredinas, Lagarona, Cantadal, Topo y Auroch..",Consultar web o venta directa,980 69 39 00,info@bodegaspiedra.com,https://bodegaspiedra.com/,https://www.facebook.com/bodegaspiedra,https://www.instagram.com/bodegas_piedra/,https://www.google.com/maps/search/BODEGAS%20PIEDRA%2C%20Crta.%20Toro%20-%20Salamanca%2C%20Km.%205%2C%2049800%2C%20Toro%2C%20Zamora,41.5216963,-5.3939824,2026-05-19,
bodegas-ramayal-ferreruela-de-tabara,Bodegas Ramayal,Ferreruela de Tábara,Bodega,Cuna de vinos de la sierra de la culebra,"Camino El Secadal, s/n., 49550 – Ferreruela de Tábara, Zamora.","Bodegas Ramayal es una bodega familiar ubicada en Ferreruela de Tábara, en las inmediaciones de la Sierra de la Culebra. Con una producción limitada y cepas viejas de la variedad Mencía, elabora vinos de forma artesanal, respetando la tradición y el carácter de su entorno. La bodega mantiene un proceso de elaboración basado en el cuidado de cada detalle,...",Consultar web o venta directa,696842566,info@ramayal.es,http://www.ramayal.es,https://www.facebook.com/share/15dgm3jkq2/,https://www.instagram.com/bodegasramayal/,https://www.google.com/maps/search/Bodegas%20Ramayal%2C%20Camino%20El%20Secadal%2C%20s%2Fn.%2C%2049550%20%E2%80%93%20Ferreruela%20de%20T%C3%A1bara%2C%20Zamora.,41.7664064,-6.0720809,2026-05-19,
bodegas-ribera-de-pelazas-fermoselle,Bodegas Ribera de Pelazas,Fermoselle,Bodega,Vinos D.O. Arribes,"Fermoselle, Zamora",Bodegas Ribera de Pelazas aparece en el listado de bodegas de la D.O. Arribes recogido por Alimentos de Zamora.,Consultar web o venta directa,,,https://alimentosdezamora.info/Vinos-Arribes_ES.html,,,https://www.google.com/maps/search/Bodegas%20Ribera%20de%20Pelazas%2C%20Fermoselle%2C%20Zamora,41.3174146,-6.3949234,2026-05-19,
bodegas-rodriguez-y-sanzo-toro,BODEGAS RODRIGUEZ Y SANZO,Toro,Bodega,"D.O. Toro: Las Tierras El Teso Alto, Las Tierras Original, Las Tierras El Pego, Tras La Yesca, Damalisco y La Viña de Amaya.","Plaza Santo Domingo, 8, 49800, Toro, Zamora","BODEGAS RODRIGUEZ Y SANZO figura en el directorio oficial de bodegas de la Denominación de Origen Toro. Marcas: Las Tierras El Teso Alto, Las Tierras Original, Las Tierras El Pego, Tras La Yesca, Damalisco y La Viña de Amaya..",Consultar web o venta directa,983 150 150,comunicacion@rodriguezysanzo.com,https://rodriguezysanzo.com/,https://www.facebook.com/rodriguezysanzo/,https://www.instagram.com/rodriguezysanzo/,https://www.google.com/maps/search/BODEGAS%20RODRIGUEZ%20Y%20SANZO%2C%20Plaza%20Santo%20Domingo%2C%208%2C%2049800%2C%20Toro%2C%20Zamora,41.5237178,-5.3960544,2026-05-19,
bodegas-seleccionadas-armando-roales,Bodegas Seleccionadas Armando,Roales,Bodega,Vinos D.O. Tierra del Vino de Zamora,"Roales, Zamora",Bodegas Seleccionadas Armando figura en los listados de Alimentos de Zamora como elaborador vinculado a Vinos D.O. Tierra del Vino de Zamora.,Consultar web o venta directa,980 538 683,,https://alimentosdezamora.info/,,,https://www.google.com/maps/search/Bodegas%20Seleccionadas%20Armando%2C%20Roales%2C%20Zamora,41.5523885,-5.7735283,2026-05-19,
bodegas-teso-blanco-cabanas-de-sayago,Bodegas Teso Blanco,Cabañas de Sayago,Bodega,Vinos D.O. Tierra del Vino de Zamora,"Cabañas de Sayago, Zamora",Bodegas Teso Blanco figura en los listados de Alimentos de Zamora como elaborador vinculado a Vinos D.O. Tierra del Vino de Zamora.,Consultar web o venta directa,980 577 820,,https://alimentosdezamora.info/,,,https://www.google.com/maps/search/Bodegas%20Teso%20Blanco%2C%20Caba%C3%B1as%20de%20Sayago%2C%20Zamora,41.3324423,-5.7904375,2026-05-19,
bodegas-teso-la-encina-villamor-de-los-escuderos,Bodegas Teso La Encina,Villamor de los Escuderos,Bodega,Vinos D.O. Tierra del Vino de Zamora,"Villamor de los Escuderos, Zamora",Bodegas Teso La Encina figura en los listados de Alimentos de Zamora como elaborador vinculado a Vinos D.O. Tierra del Vino de Zamora.,Consultar web o venta directa,980 609 033 / 639 824 200,,https://alimentosdezamora.info/,,,https://www.google.com/maps/search/Bodegas%20Teso%20La%20Encina%2C%20Villamor%20de%20los%20Escuderos%2C%20Zamora,41.2538454,-5.5736721,2026-05-19,
bodegas-torreduero-s-a-toro,BODEGAS TORREDUERO S.A.,Toro,Bodega,"D.O. Toro: Peñamonte, Marqués de Peñamonte, Quinta el Refugio y Viore.","Polígono Industrial Norte P-5, 49800, Toro, Zamora","BODEGAS TORREDUERO S.A. figura en el directorio oficial de bodegas de la Denominación de Origen Toro. Marcas: Peñamonte, Marqués de Peñamonte, Quinta el Refugio y Viore..",Consultar web o venta directa,980 69 34 21,bodega@bodegastorreduero.com,https://www.bodegasriojanas.com/bodegas/bodegas-torreduero/,https://www.facebook.com/BodegasRiojanas,https://www.instagram.com/bodegasriojanas/,https://www.google.com/maps/search/BODEGAS%20TORREDUERO%20S.A.%2C%20Pol%C3%ADgono%20Industrial%20Norte%20P-5%2C%2049800%2C%20Toro%2C%20Zamora,41.5216963,-5.3939824,2026-05-19,
bodegas-valbusenda-toro,BODEGAS VALBUSENDA,Toro,Bodega,"D.O. Toro: Abios Verdejo, Abios Tinto, Abios Rosé, Abios Nude, Valbusenda Klein, Vivo, Cepas viejas, y Valbusenda Ed.limitada Verdejo Fermentado Barrica.","Crta. Toro-Peleagonzalo S/N, 49800, Toro, Zamora","BODEGAS VALBUSENDA figura en el directorio oficial de bodegas de la Denominación de Origen Toro. Marcas: Abios Verdejo, Abios Tinto, Abios Rosé, Abios Nude, Valbusenda Klein, Vivo, Cepas viejas, y Valbusenda Ed.limitada Verdejo Fermentado Barrica..",Consultar web o venta directa,980 69 95 60,bodega@valbusenda.com,https://www.bodegasvalbusenda.es,,,https://www.google.com/maps/search/BODEGAS%20VALBUSENDA%2C%20Crta.%20Toro-Peleagonzalo%20S%2FN%2C%2049800%2C%20Toro%2C%20Zamora,41.5216963,-5.3939824,2026-05-19,
bodegas-vega-sauco-morales-de-toro,BODEGAS VEGA SAUCO,Morales de Toro,Bodega,"D.O. Toro: Vega Sauco El Beiby, Vega Sauco Selección, Vega Sauco Adoremus, Wences, Vega Sauco La Sonrisa del Nómada, Vega Sauco Piedras y Princesas.","Avda. de los Comuneros, 108, 49810, Morales de Toro, Zamora","BODEGAS VEGA SAUCO figura en el directorio oficial de bodegas de la Denominación de Origen Toro. Marcas: Vega Sauco El Beiby, Vega Sauco Selección, Vega Sauco Adoremus, Wences, Vega Sauco La Sonrisa del Nómada, Vega Sauco Piedras y Princesas..",Consultar web o venta directa,980 69 82 94,vegasauco@vegasauco.es,http://www.vegasauco.com/,,,https://www.google.com/maps/search/BODEGAS%20VEGA%20SAUCO%2C%20Avda.%20de%20los%20Comuneros%2C%20108%2C%2049810%2C%20Morales%20de%20Toro%2C%20Zamora,41.5343689,-5.3170794,2026-05-19,
bodegas-verdes-s-l-santibanez-de-vidriales,Bodegas Verdes S.L.,Santibáñez de Vidriales,Bodega,Vinos de Calidad Valles de Benavente,"Santibáñez de Vidriales, Zamora",Bodegas Verdes S.L. figura en los listados de Alimentos de Zamora como elaborador vinculado a Vinos de Calidad Valles de Benavente.,Consultar web o venta directa,980 648 308,,https://alimentosdezamora.info/,,,https://www.google.com/maps/search/Bodegas%20Verdes%20S.L.%2C%20Santib%C3%A1%C3%B1ez%20de%20Vidriales%2C%20Zamora,42.0735273,-6.0150542,2026-05-19,
bodegas-vina-romana-fermoselle,Bodegas Viña Romana,Fermoselle,Bodega,Vinos D.O. Arribes,"Fermoselle, Zamora",Bodegas Viña Romana aparece en el listado de bodegas de la D.O. Arribes recogido por Alimentos de Zamora.,Consultar web o venta directa,,,https://alimentosdezamora.info/Vinos-Arribes_ES.html,,,https://www.google.com/maps/search/Bodegas%20Vi%C3%B1a%20Romana%2C%20Fermoselle%2C%20Zamora,41.3174146,-6.3949234,2026-05-19,
bodegas-vinaguarena-s-l-toro,BODEGAS VIÑAGUAREÑA S.L.,Toro,Bodega,"D.O. Toro: Munia, Tálamo, Tres Julias Organic, Iduna, Viñaguareña y Maimún.","Ctra. Toro - Salamanca, Km. 12,50, Apartado de Correos 6, 49800, Toro, Zamora","BODEGAS VIÑAGUAREÑA S.L. figura en el directorio oficial de bodegas de la Denominación de Origen Toro. Marcas: Munia, Tálamo, Tres Julias Organic, Iduna, Viñaguareña y Maimún..",Consultar web o venta directa,980 56 80 13 - 630 88 96 46,info@vinotoro.com,https://www.vinotoro.com,https://www.facebook.com/vinaguarena,https://www.instagram.com/vinaguarena/,https://www.google.com/maps/search/BODEGAS%20VI%C3%91AGUARE%C3%91A%20S.L.%2C%20Ctra.%20Toro%20-%20Salamanca%2C%20Km.%2012%2C50%2C%20Apartado%20de%20Correos%206%2C%2049800%2C%20Toro%2C%20Zamora,41.5216963,-5.3939824,2026-05-19,
bodegas-y-vinedos-la-guardesa-de-toro-toro,BODEGAS Y VIÑEDOS LA GUARDESA DE TORO,Toro,Bodega,D.O. Toro: Vinos D.O. Toro,"Ctra. Toro - Valdefinjas, Km. 2,5, 49800, Toro, Zamora",BODEGAS Y VIÑEDOS LA GUARDESA DE TORO figura en el directorio oficial de bodegas de la Denominación de Origen Toro. Marcas: Vinos D.O. Toro.,Consultar web o venta directa,980 65 29 58,admin@laguardesadetoro.es,https://laguardesadetoro.es/,http://www.facebook.com,http://instagram.com,https://www.google.com/maps/search/BODEGAS%20Y%20VI%C3%91EDOS%20LA%20GUARDESA%20DE%20TORO%2C%20Ctra.%20Toro%20-%20Valdefinjas%2C%20Km.%202%2C5%2C%2049800%2C%20Toro%2C%20Zamora,41.5216963,-5.3939824,2026-05-19,
bodegas-y-vinedos-maires-toro,Bodegas y Viñedos Maires,Toro,Bodega,D.O. Toro: Ademán,"Toro, Zamora",Bodegas y Viñedos Maires figura en el directorio oficial de bodegas de la Denominación de Origen Toro. Marcas: Ademán.,Consultar web o venta directa,669363761,ademan@bodegamaires.com,http://www.bodegamaires.com,https://www.facebook.com/mairesbodega/,https://www.instagram.com/maires_bodega/,https://www.google.com/maps/search/Bodegas%20y%20Vi%C3%B1edos%20Maires%2C%20Toro%2C%20Zamora,41.511778,-5.383329,2026-05-19,
campina-s-coop-cyl-valdefinjas,"CAMPIÑA, S. COOP. CYL",Valdefinjas,Bodega,"D.O. Toro: Campiña, Sabor Real y Contadero.","Valdefinjas, Zamora","CAMPIÑA, S. COOP. CYL figura en el directorio oficial de bodegas de la Denominación de Origen Toro. Marcas: Campiña, Sabor Real y Contadero..",Consultar web o venta directa,980 56 81 25,info@bodegacampina.com,http://www.bodegascampina.net,,,https://www.google.com/maps/search/CAMPI%C3%91A%2C%20S.%20COOP.%20CYL%2C%20Valdefinjas%2C%20Zamora,41.4513172,-5.4528928,2026-05-19,
castro-mendi-san-blas,Castro Mendi,San Blas,Bodega,Bodegas,"C. Iglesia San Blas, 49524 San Blas, Zamora","Nuestro proyecto, que surgió como idea allá por 2011, y que comenzó a andar en la añada 2012 con la elaboración de los primeros vinos, tiene vocación de bodega pequeña, que limitando la producción a un número inferior a las 10.000 botellas, nos permite dedicar al vino todo el tiempo y atención que necesita. Nuestros vinos se encuentran acogidos a la...",Consultar web o venta directa,650682401,info@castromendi.com,http://www.castromendi.com/,https://www.facebook.com/castromendi/,https://www.instagram.com/castromendi/,https://www.google.com/maps/search/Castro%20Mendi%2C%20C.%20Iglesia%20San%20Blas%2C%2049524%20San%20Blas%2C%20Zamora,41.7947507,-6.4585977,2026-05-19,
cepas-de-la-culebra-riofrio-de-aliste,Cepas de la Culebra,Riofrío de Aliste,Bodega,Vinos,49591 Riofrío de Aliste. Zamora,"Cepas de la Culebra produce vinos de autor a partir del antiquísimo viñedo familiar ubicado en Riofrío de Aliste, en la falda de la Sierra de la Culebra. En la zona todavía hoy se encuentra presente un mosaico de antiguos viñedos que han pasado de generación en generación, heredando una tradición vitivinícola milenaria cuyas raíces se encuentran en a la...",Consultar web o venta directa,633152239,info@agroberry.es,https://www.cepasdelaculebra.com/,https://www.facebook.com/cepasdelaculebra,https://www.instagram.com/cepasdelaculebra/,https://www.google.com/maps/search/Cepas%20de%20la%20Culebra%2C%2049591%20Riofr%C3%ADo%20de%20Aliste.%20Zamora,41.8307552,-6.1601627,2026-05-19,
cervato-villardeciervos,Cervato,Villardeciervos,Bodega,Aguardientes,"Ctra Las Viñas, 10B, 49562 Villardeciervos, Zamora","Es una empresa familiar ubicada en Villardeciervos (Zamora), dedicada a la elaboración de aguardientes, cremas de orujo y licores. Todos nuestros licores son elaborados con frutas y hierbas naturales maceradas en aguardiente. Así se consigue que los licores Cervato se distingan por su calidad y característico sabor natural.",Consultar web o venta directa,980654907 / 629233699,info@cervato.es,https://cervato.es/,https://www.facebook.com/aguardientes.cervato/,https://www.instagram.com/aguardientes_cervato/,https://www.google.com/maps/search/Cervato%2C%20Ctra%20Las%20Vi%C3%B1as%2C%2010B%2C%2049562%20Villardeciervos%2C%20Zamora,41.9415298,-6.2975875,2026-05-19,
cuatro-mil-cepas-s-l-el-pego,CUATRO MIL CEPAS S.L.,El Pego,Bodega,D.O. Toro: Díscolo y 5 de copas.,"Ctra. El Pego - Guarrate, s/n, 49154, El Pego, Zamora",CUATRO MIL CEPAS S.L. figura en el directorio oficial de bodegas de la Denominación de Origen Toro. Marcas: Díscolo y 5 de copas..,Consultar web o venta directa,670 095 149,bodega@vinodiscolo.com,https://www.vinodiscolo.com,https://www.facebook.com/VinoDiscolo/,https://www.instagram.com/vinodiscolo/,https://www.google.com/maps/search/CUATRO%20MIL%20CEPAS%20S.L.%2C%20Ctra.%20El%20Pego%20-%20Guarrate%2C%20s%2Fn%2C%2049154%2C%20El%20Pego%2C%20Zamora,41.3341528,-5.4672646,2026-05-19,
dominio-del-bendito-s-l-toro,"DOMINIO DEL BENDITO, S.L.",Toro,Bodega,"D.O. Toro: Dominio del Bendito El Primer Paso, Dominio del Bendito Las Sabias, El Titán del Bendito, La Cuesta de las Musas, Mi Verdadejo y El Buen Rollo..","Camino Llano La Silla, Pol. 1 Parcela 4524 - Crta. Alaejos km 6.2, 49800, Toro, Zamora","DOMINIO DEL BENDITO, S.L. figura en el directorio oficial de bodegas de la Denominación de Origen Toro. Marcas: Dominio del Bendito El Primer Paso, Dominio del Bendito Las Sabias, El Titán del Bendito, La Cuesta de las Musas, Mi Verdadejo y El Buen Rollo...",Consultar web o venta directa,980 667 010 - 980 693 306,info@bodegadominiodelbendito.es,https://www.bodegadominiodelbendito.com,https://www.facebook.com/bodegadominiodelbendito.toro/,https://www.instagram.com/dominiodelbendito/,https://www.google.com/maps/search/DOMINIO%20DEL%20BENDITO%2C%20S.L.%2C%20Camino%20Llano%20La%20Silla%2C%20Pol.%201%20Parcela%204524%20-%20Crta.%20Alaejos%20km%206.2%2C%2049800%2C%20Toro%2C%20Zamora,41.5216963,-5.3939824,2026-05-19,
el-regalo-de-atenea-formariz,El Regalo de Atenea,Formariz,Bodega,Aceite de oliva virgen extra,"Carretera de Muga, 5 49230 Formariz, Zamora","Empresa dedicada a la elaboración artesanal de aceite de oliva virgen extra, en el corazón del Parque Natural de los Arribes del Duero, declarada “Reserva de la Biosfera”. Nuestro Aceite es de Oliva Virgen Extra de categoría superior, obtenido directamente de aceitunas sólo mediante procedimientos mecánicos; un jugo único y delicado, lleno de matices...",Consultar web o venta directa,676723781 / 686823347,web@elregalodeatenea.es,https://www.elregalodeatenea.es/,https://www.facebook.com/elregalodeatenea/,https://www.instagram.com/elregalodeatenea/,https://www.google.com/maps/search/El%20Regalo%20de%20Atenea%2C%20Carretera%20de%20Muga%2C%205%2049230%20Formariz%2C%20Zamora,41.3461915,-6.2908368,2026-05-19,
farina-s-l-toro,FARIÑA S.L.,Toro,Bodega,"D.O. Toro: Colegiata, Gran Colegiata, Dama de Toro, Gran Dama de Toro y Primero.","Camino del Palo s/n, 49800, Toro, Zamora","FARIÑA S.L. figura en el directorio oficial de bodegas de la Denominación de Origen Toro. Marcas: Colegiata, Gran Colegiata, Dama de Toro, Gran Dama de Toro y Primero..",Consultar web o venta directa,980 57 76 73,comercial@bodegasfarina.com,https://www.bodegasfarina.com/,https://www.facebook.com/bodegasfarina,https://www.instagram.com/bodegasfarina,https://www.google.com/maps/search/FARI%C3%91A%20S.L.%2C%20Camino%20del%20Palo%20s%2Fn%2C%2049800%2C%20Toro%2C%20Zamora,41.5216963,-5.3939824,2026-05-19,
francisco-casas-s-a-morales-de-toro,FRANCISCO CASAS S.A.,Morales de Toro,Bodega,"D.O. Toro: Camparrón, Gamazo y Viña Abba.","Morales de Toro, Zamora","FRANCISCO CASAS S.A. figura en el directorio oficial de bodegas de la Denominación de Origen Toro. Marcas: Camparrón, Gamazo y Viña Abba..",Consultar web o venta directa,980 69 80 32,toro@bodegascasas.com,http://www.bodegascasas.com,,,https://www.google.com/maps/search/FRANCISCO%20CASAS%20S.A.%2C%20Morales%20de%20Toro%2C%20Zamora,41.5343689,-5.3170794,2026-05-19,
frutos-villar-bodegas-toro,FRUTOS VILLAR BODEGAS,Toro,Bodega,"D.O. Toro: Muruve, Miralmonte, Buen Chico y Puerta de la Majestad.","Camino Esconde Huesos s/n, 49800, Toro, Zamora","FRUTOS VILLAR BODEGAS figura en el directorio oficial de bodegas de la Denominación de Origen Toro. Marcas: Muruve, Miralmonte, Buen Chico y Puerta de la Majestad..",Consultar web o venta directa,983 58 68 68,bodegasfrutosvillar@bodegasfrutosvillar.com,https://www.bodegasfrutosvillar.com,https://www.facebook.com/frutosvillar,https://www.instagram.com/bodegas_frutos_villar/,https://www.google.com/maps/search/FRUTOS%20VILLAR%20BODEGAS%2C%20Camino%20Esconde%20Huesos%20s%2Fn%2C%2049800%2C%20Toro%2C%20Zamora,41.5216963,-5.3939824,2026-05-19,
galindo-san-millan-bodega-y-vinedos-el-pinero,GALINDO SAN MILLÁN BODEGA Y VIÑEDOS,El Piñero,Bodega,D.O. Toro: La Pizca y La Miaja.,"Calle Travesía Prado Nº 1, 49715, El Piñero, Zamora",GALINDO SAN MILLÁN BODEGA Y VIÑEDOS figura en el directorio oficial de bodegas de la Denominación de Origen Toro. Marcas: La Pizca y La Miaja..,Consultar web o venta directa,647 669 323,bodegagalindosanmillan@gmail.com,https://www.galindosanmillan.com,https://www.facebook.com/galindosanmillan/,,https://www.google.com/maps/search/GALINDO%20SAN%20MILL%C3%81N%20BODEGA%20Y%20VI%C3%91EDOS%2C%20Calle%20Traves%C3%ADa%20Prado%20N%C2%BA%201%2C%2049715%2C%20El%20Pi%C3%B1ero%2C%20Zamora,41.3541471,-5.5873633,2026-05-19,
gil-luna-s-l-toro,"GIL LUNA, S.L.",Toro,Bodega,"D.O. Toro: Tres Lunas, Gil Luna, Sin Complejos y Lunas Nuevas.","Crta. Toro - Salamanca, km. 2, 49800, Toro, Zamora","GIL LUNA, S.L. figura en el directorio oficial de bodegas de la Denominación de Origen Toro. Marcas: Tres Lunas, Gil Luna, Sin Complejos y Lunas Nuevas..",Consultar web o venta directa,980 698 509,info@giluna.es,http://www.giluna.es/,,,https://www.google.com/maps/search/GIL%20LUNA%2C%20S.L.%2C%20Crta.%20Toro%20-%20Salamanca%2C%20km.%202%2C%2049800%2C%20Toro%2C%20Zamora,41.5216963,-5.3939824,2026-05-19,
hacienda-zorita-fermoselle,Hacienda Zorita,Fermoselle,Bodega,Vinos D.O. Arribes,"Fermoselle, Zamora",Hacienda Zorita aparece en el listado de bodegas de la D.O. Arribes recogido por Alimentos de Zamora.,Consultar web o venta directa,,,https://alimentosdezamora.info/Vinos-Arribes_ES.html,,,https://www.google.com/maps/search/Hacienda%20Zorita%2C%20Fermoselle%2C%20Zamora,41.3115142,-6.3460344,2026-05-19,
la-colmenita-de-aliste-vinas,La Colmenita de Aliste,Viñas,Bodega,Tradición apícola hecha miel,"C/ Calvo Sotelo, 30, 49517 Viñas, Zamora","La empresa La Colmenita de Aliste se encuentra radicada en la localidad de Viñas de Aliste; produce miel de distintas clases y otros productos derivados de la misma., Se trata de una empresa familiar dedicada a la producción de miel de manera tradicional, recogida en los montes de citada localidad alistana donde se producen abundantes floraciones en...",Consultar web o venta directa,647037454,manucasado76@gmail.com,https://exquisiteza.es/productores/la-colmenita-de-aliste/,https://www.facebook.com/profile.php?id=100063187180718,https://www.instagram.com/lacolmenitadealiste/,https://www.google.com/maps/search/La%20Colmenita%20de%20Aliste%2C%20C%2F%20Calvo%20Sotelo%2C%2030%2C%2049517%20Vi%C3%B1as%2C%20Zamora,41.7743745,-6.4684707,2026-05-19,
la-mela-sejas-de-aliste,La Mela,Sejas de Aliste,Bodega,Bodega,"C/ la Peña, 66, 49515 – Sejas de Aliste, Zamora","La Mela es una pequeña bodega que está ubicada en Sejas de Aliste, una de las poblaciones despobladas como toda nuestra comarca, en invierno no supera los 50 habitantes., Su nombre se debe al hierro con el que mis antepasados marcaban el ganado lanar para subirlo a los pastos en la trashumancia en época estival, (cada familia tenía su mela). Esta...",Consultar web o venta directa,605061723,info@lamelabodega.com,https://lamelabodega.com/,,https://www.instagram.com/bodegalamela/,https://www.google.com/maps/search/La%20Mela%2C%20C%2F%20la%20Pe%C3%B1a%2C%2066%2C%2049515%20%E2%80%93%20Sejas%20de%20Aliste%2C%20Zamora,41.7303346,-6.4522189,2026-05-19,
luis-medina-toro,Luis Medina,Toro,Bodega,Bodegas,"Calle Perezal, 7. Bajo​, 49800 – Toro, Zamora","Desde Toro os presentamos este joven proyecto lleno de energía y ganas de comerse el mundo, Bodegas Luis Medina . Esta microbodega elabora vinos singulares procedentes de viñedos propios, los cuales llevan décadas cultivando y velando por la gran calidad de la uva., Las instalaciones en las que se producen estos vinos están ubicadas en la bodega...",Consultar web o venta directa,660797789,bodegasluismedina@gmail.com,https://bodegasluismedina.com/,,https://www.instagram.com/bodegasluismedina,https://www.google.com/maps/search/Luis%20Medina%2C%20Calle%20Perezal%2C%207.%20Bajo%E2%80%8B%2C%2049800%20%E2%80%93%20Toro%2C%20Zamora,41.5208896,-5.3947473,2026-05-19,
marcelino-ibericos-corrales-del-vino,Marcelino Ibéricos,Corrales del Vino,Bodega,Jamones y embutidos,"Avenida Ruta de la Plata, 26​, 49700 – Corrales del Vino, Zamora","​Marcelino Ibéricos es una empresa familiar que surge del espíritu inquieto de nuestros padres Marcelino y Cleo. Marcelino día tras día se desplaza desde su hogar hasta la hermosa Dehesa Boyal , lugar donde nuestros cerdos nacen, viven y crecen felices, alimentándose de los manjares que les regala la madre naturaleza (setas, trufas, bellotas de las...",Consultar web o venta directa,629822496 / 980560111,ibericosmarcelino@gmail.com,https://ibericosmarcelino.com/,https://www.facebook.com/MarcelinoIbericos/,https://www.instagram.com/marcelinoibericos/,https://www.google.com/maps/search/Marcelino%20Ib%C3%A9ricos%2C%20Avenida%20Ruta%20de%20la%20Plata%2C%2026%E2%80%8B%2C%2049700%20%E2%80%93%20Corrales%20del%20Vino%2C%20Zamora,41.3560183,-5.728287,2026-05-19,
microbodega-rodriguez-moran-villamor-de-los-escuderos,Microbodega Rodríguez Morán,Villamor de los Escuderos,Bodega,Vinos D.O. Tierra del Vino de Zamora,"Villamor de los Escuderos, Zamora",Microbodega Rodríguez Morán figura en los listados de Alimentos de Zamora como elaborador vinculado a Vinos D.O. Tierra del Vino de Zamora.,Consultar web o venta directa,980 609 047,,https://alimentosdezamora.info/,,,https://www.google.com/maps/search/Microbodega%20Rodr%C3%ADguez%20Mor%C3%A1n%2C%20Villamor%20de%20los%20Escuderos%2C%20Zamora,41.2538454,-5.5736721,2026-05-19,
moises-gran-vino-morales-de-toro,MOISÉS GRAN VINO,Morales de Toro,Bodega,"D.O. Toro: Moisés Gran Vino, Toralto y Toraltus.","Avda. de los Comuneros, 102, 49810, Morales de Toro, Zamora","MOISÉS GRAN VINO figura en el directorio oficial de bodegas de la Denominación de Origen Toro. Marcas: Moisés Gran Vino, Toralto y Toraltus..",Consultar web o venta directa,915 610 894 - 657 795 147,bodega@heredaduruena.com,http://www.heredaduruena.com/,,,https://www.google.com/maps/search/MOIS%C3%89S%20GRAN%20VINO%2C%20Avda.%20de%20los%20Comuneros%2C%20102%2C%2049810%2C%20Morales%20de%20Toro%2C%20Zamora,41.5343689,-5.3170794,2026-05-19,
pagos-del-rey-s-l-morales-de-toro,PAGOS DEL REY S.L.,Morales de Toro,Bodega,"D.O. Toro: Bajoz, Caño y Sentero.","Avda. de los Comuneros, 90, 49810, Morales de Toro, Zamora","PAGOS DEL REY S.L. figura en el directorio oficial de bodegas de la Denominación de Origen Toro. Marcas: Bajoz, Caño y Sentero..",Consultar web o venta directa,980 69 80 23,toro@pagosdelrey.com,https://www.pagosdelrey.com,https://www.facebook.com/PagosdelRey,https://www.instagram.com/pagosdelreywines/,https://www.google.com/maps/search/PAGOS%20DEL%20REY%20S.L.%2C%20Avda.%20de%20los%20Comuneros%2C%2090%2C%2049810%2C%20Morales%20de%20Toro%2C%20Zamora,41.5343689,-5.3170794,2026-05-19,
palacio-de-villachica-toro,PALACIO DE VILLACHICA,Toro,Bodega,"D.O. Toro: Palacio de Villachica, Arbocala y VS Dehesa San Andrés.","Ctra. Nacional 122, Km. 433, 49800, Toro, Zamora","PALACIO DE VILLACHICA figura en el directorio oficial de bodegas de la Denominación de Origen Toro. Marcas: Palacio de Villachica, Arbocala y VS Dehesa San Andrés..",Consultar web o venta directa,663 797 346,info@grupopalaciodevillachica.com,https://www.grupopalaciodevillachica.com,https://es-es.facebook.com/pages/category/Grocery-Store/Palacio-De-Villachica-103942794749207/,https://www.instagram.com/palaciovillachica,https://www.google.com/maps/search/PALACIO%20DE%20VILLACHICA%2C%20Ctra.%20Nacional%20122%2C%20Km.%20433%2C%2049800%2C%20Toro%2C%20Zamora,41.5216963,-5.3939824,2026-05-19,
quinta-de-la-quietud-toro,QUINTA DE LA QUIETUD,Toro,Bodega,"D.O. Toro: Quinta Quietud Reserva, La Mula de la Quietud, In Quietud by Nature y Corral de Campanas.","Camino Bardales s/n, 49800, Toro, Zamora","QUINTA DE LA QUIETUD figura en el directorio oficial de bodegas de la Denominación de Origen Toro. Marcas: Quinta Quietud Reserva, La Mula de la Quietud, In Quietud by Nature y Corral de Campanas..",Consultar web o venta directa,980 56 80 19,info@quintaquietud.com,https://www.quintaquietud.com,https://www.facebook.com/quintaquietud,https://www.instagram.com/quintaquietud/,https://www.google.com/maps/search/QUINTA%20DE%20LA%20QUIETUD%2C%20Camino%20Bardales%20s%2Fn%2C%2049800%2C%20Toro%2C%20Zamora,41.5216963,-5.3939824,2026-05-19,
quinta-las-velas-fermoselle,Quinta Las Velas,Fermoselle,Bodega,Vinos D.O. Arribes,"Fermoselle, Zamora",Quinta Las Velas aparece en el listado de bodegas de la D.O. Arribes recogido por Alimentos de Zamora.,Consultar web o venta directa,,,https://alimentosdezamora.info/Vinos-Arribes_ES.html,,,https://www.google.com/maps/search/Quinta%20Las%20Velas%2C%20Fermoselle%2C%20Zamora,41.3174146,-6.3949234,2026-05-19,
terrazgo-bodegas-de-crianza-fermoselle,Terrazgo Bodegas de Crianza,Fermoselle,Bodega,Vinos D.O. Arribes,"Fermoselle, Zamora",Terrazgo Bodegas de Crianza aparece en el listado de bodegas de la D.O. Arribes recogido por Alimentos de Zamora.,Consultar web o venta directa,,,https://alimentosdezamora.info/Vinos-Arribes_ES.html,,,https://www.google.com/maps/search/Terrazgo%20Bodegas%20de%20Crianza%2C%20Fermoselle%2C%20Zamora,41.3174146,-6.3949234,2026-05-19,
teso-la-monja-s-l-valdefinjas,"TESO LA MONJA, S.L.",Valdefinjas,Bodega,"D.O. Toro: Románico, Almirez, Victorino y Alabaster.","Valdefinjas, Zamora","TESO LA MONJA, S.L. figura en el directorio oficial de bodegas de la Denominación de Origen Toro. Marcas: Románico, Almirez, Victorino y Alabaster..",Consultar web o venta directa,980568143,felipe.cuestadetoro@sierracantabria.com,http://www.sierracantabria.com,https://www.facebook.com/tr,https://www.instagram.com/vinedosybodegassierracantabria/,https://www.google.com/maps/search/TESO%20LA%20MONJA%2C%20S.L.%2C%20Valdefinjas%2C%20Zamora,41.4513172,-5.4528928,2026-05-19,
tierra-dulce-moraleja-del-vino,Tierra Dulce,Moraleja del Vino,Bodega,Obrador ecológico,"C/Doce de Octubre 5 49150 Moraleja del Vino, Zamora","Somos un pequeño obrador familiar y ecológico, en el que trabajamos el chocolate de forma totalmente artesanal. Nuestros productos son elaborados con materias primas naturales y ecológicas, sin añadidos ni aditivos químicos, lo que nos permite conservar intactos todos los sabores de la naturaleza. Conseguimos así unas elaboraciones de la más alta calidad...",Consultar web o venta directa,617508653,info@chocolateecologico.com,https://www.chocolateecologico.com/,https://www.facebook.com/chocolateecologico/,https://www.instagram.com/tierradulcechocolatesbio/,https://www.google.com/maps/search/Tierra%20Dulce%2C%20C%2FDoce%20de%20Octubre%205%2049150%20Moraleja%20del%20Vino%2C%20Zamora,41.4632879,-5.6556087,2026-05-19,
valdigal-toro,VALDIGAL,Toro,Bodega,D.O. Toro: Valdigal.,"Toro, Zamora",VALDIGAL figura en el directorio oficial de bodegas de la Denominación de Origen Toro. Marcas: Valdigal..,Consultar web o venta directa,629 113 992,valdigal@valdigal.com,http://www.valdigal.com,,,https://www.google.com/maps/search/VALDIGAL%2C%20Toro%2C%20Zamora,41.5251534,-5.3978827,2026-05-19,
vina-zangarron-s-l-sanzoles,"VIÑA ZANGARRÓN, S.L.",Sanzoles,Bodega,"D.O. Toro: Volvoreta, Flores de Cerezo y El Vino del Buen Amor.","Sanzoles, Zamora","VIÑA ZANGARRÓN, S.L. figura en el directorio oficial de bodegas de la Denominación de Origen Toro. Marcas: Volvoreta, Flores de Cerezo y El Vino del Buen Amor..",Consultar web o venta directa,34.619149062,info@fincavolvoreta.com,http://www.fincavolvoreta.com,,https://www.instagram.com/fincavolvoreta/,https://www.google.com/maps/search/VI%C3%91A%20ZANGARR%C3%93N%2C%20S.L.%2C%20Sanzoles%2C%20Zamora,41.4312964,-5.569204,2026-05-19,
carnicas-diaz-de-zamora-s-l-morales-del-vino,"Cárnicas Díaz de Zamora, S.L.",Morales del Vino,Carnes y embutidos,Chorizo Zamorano,"Ctra. Salamanca km 2,5, 49190 - Morales del Vino (Zamora)","Cárnicas Díaz de Zamora, S.L. es una industria adherida a la Marca de Garantía Chorizo Zamorano.",Consultar web o venta directa,980 57 01 12,,http://www.buenosdiaz.es,https://www.facebook.com/pages/category/Grocery-Store/Carnicas-DIAZ-423050394526330/,https://www.instagram.com/carnicasdiaz/,https://www.google.com/maps/search/C%C3%A1rnicas%20D%C3%ADaz%20de%20Zamora%2C%20S.L.%2C%20Ctra.%20Salamanca%20km%202%2C5%2C%2049190%20-%20Morales%20del%20Vino%20(Zamora),41.4460546,-5.7324233,2026-05-19,
carnicas-jose-montero-el-puente-de-sanabria-galende,Cárnicas José Montero,"El Puente de Sanabria, Galende",Carnes y embutidos,Chorizo Zamorano,"Ctra. Ilanes - Puente, nº 7, 49350 - El Puente de Sanabria, Galende (Zamora, España)",Cárnicas José Montero es una industria adherida a la Marca de Garantía Chorizo Zamorano.,Consultar web o venta directa,(+34) 609 62 07 97,,http://www.carnicasmontero.com,,,https://www.google.com/maps/search/C%C3%A1rnicas%20Jos%C3%A9%20Montero%2C%20Ctra.%20Ilanes%20-%20Puente%2C%20n%C2%BA%207%2C%2049350%20-%20El%20Puente%20de%20Sanabria%2C%20Galende%20(Zamora%2C%20Espa%C3%B1a),42.0850761,-6.6413294,2026-05-19,
carnicas-la-culebra-santa-eulalia-de-rionegro,Cárnicas La Culebra,Santa Eulalia de Rionegro,Carnes y embutidos,"Embutidos, carnes e ibéricos","C/ Mayor, 1, 49318 Santa Eulalia de Rionegro, Zamora","Empresa dedicada a la elaboración de los mejores productos cárnicos, elaborados de manera tradicional y producidos de forma artesanal., Todos nuestros productos son de calidad excepcional. Elaborados con ingredientes naturales y de procedencia sostenible. La mejor selección de embutidos carne de caza y productos de nuestra tierra. Cecinas, embutidos,...",Consultar web o venta directa,620220547 / 657701937 / 606450972,contacto@carnicaslaculebra.es,https://carnicaslaculebra.es/,https://www.facebook.com/profile.php?id=100058296618981,https://www.instagram.com/carnicaslaculebra/,https://www.google.com/maps/search/C%C3%A1rnicas%20La%20Culebra%2C%20C%2F%20Mayor%2C%201%2C%2049318%20Santa%20Eulalia%20de%20Rionegro%2C%20Zamora,42.0315112,-6.268394,2026-05-19,
embutidos-mayoral-la-boveda-de-toro,Embutidos Mayoral,La Bóveda de Toro,Carnes y embutidos,Carnicerías y embutidos,"Avenida Toro, 9, 49155 – La Bóveda de Toro, Zamora","Carnicerías y Embutidos Mayoral , una pequeña empresa familiar situada en La Bóveda de Toro que, actualmente somos la cuarta generación y con más de 120 años de historia (desde 1902); siendo estos años, de aprendizaje , de traspaso de conocimientos de padres a hijos, de continua transformación y de adaptación a los tiempos, que hemos llegado hasta aquí...",Consultar web o venta directa,980602067 / 626728038,info@embutidosmayoral.com,https://www.embutidosmayoral.com/es,https://www.facebook.com/people/Embutidos-MAyoral/100069329190812/,https://www.instagram.com/embutidosmayoral/,https://www.google.com/maps/search/Embutidos%20Mayoral%2C%20Avenida%20Toro%2C%209%2C%2049155%20%E2%80%93%20La%20B%C3%B3veda%20de%20Toro%2C%20Zamora,41.3458996,-5.4117931,2026-05-19,
embutidos-turista-s-l-embutidos-duero-roales-del-pan,"Embutidos Turista, S.L. - Embutidos Duero",Roales del Pan,Carnes y embutidos,Chorizo Zamorano,"Ctra. Zamora-La Hiniesta, km.3, 49192 - Roales del Pan (Zamora)","Embutidos Turista, S.L. - Embutidos Duero es una industria adherida a la Marca de Garantía Chorizo Zamorano.",Consultar web o venta directa,980 56 30 54,,http://www.embutidosturista.es,,,https://www.google.com/maps/search/Embutidos%20Turista%2C%20S.L.%20-%20Embutidos%20Duero%2C%20Ctra.%20Zamora-La%20Hiniesta%2C%20km.3%2C%2049192%20-%20Roales%20del%20Pan%20(Zamora),41.5430453,-5.7958357,2026-05-19,
embutidos-y-jamones-lema-s-l-santibanez-de-vidriales,"Embutidos y Jamones Lema, S.L.",Santibáñez de Vidriales,Carnes y embutidos,Chorizo Zamorano,"Travesía Fuente Mala, 4, 49610 - Santibáñez de Vidriales (Zamora)","Embutidos y Jamones Lema, S.L. es una industria adherida a la Marca de Garantía Chorizo Zamorano.",Consultar web o venta directa,980 65 62 67,,https://www.embutidoslema.com/,https://facebook.com/carniceriaslema,https://instagram.com/carniceria_lema/,https://www.google.com/maps/search/Embutidos%20y%20Jamones%20Lema%2C%20S.L.%2C%20Traves%C3%ADa%20Fuente%20Mala%2C%204%2C%2049610%20-%20Santib%C3%A1%C3%B1ez%20de%20Vidriales%20(Zamora),42.0731377,-6.0159102,2026-05-19,
hijos-de-dionisio-sanchez-s-l-fuentesauco,"Hijos de Dionisio Sánchez, S.L.",Fuentesaúco,Carnes y embutidos,Chorizo Zamorano,"C/ Carrenueva, s/n, 49400 - Fuentesaúco (Zamora)","Hijos de Dionisio Sánchez, S.L. es una industria adherida a la Marca de Garantía Chorizo Zamorano.",Consultar web o venta directa,980 60 11 00,,http://www.jamonesdionisiosanchez.com,https://www.facebook.com/tr,,https://www.google.com/maps/search/Hijos%20de%20Dionisio%20S%C3%A1nchez%2C%20S.L.%2C%20C%2F%20Carrenueva%2C%20s%2Fn%2C%2049400%20-%20Fuentesa%C3%BAco%20(Zamora),41.2306008,-5.4964931,2026-05-19,
industrias-carnicas-ele-s-l-roales-del-pan,"Industrias Cárnicas Ele, S.L.",Roales del Pan,Carnes y embutidos,Chorizo Zamorano,"Cañada Villanueva, s/n, 49192 - Roales del Pan (Zamora)","Industrias Cárnicas Ele, S.L. es una industria adherida a la Marca de Garantía Chorizo Zamorano.",Consultar web o venta directa,980 53 87 22,,http://www.embutidosele.es,https://www.facebook.com/embutidoselesingluten/,,https://www.google.com/maps/search/Industrias%20C%C3%A1rnicas%20Ele%2C%20S.L.%2C%20Ca%C3%B1ada%20Villanueva%2C%20s%2Fn%2C%2049192%20-%20Roales%20del%20Pan%20(Zamora),41.5523885,-5.7735283,2026-05-19,
juan-jose-ledesma-s-a-zamora,"Juan José Ledesma, S.A.",Zamora,Carnes y embutidos,Chorizo Zamorano,"Polígono Industrial Los Llanos, Parc. 27-28., 49027 - Zamora (Zamora)","Juan José Ledesma, S.A. es una industria adherida a la Marca de Garantía Chorizo Zamorano.",Consultar web o venta directa,980 53 82 10,,http://www.embutidosledesma.com,https://www.facebook.com/embutidosjjledesma/,https://www.instagram.com/embutidosjjledesma/,https://www.google.com/maps/search/Juan%20Jos%C3%A9%20Ledesma%2C%20S.A.%2C%20Pol%C3%ADgono%20Industrial%20Los%20Llanos%2C%20Parc.%2027-28.%2C%2049027%20-%20Zamora%20(Zamora),41.5162772,-5.7736011,2026-05-19,
melquiades-rodriguez-s-a-coreses,"Melquíades Rodríguez, S.A.",Coreses,Carnes y embutidos,Chorizo Zamorano,"Ctra. Nacional 122 Km 449,9, 49530 - Coreses (Zamora)","Melquíades Rodríguez, S.A. es una industria adherida a la Marca de Garantía Chorizo Zamorano.",Consultar web o venta directa,980 50 01 01,,http://www.melquiadesrodriguez.com,https://www.facebook.com/Jamones-Melquiades-1517726898557586,https://www.instagram.com/jamonesmelquiades/,https://www.google.com/maps/search/Melqu%C3%ADades%20Rodr%C3%ADguez%2C%20S.A.%2C%20Ctra.%20Nacional%20122%20Km%20449%2C9%2C%2049530%20-%20Coreses%20(Zamora),41.5485022,-5.6208725,2026-05-19,
paulino-iglesias-encalado-coreses,Paulino Iglesias Encalado,Coreses,Carnes y embutidos,Chorizo Zamorano,"Polígono Aviación s/n - Ctra. N-122 km 449,5., 49530 - Coreses (Zamora)",Paulino Iglesias Encalado es una industria adherida a la Marca de Garantía Chorizo Zamorano.,Consultar web o venta directa,980 50 04 48,,http://www.paulinoiglesias.com,https://www.facebook.com/EmbutidosPaulinoIglesias,https://www.instagram.com/paulinoiglesiasembutidos/,https://www.google.com/maps/search/Paulino%20Iglesias%20Encalado%2C%20Pol%C3%ADgono%20Aviaci%C3%B3n%20s%2Fn%20-%20Ctra.%20N-122%20km%20449%2C5.%2C%2049530%20-%20Coreses%20(Zamora),41.5485022,-5.6208725,2026-05-19,
prado-concejo-fonfria,Prado Concejo,Fonfría,Carnes y embutidos,Miel,"Calle Escuela, 15, 49510 Fonfría, Zamora","MIEL PRADO CONCEJO es un proyecto familiar que nace del respeto al medio ambiente y con la intención de mejorar, promocionar y potenciar la cultura popular y la vida rural. Consideramos como base del proyecto el respeto al ecosistema y en particular a las abejas., A partir de aquí nuestra filosofía de trabajo es la profesionalización del sector primario...",Consultar web o venta directa,658902836,mielpradoconcejo@gmail.com,https://mielpradoconcejo.com/,https://www.facebook.com/MielPradoConcejo/,https://www.instagram.com/mielpradoconcejo/,https://www.google.com/maps/search/Prado%20Concejo%2C%20Calle%20Escuela%2C%2015%2C%2049510%20Fonfr%C3%ADa%2C%20Zamora,41.6346132,-6.1402013,2026-05-19,
villaveza-toro,Villaveza,Toro,Cerveza artesana,Calidad natural garantizada,"Carretera Toro a San Román de Hornija, km 3., 49800 – Toro, Zamora.","Carretera Toro a San Román de Hornija, km 3., 49800 – Toro, Zamora.",Consultar web o venta directa,980690819 / 606963409,fincavillaveza@gmail.com,https://exquisiteza.es/productores/villaveza/,,,https://www.google.com/maps/search/Villaveza%2C%20Carretera%20Toro%20a%20San%20Rom%C3%A1n%20de%20Hornija%2C%20km%203.%2C%2049800%20%E2%80%93%20Toro%2C%20Zamora.,41.4867775,-5.3207167,2026-05-19,
horticola-majia-zamora,Hortícola Majia,Zamora,Chocolate,La frescura de la tierra directamente en tu hogar,"Ctra. de Tordesillas, 79, 49022 Zamora","Es una empresa familiar especializada en los productos de la huerta, siguiendo la tradición “cómo lo hacían nuestros abuelos”. Trabajamos todo el año para que nuestros clientes puedan disfrutar de las mejores verduras frescas y tubérculos, manteniendo una apuesta firme por la calidad y el sabor de nuestra materia prima. Nuestros productos son una forma...",Consultar web o venta directa,678261162,juananp3@gmail.com,https://exquisiteza.es/productores/horticola-majia/,,,https://www.google.com/maps/search/Hort%C3%ADcola%20Majia%2C%20Ctra.%20de%20Tordesillas%2C%2079%2C%2049022%20Zamora,41.528388,-5.5739525,2026-05-19,
bendita-locura-morales-del-vino,Bendita Locura,Morales del Vino,Destilados y licores,Vermut zamorano,"C/Entrala, 7, 49190 Morales del Vino, Zamora","Es una empresa joven que nace de la inquietud de dos amigos por el mundo del vermut. El proyecto se centra en la elaboración de un vermut artesanal. En nuestra bodega todo se hace de forma manual, desde el proceso de elaboración hasta el llenado y etiquetado, todo pasa por nuestras manos. Nuestra idea siempre ha sido crear un vermut que evoque nuestras...",Consultar web o venta directa,683323024,benditalocuravermut@gmail.com,https://benditalocuravermut.es/,https://www.facebook.com/benditalocuravermut/,https://www.instagram.com/bendita_locura_artesanos_vermu/,https://www.google.com/maps/search/Bendita%20Locura%2C%20C%2FEntrala%2C%207%2C%2049190%20Morales%20del%20Vino%2C%20Zamora,41.4426205,-5.7370233,2026-05-19,
douroliva-fermoselle,Douroliva,Fermoselle,Destilados y licores,Aceite de oliva virgen extra,"C/ Torrejón, 33, 49220 Fermoselle., Zamora","Aceite de oliva virgen extra de categoría superior, elaborado en Fermoselle, en pleno parque natural de “Los Arribes del Duero”, bajo el sello de garantía Reserva de la Biosfera Meseta Ibérica. Olivas recogidas en su punto óptimo de madurez, cuidadosamente seleccionadas, preservando la proporción de ácidos grasos esenciales, antioxidantes naturales y sin...",Consultar web o venta directa,980610252 / 678861234,info@douroliva.com,https://www.douroliva.com/,https://www.facebook.com/DourOliva/,https://www.instagram.com/aovedouroliva/,https://www.google.com/maps/search/Douroliva%2C%20C%2F%20Torrej%C3%B3n%2C%2033%2C%2049220%20Fermoselle.%2C%20Zamora,41.31817,-6.3972022,2026-05-19,
vermutto-toro,VERMUTTO,Toro,Destilados y licores,Vermut rojo,"Plaza Mayor, 3, 49800 – Toro, Zamora.","VERMUTTO es un vermut elaborado artesanalmente en pequeños lotes, a base de una selección de nuestros vinos AMERICO de Tinta de Toro y Verdejo, mediante infusión de 10 especias, hierbas aromáticas, cítricos y raíces como son: Ajenjo, Clavo, Semilla de cilantro, Corteza de cacao, Hinojo, Enebro, Canela Cassia, Vid roja, Regaliz, y Piel de naranja,...",Consultar web o venta directa,651693849,info@bodegasdiezgomez.com,http://www.bodegasdiezgomez.com/productos/vermutto,https://www.facebook.com/profile.php?id=61557174954413,https://www.instagram.com/vermutto/,https://www.google.com/maps/search/VERMUTTO%2C%20Plaza%20Mayor%2C%203%2C%2049800%20%E2%80%93%20Toro%2C%20Zamora.,41.5210666,-5.3942926,2026-05-19,
ajo-bovedano-la-boveda-de-toro,Ajo Bovedano,La Bóveda de Toro,Fruta y verdura,Ajo,"C/Paz, 20., 49155 – La Bóveda de Toro, Zamora.","Ajo Bovedano forma parte de Exquisiteza, la red de pequeños productores agroalimentarios de Zamora.",Consultar web o venta directa,633046738,tienda@ajobovedano.com,https://ajobovedano.com/,https://www.facebook.com/AjoBovedanoOficial,https://www.instagram.com/ajobovedano/,https://www.google.com/maps/search/Ajo%20Bovedano%2C%20C%2FPaz%2C%2020.%2C%2049155%20%E2%80%93%20La%20B%C3%B3veda%20de%20Toro%2C%20Zamora.,41.343624,-5.4094237,2026-05-19,
come-frutos-del-bosque-robleda,Come Frutos del Bosque,Robleda,Fruta y verdura,Ver todos los socios de,"C/ Castañal 10, 49321 Robleda, Zamora","Somos una pequeña empresa familiar situada en la Comarca de Sanabria, dedicada al cultivo de frutos rojos ecológicos y su posterior transformación en mermeladas naturales y artesanas. Contamos con una amplia variedad de frutos rojos: arándanos, grosellas, frambuesas, moras y uva espina con certificado ecológico que posteriormente transformamos en ricas y...",Consultar web o venta directa,669060032,comefrutosdelbosque@gmail.com,https://comefrutosdelbosque.es/,https://www.facebook.com/comefrutosdelbosque/,https://www.instagram.com/comefrutosdelbosque,https://www.google.com/maps/search/Come%20Frutos%20del%20Bosque%2C%20C%2F%20Casta%C3%B1al%2010%2C%2049321%20Robleda%2C%20Zamora,42.0833225,-6.596795,2026-05-19,
esparragos-corrales-fuentesauco,Espárragos Corrales,Fuentesaúco,Fruta y verdura,Frescos y naturales,"Camino de las celadillas S/N, 49400 Fuentesaúco, Zamora","Espárragos Corrales: Nos encontramos en Fuentesaúco (Zamora) y somos una pequeña empresa cuyos orígenes se remontan a mi abuelo paterno, Natalio Corrales, quien tenía una tierra, «la huerta», tal y como la hemos llamado siempre toda la familia, donde plantaba sus espárragos. No los tenía como un negocio, ya que mi abuelo era maestro, sino que para él...",Consultar web o venta directa,675046969,esparragoscorrales@gmail.com,https://exquisiteza.es/productores/esparragos-corrales/,https://www.facebook.com/ECfrescosynaturales,https://www.instagram.com/esparragoscorrales/,https://www.google.com/maps/search/Esp%C3%A1rragos%20Corrales%2C%20Camino%20de%20las%20celadillas%20S%2FN%2C%2049400%20Fuentesa%C3%BAco%2C%20Zamora,41.2306008,-5.4964931,2026-05-19,
almendras-pentanux-zamora,Almendras Pentanux,Zamora,Frutos secos,Con las manos y el corazón,"Zamora, Zamora","La vuelta a las raíces y la responsabilidad de continuar con el legado familiar, hicieron que el matrimonio formado por Thomas Simoncini y Mª Ángeles García Hernández, product manager en la industria farmacéutica a nivel internacional y profesora de Lengua y Literatura Española respectivamente, apostaran por la continuidad de unas explotaciones con un...",Consultar web o venta directa,628367115,tom@pentanux.com,https://pentanux.com/,https://www.facebook.com/pentanux,https://www.instagram.com/pentanuxalmonds,https://www.google.com/maps/search/Almendras%20Pentanux%2C%20Zamora%2C%20Zamora,41.5162772,-5.7736011,2026-05-19,
frutos-secos-dibel-guarrate,Frutos Secos Dibel,Guarrate,Frutos secos,Frutos secos de calidad,"C/Garrido, 15B., 49156 – Guarrate, Zamora.","Frutos Secos Dibel, es una empresa familiar situada en Guarrate dedicada a la producción artesanal de almendras y pistachos, entre otros muchos frutos secos. Nuestra pasión por la calidad se refleja en cada producto, ofreciendo frutos secos excepcionales, con tradición y cuidado. Desde una pequeña nave la cual pertenecía a nuestros antepasados y...",Consultar web o venta directa,654772510 / 630913703,comercial@frutossecosdibel.com,http://www.frutossecosdibel.com,https://www.facebook.com/frutossecos.dibel.9,https://www.instagram.com/dibel_frutossecos/,https://www.google.com/maps/search/Frutos%20Secos%20Dibel%2C%20C%2FGarrido%2C%2015B.%2C%2049156%20%E2%80%93%20Guarrate%2C%20Zamora.,41.2908804,-5.4424174,2026-05-19,
carbajo-hermanos-s-a-zamora,"Carbajo Hermanos, S.A.",Zamora,Harinas y cereales,Harina tradicional zamorana,"Zamora, Zamora","Carbajo Hermanos, S.A. figura como elaborador de Harina Tradicional Zamorana en Alimentos de Zamora.",Consultar web o venta directa,,,https://alimentosdezamora.info/Harina-Harina-Tradicional-Zamorana_ES.html,,,https://www.google.com/maps/search/Carbajo%20Hermanos%2C%20S.A.%2C%20Zamora%2C%20Zamora,41.5162772,-5.7736011,2026-05-19,
coperblanc-zamorana-s-a-zamora,"Coperblanc Zamorana, S.A.",Zamora,Harinas y cereales,Harina tradicional zamorana,"Zamora, Zamora","Coperblanc Zamorana, S.A. figura como elaborador de Harina Tradicional Zamorana en Alimentos de Zamora.",Consultar web o venta directa,,,https://alimentosdezamora.info/Harina-Harina-Tradicional-Zamorana_ES.html,,,https://www.google.com/maps/search/Coperblanc%20Zamorana%2C%20S.A.%2C%20Zamora%2C%20Zamora,41.5162772,-5.7736011,2026-05-19,
gabino-bobo-s-a-zamora,"Gabino Bobo, S.A.",Zamora,Harinas y cereales,Harina tradicional zamorana,"Zamora, Zamora","Gabino Bobo, S.A. figura como elaborador de Harina Tradicional Zamorana en Alimentos de Zamora.",Consultar web o venta directa,,,https://alimentosdezamora.info/Harina-Harina-Tradicional-Zamorana_ES.html,,,https://www.google.com/maps/search/Gabino%20Bobo%2C%20S.A.%2C%20Zamora%2C%20Zamora,41.5162772,-5.7736011,2026-05-19,
molino-de-piedra-en-cerecinos-de-campos-cerecinos-de-campos,Molino de Piedra en Cerecinos de Campos,Cerecinos de Campos,Harinas y cereales,Harina tradicional zamorana,"Cerecinos de Campos, Zamora",Molino de Piedra en Cerecinos de Campos figura como elaborador de Harina Tradicional Zamorana en Alimentos de Zamora.,Consultar web o venta directa,,,https://alimentosdezamora.info/Harina-Harina-Tradicional-Zamorana_ES.html,,,https://www.google.com/maps/search/Molino%20de%20Piedra%20en%20Cerecinos%20de%20Campos%2C%20Cerecinos%20de%20Campos%2C%20Zamora,41.9007181,-5.4850237,2026-05-19,
molinos-zamoranos-s-a-zamora,"Molinos Zamoranos, S.A.",Zamora,Harinas y cereales,Harina tradicional zamorana,"Zamora, Zamora","Molinos Zamoranos, S.A. figura como elaborador de Harina Tradicional Zamorana en Alimentos de Zamora.",Consultar web o venta directa,,,https://alimentosdezamora.info/Harina-Harina-Tradicional-Zamorana_ES.html,,,https://www.google.com/maps/search/Molinos%20Zamoranos%2C%20S.A.%2C%20Zamora%2C%20Zamora,41.5162772,-5.7736011,2026-05-19,
los-huevos-de-la-abuela-villalpando,Los Huevos de la Abuela,Villalpando,Huevos,Huevos camperos,"Camino Barrabueyes s/n, 49630 Villalpando, Zamora","Somos una empresa dedicada al sector avícola cuyas instalaciones se encuentran situadas en Villalpando. Nuestras gallinas son criadas en total libertad con una alimentación basada en cereales, lo que confiere una gran calidad y diferencia con respecto a los grandes productores. Producimos huevos clasificación 1, respetando las medidas medioambientales y...",Consultar web o venta directa,605353184,granjaloshuevosdelaabuela@gmail.com,https://granjaloshuevosdelaabuela.com/,https://www.facebook.com/granjaloshuevosdelaabuela/,https://www.instagram.com/granjaloshuevosdelaabuela/,https://www.google.com/maps/search/Los%20Huevos%20de%20la%20Abuela%2C%20Camino%20Barrabueyes%20s%2Fn%2C%2049630%20Villalpando%2C%20Zamora,41.8675997,-5.4144987,2026-05-19,
alonso-santos-de-pedro-fariza,Alonso Santos de Pedro,Fariza,Lácteos y quesos,"Fariza Empresa Ecológica; DOP ZAMORANO ECOLOGIGO, LECHE CRUDA","C/ Toral, 47, 49213, Fariza, Zamora",Alonso Santos de Pedro figura en la relación de queserías de la D.O.P. Queso Zamorano publicada por Alimentos de Zamora.,Consultar web o venta directa,+34 980 617 856,alsantos@jazzfree.com,http://www.sayago.com/quesofariza,,,https://www.google.com/maps/search/Alonso%20Santos%20de%20Pedro%2C%20C%2F%20Toral%2C%2047%2C%2049213%2C%20Fariza%2C%20Zamora,41.5162772,-5.7736011,2026-05-19,
consorcio-promocion-de-ovino-soc-coop-villalpando,Consorcio Promoción de Ovino Soc. Coop.,Villalpando,Lácteos y quesos,Consorcio Promoción del Ovino; DOP Zamorano leche cruda,"Camino de Canillas s/n, 49630, Villalpando, Zamora",Consorcio Promoción de Ovino Soc. Coop. figura en el directorio oficial del Consejo Regulador de la D.O.P. Queso Zamorano.,Consultar web o venta directa,+34 980 660 202,calvo@lechedeoveja.com,http://www.lechedeoveja.com/,https://www.facebook.com/consorciopromociondelovino/photos/a.848024098627823.1073741828.841317479298485/1376096185820609/,,https://www.google.com/maps/search/Consorcio%20Promoci%C3%B3n%20de%20Ovino%20Soc.%20Coop.%2C%20Camino%20de%20Canillas%20s%2Fn%2C%2049630%2C%20Villalpando%2C%20Zamora,41.8640693,-5.4134443,2026-05-19,
gestion-agro-ganadera-s-l-zamora,Gestión Agro Ganadera S.L.,Zamora,Lácteos y quesos,Queso zamorano Vellón de Fuentesaúco,"Zamora, Zamora",Gestión Agro Ganadera S.L. figura en la relación de queserías de la D.O.P. Queso Zamorano publicada por Alimentos de Zamora.,Consultar web o venta directa,,,https://alimentosdezamora.info/Quesos-Queso-Zamorano_ES.html,,,https://www.google.com/maps/search/Gesti%C3%B3n%20Agro%20Ganadera%20S.L.%2C%20Zamora%2C%20Zamora,41.5162772,-5.7736011,2026-05-19,
hijas-de-justo-torrero-zamora,Hijas de Justo Torrero,Zamora,Lácteos y quesos,Queso zamorano Torrero,"Zamora, Zamora",Hijas de Justo Torrero figura en la relación de queserías de la D.O.P. Queso Zamorano publicada por Alimentos de Zamora.,Consultar web o venta directa,,,https://alimentosdezamora.info/Quesos-Queso-Zamorano_ES.html,,,https://www.google.com/maps/search/Hijas%20de%20Justo%20Torrero%2C%20Zamora%2C%20Zamora,41.5162772,-5.7736011,2026-05-19,
hijos-de-salvador-rodriguez-sta-cristina-de-la-polvorosa,Hijos de Salvador Rodríguez,Sta. Cristina De La Polvorosa,Lácteos y quesos,El Pastor de Santa Cristina; DOP ZAMORANO LECHE CRUDA,"Ctra. Mózar, 1, 49620, Sta. Cristina De La Polvorosa, Zamora",Hijos de Salvador Rodríguez figura en la relación de queserías de la D.O.P. Queso Zamorano publicada por Alimentos de Zamora.,Consultar web o venta directa,+34 980 631 907,quesos@elpastor.com,http://www.elpastor.com,https://www.facebook.com/quesoselpastor/,https://www.instagram.com/quesoselpastor/,https://www.google.com/maps/search/Hijos%20de%20Salvador%20Rodr%C3%ADguez%2C%20Ctra.%20M%C3%B3zar%2C%201%2C%2049620%2C%20Sta.%20Cristina%20De%20La%20Polvorosa%2C%20Zamora,41.5162772,-5.7736011,2026-05-19,
hircus-zamora,Hircus,Zamora,Lácteos y quesos,Queso artesano,"C/ Churruca Nº 5, 4ºB, 49030 Zamora","El Hircus es un queso elaborado en Palacios del Pan, por la quesería artesanal Caprino del Esla. Se trata de una empresa familiar especializada en la producción caprina de alta calidad. Queso artesano de cabra, elaborado con leche cruda de ganadería propia. Ponemos un especial esmero en el cuidado de nuestras cabras (entorno, alimentación, manejo y...",Consultar web o venta directa,651478664,quesoartesanohircus@gmail.com,https://hircus.es/,https://www.facebook.com/queso.hircus,https://www.instagram.com/quesoartesanohircus/,https://www.google.com/maps/search/Hircus%2C%20C%2F%20Churruca%20N%C2%BA%205%2C%204%C2%BAB%2C%2049030%20Zamora,41.5119559,-5.7329011,2026-05-19,
lacteas-castellano-leonesas-fresno-de-la-ribera,Lácteas Castellano Leonesas,Fresno De La Ribera,Lácteos y quesos,Señorío de Castilla; DOP ZAMORANO LECHE PASTERIZADA,"Ctra.Tordesillas, s/n, 49590, Fresno De La Ribera, Zamora",Lácteas Castellano Leonesas figura en la relación de queserías de la D.O.P. Queso Zamorano publicada por Alimentos de Zamora.,Consultar web o venta directa,+34 980 695 725,m.viano@renypicot.es,http://www.renypicot.es,,,https://www.google.com/maps/search/L%C3%A1cteas%20Castellano%20Leonesas%2C%20Ctra.Tordesillas%2C%20s%2Fn%2C%2049590%2C%20Fresno%20De%20La%20Ribera%2C%20Zamora,41.5275683,-5.5718482,2026-05-19,
lacteas-revilla-zamora,Lácteas Revilla,Zamora,Lácteos y quesos,Queso zamorano Platería,"Zamora, Zamora",Lácteas Revilla figura en la relación de queserías de la D.O.P. Queso Zamorano publicada por Alimentos de Zamora.,Consultar web o venta directa,,,https://alimentosdezamora.info/Quesos-Queso-Zamorano_ES.html,,,https://www.google.com/maps/search/L%C3%A1cteas%20Revilla%2C%20Zamora%2C%20Zamora,41.5162772,-5.7736011,2026-05-19,
lacteos-dehesa-de-la-guadana-granja-de-moreruela,Lácteos Dehesa de La Guadaña,Granja De Moreruela,Lácteos y quesos,Labadía Petramora; DOP ZAMORANO LECHE CRUDA,"Camino del Monasterio, s/n, 49740, Granja De Moreruela, Zamora",Lácteos Dehesa de La Guadaña figura en el directorio oficial del Consejo Regulador de la D.O.P. Queso Zamorano.,Consultar web o venta directa,,lacteos@dehesadelaguadana.com,https://quesozamorano.com/empresas/quesos-revilla/,,,https://www.google.com/maps/search/L%C3%A1cteos%20Dehesa%20de%20La%20Guada%C3%B1a%2C%20Camino%20del%20Monasterio%2C%20s%2Fn%2C%2049740%2C%20Granja%20De%20Moreruela%2C%20Zamora,41.8127551,-5.7450243,2026-05-19,
queseria-la-antigua-de-fuentesauco-fuentesauco,Quesería La Antigua de Fuentesaúco,Fuentesaúco,Lácteos y quesos,Vellón de Fuentesaúco; DOP ZAMORANO LECHE CRUDA,"Ctra. Salamanca, km. 32, 49400, Fuentesaúco, Zamora",Quesería La Antigua de Fuentesaúco figura en el directorio oficial del Consejo Regulador de la D.O.P. Queso Zamorano.,Consultar web o venta directa,980 600 509,info@queserialaantigua.com,http://www.queserialaantigua.com,https://www.facebook.com/quesolaantigua/,https://www.instagram.com/quesoslaantigua/,https://www.google.com/maps/search/Queser%C3%ADa%20La%20Antigua%20de%20Fuentesa%C3%BAco%2C%20Ctra.%20Salamanca%2C%20km.%2032%2C%2049400%2C%20Fuentesa%C3%BAco%2C%20Zamora,41.2285075,-5.4988317,2026-05-19,
queseria-vicente-pastor-morales-del-vino,Quesería Vicente Pastor,Morales Del Vino,Lácteos y quesos,Vicente Pastor; DOP ZAMORANO LECHE CRUDA,"Camino Arcenillas, s/n, 49190, Morales Del Vino, Zamora",Quesería Vicente Pastor figura en el directorio oficial del Consejo Regulador de la D.O.P. Queso Zamorano.,Consultar web o venta directa,+34 980 574 074,pastor@vicentepastor.com,https://quesozamorano.com/empresas/queseria-vicente-pastor/,,,https://www.google.com/maps/search/Queser%C3%ADa%20Vicente%20Pastor%2C%20Camino%20Arcenillas%2C%20s%2Fn%2C%2049190%2C%20Morales%20Del%20Vino%2C%20Zamora,41.4446197,-5.7340933,2026-05-19,
queserias-de-zamora-morales-del-vino,Queserías de Zamora,Morales Del Vino,Lácteos y quesos,Molino Real; DOP ZAMORANO LECHE PASTERIZADA,"Ctra. Zamora – Salamanca, km. 283, 49190, Morales Del Vino, Zamora",Queserías de Zamora figura en la relación de queserías de la D.O.P. Queso Zamorano publicada por Alimentos de Zamora.,Consultar web o venta directa,+34 980 570 052,queserias@marcosconde.com,http://www.marcosconde.com,https://www.facebook.com/profile.php,https://www.instagram.com/quesosmarcosconde/,https://www.google.com/maps/search/Queser%C3%ADas%20de%20Zamora%2C%20Ctra.%20Zamora%20%E2%80%93%20Salamanca%2C%20km.%20283%2C%2049190%2C%20Morales%20Del%20Vino%2C%20Zamora,41.5162772,-5.7736011,2026-05-19,
queserias-vicente-pastor-zamora,Queserías Vicente Pastor,Zamora,Lácteos y quesos,Queso zamorano Vicente Pastor,"Zamora, Zamora",Queserías Vicente Pastor figura en la relación de queserías de la D.O.P. Queso Zamorano publicada por Alimentos de Zamora.,Consultar web o venta directa,,,https://alimentosdezamora.info/Quesos-Queso-Zamorano_ES.html,,,https://www.google.com/maps/search/Queser%C3%ADas%20Vicente%20Pastor%2C%20Zamora%2C%20Zamora,41.5162772,-5.7736011,2026-05-19,
queso-del-duero-s-a-zamora,Queso del Duero S.A.,Zamora,Lácteos y quesos,Queso zamorano Tierra de Duero,"Zamora, Zamora",Queso del Duero S.A. figura en la relación de queserías de la D.O.P. Queso Zamorano publicada por Alimentos de Zamora.,Consultar web o venta directa,,,https://alimentosdezamora.info/Quesos-Queso-Zamorano_ES.html,,,https://www.google.com/maps/search/Queso%20del%20Duero%20S.A.%2C%20Zamora%2C%20Zamora,41.5162772,-5.7736011,2026-05-19,
quesos-campostera-zamora,Quesos Campostera,Zamora,Lácteos y quesos,Queso zamorano Sosiego,"Zamora, Zamora",Quesos Campostera figura en la relación de queserías de la D.O.P. Queso Zamorano publicada por Alimentos de Zamora.,Consultar web o venta directa,,,https://alimentosdezamora.info/Quesos-Queso-Zamorano_ES.html,,,https://www.google.com/maps/search/Quesos%20Campostera%2C%20Zamora%2C%20Zamora,41.8717451,-5.4189849,2026-05-19,
quesos-revilla-coreses,Quesos Revilla,Coreses,Lácteos y quesos,Platería; DOP ZAMORANO LECHE CRUDA,"Polígono Ind. Campo de Aviación, 1 / c/ Comandante Álvarez Raigada, 38, 49530, Coreses, Zamora",Quesos Revilla figura en el directorio oficial del Consejo Regulador de la D.O.P. Queso Zamorano.,Consultar web o venta directa,+34 980 580 114,revilla@quesosrevilla.com,http://www.quesosrevilla.com,https://www.facebook.com/profile.php,https://www.instagram.com/quesosreviques/,https://www.google.com/maps/search/Quesos%20Revilla%2C%20Pol%C3%ADgono%20Ind.%20Campo%20de%20Aviaci%C3%B3n%2C%201%20%2F%20c%2F%20Comandante%20%C3%81lvarez%20Raigada%2C%2038%2C%2049530%2C%20Coreses%2C%20Zamora,41.5485022,-5.6208725,2026-05-19,
agroalimentaria-de-la-guarena-s-l-fuentesauco,Agroalimentaria de la Guareña S.L.,Fuentesaúco,Legumbres,Garbanzo de Fuentesaúco,"Fuentesaúco, Zamora",Agroalimentaria de la Guareña S.L. aparece como elaborador del Garbanzo de Fuentesaúco en Alimentos de Zamora.,Consultar web o venta directa,,,https://alimentosdezamora.info/Legumbres-Garbanzo-De-Fuentesauco_ES.html,,,https://www.google.com/maps/search/Agroalimentaria%20de%20la%20Guare%C3%B1a%20S.L.%2C%20Fuentesa%C3%BAco%2C%20Zamora,41.2306008,-5.4964931,2026-05-19,
alvarez-legumbres-s-l-fuentesauco,"Alvarez Legumbres, S.L.",Fuentesaúco,Legumbres,Garbanzo de Fuentesaúco,"Fuentesaúco, Zamora","Alvarez Legumbres, S.L. aparece como elaborador del Garbanzo de Fuentesaúco en Alimentos de Zamora.",Consultar web o venta directa,,,https://alimentosdezamora.info/Legumbres-Garbanzo-De-Fuentesauco_ES.html,,,https://www.google.com/maps/search/Alvarez%20Legumbres%2C%20S.L.%2C%20Fuentesa%C3%BAco%2C%20Zamora,41.2306008,-5.4964931,2026-05-19,
cooperativa-los-zamoranos-fuentesauco,Cooperativa los Zamoranos,Fuentesaúco,Legumbres,Garbanzo de Fuentesaúco,"Fuentesaúco, Zamora",Cooperativa los Zamoranos aparece como elaborador del Garbanzo de Fuentesaúco en Alimentos de Zamora.,Consultar web o venta directa,,,https://alimentosdezamora.info/Legumbres-Garbanzo-De-Fuentesauco_ES.html,,,https://www.google.com/maps/search/Cooperativa%20los%20Zamoranos%2C%20Fuentesa%C3%BAco%2C%20Zamora,41.2306008,-5.4964931,2026-05-19,
hijo-de-macario-marcos-s-l-fuentesauco,"Hijo de Macario Marcos, S.L.",Fuentesaúco,Legumbres,Garbanzo de Fuentesaúco,"Fuentesaúco, Zamora","Hijo de Macario Marcos, S.L. aparece como elaborador del Garbanzo de Fuentesaúco en Alimentos de Zamora.",Consultar web o venta directa,,,https://alimentosdezamora.info/Legumbres-Garbanzo-De-Fuentesauco_ES.html,,,https://www.google.com/maps/search/Hijo%20de%20Macario%20Marcos%2C%20S.L.%2C%20Fuentesa%C3%BAco%2C%20Zamora,41.2306008,-5.4964931,2026-05-19,
j-pedraz-s-c-fuentesauco,"J. Pedraz, S.C.",Fuentesaúco,Legumbres,Garbanzo de Fuentesaúco,"Fuentesaúco, Zamora","J. Pedraz, S.C. aparece como elaborador del Garbanzo de Fuentesaúco en Alimentos de Zamora.",Consultar web o venta directa,,,https://alimentosdezamora.info/Legumbres-Garbanzo-De-Fuentesauco_ES.html,,,https://www.google.com/maps/search/J.%20Pedraz%2C%20S.C.%2C%20Fuentesa%C3%BAco%2C%20Zamora,41.2306008,-5.4964931,2026-05-19,
legumbres-montes-s-l-fuentesauco,"Legumbres Montes, S.L.",Fuentesaúco,Legumbres,Garbanzo de Fuentesaúco,"Fuentesaúco, Zamora","Legumbres Montes, S.L. aparece como elaborador del Garbanzo de Fuentesaúco en Alimentos de Zamora.",Consultar web o venta directa,,,https://alimentosdezamora.info/Legumbres-Garbanzo-De-Fuentesauco_ES.html,,,https://www.google.com/maps/search/Legumbres%20Montes%2C%20S.L.%2C%20Fuentesa%C3%BAco%2C%20Zamora,41.2306008,-5.4964931,2026-05-19,
legumer-precocinados-s-l-fuentesauco,"Legumer Precocinados, S.L.",Fuentesaúco,Legumbres,Garbanzo de Fuentesaúco,"Fuentesaúco, Zamora","Legumer Precocinados, S.L. aparece como elaborador del Garbanzo de Fuentesaúco en Alimentos de Zamora.",Consultar web o venta directa,,,https://alimentosdezamora.info/Legumbres-Garbanzo-De-Fuentesauco_ES.html,,,https://www.google.com/maps/search/Legumer%20Precocinados%2C%20S.L.%2C%20Fuentesa%C3%BAco%2C%20Zamora,41.2306008,-5.4964931,2026-05-19,
chocolate-refart-zamora,Chocolate Refart,Zamora,Miel,Obrador artesano,"Ctra. de la Aldehuela, 23, Vivero de empresas. Nave-9, 49021 Zamora","Chocolate Refart , es un obrador artesano donde elaboramos productos derivados del cacao tales como, tabletas, bombones, turrones, chocolatinas, piruletas, etc. Personalizamos nuestras recetas de chocolate a partir de una selección de las mejores habas de cacao de todo el mundo. El 100% de nuestros chocolates están elaborados con habas de cacao de origen...",Consultar web o venta directa,669554362,info@chocolaterefart.com,https://www.chocolaterefart.com/,https://www.facebook.com/chocolaterefart,https://www.instagram.com/chocolaterefart/,https://www.google.com/maps/search/Chocolate%20Refart%2C%20Ctra.%20de%20la%20Aldehuela%2C%2023%2C%20Vivero%20de%20empresas.%20Nave-9%2C%2049021%20Zamora,41.5113982,-5.7246372,2026-05-19,
miel-fuente-la-muela-san-juan-del-rebollar,Miel Fuente la Muela,San Juan del Rebollar,Miel,Auténtica miel artesanal,"C/Barrio Nuevo, 15A., 49525 – San Juan del Rebollar, Zamora.","Somos Miel Fuente la Muela de San Juan del Rebollar y municipio de San Vitero provincia de Zamora, llevamos mas de diez años desde que empezamos con este mundo tan interesante y sorprendente que poco a poco hemos ido aumentando la producción siempre con la calidad y trazabilidad adecuadas., En nuestras colmenas creamos sólo miel de abeja de pura calidad,...",Consultar web o venta directa,669005301 / 696245912,info@mielfuentelamuela.com,http://www.mielfuentelamuela.com,https://www.facebook.com/miel.fuentelamuela,https://www.instagram.com/mielfuentelamuela/,https://www.google.com/maps/search/Miel%20Fuente%20la%20Muela%2C%20C%2FBarrio%20Nuevo%2C%2015A.%2C%2049525%20%E2%80%93%20San%20Juan%20del%20Rebollar%2C%20Zamora.,41.7495129,-6.3532048,2026-05-19,
singular-by-grenoucerie-zamora,Singular by Grenoucerie,Zamora,Pescados y mariscos,Ancas de rana,"Zamora, Zamora","Empresa zamorana dedicada a proveer ancas de rana de calidad europea. Somos únicos en España con una especializada e íntegramente basada en carne de rana; ya que hemos desarrollado otros productos gourmet elaborados con esta materia prima. Dentro del amplio y diverso patrimonio gastronómico de nuestro recetario, las ancas de rana tienen su lugar y...",Consultar web o venta directa,980982309 / 622327114,singular@ancasderana.com,https://ancasderana.com/,https://www.facebook.com/singularbygrenoucerie/,https://www.instagram.com/singularbygrenoucerie/,https://www.google.com/maps/search/Singular%20by%20Grenoucerie%2C%20Zamora%2C%20Zamora,41.5162772,-5.7736011,2026-05-19,
conservas-anda-s-l-zamora,Conservas Anda S.L.,Zamora,Setas y hongos,Setas de Castilla y León,"Zamora, Zamora",Conservas Anda S.L. aparece como empresa transformadora en la ficha de Setas de Castilla y León de Alimentos de Zamora.,Consultar web o venta directa,,,https://alimentosdezamora.info/Setas-Setas-De-Castilla-y-Leon_ES.html,,,https://www.google.com/maps/search/Conservas%20Anda%20S.L.%2C%20Zamora%2C%20Zamora,41.5162772,-5.7736011,2026-05-19,
conservas-gabemar-s-l-zamora,Conservas Gabemar S.L.,Zamora,Setas y hongos,Setas de Castilla y León,"Zamora, Zamora",Conservas Gabemar S.L. aparece como empresa transformadora en la ficha de Setas de Castilla y León de Alimentos de Zamora.,Consultar web o venta directa,,,https://alimentosdezamora.info/Setas-Setas-De-Castilla-y-Leon_ES.html,,,https://www.google.com/maps/search/Conservas%20Gabemar%20S.L.%2C%20Zamora%2C%20Zamora,41.5162772,-5.7736011,2026-05-19,
conservas-vegetales-faundez-s-l-zamora,"Conservas Vegetales Faúndez, S.L.",Zamora,Setas y hongos,Setas de Castilla y León,"Zamora, Zamora","Conservas Vegetales Faúndez, S.L. aparece como empresa transformadora en la ficha de Setas de Castilla y León de Alimentos de Zamora.",Consultar web o venta directa,,,https://alimentosdezamora.info/Setas-Setas-De-Castilla-y-Leon_ES.html,,,https://www.google.com/maps/search/Conservas%20Vegetales%20Fa%C3%BAndez%2C%20S.L.%2C%20Zamora%2C%20Zamora,41.5162772,-5.7736011,2026-05-19,
ecoespora-el-pinero,ECOESPORA,El Piñero,Setas y hongos,"Cultivo, transformación y comercialización","Avda. Diputación Nº 7, 49715 El Piñero, Zamora","Ecoespora es una empresa dedicada al cultivo, transformación y comercialización de setas ubicada en El Piñero (Zamora). Para ofrecer calidad, su cultivo requiere especial cuidado y dedicación . Su semilla se germina el alpacas. Cuatro salas de producción llenas de ellas con las condiciones adecuadas de luz, humedad y ventilación., A día de hoy, produce y...",Consultar web o venta directa,618508423,lorenaalonsoperalba05@gmail.com,https://exquisiteza.es/productores/ecoespora/,,https://www.instagram.com/ecoespora/,https://www.google.com/maps/search/ECOESPORA%2C%20Avda.%20Diputaci%C3%B3n%20N%C2%BA%207%2C%2049715%20El%20Pi%C3%B1ero%2C%20Zamora,41.3541471,-5.5873633,2026-05-19,
eurohongo-s-l-zamora,Eurohongo S.L.,Zamora,Setas y hongos,Setas de Castilla y León,"Zamora, Zamora",Eurohongo S.L. aparece como empresa transformadora en la ficha de Setas de Castilla y León de Alimentos de Zamora.,Consultar web o venta directa,,,https://alimentosdezamora.info/Setas-Setas-De-Castilla-y-Leon_ES.html,,,https://www.google.com/maps/search/Eurohongo%20S.L.%2C%20Zamora%2C%20Zamora,41.5162772,-5.7736011,2026-05-19,
frutas-silvestres-y-setas-s-l-zamora,Frutas silvestres y setas S.L.,Zamora,Setas y hongos,Setas de Castilla y León,"Zamora, Zamora",Frutas silvestres y setas S.L. aparece como empresa transformadora en la ficha de Setas de Castilla y León de Alimentos de Zamora.,Consultar web o venta directa,,,https://alimentosdezamora.info/Setas-Setas-De-Castilla-y-Leon_ES.html,,,https://www.google.com/maps/search/Frutas%20silvestres%20y%20setas%20S.L.%2C%20Zamora%2C%20Zamora,41.5162772,-5.7736011,2026-05-19,
hongos-de-zamora-s-l-zamora,Hongos de Zamora S.L.,Zamora,Setas y hongos,Setas de Castilla y León,"Zamora, Zamora",Hongos de Zamora S.L. aparece como empresa transformadora en la ficha de Setas de Castilla y León de Alimentos de Zamora.,Consultar web o venta directa,,,https://alimentosdezamora.info/Setas-Setas-De-Castilla-y-Leon_ES.html,,,https://www.google.com/maps/search/Hongos%20de%20Zamora%20S.L.%2C%20Zamora%2C%20Zamora,41.5162772,-5.7736011,2026-05-19,
micozamora-gourmet-s-l-l-zamora,Micozamora Gourmet S.L.L,Zamora,Setas y hongos,Setas de Castilla y León,"Zamora, Zamora",Micozamora Gourmet S.L.L aparece como empresa transformadora en la ficha de Setas de Castilla y León de Alimentos de Zamora.,Consultar web o venta directa,,,https://alimentosdezamora.info/Setas-Setas-De-Castilla-y-Leon_ES.html,,,https://www.google.com/maps/search/Micozamora%20Gourmet%20S.L.L%2C%20Zamora%2C%20Zamora,41.5162772,-5.7736011,2026-05-19,
nando-silvestre-s-l-zamora,Nando Silvestre S.L.,Zamora,Setas y hongos,Setas de Castilla y León,"Zamora, Zamora",Nando Silvestre S.L. aparece como empresa transformadora en la ficha de Setas de Castilla y León de Alimentos de Zamora.,Consultar web o venta directa,,,https://alimentosdezamora.info/Setas-Setas-De-Castilla-y-Leon_ES.html,,,https://www.google.com/maps/search/Nando%20Silvestre%20S.L.%2C%20Zamora%2C%20Zamora,41.5162772,-5.7736011,2026-05-19,
natur-silver-zamora,Natur Silver,Zamora,Setas y hongos,Setas de Castilla y León,"Zamora, Zamora",Natur Silver aparece como empresa transformadora en la ficha de Setas de Castilla y León de Alimentos de Zamora.,Consultar web o venta directa,,,https://alimentosdezamora.info/Setas-Setas-De-Castilla-y-Leon_ES.html,,,https://www.google.com/maps/search/Natur%20Silver%2C%20Zamora%2C%20Zamora,41.5162772,-5.7736011,2026-05-19,
prodeza-s-l-zamora,Prodeza S.L.,Zamora,Setas y hongos,Setas de Castilla y León,"Zamora, Zamora",Prodeza S.L. aparece como empresa transformadora en la ficha de Setas de Castilla y León de Alimentos de Zamora.,Consultar web o venta directa,,,https://alimentosdezamora.info/Setas-Setas-De-Castilla-y-Leon_ES.html,,,https://www.google.com/maps/search/Prodeza%20S.L.%2C%20Zamora%2C%20Zamora,41.5162772,-5.7736011,2026-05-19,
productos-silvestres-sierra-de-la-culebra-s-l-zamora,Productos Silvestres Sierra de la Culebra S.L.,Zamora,Setas y hongos,Setas de Castilla y León,"Zamora, Zamora",Productos Silvestres Sierra de la Culebra S.L. aparece como empresa transformadora en la ficha de Setas de Castilla y León de Alimentos de Zamora.,Consultar web o venta directa,,,https://alimentosdezamora.info/Setas-Setas-De-Castilla-y-Leon_ES.html,,,https://www.google.com/maps/search/Productos%20Silvestres%20Sierra%20de%20la%20Culebra%20S.L.%2C%20Zamora%2C%20Zamora,41.5162772,-5.7736011,2026-05-19,
