slug,nombre,municipio,categoria,productos estrella,direccion,descripcion,horario,telefono,correo,web,Facebook,Instagram,Google Maps,lat,lon,imagen,verificacion,Venta online,Canal de venta,categorias adicionales
aranberry-plantacion-de-arandanos-venta-de-arandanos-frescos-zumo-de-arandanos-orujo-y-mermelada,Aranberry,Helguera,Fruta y verdura,"Arándanos frescos, zumo, licor y mermelada","Bo. la Torre, 2, 39860 Helguera, Cantabria, Spain",Plantación de arándanos de Rasines con elaborados propios y tienda online.,,+34638536227,,https://aranberry.com/,,,https://www.google.com/maps/search/?api=1&query=ARANBERRY%20Plantaci%C3%B3n%20de%20ar%C3%A1ndanos.%20Venta%20de%20ar%C3%A1ndanos%20frescos%2C%20zumo%20de%20ar%C3%A1ndanos%2C%20orujo%20y%20mermelada&query_place_id=ChIJ7Z3tK6PCTg0RzkAGcILd_n8,43.2948302,-3.4289173,,verificado,sí,ecommerce,
bodega-bahia-de-santander,Bodega Bahía de Santander,Ribamontán al Mar,Vino,Vino y licores,"Diseminado Castanedo, 55, 39150, Cantabria, Spain","Productor local de vinos, orujos o licores.",,+34621418433,,https://www.bodegabahiasantander.com/,,https://www.instagram.com/bodegabahiasantander/,https://www.google.com/maps/search/?api=1&query=Bodega%20Bah%C3%ADa%20de%20Santander&query_place_id=ChIJBzjCRgC1Tg0RTLdHVpfCPkU,43.44296490000001,-3.685789,,verificado,no comprobado,,
bodega-hortanza,Bodega Hortanza,Trebuesto,Vino,Vino y licores,"39880 Trebuesto, Cantabria, Spain","Productor local de vinos, orujos o licores.",,+34699791449,,https://hortanza.com/,,https://www.instagram.com/hortanza/,https://www.google.com/maps/search/?api=1&query=Bodega%20Hortanza&query_place_id=ChIJsSVFwk3vTg0RrN397BREiGo,43.3329288,-3.3117425,/productores/es/cantabria/cantabria/bodega-hortanza.webp,verificado,sí,marketplace,
bodega-picos-de-cabariezo,Bodega Picos De Cabariezo,Cabezón de Liébana,Vino,Vino y licores,"Lugar Barrio, Pob. Cabariezo, 0 S N, 39571 Cabezón de Liébana, Cantabria, Spain","Productor local de vinos, orujos o licores.",,+34942735177,,https://vinosylicorespicos.es/,,https://www.instagram.com/bodega_picos_de_cabariezo/,https://www.google.com/maps/search/?api=1&query=Bodega%20Picos%20De%20Cabariezo&query_place_id=ChIJPwcFYEeySQ0RCKKH4B4EtMY,43.1410297,-4.589925099999999,/productores/es/cantabria/cantabria/bodega-picos-de-cabariezo.webp,verificado,sí,marketplace,
bodega-y-vinedo-senorio-del-pas,Bodega y Viñedo Señorío del Pas,Villafufre,Vino,Vino y licores,"Cam. de Villafufre, 39638 Villafufre, Cantabria, Spain","Productor local de vinos, orujos o licores.",,+34630543351,,http://www.senoriodelpas.es/,,https://www.instagram.com/bodegasenoriodelpas/,https://www.google.com/maps/search/?api=1&query=Bodega%20y%20Vi%C3%B1edo%20Se%C3%B1or%C3%ADo%20del%20Pas&query_place_id=ChIJJccCayEwSQ0RSKqG3dNrpyI,43.267506,-3.882241,,verificado,no comprobado,,
bodegas-behetria,Bodegas Behetría,Villayuso de Cieza,Vino,Vino y licores,"39407 Villayuso de Cieza, Cantabria, Spain","Productor local de vinos, orujos o licores.",,+34609459398,,http://bodegasbehetria.es/,,,https://www.google.com/maps/search/?api=1&query=Bodegas%20Behetr%C3%ADa&query_place_id=ChIJ7biTHmEYSQ0RrWjV-i608KY,43.222285,-4.0878719,,parcial,no comprobado,,
bodegas-igarmi-s-l,Bodegas Igarmi S.L.,Heras,Vino,Vino y licores,"Poligono Industrial de Heras, 311, 39792 Heras, Cantabria, Spain","Productor local de vinos, orujos o licores.",,+34942540272,info@bodegasigarmi.com,https://bodegasigarmi.com/,,https://www.instagram.com/bodegas_igarmi/,https://www.google.com/maps/search/?api=1&query=Bodegas%20Igarmi%20S.L.&query_place_id=ChIJkQgIJbk1SQ0RomyQqB5ObUw,43.395662,-3.8011327,/productores/es/cantabria/cantabria/bodegas-igarmi-s-l.webp,verificado,no comprobado,,
bodegas-sel-d-aiz,Bodegas Sel D'Aiz,Castillo Pedroso,Vino,Vino y licores,"Bº Cotorral s/n, 39699 Castillo Pedroso, Cantabria, Spain","Productor local de vinos, orujos o licores.",,+34600549586,,https://www.seldaiz.com/,,https://www.instagram.com/bodegasseldaiz/,https://www.google.com/maps/search/?api=1&query=Bodegas%20Sel%20D%27Aiz&query_place_id=ChIJYRDyeUEkSQ0R8mWVQm6G-5o,43.2069667,-3.963662,/productores/es/cantabria/cantabria/bodegas-sel-d-aiz.webp,verificado,no comprobado,,
bodegas-vidular,Bodegas Vidular,Bárcena de Cicero,Vino,Vino y licores,"Bo. Vidular, 7, 39761 Bárcena de Cicero, Cantabria, Spain","Productor local de vinos, orujos o licores.",,+34619710302,,https://www.bodegasvidular.es/,,https://www.instagram.com/enoturismoencantabria/,https://www.google.com/maps/search/?api=1&query=Bodegas%20Vidular&query_place_id=ChIJ____AjrBTg0R7Z3Jk00QOts,43.3777505,-3.5291807,/productores/es/cantabria/cantabria/bodegas-vidular.webp,verificado,no comprobado,,
bodegas-vina-carmina-16,Bodegas VIÑA CARMINA 16,Vargas,Vino,Vino y licores,"Bo. El Ángel, 42, 39679 Vargas, Cantabria, Spain","Productor local de vinos, orujos o licores.",,+34650424005,info@vinacarmina.com,http://www.viñacarmina.com/,,https://www.instagram.com/vinacarmina16/,https://www.google.com/maps/search/?api=1&query=Bodegas%20VI%C3%91A%20CARMINA%2016&query_place_id=ChIJN7VTEDs7SQ0R3zrIbeZzmnA,43.322756,-3.9598695,,verificado,sí,marketplace,
bodegas-y-vinedos-miradorio-de-ruiloba,Bodegas y Viñedos Miradorio de Ruiloba,La Iglesia,Vino,Vino y licores,"Ctra. Liandres al, 39527 La Iglesia, Cantabria, Spain","Productor local de vinos, orujos o licores.",,+34682728377,,https://miradorio.com/,,https://www.instagram.com/miradoriobodega/,https://www.google.com/maps/search/?api=1&query=Bodegas%20y%20Vi%C3%B1edos%20Miradorio%20de%20Ruiloba&query_place_id=ChIJlSQbFEANSQ0RZA_9MkmHrhI,43.3867383,-4.252953499999999,/productores/es/cantabria/cantabria/bodegas-y-vinedos-miradorio-de-ruiloba.webp,verificado,sí,ecommerce,
destileria-sierra-del-oso,Destilería Sierra del Oso,Ojedo,Destilados y licores,Vino y licores,"C. Riega de la Iglesia, 39584 Ojedo, Cantabria, Spain","Productor local de vinos, orujos o licores.",,+34942732015,,https://sierradeloso.com/,,https://www.instagram.com/sierradeloso.oficial/,https://www.google.com/maps/search/?api=1&query=Destiler%C3%ADa%20Sierra%20del%20Oso&query_place_id=ChIJl___v36xSQ0RF3_ufJx-8y0,43.1661872,-4.6033802,/productores/es/cantabria/cantabria/destileria-sierra-del-oso.webp,verificado,sí,ecommerce,
orujo-el-sonozal,Orujo El Sonozal,Ojedo,Destilados y licores,Vino y licores,"Calle Ojedo, 0, 39584 Ojedo, Cantabria, Spain","Productor local de vinos, orujos o licores.",,+34942730922,,https://orujoelsonozal.webnode.es/,,,https://www.google.com/maps/search/?api=1&query=Orujo%20El%20Sonozal&query_place_id=ChIJbXjskaqxSQ0RaXoNrDP_CAM,43.1619941,-4.6089335,/productores/es/cantabria/cantabria/orujo-el-sonozal.webp,verificado,sí,marketplace,
orujo-marrubio-bodega-y-destileria,Orujo Marrubio · Bodega y Destilería,Frama,Destilados y licores,Vino y licores,"Pob. Frama, 60, 39573 Frama, Cantabria, Spain","Productor local de vinos, orujos o licores.",,+34615096938,,https://www.marrubio.es/,,,https://www.google.com/maps/search/?api=1&query=Orujo%20Marrubio%20%C2%B7%20Bodega%20y%20Destiler%C3%ADa&query_place_id=ChIJjf8O_9ezSQ0Rbehnk6X2BRo,43.1472907,-4.5938496,,verificado,sí,marketplace,
orujo-y-licores-valle-de-bedoya,Orujo y Licores Valle de Bedoya,Esanos,Destilados y licores,Vino y licores,"39583 Esanos, Cantabria, Spain","Productor local de vinos, orujos o licores.",,+34924744297,,https://orujovalledebedoya.blogspot.com/,,,https://www.google.com/maps/search/?api=1&query=Orujo%20y%20Licores%20Valle%20de%20Bedoya&query_place_id=ChIJcx4IUt2xSQ0Rc-3ZRr2VGAs,43.180946,-4.572481,/productores/es/cantabria/cantabria/orujo-y-licores-valle-de-bedoya.webp,verificado,sí,marketplace,
orujos-el-coteron,Orujos El Coterón,Argüébanes,Destilados y licores,Vino y licores,"Barrio el Cotillo s/n, 39586 Argüébanes, Cantabria, Spain","Productor local de vinos, orujos o licores.",,+34942730876,,https://elcoteron.com/,,https://www.instagram.com/orujoselcoteron/,https://www.google.com/maps/search/?api=1&query=Orujos%20El%20Coter%C3%B3n&query_place_id=ChIJOW_8iLq2SQ0Ro1CCJYmO-EQ,43.1691049,-4.6605792,/productores/es/cantabria/cantabria/orujos-el-coteron.webp,verificado,sí,ecommerce,
cafe-pindio,Cafe Pindio,Reinosa,Café,Café tostado,"C/ Calderería 49A, Polígono Industrial La Vega, 39200 Reinosa, Cantabria, Spain",Tostador local de café.,,+34683136516,contacto@cafepindio.com,https://cafepindio.es/,,https://www.instagram.com/cafepindio/,https://www.google.com/maps/search/?api=1&query=Cafe%20Pindio&query_place_id=ChIJJVDj-8rnSA0Rg6ovdPxWmig,42.9935284,-4.1326186,/productores/es/cantabria/cantabria/cafe-pindio.webp,verificado,sí,ecommerce,
cervezas-dougall-s,Cervezas DouGall's,Liérganes,Cerveza,Cerveza artesana,"Bo. la Vega, 51, 39722 Liérganes, Cantabria, Spain",Productor local de cerveza artesana.,,+34942528958,web@dougalls.es,https://www.dougalls.es/,,https://www.instagram.com/cervezadougalls/,https://www.google.com/maps/search/?api=1&query=Cervezas%20DouGall%27s&query_place_id=ChIJHTtkK1MzSQ0RtJYyf-MW6X4,43.33475259999999,-3.7440571,/productores/es/cantabria/cantabria/cervezas-dougall-s.webp,verificado,sí,ecommerce,
cervezas-la-grua-i-fabrica-de-cervezas,Cervezas La Grúa I Fábrica de Cervezas,Pontejos,Cerveza,Cerveza artesana,"Barrio El Otero Poligono Industrial 230N, nave 6, 39618 Pontejos, Cantabria, Spain",Productor local de cerveza artesana.,,+34698933107,,https://www.cervezaslagrua.com/,,https://www.instagram.com/lagruabrewhouse/,https://www.google.com/maps/search/?api=1&query=Cervezas%20La%20Gr%C3%BAa%20I%20F%C3%A1brica%20de%20Cervezas&query_place_id=ChIJP52zgpE1SQ0RT9UjB060jtw,43.4109629,-3.7888309,/productores/es/cantabria/cantabria/cervezas-la-grua-i-fabrica-de-cervezas.webp,verificado,sí,ecommerce,
cervezas-somavilla,Cervezas Somavilla,Ribamontán al Mar,Cerveza,Cerveza artesana,"Diseminado Carriazo, 7, 39150, Cantabria, Spain",Productor local de cerveza artesana.,,+34666525642,,https://www.cervezasrockerbeer.es/,,https://www.instagram.com/cervezas.rockerbeer/,https://www.google.com/maps/search/?api=1&query=Cervezas%20Somavilla&query_place_id=ChIJw4SgHxO1Tg0RA-yJH5HR2us,43.44978760000001,-3.6780029,,verificado,sí,marketplace,
fabrica-de-cerveza-el-camino,Fabrica de cerveza El Camino,Santa Cruz de Bezana,Cerveza,Cerveza artesana,"Avenida, 34, Nave 3B, 39100 Santa Cruz de Bezana, Cantabria, Spain",Productor local de cerveza artesana.,,+34942291194,info@cantabrew.es,http://cantabrew.es/,https://www.facebook.com/ELCAMINOCERVEZA/,https://www.instagram.com/elcaminocerveceria/,https://www.google.com/maps/search/?api=1&query=Fabrica%20de%20cerveza%20El%20Camino&query_place_id=ChIJtxxhW4VHSQ0RuaXIxJjJEwk,43.4351102,-3.9106361,,verificado,sí,ecommerce,
fabrica-de-cerveza-smach,Fábrica de Cerveza Smach,Camargo,Cerveza,Cerveza artesana,"Calle Fragata, 5, 39600 Camargo, Cantabria, Spain",Productor local de cerveza artesana.,,+34619809201,info@smach.es,https://www.smach.es/,,https://www.instagram.com/cervezasmach/,https://www.google.com/maps/search/?api=1&query=F%C3%A1brica%20de%20Cerveza%20Smach&query_place_id=ChIJeyH5IfdJSQ0ReAPf7oqWhdk,43.4317169,-3.8286461,,verificado,sí,whatsapp,
redneck-brewery,Redneck Brewery,Reocín,Cerveza,Cerveza artesana,"Poligono Parque Empresarial Besaya, 41, D, 39538 Reocín, Cantabria, Spain",Productor local de cerveza artesana.,,+34696118257,info@redneck.es,https://redneckbrewery.myshopify.com/,,https://www.instagram.com/redneckbrewery/,https://www.google.com/maps/search/?api=1&query=Redneck%20Brewery&query_place_id=ChIJ4yqsa3YWSQ0RAbBaSrl4Zvg,43.3321072,-4.096176,/productores/es/cantabria/cantabria/redneck-brewery.webp,verificado,sí,ecommerce,
carnicas-campurriana-sl,Cárnicas Campurriana Sl,Reinosa,Carne,"Embutidos frescos, cocidos y curados","Polígono de La Vega, 174, 39200 Reinosa, Cantabria","Cárnicas Campurrianas elabora embutidos frescos, cocidos y curados y realiza despiece, corte y fileteado de carnes en Reinosa.",,+34942751566,administracion@carnicascampurrianas.es,https://carnicascampurrianas.es/,,,https://www.google.com/maps/search/?api=1&query=C%C3%A1rnicas%20Campurriana%20Sl&query_place_id=ChIJSd70ZpPmSA0R4WmSoMzxu74,42.9987192,-4.1284293,/productores/es/cantabria/cantabria/carnicas-campurriana-sl.webp,verificado,no comprobado,,
carnicas-patino-carniceria,Cárnicas Patiño,La Cavada,Carne,Sala de despiece y carnicería,"Av. Alisas, 4, 39720 La Cavada, Cantabria, Spain",Carnicería de La Cavada con rastro público de sala de despiece; queda parcial al faltar una fuente propia actual que acredite elaboración vigente.,,+34942539305,,,,,https://www.google.com/maps/search/?api=1&query=C%C3%A1rnicas%20Patino.%20Carnicer%C3%ADa&query_place_id=ChIJfwWTOXnLTg0Rq73BaFZTtPE,43.3522798,-3.7064407,,parcial,no comprobado,,
carnicas-sito,Cárnicas Sito,Torrelavega,Carne,Elaborados cárnicos y preparados,"Av. Solvay, N80, 39300 Torrelavega, Cantabria, Spain",Cárnicas Sito es la carnicería y obrador de Miguel Estrada con elaborados propios y productos para hostelería en Torrelavega.,,+34942892649,info@carnicassito.com,https://carnicassito.com/,,,https://www.google.com/maps/search/?api=1&query=C%C3%A1rnicas%20Sito&query_place_id=ChIJSbRQcx4VSQ0RMMPzu3WnGjU,43.3703046,-4.042115799999999,/productores/es/cantabria/cantabria/carnicas-sito.webp,verificado,no comprobado,,
carniceria-abel,Carnicería Abel,Santiurde de Toranzo,Carne,Albóndigas caseras y elaborados de carnicería,"Bo. Iruz, 88, 39691 Santiurde de Toranzo, Cantabria, Spain",Carnicería Abel elabora preparados caseros en Iruz y mantiene presencia social propia.,,+34942596109,,,https://www.facebook.com/carniceriaabel/,https://www.instagram.com/carniceria.abel/,https://www.google.com/maps/search/?api=1&query=Carnicer%C3%ADa%20Abel&query_place_id=ChIJS2OcDds6SQ0RE5U0buxdFpA,43.27603209999999,-3.9413988,,verificado,no comprobado,,
carniceria-alberto,Carnicería Alberto,Cabezón de la Sal,Carne,"Embutidos caseros, cachopos y carnes de Cantabria","Av. Poeta José Hierro, 39500 Cabezón de la Sal, Cantabria, Spain",Carnicería Alberto publica elaborados caseros y carnes de Cantabria desde su perfil social de Cabezón de la Sal.,,+34942105426,,,https://www.facebook.com/carniceria.alberto1/,,https://www.google.com/maps/search/?api=1&query=Carnicer%C3%ADa%20Alberto&query_place_id=ChIJmxDULCAOSQ0Ri0bhpU3brPU,43.3085968,-4.2356982,,verificado,no comprobado,,
carniceria-angel-entrambasaguas,Carnicería Ángel Entrambasaguas,Entrambasaguas,Carne,Ternera de Cantabria y elaborados caseros,"Bº El Cruce, 12 bajo, 39715 Entrambasaguas, Cantabria",Carnicería Ángel vende ternera de Cantabria de ganadería propia y elaborados caseros con tienda online.,,+34942525398,info@carniceriaangel.es,https://carniceriaangel.es/,,https://www.instagram.com/carniceriaangelentrambasaguas/,https://www.google.com/maps/search/?api=1&query=Carnicer%C3%ADa%20Angel%20Entrambasaguas&query_place_id=ChIJKdNGQcjLTg0REw4cVEZsSvs,43.3779545,-3.6810905,/productores/es/cantabria/cantabria/carniceria-angel-entrambasaguas.webp,verificado,sí,ecommerce,
carniceria-anton,Carnicería Antón,Santander,Carne,"Hamburguesas gourmet, cachopos caseros y carnes maduradas","C. Cubo, 4, 39001 Santander, Cantabria, Spain",Carnicería Antón elabora hamburguesas gourmet y cachopos caseros en Santander y acepta pedidos remotos por teléfono.,,+34942215067,,https://antoncarniceria.com/,https://www.facebook.com/Carnicer%C3%ADa-Ant%C3%B3n-1490509057835200/,https://www.instagram.com/carniceria_anton/,https://www.google.com/maps/search/?api=1&query=Carnicer%C3%ADa%20Ant%C3%B3n&query_place_id=ChIJiY8X8ctLSQ0RL3nyhSp2DoM,43.462938,-3.809105599999999,,verificado,sí,telefono,
carniceria-charcuteria-la-venta,Carnicería La Venta,Revilla,Carne,Cachopos artesanos y packs de carne,"Calle La Venta, 77, 39600 Revilla, Cantabria, Spain",Carnicería La Venta elabora cachopos y preparados cárnicos con tienda online propia bajo Cachopos Online.,,+34942258368,,https://www.cachoposonline.com/,,,https://www.google.com/maps/search/?api=1&query=Carniceria%20Charcuteria%20La%20Venta&query_place_id=ChIJ6_XFfrM3SQ0RaexErn4lI-8,43.3941735,-3.8678608,/productores/es/cantabria/cantabria/carniceria-charcuteria-la-venta.webp,verificado,sí,ecommerce,
carniceria-cuca-santiurde,Carnicería Cuca,Santiurde de Reinosa,Carne,"Carne de Tudanca, chorizo y curados","Carretera General, C. Santiurde de Reinosa, 39490 Santiurde de Reinosa, Cantabria, Spain",Carnicería Cuca elabora chorizo y curados y vende carnes y productos de Campoo desde su tienda online.,,+34942778644,,https://www.carniceriacuca.es/,,,https://www.google.com/maps/search/?api=1&query=Carnicer%C3%ADa%20Cuca%20Santiurde&query_place_id=ChIJg_-AHongSA0RTRgoP_o3byA,43.0596817,-4.082768199999999,/productores/es/cantabria/cantabria/carniceria-cuca-santiurde.webp,verificado,sí,ecommerce,
carniceria-ecologica-las-nieves,Carnicería Ecológica Las Nieves,Selaya,Carne,Ternera ecológica de ganadería propia,"Pl. de Baco, 8, 39696 Selaya, Cantabria, Spain",Carnicería Ecológica Las Nieves vende carne ecológica de su propia ganadería y acepta pedidos por teléfono.,,+34675795645,,https://carniceriaecologicalasnieves.es/,https://www.facebook.com/carniceriaecologicalasnieves/,https://www.instagram.com/carniceria_ecologica_las_nieves/,https://www.google.com/maps/search/?api=1&query=Carniceria%20Ecologica%20Las%20Nieves&query_place_id=ChIJjfukoDksSQ0RUMpbIO6Epso,43.21483569999999,-3.806462299999999,/productores/es/cantabria/cantabria/carniceria-ecologica-las-nieves.webp,verificado,sí,telefono,
carniceria-en-santander-la-alqueria,Carnicería La Alquería,Santander,Carne,Packs de carne y preparados artesanales,"C. Fernando de los Ríos, 2A, 39005 Santander, Cantabria, Spain",Carnicería La Alquería prepara packs y elaborados cárnicos artesanales con pedidos por tienda y WhatsApp.,,+34942050575,,https://carnicerialaalqueria.com/,,https://www.instagram.com/carnicerialaalqueria/,https://www.google.com/maps/search/?api=1&query=Carniceria%20En%20Santander%20-%20La%20Alqueria&query_place_id=ChIJIzMxhKVLSQ0RbDpPdzOchsY,43.4695157,-3.7913276,,verificado,sí,ecommerce|whatsapp,
carniceria-eno,Carnicería Eño,Villacarriedo,Carne,"Chorizo, chistorra y elaborados artesanales","Plaza de Jacobo Roldán Losada, 3 bajo, 39640 Villacarriedo, Cantabria, Spain",Carnicería Eño transforma en su propia carnicería productos cárnicos artesanales vinculados a los Valles Pasiegos.,,+34942590067,,,https://www.facebook.com/p/Carnicer%C3%ADas-E%C3%B1o-100063643387410/,,https://www.google.com/maps/search/?api=1&query=Carnicer%C3%ADa%20E%C3%B1o&query_place_id=ChIJ2U9QsTksSQ0RZ3fqK7lybik,43.2286682,-3.810543099999999,,verificado,no comprobado,,
carniceria-equina-fidel-navarro,Carnicería Equina Fidel Navarro,Camargo,Carne,Carne de potro de ganadería propia,"C. Hermandad de Donantes de Sangre, 2, 39600 Camargo, Cantabria, Spain",Carnicería Equina Fidel Navarro cría sus propios potros y vende carne equina desde Maliaño con tienda online.,,+34626190892,,https://www.carniceriaequinafidelnavarro.com/,,,https://www.google.com/maps/search/?api=1&query=Carnicer%C3%ADa%20Equina%20Fidel%20Navarro&query_place_id=ChIJj21EMA03SQ0RQkAll5yGI2M,43.4188766,-3.8454126,/productores/es/cantabria/cantabria/carniceria-equina-fidel-navarro.webp,verificado,sí,ecommerce|telefono,
carniceria-guillermo,Carnicería Guillermo - Ibio Limusín,Villanueva de la Peña,Carne,Carne de vacuno Limusín de ganadería propia,"barrio, Los Llaos, 39509 Villanueva de la Peña, Cantabria, Spain","Carnicería ligada a Ibio Limusín, proyecto ganadero y cárnico cántabro con producción propia de vacuno Limusín.",,+34942708407,,http://www.ibiolimusin.es/,,,https://www.google.com/maps/search/?api=1&query=Carnicer%C3%ADa%20Guillermo&query_place_id=ChIJEWMRZXYRSQ0RMCAwtj-4tOI,43.3163438,-4.1903182,/productores/es/cantabria/cantabria/carniceria-guillermo.webp,verificado,no comprobado,,
carniceria-javier,Carnicería Javier,Santander,Carne,Carne natural de Cantabria y elaborados propios,"C. Guevara, 3, 39001 Santander, Cantabria, Spain","Carnicería santanderina con carne de ganadería propia y productores locales, además de elaborados y tienda online.",,+34942070073,,https://carniceriajavier.es/,,https://www.instagram.com/carniceria.javier/,https://www.google.com/maps/search/?api=1&query=Carnicer%C3%ADa%20Javier&query_place_id=ChIJEbHwqs5LSQ0RjLSIY2TDP3E,43.4638184,-3.810003,/productores/es/cantabria/cantabria/carniceria-javier.webp,verificado,sí,ecommerce,
carniceria-jon-y-nagore,Carnicería Jon y Nagore,Ramales de la Victoria,Carne,Carne de ganadería propia y elaborados cárnicos,"Pl. Duques de la Victoria, 3, 39800 Ramales de la Victoria, Cantabria, Spain",Carnicería con sedes en Ampuero y Ramales de la Victoria y ganadería propia para abastecimiento cárnico.,,+34942678408,,https://jonynagore.es/,,,https://www.google.com/maps/search/?api=1&query=Carnicer%C3%ADa%20Jon%20y%20Nagore&query_place_id=ChIJX4njXwDdTg0R28atlu5oFks,43.2579785,-3.4647675,/productores/es/cantabria/cantabria/carniceria-jon-y-nagore.webp,verificado,no comprobado,,
carniceria-juan-teran,Carnicería Juan Terán,Santander,Carne,Carne y elaborados con tienda online,"C. San Martín del Pino, 24, P 3, 39011 Santander, Cantabria, Spain",Carnicería y obrador santanderino con tienda online propia para carnes y elaborados.,,+34942320391,,https://www.juanteran.com/,,https://www.instagram.com/carnijuanteran/,https://www.google.com/maps/search/?api=1&query=Carniceria%20juan%20teran&query_place_id=ChIJe-SHsLBJSQ0RaJ-kePaSd98,43.4447873,-3.8517672,/productores/es/cantabria/cantabria/carniceria-juan-teran.webp,verificado,sí,ecommerce,
carniceria-la-rivera,Carnicería La Rivera,Santander,Carne,Elaborados cárnicos y carne de cercanía,"P.º de Altamira, 52, 39006 Santander, Cantabria, Spain",Carnicería santanderina con elaborados propios y pedidos a domicilio gestionados por teléfono.,,+34722207843,,https://carnicerialarivera.com/,,http://www.instagram.com/carniceria.larivera/,https://www.google.com/maps/search/?api=1&query=Carniceria%20LA%20RIVERA&query_place_id=ChIJAT3XADFLSQ0RAOrzZKqJuUE,43.4688477,-3.7967922,/productores/es/cantabria/cantabria/carniceria-la-rivera.webp,verificado,sí,telefono,
carniceria-lomillos,Carnicería Lomillos,Astillero,Carne,Elaborados caseros y carnes,"C. Tomás Bretón, 9, 39610 Astillero, Cantabria, Spain",Carnicería de El Astillero con productos de elaboración propia y obrador tradicional.,,+34942541642,,https://carnicerialomillos.com/,,,https://www.google.com/maps/search/?api=1&query=Carnicer%C3%ADa%20Lomillos&query_place_id=ChIJtWthXec1SQ0RPNRn_zzc4_0,43.40176659999999,-3.8186653,/productores/es/cantabria/cantabria/carniceria-lomillos.webp,verificado,no comprobado,,
carniceria-los-arroyones,Carnicería Los Arroyones,Ramales de la Victoria,Carne,Carne Limusín de ganadería propia y elaborados,"C. Julián Fuentecilla, 5, 39800 Ramales de la Victoria, Cantabria, Spain",Carnicería de Ramales con ganadería propia y tienda online de carne y elaborados.,,+34942646251,,https://carnicerialosarroyones.com/,,,https://www.google.com/maps/search/?api=1&query=Carnicer%C3%ADa%20Los%20Arroyones&query_place_id=ChIJW-7mqeDcTg0RmyzCFLESlAc,43.2577219,-3.4637963,/productores/es/cantabria/cantabria/carniceria-los-arroyones.webp,verificado,sí,ecommerce,
carniceria-miguel-2,Carnicería Miguel,Cabezón de la Sal,Carne,Carnes y elaborados cárnicos,"C. Matilde de la Torre, 15, 39500 Cabezón de la Sal, Cantabria, Spain","Carnicería de Cabezón de la Sal conservada de forma parcial por rastro local de elaborados, pendiente de fuente propia actual.",,+34942700068,,,,,https://www.google.com/maps/search/?api=1&query=Carniceria%20Miguel&query_place_id=ChIJGdCB-N8RSQ0R1uhKbBZzlH4,43.309066,-4.2338924,,parcial,no comprobado,,
carniceria-pedro-2,Carnicería Pedro,Cabezón de la Sal,Carne,Elaborados artesanos de Tudanca,"Av. de Cantabria, 24, 39500 Cabezón de la Sal, Cantabria, Spain",Carnicería de Cabezón de la Sal con contenidos propios sobre elaborados artesanos de Tudanca.,,+34942701931,,https://carniceria-pedro.com/,,,https://www.google.com/maps/search/?api=1&query=Carnicer%C3%ADa%20Pedro&query_place_id=ChIJ6cn7hN8RSQ0RQvtNy0a5Bz4,43.3076421,-4.2329576,/productores/es/cantabria/cantabria/carniceria-pedro-2.webp,verificado,no comprobado,,
carniceria-quintana,Carnicería Quintana,Cabezón de la Sal,Carne,Carne de vaca Tudanca y elaborados,"Pl. de la Paz, nº11, 39500 Cabezón de la Sal, Cantabria, Spain",Carnicería histórica de Cabezón de la Sal especializada en vaca Tudanca y venta online propia.,,+34942700095,,https://www.carniceriaquintana.com/,,https://www.instagram.com/carniceria_quintana/,https://www.google.com/maps/search/?api=1&query=Carnicer%C3%ADa%20Quintana&query_place_id=ChIJO3eAWB8OSQ0RbpKTAUP9978,43.3078828,-4.2364359,/productores/es/cantabria/cantabria/carniceria-quintana.webp,verificado,sí,ecommerce,
carniceria-rafa-colindres,Carnicería Rafa - Colindres,Colindres,Carne,Elaboración artesanal y productos frescos,"C. Heliodoro Fernández, 13, 39750 Colindres, Cantabria, Spain",Carnicería de Colindres con elaboraciones artesanales publicadas en su web propia.,,+34942674061,,https://www.carniceriarafa.es/,,,https://www.google.com/maps/search/?api=1&query=CARNICERIA%20RAFA%20-%20Colindres&query_place_id=ChIJVSHpSlLATg0RFlZDPrfc91U,43.3969732,-3.4521297,/productores/es/cantabria/cantabria/carniceria-rafa-colindres.webp,verificado,no comprobado,,
carniceria-rivero,Carnicería Rivero,Cabezón de la Sal,Carne,Carnes y elaborados caseros,"C. Hermanos González Cosío, 2, 39500 Cabezón de la Sal, Cantabria, Spain","Carnicería de Cabezón de la Sal conservada parcialmente por rastro local de elaborados, sin fuente propia actual.",,+34942700181,,,,,https://www.google.com/maps/search/?api=1&query=Carnicer%C3%ADa%20Rivero&query_place_id=ChIJeb_WwiEOSQ0Rd_at-ugCpPE,43.3084833,-4.2372477,,parcial,no comprobado,,
carniceria-siglo-xxi,Carnicería Siglo XXI,Colindres,Carne,Carnes y elaborados de carnicería,"39750 Calle PEÑA SAN JUAN N*4, 39750 Colindres, Cantabria, Spain",Carnicería de Colindres con comunicación propia sobre productos y elaboraciones.,,+34942652334,,,https://www.facebook.com/p/Carnicer%C3%ADa-Siglo-XXI-100057497082524/,,https://www.google.com/maps/search/?api=1&query=Carniceria%20Siglo%20Xxi&query_place_id=ChIJ1V2UIubBTg0RQGYoMePHCy0,43.399852,-3.4496983,,verificado,no comprobado,,
carniceria-y-charcuteria-jaime,Carnicería y Charcutería Jaime,Santa Cruz de Bezana,Carne,Productos de elaboración propia,"Travesia San Fernando, 2, 39100 Santa Cruz de Bezana, Cantabria, Spain",Carnicería de Santa Cruz de Bezana con productos de elaboración propia publicados en su web.,,+34942581175,,https://carniceriajaime.com/,,,https://www.google.com/maps/search/?api=1&query=Carnicer%C3%ADa%20y%20Charcuter%C3%ADa%20Jaime&query_place_id=ChIJXa8gv3NISQ0Ry1kx6blDSZ8,43.4401454,-3.8996319,,verificado,no comprobado,,
casa-el-macho,Casa El Macho,Selaya,Pan y cereal,Sobaos pasiegos y quesadas,"C. la Campera, 9, 39696 Llera, Cantabria, Spain","Obrador pasiego de Selaya especializado en sobaos, quesadas y repostería tradicional.",,+34942590219,,https://casaelmacho.com/,,,https://www.google.com/maps/search/?api=1&query=Casa%20El%20Macho&query_place_id=ChIJ5WkTND8sSQ0RaWXs0t_KxFA,43.2128896,-3.8059543,/productores/es/cantabria/cantabria/casa-el-macho.webp,verificado,sí,ecommerce,
elaboracion-de-productos-carnicos-la-casona,Elaboración de Productos Cárnicos La Casona,Astillero,Carne,Elaborados cárnicos tradicionales,"Pol. Ind., 39611 Astillero, Cantabria, Spain",Empresa de El Astillero dedicada a la elaboración de productos cárnicos.,,+34629604140,,https://carnicaslacasona.com/,,https://www.instagram.com/wix/,https://www.google.com/maps/search/?api=1&query=Elaboraci%C3%B3n%20De%20Productos%20C%C3%A1rnicos%20La%20Casona&query_place_id=ChIJjdR4F0A2SQ0Rc4LBGtPMzFQ,43.3989821,-3.8456899,/productores/es/cantabria/cantabria/elaboracion-de-productos-carnicos-la-casona.webp,verificado,no comprobado,,
embutidos-alto-del-cerro,Embutidos Alto del Cerro,La Cavada,Carne,Embutidos artesanos de Cantabria,"Bo. Real Sitio, 12, BAJO, 39720 La Cavada, Cantabria, Spain",Obrador de embutidos de La Cavada con tienda online propia.,,+34649386565,,https://embutidosaltodelcerro.com/,,https://www.instagram.com/embutidosaltodelcerro/,https://www.google.com/maps/search/?api=1&query=Embutidos%20Alto%20del%20Cerro&query_place_id=ChIJCRNJGejLTg0Rq-DYyqapCzg,43.3529613,-3.7078124,/productores/es/cantabria/cantabria/embutidos-alto-del-cerro.webp,verificado,sí,ecommerce,
embutidos-la-pepita-s-l,"Embutidos La Pepita, S.L.",Viérnoles,Carne,Embutidos tradicionales,"Calle La Espina, 26, Polígono Industrial, 39315 Viérnoles, Cantabria, Spain",Empresa familiar de embutidos de Viérnoles; la tienda web estaba caída durante la revisión.,,+34942890591,,https://www.embutidoslapepita.com/,https://www.facebook.com/embutidoslapepita/,https://www.instagram.com/embutidoslapepita/,https://www.google.com/maps/search/?api=1&query=Embutidos%20La%20Pepita%2C%20S.L.&query_place_id=ChIJswL6Xxo9SQ0RbmCgvW8i27w,43.3259104,-4.0406875,/productores/es/cantabria/cantabria/embutidos-la-pepita-s-l.webp,verificado,no comprobado,,
embutidos-la-salada,Embutidos La Salada,Piélagos,Carne,Embutidos tradicionales,"b° los riegos n°5a nave 9, 39478 Arce, Cantabria, Spain","Marca cántabra de embutidos con rastro sectorial, pendiente de fuente propia actual.",,+34609424769,,http://embutidoslasalada.com/,,,https://www.google.com/maps/search/?api=1&query=Embutidos%20La%20Salada&query_place_id=ChIJe3s503c4SQ0ReVTxXChaOj0,43.4158644,-3.9343409,,parcial,no comprobado,,
embutidos-meli-s-l,"Embutidos Meli, S.L.",Golbardo,Carne,Embutidos y productos alimentarios tradicionales,"B La Iglesia s/n, 39590 Golbardo, Cantabria, Spain",Empresa familiar cántabra dedicada a elaborar embutidos y productos alimentarios de forma tradicional.,,+34942816140,,https://embutidosmeli.com/,,,https://www.google.com/maps/search/?api=1&query=Embutidos%20Meli%2C%20s.l.&query_place_id=ChIJz3p8Qq8TSQ0R2gZirtNSuK0,43.3419428,-4.158494699999999,/productores/es/cantabria/cantabria/embutidos-meli-s-l.webp,verificado,no comprobado,,
embutidos-pedro-y-ana-productos-tipicos-de-cantabria,Embutidos Pedro y Ana,Torrelavega,Carne,Productos típicos y embutidos de Cantabria,"Mercado de Abastos de Torrelavega, C. Serafín Escalante, 39300 Torrelavega, Cantabria, Spain",Productor de embutidos y productos típicos de Cantabria con tienda online propia.,,+34942884000,,https://embutidospedroyana.es/,,,https://www.google.com/maps/search/?api=1&query=Embutidos%20Pedro%20Y%20Ana%20%7C%20Productos%20t%C3%ADpicos%20de%20Cantabria&query_place_id=ChIJHTKphBM-SQ0RM1CrE5nQcpM,43.3492317,-4.0492265,/productores/es/cantabria/cantabria/embutidos-pedro-y-ana-productos-tipicos-de-cantabria.webp,verificado,sí,ecommerce,
fabrica-de-embutidos-el-lebaniego,Fábrica de Embutidos El Lebaniego,Tollo,Carne,Embutidos y elaborados cárnicos artesanales,"497H+QX, 39575 Tollo, Cantabria, Spain",Fábrica lebaniega de productos cárnicos artesanales con venta online.,,,,https://ellebaniego.com/,,,https://www.google.com/maps/search/?api=1&query=F%C3%A1brica%20de%20Embutidos%20El%20Lebaniego&query_place_id=ChIJfeYoUgCzSQ0RkTfzoLFZFZo,43.1144766,-4.620022899999999,,verificado,sí,ecommerce,
fabrica-de-embutidos-jose-fernandez,Fábrica de Embutidos José Fernández - Fermartín,Santander,Carne,Embutidos tradicionales y cestas,"barrio Corban nº48, fabrica de embutidos, 39012 Santander, Cantabria, Spain","Fábrica familiar de embutidos vinculada a Fermartín, con elaboración tradicional y tienda online.",,+34942335396,,https://fermartin.es/,,,https://www.google.com/maps/search/?api=1&query=F%C3%A1brica%20De%20Embutidos%20Jos%C3%A9%20Fern%C3%A1ndez&query_place_id=ChIJ_RRkdipJSQ0R85OMiUj745o,43.4655791,-3.8716242,,verificado,sí,ecommerce,
pueblo-de-picos-productos-carnicos-de-cantabria,Pueblo de Picos,Maliaño,Carne,Productos cárnicos y embutidos artesanos de Cantabria,"POLIGONO DE CROS BL. 3-NAVE 12-14, 39600 Maliaño, Cantabria, Spain",Marca cántabra de productos cárnicos artesanos; el dominio heredado no permitió confirmar tienda vigente.,,,,https://pueblodepicos.com/,https://www.facebook.com/elpueblodepicos/,,https://www.google.com/maps/search/?api=1&query=Pueblo%20de%20Picos%20%7C%20Productos%20c%C3%A1rnicos%20de%20Cantabria&query_place_id=ChIJhczLVXJJSQ0RPCp_g--vFi4,43.4257417,-3.8438085,,verificado,no comprobado,,
chocolateria-aliva,Chocolatería Áliva,Santander,Pan y cereal,"Chocolate con churros, tartas y repostería artesana","C. Daoiz y Velarde, 7, 39003 Santander, Cantabria, Spain","Chocolatería histórica de Santander fundada en 1962, con elaboración artesanal de churros, chocolate, tartas y repostería.",,+34942222049,josealiva61@hotmail.com,http://www.chocolateriaaliva.com/,,https://www.instagram.com/chocolateria_aliva/,https://www.google.com/maps/search/?api=1&query=Chocolater%C3%ADa%20%C3%81liva&query_place_id=ChIJsZKOw7VLSQ0RXx4EvQv2euU,43.4631428,-3.8028511,/productores/es/cantabria/cantabria/chocolateria-aliva.webp,verificado,no,,
ecologicos-de-cantabria-s-coop,Ecológicos De Cantabria S. COOP.,Piélagos,Fruta y verdura,"Verduras, frutas ecológicas y elaborados de huerta","Bo. San Antonio, 8, 39470 Renedo de Piélagos, Cantabria, Spain",Sociedad cooperativa de Renedo de Piélagos dedicada al cultivo local ecológico de fruta y verdura y a elaborados artesanos de sus excedentes.,,+34685837578,,https://ecologicosdecantabria.es/,,https://www.instagram.com/ecologicosdecantabria/,https://www.google.com/maps/search/?api=1&query=Ecol%C3%B3gicos%20De%20Cantabria%20S.%20COOP.&query_place_id=ChIJFaibyFc5SQ0RH0LxqkRWg94,43.3519614,-3.9442029,,verificado,sí,ecommerce|whatsapp,
el-valle-de-machucon-plantacion-ecologica-hortofruticula,El Valle de Machucón,Penagos,Fruta y verdura,"Arándanos, manzana, huerta y elaborados ecológicos","C/ Machucón nº 8, 39627 Penagos, Cantabria, Spain","Plantación ecológica de arándanos, manzanos y huerta en Penagos con venta directa de productos propios.",,+34616473021,,https://elvalledemachucon.com/,,https://www.instagram.com/elvalledemachucon/,https://www.google.com/maps/search/?api=1&query=EL%20VALLE%20DE%20MACHUC%C3%93N%20plantaci%C3%B3n%20ecol%C3%B3gica%20hortofrut%C3%ADcula&query_place_id=ChIJ3zVaIZszSQ0RYB8NKjNjWic,43.33346,-3.791923,/productores/es/cantabria/cantabria/el-valle-de-machucon-plantacion-ecologica-hortofruticula.webp,verificado,sí,ecommerce,
forestaciones-los-llanos-s-l,Forestaciones Los Llanos - Forberry,Santa Cruz de Bezana,Fruta y verdura,"Arándanos ecológicos, zumos, mermeladas e infusiones","Av. Fernando Saiz, 6B, 39110 Santa Cruz de Bezana, Cantabria, Spain",Productor y distribuidor cántabro de arándanos ecológicos Forberry y elaborados vegetales.,,+34625574911,,https://forestacioneslosllanos.com/,,https://www.instagram.com/forestaciones_los_llanos/,https://www.google.com/maps/search/?api=1&query=Forestaciones%20Los%20Llanos%2C%20S.L.&query_place_id=ChIJa8UpmDZJSQ0RNjjQDbbekfM,43.461253,-3.897877,/productores/es/cantabria/cantabria/forestaciones-los-llanos-s-l.webp,verificado,sí,ecommerce,
la-flor-de-limon,La Flor de Limón,Alfoz de Lloredo,Despensa artesanal,"Limones ecológicos de Novales, mermelada, limonada y limoncelu","Barrio La Abadía, N 145B, 39526 Novales, Cantabria, Spain","Plantación ecológica de limones de Novales que elabora mermelada, limonada, limoncelu y otros productos artesanos con tienda online.",,+34619144970,info@laflordelimon.com,https://laflordelimon.com/,,https://www.instagram.com/laflordelimon_denovales/,https://www.google.com/maps/search/?api=1&query=La%20Flor%20de%20Lim%C3%B3n&query_place_id=ChIJdxJVpO0TSQ0RWMH0al2fx6w,43.3754122,-4.180498399999999,/productores/es/cantabria/cantabria/la-flor-de-limon.webp,verificado,sí,ecommerce,
la-lleldiria-fermenteria-de-los-valles-pasiegos,La Lleldiría-Fermentería de los Valles Pasiegos,San Roque de Riomiera,Lácteos y quesos,"Quesos pasiegos, kombuchas y fermentados","El Coteru s/n, 39728 Merilla, San Roque de Riomiera, Cantabria","Quesería y fermentería artesanal de Merilla que elabora quesos pasiegos, kombuchas y otros fermentados con tienda online y visitas al obrador.",,+34637243206,reservas@lalleldiria.com,https://lalleldiria.com/,,https://www.instagram.com/lalleldiria/,https://www.google.com/maps/search/?api=1&query=La%20Lleldir%C3%ADa-Fermenter%C3%ADa%20de%20los%20Valles%20Pasiegos&query_place_id=ChIJzedwoZctSQ0RpRXTOFmrUyM,43.2492876,-3.7535352,/productores/es/cantabria/cantabria/la-lleldiria-fermenteria-de-los-valles-pasiegos.webp,verificado,sí,ecommerce,
liebanartesana-confituras-y-mermeladas,Liebanartesana Confituras y Mermeladas,Vega de Liébana,Conservas,Confituras y mermeladas artesanas de Liébana,"Poblado Vega, 9, 39577 La Vega, Vega de Liébana, Cantabria",Obrador artesano de Vega de Liébana especializado en confituras y mermeladas hechas a mano sin conservantes artificiales.,,+34636550743,liebanartesana@gmail.com,http://www.liebanartesana.com/,,https://www.instagram.com/liebanartesana/,https://www.google.com/maps/search/?api=1&query=Liebanartesana%20Confituras%20y%20Mermeladas&query_place_id=ChIJR1yltKG0SQ0Rc8jP5YibVaQ,43.100367,-4.6462809,,verificado,sí,email|telefono,
madacake-bakery,MadaCake bakery,Villanueva de la Peña,Pan y cereal,"Tartas, repostería y catering dulce","Barrio la Cotera, 82, 39509 Villanueva de la Peña, Cantabria, Spain",Obrador de repostería y catering en Villanueva de la Peña; la web propia estaba en pausa por baja médica durante la revisión.,,+34661212219,,https://www.madacakes.com/,,,https://www.google.com/maps/search/?api=1&query=MadaCake%20bakery&query_place_id=ChIJRSnj7IgRSQ0RtPKsjtOIRH0,43.31762639999999,-4.1898563,/productores/es/cantabria/cantabria/madacake-bakery.webp,parcial,no comprobado,,
magna-apis-mermelada-artesana,Magna Apis - Mermelada Artesana,Reocín,Conservas,"Mermeladas artesanas, miel e hidromiel Magna Apis","Poligono Parque Empresarial Besaya, Nave 23, 39538 Reocín, Cantabria, Spain","Proyecto apícola y obrador de Reocín dedicado a mieles de cosecha propia, mermeladas artesanas e hidromiel, con venta en marketplace cántabro.",,+34623398919,,https://magnaapis.com/,https://www.facebook.com/magnaapis/,,https://www.google.com/maps/search/?api=1&query=Magna%20Apis%20-%20Mermelada%20Artesana&query_place_id=ChIJVU20TnYWSQ0RhrQ5UEl4xfE,43.3319499,-4.0972709,,verificado,sí,marketplace,
mermeladas-el-bosque-encantado,Mermeladas el Bosque Encantado,Liendo,Conservas,Mermeladas artesanas naturales de fruta propia,"Barrio El Noval, 17, 39776 Liendo, Cantabria; producción en Santisteban, Ampuero",Productores de fruta con obrador artesano registrado en Ampuero para elaborar mermeladas naturales de Cantabria sin conservantes.,,+34637747791,info@mermeladaselbosqueencantado.com,https://www.mermeladaselbosqueencantado.com/,,https://www.instagram.com/mermeladaselbosqueencantado/,https://www.google.com/maps/search/?api=1&query=Mermeladas%20el%20Bosque%20Encantado&query_place_id=ChIJDRfeaZLrTg0R8VSfSySvxA0,43.3902004,-3.3872543,,verificado,sí,email|telefono,
mermeladas-la-artesana,Mermeladas La Artesana,Santander,Conservas,"Mermeladas extra, mermeladas light y salsas artesanas","C. Joaquín Salas, 6, 39011 Santander, Cantabria, Spain",Obrador artesano de Santander con registro 39/485 que elabora mermeladas y salsas naturales según receta tradicional y tienda online.,,+34942343633,info@lartesana.com,https://www.lartesana.com/,,https://www.instagram.com/mermeladaslaartesana/,https://www.google.com/maps/search/?api=1&query=Mermeladas%20La%20Artesana&query_place_id=ChIJJWuLOLRJSQ0R-LqMJOZVVP4,43.4410193,-3.8620728,/productores/es/cantabria/cantabria/mermeladas-la-artesana.webp,verificado,sí,ecommerce,
monper-chocolate,Monper Chocolate,Santander,Chocolate,"Tabletas de chocolate, cremas, cacao y turrones artesanos","C. Calderón de la Barca, 18, 39002 Santander, Cantabria, Spain","Chocolatería artesana de Santander que elabora chocolates Monper, cremas, cacao y turrones con tienda online propia.",,+34942735957,info@monperchocolate.com,http://www.monperchocolate.com/,,https://www.instagram.com/monperchocolate/,https://www.google.com/maps/search/?api=1&query=Monper%20Chocolate&query_place_id=ChIJ08VWIABLSQ0R1r-3hpZGmcc,43.4591711,-3.8087239,/productores/es/cantabria/cantabria/monper-chocolate.webp,verificado,sí,ecommerce,
patatas-vallucas,Patatas Vallucas,Valderredible,Despensa artesanal,Patatas fritas artesanas Vallucas y patata de Valderredible,"Calle Mayor, 48B, 39250 Villanueva de la Nía, Valderredible, Cantabria","Fábrica de patatas fritas artesanas elaboradas con patata de Valderredible y sello de Calidad Controlada, con tienda online propia.",,+34686666705,comercial@patatasvallucas.com,https://www.patatasvallucas.com/,,https://www.instagram.com/patatas_vallucas_/,https://www.google.com/maps/search/?api=1&query=Patatas%20Vallucas&query_place_id=ChIJvx8lI57BSA0RJpr7AhHtKaQ,42.8034928,-4.0504216,/productores/es/cantabria/cantabria/patatas-vallucas.webp,verificado,sí,ecommerce,
salsason,Salsasón,Ruesga,Despensa artesanal,"Salsas, mermeladas, zumos e infusiones artesanas","Barrio El Truebo, 4, 39812 Ogarrio, Ruesga, Cantabria","Obrador artesano de Ogarrio dedicado a salsas, mermeladas, snacks, zumos e infusiones ecológicos y convencionales con tienda online.",,+34660979649,pedidos@salsason.es,https://salsason.es/,,https://www.instagram.com/salsa_salsason/,https://www.google.com/maps/search/?api=1&query=Salsas%C3%B3n&query_place_id=ChIJQdJ7xxzFTg0RyeTXzt48Crc,43.2849073,-3.5379312,/productores/es/cantabria/cantabria/salsason.webp,verificado,sí,ecommerce,
arandanos-finca-casares,Arándanos Finca Casares,Villafufre,Fruta y verdura,Arándanos,"Finca, Bo. Bustillo, 21, 39630 Casares, Cantabria, Spain","Plantación local de arándanos en Villafufre, pendiente de fuente propia actual.",,+34653906587,,,,,https://www.google.com/maps/search/?api=1&query=Arandanos%20Finca%20Casares&query_place_id=ChIJfTl-BHovSQ0RKFNuNQzkHuo,43.2461287,-3.8723978,,parcial,no comprobado,,
arandanos-imanol,Arándanos Imanol,Hazas de Cesto,Fruta y verdura,Arándanos,"Diseminado Hazas Cesto, 7, 39738, Cantabria, Spain","Plantación local de arándanos en Hazas de Cesto, pendiente de fuente propia actual.",,,,,,,https://www.google.com/maps/search/?api=1&query=Ar%C3%A1ndanos%20Imanol&query_place_id=ChIJZagR1MTHTg0RHTobrGWfirg,43.401921,-3.570882,,parcial,no comprobado,,
arandanos-san-jorge,Arándanos San Jorge,Penagos,Fruta y verdura,Arándanos,"Barrio, C. San Jorge, 18A, 39627 Penagos, Cantabria, Spain",Productor de arándanos en Penagos con presencia social propia.,,+34611691955,,,https://www.facebook.com/arandanos.sanjorge,,https://www.google.com/maps/search/?api=1&query=Ar%C3%A1ndanos%20San%20Jorge&query_place_id=ChIJbyZFyZQ1SQ0R3S1OdCGgz_A,43.3506075,-3.8116549,,verificado,no comprobado,,
arandanos-vallecillo,Arándanos Vallecillo,Vega de Pas,Fruta y verdura,Arándanos frescos de Vega de Pas,"Barrio Guzparras, 4, 39682, Cantabria, Spain","Plantación de arándanos de Vega de Pas con venta directa a fruterías, mercados y mayoristas.",,+34671265460,,https://arandanosvallecillo.com/,,https://www.instagram.com/arandanosvallecillo/,https://www.google.com/maps/search/?api=1&query=Ar%C3%A1ndanos%20Vallecillo&query_place_id=ChIJaURmD-QvSQ0RamNSS4LOVtI,43.19045999999999,-3.86062,/productores/es/cantabria/cantabria/arandanos-vallecillo.webp,verificado,no comprobado,,
ekoberry-arandanos-ecologicos,Ekoberry Arándanos Ecológicos,Arredondo,Fruta y verdura,Arándanos ecológicos,"Ctra. de Tabladillo, 39813 Arredondo, Cantabria, Spain","Plantación local de arándanos ecológicos en Arredondo, pendiente de fuente propia actual.",,+34615711709,,,,,https://www.google.com/maps/search/?api=1&query=Ekoberry%20Ar%C3%A1ndanos%20Ecol%C3%B3gicos&query_place_id=ChIJGyE1epvNTg0RV2mcj6y9E0g,43.2940136,-3.6714187,,parcial,no comprobado,,
hortalizas-de-liebana,Hortalizas de Liébana,Mieses,Fruta y verdura,Hortalizas y verduras de temporada,"El Pedregoso, s/n, 39586 Mieses, Cantabria, Spain",Proyecto familiar de hortalizas de temporada cultivadas con procesos naturales en Liébana.,,+34610014766,,https://sites.google.com/view/hortalizas-de-liebana/p%C3%A1gina-principal?authuser=1,,,https://www.google.com/maps/search/?api=1&query=Hortalizas%20de%20Li%C3%A9bana&query_place_id=ChIJqbX52XuzSQ0Rn7HaMfs1H6I,43.1546859,-4.6352744,/productores/es/cantabria/cantabria/hortalizas-de-liebana.webp,verificado,no comprobado,,
hortalizas-de-los-valles-de-buelna-y-toranzo,Hortalizas de los valles de Buelna y Toranzo,Los Corrales de Buelna,Fruta y verdura,Hortalizas de temporada,"Lugar, Bo. Barros, 553, 39408, Cantabria, Spain",Productor local de hortalizas en Los Corrales de Buelna pendiente de fuente propia actual.,,+34619938773,,,,,https://www.google.com/maps/search/?api=1&query=Hortalizas%20de%20los%20valles%20de%20Buelna%20y%20Toranzo&query_place_id=ChIJU1KxcJ4XSQ0RfmbF-e-Ft1s,43.27821369999999,-4.0857798,,parcial,no comprobado,,
huerta-de-cantabria-la-tierra-del-norte,La Tierra del Norte,Bárcena de Cicero,Fruta y verdura,"Verduras, fruta y huevos de temporada","Bo. Ambrosero, 39791 Bárcena de Cicero, Cantabria, Spain",Huerta local con pedido online de productos frescos y entrega directa del agricultor.,,+34693286084,,https://latierradelnorte.com/,,https://www.instagram.com/latierradelnorte/,https://www.google.com/maps/search/?api=1&query=Huerta%20de%20Cantabria%20-%20La%20tierra%20del%20norte&query_place_id=ChIJVYtrLK_HTg0R_r0_pevdALs,43.4229004,-3.5308129,/productores/es/cantabria/cantabria/huerta-de-cantabria-la-tierra-del-norte.webp,verificado,sí,ecommerce,
huerta-ecologica-castaneda,Huerta ecológica Castañeda,Pomaluengo,Fruta y verdura,Fruta y hortaliza ecológica,"C. Pomaluengo, 39660 Pomaluengo, Cantabria, Spain",Huerta ecológica local en Pomaluengo pendiente de fuente propia actual.,,+34639930447,,,,,https://www.google.com/maps/search/?api=1&query=Huerta%20ecol%C3%B3gica%20Casta%C3%B1eda&query_place_id=ChIJUahk-7Q7SQ0Rh7w1a71UOjQ,43.3106352,-3.930561999999999,,parcial,no comprobado,,
la-huerta-de-manolita,La Huerta de Manolita,Reocín,Fruta y verdura,Hortalizas de temporada,"39538 Reocín, Cantabria, Spain",Huerta de Reocín con canal social propio de productor local.,,+34942020093,,,https://www.facebook.com/La-huerta-de-Manolita-111550491199343,https://www.instagram.com/lahuertademanolita/,https://www.google.com/maps/search/?api=1&query=La%20Huerta%20de%20Manolita&query_place_id=ChIJf-WNUtcVSQ0Rq1O-H0C7QUI,43.3506805,-4.1072692,,verificado,no comprobado,,
menguante-huerta,Menguante Huerta,Arredondo,Fruta y verdura,Cestas de huerta ecológica y hortalizas de temporada,"Diseminado Arredondo, 612, 39813 Arredondo, Cantabria, Spain",Huerta ecológica de Arredondo con cestas y venta directa por contacto telefónico.,,+34691702792,,https://www.huertamenguante.com/,,,https://www.google.com/maps/search/?api=1&query=Menguante%20Huerta&query_place_id=ChIJDXhkBzTPTg0RPkJSu9119Hw,43.274284,-3.605712,/productores/es/cantabria/cantabria/menguante-huerta.webp,verificado,sí,telefono,
pas-berry-arandanos-de-cantabria,Pas Berry - Arándanos de Cantabria,Escobedo,Fruta y verdura,Arándanos de Cantabria,"739V+56 | Frente a la Iglesia de San Pedro, Barrio Escobedo, 36, 39638 Escobedo, Cantabria, Spain",Productor de arándanos en Escobedo con venta directa y entregas locales por contacto.,,+34625615280,,,https://www.facebook.com/pasberryarandanos,,https://www.google.com/maps/search/?api=1&query=Pas%20Berry%20%7C%20Ar%C3%A1ndanos%20de%20Cantabria&query_place_id=ChIJjUgtuYMxSQ0RrUgcmPQcFfc,43.2678918,-3.906633,,verificado,sí,telefono,
tarruco-huerta-ecologica,Tarruco Huerta Ecológica,Villafufre,Fruta y verdura,"Hortalizas, frutas y flores ecológicas de temporada","Sandoñana, 48, 39630 Villafufre, Cantabria, Spain",Huerta ecológica familiar en Villafufre que vende producción propia por pedido online asociado.,,+34620975602,,https://tarruco.blogspot.com/,,,https://www.google.com/maps/search/?api=1&query=Tarruco%20huerta%20ecol%C3%B3gica&query_place_id=ChIJX0i5yigwSQ0RmKju8ydwIZc,43.268764,-3.87439,/productores/es/cantabria/cantabria/tarruco-huerta-ecologica.webp,verificado,sí,marketplace,
huevos-camperos-del-ason,Huevos Camperos del Asón,Arredondo,Huevos,Huevos camperos,"39813 Arredondo, Cantabria, Spain",Productor de huevos camperos del valle del Asón con pedido por WhatsApp/contacto.,,+34615085598,,,,https://www.instagram.com/huevoscamperosdelason/,https://www.google.com/maps/search/?api=1&query=Granja%20Huevos%20Camperos%20del%20Ason&query_place_id=ChIJ983-AijRTg0RWDLRJRAsuuM,43.2445062,-3.6065351,,verificado,sí,whatsapp,
huevos-la-gallinuca,Huevos La Gallinuca,Entrambasaguas,Huevos,Huevos de gallinas camperas,"Bo. Ontonilla, 18, B, 39719, Cantabria, Spain",Productor avícola de Entrambasaguas con dominio propio actualmente caído.,,,,https://huevoslagallinuca.com/,,,https://www.google.com/maps/search/?api=1&query=Huevos%20La%20Gallinuca&query_place_id=ChIJBwAvhnXLTg0Rt38GY0bbR48,43.4179094,-3.7227322,,parcial,no comprobado,,
andia-lacteos-de-cantabria,Andía Lácteos de Cantabria,Piélagos,Lácteos y quesos,"Leche, leche sin lactosa, batidos y preparados lácteos","Bo. San Antonio, 0, 39470 Renedo de Piélagos, Cantabria, Spain","Planta de Iparlat en Renedo de Piélagos especializada en leche, batidos y otros elaborados lácteos.",,+34942570161,ppereda@iparlat.com,https://www.iparlat.com/iparlat/,,,https://www.google.com/maps/search/?api=1&query=And%C3%ADa%20L%C3%A1cteos%20de%20Cantabria&query_place_id=ChIJX7HiBZw5SQ0Re6kZHeOc3lU,43.350193,-3.9437334,/productores/es/cantabria/cantabria/andia-lacteos-de-cantabria.webp,verificado,no comprobado,,
andros-la-serna-lacteos,Andros La Serna Lácteos,Arenas de Iguña,Lácteos y quesos,"Yogures, bebidas lácteas y postres lácteos","Fábrica de Lácteos, 39450 La Serna, Cantabria, Spain","Fábrica cántabra del grupo Andros en La Serna de Iguña dedicada a yogures, bebidas y postres lácteos.",,,,,,,https://www.google.com/maps/search/?api=1&query=Andros%20La%20Serna%20L%C3%A1cteos&query_place_id=ChIJT9FKRwAhSQ0RnE3w_8_BGsA,43.1740001,-4.0417648,,parcial,no comprobado,,
cantabria-verde-de-conservas-y-lacteos,Cantabria Verde de Conservas y Lácteos,Herrera de Camargo,Lácteos y quesos,Conservas y productos alimentarios,"La Verde, Pol.Ind, nave A-4, 39608 Herrera de Camargo, Cantabria, Spain",Empresa alimentaria ubicada en el polígono La Verde de Camargo; actividad actual revisada parcialmente.,,,info@cantabriaverde.es,https://www.cantabriaverde.es/,,,https://www.google.com/maps/search/?api=1&query=Cantabria%20Verde%20de%20Conservas%20y%20L%C3%A1cteos&query_place_id=ChIJuU8YUCxISQ0Rx2x4J6AQobk,43.4149632,-3.8650563,,parcial,no comprobado,,
el-carmen-lacteos,El Carmen Lácteos,Camargo,Lácteos y quesos,"Queso nata de Cantabria, queso fresco y yogures","Bo. Amedias, 47, 39600 Camargo, Cantabria, Spain","Quesería familiar de Revilla de Camargo que elabora quesos, queso fresco y yogures con leche de cercanía.",,+34650193033,fvallejo4@yahoo.es,https://lacteoselcarmen.com/,,https://www.instagram.com/elcarmenlacteoscamargo/,https://www.google.com/maps/search/?api=1&query=El%20Carmen%20L%C3%A1cteos&query_place_id=ChIJmRBs-1U3SQ0RPxZOHGbRScM,43.3983954,-3.8673916,,verificado,sí,whatsapp,
fabrica-y-venta-de-quesos-gomber,Fábrica y Venta de Quesos Gomber,Sopeña,Lácteos y quesos,Quesos artesanos de Cantabria,"EL CARRACEDO S/N, 39510 Sopeña, Cantabria, Spain",Quesería artesana de Sopeña con tienda online propia y elaboración de quesos de Cantabria.,,+34607393359,quesosgomber@gmail.com,https://quesosgomber.com/,,,https://www.google.com/maps/search/?api=1&query=F%C3%A1brica%20y%20Venta%20de%20Quesos%20Gomber&query_place_id=ChIJI_tPP74FSQ0RFBwRZ7RwN1o,43.228489,-4.2914234,/productores/es/cantabria/cantabria/fabrica-y-venta-de-quesos-gomber.webp,verificado,sí,ecommerce,
granja-avh,Granja AVH,Liérganes,Huevos,Huevos frescos,"Rubalcaba, 4, 39722 Liérganes, Cantabria, Spain",Granja de Liérganes dedicada a la producción y venta mayorista de huevos frescos.,,+34942528664,,http://granjaavh.com/,,,https://www.google.com/maps/search/?api=1&query=Granja%20AVH&query_place_id=ChIJVVVVxcrMTg0RfdKPXg6VzDU,43.3245093,-3.7428314,/productores/es/cantabria/cantabria/granja-avh.webp,verificado,no comprobado,,
granja-avicola-la-encina,Granja Avícola La Encina,Santa María de Cayón,Huevos,Huevos camperos,"Barrio la campanilla, 39629 La Encina, Cantabria, Spain",Granja avícola cántabra con canal social propio de venta de huevos camperos.,,+34653413842,,,,https://www.instagram.com/granja_avicola_la_encina/,https://www.google.com/maps/search/?api=1&query=Granja%20Av%C3%ADcola%20La%20Encina&query_place_id=ChIJMc8oW5oxSQ0RfTbSuzWJNVA,43.3223204,-3.866382499999999,,verificado,no comprobado,,
granja-brenas,Granja Brenas,Barrio de Arriba,Huevos,Huevos de granja,"39720 Barrio de Arriba, Cantabria, Spain",Granja agroecológica cántabra orientada a huevos de gallinas camperas.,,+34681657015,,https://www.granjabrenas.com/,https://www.facebook.com/GranjaBrenasCantabria/,https://www.instagram.com/granjabrenas/,https://www.google.com/maps/search/?api=1&query=Granja%20Brenas&query_place_id=ChIJBbTvuZPNTg0R1eKDP99Wres,43.3372094,-3.6785185,,verificado,no comprobado,,
granja-cudana,Granja Cudaña,Labarces,Lácteos y quesos,"Leche fresca, quesos, yogures, arroz con leche y sobaos","Calle Labarces, 152, 39593 Labarces, Cantabria, Spain","Granja familiar de Labarces que transforma su leche en quesos, yogures, leche fresca y postres, con tienda online.",,+34942172691,info@granjacudana.com,https://www.granjacudana.com/,,https://www.instagram.com/granjacudana/,https://www.google.com/maps/search/?api=1&query=Granja%20Cuda%C3%B1a&query_place_id=ChIJ90XL4LagSQ0RTAeKuwy5RnU,43.3288044,-4.414366500000001,/productores/es/cantabria/cantabria/granja-cudana.webp,verificado,sí,ecommerce,
granja-la-sierra,Granja La Sierra,Villacarriedo,Lácteos y quesos,Yogures y quesos de leche ecológica,"39640 Villacarriedo, Cantabria, Spain",Granja de Villacarriedo que elabora yogures y quesos con leche de su propia ganadería ecológica.,,+34645828158,,http://www.granjalasierra.com/,,https://www.instagram.com/granjalasierra/,https://www.google.com/maps/search/?api=1&query=Granja%20La%20Sierra&query_place_id=ChIJ2Sd3mtQtSQ0RKAcoIXw4vHo,43.2289695,-3.8202474,/productores/es/cantabria/cantabria/granja-la-sierra.webp,verificado,no comprobado,,
granja-marismas-de-santa-ana,Granja Marismas de Santa Ana,Santoña,Lácteos y quesos,Leche de granja,"C/ Gromo s/n, 39740 Santoña, Cantabria, Spain",Granja lechera de Santoña dedicada a la producción de leche y experiencias agroganaderas.,,+34689504411,,https://granjasantana.es/,,https://www.instagram.com/lagranjasantana/,https://www.google.com/maps/search/?api=1&query=Granja%20Marismas%20de%20Santa%20Ana&query_place_id=ChIJ7Xq3Sha_Tg0RWsJ2pzAodLc,43.45712109999999,-3.4790021,,verificado,no comprobado,,
granja-palacio,Granja Palacio,Escalante,Lácteos y quesos,Leche de vaca,"Bo. el Noval, 39795 Escalante, Cantabria, Spain",Pequeña granja de vacas lecheras de Escalante con actividad divulgativa y visitas.,,+34663721065,,,,https://www.instagram.com/granja_palacio/,https://www.google.com/maps/search/?api=1&query=Granja%20Palacio&query_place_id=ChIJ03Ry2Y25Tg0R46W--8Ptd1E,43.4332224,-3.522732,,verificado,no comprobado,,
granja-portilla,Granja Portilla,Tarriba,Lácteos y quesos,Lácteos de granja,"Bo. Tarriba, 7, 39409 Tarriba, Cantabria, Spain","Granja ubicada en Tarriba con identidad y municipio localizados, pendiente de fuente propia actual.",,+34617323310,,,,,https://www.google.com/maps/search/?api=1&query=Granja%20Portilla&query_place_id=ChIJiTJAmT09SQ0RjkvryMin0BI,43.2726944,-4.047965599999999,,parcial,no comprobado,,
granja-queseria-el-pendo,Granja Quesería el Pendo,Escobedo,Lácteos y quesos,Quesos artesanos El Pendo,"Bo. Solacuesta, 22, 39609 Escobedo, Cantabria, Spain",Granja quesería familiar de Escobedo que elabora quesos artesanos con distribución en marketplace local.,,+34639844106,andresangelperez@hotmail.com,https://granjaqueseriaelpendo.es/,,https://www.instagram.com/granjaqueseriaelpendo/,https://www.google.com/maps/search/?api=1&query=Granja%20Queser%C3%ADa%20el%20Pendo&query_place_id=ChIJSZhcewA3SQ0RV9H3cU3GOTc,43.3992491,-3.902338799999999,,verificado,sí,marketplace,
ice-cream-granja-las-nieves,Ice Cream Granja- Las Nieves,Reinosa,Lácteos y quesos,Helados y yogures artesanos,"C. Mayor, 26, 39200 Reinosa, Cantabria, Spain",Ganadería y obrador familiar de helados y yogures artesanos con punto de venta en Reinosa.,,+34652963942,ganaderialasnieves@gmail.com,https://www.heladosdegranjalasnieves.es/,,,https://www.google.com/maps/search/?api=1&query=Ice%20Cream%20Granja-%20Las%20Nieves&query_place_id=ChIJhXn7K5fmSA0RewSBLiOqW_I,43.0008861,-4.137330599999999,,verificado,no comprobado,,
la-quesona,La Quesona,Santander,Pan y cereal,Tartas de queso artesanales,"C. Arrabal, 13, 39003 Santander, Cantabria, Spain",Obrador santanderino especializado en tartas de queso artesanales con venta por marketplace de reparto.,,+34636471346,,https://laquesona.com/,,https://www.instagram.com/laquesona/,https://www.google.com/maps/search/?api=1&query=La%20Quesona&query_place_id=ChIJAdu75HNLSQ0RAXSLv6YDHLM,43.4631231,-3.8047551,/productores/es/cantabria/cantabria/la-quesona.webp,verificado,sí,marketplace,
lacteos-bien-aparecida,Lácteos Bien Aparecida,Carasa,Lácteos y quesos,Yogures artesanos,"Barrio las marismas sn, 39762 Carasa, Cantabria, Spain",Ganaderos y elaboradores de Carasa especializados en yogures artesanos con leche propia.,,+34942652236,,https://www.yoguresbienaparecida.com/,,https://www.instagram.com/yoguresbienaparecida/,https://www.google.com/maps/search/?api=1&query=L%C3%A1cteos%20Bien%20Aparecida&query_place_id=ChIJK0LlrnXBTg0R-ZGZDX1ikI8,43.37916939999999,-3.4494678,/productores/es/cantabria/cantabria/lacteos-bien-aparecida.webp,verificado,no comprobado,,
lacteos-colindres-s-l,Lácteos Colindres S L,Colindres,Lácteos y quesos,Quesos fundidos y preparados lácteos,"Travesía La Mar, 1, 39750 Colindres, Cantabria, Spain",Empresa de Colindres dedicada a la elaboración y transformación de quesos fundidos y otros productos lácteos.,,+34942650223,lacteoscolindres@gmail.com,https://lacteoscolindres.com/,,,https://www.google.com/maps/search/?api=1&query=L%C3%A1cteos%20Colindres%20S%20L&query_place_id=ChIJe3zdZ1PATg0RhCFlKaWnhi8,43.3974153,-3.4514525,/productores/es/cantabria/cantabria/lacteos-colindres-s-l.webp,verificado,no comprobado,,
lacteos-el-pasiego,Lácteos El Pasiego,Revilla de Camargo,Lácteos y quesos,Quesos y yogures La Cántara,"Bo. el Carmen, 58, 39600 Revilla de Camargo, Cantabria, Spain",Proyecto familiar La Cántara en Revilla de Camargo que elabora quesos y yogures con leche de su propia granja.,,+34675696986,,,https://www.facebook.com/p/Quesos-y-yogures-El-Pasiego-La-Cantara-100064628025978/,https://www.instagram.com/quesoselpasiegolacantara/,https://www.google.com/maps/search/?api=1&query=L%C3%A1cteos%20El%20Pasiego&query_place_id=ChIJq9ZbkS02SQ0REzwYkK9CzmA,43.4124999,-3.86261,,verificado,no comprobado,,
queseria-alles,Quesería Alles,Bejes,Lácteos y quesos,Queso Picón Bejes-Tresviso DOP,"C. Mayor, 6, 39580 Bejes, Cantabria, Spain","Quesería de Bejes elaboradora de queso Picón Bejes-Tresviso DOP, con venta en marketplace local.",,+34616298400,,https://www.quesopicon.es/,,,https://www.google.com/maps/search/?api=1&query=Queser%C3%ADa%20Alles&query_place_id=ChIJgaEpl_i5SQ0RYTzGVSBajsE,43.2430098,-4.6467072,/productores/es/cantabria/cantabria/queseria-alles.webp,verificado,sí,marketplace,
queseria-andara,Quesería ANDARA.,Lon,Lácteos y quesos,Quesucos y quesos de Liébana,"Bo. Lon, 13, 39587 Lon, Cantabria, Spain",Quesería de Lon con tienda online propia de quesucos y quesos de Liébana.,,+34690650730,contacto@queseriaandara.es,https://queseriaandara.es/,,https://www.instagram.com/queseriandara/,https://www.google.com/maps/search/?api=1&query=Queser%C3%ADa%20ANDARA.&query_place_id=ChIJo_YMk4i2SQ0RGKnNfje5fx4,43.1672971,-4.682913999999999,/productores/es/cantabria/cantabria/queseria-andara.webp,verificado,sí,ecommerce,
queseria-artesana-el-bardal,Quesería Artesana el Bardal,Piélagos,Lácteos y quesos,Quesos artesanos El Bardal,"Bo. el Bardal, 1, 39479 Zurita, Cantabria, Spain",Quesería artesana de Piélagos dedicada a quesos de leche de vaca y elaboraciones locales.,,+34669625200,quesoselbardal@quesoselbardal.com,https://www.quesoselbardal.com/,,,https://www.google.com/maps/search/?api=1&query=Queser%C3%ADa%20Artesana%20el%20Bardal&query_place_id=ChIJI2ukmU45SQ0RvekeH74F4oQ,43.3505995,-3.9822599,,verificado,no comprobado,,
queseria-artesana-la-sobanuca,Quesería artesana La Sobanuca,Saro,Lácteos y quesos,Quesos artesanos de cabra La Sobanuca,"Bo. Saro de Abajo, 22, 39639 Saro, Cantabria, Spain","Quesería de Saro que transforma leche de su explotación caprina en quesos artesanos, con venta en marketplaces locales.",,+34616496235,,,https://www.facebook.com/p/Queseria-La-Sobanuca-100052728087281/,,https://www.google.com/maps/search/?api=1&query=Queser%C3%ADa%20artesana%20La%20Sobanuca&query_place_id=ChIJDx-k_T8vSQ0RgfbyHDZ7_94,43.2585226,-3.844019,,verificado,sí,marketplace,
queseria-artesana-lebanes,Quesería artesana Lebanés,Cabezón de Liébana,Lácteos y quesos,Quesucos y quesos lebaniegos,"Poblado Cabezon, 49, 39571 Cabezón de Liébana, Cantabria, Spain","Quesería artesana de Cabezón de Liébana dedicada a quesucos y quesos lebaniegos, con venta en marketplace local.",,,,https://queserialebanes.com/,,,https://www.google.com/maps/search/?api=1&query=Queser%C3%ADa%20artesana%20Leban%C3%A9s&query_place_id=ChIJ95yWOnGzSQ0RfNv4aK4Gv1U,43.1291928,-4.5704427,,verificado,sí,marketplace,
queseria-artesanal-3-valles-pasiegos,Quesería Artesanal 3 Valles Pasiegos,San Vicente de Toranzo,Lácteos y quesos,Quesos artesanos de los Valles Pasiegos,"Bo. San Vicente de Toranzo, 39699 San Vicente de Toranzo, Cantabria, Spain","Quesería artesana de San Vicente de Toranzo vinculada a los Valles Pasiegos, con venta en marketplace local.",,+34675742396,,https://tresvallespasiegos.es/,,https://www.instagram.com/3vallespasiegos/,https://www.google.com/maps/search/?api=1&query=Queser%C3%ADa%20Artesanal%203%20Valles%20Pasiegos&query_place_id=ChIJw0aBRtwkSQ0RmRH8bUohMQM,43.2137081,-3.9421421,/productores/es/cantabria/cantabria/queseria-artesanal-3-valles-pasiegos.webp,verificado,sí,marketplace,
queseria-artesanal-siete-villas,Quesería Artesanal Siete Villas,San Miguel de Meruelo,Lácteos y quesos,Queso artesano de cabra Siete Villas,"Bo. la Vallejada, 7E, 39192 San Miguel de Meruelo, Cantabria, Spain",Quesería artesanal de San Miguel de Meruelo especializada en queso de cabra con reservas por WhatsApp y venta en marketplace.,,+34697367811,,https://queseriasietevillas.com/,,https://www.instagram.com/queseria_siete_villas/,https://www.google.com/maps/search/?api=1&query=Queser%C3%ADa%20Artesanal%20Siete%20Villas&query_place_id=ChIJJRcMbIa3Tg0RRNPD98428oc,43.4581559,-3.5841705,/productores/es/cantabria/cantabria/queseria-artesanal-siete-villas.webp,verificado,sí,whatsapp|marketplace,
queseria-ecologica-los-tiemblos,Quesería Ecológica Los Tiemblos,San Pedro del Romeral,Lácteos y quesos,"Queso fresco, queso de nata, queso curado y yogur ecológico","39686 San Pedro del Romeral, Cantabria, Spain",Quesería ecológica de San Pedro del Romeral que elabora quesos y yogur con leche de sus propias vacas.,,+34609407745,queseria@lostiemblos.es,https://www.queserialostiemblos.es/,,,https://www.google.com/maps/search/?api=1&query=Queser%C3%ADa%20Ecol%C3%B3gica%20Los%20Tiemblos&query_place_id=ChIJQ6LF7AYqSQ0R4eoPmkJRoMA,43.1262662,-3.844844999999999,/productores/es/cantabria/cantabria/queseria-ecologica-los-tiemblos.webp,verificado,sí,marketplace,
queseria-hermanos-saez,Quesería hermanos Sáez,Torrelavega,Lácteos y quesos,"Quesos artesanos Abuela Clarisa, Tío Julián y Abuelo Jesús","39300 Torrelavega, Cantabria, Spain","Quesería artesana de Torrelavega con quesos de vaca, cabra y oveja y tienda online propia.",,+34606927972,,https://www.queseriahermanossaez.com/,,,https://www.google.com/maps/search/?api=1&query=Queser%C3%ADa%20hermanos%20S%C3%A1ez&query_place_id=ChIJe-PBFTQ9SQ0R1xoVXk_5Xsg,43.3207588,-4.002579799999999,/productores/es/cantabria/cantabria/queseria-hermanos-saez.webp,verificado,sí,ecommerce,
queseria-la-branuca-de-bejes,Quesería La Brañuca de Bejes,Bejes,Lácteos y quesos,Queso Picón Bejes-Tresviso y quesos de leche cruda,"Calle La Ermita, 0 S/N, 39580 Bejes, Cantabria, Spain",Quesería familiar de Bejes elaboradora de Picón Bejes-Tresviso DOP y quesos de cueva.,,+34695459858,,https://www.queserialabranuca.com/,https://www.facebook.com/p/Queseria-La-Bra%C3%B1uca-Bejes-100076305483956/,https://www.instagram.com/queseria_la_branuca_de_bejes/,https://www.google.com/maps/search/?api=1&query=Queser%C3%ADa%20La%20Bra%C3%B1uca%20de%20Bejes&query_place_id=ChIJ1e_Pkfi5SQ0R4I_tUYCi0UM,43.2417407,-4.6453996,,verificado,sí,marketplace,
queseria-lafuente,Quesería Lafuente,Heras,Lácteos y quesos,"Queso de cabra, queso fresco, mozzarella y mascarpone","Pol. Ind. de Heras, Parcela 304, 39792 Heras, Cantabria, Spain","Empresa quesera de Heras especializada en queso de cabra, queso fresco y productos lácteos para distribución.",,+34942526251,,https://lafuentegroup.com/,,,https://www.google.com/maps/search/?api=1&query=Queser%C3%ADa%20Lafuente&query_place_id=ChIJV-PvHLw1SQ0RVmeBTh2tdes,43.3974884,-3.7992128,/productores/es/cantabria/cantabria/queseria-lafuente.webp,verificado,no comprobado,,
queseria-milagros,Quesería Milagros,Santillana del Mar,Lácteos y quesos,Queso de vaca Casa Milagros,"Bo. Camplengo, 75, 39360 Santillana del Mar, Cantabria, Spain",Quesería y ganadería familiar de Santillana del Mar que elabora queso artesano de vaca.,,+34686829720,,https://www.queseriacasamilagros.es/,,https://www.instagram.com/queseriacasamilagros/,https://www.google.com/maps/search/?api=1&query=Queser%C3%ADa%20Milagros&query_place_id=ChIJQ9wz3BcVSQ0RSp5wuzDbM_M,43.39073980000001,-4.098796,/productores/es/cantabria/cantabria/queseria-milagros.webp,verificado,sí,marketplace,
queseria-penalon,Quesería Peñalón,Lon,Lácteos y quesos,Quesos artesanos de Liébana,"Lugar Barrio Lon, 0 S/N, 39587 Lon, Cantabria, Spain",Quesería lebaniega localizada en Lon; queda pendiente una fuente propia actual para elevar la verificación.,,+34942733041,,,,,https://www.google.com/maps/search/?api=1&query=Queser%C3%ADa%20Pe%C3%B1al%C3%B3n&query_place_id=ChIJ79cun4i2SQ0RpmDnc3ZUsJs,43.16717209999999,-4.6832627,,parcial,no comprobado,,
queseria-pendes,Quesería Pendes,Pendes,Lácteos y quesos,Quesucos de Liébana y Picón Bejes-Tresviso,"C. Celestino Arenal, s/n, 39584 Pendes, Cantabria, Spain","Quesería Las Brañas de Pendes, elaboradora de quesucos de Liébana y Picón Bejes-Tresviso con tienda propia.",,+34942730862,,https://queseriapendes.com/,,,https://www.google.com/maps/search/?api=1&query=Queser%C3%ADa%20Pendes&query_place_id=ChIJkTQxR_ywSQ0Rly7SY-usmxg,43.2016747,-4.610429799999999,/productores/es/cantabria/cantabria/queseria-pendes.webp,verificado,sí,ecommerce,
queseria-rio-corvera,Quesería Río Corvera,Bejes,Lácteos y quesos,Queso Picón Bejes-Tresviso Río Corvera,"CM-22/03, 39580 Bejes, Cantabria, Spain",Quesería de Bejes especializada en queso Picón Bejes-Tresviso DOP con tienda online propia.,,+34625575828,quesosriocorvera@gmail.com,https://quesosbejes.com/,,https://www.instagram.com/quesosriocorvera/,https://www.google.com/maps/search/?api=1&query=Queser%C3%ADa%20R%C3%ADo%20Corvera&query_place_id=ChIJS1Le5mO7SQ0R7OwiAY3nzmY,43.2402566,-4.6420979,/productores/es/cantabria/cantabria/queseria-rio-corvera.webp,verificado,sí,ecommerce,
queseria-rio-deva,Queseria Río Deva,"Camaleño, Cantabria",Lácteos y quesos,"Quesucos de Liébana, Azuluco y queso fresco de Pido","Carretera General, s/n, 39587 Camaleño, Cantabria, Cantabria, Spain",Quesería artesana de Camaleño con quesucos de Liébana y tienda online propia.,,,,https://quesosriodeva.com/,,https://www.instagram.com/quesosriodeva/,https://www.google.com/maps/search/?api=1&query=Queseria%20R%C3%ADo%20Deva&query_place_id=ChIJ_ytqx9a1SQ0RpoTdDiJrSYY,43.1516393,-4.691927199999999,/productores/es/cantabria/cantabria/queseria-rio-deva.webp,verificado,sí,ecommerce,
queseria-riscos-pasiegos,Quesería Riscos Pasiegos,Saro,Lácteos y quesos,Quesos de cabra Perla del Pas y Pasieguín de Cielu,"Saro, Cantabria, 39639, Cantabria, Spain","Quesería de Saro elaboradora de quesos y yogures artesanos de cabra, con venta en marketplace local.",,+34679268849,info@quesosriscospasiegos.com,,https://www.facebook.com/riscospasiegos/,,https://www.google.com/maps/search/?api=1&query=Queser%C3%ADa%20Riscos%20Pasiegos&query_place_id=ChIJjSzRIdAtSQ0RCfWd4ErIxV4,43.2581364,-3.8241745,,verificado,sí,marketplace,
queseria-tasugueras,Quesería Tasugueras,Totero,Lácteos y quesos,"Briniro, GP58 y Sra. Mercedes","Barrio La Castalañera 39694, 39694 Totero, Cantabria, Spain",Quesería artesanal de Totero que elabora quesos de pasta cocida con leche local y fermentos propios.,,+34633951388,,https://queseriatasugueras.com/,,https://www.instagram.com/queseriatasugueras/,https://www.google.com/maps/search/?api=1&query=Queser%C3%ADa%20Tasugueras&query_place_id=ChIJF8j0IzYxSQ0RIcU1xnoWaVU,43.3001909,-3.8405307,/productores/es/cantabria/cantabria/queseria-tasugueras.webp,verificado,sí,marketplace,
queso-las-garmillas,Queso Las Garmillas,La Bárcena,Lácteos y quesos,"Quesos Las Garmillas frescos, tiernos y curados","Lugar, Bo. la Bárcena, 0 S N, 39849 La Bárcena, Cantabria, Spain",Quesería familiar de La Bárcena con tienda online propia de quesos de Cantabria.,,+34942634291,info@quesolasgarmillas.es,https://quesolasgarmillas.es/mejores-quesos-de-cantabria/,,https://www.instagram.com/quesolasgarmillas_/,https://www.google.com/maps/search/?api=1&query=Queso%20Las%20Garmillas&query_place_id=ChIJ____qxE9SQ0RUNIYSiWrd_0,43.34149559999999,-3.399489,/productores/es/cantabria/cantabria/queso-las-garmillas.webp,verificado,sí,ecommerce,
queso-picon-de-tresviso-casa-campo-sc,Quesería Javier Campo (Casa Campo),Tresviso,Lácteos y quesos,"Queso Picón Bejes-Tresviso, Alpasto y Nevado de los Picos","Barrio Tresviso, s/n, 39580 Tresviso, Cantabria","Quesería Javier Campo en Tresviso, elaboradora artesanal de Picón Bejes-Tresviso y quesos azules de cueva.",Consultar web,+34942744444,,https://www.quesodetresviso.com/,,https://www.instagram.com/queseria_javiercampo/,https://www.google.com/maps/search/?api=1&query=Queso%20Picon%20de%20Tresviso%20Casa%20Campo%20SC&query_place_id=ChIJC4uDRL65SQ0RX8dKdippB5Y,43.2553794,-4.6684319,/productores/es/cantabria/cantabria/queso-picon-de-tresviso-casa-campo-sc.webp,verificado,sí,marketplace,
queso-trapa,Queso Trapa,Cóbreces,Lácteos y quesos,Queso Trapa de Cóbreces,"Abadía Cisterciense de Viaceli, Barrio los Corrales, Nº 191, 39320 Cóbreces, Cantabria, Spain",Queso Trapa elaborado artesanalmente por la Abadía Cisterciense de Viaceli en Cóbreces.,,+34942725055,,https://www.monasterioviaceli.com/abadia-de-viaceli-queso-trapa,,,https://www.google.com/maps/search/?api=1&query=Queso%20Trapa&query_place_id=ChIJrbDhZZATSQ0RdRIF-_gBnAs,43.3872636,-4.21495,/productores/es/cantabria/cantabria/queso-trapa.webp,verificado,sí,marketplace,
quesoba,Quesoba,Sangas,Lácteos y quesos,Queso artesano de vaca Quesoba y requesón,"Barrio Sangas, 39808 Sangas, Cantabria, Spain",Quesería familiar de Sangas que elabora quesos artesanos de leche cruda de vaca del Valle de Soba.,,+34661678755,,http://quesoba.com/,https://www.facebook.com/queseriaquesoba/,,https://www.google.com/maps/search/?api=1&query=Quesoba&query_place_id=ChIJJ41Z1jrZTg0REjqb_DZt1RA,43.1697883,-3.5128248,,verificado,sí,marketplace,
quesos-albuzano,Quesos Albuzano,Turieno,Lácteos y quesos,Queso Cueva Santa y quesos de cabra Albuzano,"Poligo de Perugales, s/n, 39586 Turieno, Cantabria, Spain","Quesería de Turieno vinculada a la marca Cueva Santa, con quesos artesanos de Liébana.",,+34623979483,,,,https://www.instagram.com/quesosalbuzano/,https://www.google.com/maps/search/?api=1&query=Quesos%20Albuzano&query_place_id=ChIJQ4WbA8CxSQ0RVqOUWtx9K4M,43.1588145,-4.6425923,,verificado,sí,marketplace,
quesos-baro,Quesos Baró,Baró,Lácteos y quesos,Queso de cabra Baró,"Lugar, Bo. Baro, 0 S/N, 39587 Baró, Cantabria, Spain",Quesería lebaniega de Baró especializada en quesos de cabra y quesucos de Liébana.,,+34695859161,,,,https://www.instagram.com/quesosbaro/,https://www.google.com/maps/search/?api=1&query=Quesos%20Bar%C3%B3&query_place_id=ChIJdx1g4Cu0SQ0RxLxSCnnGKnk,43.1535291,-4.6825321,,verificado,sí,marketplace,
quesos-de-pido-casa-clara,Quesos de Pido. Casa Clara,Espinama,Lácteos y quesos,Quesos de Pido Casa Clara,"39588 Espinama, Cantabria, Spain","Quesería fundada en 1988 en Espinama, con tienda-degustación Casa Clara de quesos de Pido.",,+34679069419,,,https://www.facebook.com/quesosdepidotiendacc/,https://www.instagram.com/quesosdepido_casaclara/,https://www.google.com/maps/search/?api=1&query=Quesos%20de%20Pido.%20Casa%20Clara&query_place_id=ChIJw6TyRJHLSQ0RkbEoQw4ypxY,43.1284181,-4.786525699999999,,verificado,no comprobado,,
quesos-prama,Quesos Prama,Ramales de la Victoria,Lácteos y quesos,"Queso Nata de Cantabria, queso ahumado y mantequilla","C. Manuel Marure, 9-11, 39800 Ramales de la Victoria, Cantabria, Spain","Quesería de Ramales de la Victoria activa desde 1953 con quesos de vaca, mezcla, oveja, cabra, nata y mantequilla.",,+34942646074,administracion@quesosprama.com,https://www.quesosprama.com/,,https://www.instagram.com/quesosprama/,https://www.google.com/maps/search/?api=1&query=Quesos%20Prama&query_place_id=ChIJDde1i-fcTg0RdpAUjO5jQnI,43.2574584,-3.4683361,/productores/es/cantabria/cantabria/quesos-prama.webp,verificado,no comprobado,,
apicam-asoc-de-apicultores-campurrianos,APICAM. Asoc. De Apicultores Campurrianos,Reinosa,Miel,Miel de Campoo,"C. El Ferial, 3, Bajo Izq, 39200 Reinosa, Cantabria, Spain",Asociación de apicultores campurrianos vinculada a la miel producida y envasada en la comarca de Campoo.,,+34609916622,,http://mieldecampoo.com/,,,https://www.google.com/maps/search/?api=1&query=APICAM.%20Asoc.%20De%20Apicultores%20Campurrianos&query_place_id=ChIJp3ahQ73mSA0RX26ThpSXTC8,43.00385,-4.14009,/productores/es/cantabria/cantabria/apicam-asoc-de-apicultores-campurrianos.webp,parcial,no comprobado,,
apisair-miel,Apisair miel,Santander,Miel,"Miel, polen, propóleo y productos de la colmena","Bajada de la Calzada, 27, 3 izq, 39006 Santander, Cantabria, Spain","Apicultores de Cantabria con miel, polen, propóleo y otros productos de la colmena bajo la marca Apisair.",,+34649142549,apisairmiel@hotmail.com,https://apisairmiel.wixsite.com/apisair-miel,,,https://www.google.com/maps/search/?api=1&query=Apisair%20miel&query_place_id=ChIJ9bg61ohLSQ0RmhTdsrJ5mHk,43.4664487,-3.8192138,/productores/es/cantabria/cantabria/apisair-miel.webp,verificado,sí,email|whatsapp,
apiturismo-y-miel-liebana-dulce,Apiturismo y Miel Liébana Dulce,Cillorigo de Liébana,Miel,Miel de Liébana y apiturismo,"San Pedro de Bedoya, 39584 Cillorigo de Liébana, Cantabria","Apiturismo y miel artesanal de Liébana Dulce en San Pedro de Bedoya, con producto vendido en tienda regional.",,+34646027916,info@liebanadulce.es,http://www.liebanadulce.es/,,,https://www.google.com/maps/search/?api=1&query=Apiturismo%20y%20Miel%20Li%C3%A9bana%20Dulce&query_place_id=ChIJAY5ByCexSQ0RNj-Odo0ANZM,43.18056139999999,-4.5665265,/productores/es/cantabria/cantabria/apiturismo-y-miel-liebana-dulce.webp,verificado,sí,marketplace,
la-mieleria-de-sara-sierra-del-dobra,La Mielería de Sara-Sierra del Dobra,Torrelavega,Miel,Miel Sierra del Dobra y productos apícolas,"C. Tanos, 767, 39300 Torrelavega, Cantabria, Spain",Mielería de Torrelavega vinculada a productos propios de Sierra del Dobra y venta online declarada.,,+34645067756,,,,https://www.instagram.com/lamieleriadesara/,https://www.google.com/maps/search/?api=1&query=La%20Mieler%C3%ADa%20de%20Sara-Sierra%20del%20Dobra&query_place_id=ChIJv3hPT6o_SQ0RsydQ1QVrcxY,43.3349956,-4.028481699999999,,parcial,sí,ecommerce,
la-mieluca-del-pas,La Mieluca del Pas,Piélagos,Miel,Miel del Pas,"Quijano, 39477 Piélagos, Cantabria",Marca apícola de la zona del Pas con web propia en preparación y contacto directo publicado.,,+34646120337,hola@mieldelpas.com,https://mieldelpas.com/,,,https://www.google.com/maps/search/?api=1&query=La%20Mieluca%20del%20Pas&query_place_id=ChIJ_WDPb6Y5SQ0R8f8vpRXDjnA,43.36919049999999,-3.9621948,,parcial,no comprobado,,
miel-colmenares-de-vendejo-miel-de-liebana-beexperience-turismo-apicola,Miel Colmenares De Vendejo - Miel de Liébana - BeeXperience - Turismo apícola,Cabezón de Liébana,Miel,Miel de Liébana DOP y visitas BeeXperience,"Ctra. General, s/n, 39571 Cabezón de Liébana, Cantabria",Empresa familiar de Cabezón de Liébana con Miel de Liébana DOP y visitas apícolas BeeXperience.,,+34606506173,info@vendejo.com,https://www.vendejo.com/,,https://www.instagram.com/mielcolmenaresdevendejo/,https://www.google.com/maps/search/?api=1&query=Miel%20Colmenares%20De%20Vendejo%20-%20Miel%20de%20Li%C3%A9bana%20-%20BeeXperience%20-%20Turismo%20ap%C3%ADcola&query_place_id=ChIJk04AHG-ySQ0RrFhoAfEDYE4,43.1229844,-4.5695351,/productores/es/cantabria/cantabria/miel-colmenares-de-vendejo-miel-de-liebana-beexperience-turismo-apicola.webp,verificado,no comprobado,,
miel-de-brezo-ecologica,Miel de Brezo Ecológica,Miera,Miel,Miel ecológica de brezo y mil flores,"Barrio La Cantolla, s/n, 39723 Mirones, Miera, Cantabria","Brezomiel elabora miel ecológica de brezo y mil flores en Mirones, con pedidos directos por contacto.",,+34619947688,ventas@brezomiel.com,http://www.brezomiel.com/,,,https://www.google.com/maps/search/?api=1&query=Miel%20de%20Brezo%20Ecol%C3%B3gica&query_place_id=ChIJHWywhKfNTg0RhfIQnJ84bWs,43.2944663,-3.707821099999999,/productores/es/cantabria/cantabria/miel-de-brezo-ecologica.webp,verificado,sí,email|telefono,
miel-de-la-colina,Miel de la Colina,Villafufre,Miel,Miel de Villafufre,"Barrio Villafufre, 60, 39638 Villafufre, Cantabria",Apicultura de Villafufre con fuente pública específica y contacto publicado; queda pendiente fuente propia actual.,,+34608613369,martinezdelacolina@yahoo.es,https://mieldelacolina.es/,,,https://www.google.com/maps/search/?api=1&query=Miel%20de%20la%20Colina&query_place_id=ChIJEaZbL9sxSQ0RDkf9MP55C4I,43.2650064,-3.8865222,/productores/es/cantabria/cantabria/miel-de-la-colina.webp,parcial,no comprobado,,
miel-el-colmenar-de-las-donas,MIEL El Colmenar de las Doñas,Vega de Liébana,Miel,Miel gourmet y cera ecológica,"Enterrías nº13, 39577 Enterrías, Vega de Liébana, Cantabria",Proyecto productor de miel y cera en Enterrías con obrador apoyado por LEADER; queda pendiente fuente propia reciente.,,+34626211114,,http://elcolmenardelasdonas.wordpress.com/,,,https://www.google.com/maps/search/?api=1&query=MIEL%20El%20Colmenar%20de%20las%20Do%C3%B1as&query_place_id=ChIJc9VaSi21SQ0RpZNbkgz_Fg4,43.0979174,-4.679405399999999,,parcial,no comprobado,,
miel-el-secreto-de-las-abejas,Miel El Secreto de las Abejas,Ramales de la Victoria,Miel,Miel cruda del Valle del Asón y productos de la colmena,"Calle Entrepuentes, 6, 39800 Ramales de la Victoria, Cantabria",Apicultores profesionales del Valle del Asón con miel de cosecha propia y tienda online.,,+34618310870,info@secretodelasabejas.com,https://secretodelasabejas.com/,,,https://www.google.com/maps/search/?api=1&query=Miel%20El%20Secreto%20de%20las%20Abejas&query_place_id=ChIJMVTgaxLdTg0Rm3P2U9_qFlI,43.2565804,-3.4702857,/productores/es/cantabria/cantabria/miel-el-secreto-de-las-abejas.webp,verificado,sí,ecommerce,
miel-valle-del-nansa,Miel Valle del Nansa,Val de San Vicente,Miel,Miel del Valle del Nansa,"Barrio La Aldea, 39, 39548 Pesués, Val de San Vicente, Cantabria",Mielería localizada en Pesués; queda parcial al no localizar fuente propia actual.,,+34619737111,,,,,https://www.google.com/maps/search/?api=1&query=Miel%20Valle%20del%20Nansa&query_place_id=ChIJ1fxc8najSQ0RpJ67F3xyobU,43.3768339,-4.4848602,,parcial,no comprobado,,
miel-valle-estrecho,Miel Valle Estrecho,Cabezón de Liébana,Miel,Miel ecológica de roble y brezo,"Calle Cahecho, s/n, 39571 Cabezón de Liébana, Cantabria",Mielería biodinámica Valle Estrechu con miel ecológica del entorno de Picos de Europa y tienda online.,,+34617960039,info@vallestrechu.es,https://www.vallestrechu.es/,,,https://www.google.com/maps/search/?api=1&query=Miel%20Valle%20Estrecho&query_place_id=ChIJQdqiYf2tSQ0RRRX17sxbS-w,43.1593434,-4.5504475,,verificado,sí,ecommerce,
mieleria-secretos-de-abejas,"Mielería""Secretos de Abejas""",Cabezón de la Sal,Miel,"Miel propia, jalea real, polen, propóleo y cosmética apícola","C. Hermanos González Cosío, 8, local B, 39500 Cabezón de la Sal, Cantabria, Spain","Mielería de Cabezón de la Sal con producción propia en Cantabria, productos apícolas y tienda online.",,+34607899206,,https://mieleriasecretosdeabejas.com/,,https://www.instagram.com/mieleriasecretosdeabejas/,https://www.google.com/maps/search/?api=1&query=Mieler%C3%ADa%22Secretos%20de%20Abejas%22&query_place_id=ChIJsT0AeboPSQ0RRbjDGtl0O0A,43.3082637,-4.2372512,/productores/es/cantabria/cantabria/mieleria-secretos-de-abejas.webp,verificado,sí,ecommerce,
confiteria-blanco-hojaldres-de-torrelavega,Confitería Blanco,Torrelavega,Pan y cereal,"Hojaldres de Torrelavega, polkas, tartas y almendrados","Calle Consolación, 11, 39300 Torrelavega, Cantabria, Spain","Confitería histórica de Torrelavega, maestros del hojaldre desde 1898, con obrador diario y tienda online.",,+34942881012,,https://confiteriablanco.com/,,https://www.instagram.com/confiteriablanco/,https://www.google.com/maps/search/?api=1&query=Confiter%C3%ADa%20Blanco-Hojaldres%20de%20Torrelavega&query_place_id=ChIJKdKboGw-SQ0RaP_2JfWBWGI,43.3497886,-4.0480299,/productores/es/cantabria/cantabria/confiteria-blanco-hojaldres-de-torrelavega.webp,verificado,sí,ecommerce,
confiteria-cafeteria-carma,Confitería Cafetería Carma,San Vicente de la Barquera,Pan y cereal,"Confitería, repostería y cafetería","Av. Miramar, 6, 39540 San Vicente de la Barquera, Cantabria, Spain",Confitería-cafetería local de San Vicente de la Barquera; queda pendiente fuente propia actual que confirme obrador.,,+34942710225,,,,,https://www.google.com/maps/search/?api=1&query=Confiter%C3%ADa%20Cafeter%C3%ADa%20Carma&query_place_id=ChIJ4Q10ZgqgSQ0Ra4aYptVnJx4,43.3829879,-4.3985383,,parcial,no comprobado,,
confiteria-maria-luisa-sl,Confitería María Luisa,Liérganes,Pan y cereal,"Almendradas, sacristanes y repostería tradicional","P.º Hombre Pez, 6, 39722 Liérganes, Cantabria, Spain",Confitería tradicional de Liérganes con ficha local específica; queda pendiente fuente propia actual.,,+34942528355,,,,,https://www.google.com/maps/search/?api=1&query=Confiter%C3%ADa%20Maria%20Luisa%20SL&query_place_id=ChIJ9Ws1VFUzSQ0RE7p01prBQDc,43.3456046,-3.7438102,,parcial,no comprobado,,
confiteria-milhojas,Confitería Milhojas,Cabezón de la Sal,Pan y cereal,"Hojaldre caramelizado, almendrados, paciencias y tartas","C. San Martín, 20, 39500 Cabezón de la Sal, Cantabria, Spain","Obrador de Cabezón de la Sal, maestro confitero desde 1998, especializado en hojaldre caramelizado y productos artesanos por encargo.",,+34942700829,,https://confiteriamilhojas.es/,,https://www.instagram.com/confiteria_milhojas/,https://www.google.com/maps/search/?api=1&query=Confiter%C3%ADa%20Milhojas&query_place_id=ChIJfXNJlyEOSQ0R0fRc_j-BIjg,43.3073984,-4.2374364,/productores/es/cantabria/cantabria/confiteria-milhojas.webp,verificado,sí,telefono,
confiteria-romanos,Confitería Romanos,Suances,Pan y cereal,"Tartas, hojaldre, pasteles, repostería y sobaos","C. de Ceballos, 9, 39340 Suances, Cantabria, Spain","Confitería y obrador visible de Suances con elaboración diaria de tartas, hojaldre, pasteles, repostería y sobaos.",,+34942811417,info@confiteriaromanos.es,https://confiteriaromanos.es/,,,https://www.google.com/maps/search/?api=1&query=Confiter%C3%ADa%20Romanos&query_place_id=ChIJhyvR3WtASQ0RRNBiqGPiljE,43.4273137,-4.042390200000001,/productores/es/cantabria/cantabria/confiteria-romanos.webp,verificado,no comprobado,,
confiteria-san-miguel,Confitería San Miguel,Torrelavega,Pan y cereal,"Hojaldres, bombones, helados artesanos y panes especiales","C. Juan XXIII, 3, 39300 Torrelavega, Cantabria, Spain","Confitería Obrador San Miguel de Torrelavega, con pastelería diaria, hojaldres, bombones, helados artesanos y panes especiales.",,+34942807777,,https://confiteriasanmiguel.com/,,https://www.instagram.com/san_miguel_confiteria/,https://www.google.com/maps/search/?api=1&query=Confiter%C3%ADa%20San%20Miguel&query_place_id=ChIJz7i8YGo-SQ0Rba2VgIxaD-k,43.3533857,-4.0463709,/productores/es/cantabria/cantabria/confiteria-san-miguel.webp,verificado,no comprobado,,
confiteria-santos-obrador,Confitería Santos,Torrelavega,Pan y cereal,"Tarta de hojaldre, polkas, almendrados y paciencias","Calle Consolación, 26, 39300 Torrelavega, Cantabria, Spain","Obrador artesano de Torrelavega fundado en 1953, especializado en hojaldres y dulces artesanos con compra online.",,+34942881511,,https://www.confiteriasantos.com/,,,https://www.google.com/maps/search/?api=1&query=Confiter%C3%ADa%20Santos-Obrador&query_place_id=ChIJh0b_aGs-SQ0R9f5RV-Pf4LU,43.3504592,-4.0476138,/productores/es/cantabria/cantabria/confiteria-santos-obrador.webp,verificado,sí,ecommerce,
confiteria-vega,Confitería Vega,Torrelavega,Pan y cereal,"Pastelería tradicional, chocolates y dulces de temporada","C. Julián Ceballos, 20, 39300 Torrelavega, Cantabria, Spain","Confitería y pastelería tradicional de Torrelavega desde 1962, con obrador, encargos y servicio a domicilio.",,+34942881040,info@confiteriavega.es,https://confiteriavega.es/,,https://www.instagram.com/confiteriavega/,https://www.google.com/maps/search/?api=1&query=Confiter%C3%ADa%20Vega&query_place_id=ChIJ9_VWs2w-SQ0R-4ZTwfbbsIc,43.3485203,-4.047867399999999,/productores/es/cantabria/cantabria/confiteria-vega.webp,verificado,sí,email|telefono,
confiterias-gomez,Confiterías Gómez,Santander,Pan y cereal,"Tartas, sobaos, quesadas, pastas, hojaldres y panes","C. Adarzo, 167A, 39011 Santander, Cantabria, Spain","Pastelerías Gómez, maestros pasteleros de Santander desde 1860, con productos artesanales y tienda online de reparto limitado.",,+34942325343,,https://gomezpastelerias.com/,,https://www.instagram.com/pasteleriasgomez/,https://www.google.com/maps/search/?api=1&query=Confiter%C3%ADas%20G%C3%B3mez&query_place_id=ChIJ5y1ILq1JSQ0RXtQ4vz7aiOQ,43.44933570000001,-3.8650725,/productores/es/cantabria/cantabria/confiterias-gomez.webp,verificado,sí,ecommerce,
de-rosa-obrador,De Rosa Obrador,Piélagos,Pan y cereal,"Pan, bollería y repostería artesanal","Barrio Salas, 8, 39120 Liencres, Piélagos, Cantabria","Obrador artesanal de Liencres que elabora pan, bollería y repostería a diario con fermentaciones largas.",,+34942578055,,https://derosaobrador.es/,,https://www.instagram.com/derosaobrador/,https://www.google.com/maps/search/?api=1&query=De%20Rosa%20Obrador&query_place_id=ChIJZw1rYgZHSQ0R2VihN1P1_oQ,43.4598988,-3.9287935,/productores/es/cantabria/cantabria/de-rosa-obrador.webp,verificado,no comprobado,,
ecopanaderia-el-pan-de-la-vida,Ecopanadería El Pan de la Vida,Camargo,Pan y cereal,Panes integrales ecológicos de masa madre,"Av. Parayas, 15, 39600 Camargo, Cantabria, Spain","Ecopanadería de Camargo especializada en panes integrales de cereales tradicionales y alternativos, con tienda online.",,+34625220755,,https://ecopanaderia.com/,,https://www.instagram.com/ecopanaderia/,https://www.google.com/maps/search/?api=1&query=Ecopanader%C3%ADa%20El%20Pan%20de%20la%20Vida&query_place_id=ChIJXfol2GY3SQ0R01JfXRKWYHs,43.41796129999999,-3.8381669,/productores/es/cantabria/cantabria/ecopanaderia-el-pan-de-la-vida.webp,verificado,sí,ecommerce,
el-horno-de-luisa,El Horno de Luisa,Potes,Pan y cereal,Panadería y repostería,"C. Cántabra, 3, 39570 Potes, Cantabria, Spain",Horno y panadería local de Potes con ficha pública específica; queda pendiente fuente propia actual.,,+34942417693,,,,,https://www.google.com/maps/search/?api=1&query=El%20Horno%20de%20Luisa&query_place_id=ChIJ3TYKfqezSQ0R8PSgCvmnlAQ,43.1532889,-4.6236472,,parcial,no comprobado,,
el-obrador-de-maria,El Obrador de María,San Felices de Buelna,Pan y cereal,Panes artesanales de masa madre y larga fermentación,"Barrio Rivero, 14, 39409 San Felices de Buelna, Cantabria",Panadería artesanal de Rivero dedicada a panes saludables de larga fermentación y masa madre.,,+34620986585,tejaspan2022@gmail.com,https://elobradordemaria.com/,,,https://www.google.com/maps/search/?api=1&query=El%20Obrador%20de%20Mar%C3%ADa&query_place_id=ChIJ-3XdQr49SQ0RJDv6I26HtHY,43.2741139,-4.0502498,/productores/es/cantabria/cantabria/el-obrador-de-maria.webp,verificado,no comprobado,,
el-obrador-de-moncobe,El Obrador de Moncobe,Riotuerto,Pan y cereal,Rosquillas y repostería artesanal,"Barrio Moncobe, 10, 39720 Los Barrios, Cantabria, Spain",Obrador familiar de Riotuerto que elabora rosquillas y productos caseros de repostería tradicional.,,+34670564809,elobradordemoncobe@gmail.com,https://elobradordemoncobe.es/,,,https://www.google.com/maps/search/?api=1&query=El%20obrador%20de%20Moncobe&query_place_id=ChIJfZ4BlHRRpScR2eaf1x4kwX0,43.32185200000001,-3.6662984,/productores/es/cantabria/cantabria/el-obrador-de-moncobe.webp,verificado,no comprobado,,
fermento-casa-de-panaderos,Fermento Casa de Panaderos,Torrelavega,Pan y cereal,Pan de masa madre y fermentación lenta,"C. Julián Ceballos, 20, 39300 Torrelavega, Cantabria, Spain",Casa de panaderos especializada en pan de fermentación lenta y masa madre en Torrelavega.,,+34942805685,,https://www.casadepanaderos.com/,,https://www.instagram.com/fermento_casa_de_panaderos/,https://www.google.com/maps/search/?api=1&query=Fermento%20Casa%20de%20Panaderos&query_place_id=ChIJd2h80nA_SQ0Rh0GaR8hEZYU,43.34867,-4.0489288,/productores/es/cantabria/cantabria/fermento-casa-de-panaderos.webp,verificado,no comprobado,,
flava-obrador,FLAVA Obrador,Ramales de la Victoria,Pan y cereal,"Tartas, repostería y dulces por encargo","C. El Ferial, 39800 Ramales de la Victoria, Cantabria, Spain",Obrador de Ramales de la Victoria con repostería bajo encargo y contacto directo por WhatsApp.,,+34661559030,,,,https://www.instagram.com/flava.obrador/,https://www.google.com/maps/search/?api=1&query=Flava%20obrador&query_place_id=ChIJLbPKQQDdTg0RkuMdaeUeyiE,43.2577927,-3.4655482,,verificado,sí,whatsapp,
horno-san-jose,Horno San José,Torrelavega,Despensa artesanal,"Cafés, chocolates, cacao, harinas y derivados","C. Ramón y Cajal, 0, 39300 Torrelavega, Cantabria, Spain","Empresa histórica de Torrelavega dedicada a cafés, chocolates, cacao, harinas y otros derivados alimentarios.",,+34942881000,,https://www.hornosanjose.com/,,https://www.instagram.com/hornosanjose/,https://www.google.com/maps/search/?api=1&query=Horno%20San%20Jos%C3%A9&query_place_id=ChIJ8zmUnWw-SQ0R7W_a2c6xNT8,43.34970209999999,-4.0474326,/productores/es/cantabria/cantabria/horno-san-jose.webp,verificado,no comprobado,,
jireh-obrador-de-pan-y-pasteleria-s-l,Jíreh Panadería & Pastelería,Torrelavega,Pan y cereal,Panadería y pastelería,"C. Pintor Escudero Espronceda, 9, 39300 Torrelavega, Cantabria, Spain",Panadería y pastelería de Torrelavega con perfil social propio y ficha local específica.,,+34610937555,,,,https://www.instagram.com/jireh.panaderia.y.pasteleria/,https://www.google.com/maps/search/?api=1&query=Jireh%20Obrador%20De%20Pan%20Y%20Pasteler%C3%ADa%20S.L.&query_place_id=ChIJtacfilU_SQ0RWGxeEniXGC4,43.3458728,-4.0505996,,verificado,no comprobado,,
joselin-sobaos-pasiegos-y-quesadas,Sobaos Joselín,Selaya,Pan y cereal,"Sobaos pasiegos IGP, quesada pasiega y dulces de Selaya","C. Pola, 3, 39696 Selaya, Cantabria, Spain","Obrador de Selaya con 80 años de elaboración tradicional de sobaos pasiegos IGP y quesadas, museo y tienda online.",,+34942590268,,https://www.sobaosjoselin.com/,,https://www.instagram.com/sobaosjoselin/,https://www.google.com/maps/search/?api=1&query=Josel%C3%ADn%20Sobaos%20Pasiegos%20y%20Quesadas&query_place_id=ChIJk_qyq2osSQ0RPhLyMffvIR8,43.2227464,-3.8095309,/productores/es/cantabria/cantabria/joselin-sobaos-pasiegos-y-quesadas.webp,verificado,sí,ecommerce,
kurrusku-panaderia,Kurrusku Panaderia,Castro-Urdiales,Pan y cereal,Panadería local,"C. Ardigales, 39700 Castro-Urdiales, Cantabria, Spain",Panadería local de Castro-Urdiales con ficha pública específica; queda pendiente fuente propia actual.,,,,,,,https://www.google.com/maps/search/?api=1&query=Kurrusku%20Panaderia&query_place_id=ChIJPyj8RA_zTg0RqPE-cC1-tJQ,43.3822553,-3.2188333,,parcial,no comprobado,,
la-cabana-sobaos-pasiegos-y-quesadas,La Cabaña Sobaos Pasiegos y Quesadas,Vega de Pas,Pan y cereal,Sobaos pasiegos y quesadas,"CA-263, 39685 Candolias, Vega de Pas, Cantabria",Obrador pasiego de Candolias especializado en sobaos y quesadas; queda pendiente fuente propia actual accesible.,,+34620670323,,http://www.sobaoslacabaña.com/,,,https://www.google.com/maps/search/?api=1&query=La%20Caba%C3%B1a%20Sobaos%20Pasiegos%20y%20Quesadas&query_place_id=ChIJqbtwqkIrSQ0RFXqcQ-nXFcU,43.1576909,-3.8006466,,parcial,no comprobado,,
la-canuta-panaderia,La Cañuta Panadería,Santoña,Pan y cereal,"Panes artesanos, dulces y salados","C. las Huertas, 1, 39740 Santoña, Cantabria, Spain","Panadería, pastelería y cafetería de Santoña que elabora panes artesanos a diario con levaduras naturales.",,+34942131468,info@lacañuta.es,https://xn--lacauta-7za.es/,,,https://www.google.com/maps/search/?api=1&query=La%20Ca%C3%B1uta%20Panader%C3%ADa&query_place_id=ChIJc3CFj5y_Tg0RNxQlS-83Q7I,43.4432012,-3.4555898,/productores/es/cantabria/cantabria/la-canuta-panaderia.webp,verificado,no comprobado,,
la-escanda-horno-de-pan,La Escanda Horno De Pan,San Vicente de la Barquera,Pan y cereal,Horno de pan,"Av. Francisco Giner de los Ríos, 26, 39540 San Vicente de la Barquera, Cantabria, Spain",Horno de pan local de San Vicente de la Barquera con ficha pública específica; queda pendiente fuente propia actual.,,+34942585890,,,,,https://www.google.com/maps/search/?api=1&query=La%20Escanda%20Horno%20De%20Pan&query_place_id=ChIJZ41i_roKSQ0RWKTorzmKXx8,43.38799179999999,-4.3850549,,parcial,no comprobado,,
la-sabrosita-panaderia-colombiana,La Sabrosita Panadería Colombiana,Laredo,Pan y cereal,Panadería y pastelería colombiana,"Pl. la Constitución, 18, 39770 Laredo, Cantabria, Spain",Panadería y pastelería colombiana con obrador y perfil social propio en Laredo y Santander.,,+34942043374,,,,https://www.instagram.com/lasabrositacantabria/,https://www.google.com/maps/search/?api=1&query=La%20Sabrosita%20-%20Panader%C3%ADa%20Colombiana&query_place_id=ChIJif-IPwDrTg0ROaNz9dS3SCI,43.4113882,-3.4116502,,verificado,no comprobado,,
las-marias-pasteleria-y-panaderia,Las Marías Pastelería y Panadería,Santander,Pan y cereal,"Pan fresco, pasteles, alfajores, pastas y tartas por encargo","C. Calderón de la Barca, 12, 39002 Santander, Cantabria, Spain","Pastelería y panadería artesana de Santander, activa desde 1995, con elaboración diaria en obrador.",,+34664309162,,https://www.lasmariaspasteleria.es/,,,https://www.google.com/maps/search/?api=1&query=Las%20Mar%C3%ADas-Pasteler%C3%ADa%20y%20Panader%C3%ADa&query_place_id=ChIJP0ANUwBLSQ0RzH3qPH6F5zU,43.4590019,-3.8094722,,verificado,no comprobado,,
panaderia-ajo,Panaderia Ajo,Santoña,Pan y cereal,Panadería local,"C. Gral. Santiago, 7, 39740 Santoña, Cantabria, Spain",Panadería local de Santoña con ficha pública específica; queda pendiente fuente propia actual.,,,,,,,https://www.google.com/maps/search/?api=1&query=Panaderia%20Ajo&query_place_id=ChIJ9QcpDp2_Tg0Rd4ZbsZiaU4c,43.4430387,-3.4582243,,parcial,no comprobado,,
panaderia-angel,Panadería Ángel,Potes,Pan y cereal,Panadería local,"Calle del Sol, 22, 39570 Potes, Cantabria, Spain",Panadería local de Potes con ficha pública específica; queda pendiente fuente propia actual.,,,,,,,https://www.google.com/maps/search/?api=1&query=Panaderia%20Angel&query_place_id=ChIJ0zO8k4qzSQ0RACFZO-eGD5M,43.1535221,-4.6255453,,parcial,no comprobado,,
panaderia-avin,Panadería Avin,Selaya,Pan y cereal,Panadería y repostería local,"C. Buenavista, 2, 39696 Llera, Cantabria, Spain",Panadería local de Selaya/Llera con ficha pública específica; queda pendiente fuente propia actual.,,+34942590247,,,,,https://www.google.com/maps/search/?api=1&query=Panader%C3%ADa%20Avin&query_place_id=ChIJ67PfEj8sSQ0RmRPwx_Nvzpw,43.2115297,-3.8059408,,parcial,no comprobado,,
panaderia-cisneros-17,Panadería Cisneros 17,Santander,Pan y cereal,Panadería local,"C. Cardenal Cisneros, 17, 39007 Santander, Cantabria, Spain",Panadería local de Santander con ficha pública específica; queda pendiente fuente propia actual.,,+34942233505,,,,,https://www.google.com/maps/search/?api=1&query=Panader%C3%ADa%20Cisneros%2017&query_place_id=ChIJj_Ye2s1LSQ0Rkd6cF5Zxy3c,43.46327609999999,-3.8127728,,parcial,no comprobado,,
panaderia-cruce,Panadería Cruce,Vega de Pas,Pan y cereal,Panadería local,"C. el Cruce, 0, 39685 Vega de Pas, Cantabria, Spain",Panadería local de Vega de Pas con ficha pública específica; queda pendiente fuente propia actual.,,,,,,,https://www.google.com/maps/search/?api=1&query=Panader%C3%ADa%20Cruce&query_place_id=ChIJoSuR_akrSQ0RQLwMMokU_Bw,43.1566172,-3.7829826,,parcial,no comprobado,,
panaderia-de-vieda,Panadería de Vieda,Cabezón de Liébana,Pan y cereal,Panadería local de Liébana,"39573 Cabezón de Liébana, Cantabria, Spain",Panadería local de Cabezón de Liébana con ficha pública específica; queda pendiente fuente propia actual.,,+34942735087,,,,,https://www.google.com/maps/search/?api=1&query=Panader%C3%ADa%20de%20Vieda&query_place_id=ChIJuarXDA6zSQ0RNoyyY89uLiA,43.1428219,-4.588789600000001,,parcial,no comprobado,,
panaderia-dona-croqueta,Panadería Doña Croqueta,Castro-Urdiales,Pan y cereal,Panadería local,"C. Bajada del Chorrillo, 4, 39700 Castro-Urdiales, Cantabria, Spain",Panadería local de Castro-Urdiales con ficha pública específica; queda pendiente fuente propia actual.,,,,,,,https://www.google.com/maps/search/?api=1&query=Panader%C3%ADa%20Do%C3%B1a%20Croqueta&query_place_id=ChIJe7WqMkryTg0Rf23Xf1m_BpE,43.3832128,-3.2225306,,parcial,no comprobado,,
panaderia-el-molino,Panadería El Molino,Cabezón de la Sal,Pan y cereal,Panadería local,"Av. Textil Santanderina, 11, 39500 Cabezón de la Sal, Cantabria, Spain",Panadería local de Cabezón de la Sal con ficha pública específica; queda pendiente fuente propia actual.,,+34942702282,,,,,https://www.google.com/maps/search/?api=1&query=Panader%C3%ADa%20El%20Molino&query_place_id=ChIJcTzZxt8RSQ0RyK1e2G1u6fw,43.30846460000001,-4.2318136,,parcial,no comprobado,,
panaderia-galizano,Panadería Galizano,Ribamontán al Mar,Pan y cereal,Panadería local,"C. La Iglesia, 1, 39160 Galizano, Ribamontán al Mar, Cantabria",Panadería local de Galizano con ficha pública específica; queda pendiente fuente propia actual.,,+34942505113,,,,,https://www.google.com/maps/search/?api=1&query=Panader%C3%ADa%20Galizano&query_place_id=ChIJZaC5jwO1Tg0RngeRRqVnptI,43.469527,-3.6716627,,parcial,no comprobado,,
panaderia-gallofa-co,Gallofa & Co,Santander,Pan y cereal,"Panes artesanos, bollería, pastelería y salados","Calle Isabel II, 21, 39002 Santander, Cantabria, Spain","Cadena cántabra de panaderías y pastelerías artesanas con panes de masa madre, bollería, pastelería y salados.",,+34942210209,,https://gallofa.com/,,https://www.instagram.com/gallofa_co/,https://www.google.com/maps/search/?api=1&query=Panader%C3%ADa%20Gallofa%26Co&query_place_id=ChIJg3qgQstLSQ0RjCOJfqR3PTE,43.4602793,-3.8088636,/productores/es/cantabria/cantabria/panaderia-gallofa-co.webp,verificado,no comprobado,,
panaderia-gustos,Panaderia Gustos,Ampuero,Pan y cereal,Panadería local,"Bajo, Pl. Mayor, 11, 39840 Ampuero, Cantabria, Spain",Panadería local de Ampuero con ficha pública específica; queda pendiente fuente propia actual.,,+34942318669,,,,,https://www.google.com/maps/search/?api=1&query=Panaderia%20Gustos&query_place_id=ChIJAQAAwOPpTg0RGVcAWSjJETs,43.3424554,-3.4161046,,parcial,no comprobado,,
panaderia-hermanos-ortiz,Panadería Hermanos Ortiz,Ampuero,Pan y cereal,Panadería local,"Barrio Marrón, Calle Tenerías, 24, 39849 Ampuero, Cantabria","Panadería local de Marrón, en Ampuero, con ficha pública específica; queda pendiente fuente propia actual.",,+34942622633,,,,,https://www.google.com/maps/search/?api=1&query=Panader%C3%ADa%20Hermanos%20Ortiz&query_place_id=ChIJ_dnq2BvCTg0RwYJA_Ge4KIA,43.3469182,-3.4245124,,parcial,no comprobado,,
panaderia-hijos-de-antonio-ruiz-sl,"Panadería Hijos de Antonio Ruiz, SL",Campoo de Yuso,Pan y cereal,Panadería local de Orzales,"Calle Berezal 51, 39292 Orzales, Campoo de Yuso, Cantabria",Panadería local de Orzales con ficha pública específica; queda pendiente fuente propia actual.,,+34942778495,,,,,https://www.google.com/maps/search/?api=1&query=Panader%C3%ADa%20Hijos%20de%20Antonio%20Ruiz%2C%20SL&query_place_id=ChIJ5eVIdfPdSA0RdXpcM_QXdRk,43.00573730000001,-4.0674868,,parcial,no comprobado,,
panaderia-hijos-de-juan-carral,Panadería Hijos de Juan Carral,Villacarriedo,Pan y cereal,Panadería local,"N-623, 23, 39640 Villacarriedo, Cantabria, Spain",Panadería local de Villacarriedo con ficha pública específica; queda pendiente fuente propia actual.,,+34942590024,,,,,https://www.google.com/maps/search/?api=1&query=Panader%C3%ADa%20Hijos%20de%20Juan%20Carral&query_place_id=ChIJVxRK28wtSQ0RDppDwvBysl0,43.2309977,-3.8150198,,parcial,no comprobado,,
panaderia-ismael-saiz-garcia-s-l,Panadería Ismael Sáiz Garcia S.l.,Castro-Urdiales,Pan y cereal,Panadería local,"C. Santander, 10, 39700 Castro-Urdiales, Cantabria, Spain",Panadería local de Castro-Urdiales con ficha pública específica; queda pendiente fuente propia actual.,,,,,,,https://www.google.com/maps/search/?api=1&query=Panader%C3%ADa%20Ismael%20S%C3%A1iz%20Garcia%20S.l.&query_place_id=ChIJ_0O5IUvyTg0Rgvv9myHm3KQ,43.383386,-3.2193064,,parcial,no comprobado,,
panaderia-jelu,Panadería Jelu,Noja,Pan y cereal,Panadería local,"C. el Arenal, 5, 39180 Noja, Cantabria, Spain",Panadería local de Noja con ficha pública específica; queda pendiente fuente propia actual.,,+34942631007,,,,,https://www.google.com/maps/search/?api=1&query=Panader%C3%ADa%20Jelu&query_place_id=ChIJnwWj1kG5Tg0RBM37LzFFquk,43.489914,-3.5263333,,parcial,no comprobado,,
panaderia-la-antigua,La Antigua Panadería,Santander,Pan y cereal,"Pastas de té, pan artesano, dulces y palmeras","C. San Fernando, 16, 39010 Santander, Cantabria, Spain","Panadería y pastelería artesana de Santander activa desde 2013, premiada por sus pastas de té de Cantabria.",,+34942014577,,https://laantiguasantander.es/,,https://www.instagram.com/laantiguasantander/,https://www.google.com/maps/search/?api=1&query=Panader%C3%ADa%20La%20Antigua&query_place_id=ChIJYQ5Arw9LSQ0Rgw6n27Aj8Dw,43.4604966,-3.819764,/productores/es/cantabria/cantabria/panaderia-la-antigua.webp,verificado,no comprobado,,
panaderia-la-costera,Panadería la Costera,Liérganes,Pan y cereal,Panadería local,"Lugar Barrio la Costera, 16, 39727 Liérganes, Cantabria, Spain",Panadería local de Liérganes con ficha pública específica; queda pendiente fuente propia actual.,,+34942528173,,,,,https://www.google.com/maps/search/?api=1&query=Panader%C3%ADa%20la%20Costera&query_place_id=ChIJ3XCyBVUzSQ0RTiOTh1Iv7RU,43.3435549,-3.7456662,,parcial,no comprobado,,
panaderia-la-pasiega,Panadería La Pasiega,Selaya,Pan y cereal,Panadería local,"C. la Campera, 6, 39696 Llera, Cantabria, Spain",Panadería local de Selaya/Llera con ficha pública específica; queda pendiente fuente propia actual.,,+34942590427,,,,,https://www.google.com/maps/search/?api=1&query=Panader%C3%ADa%20La%20Pasiega&query_place_id=ChIJg0GmzDgsSQ0R2bSPKptbg7M,43.2133605,-3.8060877,,parcial,no comprobado,,
panaderia-la-pesa-s-c,Panadería La Pesa S C,Cabezón de la Sal,Pan y cereal,Panadería local,"Lugar Barrio Pesa, S N, C. de San Pedro, 23, 39500 Cabezón de la Sal, Cantabria, Spain",Panadería local de Cabezón de la Sal con ficha pública específica; queda pendiente fuente propia actual.,,+34942700394,,,,,https://www.google.com/maps/search/?api=1&query=Panader%C3%ADa%20La%20Pesa%20S%20C&query_place_id=ChIJG59x5iEOSQ0RYeVeCx90kVI,43.3059629,-4.2373521,,parcial,no comprobado,,
panaderia-la-positiva,Panadería La Positiva,Noja,Pan y cereal,Panadería local,"C. Panadería, 8, 39180 Noja, Cantabria, Spain",Panadería local de Noja con ficha pública específica; queda pendiente fuente propia actual.,,+34942630240,,,,,https://www.google.com/maps/search/?api=1&query=Panader%C3%ADa%20La%20Positiva&query_place_id=ChIJ0-Bdkhe5Tg0RFamt5ZxTGwU,43.47852839999999,-3.521562,,parcial,no comprobado,,
panaderia-la-tahona,Panaderia La Tahona,Potes,Pan y cereal,Panadería local,"Pob. San Roque, 1, 39570 Potes, Cantabria, Spain",Panadería local de Potes con ficha pública específica; queda pendiente fuente propia actual.,,+34627602700,,,,,https://www.google.com/maps/search/?api=1&query=Panaderia%20La%20Tahona&query_place_id=ChIJ415Ymd6zSQ0RJhEFhy5w0KE,43.1545806,-4.6208192,,parcial,no comprobado,,
panaderia-la-vega,Panaderia La Vega,Liérganes,Pan y cereal,Panadería local,"Bo. la Vega, 44, 39727 Liérganes, Cantabria, Spain",Panadería local de Liérganes con ficha pública específica; queda pendiente fuente propia actual.,,+34605877760,,,,,https://www.google.com/maps/search/?api=1&query=Panaderia%20La%20Vega&query_place_id=ChIJyWJCSE0zSQ0RoE7sC-QCBwA,43.3347609,-3.7439765,,parcial,no comprobado,,
panaderia-lasuncion,Panadería Lasunción,Torrelavega,Pan y cereal,"Pan, rosquillas de anís, hojaldre y café","Calle Consolación, 29, Bajo, 39300 Torrelavega, Cantabria, Spain","Panadería y obrador de Torrelavega con pan, rosquillas de anís, hojaldre y perfil social propio.",,+34942880024,,,https://www.facebook.com/panaderia.laasuncion.7/,https://www.instagram.com/lasuncionpanaderia/,https://www.google.com/maps/search/?api=1&query=Panader%C3%ADa%20Lasunci%C3%B3n&query_place_id=ChIJg3u4EGs-SQ0Rk7AUFXN96uQ,43.3513935,-4.0473456,,verificado,no comprobado,,
panaderia-los-arcos,Panadería Los Arcos,Ramales de la Victoria,Pan y cereal,Panadería local,"Pl. José Antonio, 2, 39800 Ramales de la Victoria, Cantabria, Spain",Panadería local de Ramales de la Victoria con ficha pública específica; queda pendiente fuente propia actual.,,,,,,,https://www.google.com/maps/search/?api=1&query=Panader%C3%ADa%20Los%20Arcos&query_place_id=ChIJF0UrVwDdTg0RVoNOfgHSbjs,43.2571373,-3.464175,,parcial,no comprobado,,
panaderia-los-arcos-hermanos-cobo,Panadería Los Arcos-Hermanos Cobo,Laredo,Pan y cereal,Panadería local,"C. Padre Ignacio Ellacuría, 14, 39770 Laredo, Cantabria, Spain",Panadería local de Laredo con ficha pública específica; queda pendiente fuente propia actual.,,+34942612940,,,,,https://www.google.com/maps/search/?api=1&query=Panader%C3%ADa%20Los%20Arcos-Hermanos%20Cobo&query_place_id=ChIJfdaoWJ7qTg0R-KdPIHC79DA,43.4102969,-3.4170484,,parcial,no comprobado,,
panaderia-los-marineros,Panadería Los Marineros,Castro-Urdiales,Pan y cereal,Panadería local,"Bo. de los Marineros, 39700 Castro-Urdiales, Cantabria, Spain",Panadería local de Castro-Urdiales con ficha pública específica; queda pendiente fuente propia actual.,,+34691705731,,,,,https://www.google.com/maps/search/?api=1&query=Panader%C3%ADa%20Los%20Marineros&query_place_id=ChIJT_ieZkvyTg0RBtsSzntziT0,43.3851443,-3.2199103,,parcial,no comprobado,,
panaderia-maria-begona-ortiz-sainz-maza,Panadería María Begoña Ortiz Sáinz Maza,Colindres,Pan y cereal,Panadería local,"C. Pintor Solana, 4, 39750 Colindres, Cantabria, Spain",Panadería local de Colindres con ficha pública específica; queda pendiente fuente propia actual.,,+34942650002,,,,,https://www.google.com/maps/search/?api=1&query=Panader%C3%ADa%20Mar%C3%ADa%20Bego%C3%B1a%20Ortiz%20S%C3%A1inz%20Maza&query_place_id=ChIJk0wl4FPATg0RcWqDVGlNVfM,43.397895,-3.4535987,,parcial,no comprobado,,
panaderia-martin-degustacion,Panadería Martín Degustación,Castro-Urdiales,Pan y cereal,"Pan, sobaos y dulces","C. Eladio Laredo, 5, 39700 Castro-Urdiales, Cantabria, Spain","Obrador local de panadería, sobaos, quesadas o repostería.",,,,,,,https://www.google.com/maps/search/?api=1&query=Panaderia%20Mart%C3%ADn%20Degustacion&query_place_id=ChIJA-ikTkryTg0RtERONF8hQ-o,43.3827438,-3.2215505,,parcial,no comprobado,,
panaderia-menesa,Panadería Menesa,Castro-Urdiales,Pan y cereal,"Pan, sobaos y dulces","Bo. Mioño, 54, 39709 Castro-Urdiales, Cantabria, Spain","Obrador local de panadería, sobaos, quesadas o repostería.",,+34942879987,,,,,https://www.google.com/maps/search/?api=1&query=Panader%C3%ADa%20Menesa&query_place_id=ChIJs3uZ5FvxTg0RqfWeM-pyHnQ,43.35904790000001,-3.2022669,,parcial,no comprobado,,
panaderia-nel,Panadería Nel,San Vicente de la Barquera,Pan y cereal,"Pan, sobaos y dulces","Tr.ª Arenal, 39540 San Vicente de la Barquera, Cantabria, Spain","Obrador local de panadería, sobaos, quesadas o repostería.",,,,,,,https://www.google.com/maps/search/?api=1&query=Panaderia%20nel&query_place_id=ChIJlQLNGtOhSQ0RcSfaelGoqCM,43.3827193,-4.3998344,,parcial,no comprobado,,
panaderia-ojedo,Panadería Ojedo,Cillorigo de Liébana,Pan y cereal,"Pan, sobaos y dulces","Calle Ojedo, S/N, 39584 Ojedo, Cantabria, Spain","Panadería local en Ojedo, dentro de Cillorigo de Liébana.",,+34942730394,,,,,https://www.google.com/maps/search/?api=1&query=Panader%C3%ADa%20Ojedo&query_place_id=ChIJD0VENHyxSQ0RwxbQ2JTC298,43.16218,-4.6112037,,parcial,no comprobado,,
panaderia-orzales-joaquin-ruiz,Panadería Orzales Joaquín Ruiz,Campoo de Yuso,Pan y cereal,"Pan artesanal, pastas y empanadas","Bo. Orzales, 38, 39292 Orzales, Cantabria, Spain","Panadería artesana de Orzales activa desde 1948, con pan, pastas y empanadas elaboradas en Cantabria.",,+34942778481,info@pandeorzales.com,https://pandeorzales.com/,,https://www.instagram.com/pandeorzales/,https://www.google.com/maps/search/?api=1&query=Panader%C3%ADa%20Orzales%20Joaqu%C3%ADn%20Ruiz&query_place_id=ChIJVTFny_TdSA0R_DHVGatPJg0,43.0058163,-4.0659844,/productores/es/cantabria/cantabria/panaderia-orzales-joaquin-ruiz.webp,verificado,no comprobado,,
panaderia-osle,Panadería Osle,Marina de Cudeyo,Pan y cereal,"Pan artesano, hogazas, tartas y bollería","Lugar, Bo. el Puente, 78, 39792 Gajano, Cantabria, Spain","Panadería artesana en Gajano, Marina de Cudeyo, activa desde 1954 con pan, hogazas, tartas y bollería.",,+34942563003,,https://panaderiaosle.es/,,,https://www.google.com/maps/search/?api=1&query=Panader%C3%ADa%20Osle&query_place_id=ChIJiUES65PKTg0Rxm-MOS_SW-U,43.4074314,-3.7661382,/productores/es/cantabria/cantabria/panaderia-osle.webp,verificado,no comprobado,,
panaderia-pan-nan-panes-100-de-masa-madre,Panadería PAN NAN (panes 100% de Masa Madre),Santander,Pan y cereal,Panes 100% masa madre y bollería,"C. Marqués de la Hermida, 42, 39009 Santander, Cantabria, Spain",Obrador santanderino especializado en panes artesanales de masa madre y bollería diaria o por encargo.,,+34624460067,pannan@outlook.es,https://www.pannan.es/,,https://instagram.com/pannan_santander/,https://www.google.com/maps/search/?api=1&query=Panader%C3%ADa%20PAN%20NAN%20%28panes%20100%25%20de%20Masa%20Madre%29&query_place_id=ChIJt4UFpMVLSQ0RWnnKF4pR0EM,43.4540419,-3.8191835,,verificado,no comprobado,,
panaderia-panamor,Panadería Panamor,Reinosa,Pan y cereal,"Pan de Reinosa, pantortillas y bollería","C. Mayor, 40, 39200 Reinosa, Cantabria, Spain","Panadería artesana de Reinosa activa desde 1990, con Pan de Reinosa, pantortillas, bollería y servicio Horeca.",,+34942753975,,https://www.panamor.es/,,https://www.instagram.com/panamor.reinosa/,https://www.google.com/maps/search/?api=1&query=Panader%C3%ADa%20Panamor&query_place_id=ChIJkc9idpbmSA0R7f2ubItsyas,43.0016614,-4.1361762,/productores/es/cantabria/cantabria/panaderia-panamor.webp,verificado,no comprobado,,
panaderia-parte,Panadería Parte,Camargo,Pan y cereal,"Pan, pasteles, tartas y bollería","Av. Menéndez Pelayo, 21, 39600 Maliaño, Cantabria, Spain","Panadería tradicional de Maliaño, Camargo, con obrador de pan, pasteles, tartas y bollería.",,+34942251746,,https://panaderiaparte.es/,,https://www.instagram.com/panaderiaparte/,https://www.google.com/maps/search/?api=1&query=Panader%C3%ADa%20Parte&query_place_id=ChIJb-ypux82SQ0RHrwFIpLvuoc,43.4176715,-3.843447599999999,/productores/es/cantabria/cantabria/panaderia-parte.webp,verificado,no comprobado,,
panaderia-pasion-por-el-pan-acai-santander,Panadería Pasión por el Pan | Acai Santander,Santander,Pan y cereal,"Pan, sobaos y dulces","C. los Ciruelos, 40, 39011 Santander, Cantabria, Spain","Obrador local de panadería, sobaos, quesadas o repostería.",,+34622867289,,,,,https://www.google.com/maps/search/?api=1&query=Panader%C3%ADa%20Pasi%C3%B3n%20por%20el%20Pan%20%7C%20Acai%20Santander&query_place_id=ChIJoz6TL75JSQ0RfoA-2ZY9zzs,43.4582499,-3.8539299,,parcial,no comprobado,,
panaderia-pasteleria-los-arcos,Panadería Pastelería Los Arcos,Ampuero,Pan y cereal,"Pan, sobaos y dulces","Tr.ª Río, 4, 39840 Ampuero, Cantabria, Spain","Obrador local de panadería, sobaos, quesadas o repostería.",,,,,,,https://www.google.com/maps/search/?api=1&query=Panader%C3%ADa%20Pasteler%C3%ADa%20Los%20Arcos&query_place_id=ChIJGY7Ws-PpTg0R05DFFfjcNOI,43.3429471,-3.416727,,parcial,no comprobado,,
panaderia-pasteleria-los-arcos-aridi,Panadería Pastelería Los Arcos Aridi,Santoña,Pan y cereal,"Pan, sobaos y dulces","C. Lino Casimiro Iborra, 3A, 39740 Santoña, Cantabria, Spain","Obrador local de panadería, sobaos, quesadas o repostería.",,+34942661150,,,,,https://www.google.com/maps/search/?api=1&query=Panader%C3%ADa%20Pasteler%C3%ADa%20Los%20Arcos%20Aridi&query_place_id=ChIJMzjxaJu_Tg0RN9kRXIslNJE,43.4426776,-3.4541649,,parcial,no comprobado,,
panaderia-patrocinio,Panadería Patrocinio,Laredo,Pan y cereal,"Pan, quesadas pasiegas y panadería ultracongelada","Av. de España, 12, 39770 Laredo, Cantabria, Spain","Obrador cántabro con punto de venta en Laredo, pan diario, quesadas pasiegas y reparto de pan a domicilio.",,+34942635167,info@panaderiapatrocinio.es,https://www.panaderiapatrocinio.es/,,,https://www.google.com/maps/search/?api=1&query=Panader%C3%ADa%20Patrocinio&query_place_id=ChIJo1jIH5zqTg0RkKkV88R3EaA,43.4089035,-3.415594,/productores/es/cantabria/cantabria/panaderia-patrocinio.webp,verificado,no comprobado,,
panaderia-peter-pan,Panadería Peter & Pan,Santander,Pan y cereal,"Pan, bollería y pastelería","C. Marqués de la Hermida, 28, 39009 Santander, Cantabria, Spain","Red de panaderías tradicionales en Cantabria con elaboración diaria de pan, bollería y pastelería.",,+34942536218,,http://panaderiapeterypan.es/,,https://www.instagram.com/peterypanpanaderia/,https://www.google.com/maps/search/?api=1&query=Panader%C3%ADa%20Peter%20%26%20Pan&query_place_id=ChIJjT0f2etLSQ0RUB9bV6NtkFo,43.4546132,-3.8169318,/productores/es/cantabria/cantabria/panaderia-peter-pan.webp,verificado,no comprobado,,
panaderia-pielagos,Panadería Piélagos,Piélagos,Pan y cereal,"Pan de fermentación lenta, bollería y pastelería","Bo. Salcedo, 21A, 39477, Cantabria, Spain","Obrador de Panadería Piélagos y panaderías La Artesana, con pan de fermentación lenta y productos recién horneados.",,+34629822087,,https://panaderiapielagos.es/,,,https://www.google.com/maps/search/?api=1&query=Panader%C3%ADa%20Pi%C3%A9lagos&query_place_id=ChIJU7RluiI5SQ0RBcUbzuYGR-M,43.3675631,-3.9682431,/productores/es/cantabria/cantabria/panaderia-pielagos.webp,verificado,no comprobado,,
panaderia-puente-asnil,Panadería Puente Asnil,Cabezón de Liébana,Pan y cereal,"Pan lebaniego, horneados a leña y productos gourmet","CA-184, Km, 8, 39571 Cabezón de Liébana, Cantabria, Spain","Obrador lebaniego de pan artesanal sin conservantes ni aditivos, con tienda online propia.",,+34617040276,,https://panaderiapuenteasnil.es/,,,https://www.google.com/maps/search/?api=1&query=Panader%C3%ADa%20Puente%20Asnil&query_place_id=ChIJUSTRK5ezSQ0RkbF0hu0-KB4,43.121105,-4.5680401,/productores/es/cantabria/cantabria/panaderia-puente-asnil.webp,verificado,sí,ecommerce,
panaderia-quop-cotolino,Panadería Quop-Cotolino,Castro-Urdiales,Pan y cereal,"Pan, sobaos y dulces","C. Ataúlfo Argenta, 4, 39700 Castro-Urdiales, Cantabria, Spain","Obrador local de panadería, sobaos, quesadas o repostería.",,+34942867275,,,,,https://www.google.com/maps/search/?api=1&query=Panaderia%20Quop-Cotolino&query_place_id=ChIJJz0S7bfzTg0REKiyCKHiS2s,43.3724934,-3.2083126,,parcial,no comprobado,,
panaderia-saiper,Panadería Saiper,Penagos,Pan y cereal,"Pan de masa madre, sobaos y quesadas","C. Morriones, 14, 39627 Penagos, Cantabria, Spain","Panadería familiar activa desde 1920 en Penagos, con panes de masa madre, bollería, sobaos y quesadas.",,+34942563819,,https://www.panaderiasaiper.com/,,https://www.instagram.com/sobaosluca/,https://www.google.com/maps/search/?api=1&query=Panader%C3%ADa%20Saiper&query_place_id=ChIJq54nDvozSQ0R8lh938QtuLI,43.3312316,-3.8504297,/productores/es/cantabria/cantabria/panaderia-saiper.webp,verificado,no comprobado,,
panaderia-santa-fe,Panadería Santa Fe,Santander,Pan y cereal,"Pan, sobaos y dulces","C. Alcázar de Toledo, 2, 39010 Santander, Cantabria, Spain","Obrador local de panadería, sobaos, quesadas o repostería.",,+34942232595,,,,,https://www.google.com/maps/search/?api=1&query=Panader%C3%ADa%20Santa%20Fe&query_place_id=ChIJx8De9tJLSQ0Rs-UhAeg4LA8,43.4608637,-3.8163966,,parcial,no comprobado,,
panaderia-seles,Panadería Seles,Camaleño,Pan y cereal,"Pan, sobaos y dulces","Lugar Barrio Turieno, 9, 39586 Turieno, Cantabria, Spain","Panadería local en Turieno, dentro de Camaleño.",,+34942730069,,,,,https://www.google.com/maps/search/?api=1&query=Panader%C3%ADa%20Seles&query_place_id=ChIJbzIdTKi2SQ0Rsw5-nJBVGiQ,43.15842139999999,-4.6421499,,parcial,no comprobado,,
panaderia-y-confiteria-las-quintas,Panadería Y Confitería Las Quintas,Santillana del Mar,Pan y cereal,"Pan, sobaos y dulces","Lugar, Bo. las Quintas, 2, 39314 Queveda, Cantabria, Spain","Panadería y confitería local en Queveda, dentro de Santillana del Mar.",,+34658788560,,,,,https://www.google.com/maps/search/?api=1&query=Panader%C3%ADa%20Y%20Confiter%C3%ADa%20Las%20Quintas&query_place_id=ChIJv727jW0VSQ0RYUQHId-uGW0,43.382085,-4.0869728,,parcial,no comprobado,,
panaderias-diaz-pan,Panaderías Díaz Pan,Cabezón de la Sal,Pan y cereal,Pan tradicional y productos de panadería,"Av. Santiago Galas, 13, 39500 Cabezón de la Sal, Cantabria, Spain",Panadería de Cabezón de la Sal con tradición familiar y elaboración diaria de pan tradicional.,,+34942700277,diazpan@diazpan.com,https://diazpan.com/,,,https://www.google.com/maps/search/?api=1&query=Panader%C3%ADas%20D%C3%ADaz%20Pan&query_place_id=ChIJt3hB-N4RSQ0Rc5rWld5TPIU,43.3069123,-4.2302244,/productores/es/cantabria/cantabria/panaderias-diaz-pan.webp,verificado,no comprobado,,
panaderias-nuevas-de-santander,Panaderías Nuevas de Santander,Astillero,Pan y cereal,"Pan, sobaos y dulces","Lugar Parque Empresarial de Morero, 0 S/N, 39611 Guarnizo, Cantabria, Spain","Panadería industrial ubicada en el Parque Empresarial de Morero, Guarnizo, dentro de El Astillero.",,+34942565476,,,,,https://www.google.com/maps/search/?api=1&query=Panader%C3%ADas%20Nuevas%20de%20Santander&query_place_id=ChIJ09WgmWs2SQ0Ris9pwDmKG4g,43.3951877,-3.8439582,,parcial,no comprobado,,
panaderias-sordo,Panaderías Sordo,Torrelavega,Pan y cereal,Pan artesanal y bollería,"C. Bonifacio del Castillo, 3, 39300 Torrelavega, Cantabria, Spain","Obrador familiar de Torrelavega documentado como Panaderías Sordo, activo desde 1816.",,+34942881656,,http://www.panaderiassordo.com/,,,https://www.google.com/maps/search/?api=1&query=Panader%C3%ADas%20Sordo&query_place_id=ChIJPVcMiWo-SQ0RdON3cokb0Nk,43.3537233,-4.046741,,verificado,no comprobado,,
pasteleria-anais,Pastelería Anais,Laredo,Pan y cereal,"Pan, sobaos y dulces","C. Raimundo Revilla, 0, 39770 Laredo, Cantabria, Spain","Obrador local de panadería, sobaos, quesadas o repostería.",,+34942607098,,,,,https://www.google.com/maps/search/?api=1&query=Pasteler%C3%ADa%20Anais&query_place_id=ChIJzyExtZjqTg0RW-tyPdc39zY,43.4126515,-3.4132675,,parcial,no comprobado,,
pasteleria-artesanal-bergua,Pastelería Artesanal Bergua,Liérganes,Pan y cereal,"Coquitos del Miera, Tetas de Liérganes y pastas artesanas","Calle Juan Curtius, 13 Bajo C #, Jan Curtius, 32, 39722 Liérganes, Cantabria, Spain",Pastelería artesana de Liérganes con tienda online de dulces cántabros y especialidades propias.,,+34942517377,,https://pasteleriabergua.es/,,https://www.instagram.com/berguartesanal/,https://www.google.com/maps/search/?api=1&query=Pasteler%C3%ADa%20Artesanal%20Bergua&query_place_id=ChIJJQg2JavMTg0RjSuBfwDYb2Y,43.342619,-3.7427238,/productores/es/cantabria/cantabria/pasteleria-artesanal-bergua.webp,verificado,sí,ecommerce,
pasteleria-asuetto,Pastelería Asuetto,Castro-Urdiales,Pan y cereal,"Pan, sobaos y dulces","C. Juan de la Cosa, 6, 39700 Castro-Urdiales, Cantabria, Spain","Obrador local de panadería, sobaos, quesadas o repostería.",,,,,,,https://www.google.com/maps/search/?api=1&query=Pasteler%C3%ADa%20Asuetto&query_place_id=ChIJS8_rNSvzTg0RrbksJW4d1Mc,43.381523,-3.2190002,,parcial,no comprobado,,
pasteleria-cafeteria-wences-1929,Pastelería Cafetería Wences 1929,Potes,Pan y cereal,"Pan, sobaos y dulces","Pl. Capitán Palacios, N 6, 39570 Potes, Cantabria, Spain","Obrador local de panadería, sobaos, quesadas o repostería.",,+34942730305,,,https://www.facebook.com/share/1BTF3njAXW/,,https://www.google.com/maps/search/?api=1&query=Pasteler%C3%ADa%20Cafeter%C3%ADa%20Wences%201929&query_place_id=ChIJ25dW792zSQ0Rf_A0N1hzoF0,43.1534179,-4.623373300000001,,parcial,no comprobado,,
pasteleria-casa-vejo,Pastelería Casa Vejo,Reinosa,Pan y cereal,"Pantortillas, reinosas y nevaditos","C. Mayor, 32, 39200 Reinosa, Cantabria, Spain","Pastelería artesana de Reinosa activa desde 1930, especializada en dulces tradicionales de Cantabria.",,+34942750694,,https://casavejo.com/,,https://www.instagram.com/casa_vejo/,https://www.google.com/maps/search/?api=1&query=Pasteler%C3%ADa%20Casa%20Vejo&query_place_id=ChIJY93TZJbmSA0R5zQgAzjONHY,43.0012913,-4.1366308,/productores/es/cantabria/cantabria/pasteleria-casa-vejo.webp,verificado,no comprobado,,
pasteleria-delicatessen-sucre,Pastelería Delicatessen Sucré,Santander,Pan y cereal,"Tartas, macarons, bombones y pastas de té","Calle Sta. Lucía, 26, 39003 Santander, Cantabria, Spain","Pastelería artesana de Santander con obrador propio, tienda online y pedidos a domicilio en Santander y alrededores.",,+34942148784,info@pasteleriasucre.com,https://pasteleriasucre.com/,,https://www.instagram.com/delicatessensucre/,https://www.google.com/maps/search/?api=1&query=Pasteleria%20Delicatessen%20Sucr%C3%A9&query_place_id=ChIJ-7186OZHSQ0R0DLqL5NABN4,43.4642035,-3.8000942,/productores/es/cantabria/cantabria/pasteleria-delicatessen-sucre.webp,verificado,sí,ecommerce,
pasteleria-delices,Pastelería Delices,Colindres,Pan y cereal,"Tartas, pasteles, macarons y pastas de té","C. el Carmen, 8, 39750 Colindres, Cantabria, Spain","Pastelería artesana de Colindres con elaboración natural, tienda online y reparto a domicilio en Colindres y municipios cercanos.",,+34662168256,,https://www.pasteleriadelices.com/,,,https://www.google.com/maps/search/?api=1&query=Pasteler%C3%ADa%20Delices&query_place_id=ChIJ1fP8B-_BTg0RmgxFDBEPjuM,43.3957524,-3.4552774,/productores/es/cantabria/cantabria/pasteleria-delices.webp,verificado,sí,ecommerce,
pasteleria-el-copo-de-nieve,Pastelería El Copo de Nieve,Reinosa,Pan y cereal,"Pan, sobaos y dulces","C. Mayor, 2, 39200 Reinosa, Cantabria, Spain","Obrador local de panadería, sobaos, quesadas o repostería.",,+34942750147,,https://www.elcopodenieve.com/,,,https://www.google.com/maps/search/?api=1&query=Pasteler%C3%ADa%20El%20Copo%20de%20Nieve&query_place_id=ChIJee3iApfmSA0RrrEScOf1Vcw,43.0001841,-4.1385851,/productores/es/cantabria/cantabria/pasteleria-el-copo-de-nieve.webp,parcial,no comprobado,,
pasteleria-elysees,Pastelería Elysees,Laredo,Pan y cereal,"Pan, sobaos y dulces","calle peatonal, C. Garelly de la Cámara, 3, 39770 Laredo, Cantabria, Spain","Obrador local de panadería, sobaos, quesadas o repostería.",,+34942607684,,,,,https://www.google.com/maps/search/?api=1&query=Pasteler%C3%ADa%20Elysees&query_place_id=ChIJrTaFKJ_qTg0RTE9ZM-HBceI,43.411352,-3.415167,,parcial,no comprobado,,
pasteleria-espiga-del-angel-ii,Pastelería Espiga del Ángel II,Castro-Urdiales,Pan y cereal,"Pan, sobaos y dulces","C. la Mar, 2, 39700 Castro-Urdiales, Cantabria, Spain","Obrador local de panadería, sobaos, quesadas o repostería.",,+34942780116,,,,,https://www.google.com/maps/search/?api=1&query=Pasteleria%20Espiga%20del%20Angel%20II&query_place_id=ChIJrUVwy0ryTg0RV-qyf62oHcA,43.3823452,-3.2183397,,parcial,no comprobado,,
pasteleria-francesa-obrador,Pastelería Francesa Obrador,Santander,Pan y cereal,"Quesadas, galletas de mantequilla, galette y croissants","frente a Hospital Santa Clotilde, P.º de Altamira, 62, 39006 Santander, Cantabria, Spain",Obrador santanderino de pastelería de inspiración francesa con encargos por teléfono para recogida.,,+34942314617,,https://confiterialafrancesa.com/,,https://www.instagram.com/confiteriafrancesaobrador/,https://www.google.com/maps/search/?api=1&query=Pasteler%C3%ADa%20Francesa%20Obrador&query_place_id=ChIJIw9YCbpLSQ0RqyWxpMMtfUE,43.4685656,-3.7986304,/productores/es/cantabria/cantabria/pasteleria-francesa-obrador.webp,verificado,sí,telefono,
pasteleria-galmapan,Pastelería Galmapan,Ramales de la Victoria,Pan y cereal,"Pan, sobaos y dulces","Av. Miguel de Cervantes, 14, 39800 Ramales de la Victoria, Cantabria, Spain","Obrador local de panadería, sobaos, quesadas o repostería.",,+34942646341,,,,,https://www.google.com/maps/search/?api=1&query=Pasteler%C3%ADa%20Galmapan&query_place_id=ChIJt0E1_N3cTg0RhXGAjfg6KbA,43.2587566,-3.4650157,,parcial,no comprobado,,
pasteleria-gloria,Pastelería Gloria,Polanco,Pan y cereal,"Hojaldres, tartas, sobaos y quesadas","Bo. Cumbrales, f9, 39313 Polanco, Cantabria, Spain","Confitería artesana de Polanco activa desde 1974, especializada en hojaldres, tartas y repostería cántabra.",,+34942824256,,https://www.confiteriagloria.es/,,,https://www.google.com/maps/search/?api=1&query=Pasteler%C3%ADa%20Gloria&query_place_id=ChIJ7fcBTxg_SQ0RpGg9KJAcR2Y,43.3838282,-4.0127326,,verificado,sí,telefono,
pasteleria-hojaldreria-cristina,Pastelería Hojaldrería Cristina,Santoña,Pan y cereal,"Pan, sobaos y dulces","Bo. Piedrahita, 17, 39740 Santoña, Cantabria, Spain","Obrador local de panadería, sobaos, quesadas o repostería.",,+34942626245,,,,,https://www.google.com/maps/search/?api=1&query=Pasteler%C3%ADa%20Hojaldrer%C3%ADa%20Cristina&query_place_id=ChIJh-ohmzy_Tg0RlxR24Uai_sQ,43.4579369,-3.4849087,,parcial,no comprobado,,
pasteleria-la-marcelina,Pastelería La Marcelina,Santander,Pan y cereal,"Pan, sobaos y dulces","C. Cardenal Cisneros, 54, 39007 Santander, Cantabria, Spain","Obrador local de panadería, sobaos, quesadas o repostería.",,+34942051202,,,,,https://www.google.com/maps/search/?api=1&query=Pasteler%C3%ADa%20La%20Marcelina&query_place_id=ChIJxTwuBNJLSQ0RcM8GG3ZRrhA,43.4631499,-3.8150075,,parcial,no comprobado,,
pasteleria-lebena,Pastelería Lebeña,Potes,Pan y cereal,"Pan, sobaos y dulces","C. Eduardo García de Enterría, 16, 39570 Potes, Cantabria, Spain","Obrador local de panadería, sobaos, quesadas o repostería.",,,,,,,https://www.google.com/maps/search/?api=1&query=Pasteler%C3%ADa%20Lebe%C3%B1a&query_place_id=ChIJ5wW7LqmzSQ0RrLO5AsFaYlg,43.1551179,-4.625837600000001,,parcial,no comprobado,,
pasteleria-maria-luisa,Pastelería María Luisa,Santander,Pan y cereal,"Pan, sobaos y dulces","C. Rualasal, 2, 39001 Santander, Cantabria, Spain","Obrador local de panadería, sobaos, quesadas o repostería.",,+34942550632,,,,,https://www.google.com/maps/search/?api=1&query=Pasteler%C3%ADa%20Maria%20Luisa&query_place_id=ChIJ56NeJnpLSQ0R6S9yQ-WZEnw,43.46272310000001,-3.8082731,,parcial,no comprobado,,
pasteleria-maria-luisa-2,Pastelería María Luisa,Santoña,Pan y cereal,"Pan, sobaos y dulces","Pl. San Antonio, 39740 Santoña, Cantabria, Spain","Obrador local de panadería, sobaos, quesadas o repostería.",,+34942794980,,,,,https://www.google.com/maps/search/?api=1&query=Pasteleria%20Maria%20Luisa&query_place_id=ChIJ8du9ieK_Tg0R354f3l1PYxA,43.4434175,-3.4567704,,parcial,no comprobado,,
pasteleria-marilyn,Pastelería Marilyn,Santander,Pan y cereal,"Pan, sobaos y dulces","C. Casimiro Sainz, 13, 39004 Santander, Cantabria, Spain","Obrador local de panadería, sobaos, quesadas o repostería.",,+34942092999,,,,,https://www.google.com/maps/search/?api=1&query=Pasteleria%20Marilyn&query_place_id=ChIJG90pfqpLSQ0RupohL3f_7F8,43.4643272,-3.7969748,,parcial,no comprobado,,
pasteleria-martinez,Pastelería Martínez,Ampuero,Pan y cereal,"Pan, sobaos y dulces","C. la Cruz, 2, 39840 Ampuero, Cantabria, Spain","Obrador local de panadería, sobaos, quesadas o repostería.",,+34942622081,,,,,https://www.google.com/maps/search/?api=1&query=Pasteler%C3%ADa%20Mart%C3%ADnez&query_place_id=ChIJrYy3N-LpTg0RFC2GeaJfo2Q,43.3423189,-3.4175,,parcial,no comprobado,,
pasteleria-obrador-cantabria,Pastelería Obrador Cantabria,Santander,Pan y cereal,"Pan, sobaos y dulces","Avenida del deporte, Av. Grupo María Blanchard, 3, bloque 10 oeste, 39012 Santander, Cantabria, Spain","Obrador local de panadería, sobaos, quesadas o repostería.",,+34619323251,,,,,https://www.google.com/maps/search/?api=1&query=Pasteler%C3%ADa%20Obrador%20Cantabria&query_place_id=ChIJhXUDdc1LSQ0RAIlEoRHfrT8,43.4611391,-3.8442895,,parcial,no comprobado,,
pasteleria-panaderia-amelia-by-hnaspuente,Pastelería Panadería Amelia by HnasPuente,Santander,Pan y cereal,"Pan, empanadas, tartas y repostería sin gluten","C. Federico Vial, 12, 39009 Santander, Cantabria, Spain","Pastelería y panadería sin gluten de HnasPuente en Santander, con tienda online y envíos a la península.",,+34942213962,,https://hnaspuente.com/,,https://www.instagram.com/hnaspuente_amelia/,https://www.google.com/maps/search/?api=1&query=Pasteler%C3%ADa%20Panader%C3%ADa%20Amelia%20by%20HnasPuente&query_place_id=ChIJlQ0yXDJKSQ0RLnSDJwmf4Pc,43.455997,-3.813179,/productores/es/cantabria/cantabria/pasteleria-panaderia-amelia-by-hnaspuente.webp,verificado,sí,ecommerce,
pasteleria-panaderia-espiga-del-angel-i,Pastelería Panadería Espiga del Ángel I,Castro-Urdiales,Pan y cereal,"Pan, sobaos y dulces","C. de Silvestre Ochoa, 16, 39700 Castro-Urdiales, Cantabria, Spain","Obrador local de panadería, sobaos, quesadas o repostería.",,+34942871014,,,,,https://www.google.com/maps/search/?api=1&query=Pasteleria%20Panaderia%20Espiga%20del%20Angel%20I&query_place_id=ChIJbfp1HBPzTg0RPBS7lqTDXA0,43.3842533,-3.2242213,,parcial,no comprobado,,
pasteleria-raymi,Pastelería Raymi,Santoña,Pan y cereal,"Pan, sobaos y dulces","C. Baldomero Villegas, 3, 39740 Santoña, Cantabria, Spain","Obrador local de panadería, sobaos, quesadas o repostería.",,,,,,,https://www.google.com/maps/search/?api=1&query=Pasteleria%20Raymi&query_place_id=ChIJ14NeIZy_Tg0R5vf6OuH5J-8,43.445707,-3.4565083,,parcial,no comprobado,,
pasteleria-rego,Pastelería Rego,Liérganes,Pan y cereal,"Sobaos, quesadas, tartas y pasteles","P.º Hombre Pez, 1, 39722 Liérganes, Cantabria, Spain","Pastelería artesana de Liérganes, maestros artesanos desde 1925, con tienda online de productos típicos y pastelería.",,+34942140909,,https://pasteleriarego.com/,,https://www.instagram.com/pasteleriarego/,https://www.google.com/maps/search/?api=1&query=Pasteler%C3%ADa%20Rego&query_place_id=ChIJ-agCTVUzSQ0Rw1dwYoO3Uk4,43.34481299999999,-3.74363,/productores/es/cantabria/cantabria/pasteleria-rego.webp,verificado,sí,ecommerce,
pasteleria-sabor-a-hogar,Pastelería Sabor a Hogar,Castro-Urdiales,Pan y cereal,"Pasteles, tartas y repostería casera","C. Ataúlfo Argenta, 2 A, bajo local derecho, 39700 Castro-Urdiales, Cantabria, Spain",Pastelería de Castro-Urdiales con actividad pública en su canal social oficial.,,+34603493320,,,,https://www.instagram.com/sabor.ahogar25/,https://www.google.com/maps/search/?api=1&query=Pasteleria%20SABOR%20A%20HOGAR&query_place_id=ChIJ42WQ3STzTg0Re9pD0vNByko,43.3718782,-3.2078527,,verificado,no comprobado,,
pasteleria-sacher,Pastelería Sacher,Castro-Urdiales,Pan y cereal,"Tartas, bombones, chocolates y pasteles","C. Leonardo Rucabado, 19, 39700 Castro-Urdiales, Cantabria, Spain","Pastelería y bombonería de Castro-Urdiales con obrador propio, tartas, bombones, chocolates y creaciones de temporada.",,+34942870919,info@pasteleriasacher.com,https://pasteleriasacher.com/,,,https://www.google.com/maps/search/?api=1&query=Pasteler%C3%ADa%20Sacher&query_place_id=ChIJs70IeTXyTg0Rvx-4fv972ok,43.3802841,-3.2204596,,verificado,no comprobado,,
pasteleria-sol,Pastelería Sol,Torrelavega,Pan y cereal,"Pan, sobaos y dulces","Pl. de los Valles, 6, 39300 Torrelavega, Cantabria, Spain","Obrador local de panadería, sobaos, quesadas o repostería.",,+34942802226,,,,,https://www.google.com/maps/search/?api=1&query=Pasteler%C3%ADa%20Sol&query_place_id=ChIJ-10ct7o_SQ0RlXg9oFyZT9s,43.3421496,-4.0532464,,parcial,no comprobado,,
pasteleria-valtierra,Pastelería Valtierra,Colindres,Pan y cereal,"Sobaos, quesada, pastas y magdalenas","C. Heliodoro Fernández, 23, 39750 Colindres, Cantabria, Spain",Pastelería Valtierra con punto de venta en Colindres y productos comercializados online a través de marketplace.,,+34942674090,,,,https://www.instagram.com/pasteleriasvaltierra/,https://www.google.com/maps/search/?api=1&query=Pasteler%C3%ADa%20Valtierra&query_place_id=ChIJ0aDNOlLATg0RuMDXU4gagUI,43.3978794,-3.4513992,/productores/es/cantabria/cantabria/pasteleria-valtierra.webp,verificado,no comprobado,,
pasteleria-y-confiteria-maria-luisa,Pastelería y Confitería María Luisa,Santa María de Cayón,Pan y cereal,"Pan, sobaos y dulces","Av. Justina Berdía, 13, 39620 Sarón, Cantabria, Spain","Pastelería y confitería local en Sarón, dentro de Santa María de Cayón.",,+34942564186,,,,,https://www.google.com/maps/search/?api=1&query=Pasteler%C3%ADa%20y%20Confiter%C3%ADa%20Mar%C3%ADa%20Luisa&query_place_id=ChIJB4Ujpz0xSQ0RVckDGsIEC4g,43.3249005,-3.8523641,,parcial,no comprobado,,
pasteleria-zapata,Pastelería Zapata,Torrelavega,Pan y cereal,"Pan, sobaos y dulces","Av. Besaya, 3, 39300 Torrelavega, Cantabria, Spain","Obrador local de panadería, sobaos, quesadas o repostería.",,+34942180303,,,,,https://www.google.com/maps/search/?api=1&query=Pasteler%C3%ADa%20Zapata&query_place_id=ChIJdY36ShA-SQ0RdSIhZy5q5P8,43.3460881,-4.0568906,,parcial,no comprobado,,
revuelta-sobaos-y-quesadas,Revuelta Sobaos y Quesadas,Vega de Pas,Pan y cereal,Sobaos pasiegos y quesadas pasiegas,"Travesia de Candolias, 10, 39685 Candolias, Cantabria, Spain","Obrador artesano de sobaos y quesadas pasiegas en Vega de Pas, reactivado como tercera generación familiar y con tienda online.",,+34696551342,info@revuelta.eco,https://revuelta.eco/,,https://www.instagram.com/revuelta.vegadepas/,https://www.google.com/maps/search/?api=1&query=REVUELTA%20%C2%B7%20Sobaos%20y%20Quesadas&query_place_id=ChIJPWiDmRkrSQ0RU1xh3BtL-yE,43.1575689,-3.7953584,/productores/es/cantabria/cantabria/revuelta-sobaos-y-quesadas.webp,verificado,sí,ecommerce,
seyglo-panaderias,Seyglo Panaderías,Marina de Cudeyo,Pan y cereal,Pan artesano y panes tradicionales,"Bo. el Torillo, 24, 39719 Rubayo, Cantabria, Spain","Panadería artesana de Rubayo, Marina de Cudeyo, con obrador propio, tiendas en Santander y reparto a domicilio.",,+34650142689,eliasblancop@gmail.com,https://www.seyglopanaderias.com/,,,https://www.google.com/maps/search/?api=1&query=Seyglo%20Panader%C3%ADas&query_place_id=ChIJrwVCaH9LSQ0RjT0U9ZKWmX8,43.42276,-3.7578,/productores/es/cantabria/cantabria/seyglo-panaderias.webp,verificado,sí,email|telefono,
sobaos-arce,Sobaos Arce,Torrelavega,Pan y cereal,"Sobaos, sobaos con chocolate y quesada","Av. España, 13, 39300 Torrelavega, Cantabria, Spain","Obrador familiar de Torrelavega especializado en sobaos y quesadas artesanales, con tienda online propia.",,+34942693606,,http://sobaosarce.es/,,https://www.instagram.com/sobaosarce/,https://www.google.com/maps/search/?api=1&query=Sobaos%20Arce&query_place_id=ChIJ2T-U4OE_SQ0R994OoVIatQE,43.3468215,-4.051067,/productores/es/cantabria/cantabria/sobaos-arce.webp,verificado,sí,ecommerce,
sobaos-casa-ibanez,Sobaos Casa Ibáñez,Puente Viesgo,Pan y cereal,"Sobaos, quesadas y galletas pasiegas","Calle Real, 23, 39670 Puente Viesgo, Cantabria, Spain","Empresa familiar de Puente Viesgo especializada en sobaos, quesadas, galletas pasiegas y pastelería tradicional.",,+34608834677,info@sobaosibanez.com,https://www.sobaosibanez.com/,,https://www.instagram.com/casaibanez/,https://www.google.com/maps/search/?api=1&query=Sobaos%20Casa%20Ib%C3%A1%C3%B1ez&query_place_id=ChIJLyPLuoU7SQ0RvFOj36kO6zY,43.29936989999999,-3.967660999999999,/productores/es/cantabria/cantabria/sobaos-casa-ibanez.webp,verificado,no comprobado,,
sobaos-el-andral,Sobaos El Andral,Selaya,Pan y cereal,"Sobaos IGP, quesadas y pastas pasiegas","Barrio las Llamas, 0, 39696 Selaya, Cantabria, Spain","Empresa familiar de Selaya con granja propia, obrador de sobaos y quesadas pasiegas y tienda online.",,+34942591168,info@elandral.es,https://elandral.es/,,https://www.instagram.com/sobaoselandral/,https://www.google.com/maps/search/?api=1&query=Sobaos%20El%20Andral&query_place_id=ChIJ32rSez8sSQ0RbpDp2rPbJMs,43.2059097,-3.8070442,/productores/es/cantabria/cantabria/sobaos-el-andral.webp,verificado,sí,ecommerce,
sobaos-etelvina-sanudo,Sobaos Etelvina Sañudo,Vega de Pas,Pan y cereal,"Sobaos IGP, quesadas y cestas regalo","C. el Cruce, 3, 39685 Vega de Pas, Cantabria, Spain","Obrador pasiego de Vega de Pas con receta familiar desde 1920 y tienda online de sobaos, quesadas y packs gourmet.",,+34942595052,,https://sobaosetelvina.com/,,https://www.instagram.com/sobaosetelvina/,https://www.google.com/maps/search/?api=1&query=Sobaos%20Etelvina%20Sa%C3%B1udo&query_place_id=ChIJ1XtUVgcrSQ0RpDwe1Ak3aFI,43.1563676,-3.78396,/productores/es/cantabria/cantabria/sobaos-etelvina-sanudo.webp,verificado,sí,ecommerce,
sobaos-hermanos-ruiz,Sobaos Hermanos Ruiz,Villacarriedo,Pan y cereal,"Pan, sobaos y dulces","Av. de los Indianos, s/n, 39640 Villacarriedo, Cantabria, Spain","Obrador local de panadería, sobaos, quesadas o repostería.",,+34942594486,,,,,https://www.google.com/maps/search/?api=1&query=Sobaos%20Hermanos%20Ruiz&query_place_id=ChIJbSLnF7QtSQ0RJLq3LAc1WtY,43.22735,-3.8100957,,parcial,no comprobado,,
sobaos-la-cavada,Sobaos Loidi Cavada,Guriezo,Pan y cereal,Sobaos y bizcochos artesanales,"Bo. Rioseco, 1, 39788 Rioseco, Cantabria, Spain","Loidi-Cavada e Hijos, obrador artesano de Rioseco, Guriezo, activo desde 1977 con las marcas La Cavada y San Pelayo.",,+34942860033,correo@sobaosloidicavada.com,https://sobaosloidicavada.es/,,,https://www.google.com/maps/search/?api=1&query=Sobaos%20La%20Cavada&query_place_id=ChIJXxnkIhnsTg0RMPG8N0Slals,43.36466069999999,-3.3219728,,verificado,no comprobado,,
sobaos-la-zapita,Sobaos La Zapita,Vega de Pas,Pan y cereal,Sobaos y quesadas pasiegas,"C. el Cruce, 22, 39685 Vega de Pas, Cantabria, Spain",Obrador de sobaos y quesadas pasiegas en Vega de Pas con actividad pública en su canal social oficial.,,+34652095791,,,,https://www.instagram.com/lazapitasobaospasiegos/,https://www.google.com/maps/search/?api=1&query=Sobaos%20La%20Zapita&query_place_id=ChIJOyaWO8crSQ0RHvGZOd5hjjI,43.1549409,-3.7824232,/productores/es/cantabria/cantabria/sobaos-la-zapita.webp,verificado,no comprobado,,
sobaos-los-pasiegos-de-diego,Sobaos Los Pasiegos de Diego,Entrambasaguas,Pan y cereal,"Sobaos pasiegos, quesadas pasiegas y dulces de Cantabria","N-634, 66-72, 66-72, 39716 Entrambasaguas, Cantabria, Spain","Obrador de Hoznayo, Entrambasaguas, con sobaos y quesadas pasiegas, tienda online y envíos a la península.",,,pedidos@sobaoslospasiegos.es,https://sobaoscantabria.es/,,https://www.instagram.com/lospasiegosdediego/,https://www.google.com/maps/search/?api=1&query=Sobaos%20Los%20Pasiegos%20de%20Diego&query_place_id=ChIJ9b5OMQDLTg0RCUjEva1D18g,43.3884723,-3.6887247,/productores/es/cantabria/cantabria/sobaos-los-pasiegos-de-diego.webp,verificado,sí,ecommerce,
sobaos-pasiegos-y-quesadas-casa-olmo,Sobaos Pasiegos y Quesadas Casa Olmo,Corvera de Toranzo,Pan y cereal,Sobaos IGP y quesadas pasiegas,"Calle Casa Olmo, 3, 39680 Ontaneda, Cantabria, Spain","Casa Olmo, obrador y tienda tradicional de Ontaneda activo desde 1911, con tienda online de sobaos y quesadas.",,+34942594054,,https://www.casaolmo.com/,,https://www.instagram.com/sobaoscasaolmo/,https://www.google.com/maps/search/?api=1&query=Sobaos%20Pasiegos%20y%20Quesadas%20Casa%20Olmo&query_place_id=ChIJ1bnZHeklSQ0RvgraRrl7dSQ,43.19728449999999,-3.9231289,/productores/es/cantabria/cantabria/sobaos-pasiegos-y-quesadas-casa-olmo.webp,verificado,sí,ecommerce,
sobaos-y-quesadas-abascal,Sobaos y quesadas Abascal,Suances,Pan y cereal,"Pan, sobaos y dulces","P.º de la Marina Española, 5, 39340 Suances, Cantabria, Spain","Obrador local de panadería, sobaos, quesadas o repostería.",,+34659041402,,,,,https://www.google.com/maps/search/?api=1&query=Sobaos%20y%20quesadas%20Abascal&query_place_id=ChIJm-2CykNASQ0RUkQc8iBhhtU,43.4343243,-4.0427858,,parcial,no comprobado,,
sobaos-y-quesadas-bienve,Sobaos y Quesadas Bienve,Selaya,Pan y cereal,Sobaos y quesadas pasiegas,"C. Ruiz de Alda, 8, 39696 Selaya, Cantabria, Spain","Obrador familiar de Selaya especializado en sobaos y quesadas pasiegas, con producto disponible en marketplace.",,+34942591047,,,,,https://www.google.com/maps/search/?api=1&query=Sobaos%20y%20Quesadas%20Bienve&query_place_id=ChIJ3zycUzgsSQ0RFzPybIt2k60,43.2159354,-3.806852199999999,,parcial,no comprobado,,
sobaos-y-quesadas-figueras,Sobaos y Quesadas Figueras,Corvera de Toranzo,Pan y cereal,Sobaos y quesadas artesanas,"Diseminado Villegar, 4, 39699 Villegar, Cantabria, Spain",Obrador artesano de Villegar de Toranzo con más de 40 años de experiencia en sobaos y quesadas.,,+34942597663,,http://www.sobaosquesadasfigueras.com/,,,https://www.google.com/maps/search/?api=1&query=Sobaos%20y%20quesadas%20FIGUERAS&query_place_id=ChIJLVGDbGolSQ0R1EQckzNFSnI,43.2203326,-3.944910499999999,,parcial,no comprobado,,
sobaos-y-quesadas-la-braniza,Sobaos y Quesadas La Braniza,San Pedro del Romeral,Pan y cereal,Sobaos y quesadas pasiegas,"Bo. San Pedro, 57, 39686 San Pedro del Romeral, Cantabria, Spain","Obrador de San Pedro del Romeral de sobaos y quesadas pasiegas, con producto disponible en marketplace.",,+34646026569,,,,,https://www.google.com/maps/search/?api=1&query=Sobaos%20y%20Quesadas%20La%20Braniza&query_place_id=ChIJ6WWarhIrSQ0RTL0v_6k6BOQ,43.1138831,-3.8184031,,parcial,no comprobado,,
sobaos-y-quesadas-luca,Sobaos y Quesadas Luca,Corvera de Toranzo,Pan y cereal,"Sobaos, quesadas y galletas pasiegas","Avenida Generalísimo Franco, 39680 Alceda-Ontaneda, Cantabria, Spain","Obrador de Alceda de tercera generación, activo desde 1968, con tienda online de sobaos, quesadas y galletas pasiegas.",,+34942286361,,https://www.sobaosyquesadasluca.com/,,https://www.instagram.com/sobaosluca/,https://www.google.com/maps/search/?api=1&query=Sobaos%20y%20Quesadas%20Luca&query_place_id=ChIJtwU2Q-8lSQ0RfCOJYLvS9BE,43.195456,-3.920517,/productores/es/cantabria/cantabria/sobaos-y-quesadas-luca.webp,verificado,sí,ecommerce,
sobaos-y-quesadas-r-figueras,Sobaos y Quesadas R. Figueras,Corvera de Toranzo,Pan y cereal,Sobaos y quesadas tradicionales,"Bo. Ontaneda, 22, 39680 Ontaneda, Cantabria, Spain","Obrador familiar de Ontaneda con más de 50 años de tradición, tienda online y envíos bajo pedido.",,+34942041058,,https://sobaosyquesadasrfigueras.es/,,https://www.instagram.com/sobaosyquesadas/,https://www.google.com/maps/search/?api=1&query=Sobaos%20y%20Quesadas%20R.%20Figueras&query_place_id=ChIJr_dEosElSQ0R5I8CmwXYCYw,43.2006937,-3.928777199999999,/productores/es/cantabria/cantabria/sobaos-y-quesadas-r-figueras.webp,verificado,sí,ecommerce,
sobaos-y-quesadas-rosi,Sobaos y Quesadas Rosi,Corvera de Toranzo,Pan y cereal,"Sobaos, quesadas, galletas y rosquillas","Carretera General Burgos, 27, 39680 Alceda, Cantabria, Spain","Obrador de Alceda-Ontaneda con tienda online de sobaos, quesadas y otros productos típicos de Cantabria.",,+34942594154,info@sobaosyquesadasrosi.com,https://sobaosyquesadasrosi.com/,,,https://www.google.com/maps/search/?api=1&query=Sobaos%20y%20Quesadas%20Rosi&query_place_id=ChIJj008tTolSQ0Rx0HhLcwgWMo,43.1955942,-3.9208266,/productores/es/cantabria/cantabria/sobaos-y-quesadas-rosi.webp,verificado,sí,ecommerce,
anchoas-dobleuve,Anchoas DobleuVe,Argoños,Pescado,Anchoas DobleuVe del Cantábrico,"Urbanización residencial Castilla 46, 39197 Argoños, Cantabria, Spain",Conservera artesana de Argoños especializada en anchoas del Cantábrico.,,+34622402415,,https://anchoasdobleuve.es/,,https://www.instagram.com/anchoasdobleuve/,https://www.google.com/maps/search/?api=1&query=Anchoas%20DobleuVe&query_place_id=ChIJS07XfE25Tg0RXuGe905Wa_c,43.4592014,-3.5095756,/productores/es/cantabria/cantabria/anchoas-dobleuve.webp,verificado,sí,marketplace,
anchoas-sanfilippo,Anchoas Sanfilippo,Santoña,Pescado,Filetes de anchoa en aceite de oliva y anchoa en salazón,"Ctra. Cicero, 4, 39740 Santoña, Cantabria, Spain","Conservera artesana de Santoña de tradición siciliana, especializada en anchoas en aceite y salazón con tienda online.",,+34942626005,info@anchoasanfilippo.com,https://anchoasanfilippo.com/,,https://www.instagram.com/anchoasanfilippo/,https://www.google.com/maps/search/?api=1&query=Anchoas%20Sanfilippo&query_place_id=ChIJ3-dcPHa_Tg0Rm9-H47zVU6A,43.4445697,-3.460762,/productores/es/cantabria/cantabria/anchoas-sanfilippo.webp,verificado,sí,ecommerce,
anchoas-y-conservas-m-asun-velar,Conservas Mª Asun Velar,Castro-Urdiales,Pescado,Anchoas y bonito del Cantábrico,"Pol. Ind. La Tejera, Nave 21, Poligono Tejera, 19A, 39700 Castro-Urdiales, Cantabria, Spain","Conservera artesana de Castro-Urdiales especializada en anchoas, bonito y conservas gourmet.",,+34942867223,,https://mariasunvelar.com/,,https://www.instagram.com/anchoas.mariasun.velar/,https://www.google.com/maps/search/?api=1&query=Anchoas%20y%20conservas%20M%C2%AA%20Asun%20Velar&query_place_id=ChIJHdHlSC3yTg0Re0G4NiJtSqs,43.3702103,-3.2186391,,verificado,sí,ecommerce,
ancomar-pescados-y-conservas,Ancomar Pescados Y Conservas,San Vicente de la Barquera,Pescado,Pescados y conservas Ancomar,"Juancalada, 9, 39540 San Vicente de la Barquera, Cantabria, Spain","Empresa de San Vicente de la Barquera dedicada a pescados y conservas desde 1989, con pedidos por email o teléfono.",,+34942712547,info@pescadosanco.com,http://www.ancomar.es/,https://www.facebook.com/PescaderiaAncomar/,,https://www.google.com/maps/search/?api=1&query=Ancomar%20Pescados%20Y%20Conservas&query_place_id=ChIJs_T59RCgSQ0R-O4NugYZoyY,43.386751,-4.4106117,,verificado,sí,email|telefono,
conservas-1900-premier,Conservas 1900 Premier,Camargo,Pescado,"Anchoas, bonito y lotes 1900 Premier","Polígono Trascueto, Nave A-1, 39600 Camargo, Cantabria, Spain",Conservera familiar de Camargo/Santoña con tienda online de conservas artesanas del Cantábrico.,,+34942322752,,https://conservas1900premier.es/,,https://www.instagram.com/conservas1900premier/,https://www.google.com/maps/search/?api=1&query=Conservas%201900%20Premier&query_place_id=ChIJP7C6UnlJSQ0RDGFEpDINIMk,43.411455,-3.8480509,/productores/es/cantabria/cantabria/conservas-1900-premier.webp,verificado,sí,ecommerce,
conservas-ana-maria-mejor-anchoa-santona-2025,Conservas Ana María,Santoña,Pescado,"Anchoas de Santoña, bonito del norte y delicias del mar","C. Baldomero Villegas, 19, 39740 Santoña, Cantabria, Spain",Conservera familiar de Santoña dedicada a anchoas artesanas y bonito del norte con tienda online propia.,,+34942671235,info@conservasanamaria.com,https://conservasanamaria.com/,,https://www.instagram.com/conservasanamaria_oficial/,https://www.google.com/maps/search/?api=1&query=Conservas%20Ana%20Mar%C3%ADa%20%7C%20MEJOR%20ANCHOA%20SANTO%C3%91A%202025&query_place_id=ChIJ4XazKYO_Tg0RkbkKax6woqk,43.4457518,-3.4610103,/productores/es/cantabria/cantabria/conservas-ana-maria-mejor-anchoa-santona-2025.webp,verificado,sí,ecommerce,
conservas-angelachu,Conservas Angelachu,Santoña,Pescado,"Anchoas Angelachu, bonito y boquerones","Polígono las Marismas-Industrial, C. los Calafates, 45, 39740 Santoña, Cantabria, Spain",Conservera de Santoña especializada en anchoas y conservas de pescado de producción artesanal y tienda online.,,+34942662175,,https://www.angelachu.es/,,https://www.instagram.com/conservasangelachu/,https://www.google.com/maps/search/?api=1&query=Conservas%20Angelachu&query_place_id=ChIJg8OMzHW_Tg0RyWRHem94ZsU,43.447679,-3.4600044,/productores/es/cantabria/cantabria/conservas-angelachu.webp,verificado,sí,ecommerce,
conservas-avelina,Conservas Avelina,Santoña,Pescado,"Anchoas, bonito del norte, atún claro y pudin de cabracho","Calle Baldomero Villegas esquina, C. cabildo, 39740 Santoña, Cantabria, Spain","Conservera familiar de Santoña dedicada a anchoas del Cantábrico, bonito y pasteles de pescado.",,+34600222184,,,,https://www.instagram.com/avelina.conservas/,https://www.google.com/maps/search/?api=1&query=Conservas%20Avelina&query_place_id=ChIJvVvhP5a_Tg0R5sEdLddnZVs,43.4459014,-3.4616648,,verificado,sí,marketplace,
conservas-blasan,Conservas Blasan,Santoña,Pescado,Anchoas de Santoña y bonito,"Polígono las Marismas-Industrial, 19 bis, 39740 Santoña, Cantabria, Spain","Conservera de Santoña con anchoas, bonito y conservas artesanas y venta online.",,+34942671134,,https://blasan.es/,,https://www.instagram.com/conservasblasanoficial/,https://www.google.com/maps/search/?api=1&query=Conservas%20Blasan&query_place_id=ChIJq6qqqr6_Tg0R7TqU2NPJWv8,43.4474964,-3.4583803,/productores/es/cantabria/cantabria/conservas-blasan.webp,verificado,sí,ecommerce,
conservas-carlanmar-s-l,"Conservas Carlanmar, S.L.",Santoña,Pescado,Anchoas Carlanmar del Cantábrico,"C. los Calafates, nave 44, 39740 Santoña, Cantabria, Spain",Conservera tradicional de Santoña especializada en anchoas de producción limitada.,,+34942671277,,https://conservascarlanmar.com/,,https://www.instagram.com/conservascarlanmar/,https://www.google.com/maps/search/?api=1&query=Conservas%20Carlanmar%2C%20S.L.&query_place_id=ChIJz19PaHW_Tg0RIjJzKQdK9pc,43.4477779,-3.4599546,,verificado,sí,marketplace,
conservas-catalina,Conservas Catalina,Santoña,Pescado,Anchoas Catalina y anchoas con mantequilla,"C. los Calafates, 1, Naves 46 y 47, 39740 Santoña, Cantabria, Spain",Conservera de Santoña con elaboración tradicional de anchoas y envío a domicilio por pedido telefónico o email.,,+34942662215,info@conservascatalina.com,https://www.conservascatalina.com/,,https://www.instagram.com/conservascatalina/,https://www.google.com/maps/search/?api=1&query=Conservas%20Catalina&query_place_id=ChIJm8cGh3W_Tg0RnsRABMf9w5Q,43.4473118,-3.459884,/productores/es/cantabria/cantabria/conservas-catalina.webp,verificado,sí,email|telefono,
conservas-codesa-s-l,Conservas Codesa S.L,Laredo,Pescado,Anchoas Codesa Serie Oro y Serie Limitada,"Polígono Industrial la Pesquera, 4, 39770 Laredo, Cantabria, Spain",Conservera de Laredo que elabora el 100% de sus productos en sus instalaciones y cuenta con tienda online.,,+34942606533,,https://codesa.es/,,https://www.instagram.com/anchoascodesa/,https://www.google.com/maps/search/?api=1&query=Conservas%20Codesa%20S.L&query_place_id=ChIJW98FliPATg0R41kaS_rBuqE,43.4054954,-3.4465806,/productores/es/cantabria/cantabria/conservas-codesa-s-l.webp,verificado,sí,ecommerce,
conservas-del-norte,Conservas del Norte,Santoña,Pescado,Anchoas y conservas,"Calle Marismas De Bengoa, 0 S N, 39740 Santoña, Cantabria, Spain","Ficha de conservera en Santoña con identidad localizada, pendiente de fuente propia actual.",,+34639716641,,,,,https://www.google.com/maps/search/?api=1&query=Conservas%20del%20Norte&query_place_id=ChIJJT0WcHa_Tg0RtReXwZmLf3Y,43.4461767,-3.4619802,,parcial,no comprobado,,
conservas-el-capricho,Conservas El Capricho,Santoña,Pescado,Anchoas El Capricho del Cantábrico,"Polígono Industrial, nave 50, 39740 Santoña, Cantabria, Spain",Conservera premium de Santoña especializada en anchoas elaboradas a mano con tienda online propia.,,+34942671600,,https://elcapricho.es/,,https://www.instagram.com/elcaprichosl/,https://www.google.com/maps/search/?api=1&query=Conservas%20El%20Capricho&query_place_id=ChIJi1ZtfnW_Tg0RwKyy3wvW_vU,43.44879400000001,-3.4600184,/productores/es/cantabria/cantabria/conservas-el-capricho.webp,verificado,sí,ecommerce,
conservas-emilia-s-l-u,Conservas Emilia S.L.U.,Santoña,Pescado,"Anchoas de Santoña, bonito del norte y patés Emilia","Avenida del, C. Almte. Carrero Blanco, 25, 39740 Santoña, Cantabria, Spain","Conservera de Santoña con anchoas artesanas, bonito y patés, visitas guiadas y tienda online.",,+34942671654,,https://www.conservasemilia.com/,,,https://www.google.com/maps/search/?api=1&query=Conservas%20Emilia%20S.L.U.&query_place_id=ChIJJ9N6YIO_Tg0RAAFonVN3tok,43.4401259,-3.4561614,/productores/es/cantabria/cantabria/conservas-emilia-s-l-u.webp,verificado,sí,ecommerce,
conservas-fontecilla-anchoas-de-santona,Conservas Fontecilla | Anchoas de Santoña,Santoña,Pescado,Anchoas Fontecilla Serie Oro y Fontemar,"C. cabildo, 3, 39740 Santoña, Cantabria, Spain","Conservas Elba/Fontecilla en Santoña, especialista en anchoas del Cantábrico y conservas con tienda online.",,+34942661390,,https://www.conservasfontecilla.com/,,,https://www.google.com/maps/search/?api=1&query=Conservas%20Fontecilla%20%7C%20Anchoas%20de%20Santo%C3%B1a&query_place_id=ChIJz19PaHW_Tg0RcVJ1uNCl66o,43.4456915,-3.4619879,/productores/es/cantabria/cantabria/conservas-fontecilla-anchoas-de-santona.webp,verificado,sí,ecommerce,
conservas-gonzalez-barredo,Conservas González Barredo,Santoña,Pescado,Anchoas González Barredo y bonito del norte,"C. Marinos de Santoña, 6, 39740 Santoña, Cantabria, Spain","Conservera familiar de Santoña dedicada a anchoas, bonito y conservas del mar con tienda online.",,+34670996675,info@anchoasgonzalezbarredo.com,https://anchoasgonzalezbarredo.com/,,,https://www.google.com/maps/search/?api=1&query=Conservas%20Gonz%C3%A1lez%20Barredo&query_place_id=ChIJ8T07mhC_Tg0R2XNaX5v-YiM,43.4457329,-3.4550158,/productores/es/cantabria/cantabria/conservas-gonzalez-barredo.webp,verificado,sí,ecommerce,
conservas-hoya,Conservas Hoya,Santoña,Pescado,"Anchoas, bonito del norte y anguletas Hoya","Conservas Hoya S.A. Pol. Las Marismas - Cabildo . S/N, 39740 Santoña, Cantabria, Spain","Conservera de Santoña activa desde 1940 con anchoas, bonito y envíos desde su web.",,+34942660162,,https://conservashoya.com/,,https://www.instagram.com/conservashoya/,https://www.google.com/maps/search/?api=1&query=Conservas%20Hoya&query_place_id=ChIJHyYD_5u_Tg0Rmsn1OMXsC5Q,43.4475639,-3.4622219,/productores/es/cantabria/cantabria/conservas-hoya.webp,verificado,sí,ecommerce,
conservas-hoyo-laredo,Conservas Hoyo Laredo,Laredo,Pescado,Anchoas y conservas Hoyo,"Poligono Industrial, 2, 39770 Laredo, Cantabria, Spain","Empresa familiar de Laredo nacida en los años 50, dedicada a conservas y salazones de anchoa.",,+34942604528,,https://www.conservashoyo.com/,,,https://www.google.com/maps/search/?api=1&query=Conservas%20Hoyo%20Laredo&query_place_id=ChIJW98FliPATg0RW0n_onWHKsE,43.4047428,-3.4475398,/productores/es/cantabria/cantabria/conservas-hoyo-laredo.webp,verificado,no comprobado,,
conservas-la-abuela-maria,Conservas La Abuela Maria,Santoña,Pescado,Anchoas La Abuela María,"Pol. Ind. Marismas de Bengoa, Av. de Lons, Nave 32, 39740 Santoña, Cantabria, Spain","Conservera artesana de Santoña especializada en anchoas del Cantábrico, con venta en marketplaces gourmet.",,+34942628363,,http://conservaslaabuelamaria.com/,https://www.facebook.com/p/Conservas-La-Abuela-Mar%C3%ADa-100064353391905/,,https://www.google.com/maps/search/?api=1&query=Conservas%20La%20Abuela%20Maria&query_place_id=ChIJz19PaHW_Tg0ROU2EBl-px_Q,43.4484757,-3.4604955,,verificado,sí,marketplace,
conservas-la-machina-s-l,Conservas La Machina S.L.,Santoña,Pescado,"Anchoas La Machina, bonito y gildas","Polígono Industrial Las Marismas, Calle Calafate, 51, 39740 Santoña, Cantabria, Spain","Pequeña conservera artesana de Santoña con anchoas, bonito y tienda online propia.",,+34687868299,,https://www.anchoaslamachina.es/,,https://www.instagram.com/conservaslamachinadesantona/,https://www.google.com/maps/search/?api=1&query=Conservas%20La%20Machina%20S.L.&query_place_id=ChIJzUgwD5q_Tg0RPz8ueB2Q3WE,43.4488449,-3.460016,/productores/es/cantabria/cantabria/conservas-la-machina-s-l.webp,verificado,sí,ecommerce,
conservas-la-rosita-s-l,Conservas La Rosita S.L.,Los Corrales de Buelna,Pescado,Anchoas La Rosita y bonito del norte,"C. de Alfonso Álvarez Miranda, 29, 39408 Los Corrales de Buelna, Cantabria, Spain","Conservera de Los Corrales de Buelna dedicada a anchoas del Cantábrico, bonito y salazones con tienda online.",,+34697348844,,https://www.conservaslarosita.com/,,https://www.instagram.com/conservaslarosita/,https://www.google.com/maps/search/?api=1&query=Conservas%20La%20Rosita%20S.L.&query_place_id=ChIJCbn6d3a_Tg0RFvfbgqfyU8M,43.2805749,-4.0748557,/productores/es/cantabria/cantabria/conservas-la-rosita-s-l.webp,verificado,sí,ecommerce,
conservas-lavin,Conservas Lavín,Santoña,Pescado,"Anchoas Lavín, bonito y boquerones","Pol. las marismas, fase 2 nave 27, 39740 Santoña, Cantabria, Spain",Conservera familiar de Santoña especializada en anchoas del Cantábrico y bonito con tienda online.,,+34605073653,,https://conservaslavin.com/,,https://instagram.com/conservaslavin/,https://www.google.com/maps/search/?api=1&query=Conservas%20Lav%C3%ADn&query_place_id=ChIJG3wUN2W_Tg0RqGdz1nCyLMQ,43.448573,-3.4606088,/productores/es/cantabria/cantabria/conservas-lavin.webp,verificado,sí,ecommerce,
conservas-leonardo-s-l,"Conservas Leonardo, S.L.",Laredo,Pescado,Anchoas Leonardo Oro del Cantábrico y salazones,"P.I. La Pesquera 2 y 3, 39770 Laredo, Cantabria, Spain",Conservera de Laredo con más de 70 años de tradición en anchoas y salazones gourmet.,,+34942608020,,https://anchoasleonardo.com/,,https://www.instagram.com/anchoas_leonardo/,https://www.google.com/maps/search/?api=1&query=Conservas%20Leonardo%2C%20S.L.&query_place_id=ChIJNwBIB0XATg0RgR5hGNQPzSw,43.4050056,-3.4469487,/productores/es/cantabria/cantabria/conservas-leonardo-s-l.webp,verificado,sí,ecommerce,
conservas-lita,Conservas Lita,Santoña,Pescado,Anchoas Lita de Santoña,"Polígono las Marismas-Industrial, 3, 39740 Santoña, Cantabria, Spain",Conservera de Santoña con anchoas elaboradas a mano y venta en marketplace local.,,+34942671598,,,,,https://www.google.com/maps/search/?api=1&query=Conservas%20Lita&query_place_id=ChIJQUNz2XW_Tg0R7D4T-rdGzgU,43.4488425,-3.458501,,parcial,no comprobado,,
conservas-lolin,Conservas Lolín,Castro-Urdiales,Pescado,Anchoas Lolín del Cantábrico,"C. Correria, 11, 39700 Castro-Urdiales, Cantabria, Spain",Empresa familiar de Castro-Urdiales dedicada a conservas y semiconservas de pescado con venta online.,,+34942864440,,https://www.conservaslolin.es/,,,https://www.google.com/maps/search/?api=1&query=Conservas%20Lol%C3%ADn&query_place_id=ChIJWR-ERdLzTg0RM3-WT2HeHRA,43.3838929,-3.2179229,/productores/es/cantabria/cantabria/conservas-lolin.webp,verificado,sí,ecommerce,
conservas-lotamar,Conservas Lotamar,Ramales de la Victoria,Pescado,Anchoas Lotamar del Cantábrico,"Poligono Parque Emp. Alto, Ason, 11, 39809 Ramales de la Victoria, Cantabria, Spain","Conservera de Ramales de la Victoria activa desde 1950, especializada en anchoas del Cantábrico con tienda online.",,+34942646528,,https://www.conservaslotamar.com/,,,https://www.google.com/maps/search/?api=1&query=Conservas%20Lotamar&query_place_id=ChIJtZnKZ0_dTg0RyJ075vx-oOE,43.2689665,-3.4332775,/productores/es/cantabria/cantabria/conservas-lotamar.webp,verificado,sí,ecommerce,
conservas-m-a-revilla,Conservas M.A. Revilla,Santoña,Pescado,Anchoas M.A. Revilla,"C. cabildo, s/n, 39740 Santoña, Cantabria, Spain",Conservera artesana de Santoña especializada en anchoas del Cantábrico con tienda online.,,+34942042727,,https://anchoasrevilla.com/,,https://www.instagram.com/anchoasrevilla/,https://www.google.com/maps/search/?api=1&query=Conservas%20M.A.%20Revilla&query_place_id=ChIJA2dJAl-_Tg0RrRI9RZNFAq4,43.4465769,-3.4617008,/productores/es/cantabria/cantabria/conservas-m-a-revilla.webp,verificado,sí,ecommerce,
conservas-mar-de-santona,Conservas Mar de Santoña,Santoña,Pescado,Anchoas de Santoña y bonito del norte Mar de Santoña,"C. los Calafates, 48, 39740 Santoña, Cantabria, Spain",Conservera gourmet de Santoña especializada en anchoas y bonito del norte con tienda online.,,,,https://mardesantona.es/,,https://www.instagram.com/mardesantona/,https://www.google.com/maps/search/?api=1&query=Conservas%20Mar%20de%20Santo%C3%B1a&query_place_id=ChIJZzwUcS6_Tg0Rrqj_3vWklZI,43.4482231,-3.4600194,/productores/es/cantabria/cantabria/conservas-mar-de-santona.webp,verificado,sí,ecommerce,
conservas-montebuciero,Conservas Montebuciero,Santoña,Pescado,Anchoas de Santoña y conservas Montebuciero,"C. Turbaco, 39740 Santoña, Cantabria, Spain","Conservera gourmet de Santoña dedicada a anchoas, bonito y conservas con tienda online.",,+34942671805,,https://conservasmontebuciero.com/,,,https://www.google.com/maps/search/?api=1&query=Conservas%20Montebuciero&query_place_id=ChIJvQaZlnW_Tg0RTUNTQdq048U,43.4473844,-3.4609736,/productores/es/cantabria/cantabria/conservas-montebuciero.webp,verificado,sí,ecommerce,
conservas-ortiz,Conservas Ortiz,San Vicente de la Barquera,Pescado,Anchoas del Cantábrico Ortiz,"P.º de la Barquera, 47, 39540 San Vicente de la Barquera, Cantabria, Spain",Conservas Ortiz mantiene planta histórica en San Vicente de la Barquera dedicada a anchoas del Cantábrico.,,+34942710040,,https://www.conservasortiz.com/,,,https://www.google.com/maps/search/?api=1&query=Conservas%20Ortiz&query_place_id=ChIJa5xmyQmgSQ0R7BlroIpW2Lw,43.3897339,-4.3934188,,verificado,no comprobado,,
conservas-pujado-solano,Conservas Pujadó Solano,Santoña,Pescado,Anchoas y boquerones Pujadó Solano,"Avenida Lons, Polígono las Marismas-Industrial, 5, 39740 Santoña, Cantabria, Spain","Conservera de Santoña que elabora a mano anchoas, boquerones y bonito del norte con tienda online.",,+34942628375,,https://pujadosolano.com/,,,https://www.google.com/maps/search/?api=1&query=Conservas%20Pujad%C3%B3%20Solano&query_place_id=ChIJxy6ZRHW_Tg0ReNjkXhlyyIA,43.4497163,-3.4604914,/productores/es/cantabria/cantabria/conservas-pujado-solano.webp,verificado,sí,ecommerce,
conservas-santona-1960,Conservas Santoña 1960,Santoña,Pescado,Anchoas Santoña 1960 y conservas gourmet,"C. los Claveles, 6, 39740 Santoña, Cantabria, Spain","Conservera gourmet de Santoña con tienda online de anchoas, conservas y productos del Cantábrico.",,+34942139390,,https://www.conservas1960.com/,,https://www.instagram.com/conservas1960/,https://www.google.com/maps/search/?api=1&query=Conservas%20Santo%C3%B1a%201960&query_place_id=ChIJm9G0qpy_Tg0RmFO7HyQ-s1s,43.4413249,-3.4549504,,verificado,sí,ecommerce,
conservas-velmar-sl,Conservas Velmar SL,Colindres,Pescado,"Anchoas Velmar, bonito y conservas del Cantábrico","Calle la Mar, 27, 39750 Colindres, Cantabria, Spain","Conservera familiar de Colindres, tercera generación, que fabrica anchoas y conservas con tienda online.",,+34605041785,,https://www.conservasvelmar.es/,,,https://www.google.com/maps/search/?api=1&query=Conservas%20Velmar%20SL&query_place_id=ChIJK9GA7FTATg0RWSWQ-sfe85A,43.39462229999999,-3.4563862,/productores/es/cantabria/cantabria/conservas-velmar-sl.webp,verificado,sí,ecommerce,
conservas-y-salazones-arlequin,Conservas y Salazones Arlequín,Revilla de Camargo,Pescado,"Anchoas, bonito, boquerones y gildas Arlequín","Polígono Trascueto, nave B-7, 39600 Revilla de Camargo, Cantabria, Spain",Conservera familiar de Revilla de Camargo con más de un siglo de tradición en conservas y salazones.,,+34942254507,info@conservasarlequin.com,https://conservasarlequin.com/,,https://www.instagram.com/conservas_arlequin/,https://www.google.com/maps/search/?api=1&query=Conservas%20y%20Salazones%20Arlequ%C3%ADn&query_place_id=ChIJwW5wLSM2SQ0RR0CYrnCDxcU,43.4111509,-3.847330899999999,/productores/es/cantabria/cantabria/conservas-y-salazones-arlequin.webp,verificado,no comprobado,,
conservas-y-salazones-linda-playa,Conservas Y Salazones Linda Playa,Colindres,Pescado,Anchoas Linda Playa en salazón y aceite,"Calle la Mar, 12, 39750 Colindres, Cantabria, Spain",Conservera de Colindres dedicada desde 1956 a anchoas artesanas del Cantábrico con envíos desde su web.,,+34942674245,,https://anchoaslindaplaya.com/,,https://www.instagram.com/conservas_linda_playa/,https://www.google.com/maps/search/?api=1&query=Conservas%20Y%20Salazones%20Linda%20Playa&query_place_id=ChIJSwND7FTATg0RgU5sqwKqOsU,43.3959327,-3.4572559,/productores/es/cantabria/cantabria/conservas-y-salazones-linda-playa.webp,verificado,sí,ecommerce,
conservera-castrena-s-a,Conservera Castreña S.A.,Samano,Pescado,Anchoas La Castreña y salazones del Cantábrico,"Módulo A, Pol. Ind. el Vallegón, Naves 1-4, 39709 Samano, Cantabria, Spain",Conservera Castreña S.A. elabora y envasa conservas y salazones de pescado en Sámano desde 1986.,,+34942863211,,https://lacastrena.com/,,,https://www.google.com/maps/search/?api=1&query=Conservera%20Castre%C3%B1a%20S.A.&query_place_id=ChIJT00AgJPxTg0RcK7XjdUc3II,43.3497948,-3.2361964,/productores/es/cantabria/cantabria/conservera-castrena-s-a.webp,verificado,no comprobado,,
conservera-del-cantabrico-s-l,Conservera del Cantábrico (La Capitana),Laredo,Pescado,Anchoas La Capitana del Cantábrico,"pl. ind. La Pesquera, nave, 12, 39770 Laredo, Cantabria, Spain",Conservera familiar de Laredo que comercializa la marca La Capitana con tienda online propia.,,+34942605833,,https://www.anchoaslacapitana.com/,https://www.facebook.com/anchoaslacapitana/,https://www.instagram.com/anchoaslacapitana/,https://www.google.com/maps/search/?api=1&query=Conservera%20del%20Cant%C3%A1brico%20s.l.&query_place_id=ChIJU5shxEXATg0RzT4E0MIMqxA,43.4045114,-3.4457086,,verificado,sí,ecommerce,
conservera-laredana-s-l,Conservera Laredana S.L.,Laredo,Pescado,Anchoas Conservera Laredana,"Pol. Ind. la Pesquera, 39770 Laredo, Cantabria, Spain",Conservera Laredana de Laredo dedicada a la elaboración de anchoa.,,,conserveralaredana@laredana.com,https://laredana.com/,,,https://www.google.com/maps/search/?api=1&query=Conservera%20Laredana%20S.L.&query_place_id=ChIJW98FliPATg0RPxeYGpyDrnA,43.4057582,-3.443442,,verificado,no comprobado,,
las-tonas-anchoas-de-santona,Las Toñas Anchoas de Santoña,Santoña,Pescado,Anchoas artesanales Las Toñas,"C. Cervantes, 2, 39740 Santoña, Cantabria, Spain","Fábrica, tienda y bar de Santoña donde se soban anchoas a mano y se venden online.",,+34942214705,,https://xn--lastoas-8za.com/,,https://www.instagram.com/anchoaslastonas/,https://www.google.com/maps/search/?api=1&query=Las%20To%C3%B1as%20anchoas%20de%20santo%C3%B1a&query_place_id=ChIJ2TE6DiC_Tg0RE8UMBZQtaAQ,43.4425342,-3.4558288,/productores/es/cantabria/cantabria/las-tonas-anchoas-de-santona.webp,verificado,sí,ecommerce,
salazones-y-conservas-bolado-anchoas-de-santona,Salazones y Conservas Bolado - Anchoas de Santoña,Santoña,Pescado,Anchoa en salazón y conservas Bolado,"Ctra. Cicero, Malecón El Pico, 2, km 2, 39740 Santoña, Cantabria, Spain",PYME familiar de Santoña centrada en anchoa en salazón y su posterior elaboración en conserva.,,+34615852024,,https://www.salazonesbolado.es/,,,https://www.google.com/maps/search/?api=1&query=Salazones%20y%20Conservas%20Bolado%20-%20Anchoas%20de%20Santo%C3%B1a&query_place_id=ChIJ534fA1W_Tg0RuZvj4aodGh0,43.4441604,-3.4746072,/productores/es/cantabria/cantabria/salazones-y-conservas-bolado-anchoas-de-santona.webp,verificado,no comprobado,,
solano-arriola-conservas,Solano Arriola Conservas,Santoña,Pescado,Anchoas Solano Arriola,"Polígono las Marismas-Industrial, 39740 Santoña, Cantabria, Spain","Histórica conservera de Santoña dedicada a anchoas artesanas, con venta en marketplaces gourmet.",,+34942671746,,http://www.solanoarriola.com/,https://www.facebook.com/ConservasSolanoArriola/,,https://www.google.com/maps/search/?api=1&query=Solano%20Arriola%20Conservas&query_place_id=ChIJg8OMzHW_Tg0RXxgaG3BTRCU,43.4490241,-3.4592963,,verificado,sí,marketplace,
sucesores-de-conservas-revuelta-hermanos,Sucesores de Conservas Revuelta Hermanos,Colindres,Pescado,Anchoas Revuelta,"Calle la Mar, 47, 39750 Colindres, Cantabria, Spain","Conservera familiar de Colindres especializada en anchoas, fundada en 1962.",,+34942652121,info@conservasrevuelta.com,https://conservasrevuelta.com/,,,https://www.google.com/maps/search/?api=1&query=Sucesores%20de%20Conservas%20Revuelta%20Hermanos&query_place_id=ChIJ9aZ2if_ATg0RGNuPyWdl0UU,43.3930321,-3.461617,,verificado,no comprobado,,
sidra-somarroza,Sidra Somarroza,Piélagos,Sidra,Sidra,"Llosacampo, 28, 39470 Renedo de Piélagos, Cantabria, Spain",Productor local de sidra.,,+34652937219,,https://sidrasomarroza.es/,,https://www.instagram.com/sidrasomarroza/,https://www.google.com/maps/search/?api=1&query=Sidra%20Somarroza&query_place_id=ChIJJxH9K2w5SQ0R8eDz5B5nqGI,43.35307479999999,-3.960455499999999,/productores/es/cantabria/cantabria/sidra-somarroza.webp,verificado,sí,ecommerce,
queseria-tresgallo-hinojedo,Queseria Tresgallo,Hinojedo,Lácteos y quesos,Queso Curado Tresgallo y Tiernín,"Calle Darío Pedrajo, 11, 39350 Hinojedo, Suances, Cantabria",Pequeña quesería artesanal de Hinojedo que elabora quesos de vaca con leche del municipio de Suances.,Consultar fuente,,,https://queseriatresgallo.com/,,https://www.instagram.com/queseriatresgallo/,https://www.google.com/maps/search/?api=1&query=Queseria%20Tresgallo%2C%20Calle%20Dar%C3%ADo%20Pedrajo%2C%2011%2C%2039350%20Hinojedo%2C%20Suances%2C%20Cantabria&query_place_id=ChIJE5s3qAY_SQ0RXlDnxh-B9G8,43.3947245,-4.0524481,,verificado,sí,marketplace,
don-bocarte,Don Bocarte,Santoña,Pescado,"Anchoas Don Bocarte, bonito, atún y pulpo","Calle Baldomero Villegas, 33, 39740 Santoña, Cantabria","Conservera gourmet de Santoña especializada en anchoas, bonito, atún, pulpo y cocina preparada con tienda online.",,+34942661920,store@donbocarte.com,https://www.donbocarte.com/,,https://www.instagram.com/donbocarte_productos_gourmet/,https://www.google.com/maps/search/?api=1&query=Don%20Bocarte%2C%20Calle%20Baldomero%20Villegas%2C%2033%2C%2039740%20Santo%C3%B1a%2C%20Cantabria&query_place_id=ChIJ3bGEdHa_Tg0RhaltclYTbds,43.4435,-3.4615,/productores/es/cantabria/cantabria/don-bocarte.webp,verificado,sí,ecommerce,
ria-de-santona,Ría de Santoña,Camargo,Pescado,"Anchoas, boquerones, gildas y conservas Ría de Santoña","Polígono Industrial de Trascueto Nave B-7, 39600 Revilla de Camargo, Cantabria","Conservera de Revilla de Camargo dedicada a conservas artesanales de Santoña desde 1920, con pedidos por web o teléfono.",,+34942252034,comercial@conservasriadesantona.com,https://conservasriadesantona.com,,,,43.4109,-3.8475,/productores/es/cantabria/cantabria/ria-de-santona.webp,verificado,sí,telefono|ecommerce,
sidra-la-coruja,Sidra La Coruja,Valderredible,Sidra,"Sidra ecológica, zumo de manzana y vinagre de sidra","Calle el Mirador, 37, 39250 Sobrepeña de Ebro, Cantabria",Primer lagar de sidra ecológica de Cantabria con manzanos propios en Sobrepeña de Ebro.,,+34657761017,lacorujadelebro@gmail.com,https://lacorujadelebro.com/sidra-la-coruja/,https://www.facebook.com/lacorujadelebro,https://www.instagram.com/lacorujadelebro/,https://www.google.com/maps/search/?api=1&query=Sidra%20La%20Coruja%2C%20Calle%20el%20Mirador%2C%2037%2C%2039250%20Sobrepe%C3%B1a%20de%20Ebro%2C%20Cantabria&query_place_id=ChIJu8kFrJC4SA0R-3RGrjcXR64,42.7856,-3.9622,/productores/es/cantabria/cantabria/sidra-la-coruja.webp,verificado,no comprobado,,
sidra-pago-de-tolina,Sidra Pago de Tolina,Vega de Liébana,Sidra,Sidra natural artesana sin sulfitos,"La Vega, 39584 Vega de Liébana, Cantabria",Sidra natural artesana familiar de producción limitada elaborada con manzanas locales de Liébana.,,+34646145611,info@pagodetolina.com,https://www.pagodetolina.com,,,https://www.google.com/maps/search/?api=1&query=Sidra%20Pago%20de%20Tolina%2C%20La%20Vega%2C%2039584%20Vega%20de%20Li%C3%A9bana%2C%20Cantabria&query_place_id=ChIJD98q1vezSQ0RORVagJVoVZI,43.0994,-4.6456,,verificado,sí,marketplace,
45-amigos,45 Amigos,Bárcena de Cicero,Sidra,Sidra natural artesana Lagar de Valdepomme,"Barrio Arruyo, 14, 39791 Ambrosero, Cantabria",Lagar artesanal de sidra con plantación propia de manzanos de sidra en Ambrosero.,,+34633000125,info@45amigos.com,https://45amigos.com,,https://www.instagram.com/45amigos/,https://www.google.com/maps/search/?api=1&query=45%20Amigos%2C%20Barrio%20Arruyo%2C%2014%2C%2039791%20Ambrosero%2C%20Cantabria&query_place_id=ChIJGZF4HjDHTg0RqSYA-tv34vo,43.4158,-3.5458,/productores/es/cantabria/cantabria/45-amigos.webp,verificado,sí,ecommerce,
la-pasiega-de-pena-pelada,La Pasiega de Peña Pelada,Riotuerto,Lácteos y quesos,"Queso Nata de Cantabria DOP, mantequilla y quesos pasiegos","Barrio Sierra Hermosa, 16A, 39720 La Cavada, Cantabria","Quesería familiar de La Cavada, heredera de Tomás Ruiz, especializada en Queso Nata de Cantabria DOP y tienda online.",,+34942539261,comercial@lapasiegadepenapelada.com,https://www.lapasiegadepenapelada.com/,https://www.facebook.com/lapasiegadepenapelada,https://www.instagram.com/quesolapasiega/,https://www.google.com/maps/search/?api=1&query=La%20Pasiega%20de%20Pe%C3%B1a%20Pelada%2C%20Barrio%20Sierra%20Hermosa%2C%2016A%2C%2039720%20La%20Cavada%2C%20Cantabria&query_place_id=ChIJeXwhuWPLTg0RK_4PmfNxwuE,43.3444,-3.7336,,verificado,sí,ecommerce,
queseria-la-jarradilla,Quesería La Jarradilla,Villacarriedo,Lácteos y quesos,"Divirín, queso pasiego y mantequilla pasiega","Barrio La Barcenilla, 246, 39649 Tezanos de Villacarriedo, Cantabria","Quesería artesana de Tezanos de Villacarriedo con quesos de vaca, mantequilla y actividades de visita.",,+34942590342,hola@quesoslajarradilla.com,https://www.quesoslajarradilla.com/,,,https://www.google.com/maps/search/?api=1&query=Queser%C3%ADa%20La%20Jarradilla%2C%20Barrio%20La%20Barcenilla%2C%20246%2C%2039649%20Tezanos%20de%20Villacarriedo%2C%20Cantabria&query_place_id=ChIJq6qqGoIuSQ0RodLB-1zAOF8,43.2148,-3.8121,,verificado,sí,marketplace,
quesos-de-ruesga,Quesos de Ruesga,Ruesga,Lácteos y quesos,"Queso Nata de Cantabria, La Estela y Peña Quebrada","Barrio La Veñuga, s/n, 39815 Ruesga, Cantabria",Quesos de Ruesga reúne La Estela y Peña Quebrada para elaborar quesos artesanos de Cantabria con tienda propia.,,+34942619413,info@productoslaestela.com,https://productoslaestela.com/,,https://www.instagram.com/productoslaestela/,,43.2825,-3.56,/productores/es/cantabria/cantabria/quesos-de-ruesga.webp,verificado,sí,ecommerce,
apicola-tejedor,Apícola Tejedor,Udías,Miel,Miel cruda de brezo y bosque Fuente del Corzo,"Barrio Pumalverde, 24, 39558 Udías, Cantabria",Apicultura artesanal familiar con miel cruda galardonada y visitas guiadas a la colmena.,,+34637946341,apicolatejedor@gmail.com,https://apicolatejedor.com,,,https://www.google.com/maps/search/?api=1&query=Ap%C3%ADcola%20Tejedor%2C%20Barrio%20Pumalverde%2C%2024%2C%2039558%20Ud%C3%ADas%2C%20Cantabria&query_place_id=ChIJWb6kS-YNSQ0RvwyKtBfbvfg,43.3389,-4.2464,/productores/es/cantabria/cantabria/apicola-tejedor.webp,verificado,sí,ecommerce,
miel-reina,Miel Reina,Potes,Miel,Miel de Liébana DOP brezo y bosque,"Grupo del Campo, 8, 39570 Potes, Cantabria",Apicultores tradicionales del Valle de Liébana elaborando mieles amparadas por la DOP Miel de Liébana.,,+34608025202,manelbahillo@hotmail.com,https://mielreinacantabria.es,,,,43.1485,-4.6285,/productores/es/cantabria/cantabria/miel-reina.webp,verificado,sí,ecommerce,
sobaos-serafina,Sobaos Serafina,Camargo,Pan y cereal,Sobaos pasiegos IGP y quesadas pasiegas,"Polígono Industrial de Raos Parcela 7-A, 39600 Maliaño, Cantabria",Obrador tradicional desde 1915 productor de sobaos pasiegos IGP y quesadas artesanas.,,+34942369007,sobaosserafina@sobaosserafina.es,https://sobaosserafina.es,,,https://www.google.com/maps/search/?api=1&query=Sobaos%20Serafina%2C%20Pol%C3%ADgono%20Industrial%20de%20Raos%20Parcela%207-A%2C%2039600%20Malia%C3%B1o%2C%20Cantabria&query_place_id=ChIJsYpHfzZJSQ0R7R9XrxnynDc,43.4323,-3.8337,,verificado,sí,marketplace,
sobaos-el-estanco,Sobaos El Estanco,Vega de Pas,Pan y cereal,Sobaos pasiegos artesanos y quesadas,"Plaza Dr. Madrazo, 29-30, 39685 Vega de Pas, Cantabria",Obrador artesanal tradicional en la plaza de Vega de Pas de elaboración manual limitada.,,+34942595077,,,,,https://www.google.com/maps/search/?api=1&query=Sobaos%20El%20Estanco%2C%20Plaza%20Dr.%20Madrazo%2C%2029-30%2C%2039685%20Vega%20de%20Pas%2C%20Cantabria&query_place_id=ChIJA-Mro1YrSQ0RH1chMI42SI0,43.1482,-3.7845,,parcial,no comprobado,,
confiteria-hojaldres,Confitería Hojaldres,Torrelavega,Pan y cereal,Polkas de Torrelavega y hojaldre artesanal,"Calle Joaquín Cayón, 15, 39300 Torrelavega, Cantabria",Obrador artesano tradicional fundado en 1994 especialista en hojaldres y polkas tradicionales.,,+34942804979,info@confiteriahojaldres.com,https://www.confiteriahojaldres.com/,,,https://www.google.com/maps/search/?api=1&query=Confiter%C3%ADa%20Hojaldres%2C%20Calle%20Joaqu%C3%ADn%20Cay%C3%B3n%2C%2015%2C%2039300%20Torrelavega%2C%20Cantabria&query_place_id=ChIJf-fL6xM-SQ0RP3pigMxNjzQ,43.3483,-4.0532,/productores/es/cantabria/cantabria/confiteria-hojaldres.webp,verificado,sí,ecommerce,
la-huerta-de-chaves,La Huerta de Chaves,Arnuero,Fruta y verdura,Pimiento de Isla asado al carbón y conservas vegetales,"Avenida Juan Hormaechea, 20, 39195 Isla, Cantabria","Productor artesanal de pimiento de Isla cultivado y asado al carbón, con pedidos por teléfono.",,+34660436653,info@lahuertadechaves.es,https://lahuertadechaves.es,,https://www.instagram.com/lahuertadechaves/,,43.4835,-3.5828,/productores/es/cantabria/cantabria/la-huerta-de-chaves.webp,verificado,sí,telefono,
ganaderia-la-lejuca,Ganadería Ecológica La Lejuca,Campoo de Enmedio,Carne,Carne de vacuno ecológica Tudanca y embutidos,"39200 Campoo de Enmedio, Cantabria",Ganadería ecológica extensiva de raza Tudanca autóctona con venta directa de lotes de carne.,,+34686994606,lalejucaganeco@gmail.com,https://lalejuca.com/,https://www.facebook.com/ganaderiaecologicalalejuca,https://www.instagram.com/dehesalalejuca/,https://www.google.com/maps/search/?api=1&query=Ganader%C3%ADa%20Ecol%C3%B3gica%20La%20Lejuca%2C%2039200%20Campoo%20de%20Enmedio%2C%20Cantabria&query_place_id=ChIJm242TUbnSA0RvUlLKf0o6DQ,43.018,-4.088,/productores/es/cantabria/cantabria/ganaderia-la-lejuca.webp,verificado,no comprobado,,
sobaos-y-quesadas-vega-pas,Sobaos y Quesadas Vega Pas,Astillero,Pan y cereal,Sobaos y quesadas pasiegos,"Polígono Industrial de Guarnizo, Parcela 94, 39610 Guarnizo, Cantabria, Spain",Obrador tradicional dedicado a la fabricación de sobaos pasiegos y quesadas con IGP Sobao Pasiego en el Astillero.,,+34942559841,vegapas@vegapas.com,https://vegapas.com,,,,43.3900,-3.8383,/productores/es/cantabria/cantabria/sobaos-y-quesadas-vega-pas.webp,verificado,no,,
finca-ecologica-la-garita,Finca Ecológica La Garita,Santillana del Mar,Fruta y verdura,Verduras y hortalizas ecológicas,"Finca La Garita, nº 2 (Bo. Queveda), 39314 Santillana del Mar, Cantabria, Spain","Explotación familiar dedicada a la producción y venta directa de hortalizas, frutas y carne ecológica en Santillana del Mar.",,+34619693030,vuchis@hotmail.com,https://fincaecologicalagarita.es/,,,,43.3797,-4.0710,/productores/es/cantabria/cantabria/finca-ecologica-la-garita.webp,verificado,sí,whatsapp,
las-lindes,Las Lindes,Colindres,Fruta y verdura,Cestas de verduras y hortalizas ecológicas,"Calle la Mar, 4, 39750 Colindres, Cantabria, Spain",Proyecto de producción y distribución de alimentación ecológica que ofrece cestas semanales de verduras y hortalizas de temporada en Colindres.,,+34677676881,laslindes@laslindes.es,https://laslindes.es/,https://www.facebook.com/laslindes/,https://www.instagram.com/laslindes/,https://www.google.com/maps/search/?api=1&query=Las%20Lindes%2C%20Calle%20la%20Mar%2C%204%2C%2039750%20Colindres%2C%20Cantabria%2C%20Spain&query_place_id=ChIJH5JKHJTBTg0RHdsyuaVPyNQ,43.3908,-3.4533,,verificado,sí,whatsapp,
escojo-artesanos,Escojo Artesanos,Bárcena de Cicero,Pan y cereal,"Sobaos pasiegos, quesadas y pastas de mantequilla","Barrio la Iglesia, 12, 39791 Ambrosero, Cantabria, Spain","Obrador artesanal especializado en repostería tradicional de Cantabria, elaborando sobaos pasiegos, quesadas y pastas.",,+34629454967,info@escojoartesanos.es,https://www.escojoartesanos.es/,https://www.facebook.com/escojoartesanos,https://www.instagram.com/escojoartesanos,https://www.google.com/maps/search/?api=1&query=Escojo%20Artesanos%2C%20Barrio%20la%20Iglesia%2C%2012%2C%2039791%20Ambrosero%2C%20Cantabria%2C%20Spain&query_place_id=ChIJN8Q-LIPHTg0RnpHLjVwz2kQ,43.4200,-3.5413,/productores/es/cantabria/cantabria/escojo-artesanos.webp,verificado,sí,ecommerce,
casa-santona-santona,Casa Santoña,Santoña,Pescado,"Anchoas, boquerones, salazones y gildas Casa Santoña","Santoña, Cantabria",Casa Santoña elabora productos gourmet del mar y de la tierra con tienda online de anchoas y conservas.,,,,https://casasantona.com,,,,43.4426,-3.4593,,verificado,sí,ecommerce,
destileria-siderit,Destilería Siderit,Piélagos,Destilados y licores,"Gin, vodka, whisky y vermut destilados en Cantabria","Barrio Los Riegos, 5, 39478 Puente Arce, Cantabria","Microdestilería artesana fundada en 2013 en Puente Arce, elabora gin, vodka, whisky y vermut premio internacionales.",,+34942078062,info@destileriasiderit.com,https://destileriasiderit.es,,https://www.instagram.com/destileriasiderit/,https://www.google.com/maps/search/?api=1&query=Destiler%C3%ADa%20Siderit%2C%20Barrio%20Los%20Riegos%2C%205%2C%2039478%20Puente%20Arce%2C%20Cantabria&query_place_id=ChIJC25ZRuA9SQ0RZi8NMx0Y_Js,43.4014,-3.9214,/productores/es/cantabria/cantabria/destileria-siderit.webp,verificado,sí,ecommerce,
pedales-beer,Pedales Beer,Cabezón de la Sal,Cerveza,Cervezas artesanas de estilos rotativos,"Calle Vista Alegre, 13A, 39500 Cabezón de la Sal, Cantabria",Fábrica de cerveza artesana con taproom y laboratorio propios en Cabezón de la Sal.,,,hola@pedalesbeer.com,https://pedalesbeer.com,,https://www.instagram.com/pedalesbeercompany/,https://www.google.com/maps/search/?api=1&query=Pedales%20Beer%2C%20Calle%20Vista%20Alegre%2C%2013A%2C%2039500%20Cabez%C3%B3n%20de%20la%20Sal%2C%20Cantabria&query_place_id=ChIJtUhaxTsRSQ0RuQsoF8OkJDo,43.3072,-4.2336,,verificado,no comprobado,,
cervezas-el-ayla,Cervezas El Ayla,Santoña,Cerveza,Cerveza artesana sin pasteurizar con segunda fermentación en botella,"Calle Juan Vella, Nave 19, 39740 Santoña, Cantabria",Microcervecera fundada en 2016 que elabora cerveza artesana tradicional sin pasteurizar en Santoña.,,+34667277752,cervezaselayla@outlook.com,https://www.cervezasayla.com,https://www.facebook.com/p/Cervezas-El-Ayla-100043994542370/,https://www.instagram.com/cervezaselayla/,,43.4375,-3.464,,verificado,sí,ecommerce,
cafe-dromedario,Café Dromedario,Medio Cudeyo,Café,Café tostado artesano,"Calle Recta de Heras, s/n, 39792 Heras, Cantabria","Tostadero de café histórico fundado en 1871, una de las cafeteras más antiguas de España, con planta en Heras.",,+34900350550,info@cafedromedario.com,https://cafedromedario.com,https://www.facebook.com/cafedromedario,https://www.instagram.com/cafedromedario/,,43.389,-3.747,/productores/es/cantabria/cantabria/cafe-dromedario.webp,verificado,sí,ecommerce,
corbatas-sanbar,Corbatas Sanbar,Val de San Vicente,Pan y cereal,Corbatas de Unquera artesanas con mantequilla,"Polígono Industrial Los Tánagos, Nave 9, 39548 Pesués, Cantabria","Obrador familiar de dos generaciones especializado en corbatas de Unquera artesanas, premiadas con el Great Taste Award.",,+34942717061,productos.sanbar@gmail.com,https://www.corbatassanbar.com,,,,43.3855,-4.436,/productores/es/cantabria/cantabria/corbatas-sanbar.webp,verificado,sí,ecommerce,
regma,Regma,Camargo,Pan y cereal,"Helados artesanos, sobaos y dulces","Polígono Industrial de Trascueto, 39600 Revilla de Camargo, Cantabria","Empresa familiar fundada en 1933 que elabora helados artesanos, sobaos y repostería en su planta de Revilla de Camargo.",,+34942251092,regma@regma.es,https://regma.es,https://www.facebook.com/heladosregma,https://www.instagram.com/regmahelados/,https://www.google.com/maps/search/?api=1&query=Regma%2C%20Pol%C3%ADgono%20Industrial%20de%20Trascueto%2C%2039600%20Revilla%20de%20Camargo%2C%20Cantabria&query_place_id=ChIJq__Z3jE2SQ0R05kBT7c5YHU,43.404,-3.85,,verificado,no comprobado,,
silio-berries,Silió Berries,Molledo,Fruta y verdura,"Arándanos frescos, zumo y mermelada de arándano","39438 Silió, Molledo, Cantabria",Productor de arándanos de cultivo sostenible en Silió que elabora zumo prensado en frío y mermeladas sin azúcar añadido.,,,info@silio-berries.com,https://silio-berries.com,,https://www.instagram.com/silioberries/,,43.1835,-4.025,/productores/es/cantabria/cantabria/silio-berries.webp,verificado,sí,ecommerce,
eco-tierra-mojada,Eco-Tierra Mojada,Santa Cruz de Bezana,Fruta y verdura,"Tomate antiguo de Abanillas, guisantes, pimientos y alubias ecológicas","Maoño, 39108 Santa Cruz de Bezana, Cantabria",Huerta ecológica familiar en Maoño que recupera variedades de tomate antiguo de Abanillas; mejor productor ecológico de Cantabria.,,,ecotierramojada@gmail.com,,https://www.facebook.com/ecotierramojada,https://www.instagram.com/ecotierramojada/,https://www.google.com/maps/search/?api=1&query=Eco-Tierra%20Mojada%2C%20Mao%C3%B1o%2C%2039108%20Santa%20Cruz%20de%20Bezana%2C%20Cantabria&query_place_id=ChIJb2wsJN45SQ0RlbyOELRXF2U,43.449,-3.8875,,verificado,no comprobado,,
panteff,Panteff,Piélagos,Pan y cereal,Pan de teff integral sin gluten,"39478 Parbayón, Piélagos, Cantabria","Obrador especializado en pan de teff integral sin gluten ni azúcar, con certificación Espiga Barrada, en Parbayón.",,,info@panteff.es,https://panteff.es,,https://www.instagram.com/panteff_/,,43.353,-3.877,/productores/es/cantabria/cantabria/panteff.webp,verificado,sí,ecommerce,
delicatessen-la-ermita,Delicatessen La Ermita,Cabezón de la Sal,Lácteos y quesos,"Yogures, postres lácteos, sobaos y platos preparados","Barrio San Román, s/n, 39591 Casar de Periedo, Cantabria","Empresa familiar de Casar de Periedo que elabora yogures, postres lácteos y platos preparados con tienda online.",,+34942704300,info@delicatessenlaermita.com,https://www.delicatessenlaermita.com/,https://www.facebook.com/laermitacantabria,https://www.instagram.com/laermitacantabria/,,43.3265,-4.1535,/productores/es/cantabria/cantabria/delicatessen-la-ermita.webp,verificado,sí,ecommerce,
miel-brana-jana,Miel Braña Jana,Campoo de Enmedio,Miel,Miel de brezo y milflores de Campoo,"Polígono Izadilla, 11, 39200 Matamorosa, Cantabria",Cooperativa apícola SAT Erica Campoo en Matamorosa; queda parcial al no localizar fuente propia actual.,,+34942754660,,,,,,42.9975,-4.138,,parcial,no comprobado,,
justina-de-liebana,Justina de Liébana,Cillorigo de Liébana,Vino,Orujo y licores ecológicos de Liébana,"Carretera Nacional 621, 39583 Tama, Cillorigo de Liébana, Cantabria","Destilería familiar (Orulisa, desde 1986) que elabora orujo y licores ecológicos en alambiques de cobre en Tama.",,+34942730414,orulisa@orulisa.com,https://www.orulisa.com,,https://www.instagram.com/justinadeliebana/,,43.1605,-4.632,/productores/es/cantabria/cantabria/justina-de-liebana.webp,verificado,sí,ecommerce,
finca-socueva,Finca Socueva,Herrerías,Conservas,Mermeladas y chutneys ecológicos de fruta propia,"Barrio Cades, s/n, 39550 Cades, Cantabria","Finca ecológica de Cades que cultiva frutas y verduras propias y las transforma en mermeladas, chutneys, salsas y productos de huerta con tienda online.",,+34629603301,info@fincasocueva.com,https://www.fincasocueva.com,https://www.facebook.com/fincasocueva,https://www.instagram.com/fincasocueva/,https://www.google.com/maps/search/?api=1&query=Finca%20Socueva%2C%20Barrio%20Cades%2C%20s%2Fn%2C%2039550%20Cades%2C%20Cantabria&query_place_id=ChIJuY3GmzCnSQ0RxgLegOmmcSI,43.306,-4.447,,verificado,sí,ecommerce,
como-una-manzana,Como una Manzana,Santa María de Cayón,Despensa artesanal,"Jaleas, vinagres y siropes de manzana ecológica","Lloreda, 39698 Santa María de Cayón, Cantabria","Explotación ecológica de manzanos en Lloreda que elabora jaleas, siropes, vinagres y zumos con fruta propia y tienda online.",,,info@comounamanzana.com,https://www.comounamanzana.com,https://www.facebook.com/comounamanzana/,https://www.instagram.com/comounamanzana_artesania/,,43.3115,-3.853,,verificado,sí,ecommerce,
acasyna,Acasyna,Liérganes,Conservas,"Mermeladas, zumo, vinagretas y mojo de arándano","Barrio Los Prados, Polígono 552 Parcela 47, 39727 Liérganes, Cantabria","Plantación de arándanos de Liérganes que cultiva fruta y elabora mermeladas, zumos, vinagretas y otros transformados artesanos con pedidos por contacto.",,+34689007143,acasyna@acasyna.es,https://www.acasyna.es,,https://www.instagram.com/acasyna/,https://www.google.com/maps/search/?api=1&query=Acasyna%2C%20Barrio%20Los%20Prados%2C%20Pol%C3%ADgono%20552%20Parcela%2047%2C%2039727%20Li%C3%A9rganes%2C%20Cantabria&query_place_id=ChIJcUWQS4_LTg0RLYDUh-yxSCU,43.3435,-3.741,/productores/es/cantabria/cantabria/acasyna.webp,verificado,sí,email|telefono,
sobaos-y-quesadas-ortiz-sanudo,Sobaos y Quesadas Ortiz-Sañudo,Corvera de Toranzo,Pan y cereal,Sobaos pasiegos IGP y quesadas,"Carretera Nacional 623, Bajo Villegar, 39699 Corvera de Toranzo, Cantabria","Obrador familiar de tradición pasiega que elabora sobaos, quesadas, pastas y magdalenas junto a la N-623.",,+34942597699,sobaosortiz@gmail.com,,https://www.facebook.com/people/Sobaos-y-Quesadas-Ortiz-Sa%C3%B1udo/100032758058502/,,https://www.google.com/maps/search/?api=1&query=Sobaos%20y%20Quesadas%20Ortiz-Sa%C3%B1udo%2C%20Carretera%20Nacional%20623%2C%20Bajo%20Villegar%2C%2039699%20Corvera%20de%20Toranzo%2C%20Cantabria&query_place_id=ChIJszUDCAIlSQ0RCJ3B3iagb8E,43.224,-3.93,,verificado,no comprobado,,
conservas-crespo,Conservas Crespo,Santoña,Pescado,Semiconserva de anchoa del Cantábrico,"Calle Marismas de Bengoa, s/n, 39740 Santoña, Cantabria",Conservera de Santoña dedicada a semiconserva de anchoa; actividad actual pendiente tras el incendio de su nave en 2025.,,+34942628332,conservascrespo@conservascrespo.com,,,,https://www.google.com/maps/search/?api=1&query=Conservas%20Crespo%2C%20Calle%20Marismas%20de%20Bengoa%2C%20s%2Fn%2C%2039740%20Santo%C3%B1a%2C%20Cantabria&query_place_id=ChIJz19PaHW_Tg0RZEyEvVwQo5s,43.4385,-3.459,,parcial,no comprobado,,
conservas-don-juan,Conservas Don Juan,Santoña,Pescado,Anchoas Conservas Don Juan,"Polígono Industrial Las Marismas, 12, Nave 59, 39740 Santoña, Cantabria",Conservera de Santoña con más de 50 años dedicada a la elaboración de anchoa.,,+34942660449,donjuan@conservasdonjuan.com,https://www.conservasdonjuan.com,,,https://www.google.com/maps/search/?api=1&query=Conservas%20Don%20Juan%2C%20Pol%C3%ADgono%20Industrial%20Las%20Marismas%2C%2012%2C%20Nave%2059%2C%2039740%20Santo%C3%B1a%2C%20Cantabria&query_place_id=ChIJg8OMzHW_Tg0RNYTsk8-dRVo,43.4375,-3.464,,verificado,no comprobado,,
consorcio-espanol-conservero,Consorcio Español Conservero,Santoña,Pescado,"Anchoas de Santoña, bonito del norte y atún claro Consorcio","Calle Eguilior, 1, Bajo, 39740 Santoña, Cantabria","Grupo Consorcio, conservera histórica de Santoña fundada en 1950 y líder en anchoa y bonito con tienda oficial.",,+34942660996,info@grupoconsorcio.com,https://www.grupoconsorcio.com,https://www.facebook.com/grupoconsorcio,https://www.instagram.com/grupoconsorcio/,https://www.google.com/maps/search/?api=1&query=Consorcio%20Espa%C3%B1ol%20Conservero%2C%20Calle%20Eguilior%2C%201%2C%20Bajo%2C%2039740%20Santo%C3%B1a%2C%20Cantabria&query_place_id=ChIJWbKNJna_Tg0RyqVAumuduvU,43.44,-3.4585,,verificado,sí,ecommerce,
bellapan,Bellapan,Santander,Pan y cereal,Pan y repostería artesana de elaboración diaria,"Calle Inés Diego de Noval, 51, 39012 Santander, Cantabria",Panadería y obrador de Santander que elabora a diario pan y repostería artesana con materias primas de calidad.,,+34942390324,bellepanescultura@gmail.com,https://bellapan.com,https://www.facebook.com/Panaderiabellapan/,https://www.instagram.com/bellapan1953/,,43.463,-3.833,,verificado,no comprobado,,
panaderia-acebo,Panadería Acebo,Santa María de Cayón,Pan y cereal,Pan artesano y tarta pasiega,"Avenida Justina Berdía, 45, 39620 Sarón, Cantabria","Panadería tradicional (Viuda de Acebo e Hijos) en Sarón, conocida por su pan artesano y su tarta pasiega.",,+34942560050,,,,,,43.312,-3.852,,parcial,no comprobado,,
panificadora-buelna,Panificadora Buelna,Los Corrales de Buelna,Pan y cereal,Pan artesano con harinas ecológicas,"Avenida Cantabria, 68, 39400 Los Corrales de Buelna, Cantabria",Panadería y pastelería 100% artesanal que trabaja con harinas ecológicas en Los Corrales de Buelna.,,+34942830196,,,https://www.facebook.com/panificadorabuelna,,https://www.google.com/maps/search/?api=1&query=Panificadora%20Buelna%2C%20Avenida%20Cantabria%2C%2068%2C%2039400%20Los%20Corrales%20de%20Buelna%2C%20Cantabria&query_place_id=ChIJMUoiVPwXSQ0R7kc3e8Lgyc8,43.2615,-4.0655,,verificado,no comprobado,,
