slug,nombre,municipio,categoria,productos estrella,direccion,descripcion,horario,telefono,correo,web,Facebook,Instagram,Google Maps,lat,lon,imagen,verificacion,Venta online,Canal de venta
aigua-de-sant-aniol-sant-aniol-de-finestres,Aigua de Sant Aniol,Sant Aniol de Finestres,Bebidas,Agua mineral natural de origen volcánico,"Can Talleda, s/n, 17154 Sant Aniol de Finestres, Girona","Agua mineral natural de origen volcánico envasada en el manantial de Sant Aniol, en la Garrotxa.",,+34972449818,santaniol@santaniol.com,https://www.santaniol.com/,,https://www.instagram.com/sant_aniol/,https://www.google.com/maps/search/?api=1&query=Aigua%20de%20Sant%20Aniol%2C%20Can%20Talleda%2C%2017154%20Sant%20Aniol%20de%20Finestres%2C%20Girona&query_place_id=ChIJ8fgvygPPuhIRVDgHRVRqvIg,42.0951579,2.5820317,/productores/catalunya/girona/aigua-de-sant-aniol-sant-aniol-de-finestres.webp,verificado,no comprobado,
anxoves-callol-serrats-l-escala,Anxoves Fill de J. Callol i Serrats,L'Escala,Pescado y conservas,"Anchoas en sal, filetes de anchoa, boquerones y conservas","Carretera d'Orriols, km 20,9, 17130 L'Escala, Girona",Empresa familiar activa desde 1847 que elabora anchoas en sal y filetes mediante salazón artesanal en L'Escala.,,+34972772577,info@callolserrats.com,https://www.callolserrats.com/,https://www.facebook.com/Anxoves-Callol-Serrats-629632913864126/,https://www.instagram.com/callolserrats/,https://www.google.com/maps/search/?api=1&query=Anxoves%20Fill%20de%20J.%20Callol%20I%20Serrats%2C%20Carretera%20Orriols%2C%20Km%2020%2C%209%2C%2017130%20L'Escala%2C%20Girona&query_place_id=ChIJWxOt0TJfuhIRC26BcQwoABY,42.115204,3.1256363,/productores/catalunya/girona/anxoves-callol-serrats-l-escala.webp,verificado,sí,ecommerce
anxoves-de-l-escala-soles-l-escala,Anxoves SOLÉS,L'Escala,Pescado y conservas,"Anchoas en sal, en aceite y en vinagre; conservas de pescado","Avinguda de la Closa d'en Llop, 40, 17130 L'Escala, Girona",Empresa familiar fundada en 1888 que mantiene una fábrica de salazón y elabora anchoas y otras conservas de pescado en L'Escala.,9:00–19:00,+34972770357,soles@anxoves.com,https://www.anxoves-soles.com/,https://www.facebook.com/anxovessoles/,https://www.instagram.com/anxoves_soles/,https://www.google.com/maps/search/?api=1&query=Anxoves%20SOL%C3%89S%20-%20L'Escala%20-%20F%C3%A0brica-Museu%2C%20Carrer%20Closa%20d'en%20Llop%2C%2040%2C%2017130%20L'Escala%2C%20Girona&query_place_id=ChIJp4uVAjFuhIRtPJKh9ZP-R4,42.122203,3.12473,/productores/catalunya/girona/anxoves-de-l-escala-soles-l-escala.webp,verificado,sí,ecommerce
arros-estany-de-pals-pals,Arròs l'Estany de Pals,Pals,Arroz,"Arroz Bahia, integral, Nembo, Bomba, Carnaroli y Akita Komachi","Carretera de Pals a Torroella, km 343, 17256 Pals, Girona","Empresa familiar que cultiva, seca de forma natural, elabora y envasa en Pals arroz de cosecha propia y distintas variedades.",,+34972636635,info@arrosestanydepals.cat,https://www.arrosestanydepals.cat/,https://www.facebook.com/arros.lestanydepals,https://www.instagram.com/arrosestanydepals/,https://www.google.com/maps/search/?api=1&query=Arr%C3%B2s%20l%27Estany%20de%20Pals%2C%20Carretera%20de%20Pals%20a%20Torroella%20km%20343%2C%2017256%20Pals%2C%20Girona,41.9899977,3.1554181,/productores/catalunya/girona/arros-estany-de-pals-pals.webp,verificado,sí,email
arros-moli-de-pals-pals,Arròs Molí de Pals,Pals,Arroz,"Arroz perlado, cristalino e integral","Carretera C-31 de Pals a Torroella, km 343,9, 17256 Pals, Girona","Molino histórico operado por Arròs de Pals SL, que cultiva y comercializa arroz perlado, cristalino e integral de Pals.",dilluns-divendres: 8:00–16:00,+34972636706,info@arrosmolidepals.com,https://www.arrosmolidepals.com/,https://www.facebook.com/arrosdepalssl/,https://www.instagram.com/arrosmolidepals/,https://www.google.com/maps/search/?api=1&query=Arr%C3%B2s%20Mol%C3%AD%20de%20Pals%2C%20Carretera%20C-31%20de%20Pals%20a%20Torroella%20km%20343%2C9%2C%2017256%20Pals%2C%20Girona,41.9979618,3.1503844,/productores/catalunya/girona/arros-moli-de-pals-pals.webp,verificado,no comprobado,
cafes-cornella-fornells-de-la-selva,Cafès Cornellà,Fornells de la Selva,Café,"Café en grano, molido y en cápsulas","Carrer Llevant, 4-6, 17458 Fornells de la Selva, Girona","Tostador de café con fábrica en Fornells de la Selva y tienda online propia de cafés y suscripciones.",,+34972476300,shop@cafescornella.coffee,https://www.cafescornella.coffee/,https://www.facebook.com/Caf%C3%A8s-Cornell%C3%A0-198539730177445,https://www.instagram.com/cafescornella/,https://www.google.com/maps/search/?api=1&query=Caf%C3%A8s%20Cornell%C3%A0%2C%20Carrer%20Llevant%2C%204-6%2C%2017458%20Fornells%20de%20la%20Selva%2C%20Girona&query_place_id=ChIJexdvI43guhIRMwscIqVcz-U,41.9332925,2.7969783,/productores/catalunya/girona/cafes-cornella-fornells-de-la-selva.webp,verificado,sí,ecommerce|suscripcion
can-moragues-riudarenes,Can Moragues,Riudarenes,Conservas y huerta,"Salsas, mermeladas y productos ecológicos","Ctra. Santa Coloma, km 21,1, 17421 Riudarenes, Girona","Obrador social y ambiental que elabora conservas ecológicas con producto de proximidad y las vende en su tienda oficial.",dilluns: Tancat | dimarts: Tancat | dimecres: Tancat | dijous: 10:00–18:00 | divendres: 10:00–20:00 | dissabte: 9:00–20:00 | diumenge: 9:00–16:00,+34872220024,elrebost@canmoragues.org,https://www.canmoragues.org/ca/,https://www.facebook.com/canmoragues,https://www.instagram.com/canmoragues/,https://www.google.com/maps/search/?api=1&query=El%20Rebost%20de%20Can%20Moragues%2C%20C-63%2C%20km.%2021%2C1%2C%2017421%20Riudarenes%2C%20Girona&query_place_id=ChIJ72IWeDIhuxIRY6EnhzLFbaM,41.8387326,2.7014063,/productores/catalunya/girona/can-moragues-riudarenes.webp,verificado,sí,ecommerce
celler-arche-pages-capmany,Celler Arché Pagès,Capmany,Bodega,"Vinos DO Empordà de garnacha, cariñena, macabeo y otras variedades","Carrer Sant Climent, 17750 Capmany, Girona",Bodega familiar con cinco generaciones de viticultores y 20 hectáreas de viñedo propio en Capmany; elabora vinos propios desde 2004.,,+34626647251,bonfill@capmany.com,http://ca.cellerarchepages.com/,https://www.facebook.com/celler.pages.9,https://www.instagram.com/arche_pages,https://www.google.com/maps/search/?api=1&query=Celler%20Arch%C3%A9%20Pag%C3%A8s%2C%20Carrer%20Sant%20Climent%2C%2017750%20Capmany%2C%20Girona&query_place_id=ChIJjU1ILL-auhIRy8EHIZXWrrY,42.3746669,2.923919,/productores/catalunya/girona/celler-arche-pages-capmany.webp,verificado,no,
celler-can-sais-vall-llobrega,Celler Can Sais,Vall-llobrega,Bodega,Vinos DO Empordà de viñedo propio,"Carrer Raval de Dalt, 10, 17253 Vall-llobrega, Girona",Pequeña bodega familiar de Vall-llobrega con 12 hectáreas de viñedo propio en el macizo de Les Gavarres y elaboración respetuosa con el entorno.,,+34972318033,correu@cellercansais.com,http://cellercansais.com/,https://www.facebook.com/cansaisceller/,,https://www.google.com/maps/search/?api=1&query=Celler%20Can%20Sais%2C%20Carrer%20Raval%20de%20Dalt%2C%2010%2C%2017253%20Vall-llobrega%2C%20Girona&query_place_id=ChIJ65SI9kdVuhIRrAfTHbb2e4g,41.888226,3.1179882,/productores/catalunya/girona/celler-can-sais-vall-llobrega.webp,verificado,no,
celler-d-en-guilla-rabos,Cellers d'en Guilla,Rabós,Bodega,"Vinos blancos, rosados, tintos y garnachas dulces","Camí de Peralada, 1, barri de Delfià, 17755 Rabós, Girona","Pequeña bodega de Delfià que vendimia a mano y elabora de forma artesanal vinos de variedades tradicionales del Empordà.",dilluns-dissabte: 11:00–14:00,+34872204054,info@cellersdenguilla.com,https://www.cellersdenguilla.com/,,https://www.instagram.com/cellersdenguilla/,https://www.google.com/maps/search/?api=1&query=Cellers%20d'en%20Guilla%2C%2017755%20Delfi%C3%A0%2C%20Girona&query_place_id=ChIJ5WbFYACHuhIRnMnpT0c_M2M,42.3598228,3.0336805,/productores/catalunya/girona/celler-d-en-guilla-rabos.webp,verificado,no,
celler-espelt-vilajuiga,Espelt Viticultors,Vilajuïga,Bodega,"Vinos ecológicos DO Empordà, cava y vinos dulces","Mas Espelt, s/n, 17493 Vilajuïga, Girona","Bodega familiar de Vilajuïga con viñedo propio y elaboración de vinos de la DO Empordà.",,+34972531727,info@espeltviticultors.com,https://www.espeltviticultors.com/,https://www.facebook.com/espelt.viticultors,https://www.instagram.com/cellerespelt,https://www.google.com/maps/search/?api=1&query=Celler%20Espelt%20Viticultors%2C%20Mas%20Espelt%20s%2Fn%2C%2017493%20Vilaju%C3%AFga%2C%20Girona&query_place_id=ChIJITmBByWIuhIR5GRZOxkaRWI,42.3199373,3.1024574,/productores/catalunya/girona/celler-espelt-vilajuiga.webp,parcial,sí,marketplace
celler-la-vinyeta-mollet-de-peralada,Celler La Vinyeta,Mollet de Peralada,Bodega,"Vinos DO Empordà, aceite, quesos y lotes","Carretera de Mollet a Masarac, 17752 Mollet de Peralada, Girona","Bodega de Mollet de Peralada que elabora vinos de la DO Empordà, aceite de oliva y otros productos de su proyecto agroalimentario.",,+34647748809,celler@lavinyeta.es,https://www.lavinyeta.es/,https://www.facebook.com/lavinyeta,https://www.instagram.com/cellerlavinyeta/,https://www.google.com/maps/search/?api=1&query=Celler%20La%20Vinyeta%2C%20Ctra.%20Mollet%20a%2C%2017752%20Masarac%2C%20Girona&query_place_id=ChIJ3XMzw4qFuhIREIvWyNgx8O0,42.357026,2.995657,/productores/catalunya/girona/celler-la-vinyeta-mollet-de-peralada.webp,verificado,sí,ecommerce
celler-mas-llunes-garriguella,Mas Llunes,Garriguella,Bodega,"Vinos ecológicos DO Empordà, espumosos y vinos dulces","Carretera de Vilajuïga, s/n, 17780 Garriguella, Girona","Bodega familiar de Garriguella que cultiva 80 hectáreas de viñedo propio ecológico y prioriza garnacha y cariñena.",,+34972552684,info@masllunes.es,https://masllunes.es/,https://www.facebook.com/celler.masllunes/,https://www.instagram.com/cellermasllunes/,https://www.google.com/maps/search/?api=1&query=Mas%20Llunes%20-%20Vinyes%20i%20Cellers%2C%20Ctra.%20de%20Vilaju%C3%AFga%2C%20s%2Fn%2C%2017780%20Garriguella%2C%20Girona&query_place_id=ChIJ0ZbLPXuIuhIRHU4hwWniw9s,42.3429082,3.0585973,/productores/catalunya/girona/celler-mas-llunes-garriguella.webp,verificado,no,
celler-mas-vida-cistella,Mas Vida Celler,Cistella,Bodega,"Vinos DO Empordà y aceite de oliva","Carrer Afores, s/n, 17741 Cistella, Girona","Bodega de Cistella orientada a la agricultura sostenible y a la recuperación del paisaje cultural mediante viñedos y olivos.",,+34659548512,info@bodegasmasvida.com,https://www.bodegasmasvida.com/,https://www.facebook.com/masvidaceller/,https://instagram.com/masvidaceller,https://www.google.com/maps/search/?api=1&query=Mas%20Vida%20Celler%2C%20Carrer%20dels%20Afores%2C%20s%2Fn%2C%2017741%20La%20Mare%20de%20D%C3%A9u%20de%20Vida%2C%20Girona&query_place_id=ChIJWbUIGBaUuhIR6wO0ktk8CQE,42.2669441,2.8379143,/productores/catalunya/girona/celler-mas-vida-cistella.webp,verificado,sí,ecommerce
cervesa-marina-blanes,Cervesa Marina,Blanes,Cerveza artesana,Cerveza artesana,"Carrer Puigmal, 12, 17300 Blanes, Girona","Microcervecería de Blanes activa desde 2010, con catálogo propio y tienda oficial con referencias disponibles.","dilluns: Tancat | dimarts: Tancat | dimecres: Tancat | dijous: Tancat | divendres: 11:00–13:30, 19:00–0:00 | dissabte: Tancat | diumenge: Tancat",+34629331965,,https://cervesamarina.com/,https://www.facebook.com/CervesaMarina/,https://www.instagram.com/cervesa_marina/,https://www.google.com/maps/search/?api=1&query=Cervesa%20Marina%2C%20Carrer%20Puigmal%2C%2012%2C%2017300%20Blanes%2C%20Girona&query_place_id=ChIJh8jng4c9uxIR4Nsb3kOjngY,41.6797146,2.7777789,/productores/catalunya/girona/cervesa-marina-blanes.webp,verificado,sí,ecommerce
cervesa-popaire-blanes,Cervesa Popaire,Blanes,Cerveza artesana,Cerveza artesana,"Carrer Joan Burcet, 1 bis, 17300 Blanes, Girona",Cervecera artesana de Blanes documentada en directorios de fabricantes y catálogos locales; se conserva sin web propia activa porque el dominio anterior está aparcado.,Consultar web,+34651662011,,,https://www.facebook.com/cervesaartesana.blanes/,,https://www.google.com/maps/search/?api=1&query=Cerveses%20Popaire%2C%20Carrer%20Joan%20Burcet%201%20bis%2C%2017300%20Blanes%2C%20Girona,41.6765044,2.7765059,,parcial,no,
cerveses-moska-sarria-de-ter,Cerveses Moska,Sarrià de Ter,Cerveza artesana,Cerveza artesana,"Carrer de les Lloses, 65, 17840 Sarrià de Ter, Girona","Cervecera de Sarrià de Ter impulsada por Birrart desde 2008, con catálogo y tienda oficial operativa.",dilluns: 9:00–17:00 | dimarts: 9:00–17:00 | dimecres: 9:00–17:00 | dijous: 9:00–17:00 | divendres: 9:00–15:00 | dissabte: Tancat | diumenge: Tancat,+34669299368,info@moskabeer.com,https://www.moskabeer.com/,https://www.facebook.com/cervesa.degirona,https://www.instagram.com/moskadegirona/,https://www.google.com/maps/search/?api=1&query=Moska%20de%20Girona%2C%20Carrer%20de%20les%20Lloses%2C%2065%2C%2017840%20Sarri%C3%A0%20de%20Ter%2C%20Girona&query_place_id=ChIJqeBxOEnmuhIRr88t9bV5R_A,42.01955299999999,2.824126,/productores/catalunya/girona/cerveses-moska-sarria-de-ter.webp,verificado,sí,ecommerce
clos-d-agon-calonge-i-sant-antoni,Clos d'Agon,Calonge i Sant Antoni,Bodega,"Vinos tintos, blancos y rosados de viñedo propio","Carrer Mas Gil, 14, 17251 Calonge, Girona","Bodega de la finca Mas Gil que elabora en Calonge vinos tintos, blancos y rosados con uva de sus 16 hectáreas de viñedo.",,+34972661486,info@closdagon.com,https://closdagon.com/,https://www.facebook.com/closdagon.masgil,https://www.instagram.com/closdagon/,https://www.google.com/maps/search/?api=1&query=Celler%20Clos%20d'Agon%20(Mas%20Gil)%2C%20Carrer%20Mas%20Gil%2C%2014%2C%2017251%20Calonge%2C%20Girona&query_place_id=ChIJYzvCoJ0BuxIRQ9wSQIYVQOA,41.8709865,3.087686,/productores/catalunya/girona/clos-d-agon-calonge-i-sant-antoni.webp,verificado,sí,ecommerce
confraria-de-pescadors-de-palamos-palamos,Confraria de Pescadors de Palamós,Palamós,Pescado y marisco,Pescado fresco y Gamba de Palamós,"Moll Pesquer, s/n, 17230 Palamós, Girona","Cofradía que gestiona la primera venta en lonja de las capturas desembarcadas por la flota de Palamós y el mercado de pescado de la lonja.",,+34972314437,palamos@confraria.cat,https://confraria.cat/,https://www.facebook.com/ConfrariaDePescadorsDePalamos,https://www.instagram.com/confrariadepescadorsdepalamos/,https://www.google.com/maps/search/?api=1&query=Confraria%20de%20Pescadors%2C%20Carrer%20Moll%2C%200%2C%2017230%20Palam%C3%B3s%2C%20Girona&query_place_id=ChIJM8jSZPqquxIRP04LbUwI3RU,41.8445059,3.1284918,/productores/catalunya/girona/confraria-de-pescadors-de-palamos-palamos.webp,verificado,no,
confraria-de-pescadors-de-roses-roses,Confraria de Pescadors de Roses,Roses,Pescado y marisco,Pescado fresco de lonja,"Riera Ginjolers, 22, 17480 Roses, Girona","Cofradía fundada en 1921 con todas las modalidades de pesca, lonja de pescado fresco y proyectos de pesca responsable.",Consultar web,+34972255321,info@confrariapescadorsroses.cat,https://confrariapescadorsroses.cat/,,https://www.instagram.com/confrariadepescadorsderoses/,https://www.google.com/maps/search/?api=1&query=Cofrad%C3%ADa%20de%20Pescadores%20de%20Roses%2C%20Riera%20Ginjolers%2C%2022%20(de%20la)%2C%2017480%20Roses%2C%20Girona&query_place_id=ChIJ7yMyllJhuhIRBcqKh2evmY4,42.2634225,3.1791594,/productores/catalunya/girona/confraria-de-pescadors-de-roses-roses.webp,verificado,no,
cooperativa-agricola-de-garriguella-garriguella,Agrícola de Garriguella i Rabós,Garriguella,Bodega,"Vinos DO Empordà, cava, vino a granel y aceite","Carretera de Roses, s/n, 17780 Garriguella, Girona","Cooperativa de viticultores activa desde 1963 que elabora vinos y aceite con uva y aceituna de las familias socias.",dilluns-dijous: 9:00–19:00 | divendres-diumenge: 9:00–20:00,+34972530002,info@cooperativagarriguella.com,https://www.cooperativagarriguella.com/,https://www.facebook.com/cooperativagarriguella,https://www.instagram.com/cooperativagarriguella/,https://www.google.com/maps/search/?api=1&query=Cooperativa%20Agr%C3%ADcola%20de%20Garriguella%2C%20Carretera%20de%20Roses%2C%20s%2Fn%2C%2017780%20Garriguella%2C%20Girona&query_place_id=ChIJM3vlLH2IuhIR_ebmtt0Mdb0,42.343338,3.0600071,/productores/catalunya/girona/cooperativa-agricola-de-garriguella-garriguella.webp,verificado,sí,ecommerce
doskiwis-brewing-rupia,DosKiwis Brewing,Rupià,Cerveza artesana,Cerveza artesana,"Carretera de Parlavà, GI-642, 22, 17131 Rupià, Girona","Fábrica y taproom de Rupià con catálogo propio y tienda Shopify con cerveza disponible.",dilluns: Tancat | dimarts: Tancat | dimecres: Tancat | dijous: Tancat | divendres: 18:00–23:00 | dissabte: 12:00–23:00 | diumenge: 12:00–18:00,+34623192815,taproom@doskiwisbrewing.com,https://doskiwisbrewing.com/,https://facebook.com/doskiwisbrewing,https://instagram.com/doskiwisbrewing,https://www.google.com/maps/search/?api=1&query=DosKiwis%20-%20F%C3%A0brica%20de%20cervesa%20a%20l'Empord%C3%A0%2C%20Carretera%20de%20Parlav%C3%A0%2C%20GI-642%2C%2022%2C%2017131%20Rupi%C3%A0%2C%20Girona&query_place_id=ChIJZcZEExf6uhIRffBS5FnsLqk,42.0225367,3.0062669,/productores/catalunya/girona/doskiwis-brewing-rupia.webp,verificado,sí,ecommerce
eccocivi-sant-marti-vell,Celler Eccocivi,Sant Martí Vell,Bodega,Vinos de finca de Les Gavarres,"Paratge Mont-rodó, 3, 17462 Sant Martí Vell, Girona","Bodega de Sant Martí Vell que recuperó el cultivo de la vid en Les Gavarres y elabora vinos de parcelas como Can Noves, Ca l'Elsa y Els Boscals.",,+34872000015,info@eccociwine.com,https://www.eccocivi.com/,https://es-la.facebook.com/eccociwine,https://www.instagram.com/eccocivi,https://www.google.com/maps/search/?api=1&query=ECCOCIVI%2C%20Paratge%20Mont-rod%C3%B3%2C%203%2C%2017462%2C%20Girona&query_place_id=ChIJz4UWNCvluhIR1fKjvYCmEvk,42.0042499,2.937278,/productores/catalunya/girona/eccocivi-sant-marti-vell.webp,verificado,sí,ecommerce
empordalia-pau,Empordàlia,Pau,Bodega,Vinos DO Empordà y aceite de oliva virgen extra DOP,"Carretera de Roses, s/n, 17494 Pau, Girona",Cooperativa de pequeños productores del Empordà que elabora vinos DO Empordà y aceite de oliva virgen extra DOP Oli de l’Empordà.,,+34972530140,info@empordalia.com,https://empordalia.com/,https://www.facebook.com/Empordalia/,https://www.instagram.com/empordalia/,https://www.google.com/maps/search/?api=1&query=Empord%C3%A0lia%2C%20Carr.%20de%20Roses%20a%20Vilaju%C3%AFga%2C%20s%2Fn%2C%2017494%2C%20Girona&query_place_id=ChIJE3a4MIpiuhIRVhmKIX1EpdY,42.31441179999999,3.113725,/productores/catalunya/girona/empordalia-pau.webp,verificado,sí,ecommerce
finca-bell-lloc-palamos,Celler Brugarol (Finca Bell-Lloc),Palamós,Bodega,Vinos naturales y aceite de oliva ecológicos,"Camí de Bell-lloc, s/n, 17230 Palamós, Girona","Bodega de la finca Bell-Lloc con viñedos propios en Palamós, cultivo ecológico y regenerativo y producción limitada de vinos y aceite.",,+34972316203,bell-lloc@brugarol.com,https://brugarol.com/winery/,https://www.facebook.com/brugarol/,https://www.instagram.com/brugarol/,https://www.google.com/maps/search/?api=1&query=Celler%20Brugarol%2C%20Cam%C3%AD%20de%20Bell-lloc%2C%20s%2Fn%2C%2017230%20Palam%C3%B3s%2C%20Girona&query_place_id=ChIJ5Y9ruU1VuhIRUWs3NhRua9A,41.88123820000001,3.1096025,/productores/catalunya/girona/finca-bell-lloc-palamos.webp,verificado,sí,ecommerce
formatgeria-la-balda-sant-marti-de-llemena,Formatgeria La Balda,Sant Martí de Llémena,Lácteos y quesos,Quesos artesanos de leche cruda,"Mas La Vilotxa, 17153 Granollers de Rocacorba, Girona","Obrador artesano de la Vall de Llémena activo desde 2012, con catálogo propio de quesos de leche cruda y presencia pública vigente.",Consultar web,+34651813289,,https://www.labalda.com/,,https://www.instagram.com/formatgerlabalda/,https://www.google.com/maps/search/?api=1&query=Formatges%20La%20Balda%2C%20Mas%20La%20Vilotxa%2C%2017153%20Granollers%20de%20Rocacorba%2C%20Girona&query_place_id=ChIJ617c2x7FuhIRqU1EwR0WS7c,42.0711102,2.6552867,/productores/catalunya/girona/formatgeria-la-balda-sant-marti-de-llemena.webp,verificado,no,
formatgeria-mas-alba-terradelles,Formatgeria Mas Alba,Terradelles,Lácteos y quesos,Quesos artesanos de cabra,"Paratge Terradelles, 112, 17468 Terradelles, Girona","Proyecto familiar de Terradelles que transforma leche de su propio rebaño de cabras y vende directamente en la masía y el Mercat del Lleó.",dilluns: 10:00–19:00 | dimarts: 10:00–19:00 | dimecres: 10:00–19:00 | dijous: 10:00–19:00 | divendres: 10:00–19:00 | dissabte: 10:00–18:00 | diumenge: 10:00–13:00,+34678592306,formatgeria@masalba.cat,https://www.masalba.cat/,,https://www.instagram.com/agromasalba/,https://www.google.com/maps/search/?api=1&query=Casa%20Rural%20Mas%20Alba%20-%20Formatgeria%2C%20Paratge%20Terradelles%2C%20112%2C%2017468%20Terradelles%2C%20Girona&query_place_id=ChIJVVVVSdftuhIRRaoRWSPotLs,42.11822249999999,2.8893728,/productores/catalunya/girona/formatgeria-mas-alba-terradelles.webp,verificado,no,
fruticola-emporda-sant-pere-pescador,Frutícola Empordà,Sant Pere Pescador,Fruta,Manzanas IGP Poma de Girona,"Carrer del Doctor Narcís de Ciurana, 12, 17470 Sant Pere Pescador, Girona","Empresa frutícola fundada en Sant Pere Pescador en 1970, productora y comercializadora internacional de fruta de calidad.","dilluns: 8:00–13:00, 15:00–18:00 | dimarts: 8:00–13:00, 15:00–18:00 | dimecres: 8:00–13:00, 15:00–18:00 | dijous: 8:00–13:00, 15:00–18:00 | divendres: 8:00–13:00, 15:00–18:00 | dissabte: Tancat | diumenge: Tancat",+34972520000,emporda@empordasl.com,https://www.fructicolaemporda.com/,https://www.facebook.com/fructicola.emporda/,https://www.instagram.com/fructicolaemporda/,https://www.google.com/maps/search/?api=1&query=Frut%C3%ADcola%20Empord%C3%A0%2C%20Carrer%20del%20Doctor%20Narc%C3%ADs%20de%20Ciurana%2C%2012%2C%2017470%20Sant%20Pere%20Pescador%2C%20Girona&query_place_id=ChIJc8BE3En1uhIRvqaedbhIIw4,42.1895205,3.0776688,/productores/catalunya/girona/fruticola-emporda-sant-pere-pescador.webp,verificado,no,
galetes-trias-santa-coloma-de-farners,Galetes Trias,Santa Coloma de Farners,Dulces,"Teules, neules, ametllats y surtidos de galletas","Ctra. de Sils, 36, 17430 Santa Coloma de Farners, Girona","Fábrica familiar de galletas de Santa Coloma de Farners con especialidades de almendra y tienda online propia.",,+34972841213,trias@triasbiscuits.com,https://www.triasbiscuits.com/,https://www.facebook.com/GaletesTrias/,https://www.instagram.com/triasbiscuits/,https://www.google.com/maps/search/?api=1&query=Trias%20Galetes%20i%20Biscuits%20SA%2C%20Ctra.%20de%20Sils%2C%2036%2C%2017430%20Santa%20Coloma%20de%20Farners%2C%20Girona&query_place_id=ChIJE2SkTBgnuxIRIwoBG3KqA78,41.8571232,2.6745225,/productores/catalunya/girona/galetes-trias-santa-coloma-de-farners.webp,verificado,sí,ecommerce
giropoma-costa-brava-ulla,Giropoma Costa Brava,Ullà,Fruta,Manzanas IGP Poma de Girona,"Carretera de Torroella de Montgrí a Verges, km 1,2, 17140 Ullà, Girona","Productora y comercializadora de siete variedades de manzana, incluidas las reconocidas por la IGP Poma de Girona.","dilluns: 9:00–13:00, 15:00–19:00 | dimarts: 9:00–13:00, 15:00–19:00 | dimecres: 9:00–13:00, 15:00–19:00 | dijous: 9:00–13:00, 15:00–19:00 | divendres: 9:00–13:00, 15:00–19:00 | dissabte: Tancat | diumenge: Tancat",+34972755025,giropoma@giropoma.com,https://www.giropoma.com/,https://www.facebook.com/giropomacostabrava/,https://www.instagram.com/giropoma/,https://www.google.com/maps/search/?api=1&query=Giropoma%20Costa%20Brava%20SL%2C%20Carretera%20de%20Torroella%2C%200%2C%20Km%201%20200%2C%2017140%20Ull%C3%A0%2C%20Girona&query_place_id=ChIJrWvj9CT4uhIRV2gb5A9Vuzk,42.046833,3.1155532,/productores/catalunya/girona/giropoma-costa-brava-ulla.webp,verificado,no,
hugas-de-batlle-colera,Celler Hugas de Batlle,Colera,Bodega,Vinos DO Empordà de viñedos en terrazas,"Carrer Francesc Ribera, 30, 17496 Colera, Girona",Bodega familiar de Colera que cultiva desde 2002 viñedos en terrazas de la Vall de Molinàs y elabora vinos DO Empordà.,dilluns-divendres: 9:00–16:00 | dissabte: 10:00–14:00,+34972389149,info@cellerhugasdebatlle.com,https://cellerhugasdebatlle.cat/,https://www.facebook.com/cellerhdeb/,https://www.instagram.com/celler_hugas_de_batlle/,https://www.google.com/maps/search/?api=1&query=Celler%20Hugas%20de%20Batlle%2C%20Carrer%20Francesc%20Ribera%2C%2030%2C%2017496%20Colera%2C%20Girona&query_place_id=ChIJc5ObNUR8uhIR9e7f4_O4MRM,42.4035,3.1504968,/productores/catalunya/girona/hugas-de-batlle-colera.webp,verificado,sí,ecommerce
japet-dels-bous-borrassa,Japet dels Bous,Borrassà,Lácteos y quesos,Quesos rurales de cabra,"Cami de la Serra, 7, 17770 Creixell, Girona","Formatgería familiar de Creixell-Borrassà que elabora queso y lácteos de cabra y acepta encargos por WhatsApp para recoger en mercados locales.",Consultar web,+34609705734,info@japetdelsbous.com,https://japetdelsbous.com/,https://www.facebook.com/japet.delsbous/,https://www.instagram.com/japet_dels_bous/,https://www.google.com/maps/search/?api=1&query=Japet%20Dels%20Bous%20S.L.%2C%20Cami%20de%20la%20Serra%2C%207%2C%2017770%20Creixell%2C%20Girona&query_place_id=ChIJxzvvGpeSuhIRtogZP9xlRwM,42.2106059,2.9321503,/productores/catalunya/girona/japet-dels-bous-borrassa.webp,verificado,sí,whatsapp
la-calavera-sant-joan-de-les-abadesses,La Calavera,Sant Joan de les Abadesses,Cerveza artesana,Cerveza artesana,"Polígono Industrial Cal Gat, 25, TAP ROOM LA CALAVERA, Polígon, Plaça Cal Gat, 21, 17860 Sant Joan de les Abadesses, Girona","Fábrica de cerveza artesana experimental especializada en barrel aged, con tienda oficial y lanzamientos vigentes en 2026.",dilluns: 9:00–16:00 | dimarts: 9:00–16:00 | dimecres: 9:00–16:00 | dijous: 9:00–16:00 | divendres: 9:00–16:00 | dissabte: Tancat | diumenge: Tancat,+34972721101,team@lacalavera.cat,https://lacalavera.cat/es/,https://www.facebook.com/lacalaveracoop/,https://www.instagram.com/lacalaveracoop/,https://www.google.com/maps/search/?api=1&query=La%20Calavera%2C%20Pol%C3%ADgono%20Industrial%20Cal%20Gat%2C%2025%2C%20TAP%20ROOM%20LA%20CALAVERA%2C%20Pol%C3%ADgon%2C%20Pla%C3%A7a%20Cal%20Gat%2C%2021%2C%2017860%20Sant%20Joan%20de%20les%20Abadesses%2C%20Girona&query_place_id=ChIJGSYxwsFHpRIRK06IODN-JNQ,42.2275346,2.2614096,/productores/catalunya/girona/la-calavera-sant-joan-de-les-abadesses.webp,verificado,sí,ecommerce
la-fageda-santa-pau,La Fageda,Santa Pau,Lácteos y quesos,"Yogures, bífidus, postres, helados y mermeladas","Mas Els Casals, s/n, 17811 Santa Pau, Girona","Proyecto social y productor alimentario que elabora sus lácteos y mermeladas en la finca de Santa Pau.",,+34972681010,,https://www.fageda.com/,https://www.facebook.com/lafageda,https://www.instagram.com/fageda/,https://www.google.com/maps/search/?api=1&query=La%20Fageda%20Fundaci%C3%B3%2C%20Mas%20Els%20Casals%2C%20s%2Fn%2C%2017811%20Santa%20Pau%2C%20Girona&query_place_id=ChIJbeBPhfLLuhIR36YB_eCAJog,42.1389843,2.5217915,/productores/catalunya/girona/la-fageda-santa-pau.webp,verificado,sí,marketplace
la-selvatana-campllong,La Selvatana,Campllong,Lácteos y quesos,"Leche fresca, yogures y lácteos ecológicos","Granja La Selvatana, bústia 47, 17459 Campllong, Girona","Granja ecológica de Campllong que controla cultivo, ganado, obrador y distribución de leche, yogur, mató y queso.",Consultar web,+34659200445,frisllet@gmail.com,https://www.laselvatana.net/ca/,https://es-es.facebook.com/people/Granja-la-selvatana/100071163459138/,https://www.instagram.com/la_selvatana,https://www.google.com/maps/search/?api=1&query=Granja%20La%20Selvatana%2C%2017459%20Campllong%2C%20Girona&query_place_id=ChIJH09pyuXhuhIRr04EVe4MILo,41.892114,2.8439524,/productores/catalunya/girona/la-selvatana-campllong.webp,verificado,no,
la-xiquella-la-vall-d-en-bas,La Xiquella,La Vall d'en Bas,Lácteos y quesos,Quesos de leche cruda de vaca y oveja,"Mas El Xiquillo, Veïnat Vilallonga, 17176, Girona","Obrador de la Vall d'en Bas que elabora semanalmente quesos de leche cruda de vaca y oveja y mantiene tienda oficial con producto disponible.",Consultar web,+34667718004,hola@laxiquella.com,https://www.laxiquella.com/,,https://www.instagram.com/laxiquella/,https://www.google.com/maps/search/?api=1&query=La%20Xiquella%2C%20formatges%20artesans%20i%20masoveria%2C%20Mas%20El%20Xiquillo%2C%20Ve%C3%AFnat%20Vilallonga%2C%2017176%2C%20Girona&query_place_id=ChIJT2VMRK7MuhIRvzCCqLwYE28,42.1225443,2.4670667,/productores/catalunya/girona/la-xiquella-la-vall-d-en-bas.webp,verificado,sí,ecommerce
licors-quevall-llanars,Licors Quevall,Llançà,Licores,"Licores artesanos, ratafías y destilados del Cap de Creus","Carrer Floridablanca, 2, 17490 Llançà, Girona","Licorera artesana de Llançà que elabora licores naturales, ratafías y destilados con plantas y frutas del entorno del Cap de Creus.",Consultar web,+34636555477,info@quevall.cat,https://quevall.cat/,https://facebook.com/quevall,https://instagram.com/quevall_licors,https://www.google.com/maps/search/?api=1&query=QUEVALL%20LICORS%20ARTESANALS%2C%20Carrer%20Floridablanca%2C%202%2C%2017490%20Llan%C3%A7%C3%A0%2C%20Girona&query_place_id=ChIJ2cCYvTR9uhIRNg9ctz3-WXA,42.36185450000001,3.1511041,/productores/catalunya/girona/licors-quevall-llanars.webp,parcial,sí,
martin-faixo-cadaques,Celler Martín Faixó,Cadaqués,Bodega,"Vinos ecológicos DO Empordà, cava, vermut y destilados","Carretera de Cadaqués, s/n, 17488 Cadaqués, Girona",Bodega familiar que recuperó en 2000 la viticultura del Cap de Creus y elabora vinos ecológicos DO Empordà en la finca Sa Perafita.,dilluns-diumenge: 9:00–17:00,+34972258954,info@martinfaixo.com,https://www.martinfaixo.com/,https://www.facebook.com/celler.martinfaixo/,https://www.instagram.com/cellermartinfaixo/,https://www.google.com/maps/search/?api=1&query=Celler%20Mart%C3%ADn%20Faix%C3%B3%20%7C%20Sa%20Perafita%2C%20Carr.%20de%20Cadaqu%C3%A9s%2C%20s%2Fn%2C%2017488%20Cadaqu%C3%A9s%2C%20Girona&query_place_id=ChIJPyTxxr1luhIR3itpd5i9Tw0,42.2946664,3.2359184,/productores/catalunya/girona/martin-faixo-cadaques.webp,verificado,no comprobado,
mas-entreserra-corca,Mas Entreserra,Corçà,Miel,Miel cruda artesana del Baix Empordà,"Carrer Sant Joan, 10, 17121 Casavells, Girona","Empresa apícola familiar de Casavells con más de 25 años de oficio, miel cruda propia y tienda oficial con entrega a domicilio.","dilluns: 10:00–14:00, 16:00–19:00 | dimarts: 10:00–14:00, 16:00–19:00 | dimecres: 10:00–14:00, 16:00–19:00 | dijous: 10:00–14:00, 16:00–19:00 | divendres: 10:00–14:00, 16:00–19:00 | dissabte: 10:00–14:00, 16:00–19:00 | diumenge: Tancat",+34652990069,info@masentreserra.com,https://masentreserra.com/,https://www.facebook.com/MelMasEntreserra/,https://www.instagram.com/melmasentreserra/,https://www.google.com/maps/search/?api=1&query=Mel%20Mas%20Entreserra%2C%20Carrer%20Sant%20Joan%2C%2010%2C%2017121%20Casavells%2C%20Girona&query_place_id=ChIJyVwWVJz5uhIRp34hy_mdBxg,42.0014526,3.0303249,/productores/catalunya/girona/mas-entreserra-corca.webp,verificado,sí,ecommerce
mas-la-coromina-la-vall-d-en-bas,Mas La Coromina,La Vall d'en Bas,Lácteos y quesos,Leche ATO ecológica y productos de granja,"Mas la Coromina, s/n, 17176 Juanetas, Girona","Granja ecológica ATO Natura de la Vall d'en Bas con producción láctea, visitas y tienda física de productos del mas.",dilluns: 10:00–12:00 | dimarts: 10:00–12:00 | dimecres: 10:00–12:00 | dijous: 10:00–12:00 | divendres: 10:00–12:00 | dissabte: 10:00–12:00 | diumenge: 10:00–12:00,+34699746752,info@maslacoromina.cat,https://www.maslacoromina.cat/,https://www.facebook.com/maslacoromina/,https://instagram.com/maslacoromina,https://www.google.com/maps/search/?api=1&query=Mas%20la%20Coromina%2C%20Mas%20la%20Coromina%2C%20s%2Fn%2C%2017176%20Juanetas%2C%20Girona&query_place_id=ChIJP6XQ8y81pRIRVdO2fEGUjJs,42.1188424,2.4311356,/productores/catalunya/girona/mas-la-coromina-la-vall-d-en-bas.webp,verificado,no,
mas-marce-siurana-d-emporda,Mas Marcè,Siurana d'Empordà,Lácteos y quesos,"Quesos de oveja, recuits y yogures","Carrer Ribera, 5, 17469 Siurana d'Empordà, Girona","Granja de Siurana d'Empordà que elabora lácteos ecológicos de oveja, ofrece visitas y acepta pedidos de producto por WhatsApp.",dilluns: 8:00–16:00 | dimarts: 8:00–16:00 | dimecres: 8:00–16:00 | dijous: 8:00–16:00 | divendres: 8:00–16:00 | dissabte: Tancat | diumenge: Tancat,+34972538003,info@peraladamasmarce.com,https://www.peraladamasmarce.com/ca/,https://www.facebook.com/Mas-Marc%C3%A8-i-L%C3%A0ctics-Peralada-1455586067988699/,https://www.instagram.com/peraladamasmarce/,https://www.google.com/maps/search/?api=1&query=Peralada%20Mas%20Marc%C3%A8%2C%20Carrer%20Ribera%2C%205%2C%2017469%20Siurana%20d'Empord%C3%A0%2C%20Girona&query_place_id=ChIJcelZppqMuhIR5_lEipCX2Xw,42.2112968,2.9936245,/productores/catalunya/girona/mas-marce-siurana-d-emporda.webp,verificado,sí,whatsapp
mas-molla-calonge-i-sant-antoni,Mas Molla,Calonge i Sant Antoni,Bodega,Vino de payés natural y fruta de secano,"Mas Molla, 17251 Calonge, Girona",Masía familiar de Calonge con tradición documentada desde 1338 que cultiva viñedo y frutales y elabora vino de payés mediante fermentación espontánea.,"octubre-maig: dilluns-dissabte 10:00–14:00, 15:00–19:30; diumenge 10:00–14:00 | juny-agost: dilluns-divendres 17:30–20:30; dissabte 10:00–14:00, 17:30–20:30; diumenge 10:00–14:00 | setembre: 17:00–19:30",+34972650136,info@masmolla.com,http://www.masmolla.com/,https://www.facebook.com/viifruitamasmolla,https://www.instagram.com/masmolla/,https://www.google.com/maps/search/?api=1&query=Mas%20Molla%2C%2017251%20Calonge%2C%20Girona&query_place_id=ChIJgV870xcAuxIRR3iLnttgoWI,41.8678526,3.0803155,/productores/catalunya/girona/mas-molla-calonge-i-sant-antoni.webp,verificado,no,
mas-oller-torrent,Mas Oller,Torrent,Bodega,Vinos DO Empordà de viñedo propio,"Mas Oller, carretera GI-652, km 0,230, 17123 Torrent, Girona","Finca histórica de Torrent recuperada como bodega en el año 2000, con viñedos propios y elaboración de vinos ligados al terruño de la DO Empordà.",novembre-març: dilluns-diumenge 10:30–17:00 | abril-octubre: dilluns-diumenge 10:30–19:30,+34632718256,info@masoller.cat,https://www.masoller.cat/,https://www.facebook.com/masolleremporda,https://www.instagram.com/bodegamasoller/,https://www.google.com/maps/search/?api=1&query=Mas%20Oller%2C%20carretera%20GI-652%2C%20km%200%2C230%2C%2017123%20Torrent%2C%20Girona&query_place_id=ChIJHwg_3tpVuhIRiEKGKTOHohg,41.947824,3.1255047,/productores/catalunya/girona/mas-oller-torrent.webp,verificado,sí,ecommerce
mooma-palau-sator,Mooma,Palau-sator,Bebidas,"Sidra, zumos, vinagre y productos de manzana","Mas Saulot, s/n, 17256 Palau-sator, Girona","Productor familiar que cultiva manzanos en Palau-sator y transforma la fruta en sidra, zumos y otros elaborados.",,+34872026088,info@mooma.cat,https://mooma.cat/,https://es-es.facebook.com/sidreriamooma/,https://www.instagram.com/mooma/,https://www.google.com/maps/search/?api=1&query=Mooma%2C%20Mas%20Saulot%20S%2FN%2C%2017256%2C%2017256%2C%2017256%2C%20Girona&query_place_id=ChIJEYt346tXuhIRXpjwfcuXhp0,42.0007312,3.133318,/productores/catalunya/girona/mooma-palau-sator.webp,verificado,sí,ecommerce
perelada-peralada,Perelada,Peralada,Bodega,Vinos y cavas del Empordà,"Paratge La Granja, s/n, 17491 Peralada, Girona","Bodega de Peralada que elabora vinos de la DO Empordà y espumosos en sus instalaciones del Alt Empordà.",,+34972538001,info@pereladachivite.com,https://perelada.com/,https://www.facebook.com/castillopereladavinosycavas/,https://www.instagram.com/perelada/,https://www.google.com/maps/search/?api=1&query=Celler%20Perelada%2C%20Paratge%20la%20Granja%2C%20s%2Fn%2C%2017491%20Peralada%2C%20Girona&query_place_id=ChIJa7uGBymPuhIR4QmH8YgA1Ss,42.3063008,3.0133778,/productores/catalunya/girona/perelada-peralada.webp,verificado,no,
ratafia-russet-olot,Ratafia Russet,Olot,Licores,Ratafía artesana,"Carretera de Santa Pau, 2, 17800 Olot, Girona","Ratafía elaborada y embotellada en Olot por Xavier Codina desde 1903, con identidad y contacto oficial vigentes.","dilluns: 9:00–13:00, 16:00–19:00 | dimarts: 9:00–13:00, 16:00–19:00 | dimecres: 9:00–13:00, 16:00–19:00 | dijous: 9:00–13:00, 16:00–19:00 | divendres: 9:00–13:00, 16:00–19:00 | dissabte: Tancat | diumenge: Tancat",+34972261088,ratafia@russet.cat,https://www.russet.cat/,,https://www.instagram.com/ratafiarusset/,https://www.google.com/maps/search/?api=1&query=Ratafia%20Russet%2C%20Ctra.%20Santa%20Pau%2C%202%2C%204%2C%2017800%20Olot%2C%20Girona&query_place_id=ChIJ2exfNeXKuhIRZayTQ-IbNYc,42.1780872,2.4901192,,verificado,no,
recuits-de-fonteta-forallac,Recuits de Fonteta,Forallac,Lácteos y quesos,Recuit de Fonteta y derivados lácteos,"Carrer de Fitor, 2, 17110 Fonteta, Girona","Casa Martell elabora artesanalmente recuits, quesos, yogures y flan en Fonteta y anuncia tienda física y tienda en línea.","dilluns: 9:00–13:00, 15:00–19:00 | dimarts: 9:00–13:00, 15:00–19:00 | dimecres: 9:00–13:00, 15:00–19:00 | dijous: 9:00–13:00, 15:00–19:00 | divendres: 9:00–13:00, 15:00–19:00 | dissabte: 9:00–13:00, 16:00–20:00 | diumenge: Tancat",+34972641548,recuits@recuitsfonteta.com,https://www.recuitsfonteta.com/ca/,https://www.facebook.com/recuitsdefonteta/,https://www.instagram.com/recuitsdefonteta/,https://www.google.com/maps/search/?api=1&query=Recuits%20de%20Fonteta%2C%20Carrer%20de%20Fitor%2C%202%2C%2017110%20Fonteta%2C%20Girona&query_place_id=ChIJzwaPEij_uhIRFm_-jzIlDFE,41.9489326,3.0588396,/productores/catalunya/girona/recuits-de-fonteta-forallac.webp,verificado,no comprobado,
recuits-nuri-ullastret,Recuits Nuri,Ullastret,Lácteos y quesos,Recuit de drap y quesos,"Carrer Valls, 2, 17114 Ullastret, Girona","Empresa familiar de Ullastret que elabora artesanalmente lácteos de cabra y recuit de drap desde 1972, con venta en su tienda física.","dilluns: 10:00–13:30, 16:00–19:00 | dimarts: 10:00–13:30 | dimecres: 10:00–13:30, 16:00–19:00 | dijous: 10:00–13:30, 16:00–19:00 | divendres: 10:00–13:30, 16:00–19:00 | dissabte: 10:00–13:30, 16:00–19:00 | diumenge: Tancat",+34972757674,recuitsnuri@gmail.com,https://www.recuitsnuri.com/,,https://www.instagram.com/recuits.nuri/,https://www.google.com/maps/search/?api=1&query=Recuits%20I%20Formatges%20Nuri%20C.B.%2C%20Carrer%20Valls%2C%202%2C%2017114%20Ullastret%2C%20Girona&query_place_id=ChIJU1BtK1j4uhIRAVbFfr770mA,41.999789,3.069216,/productores/catalunya/girona/recuits-nuri-ullastret.webp,verificado,no,
serraferran-ventallo,Oli de Ventalló,Ventalló,Aceite,"AOVE Serraferran, Anna Sala y aceites de oliva virgen extra","Carrer de la Bassa, 20, 17473 Ventalló, Girona",Productor familiar de aceite de oliva virgen extra de Ventalló; comercializa marcas como Serraferran y Anna Sala.,dilluns: 10:00–14:00 | dimarts: 10:00–14:00 | dimecres: 10:00–14:00 | dijous: 10:00–14:00 | divendres: 10:00–14:00 | dissabte: 10:00–13:30 | diumenge: Tancat,+34972793076,,https://www.oliventallo.com/,,https://www.instagram.com/olideventallo/,https://www.google.com/maps/search/?api=1&query=Oli%20de%20Ventall%C3%B3%2C%20Carrer%20de%20la%20Bassa%2C%2020%2C%2017473%20Ventall%C3%B3%2C%20Girona&query_place_id=ChIJmRsvlnr0uhIR8ZWV2v2Vbnc,42.1476471,3.0260336,/productores/catalunya/girona/serraferran-ventallo.webp,parcial,sí,
terra-remota-sant-climent-sescebes,Terra Remota,Sant Climent Sescebes,Bodega,Vinos ecológicos DO Empordà,"Els Tallats, km 6, carretera de Capmany GI-602, 17751 Sant Climent Sescebes, Girona","Bodega familiar nacida en 1999 en una finca de 40 hectáreas entre Capmany y Sant Climent Sescebes, dedicada a vinos ecológicos DO Empordà.",dilluns-diumenge: 10:00–18:00,+34972193727,terraremota@terraremota.com,https://www.terraremota.com/,https://www.facebook.com/terraremota/,https://www.instagram.com/terraremota/,https://www.google.com/maps/search/?api=1&query=Terra%20Remota%2C%20Els%20Tallats%2C%20km%206%2C%20carretera%20de%20Capmany%20GI-602%2C%2017751%20Sant%20Climent%20Sescebes%2C%20Girona&query_place_id=ChIJt6mWb1uFuhIR3uRDLQw7i8w,42.3640378,2.951594,/productores/catalunya/girona/terra-remota-sant-climent-sescebes.webp,verificado,sí,ecommerce
trull-ylla-cabanes,Trull Ylla,Cabanes,Aceite,Aceite de oliva virgen extra,"Carrer Espolla, 26, 17761 Cabanes, Girona","Molino familiar activo desde 1873 que elabora aceite del Empordà y ofrece entrega a domicilio mediante su contacto directo.","dilluns: 9:30–13:00, 15:30–19:00 | dimarts: 9:30–13:00, 15:30–19:00 | dimecres: 9:30–13:00, 15:30–19:00 | dijous: 9:30–13:00, 15:30–19:00 | divendres: 9:30–13:00, 15:30–19:00 | dissabte: 10:00–13:30 | diumenge: Tancat",+34972505980,info@trullylla.cat,https://www.trull-ylla.cat/ca/inici/,,https://www.instagram.com/trullylla/,https://www.google.com/maps/search/?api=1&query=Trull%20Ylla%20oli%20d'oliva%2C%20Carrer%20Espolla%2C%2026%2C%2017761%20Cabanes%2C%20Girona&query_place_id=ChIJt5YjsuGPuhIRck3zQT36q8U,42.3082691,2.9785352,/productores/catalunya/girona/trull-ylla-cabanes.webp,verificado,sí,telefono
vinyes-d-olivardots-capmany,Vinyes d'Olivardots,Capmany,Bodega,"Vinos de parcela DO Empordà y variedades autóctonas","Paratge Olivardots, s/n, 17750 Capmany, Girona","Bodega de Capmany que elabora vinos de parcela y monovarietales ligados a los distintos suelos y variedades del Empordà.",,+34679877752,info@olivardots.com,https://olivardots.com/,https://www.facebook.com/vinyesdolivardots/,https://www.instagram.com/vinyesdolivardots/,https://www.google.com/maps/search/?api=1&query=Vinyes%20d'Olivardots%2C%20Paratge%20Olivardots%2C%20s%2Fn%2C%2017750%20Capmany%2C%20Girona&query_place_id=ChIJq3eLg8qauhIRe-G3HPRoxBI,42.3764724,2.9354491,/productores/catalunya/girona/vinyes-d-olivardots-capmany.webp,verificado,sí,ecommerce
vinyes-dels-aspres-cantallops,Vinyes dels Aspres,Cantallops,Bodega,"Vinos DO Empordà y aceite de oliva virgen extra","Carrer Requesens, 7, 17708 Cantallops, Girona","Bodega de Cantallops que elabora vinos blancos, rosados, tintos y dulces, además de aceite de oliva virgen extra.",,+34619741442,,https://www.vinyesdelsaspres.cat/,https://www.facebook.com/vinyesdelsaspres,https://www.instagram.com/vinyesdelsaspres,https://www.google.com/maps/search/?api=1&query=Celler%20Vinyes%20dels%20Aspres%2C%20Carrer%20Requesens%2C%207%2C%2017708%20Cantallops%2C%20Girona&query_place_id=ChIJ01_rxnebuhIRHCZIh_QpY2g,42.423989,2.9262639,/productores/catalunya/girona/vinyes-dels-aspres-cantallops.webp,verificado,sí,ecommerce
xocolates-torras-cornella-del-terri,Xocolates Torras,Cornellà del Terri,Chocolate,"Chocolate, cacao y especialidades sin azúcar","Carretera Girona-Banyoles, km 15, 17844 Cornellà del Terri, Girona","Fabricante de chocolate de Cornellà del Terri con tabletas, cacao y gamas sin azúcar, ecológicas y sin gluten.",,+34972581000,info@chocolatestorras.com,https://www.chocolatestorras.com/,https://www.facebook.com/ChocolatesTorras/,https://www.instagram.com/chocolatestorras/,https://www.google.com/maps/search/?api=1&query=Chocolates%20Torras%2C%20Carretera%20de%20Banyoles%2C%20Km%2015%2C%2017844%20Cornell%C3%A0%20del%20Terri%2C%20Girona&query_place_id=ChIJv6m6RcDpuhIRJtbc0H3o9u4,42.1008775,2.790695,/productores/catalunya/girona/xocolates-torras-cornella-del-terri.webp,verificado,sí,ecommerce
lactics-el-mont-maia-de-montcal,Làctics El Mont,Maià de Montcal,Lácteos y quesos,"Yogures, mató y queso artesanal","17851 Maià de Montcal, Girona","Proyecto de dos familias ganaderas que transforma leche de la Garrotxa en yogures, mató y queso artesanal para consumo de proximidad.",dilluns: 15:00–19:00 | dimarts: Tancat | dimecres: 16:00–18:00 | dijous: 15:00–19:00 | divendres: Tancat | dissabte: 10:00–12:30 | diumenge: Tancat,+34689361298,lacticselmont@gmail.com,https://www.lacticselmont.cat/,,https://www.instagram.com/lactics.elmont/,https://www.google.com/maps/search/?api=1&query=L%C3%A0ctics%20El%20Mont%2C%2017851%20Mai%C3%A0%20de%20Montcal%2C%20Girona&query_place_id=ChIJpQWyfTnBuhIRx1aePcUgQpk,42.1983687,2.7357425,/productores/catalunya/girona/lactics-el-mont-maia-de-montcal.webp,verificado,no,
embotits-d-oix-montagut-i-oix,Embotits d'Oix,Montagut i Oix,Charcutería,"Fuet, llonganissa, xoriço y embutidos artesanos","Carrer Afores Oix, s/n, 17856 Oix, Girona","Empresa familiar de la Alta Garrotxa que mantiene elaboración tradicional y tienda oficial con embutidos, precios, carrito y envíos.",dilluns: 7:00–15:00 | dimarts: 7:00–15:00 | dimecres: 7:00–15:00 | dijous: 7:00–15:00 | divendres: 7:00–15:00 | dissabte: Tancat | diumenge: Tancat,+34972294021,embotitsdoix@embotitsdoix.com,https://embotitsdoix.com/,,https://www.instagram.com/embotitsdoix/,https://www.google.com/maps/search/?api=1&query=Embotits%20d'Oix%20Sl%2C%2017856%20Oix%2C%20Girona&query_place_id=ChIJNWSqLe61uhIRousZ-4BVbsw,42.2708169,2.5287795,/productores/catalunya/girona/embotits-d-oix-montagut-i-oix.webp,verificado,sí,ecommerce
cervesa-lava-olot,Cervesa Lava,Olot,Cerveza artesana,Cerveza artesana de la Garrotxa,"Ronda de les Mates, 9, 17800 Olot, Girona","Cervecera volcánica de Olot con gama propia, tienda oficial, carrito y referencias comprables.",Consultar web,+34690691401,hola@lavabeer.cat,https://lavabeer.cat/,,https://www.instagram.com/cervesa.lava/,https://www.google.com/maps/search/?api=1&query=Lava%20Cervesa%20Volc%C3%A0nica%2C%20Ronda%20de%20les%20Mates%2C%209%2C%2017800%20Olot%2C%20Girona&query_place_id=ChIJZ71lMATLuhIRaQjEWGsPkOg,42.191076,2.5090697,/productores/catalunya/girona/cervesa-lava-olot.webp,verificado,sí,ecommerce
formatgeria-verd-clar-les-planes-d-hostoles,Formatgeria Verd Clar,Les Planes d'Hostoles,Lácteos y quesos,Quesos de cabra de pastor,"Mas el Portet, 17173 Les Planes d'Hostoles, Girona",Formatgeria de cabra ligada a El Portet; elabora quesos artesanos a partir de su pequeño rebaño de cabras lecheras.,Consultar web,+34696205241,pierabeltran.albert@gmail.com,https://elvilarielportet.cat/el-portet/,,https://www.instagram.com/verd_clar/,https://www.google.com/maps/search/?api=1&query=Verd%20Clar%2C%20Mas%20el%20Portet%2C%2017173%20Les%20Planes%20d%27Hostoles%2C%20Girona,42.0984632,2.535544,/productores/catalunya/girona/formatgeria-verd-clar-les-planes-d-hostoles.webp,parcial,no,
cal-vigata-la-vall-d-en-bas,Cal Vigatà,La Vall d'en Bas,Lácteos y quesos,Quesos artesanos de vaca,"Can Gori, 17179 La Pinya, Girona","Empresa familiar de La Pinya que transforma leche fresca de su propia granja en quesos artesanos y los vende en su tienda oficial.",dilluns: 8:00–13:00 | dimarts: 8:00–13:00 | dimecres: 8:00–13:00 | dijous: 8:00–13:00 | divendres: 8:00–13:00 | dissabte: Tancat | diumenge: Tancat,+34638339966,info@bontiberi.cat,https://calvigata.cat/,,https://www.instagram.com/calvigata/,https://www.google.com/maps/search/?api=1&query=Bontiberi%20Cal%20Vigat%C3%A0%2C%20Can%20Gori%20de%2C%2017179%20La%20Pinya%2C%20Girona&query_place_id=ChIJDSPs-EDLuhIR-CXegff9LF8,42.1643779,2.451052,/productores/catalunya/girona/cal-vigata-la-vall-d-en-bas.webp,verificado,sí,ecommerce
ratafia-pere-xic-olot,Celler Farré del Mas,Olot,Licores,"Ratafia Pere Xic, vermut casero y licores","Passeig de l'Escultor Miquel Blay, 33, 17800 Olot, Girona","Celler tradicional de Olot que elabora la Ratafia Pere Xic y vende vinos, vermut y licores de proximidad.",dilluns: Tancat | dimarts: 9:00–13:00 | dimecres: 9:00–13:00 | dijous: 9:00–13:00 | divendres: 9:00–13:00 | dissabte: 9:00–13:30 | diumenge: Tancat,+34972261017,,https://www.perexic.com/,https://www.facebook.com/celler.farredelmas/,https://www.instagram.com/ratafiaperexic/,https://www.google.com/maps/search/?api=1&query=Celler%20Farr%C3%A9%20del%20Mas%2C%20Passeig%20de%20l'Escultor%20Miquel%20Blay%2C%2033%2C%2017800%20Olot%2C%20Girona&query_place_id=ChIJBUVX7O7KuhIRe6xs8nt-2N0,42.1835058,2.4864946,/productores/catalunya/girona/ratafia-pere-xic-olot.webp,parcial,no,
embotits-artesans-gori-la-vall-d-en-bas,Embotits Artesans Gori,La Vall d'en Bas,Charcutería,"Fuet, llonganissa, secallona y embutidos artesanos","Plaça Major, s/n, 17178 Sant Privat d'en Bas, Girona","Tercera generación de charcuteros artesanos de Sant Privat d'en Bas, con tienda oficial y envíos de embutido disponibles.","dilluns: Tancat | dimarts: 9:00–13:30, 15:00–19:30 | dimecres: 9:00–13:30, 15:00–19:30 | dijous: 9:00–13:30, 15:00–19:30 | divendres: 9:00–13:30, 16:00–19:30 | dissabte: 10:00–14:00 | diumenge: 10:00–14:00",+34972693023,embotitsgori@yahoo.es,https://embotitsgori.com/,https://www.facebook.com/EmbotitsGori/,https://www.instagram.com/embotitsgori/,https://www.google.com/maps/search/?api=1&query=Embotits%20Artesans%20Gori%2C%20Pla%C3%A7a%20Major%2C%20s%2Fn%2C%2017178%20Sant%20Privat%20d'en%20Bas%2C%20Girona&query_place_id=ChIJl1mWK-7KuhIRINlDlgGealo,42.1495477,2.4083689,/productores/catalunya/girona/embotits-artesans-gori-la-vall-d-en-bas.webp,verificado,sí,ecommerce
angust-mieres,Angust,Mieres,Charcutería,Carne de ternera Angus,"Mas Can Canal, 17830 Mieres, Girona","Ganadería de Mieres que cría y elabora carne Angus con trazabilidad propia, tienda refrigerada y encargos de piezas por WhatsApp.",dilluns: Tancat | dimarts: Tancat | dimecres: Tancat | dijous: Tancat | divendres: 19:00–0:00 | dissabte: 19:00–0:00 | diumenge: Tancat,+34634940442,info@angust.cat,https://www.angust.cat/,https://www.facebook.com/Angust-Mieres-102787615637304/,https://www.instagram.com/angustmieres/,https://www.google.com/maps/search/?api=1&query=ESPAI%20ANGUST%20TAST%2C%20Mas%20can%20canal%2C%2017830%20Mieres%2C%20Girona&query_place_id=ChIJrRWjf7jHuhIRcaI-G2c6c_0,42.1341138,2.6481698,/productores/catalunya/girona/angust-mieres.webp,verificado,sí,ecommerce|whatsapp
mas-claperol-sant-feliu-de-pallerols,Mas Claperol,Sant Feliu de Pallerols,Lácteos y quesos,Yogures y quesos ecológicos de vaca,"Veinat de Sant Miquel de Pineda, 18, 17174 Sant Feliu de Pallerols, Girona","Productor ecológico activo desde 1982 con yogures, quesos y otros lácteos artesanos disponibles en su tienda oficial.",Consultar web,+34699539927,comandes@masclaperol.com,https://www.masclaperol.com/,https://www.facebook.com/productes.ecologicsmasclaperol/,https://www.instagram.com/masclaperol1982/,https://www.google.com/maps/search/?api=1&query=Mas%20Claperol%2C%20Veinat%20de%20Sant%20Miquel%20de%20Pineda%2C%2018%2C%2017174%20Sant%20Feliu%20de%20Pallerols%2C%20Girona&query_place_id=ChIJqaoGwPDMuhIRlaaw-CLz7qc,42.0964591,2.489199,/productores/catalunya/girona/mas-claperol-sant-feliu-de-pallerols.webp,verificado,sí,ecommerce
can-calet-sant-joan-les-fonts,Can Calet,Sant Joan les Fonts,Charcutería,"Embutidos, chorizo y productos cárnicos","Pol. Ind. Beguda II, Carrer del Molí, 22, 17857 Sant Joan les Fonts, Girona","Empresa familiar de charcutería de Sant Joan les Fonts especializada en fuet, chorizo, salchichón y productos loncheados.",dilluns: 8:00–19:00 | dimarts: 8:00–19:00 | dimecres: 8:00–19:00 | dijous: 8:00–19:00 | divendres: 8:00–19:00 | dissabte: Tancat | diumenge: Tancat,+34972271199,miquel@cancalet.com,https://cancalet.com/,,,https://www.google.com/maps/search/?api=1&query=Embotits%20Calet%20S%20L%2C%20Pol.%20Ind.%20Beguda%20II%2C%20Carrer%20del%20Mol%C3%AD%2C%2022%2C%2017857%20Sant%20Joan%20les%20Fonts%2C%20Girona&query_place_id=ChIJxUN5aPjJuhIRt8dEGs8iB4I,42.2053413,2.5398533,,parcial,no,
carnisseria-planaguma-olot,Carnisseria Planagumà,Olot,Charcutería,Embutidos artesanos y elaborados cárnicos,"Carrer Francesc Montsalvatge, 2, 17800 Olot, Girona","Carnicería familiar de Olot fundada en 1979, con elaborados propios y web oficial para preparar pedidos mediante tienda y carrito.","dilluns: 8:30–13:30, 16:30–19:00 | dimarts: 8:30–13:30, 16:30–19:00 | dimecres: 8:30–13:30, 16:30–19:00 | dijous: 8:30–13:30, 16:30–20:00 | divendres: 8:30–13:30, 16:30–20:00 | dissabte: 8:30–13:00 | diumenge: Tancat",+34972267671,carnisseria@carnisseriaplanaguma.com,https://carnisseriaplanaguma.com/,https://www.facebook.com/cplanaguma/,https://www.instagram.com/cplanaguma/,https://www.google.com/maps/search/?api=1&query=Carnisseria%20Planagum%C3%A0%2C%20Carrer%20Francesc%20Montsalvatge%2C%202%2C%2017800%20Olot%2C%20Girona&query_place_id=ChIJrYG_ZOnKuhIRjBilC-GtKdE,42.1841728,2.4833577,/productores/catalunya/girona/carnisseria-planaguma-olot.webp,verificado,sí,ecommerce
galetes-ca-l-enric-castellfollit-de-la-roca,Galetes Ca L'Enric,Castellfollit de la Roca,Dulces,"Galletas, chocolates y dulces artesanos","Carretera de Girona, 6, 17856 Castellfollit de la Roca, Girona","Pastelería de Castellfollit activa desde 1930 que elabora galletas, carquinyolis, neules, bombones y otros dulces artesanos.",dilluns: 7:00–20:00 | dimarts: 7:00–20:00 | dimecres: 7:00–20:00 | dijous: 7:00–20:00 | divendres: 7:00–20:00 | dissabte: 7:00–20:00 | diumenge: 7:00–20:00,+34972294044,calenric@calenric.com,https://www.calenric.com/,,https://www.instagram.com/calenric/,https://www.google.com/maps/search/?api=1&query=Productes%20Artesans%20Cal%20Enric%20S.L.%2C%20Carr%20de%20Girona%2C%206%2C%2017856%20Castellfollit%20de%20la%20Roca%2C%20Girona&query_place_id=ChIJ4U89oA-2uhIRIlMnmE-ClT4,42.2195814,2.5502644,/productores/catalunya/girona/galetes-ca-l-enric-castellfollit-de-la-roca.webp,verificado,no,
porcs-casolans-corominas-olot,Porcs Casolans Corominas,Olot,Charcutería,Carne y embutidos de cerdo Duroc,"Plaça Mercat d'Olot, Carrer de l'Hospital, 3, 17800 Olot, Girona","Explotación familiar de ciclo cerrado que cría cerdo Duroc, elabora sus embutidos y mantiene tienda oficial con envío y pago en línea.",dilluns: 8:00–19:00 | dimarts: 8:00–19:00 | dimecres: 8:00–19:00 | dijous: 8:00–19:00 | divendres: 8:00–19:00 | dissabte: 8:00–15:00 | diumenge: Tancat,+34972266524,info@porcscasolanscorominas.com,https://gustdegarrotxa.com/,https://www.facebook.com/gustdegarrotxa/,https://www.instagram.com/gustdegarrotxa/,https://www.google.com/maps/search/?api=1&query=PORCS%20CASOLANS%20COROMINAS%2C%20Pla%C3%A7a%20Mercat%2C%200%20S%2FN%2C%2017800%20Olot%2C%20Girona&query_place_id=ChIJsU2MMejKuhIRjQq2iU1Pvmc,42.181061,2.4881614,/productores/catalunya/girona/porcs-casolans-corominas-olot.webp,verificado,sí,ecommerce
mus-pastisseria-besalu,MÜS Pastisseria,Besalú,Dulces,Pastelería artesana y dulces de la Garrotxa,"Carrer Major, 12, 17850 Besalú, Girona","Pastelería creativa de Besalú con obrador propio, pasteles y postres artesanos, confirmada por actividad pública reciente y directorios locales.",dilluns: Tancat | dimarts: 9:00–13:30 | dimecres: 9:00–13:30 | dijous: 9:00–13:30 | divendres: 9:00–13:30 | dissabte: 9:00–13:30 | diumenge: 9:00–13:30,+34872206887,,,https://www.facebook.com/muspastisseria/,https://www.instagram.com/mus.pastisseria/,https://www.google.com/maps/search/?api=1&query=M%C3%9CS%20Pastisseria%20%7C%20Besal%C3%BA%2C%20Carrer%20Major%2C%2012%2C%2017850%20Besal%C3%BA%2C%20Girona&query_place_id=ChIJhYGVKRvBuhIR5_Kl4k7mC4c,42.1992879,2.6990878,,parcial,no,
gluki-olot,Gluki,Olot,Dulces,Obrador sin gluten y dulces artesanos,"Carrer Joaquim Vayreda, 8, 17800 Olot, Girona","Obrador chocolatero ecológico y sin gluten de Olot con compra en línea y recogida posterior en sus tiendas.","dilluns: 9:00–13:00, 16:00–20:00 | dimarts: 9:00–13:00, 16:00–20:00 | dimecres: 9:00–13:00, 16:00–20:00 | dijous: 9:00–13:00, 16:00–20:00 | divendres: 9:00–13:00, 16:00–20:00 | dissabte: 9:30–13:00 | diumenge: Tancat",+34972266626,,https://gluki.cat/ca/,,https://www.instagram.com/glukixocolaters/,https://www.google.com/maps/search/?api=1&query=Xocolates%20i%20Bombons%20Gluki%2C%20Carrer%20Joaquim%20Vayreda%2C%208%2C%2017800%20Olot%2C%20Girona&query_place_id=ChIJP-DuYOXKuhIRdTZyw4eClTQ,42.179336,2.4887538,/productores/catalunya/girona/gluki-olot.webp,verificado,sí,ecommerce
pastisseria-ferrer-olot,Pastisseria Ferrer,Olot,Dulces,"Tortells, coca y pastelería artesana","Plaça Móra, 6, 17800 Olot, Girona","Pastelería centenaria de Olot dedicada a elaboración artesana, bombones, tabletas, pasteles y degustación de chocolate.","dilluns: 9:00–13:30, 17:00–20:00 | dimarts: Tancat | dimecres: 9:00–13:30, 17:00–20:00 | dijous: 9:00–13:30, 17:00–20:00 | divendres: 9:00–13:30, 17:00–20:00 | dissabte: 9:00–13:30, 17:00–20:00 | diumenge: 9:00–13:30",+34972260893,pastisseriaferrer.olot@gmail.com,https://www.pastisseriaferrer.cat/,,https://www.instagram.com/ferrerxocolataolot/,https://www.google.com/maps/search/?api=1&query=Pastisseria%20Ferrer%2C%20Pla%C3%A7a%20M%C3%B3ra%2C%206%2C%2017800%20Olot%2C%20Girona&query_place_id=ChIJtWZlzu_KuhIRERoVBSgHVSM,42.18192690000001,2.4894208,/productores/catalunya/girona/pastisseria-ferrer-olot.webp,verificado,no,
fleca-la-fogaina-les-preses,Fleca La Fogaina,Les Preses,Pan y pastelería,Pan artesano y elaboraciones de obrador,"Carrer Sant Sebastià, 52, 17178 Les Preses, Girona","Proyecto cooperativo nacido en 2011 con obrador, horno, tienda y cafetería, dedicado a pan artesano e ingredientes locales.","dilluns: Tancat | dimarts: 8:00–13:00, 16:00–20:00 | dimecres: 8:00–13:00, 16:00–20:00 | dijous: 8:00–13:00, 16:00–20:00 | divendres: 8:00–13:00, 16:00–20:00 | dissabte: 8:00–13:00, 16:00–20:00 | diumenge: Tancat",+34646879062,fornlafogaina@gmail.com,https://www.lafogaina.com/,,https://www.instagram.com/fornlafogaina/,https://www.google.com/maps/search/?api=1&query=Forn%20La%20Fogaina%2C%20Carrer%20Sant%20Sebasti%C3%A0%2C%2052%2C%2017178%20Les%20Preses%2C%20Girona&query_place_id=ChIJt5l3Jsk0pRIRU2Nt4ELjoRw,42.1461111,2.460277800000001,/productores/catalunya/girona/fleca-la-fogaina-les-preses.webp,verificado,no,
llet-nostra-monells,Llet Nostra,Monells i Sant Sadurní de l'Heura,Lácteos y quesos,Leche de cooperativa y experiencia láctea,"Granja LLET NOSTRA - Experiència #APROP, Monells, Girona","Proyecto de cooperativas ganaderas catalanas con granja visitable en Monells y tienda oficial de leche, yogures y postres.",Consultar web,+34932262625,visites@lletnostra.cat,https://lletnostra.cat/,https://www.facebook.com/lletnostraoficial/,https://www.instagram.com/lletnostra/,https://www.google.com/maps/place/?q=place_id:ChIJPQLqmRP7uhIRbs8ocb1QSZk,41.9766931,2.9972694,/productores/catalunya/girona/llet-nostra-monells.webp,verificado,sí,ecommerce
can-magret-peralada,Can Magret,Peralada,Lácteos y quesos,Leche de vaca de granja,"Diseminado Mas Oliva-olivas, 7, 17491 Peralada, Girona","Granja de vacas lecheras de cuarta generación en el Empordà, confirmada en Gastroteca como productor de leche de proximidad.",Consultar web,+34630648220,canmagretsl@gmail.com,,,,https://www.google.com/maps/place/?q=place_id:ChIJwdmz1BiPuhIRj8RPsh1ZBPM,42.3085,3.00899,,parcial,no,
mas-eusebi-forallac,Mas Eusebi,Forallac,Lácteos y quesos,Leche fresca pasteurizada A2A2,"Camí de Fonteta a Fitor, s/n, 17110 Fonteta, Forallac, Girona","Granja familiar de Fonteta especializada en leche fresca pasteurizada A2A2, con venta directa y distribución en comercios de proximidad.",Consultar web,+34659057318,info@maseusebi.cat,,https://www.facebook.com/MasEusebi/,https://www.instagram.com/maseusebi/,https://www.google.com/maps/place/?q=place_id:GhIJCuAcZEj5REARrOhqhq-KCEA,41.9469424,3.0592499,,parcial,no,
formatgeria-xauxa-les-preses,Formatgeria Xauxa,Les Preses,Lácteos y quesos,Quesos ecológicos de leche cruda de vaca,"Carrer de Portal, 28, 17178 Les Preses, Girona","Obrador de Les Preses activo desde 2019 que elabora Glauc, El Solei y la referencia estacional L'Altre con leche cruda de vaca.",Consultar web,+34658348307,formatgeriaxauxa@gmail.com,https://formatgeriaxauxa.cat/,https://www.facebook.com/formatgeriaxauxa/,https://www.instagram.com/formatgeriaxauxa/,https://www.google.com/maps/place/?q=place_id:EjZDYXJyZXIgZGVsIFBvcnRhbCwgMjgsIDE3MTc4IExlcyBQcmVzZXMsIEdpcm9uYSwgU3BhaW4iGhIYChQKEgnrQwY7szSlEhExnrMHlavVxBAc,42.1422171,2.4598744,,verificado,no,
le-bolut-vilademuls,Le Bolut,Vilademuls,Lácteos y quesos,Quesos artesanos,"Avinguda Viader 3, Can Batllori, 17468 Galliners, Vilademuls, Girona","Formatgería artesana creada en Galliners en 2014, elaboradora de quesos de vaca y cabra como El Put y El Bunch.",Consultar web,+34695133482,lebolut@gmail.com,,https://www.facebook.com/formatgerialebolut/,https://www.instagram.com/lebolut/,https://www.google.com/maps/place/?q=place_id:ChIJ2YrjO2_suhIRoFe1A2bL9sY,42.1488315,2.8734539,,parcial,no,
mas-el-lladre-les-llosses,Mas El Lladré,Les Llosses,Lácteos y quesos,"Quesos, yogur, mató, flan y lácteos de vaca","Mas El Lladré, 17512 Les Llosses, Girona","Granja familiar que transforma la leche de sus vacas en lácteos artesanos desde 1992 y mantiene tienda online de lácteos, quesos y carne.",Consultar web,+34650960865,masellladre@hotmail.es,https://www.masellladre.cat/,https://www.facebook.com/masellladre,https://www.instagram.com/mas_el_lladre/,https://www.google.com/maps/place/?q=place_id:ChIJ_1WhrEEUpRIRUEYnGqNcsJI,42.1605882,2.0882299,/productores/catalunya/girona/mas-el-lladre-les-llosses.webp,verificado,sí,ecommerce
formatgeria-muuu-beee-ripoll,Formatgeria MUUU BEEE,Ripoll,Lácteos y quesos,Quesos de leche cruda de vaca,"Carrer Joan Miró, 1, 17500 Ripoll, Girona","Obrador social de la Fundació MAP que elabora quesos con leche de proximidad del Ripollès y los vende en su tienda oficial.",Consultar web,+34650040572,info@muuubeee.com,https://muuubeee.com/,https://www.facebook.com/formatgeriamuuubeee/,https://www.instagram.com/formatgeria_muuubeee/,https://www.google.com/maps/place/?q=place_id:EjFDYXJyZXIgSm9hbiBNaXLDsywgMSwgMTc1MDAgUmlwb2xsLCBHaXJvbmEsIFNwYWluIlASTgo0CjIJ4ctupmA_pRIRBYCMCI6i3hYaHgsQ7sHuoQEaFAoSCYP_WzQxP6USEeBuR3rj-gAcDBABKhQKEgkTOrwEXj-lEhE0ggyL_DBwzw,42.2107729,2.2046238,/productores/catalunya/girona/formatgeria-muuu-beee-ripoll.webp,verificado,sí,ecommerce
granja-mas-bes-vilobi-d-onyar,Granja Mas Bes,Vilobí d'Onyar,Lácteos y quesos,"Leche, lácteos y helados artesanos","Carrer Mas Bes, s/n, bústia 3, 17184 Salitja, Vilobí d’Onyar, Girona","Granja familiar con obrador propio de leche, yogur, queso, helado y embutido, vendidos en su agrobotiga abierta a diario.",dilluns: 9:00–19:00 | dimarts: 9:00–19:00 | dimecres: 9:00–19:00 | dijous: 9:00–19:00 | divendres: 9:00–19:00 | dissabte: 9:00–19:00 | diumenge: 9:00–19:00,+34639014269,info@masbes.com,https://www.masbes.com/,https://www.facebook.com/masbes.salitja,https://www.instagram.com/granjamasbes/,https://www.google.com/maps/place/?q=place_id:ChIJY8tEyYDfuhIRCHROF_LnwA4,41.9075377,2.7415812,/productores/catalunya/girona/granja-mas-bes-vilobi-d-onyar.webp,verificado,no,
mas-casas-cruilles-cruilles,Mas Casas Cruïlles,"Cruïlles, Monells i Sant Sadurní de l'Heura",Lácteos y quesos,"Lácteos de oveja, recuit, yogures y quesos","Veïnat les Terreres, 12, 17116 Cruïlles, Girona","Granja familiar que transforma leche de su propio rebaño de ovejas y envía lotes refrigerados desde su tienda oficial.",Consultar web,+34678306608,info@mascasascruilles.cat,https://mascasascruilles.cat/,https://www.facebook.com/mascasascruilles/,https://www.instagram.com/mascasascruilles/,https://www.google.com/maps/search/?api=1&query=Mas%20Casas%20Cru%C3%AFlles%2C%20Ve%C3%AFnat%20les%20Terreres%2012%2C%2017116%20Cru%C3%AFlles%2C%20Girona,41.96571,3.02644,/productores/catalunya/girona/mas-casas-cruilles-cruilles.webp,verificado,sí,ecommerce
lactics-ecologics-raphel-llado-maia-de-montcal,Làctics ecològics Raphel Lladó,Maià de Montcal,Lácteos y quesos,"Leche ecológica, yogur, mató y queso","Can Garriga, s/n, 17851 Maià de Montcal, Girona","Pequeña finca ganadera que transforma leche ecológica de vaca en leche, yogur, mató y queso, incorporada desde Gastroteca y Girona Excel·lent.",Consultar web,+34972590860,info@raphel-llado.com,https://www.raphel-llado.com/,,,https://www.google.com/maps/place/?q=place_id:ChIJMzoMXYfAuhIREyUeXlNU3b0,42.1983927,2.7356364,,pendiente,no,
formatges-del-pujol-orra-les-llosses,Formatges del Pujol-Orra,Les Llosses,Lácteos y quesos,Quesos madurados y mantequilla ecológica,"Mas el Pujol de Dachs, 17512 Les Llosses, Girona","Explotación familiar de Les Llosses que elabora quesos madurados y mantequilla a partir de leche ecológica propia, incorporada desde Gastroteca y Producte del Ripollès.",Consultar web,+34608233997,formatgesdelpujolorra@gmail.com,https://www.formatgesdelpujolorra.cat/,https://www.facebook.com/Formatges-del-Pujol-Orra-1694256884173602/,https://www.instagram.com/formatgesdelpujolorra_eco/,https://www.google.com/maps/place/?q=place_id:ChIJhytgXe4VpRIRBHS3MNybwiw,42.1513102,2.1332996,/productores/catalunya/girona/formatges-del-pujol-orra-les-llosses.webp,pendiente,sí,
lletera-campllong-campllong,Lletera Campllong,Campllong,Lácteos y quesos,Leche de cooperativa local,"Camí de Mas Canyet, 45, 17459 Campllong, Girona","Cooperativa lechera de productores de proximidad que produce y envasa leche de sus granjas familiares, incorporada desde Gastroteca.",Consultar web,+34972460484,cooperativa@lleteracampllong.com,https://lleteracampllong.com/,https://www.facebook.com/lleteracampllong.lleteracampllong/,https://www.instagram.com/lleteracampllong/,https://www.google.com/maps/place/?q=place_id:EjNDYW3DrSBkZSBNYXMgQ2FueWV0LCAxNzQ1OSBDYW1wbGxvbmcsIEdpcm9uYSwgU3BhaW4iLiosChQKEgmLKZMh8OG6EhE2_NCFTUo-MRIUChIJ0fErMdvhuhIRxQJ9rbJzJyk,41.8991909,2.8505512,/productores/catalunya/girona/lletera-campllong-campllong.webp,pendiente,no,
circus-granja-familiar-sant-hilari-sacalm,Circus - Granja Familiar,Sant Hilari Sacalm,Lácteos y quesos,Queso madurado de leche de oveja,"GIV-5411 km 4.5, 17403 Sant Hilari Sacalm, Girona","Familia de pastores de ovejas de leche en Les Guilleries que transforma su leche en queso madurado de venta directa, incorporada desde Gastroteca.",Consultar web,+34699521414,granjacircus@mail.com,https://www.granjcircus.com/,https://www.facebook.com/granjacircus/,,https://www.google.com/maps/place/?q=place_id:ChIJhaEr4_cruxIREtLm3vTGcf8,41.8690966,2.4697813,,pendiente,no,
granja-sues-peralada,Granja Sues,Peralada,Lácteos y quesos,"Leche, yogures, flanes, natillas y mató","Afores s/n, Vilanova de la Muga, 17492 Peralada, Girona","Granja de Vilanova de la Muga que vende leche y derivados como yogures, flanes, natillas y mató, confirmada en Gastroteca.",Consultar web,+34619573639,juditsues@gmail.com,https://www.granjasues.com/,https://www.facebook.com/granjasues,https://www.instagram.com/granjasues/,https://www.google.com/maps/place/?q=place_id:ChIJc_4XfGaJuhIR33E7IoHWtUc,42.28044,3.04388,,parcial,no,
formatgeria-roura-soler-sant-pau-de-seguries,Formatgeria Roura Soler,Sant Pau de Segúries,Lácteos y quesos,"Quesos artesanos de vaca, cabra y oveja","Carrer del Roura, 17864 Sant Pau de Segúries, Girona","Empresa artesana y familiar del Ripollès que elabora quesos de vaca, cabra y oveja, incorporada desde Gastroteca y ACREFA.",Consultar web,+34607300000,info@formatgesrourasoler.cat,https://es.formatgeriarourasoler.cat/,https://www.facebook.com/rourasoler/,https://www.instagram.com/formatgeriarourasoler/,https://www.google.com/maps/place/?q=place_id:EjxDYXJyZXIgZGVsIFJvdXJhLCAxNzg2NCBTYW50IFBhdSBkZSBTZWfDunJpZXMsIEdpcm9uYSwgU3BhaW4iLiosChQKEgmX8jMDbEmlEhELq_HekT4adxIUChIJjWJTdW5JpRIRkC56dmHQZNA,42.2654472,2.3669172,/productores/catalunya/girona/formatgeria-roura-soler-sant-pau-de-seguries.webp,pendiente,sí,
moli-de-ger-productes-lactics-ger,Molí de Ger Productes Làctics,Ger,Lácteos y quesos,Quesos y lácteos de leche de vaca,"Molí de Ger, s/n, 17539 Ger, Girona","Casa de payés de la Cerdanya que transforma su leche bovina en quesos y productos lácteos artesanos, incorporada desde Gastroteca y ACREFA.",Consultar web,+34972894258,info@molideger.com,https://www.molideger.com/,,https://www.instagram.com/molideger/,https://www.google.com/maps/place/?q=place_id:ChIJ8fVd80h4pRIRnVglfPeJQuA,42.4014327,1.862265,,pendiente,no,
lactics-de-la-vall-de-ribes-ribes-de-freser,Làctics de la Vall de Ribes,Ribes de Freser,Lácteos y quesos,Lácteos de granja,"Mas Ca l'Esteve, Carretera de Batet, 8, 17534 Ribes de Freser, Girona",Productor de lácteos de la Vall de Ribes incorporado desde Gastroteca y Producte del Ripollès como elaborador de proximidad.,Consultar web,+34972727259,info@mascalesteve.cat,https://www.mascalesteve.cat/,,,https://www.google.com/maps/place/?q=place_id:ChIJf3ia6kJCpRIRegXnIMvsDGY,42.3267093,2.1662402,,pendiente,no,
lactics-tramuntana-cabanelles,Làctics Tramuntana,Cabanelles,Lácteos y quesos,Lácteos artesanos,"Carrer Església, 4, 17746 Cabanelles, Girona",Elaborador local de lácteos en Cabanelles incorporado desde Gastroteca como productor de formatges y làctics.,Consultar web,+34972565196,lactics.tramuntana@hotmail.com,,,https://www.instagram.com/lacticstramuntana/,https://www.google.com/maps/place/?q=place_id:ChIJBSOu1eKUuhIRqJ4AA7-fhQc,42.2306891,2.8197051,,pendiente,no,
formatgeria-palou-campdevanol,Formatgeria Palou,Campdevànol,Lácteos y quesos,"Queso de cabra, mató, recuit, yogur y flanes","Mas Palou, Camí del Castell, 17530 Campdevànol, Girona","Explotación familiar que elabora queso y derivados lácteos con leche de cabras payoyas propias desde 2008, incorporada desde Producte del Ripollès y Benvinguts a Pagès.",Consultar web,+34695475988,mansopalouscp@hotmail.com,https://www.productesdelripolles.com/productors/formatgeria-palou/,https://www.facebook.com/Formatgeria-Palou-La-Formatgeria-de-Campdev%C3%A0nol-215676635233253/,https://www.instagram.com/formatgeria.palou/,https://www.google.com/maps/search/?api=1&query=Formatgeria%20Palou%2C%20Mas%20Palou%2C%20Cam%C3%AD%20del%20Castell%2C%2017530%20Campdev%C3%A0nol%2C%20Girona,42.2238478,2.1715036,/productores/catalunya/girona/formatgeria-palou-campdevanol.webp,pendiente,no,
mas-borni-llagostera,Mas Borni,Llagostera,Lácteos y quesos,Quesos de leche cruda de vaca y postres lácteos,"Veïnat de Bruguera Alta, 48, 17240 Llagostera, Girona","Granja familiar agrícola-ramadera de Llagostera que transforma leche de sus vacas en quesos y postres lácteos, incorporada desde ACREFA.",Consultar web,+34630014449,agriborni@gmail.com,https://www.formatgeriamasborni.com/,,https://www.instagram.com/formatgeria_masborni/,https://www.google.com/maps/search/?api=1&query=Mas%20Borni%2C%20Ve%C3%AFnat%20de%20Bruguera%20Alta%2048%2C%2017240%20Llagostera%2C%20Girona,41.8522993,2.9020718,/productores/catalunya/girona/mas-borni-llagostera.webp,pendiente,sí,
artesans-dels-avalls-terrades,Artesans dels Avalls,Terrades,Lácteos y quesos,Quesos artesanos de leche cruda de vaca,"Camí La Salut a Les Escaules s/n, 17731 Terrades, Girona",Formatgeria familiar del Alt Empordà que elabora quesos artesanales de leche cruda de vaca con leche local.,Consultar web,+34600816174,info@artesansdelsavalls.com,https://artesansdelsavalls.com/,https://www.facebook.com/artesansdelsavalls,https://www.instagram.com/artesansdelsavalls/,https://www.google.com/maps/search/?api=1&query=Artesans%20dels%20Avalls%2C%20Cam%C3%AD%20La%20Salut%20a%20Les%20Escaules%20s%2Fn%2C%2017731%20Terrades%2C%20Girona,42.3245,2.8420,/productores/catalunya/girona/artesans-dels-avalls-terrades.webp,parcial,sí,
mas-guri-cassa-de-la-selva,Mas Guri,Cassà de la Selva,Lácteos y quesos,"Leche A2, quesos frescos, mozzarella y burrata","Veïnat d'Esclet, 9, 17244 Cassà de la Selva, Girona","Granja bovina familiar de Cassà de la Selva que produce leche de calidad y transforma parte de la producción en quesos frescos, mozzarella y burrata.",Consultar web,+34972460324,info@gurisat.cat,https://www.gurisatsl.cat/,,,https://www.google.com/maps/search/?api=1&query=Mas%20Guri%2C%20Ve%C3%AFnat%20d%27Esclet%209%2C%2017244%20Cass%C3%A0%20de%20la%20Selva%2C%20Girona,41.85865,2.867891,,parcial,no,
sat-sant-mer-vilademuls,SAT Sant Mer,Vilademuls,Lácteos y quesos,Leche de vaca para ATO,"Sant Esteve de Guialbes, 17468 Vilademuls, Girona","Granja lechera situada en Sant Esteve de Guialbes que produce leche para ATO Natura, incorporada desde la relación de granjas 100% catalanas de ATO.",Consultar web,,,,,,https://www.google.com/maps/search/?api=1&query=SAT%20Sant%20Mer%2C%20Sant%20Esteve%20de%20Guialbes%2C%20Vilademuls%2C%20Girona,42.1150143,2.8779527,,pendiente,no,
granja-el-trevol-vilobi-d-onyar,Granja El Trèvol,Vilobí d'Onyar,Lácteos y quesos,Leche de vaca para ATO,"Carretera Salitja s/n, 17184 Salitja, Vilobí d’Onyar, Girona","Granja lechera de Vilobí d’Onyar que produce leche para ATO Natura, incorporada desde la relación de granjas 100% catalanas de ATO.",Consultar web,,,,,,https://www.google.com/maps/search/?api=1&query=Granja%20El%20Tr%C3%A8vol%2C%20Carretera%20Salitja%20s%2Fn%2C%2017184%20Salitja%2C%20Vilob%C3%AD%20d%27Onyar%2C%20Girona,41.910428,2.7442778,,pendiente,no,
can-costa-de-manol-llado,Can Costa de Manol,Lladó,Lácteos y quesos,Leche de vaca para ATO,"17745 Lladó, Girona","Granja familiar del Alt Empordà dedicada a la actividad agrícola y ganadera para producir leche para ATO Natura, incorporada desde la relación de granjas 100% catalanas de ATO.",Consultar web,,,,,,https://www.google.com/maps/search/?api=1&query=Can%20Costa%20de%20Manol%2C%2017745%20Llad%C3%B3%2C%20Girona,42.2596849,2.8175991,,pendiente,no,
gelats-galiana-el-port-de-la-selva,Gelats Galiana,El Port de la Selva,Lácteos y quesos,"Helados artesanos, leche merengada y granizados","Carrer Platja, 16, 17489 El Port de la Selva, Girona","Empresa familiar dedicada a la elaboración de helados artesanos, horchata, leche merengada y granizados en El Port de la Selva, incorporada desde su web oficial.",Consultar web,+34677223380,info@gelatsgaliana.com,https://www.gelatsgaliana.com/,https://www.facebook.com/GelatsGaliana/,https://www.instagram.com/gelatsgaliana/,https://www.google.com/maps/search/?api=1&query=Gelats%20Galiana%2C%20Carrer%20Platja%2016%2C%2017489%20El%20Port%20de%20la%20Selva%2C%20Girona,42.335597,3.2031149,/productores/catalunya/girona/gelats-galiana-el-port-de-la-selva.webp,pendiente,no,
la-lletera-girona,La Lletera,Girona,Lácteos y quesos,Helados artesanos y yogur natural,"Carrer de la Barca, 1, 17004 Girona","Empresa gironina dedicada a la elaboración artesanal de helados, yogur soft y granizados naturales, incorporada desde su web oficial.",Consultar web,+34972412419,info@lalletera.cat,https://www.lalletera.cat/,https://www.facebook.com/lalletera/,https://www.instagram.com/lalletera_girona/,https://www.google.com/maps/search/?api=1&query=La%20Lletera%2C%20Carrer%20de%20la%20Barca%201%2C%2017004%20Girona,41.9882225,2.8242084,/productores/catalunya/girona/la-lletera-girona.webp,pendiente,no,
obrador-rocambolesc-girona,Obrador Rocambolesc,Girona,Lácteos y quesos,Helados artesanos con base de leche,"Carrer de Santa Clara, 50, 17001 Girona","Obrador de helados de Girona que elabora helados con base de leche y sorbetes con fruta, incorporado desde su web oficial.",Consultar web,,info@rocambolesc.com,https://rocambolesc.com/ca/obrador-rocambolesc,,https://www.instagram.com/rocambolesc/,https://www.google.com/maps/search/?api=1&query=Obrador%20Rocambolesc%2C%20Girona,41.9847922,2.8235311,/productores/catalunya/girona/obrador-rocambolesc-girona.webp,pendiente,sí,
gelats-enxaneta-palafrugell,Gelats Enxaneta,Palafrugell,Lácteos y quesos,Helados artesanos,"Carrer de Cavallers, 35, 17200 Palafrugell, Girona","Empresa de Palafrugell dedicada a la elaboración y comercialización de helados artesanos, incorporada desde su web oficial y ficha mercantil pública.",Consultar web,+34972743600,info@enxaneta.cat,https://www.enxaneta.cat/,,https://www.instagram.com/gelatsenxaneta/,https://www.google.com/maps/search/?api=1&query=Gelats%20Enxaneta%2C%20Carrer%20de%20Cavallers%2035%2C%2017200%20Palafrugell%2C%20Girona,41.9166263,3.1639788,/productores/catalunya/girona/gelats-enxaneta-palafrugell.webp,pendiente,no,
can-violant-cassa-de-la-selva,Can Violant,Cassà de la Selva,Lácteos y quesos,Leche de vaca,"V. MONTROIG, 25 bustia 8, 17244 Cassà de la Selva, Girona","Explotación lechera activa de vaca inscrita en el Registre d'explotacions ramaderes de Catalunya como producción de leche, incorporada desde datos abiertos oficiales de la Generalitat.",Consultar fuente oficial,,,,,,https://www.google.com/maps/search/?api=1&query=41.8730478%2C2.863629,41.8730478,2.863629,,pendiente,no,
pochs-cervesa-artesana-castellfollit-de-la-roca,Poch's Cervesa Artesana,Castellfollit de la Roca,Cerveza artesana,Cerveza artesana,"Carrer Major, 6, 17856 Castellfollit de la Roca, Girona","Microcervecería rural de Castellfollit de la Roca con espacio de degustación y tienda oficial con producto disponible.",divendres: 18:00–21:30 | dissabte: 11:30–14:00 i 18:00–22:00,+34619072885,info@cervesapochs.com,https://www.cervesapochs.com/,,https://www.instagram.com/cervesapochs/,https://www.google.com/maps/search/?api=1&query=Poch%27s%20Cervesa%20Artesana%2C%20Carrer%20Major%206%2C%2017856%20Castellfollit%20de%20la%20Roca%2C%20Girona,42.218713,2.5524579,/productores/catalunya/girona/pochs-cervesa-artesana-castellfollit-de-la-roca.webp,verificado,sí,ecommerce
cervesa-artesana-minera-sant-joan-de-les-abadesses,Cervesa Artesana Minera,Sant Joan de les Abadesses,Cerveza artesana,Cerveza artesana,"Pol. Ind. Cal Gat nº15, 17860 Sant Joan de les Abadesses, Girona","Obrador de cerveza artesana del Ripollès con tienda oficial, catálogo disponible y venta directa.",Consultar web,+34619473188,minera@minera.cat,https://minera.cat/,https://www.facebook.com/cervesaminera/,https://www.instagram.com/cervesaminera/,https://www.google.com/maps/search/?api=1&query=Cervesa%20Artesana%20Minera%2C%20Pla%C3%A7a%20Cal%20Gat%2015%2C%2017860%20Sant%20Joan%20de%20les%20Abadesses%2C%20Girona,42.227888,2.2638684,/productores/catalunya/girona/cervesa-artesana-minera-sant-joan-de-les-abadesses.webp,verificado,sí,ecommerce
bdegust-cervesa-compromesa-caldes-de-malavella,BdeGust - Cervesa Compromesa,Caldes de Malavella,Cerveza artesana,Cerveza ecológica y vegana,"Carrer Ramon Boadas Formiga, 30, 17455 Caldes de Malavella, Girona","Proyecto social de cerveza ecológica y vegana con tienda Ecwid vigente y pedidos directos por WhatsApp.",Consultar web,+34628771707,info@bdegust.beer,https://es.bdegust.beer/,,https://www.instagram.com/bdegustbeer/,https://www.google.com/maps/search/?api=1&query=BdeGust%2C%20Carrer%20Ramon%20Boadas%20Formiga%2030%2C%2017455%20Caldes%20de%20Malavella%2C%20Girona,41.8636928,2.7747133,/productores/catalunya/girona/bdegust-cervesa-compromesa-caldes-de-malavella.webp,verificado,sí,ecommerce|whatsapp
gro-brewers-girona,Gro Brewers,Girona,Cerveza artesana,"Cervezas lupuladas, NEIPA e imperial stout","Carrer del Bassegoda, 24, 17006 Girona","Fábrica de cerveza artesana de Girona con jornadas mensuales de puertas abiertas y degustación en el obrador.",Consultar web,+34678882005,,https://www.grobrewers.com/?lang=es,https://www.facebook.com/grobrewers,https://www.instagram.com/grobrewers/,https://www.google.com/maps/search/?api=1&query=Gro%20Brewers%2C%20Carrer%20del%20Bassegoda%2024%2C%2017006%20Girona,41.975378,2.8049834,,verificado,no,
soma-beer-cornella-del-terri,SOMA Beer,Cornellà del Terri,Cerveza artesana,"NEIPA, IPA y cervezas lupuladas","Avinguda Mare de Déu del Mont, 1, 17844 Cornellà del Terri, Girona","Cervecera artesana independiente activa desde 2016, con catálogo Shopify y referencias disponibles.",Consultar web,+34633932396,info@soma-beer.com,https://soma-beer.com/,https://www.facebook.com/beer.soma/,https://www.instagram.com/somabeer/,https://www.google.com/maps/search/?api=1&query=SOMA%20Beer%2C%20Avinguda%20Mare%20de%20D%C3%A9u%20del%20Mont%201%2C%2017844%20Cornell%C3%A0%20del%20Terri%2C%20Girona,42.0972729,2.7994903,/productores/catalunya/girona/soma-beer-cornella-del-terri.webp,verificado,sí,ecommerce
dual-lab-brewery-girona,Dual Lab Brewery,Girona,Cerveza artesana,Cerveza artesana colaborativa,"Carrer de Josep Ametller i Viñas, 24, 17003 Girona","Proyecto colaborativo de elaboración, experimentación e investigación con fábrica, equipo para socios y consumo directo de sus cervezas.",Consultar web,+34676644390,hola@duallab.club,https://dual-lab.club/,,https://www.instagram.com/dualabrewery/,https://www.google.com/maps/search/?api=1&query=Dual%20Lab%20Brewery%2C%20Carrer%20de%20Josep%20Ametller%20i%20Vi%C3%B1as%2024%2C%2017003%20Girona,41.9730365,2.8220756,/productores/catalunya/girona/dual-lab-brewery-girona.webp,verificado,no,
clos-de-basella-siurana,Clos de Basella,Siurana d'Empordà,Bodega,Vinos de autor ecológicos y biodinámicos,"Camí de Sant Miquel amb carretera de Sant Tomàs de Fluvià, 17469 Siurana d'Empordà, Girona","Pequeña bodega de Siurana d'Empordà, certificada ecológica desde 2007, que trabaja según principios biodinámicos y elabora vinos de producción limitada.",dilluns-divendres: 9:00–18:00 | dissabte-diumenge: amb reserva prèvia,+34972525578,info@closdebasella.com,https://closdebasella.com/,,https://www.instagram.com/closdebasella/,https://www.google.com/maps/search/?api=1&query=Clos%20de%20Basella%2C%20Cam%C3%AD%20de%20Sant%20Miquel%20amb%20carretera%20de%20Sant%20Tom%C3%A0s%20de%20Fluvi%C3%A0%2C%2017469%20Siurana%20d'Empord%C3%A0%2C%20Girona&query_place_id=ChIJqwvcmBiNuhIR48s8Nx5OPKI,42.2029835,2.9966466,/productores/catalunya/girona/clos-de-basella-siurana.webp,verificado,sí,ecommerce
abellaires-empordanesos-garriguella,Abellaires Empordanesos,Garriguella,Miel,"Miel cruda, miel ecológica, polen y productos apícolas","Carrer Sant Sebastià, 5, 17780 Garriguella, Girona","Explotación apícola activa desde 1983 con producción ecológica, obrador, apiturismo y tienda oficial de miel y derivados.",dilluns-divendres: 9:00–17:00 | dissabte: 9:00–13:00 | diumenge i festius: Tancat,+34972530193,info@abellaires.com,https://www.abellaires.com/,https://www.facebook.com/Abellaires/,https://www.instagram.com/abellaires_empordanesos/,https://www.google.com/maps/search/?api=1&query=Abellaires%20Empordanesos%2C%20Carrer%20Sant%20Sebasti%C3%A0%205%2C%2017780%20Garriguella%2C%20Girona,42.3436951,3.0575665,/productores/catalunya/girona/abellaires-empordanesos-garriguella.webp,verificado,sí,ecommerce
oli-fontclara-fontclara,Oli Fontclara,Fontclara,Aceite,Aceite de oliva virgen extra ecológico,"Ctra. de Fontclara a Fontanilles, s/n, 17256 Fontclara, Girona","Finca ecológica del Baix Empordà que elabora AOVE monovarietal de Arbequina, Argudell y Picual y lo vende en su tienda oficial.",Consultar web,+34872222400,info@fontclara.es,https://www.fontclara.es/ca/,,https://www.instagram.com/fontclara.es/,https://www.google.com/maps/search/?api=1&query=Fontclara%2C%20Ctra.%20de%20Fontclara%20a%20Fontanilles%20s%2Fn%2C%2017256%20Fontclara%2C%20Girona,41.9889571,3.1201904,/productores/catalunya/girona/oli-fontclara-fontclara.webp,verificado,sí,ecommerce
l-arbreda-s-l-sant-marti-de-llemena,L'ARBREDA S.L.,Sant Martí de Llémena,Lácteos y quesos,"TERRACUIT, ROCAFESA","Camí Ral de la Vall de Llémena, 17154 Sant Martí de Llémena, Girona","Productor lácteo de Sant Martí de Llémena incluido en el directorio World Cheese Awards con productos como TERRACUIT, ROCAFESA.",Consultar fuente,,,https://gff.co.uk/directory/producer/?id=58026,,https://www.instagram.com/masarbreda/,https://www.google.com/maps/search/?api=1&query=L'ARBREDA%20S.L.%2C%20Cam%C3%AD%20Ral%20de%20la%20Vall%20de%20Ll%C3%A9mena%2C%2017154%20Sant%20Mart%C3%AD%20de%20Ll%C3%A9mena%2C%20Girona,42.0483704,2.6384487,,pendiente,no,
celler-cooperatiu-d-espolla-espolla,Celler Cooperatiu d'Espolla,Espolla,Bodega,"Vinos DO Empordà, garnacha, moscatel","Passeig del Celler Cooperatiu, 1, 17753 Espolla, Girona","Productor local de vinos do empordà, garnacha, moscatel en la provincia de Girona, incorporado desde fuentes públicas de producto de proximidad.",Consultar web,+34972563178,info@cellerespolla.com,https://www.cellerespolla.com/,https://www.facebook.com/CellerEspolla,https://www.instagram.com/cellerespolla/,https://www.google.com/maps/search/?api=1&query=Celler%20Cooperatiu%20d%27Espolla%2C%20Passeig%20del%20Celler%20Cooperatiu%2C%201%2C%2017753%20Espolla%2C%20Girona,42.3947,3.0061,/productores/catalunya/girona/celler-cooperatiu-d-espolla-espolla.webp,parcial,sí,
celler-marti-fabra-sant-climent-sescebes,Celler Martí Fabra,Sant Climent Sescebes,Bodega,"Vinos DO Empordà, vinos rancios","Barri del Vic, 26, 17751 Sant Climent Sescebes, Girona","Productor local de vinos do empordà, vinos rancios en la provincia de Girona, incorporado desde fuentes públicas de producto de proximidad.",Consultar web,+34972563011,info@cellermartifabra.com,https://www.cellermartifabra.com/,https://www.facebook.com/martifabraceller/,https://www.instagram.com/cellermartifabra/,https://www.google.com/maps/search/?api=1&query=Celler%20Mart%C3%AD%20Fabra%2C%20Barri%20del%20Vic%2C%2026%2C%2017751%20Sant%20Climent%20Sescebes%2C%20Girona,42.3653,2.9787,/productores/catalunya/girona/celler-marti-fabra-sant-climent-sescebes.webp,parcial,sí,
vins-de-taller-siurana-d-emporda,Vins de Taller,Siurana d'Empordà,Bodega,Vinos ecológicos y biodinámicos,"Camí de Sant Miquel amb Ctra Sant Tomàs de Fluvià, 17469 Siurana d'Empordà, Girona","Productor local de vinos ecológicos y biodinámicos en la provincia de Girona, incorporado desde fuentes públicas de producto de proximidad.",dilluns-dissabte: 10:00–18:00 | diumenge: Tancat,+34972525578,info@vinsdetaller.com,https://www.vinsdetaller.com/,https://www.facebook.com/vinsdetaller,https://www.instagram.com/vinsdetaller/,https://www.google.com/maps/search/?api=1&query=Vins%20de%20Taller%2C%2017469%20Siurana%20d%27Empord%C3%A0%2C%20Girona,42.1819,2.9606,/productores/catalunya/girona/vins-de-taller-siurana-d-emporda.webp,parcial,sí,
masia-serra-cantallops,Masia Serra,Cantallops,Bodega,"Vinos DO Empordà Ino y Ctònia, garnachas autóctonas","Carrer dels Solers, 20, 17708 Cantallops, Girona","Productor local de vinos do empordà ino y ctònia, garnachas autóctonas en la provincia de Girona, incorporado desde fuentes públicas de producto de proximidad.",Consultar web,+34689604905,visit@masiaserra.com,https://masiaserra.com/,https://www.facebook.com/MasiaSerra/,https://www.instagram.com/masiaserra/,https://www.google.com/maps/search/?api=1&query=Masia%20Serra%2C%20Carrer%20dels%20Solers%2C%2020%2C%2017708%20Cantallops%2C%20Girona,42.4222,2.9356,/productores/catalunya/girona/masia-serra-cantallops.webp,parcial,sí,
sota-els-angels-cruilles,Sota els Àngels,"Cruïlles, Monells i Sant Sadurní de l'Heura",Bodega,Vinos ecológicos y biodinámicos DO Empordà,"Carretera La Bisbal a Calonge, Mas Rostei, 17116 Cruïlles, Girona","Productor local de vinos ecológicos y biodinámicos do empordà en la provincia de Girona, incorporado desde fuentes públicas de producto de proximidad.",Visitas concertadas,+34872006976,bodega@sotaelsangels.com,https://sotaelsangels.com/,https://www.facebook.com/sotaelsangels.bodega,https://www.instagram.com/sotaelsangels/,https://www.google.com/maps/search/?api=1&query=Sota%20els%20%C3%80ngels%2C%20Mas%20Rostei%2C%2017116%20Cru%C3%AFlles%2C%20Girona,41.9226,3.0414,,parcial,no comprobado,
formatges-mas-farro-la-vall-de-bianya,Formatges Mas Farró,La Vall de Bianya,Lácteos y quesos,Queso serrat de oveja con leche cruda,"Mas Farró, 17813 La Vall de Bianya, Girona","Productor local de queso serrat de oveja con leche cruda en la provincia de Girona, incorporado desde fuentes públicas de producto de proximidad.",Consultar web,+34972291238,,https://masfarro.com/,https://www.facebook.com/masfarro1/,,https://www.google.com/maps/search/?api=1&query=Formatges%20Mas%20Farr%C3%B3%2C%20Mas%20Farr%C3%B3%2C%2017813%20La%20Vall%20de%20Bianya%2C%20Girona,42.2197,2.4131,,parcial,no comprobado,
formatges-el-pastor-de-riudaura-riudaura,Formatges El Pastor de Riudaura,Riudaura,Lácteos y quesos,"Quesos artesanos de cabra (Riudaura, Ahuntza, Vermell, Tupí)","17179 Riudaura, Girona","Productor local de quesos artesanos de cabra (riudaura, ahuntza, vermell, tupí) en la provincia de Girona, incorporado desde fuentes públicas de producto de proximidad.",Visitas concertadas,+34972264396,hola@elpastorderiudaura.cat,https://www.elpastorderiudaura.cat/,https://www.facebook.com/elpastorderiudaura/,https://www.instagram.com/elpastorderiudaura/,https://www.google.com/maps/search/?api=1&query=Formatges%20El%20Pastor%20de%20Riudaura%2C%2017179%20Riudaura%2C%20Girona,42.2456,2.4283,/productores/catalunya/girona/formatges-el-pastor-de-riudaura-riudaura.webp,parcial,sí,
formatges-d-espinelves-espinelves,Formatges d'Espinelves,Espinelves,Lácteos y quesos,"Quesos artesanos de cabra (Miner, Baldiri, Serrat)","17405 Espinelves, Girona","Productor local de quesos artesanos de cabra (miner, baldiri, serrat) en la provincia de Girona, incorporado desde fuentes públicas de producto de proximidad.",Consultar web,+34679566231,formatgesdespinelves@gmail.com,,https://www.facebook.com/formatgesdespinelves/,,https://www.google.com/maps/search/?api=1&query=Formatges%20d%27Espinelves%2C%2017405%20Espinelves%2C%20Girona,41.8689,2.4153,,parcial,no comprobado,
galetes-birba-camprodon,Galetes Birba,Camprodon,Dulces,Galletas artesanas de Camprodon,"C-38 km 8,3, Colònia Estabanell, 17867 Camprodon, Girona","Productor local de galletas artesanas de camprodon en la provincia de Girona, incorporado desde fuentes públicas de producto de proximidad.",Consultar web,+34972740021,fabrica@birba.es,https://www.birba.es/,https://www.facebook.com/GalletasBirba/,https://www.instagram.com/galletasbirba/,https://www.google.com/maps/search/?api=1&query=Galetes%20Birba%2C%20Col%C3%B2nia%20Estabanell%2C%2017867%20Camprodon%2C%20Girona,42.3033,2.3553,/productores/catalunya/girona/galetes-birba-camprodon.webp,parcial,no comprobado,
el-xuixo-de-can-castello-girona,El Xuixo de Can Castelló,Girona,Pan y pastelería,Xuixos artesanos de Girona,"Carrer de l'Argenteria, 7, 17004 Girona","Productor local de xuixos artesanos de girona en la provincia de Girona, incorporado desde fuentes públicas de producto de proximidad.",dilluns-divendres: 10:00–20:30 | dissabte: 10:00–21:00 | diumenge: 10:00–20:00,+34972617249,,https://www.xuixocastello.com/,https://www.facebook.com/xuixocastello1898/,https://www.instagram.com/xuixocastello1898/,https://www.google.com/maps/search/?api=1&query=El%20Xuixo%20de%20Can%20Castell%C3%B3%2C%20Carrer%20de%20l%27Argenteria%2C%207%2C%2017004%20Girona,41.9856,2.8244,/productores/catalunya/girona/el-xuixo-de-can-castello-girona.webp,parcial,sí,
pastisseria-tornes-girona,Pastisseria Tornés,Girona,Pan y pastelería,"Xuixos (Mejor Xuixo del Mundo 2026), pasteles","Carrer Migdia, 51, 17003 Girona","Productor local de xuixos (mejor xuixo del mundo 2026), pasteles en la provincia de Girona, incorporado desde fuentes públicas de producto de proximidad.","dimarts-dissabte: 8:30–14:00, 16:30–20:15 | diumenge: 8:00–14:30 | dilluns: Tancat",+34972207433,tornes@tornes.cat,https://www.tornes.cat/,https://www.facebook.com/PastisseriaTornes/,https://www.instagram.com/pastisseriatornes/,https://www.google.com/maps/search/?api=1&query=Pastisseria%20Torn%C3%A9s%2C%20Carrer%20Migdia%2C%2051%2C%2017003%20Girona,41.9772,2.8128,/productores/catalunya/girona/pastisseria-tornes-girona.webp,parcial,no comprobado,
pastisseria-juhe-l-escala,Pastisseria Juhé,L'Escala,Pan y pastelería,Xuixos y pastas artesanas,"Carrer Santa Màxima, 1, 17130 L'Escala, Girona","Productor local de xuixos y pastas artesanas en la provincia de Girona, incorporado desde fuentes públicas de producto de proximidad.",Consultar web,+34972770364,,https://www.pastisseriajuhe.com/,https://www.facebook.com/pages/PASTISSERIA-JUHE/129630817077053,https://www.instagram.com/pastisseriajuhe/,https://www.google.com/maps/search/?api=1&query=Pastisseria%20Juh%C3%A9%2C%20Carrer%20Santa%20M%C3%A0xima%2C%201%2C%2017130%20L%27Escala%2C%20Girona,42.1242,3.1303,/productores/catalunya/girona/pastisseria-juhe-l-escala.webp,parcial,no comprobado,
fleca-pastisseria-padres-banyoles,Fleca Pastisseria Padrés,Banyoles,Pan y pastelería,Pan artesano y pastelería tradicional,"Passeig de Mossèn Lluís Constans, 157, 17820 Banyoles, Girona","Productor local de pan artesano y pastelería tradicional en la provincia de Girona, incorporado desde fuentes públicas de producto de proximidad.",dilluns-dissabte: 7:00–13:30 | diumenge: 7:00–14:00,+34972570934,flecapastisseriapadres@gmail.com,https://www.flecapastisseriapadres.cat/,https://www.facebook.com/flecabanyoles/,https://www.instagram.com/flecapastisseriapadres/,https://www.google.com/maps/search/?api=1&query=Fleca%20Pastisseria%20Padr%C3%A9s%2C%20Passeig%20de%20Moss%C3%A8n%20Llu%C3%ADs%20Constans%2C%20157%2C%2017820%20Banyoles%2C%20Girona,42.1219,2.7639,,parcial,no comprobado,
forn-de-pa-porterias-figueres,Forn de Pa Porterias,Figueres,Pan y pastelería,Pan artesano y coca,"Carrer la Bruguera, 22, 17600 Figueres, Girona","Productor local de pan artesano y coca en la provincia de Girona, incorporado desde fuentes públicas de producto de proximidad.","dilluns-divendres: 8:00–12:00, 16:30–19:30",+34972511203,info@elpadepapa.com,https://www.forndepaporterias.com/,https://www.facebook.com/elpadepapa/,https://www.instagram.com/elpadepapa/,https://www.google.com/maps/search/?api=1&query=Forn%20de%20Pa%20Porterias%2C%20Carrer%20la%20Bruguera%2C%2022%2C%2017600%20Figueres%2C%20Girona,42.2675,2.9608,/productores/catalunya/girona/forn-de-pa-porterias-figueres.webp,parcial,sí,
noguera-pastissers-vilablareix,Noguera Pastissers,Vilablareix,Pan y pastelería,Pastelería artesana y pan,"Carretera de Santa Coloma, 57-59, 17180 Vilablareix, Girona","Productor local de pastelería artesana y pan en la provincia de Girona, incorporado desde fuentes públicas de producto de proximidad.","dilluns-divendres: 7:30–13:30, 16:30–20:00 | dissabte: 8:00–14:00, 17:00–20:00 | diumenge: 8:00–14:00",+34972473032,noguera@noguerapastissers.cat,https://noguerapastissers.cat/,https://www.facebook.com/NogueraPastissers/,https://www.instagram.com/noguerapastissers/,https://www.google.com/maps/search/?api=1&query=Noguera%20Pastissers%2C%20Carretera%20de%20Santa%20Coloma%2C%2057-59%2C%2017180%20Vilablareix%2C%20Girona,41.9636,2.7861,/productores/catalunya/girona/noguera-pastissers-vilablareix.webp,parcial,sí,
cervesa-albera-garriguella,Cervesa Albera,Garriguella,Cerveza artesana,Cerveza artesana inspirada en la Albera,"Carrer Vilamaniscle, 22, 17780 Garriguella, Girona","Productor local de cerveza artesana inspirada en la albera en la provincia de Girona, incorporado desde fuentes públicas de producto de proximidad.",Consultar web,+34659046843,,https://albera.es/,,https://www.instagram.com/cervesa.albera/,https://www.google.com/maps/search/?api=1&query=Cervesa%20Albera%2C%20Carrer%20Vilamaniscle%2C%2022%2C%2017780%20Garriguella%2C%20Girona,42.3567,3.0667,/productores/catalunya/girona/cervesa-albera-garriguella.webp,parcial,sí,
rufa-cervesera-figueres,Rufa Cervesera de l'Empordà,Figueres,Cerveza artesana,"Rufa Original, Rufa Blat, Rufa Solera","17600 Figueres, Girona","Productor local de rufa original, rufa blat, rufa solera en la provincia de Girona, incorporado desde fuentes públicas de producto de proximidad.",Consultar web,+34676084958,info@rufacervesera.cat,https://www.rufacervesera.cat/,https://www.facebook.com/cervesarufa/,https://www.instagram.com/rufacervesa/,https://www.google.com/maps/search/?api=1&query=Rufa%20Cervesera%2C%2017600%20Figueres%2C%20Girona,42.2675,2.9608,/productores/catalunya/girona/rufa-cervesera-figueres.webp,parcial,sí,
cervesa-la-brava-forallac,Cervesa La Brava,Forallac,Cerveza artesana,Cerveza artesana estilo Pilsen,"Carrer dels Oms, 10, 17111 Vulpellac (Forallac), Girona","Productor local de cerveza artesana estilo pilsen en la provincia de Girona, incorporado desde fuentes públicas de producto de proximidad.",Consultar web,+34872180084,,,https://www.facebook.com/labravabeer/,https://www.instagram.com/labravabeer/,https://www.google.com/maps/search/?api=1&query=Cervesa%20La%20Brava%2C%20Carrer%20dels%20Oms%2C%2010%2C%2017111%20Vulpellac%2C%20Girona,41.9544,3.0533,,parcial,no comprobado,
cervesa-whym-vilablareix,Cervesa WHYM,Vilablareix,Cerveza artesana,"La Torratxa (pseudolager), La Gata Maula (IPA)","Carrer d'Antoni Rovira i Virgili, 5, 17180 Vilablareix, Girona","Productor local de la torratxa (pseudolager), la gata maula (ipa) en la provincia de Girona, incorporado desde fuentes públicas de producto de proximidad.",Consultar web,+34644630074,,https://www.whym.cat/,https://www.facebook.com/cervesawhym/,https://www.instagram.com/whymbeer/,https://www.google.com/maps/search/?api=1&query=Cervesa%20WHYM%2C%20Carrer%20d%27Antoni%20Rovira%20i%20Virgili%2C%205%2C%2017180%20Vilablareix%2C%20Girona,41.9636,2.7861,/productores/catalunya/girona/cervesa-whym-vilablareix.webp,parcial,sí,
anxoves-el-xillu-l-escala,Anxoves El Xillu,L'Escala,Pescado y conservas,"Anchoas, filetes de anchoa y aceitunas rellenas","Carrer de la Closa del Llop, 18, 17130 L'Escala, Girona","Empresa familiar de L'Escala dedicada a la elaboración artesanal de anchoas, filetes en aceite y aceitunas rellenas.","dilluns-diumenge: 10:00–15:00, 18:00–22:00",+34972770820,info@anxoveselxillu.com,https://www.anxoveselxillu.com/,https://www.facebook.com/AnxoveselXillu/,https://www.instagram.com/anxoveselxillu/,https://www.google.com/maps/search/?api=1&query=Anxoves%20El%20Xillu%2C%20Carrer%20de%20la%20Closa%20del%20Llop%2C%2018%2C%2017130%20L%27Escala%2C%20Girona,42.1242,3.1303,/productores/catalunya/girona/anxoves-el-xillu-l-escala.webp,verificado,no,
can-fanera-la-cellera-de-ter,Can Fanera,La Cellera de Ter,Charcutería,"Llonganissa, botifarra y jamón Duroc","Plaça de la Vila, 6, 17165 La Cellera de Ter, Girona","Productor local de llonganissa, botifarra y jamón duroc en la provincia de Girona, incorporado desde fuentes públicas de producto de proximidad.",Consultar web,+34972421660,info@canfanera.cat,https://www.canfanera.cat/,https://www.facebook.com/canfanera/,https://www.instagram.com/canfanera/,https://www.google.com/maps/search/?api=1&query=Can%20Fanera%2C%20Pla%C3%A7a%20de%20la%20Vila%2C%206%2C%2017165%20La%20Cellera%20de%20Ter%2C%20Girona,41.9656,2.6306,/productores/catalunya/girona/can-fanera-la-cellera-de-ter.webp,parcial,sí,
carnisseria-gironell-girona,Carnisseria Gironell,Girona,Charcutería,Fuet dolç y embutidos tradicionales,"Mercat del Lleó, parades 118-121, 17002 Girona","Productor local de fuet dolç y embutidos tradicionales en la provincia de Girona, incorporado desde fuentes públicas de producto de proximidad.",Consultar web,+34972483749,info@gironell.cat,https://www.gironell.cat/,https://www.facebook.com/Gironell-Carnisseria-423939704337618,https://www.instagram.com/carnisseriagironell/,https://www.google.com/maps/search/?api=1&query=Carnisseria%20Gironell%2C%20Mercat%20del%20Lle%C3%B3%2C%2017002%20Girona,41.9786,2.8214,/productores/catalunya/girona/carnisseria-gironell-girona.webp,parcial,no comprobado,
embotits-vilanova-tortella,Embotits Vilanova,Tortellà,Charcutería,"Piumoc (sac d'ossos), llonganissa y fuet","Carrer Sales, 53, 17853 Tortellà, Girona","Productor local de piumoc (sac d'ossos), llonganissa y fuet en la provincia de Girona, incorporado desde fuentes públicas de producto de proximidad.",Consultar web,+34972687079,embotitsvilanova@gmail.com,https://embotitsvilanova.com/,,https://www.instagram.com/vilanova_1968/,https://www.google.com/maps/search/?api=1&query=Embotits%20Vilanova%2C%20Carrer%20Sales%2C%2053%2C%2017853%20Tortell%C3%A0%2C%20Girona,42.2353,2.5867,,parcial,no comprobado,
carnisseria-pelai-sant-climent-sescebes,Carnisseria Pelai,Sant Climent Sescebes,Charcutería,"Botifarra dolça, fuet y llonganissa","Carrer Espolla, 14, 17751 Sant Climent Sescebes, Girona","Productor local de botifarra dolça, fuet y llonganissa en la provincia de Girona, incorporado desde fuentes públicas de producto de proximidad.",Consultar web,+34972563031,,https://www.pelai.com/,https://www.facebook.com/carnisseriapelai/,,https://www.google.com/maps/search/?api=1&query=Carnisseria%20Pelai%2C%20Carrer%20Espolla%2C%2014%2C%2017751%20Sant%20Climent%20Sescebes%2C%20Girona,42.3653,2.9787,,parcial,no comprobado,
collverd-vilamalla,Collverd,Vilamalla,Charcutería,"Foie gras, micuit y confit de pato","Carrer Germans Miquel, s/n, 17469 Vilamalla, Girona","Productor local de foie gras, micuit y confit de pato en la provincia de Girona, incorporado desde fuentes públicas de producto de proximidad.",Consultar web,+34972509341,info@collverd.com,https://collverd.com/,https://www.facebook.com/FoieCollVerd,https://www.instagram.com/collverdfoie/,https://www.google.com/maps/search/?api=1&query=Collverd%2C%20Carrer%20Germans%20Miquel%2C%20s%2Fn%2C%2017469%20Vilamalla%2C%20Girona,42.2244,2.9803,/productores/catalunya/girona/collverd-vilamalla.webp,parcial,sí,
anec-de-l-emporda-serra-de-daro,Ànec de l'Empordà,Serra de Daró,Charcutería,"Foie gras, micuit, patés y confits de pato","Carretera de Torroella, 20, 17133 Serra de Daró, Girona","Productor local de foie gras, micuit, patés y confits de pato en la provincia de Girona, incorporado desde fuentes públicas de producto de proximidad.",Consultar web,+34972757058,anecdelemporda@anecdelemporda.com,https://anecdelemporda.com/,https://www.facebook.com/anec.de.lemporda/,https://www.instagram.com/anec.de.lemporda/,https://www.google.com/maps/search/?api=1&query=%C3%80nec%20de%20l%27Empord%C3%A0%2C%20Carretera%20de%20Torroella%2C%2020%2C%2017133%20Serra%20de%20Dar%C3%B3%2C%20Girona,42.0119,3.1078,/productores/catalunya/girona/anec-de-l-emporda-serra-de-daro.webp,parcial,sí,
mas-auro-esponella,Mas Auró,Esponellà,Aceite,"AOVE ecológico Arbequina, Argudell, Koroneiki","Veïnat Batllori, 17832 Esponellà, Girona","Productor local de aove ecológico arbequina, argudell, koroneiki en la provincia de Girona, incorporado desde fuentes públicas de producto de proximidad.",Consultar web,+34667080311,info@masauro.cat,https://www.masauro.cat/,https://www.facebook.com/masaurooli,https://www.instagram.com/masaurooli/,https://www.google.com/maps/search/?api=1&query=Mas%20Aur%C3%B3%2C%20Ve%C3%AFnat%20Batllori%2C%2017832%20Esponell%C3%A0%2C%20Girona,42.1850,2.8083,/productores/catalunya/girona/mas-auro-esponella.webp,parcial,sí,
can-solivera-forallac,Can Solivera,Forallac,Aceite,AOVE Arbequina del Baix Empordà,"Camí Mas Teixidor, 1, 17110 Sant Climent de Peralta (Forallac), Girona","Productor local de aove arbequina del baix empordà en la provincia de Girona, incorporado desde fuentes públicas de producto de proximidad.",Visitas concertadas,+34972644096,info@solivera.com,,,,https://www.google.com/maps/search/?api=1&query=Can%20Solivera%2C%20Cam%C3%AD%20Mas%20Teixidor%2C%201%2C%2017110%20Sant%20Climent%20de%20Peralta%2C%20Girona,41.9389,3.1056,,parcial,no comprobado,
dolca-abella-crespia,Dolça Abella,Crespià,Miel,Miel de montaña y bresca de cap d'ase,"Veïnat Llavanera, 13, 17832 Crespià, Girona","Productor local de miel de montaña y bresca de cap d'ase en la provincia de Girona, incorporado desde fuentes públicas de producto de proximidad.",Consultar web,+34633923195,,https://www.dolcaabella.com/,https://www.facebook.com/Dolcaabella/,https://www.instagram.com/dolcaabella/,https://www.google.com/maps/search/?api=1&query=Dol%C3%A7a%20Abella%2C%2017832%20Crespi%C3%A0%2C%20Girona,42.1939,2.8050,/productores/catalunya/girona/dolca-abella-crespia.webp,parcial,sí,
nous-can-llavanera-crespia,Nous Can Llavanera,Crespià,Frutos secos,Nueces de Crespià,"Veïnat de Llavanera, s/n, 17832 Crespià, Girona","Productor local de nueces de crespià en la provincia de Girona, incorporado desde fuentes públicas de producto de proximidad.",Consultar web,+34616527661,guixerasllavanera@gmail.com,https://www.nousdecanllavanera.com/,,https://www.instagram.com/nous_can_llavanera/,https://www.google.com/maps/search/?api=1&query=Nous%20Can%20Llavanera%2C%20Ve%C3%AFnat%20de%20Llavanera%2C%2017832%20Crespi%C3%A0%2C%20Girona,42.1939,2.8050,/productores/catalunya/girona/nous-can-llavanera-crespia.webp,parcial,no comprobado,
ratafia-l-empordanesa-garriguella,Ratafia L'Empordanesa (Roicom),Garriguella,Licores,Ratafia L'Empordanesa y licores tradicionales,"17780 Garriguella, Girona","Productor local de ratafia l'empordanesa y licores tradicionales en la provincia de Girona, incorporado desde fuentes públicas de producto de proximidad.",Consultar web,+34972530089,info@ratafiaempordanesa.com,https://www.ratafiaempordanesa.com/,,https://www.instagram.com/ratafialempordanesa/,https://www.google.com/maps/search/?api=1&query=Ratafia%20L%27Empordanesa%20Roicom%2C%2017780%20Garriguella%2C%20Girona,42.3567,3.0667,/productores/catalunya/girona/ratafia-l-empordanesa-garriguella.webp,parcial,no comprobado,
lactics-pauet-jafre,Làctics Pauet,Jafre,Lácteos y quesos,"Quesería artesanal con rebaño de cabras propio en el Baix Empordà, famosos por su queso madurado de cabra *El Terrós*.","Jafre, Girona, España","Productor local artesanal de lácteos y quesos en Jafre (Baix Empordà). Especializado en Quesería artesanal con rebaño de cabras propio en el Baix Empordà, famosos por su queso madurado de cabra *El Terrós*.",Consultar web o venta directa,+34675566608,info@lacticspauet.com,https://lacticspauet.com,https://www.facebook.com/LacticsPauet/,https://www.instagram.com/recuitspauet/,https://www.google.com/maps/search/?api=1&query=L%C3%A0ctics%20Pauet%2C%20Jafre%2C%20Girona,42.075,3.01167,/productores/catalunya/girona/lactics-pauet-jafre.webp,parcial,no,
pasturabosc-vilopriu,Pasturabosc,Gaüses (Vilopriu),Lácteos y quesos,Proyecto sostenible de pastoreo de cabras para prevención de incendios y elaboración artesanal de quesos de leche cruda (*Gaüc* y *Sanguinyol*).,"Gaüses (Vilopriu), Girona, España",Productor local artesanal de lácteos y quesos en Gaüses (Vilopriu) (Baix Empordà). Especializado en Proyecto sostenible de pastoreo de cabras para prevención de incendios y elaboración artesanal de quesos de leche cruda (*Gaüc* y *Sanguinyol*).,Consultar web o venta directa,+34629418483,judit@pasturabosc.cat,https://www.pasturabosc.cat,,https://www.instagram.com/pasturabosc/,https://www.google.com/maps/search/?api=1&query=Pasturabosc%2C%20Ga%C3%BCses%20%28Vilopriu%29%2C%20Girona,42.1075,2.99444,/productores/catalunya/girona/pasturabosc-vilopriu.webp,parcial,no,
mar-de-formatges-el-port-de-la-selva,Mar de Formatges,El Port de la Selva,Lácteos y quesos,Pequeño obrador y formatgeria artesana que elabora quesos madurados y especialidades inspiradas en la Costa Brava y el Cap de Creus.,"El Port de la Selva, Girona, España",Productor local artesanal de lácteos y quesos en El Port de la Selva (Alt Empordà). Especializado en Pequeño obrador y formatgeria artesana que elabora quesos madurados y especialidades inspiradas en la Costa Brava y el Cap de Creus.,,,,,,https://www.instagram.com/mardeformatges/,https://www.google.com/maps/search/?api=1&query=Mar%20de%20Formatges%2C%20El%20Port%20de%20la%20Selva%2C%20Girona,42.3375,3.20417,,parcial,no,
la-formatgeria-de-llivia-llivia,La Formatgeria de Llívia,Llívia,Lácteos y quesos,"Espacio gastronómico y obrador artesanal que elabora yogures, quesos de leche cruda y postres lácteos en el enclave pirenaico de Llívia.","Llívia, Girona, España","Productor local artesanal de lácteos y quesos en Llívia (Baixa Cerdanya). Especializado en Espacio gastronómico y obrador artesanal que elabora yogures, quesos de leche cruda y postres lácteos en el enclave pirenaico de Llívia.",Consultar web o venta directa,+34972146279,formatgeria@laformatgeria.com,https://www.laformatgeria.com,,https://www.instagram.com/laformatgeriadellivia/,https://www.google.com/maps/search/?api=1&query=La%20Formatgeria%20de%20Ll%C3%ADvia%2C%20Ll%C3%ADvia%2C%20Girona,42.46393,1.97907,/productores/catalunya/girona/la-formatgeria-de-llivia-llivia.webp,parcial,no,
granja-el-provencal-riudellots-de-la-selva,Granja El Provençal,Riudellots de la Selva,Lácteos y quesos,Granja familiar y obrador lácteo dedicado a la elaboración tradicional de yogures y derivados de leche fresca vacuna.,"Riudellots de la Selva, Girona, España",Productor local artesanal de lácteos y quesos en Riudellots de la Selva (Selva). Especializado en Granja familiar y obrador lácteo dedicado a la elaboración tradicional de yogures y derivados de leche fresca vacuna.,Consultar web o venta directa,+34636665283,info@granjaelprovensal.cat,https://www.granjaelprovensal.cat,https://www.facebook.com/pages/Granja-El-Proven%C3%A7al-De-La-Granja-a-Casa/,,https://www.google.com/maps/search/?api=1&query=Granja%20El%20Proven%C3%A7al%2C%20Riudellots%20de%20la%20Selva%2C%20Girona,41.89556,2.80639,/productores/catalunya/girona/granja-el-provencal-riudellots-de-la-selva.webp,parcial,no,
celler-mas-anglada-forallac,Celler Mas Anglada,Fonteta (Forallac),Bodega,"Celler y masía del siglo de oro en el Baix Empordà, especializado en la producción artesanal de vinos tintos y blancos de alta calidad.","Fonteta (Forallac), Girona, España","Productor local artesanal de bodega en Fonteta (Forallac) (Baix Empordà). Especializado en Celler y masía del siglo de oro en el Baix Empordà, especializado en la producción artesanal de vinos tintos y blancos de alta calidad.",Consultar web o venta directa,+34972640093,masanglada@masanglada.es,http://www.masanglada.es,,https://www.instagram.com/masanglada/,https://www.google.com/maps/search/?api=1&query=Celler%20Mas%20Anglada%2C%20Fonteta%20%28Forallac%29%2C%20Girona,41.96012,3.05434,/productores/catalunya/girona/celler-mas-anglada-forallac.webp,parcial,no,
celler-esclanya-begur,Celler Esclanyà,Begur,Bodega,Celler familiar y ecológico en Begur con una producción muy cuidada de viñas cultivadas en bancales y suelo pizarroso.,"Begur, Girona, España",Productor local artesanal de bodega en Begur (Baix Empordà). Especializado en Celler familiar y ecológico en Begur con una producción muy cuidada de viñas cultivadas en bancales y suelo pizarroso.,Consultar web o venta directa,+34676265749,info@celleresclanya.com,http://www.celleresclanya.com,https://www.facebook.com/celleresclanya/,https://www.instagram.com/celler_esclanya/,https://www.google.com/maps/search/?api=1&query=Celler%20Esclany%C3%A0%2C%20Begur%2C%20Girona,41.95419,3.20883,/productores/catalunya/girona/celler-esclanya-begur.webp,parcial,sí,
celler-maria-pages-capmany,Celler Marià Pagès,Capmany,Bodega,"Tradición familiar vitivinícola con vinos tintos, blancos y dulces bajo la denominación DO Empordà, en el núcleo vitivinícola de Capmany.","Capmany, Girona, España","Productor local artesanal de bodega en Capmany (Alt Empordà). Especializado en Tradición familiar vitivinícola con vinos tintos, blancos y dulces bajo la denominación DO Empordà, en el núcleo vitivinícola de Capmany.",Consultar web o venta directa,+34972549160,info@cellermpages.com,http://www.cellermpages.com,https://www.facebook.com/303506379746312/,https://www.instagram.com/cellermariapages/,https://www.google.com/maps/search/?api=1&query=Celler%20Mari%C3%A0%20Pag%C3%A8s%2C%20Capmany%2C%20Girona,42.37611,2.92139,,parcial,no,
mas-estela-la-selva-de-mar,Mas Estela,La Selva de Mar,Bodega,"Bodega pionera en agricultura biodinámica en el Cap de Creus, elaboradores de vinos tintos y dulces (*Mas Estela*, *Vinya Selva de Mar*).","La Selva de Mar, Girona, España","Productor local artesanal de bodega en La Selva de Mar (Alt Empordà). Especializado en Bodega pionera en agricultura biodinámica en el Cap de Creus, elaboradores de vinos tintos y dulces (*Mas Estela*, *Vinya Selva de Mar*).",Consultar web o venta directa,+34972126176,masestela@hotmail.com,http://www.masestela.com,,https://www.instagram.com/masestelabiode/,https://www.google.com/maps/search/?api=1&query=Mas%20Estela%2C%20La%20Selva%20de%20Mar%2C%20Girona,42.32421,3.18678,/productores/catalunya/girona/mas-estela-la-selva-de-mar.webp,parcial,no,
celler-pujol-cargol-masarac,Celler Pujol Cargol,Masarac,Bodega,Bodega artesanal y familiar centrada en la producción ecológica y natural de pequeñas tiradas de vinos de autor de alta calidad.,"Masarac, Girona, España",Productor local artesanal de bodega en Masarac (Alt Empordà). Especializado en Bodega artesanal y familiar centrada en la producción ecológica y natural de pequeñas tiradas de vinos de autor de alta calidad.,Consultar web o venta directa,+34620331579,davidpujolcargol@gmail.com,http://www.cellerpujolcargol.com,,https://www.instagram.com/pujolcargolcellermasarac/,https://www.google.com/maps/search/?api=1&query=Celler%20Pujol%20Cargol%2C%20Masarac%2C%20Girona,42.35278,2.97361,/productores/catalunya/girona/celler-pujol-cargol-masarac.webp,parcial,no,
celler-mas-romeu-palau-saverdera,Celler Mas Romeu,Palau-saverdera,Bodega,"Proyecto de vinicultura familiar asentado a los pies de la Sierra de Rodes, con vinos característicos bajo la D.O. Empordà.","Palau-saverdera, Girona, España","Productor local artesanal de bodega en Palau-saverdera (Alt Empordà). Especializado en Proyecto de vinicultura familiar asentado a los pies de la Sierra de Rodes, con vinos característicos bajo la D.O. Empordà.",Consultar web o venta directa,+34687744056,info@cellermasromeu.cat,https://cellermasromeu.cat,,https://www.instagram.com/cellermasromeu/,https://www.google.com/maps/search/?api=1&query=Celler%20Mas%20Romeu%2C%20Palau-saverdera%2C%20Girona,42.30795,3.14708,,parcial,no,
av-bodeguers-vilamaniscle,AV Bodeguers,Vilamaniscle,Bodega,"Pequeña bodega con viñas viejas de cariñena y garnacha a los pies de la Albera, elaboradores del reconocido vino *S'Alqueria*.","Vilamaniscle, Girona, España","Productor local artesanal de bodega en Vilamaniscle (Alt Empordà). Especializado en Pequeña bodega con viñas viejas de cariñena y garnacha a los pies de la Albera, elaboradores del reconocido vino *S'Alqueria*.",Consultar web o venta directa,+34620006476,info@avbodeguers.com,http://www.avbodeguers.com,,https://www.instagram.com/avbodeguers/,https://www.google.com/maps/search/?api=1&query=AV%20Bodeguers%2C%20Vilamaniscle%2C%20Girona,42.37722,3.06889,/productores/catalunya/girona/av-bodeguers-vilamaniscle.webp,parcial,no,
celler-mas-polit-vilamaniscle,Celler Mas Pòlit,Vilamaniscle,Bodega,"Producción de vinos de terruño de pizarra y solera en la Albera, muy reconocidos por sus garnachas y cariñenas.","Vilamaniscle, Girona, España","Productor local artesanal de bodega en Vilamaniscle (Alt Empordà). Especializado en Producción de vinos de terruño de pizarra y solera en la Albera, muy reconocidos por sus garnachas y cariñenas.",Consultar web o venta directa,+34636482472,info@cellermaspolit.com,https://cellermaspolit.com,,https://www.instagram.com/cellermaspolit/,https://www.google.com/maps/search/?api=1&query=Celler%20Mas%20P%C3%B2lit%2C%20Vilamaniscle%2C%20Girona,42.37722,3.06889,/productores/catalunya/girona/celler-mas-polit-vilamaniscle.webp,parcial,no,
bodegues-trobat-garriguella,Bodegues Trobat,Garriguella,Bodega,"Bodega histórica fundada en 1730 en Garriguella, cuna de vinos y licores tradicionales del Empordà con métodos artesanales.","Garriguella, Girona, España","Productor local artesanal de bodega en Garriguella (Alt Empordà). Especializado en Bodega histórica fundada en 1730 en Garriguella, cuna de vinos y licores tradicionales del Empordà con métodos artesanales.",Consultar web o venta directa,+34972530092,info@bodegastrobat.com,https://www.bodegastrobat.com,https://www.facebook.com/cellertrobat/,https://www.instagram.com/cellertrobat/,https://www.google.com/maps/search/?api=1&query=Bodegues%20Trobat%2C%20Garriguella%2C%20Girona,42.34528,3.05778,/productores/catalunya/girona/bodegues-trobat-garriguella.webp,parcial,sí,
forn-de-pa-figueras-banyoles,Forn de Pa Figueras,Banyoles,Pan y pastelería,"Horno centenario (cuarta generación) famoso por su tortada de Banyoles, brunyols artesanales y panes de masa madre de larga fermentación.","Banyoles, Girona, España","Productor local artesanal de pan y pastelería en Banyoles (Pla de l'Estany). Especializado en Horno centenario (cuarta generación) famoso por su tortada de Banyoles, brunyols artesanales y panes de masa madre de larga fermentación.",Consultar web o venta directa,+34972570568,degustaciofigueras@flequersartesans.com,https://forndepafigueras.cat,,https://www.instagram.com/fornfigueras/,https://www.google.com/maps/search/?api=1&query=Forn%20de%20Pa%20Figueras%2C%20Banyoles%2C%20Girona,42.11944,2.76639,/productores/catalunya/girona/forn-de-pa-figueras-banyoles.webp,parcial,no,
forn-de-pa-j-costa-olot,Forn de Pa J. Costa,Olot,Pan y pastelería,Obrador artesano con más de 40 años que mantiene la fermentación lenta en cajones de madera y la cocción de pan artesano en horno de leña.,"Olot, Girona, España",Productor local artesanal de pan y pastelería en Olot (Garrotxa). Especializado en Obrador artesano con más de 40 años que mantiene la fermentación lenta en cajones de madera y la cocción de pan artesano en horno de leña.,Consultar web o venta directa,+34972264839,info@fornpacosta.com,https://fornpacosta.com,https://www.facebook.com/forndepa.j.costa/,,https://www.google.com/maps/search/?api=1&query=Forn%20de%20Pa%20J.%20Costa%2C%20Olot%2C%20Girona,42.18219,2.48902,/productores/catalunya/girona/forn-de-pa-j-costa-olot.webp,parcial,no,
cal-flequer-girona,Cal Flequer,Girona,Pan y pastelería,"Fleca tradicional abierta desde 1896, elaboradores de pan de masa madre y pan de pagès con Indicación Geográfica Protegida (IGP).","Girona, Girona, España","Productor local artesanal de pan y pastelería en Girona (Gironès). Especializado en Fleca tradicional abierta desde 1896, elaboradores de pan de masa madre y pan de pagès con Indicación Geográfica Protegida (IGP).",Consultar web o venta directa,+34972594283,info@calflequer.com,https://calflequer.com,https://www.facebook.com/calflequer.flecapastisseria/,https://www.instagram.com/cal_flequer/,https://www.google.com/maps/search/?api=1&query=Cal%20Flequer%2C%20Girona%2C%20Girona,41.98333,2.81667,/productores/catalunya/girona/cal-flequer-girona.webp,parcial,sí,
forn-cresell-salt,Forn Cresell,Salt,Pan y pastelería,"Panadería tradicional muy valorada por la cocción de sus panes en horno de leña, utilizando harinas locales y masa madre de cultivo propio.","Salt, Girona, España","Productor local artesanal de pan y pastelería en Salt (Gironès). Especializado en Panadería tradicional muy valorada por la cocción de sus panes en horno de leña, utilizando harinas locales y masa madre de cultivo propio.",Consultar web o venta directa,+34972206388,info@cresell.com,https://forncresell.com,https://www.facebook.com/people/Forn-Cresell/100054563855410/,,https://www.google.com/maps/search/?api=1&query=Forn%20Cresell%2C%20Salt%2C%20Girona,41.97611,2.78806,/productores/catalunya/girona/forn-cresell-salt.webp,parcial,no,
fleca-can-baldiri-palafrugell,Fleca Can Baldiri,Palafrugell,Pan y pastelería,"Histórico horno de pan fundado en 1856, que elabora panes rústicos y bollería artesana siguiendo la receta y el proceso tradicionales de la familia.","Palafrugell, Girona, España","Productor local artesanal de pan y pastelería en Palafrugell (Baix Empordà). Especializado en Histórico horno de pan fundado en 1856, que elabora panes rústicos y bollería artesana siguiendo la receta y el proceso tradicionales de la familia.",,,,,https://www.facebook.com/FlecaCanBaldiri/,https://www.instagram.com/flecabaldiri/,https://www.google.com/maps/search/?api=1&query=Fleca%20Can%20Baldiri%2C%20Palafrugell%2C%20Girona,41.91818,3.16302,,parcial,no,
pastisseria-serra-palafrugell,Pastisseria Serra,Palafrugell,Pan y pastelería,"Establecimiento centenario fundado en 1904, muy famoso por sus Brunyols de l'Empordà y la Coca de Crema Catalana artesanal.","Palafrugell, Girona, España","Productor local artesanal de pan y pastelería en Palafrugell (Baix Empordà). Especializado en Establecimiento centenario fundado en 1904, muy famoso por sus Brunyols de l'Empordà y la Coca de Crema Catalana artesanal.",Consultar web o venta directa,+34972300640,info@pastisseriaserra.cat,https://pastisseriaserra.cat,https://www.facebook.com/pastisseria.cellerserra/,https://www.instagram.com/pastisseriacellerserra/,https://www.google.com/maps/search/?api=1&query=Pastisseria%20Serra%2C%20Palafrugell%2C%20Girona,41.91818,3.16302,/productores/catalunya/girona/pastisseria-serra-palafrugell.webp,parcial,sí,
pastisseria-can-cairo-roses,Pastisseria Can Cairó,Roses,Pan y pastelería,"Granja y pastelería tradicional con obrador propio desde 1911, especializada en repostería artesana e ingredientes locales del Empordà.","Roses, Girona, España","Productor local artesanal de pan y pastelería en Roses (Alt Empordà). Especializado en Granja y pastelería tradicional con obrador propio desde 1911, especializada en repostería artesana e ingredientes locales del Empordà.",Consultar web o venta directa,+34972254515,info@cancairo.com,https://www.cancairo.com,,https://www.instagram.com/pastisseriacancairo/,https://www.google.com/maps/search/?api=1&query=Pastisseria%20Can%20Cair%C3%B3%2C%20Roses%2C%20Girona,42.26333,3.175,/productores/catalunya/girona/pastisseria-can-cairo-roses.webp,parcial,no,
forn-marull-parlava,Forn Marull,Parlavà,Pan y pastelería,Fleca y pastelería famosa en la comarca por su *Pa del Montgrí* y la elaboración artesana de xuixos tradicionales de Girona.,"Parlavà, Girona, España",Productor local artesanal de pan y pastelería en Parlavà (Baix Empordà). Especializado en Fleca y pastelería famosa en la comarca por su *Pa del Montgrí* y la elaboración artesana de xuixos tradicionales de Girona.,Consultar web o venta directa,+34972769017,info@fornmarull.cat,https://fornmarull.cat,https://www.facebook.com/FornMarull-1091633184188640/,,https://www.google.com/maps/search/?api=1&query=Forn%20Marull%2C%20Parlav%C3%A0%2C%20Girona,42.02303,3.03115,/productores/catalunya/girona/forn-marull-parlava.webp,parcial,no,
ca-la-nati-sant-feliu-de-guixols,Ca la Nati,Sant Feliu de Guíxols,Pan y pastelería,"Pastelería y horno local de gran arraigo en la Costa Brava Sur, famosa por su emblemática coca de limón y repostería típica de la zona.","Sant Feliu de Guíxols, Girona, España","Productor local artesanal de pan y pastelería en Sant Feliu de Guíxols (Baix Empordà). Especializado en Pastelería y horno local de gran arraigo en la Costa Brava Sur, famosa por su emblemática coca de limón y repostería típica de la zona.",Consultar web o venta directa,,,https://forncalanati.wixsite.com/fleca,https://www.facebook.com/p/Forn-Ca-La-Nati-100063645575194/,https://www.instagram.com/forn.calanati/,https://www.google.com/maps/search/?api=1&query=Ca%20la%20Nati%2C%20Sant%20Feliu%20de%20Gu%C3%ADxols%2C%20Girona,41.78056,3.03056,,parcial,no,
efa-sureda-casanovas-ulla,EFA Sureda Casanovas,Ullà,Aceite,"Molino familiar productor del aceite de oliva virgen extra *Pedrigolet*, elaborado con aceitunas argudell y arbequina del Baix Empordà.","Ullà, Girona, España","Productor local artesanal de aceite en Ullà (Baix Empordà). Especializado en Molino familiar productor del aceite de oliva virgen extra *Pedrigolet*, elaborado con aceitunas argudell y arbequina del Baix Empordà.",Consultar web o venta directa,+34605930126,info@pedrigolet.cat,http://www.pedrigolet.cat,,https://www.instagram.com/olipedrigolet/,https://www.google.com/maps/search/?api=1&query=EFA%20Sureda%20Casanovas%2C%20Ull%C3%A0%2C%20Girona,42.0525,3.10917,/productores/catalunya/girona/efa-sureda-casanovas-ulla.webp,parcial,no,
trull-amiel-i-baserba-vilafant,Trull Amiel i Baserba,Vilafant,Aceite,Tradicional trull de aceite de oliva en el Alt Empordà con una de las mayores experiencias en la prensa y elaboración de aceites de oliva virgen extra de alta calidad.,"Vilafant, Girona, España",Productor local artesanal de aceite en Vilafant (Alt Empordà). Especializado en Tradicional trull de aceite de oliva en el Alt Empordà con una de las mayores experiencias en la prensa y elaboración de aceites de oliva virgen extra de alta calidad.,Consultar web o venta directa,+34972504851,amiel.baserba@gmail.com,https://trullamielbaserba.com,https://www.facebook.com/amiel.baserba/,https://www.instagram.com/trull_amiel.baserba/,https://www.google.com/maps/search/?api=1&query=Trull%20Amiel%20i%20Baserba%2C%20Vilafant%2C%20Girona,42.24676,2.93793,/productores/catalunya/girona/trull-amiel-i-baserba-vilafant.webp,parcial,sí,
olis-albera-vilamaniscle,Olis Albera,Vilamaniscle,Aceite,"Productor artesanal de aceite de oliva virgen extra monovarietal de aceituna Argudell, procedente de olivares centenarios de montaña.","Vilamaniscle, Girona, España","Productor local artesanal de aceite en Vilamaniscle (Alt Empordà). Especializado en Productor artesanal de aceite de oliva virgen extra monovarietal de aceituna Argudell, procedente de olivares centenarios de montaña.",Consultar web o venta directa,+34669744851,info@olisalbera.com,https://olisalbera.com,,https://www.instagram.com/trullmaspolit/,https://www.google.com/maps/search/?api=1&query=Olis%20Albera%2C%20Vilamaniscle%2C%20Girona,42.37722,3.06889,/productores/catalunya/girona/olis-albera-vilamaniscle.webp,parcial,sí,
or-de-l-albera-agullana,Or de l'Albera,Agullana,Aceite,Productor artesano de aceite de oliva virgen extra ecológico y de prensado en frío de la Sierra de la Albera.,"Agullana, Girona, España",Productor local artesanal de aceite en Agullana (Alt Empordà). Especializado en Productor artesano de aceite de oliva virgen extra ecológico y de prensado en frío de la Sierra de la Albera.,Consultar web o venta directa,+34696656633,info@ordelalbera.com,https://ordelalbera.com,,https://www.instagram.com/trullordelalbera/,https://www.google.com/maps/search/?api=1&query=Or%20de%20l%27Albera%2C%20Agullana%2C%20Girona,42.39378,2.84668,,parcial,sí,
gozos-mundanos-roses,Gozos Mundanos,Roses,Aceite,Pequeño productor artesano especializado en aceite de oliva virgen extra ecológico procedente de olivos de la bahía de Roses.,"Roses, Girona, España",Productor local artesanal de aceite en Roses (Alt Empordà). Especializado en Pequeño productor artesano especializado en aceite de oliva virgen extra ecológico procedente de olivos de la bahía de Roses.,Consultar web o venta directa,+34972458371,info@gozosmundanos.com,http://www.gozosmundanos.com,https://www.facebook.com/gozosmundanos/,https://www.instagram.com/gozosmundanos/,https://www.google.com/maps/search/?api=1&query=Gozos%20Mundanos%2C%20Roses%2C%20Girona,42.26333,3.175,,parcial,no,
santa-pau-ale-works-santa-pau,Santa Pau Ale Works,Santa Pau,Cerveza artesana,Microcervecería artesana ubicada en la Garrotxa volcánica que elabora cervezas rústicas y fermentaciones mixtas con levaduras salvajes locales.,"Santa Pau, Girona, España",Productor local artesanal de cerveza artesana en Santa Pau (Garrotxa). Especializado en Microcervecería artesana ubicada en la Garrotxa volcánica que elabora cervezas rústicas y fermentaciones mixtas con levaduras salvajes locales.,Consultar web o venta directa,,,https://www.santapauales.com,https://www.facebook.com/santapauales.cervesavolcanica,https://www.instagram.com/santacervesa/,https://www.google.com/maps/search/?api=1&query=Santa%20Pau%20Ale%20Works%2C%20Santa%20Pau%2C%20Girona,42.14583,2.57222,/productores/catalunya/girona/santa-pau-ale-works-santa-pau.webp,parcial,no,
limbik-co-pont-de-molins,Limbik Co,Pont de Molins,Cerveza artesana,"Proyecto cervecero artesano e independiente con enfoque local y ecológico, creadores de cervezas con lúpulos e ingredientes del Empordà.","Pont de Molins, Girona, España","Productor local artesanal de cerveza artesana en Pont de Molins (Alt Empordà). Especializado en Proyecto cervecero artesano e independiente con enfoque local y ecológico, creadores de cervezas con lúpulos e ingredientes del Empordà.",Consultar web o venta directa,+34610828742,info@limbik-co.com,https://www.limbik-co.com,,https://www.instagram.com/limbik.co/,https://www.google.com/maps/search/?api=1&query=Limbik%20Co%2C%20Pont%20de%20Molins%2C%20Girona,42.31485,2.93044,/productores/catalunya/girona/limbik-co-pont-de-molins.webp,parcial,no,
hopsters-besalu,Hopsters,Besalú,Cerveza artesana,Microcervecería artesana y taproom con producción independiente y recetas experimentales en el pueblo medieval de Besalú.,"Besalú, Girona, España",Productor local artesanal de cerveza artesana en Besalú (Garrotxa). Especializado en Microcervecería artesana y taproom con producción independiente y recetas experimentales en el pueblo medieval de Besalú.,Consultar web o venta directa,+34636294793,thehopsters@gmail.com,https://thehopsters.com,https://www.facebook.com/hopstersbrewery/,https://www.instagram.com/hopstersbrewery/,https://www.google.com/maps/search/?api=1&query=Hopsters%2C%20Besal%C3%BA%2C%20Girona,42.19893,2.69856,/productores/catalunya/girona/hopsters-besalu.webp,parcial,no,
mel-vall-de-ribes-ribes-de-freser,Mel Vall de Ribes,Bruguera (Ribes de Freser),Miel,"Apicultura tradicional y artesanal de alta montaña a las faldas del Taga, recolectando mels puras de flores pirenaicas.","Bruguera (Ribes de Freser), Girona, España","Productor local artesanal de miel en Bruguera (Ribes de Freser) (Ripollès). Especializado en Apicultura tradicional y artesanal de alta montaña a las faldas del Taga, recolectando mels puras de flores pirenaicas.",Consultar web o venta directa,+34669104215,info@melderibes.cat,https://www.melderibes.cat,https://www.facebook.com/melderibes/,https://www.instagram.com/melvallderibes/,https://www.google.com/maps/search/?api=1&query=Mel%20Vall%20de%20Ribes%2C%20Bruguera%20%28Ribes%20de%20Freser%29%2C%20Girona,42.30617,2.16764,/productores/catalunya/girona/mel-vall-de-ribes-ribes-de-freser.webp,parcial,no,
ca-la-nuria-setcases,Ca la Núria,Setcases,Miel,"Apicultura artesanal centenaria del Pirineo del Ripollès, con un obrador tradicional y venta directa conocido popularmente como ""la casa de la mel"".","Setcases, Girona, España","Productor local artesanal de miel en Setcases (Ripollès). Especializado en Apicultura artesanal centenaria del Pirineo del Ripollès, con un obrador tradicional y venta directa conocido popularmente como ""la casa de la mel"".",Consultar web o venta directa,+34972136102,info@meldesetcases.es,http://www.calanuria.com,https://www.facebook.com/p/Ca-La-Nuria-100066611435011/,https://www.instagram.com/ca_la_nuria/,https://www.google.com/maps/search/?api=1&query=Ca%20la%20N%C3%BAria%2C%20Setcases%2C%20Girona,42.37487,2.3015,,parcial,no,
mel-la-calma-olot,Mel La Calma,Batet de la Serra (Olot),Miel,Apicultura ecológica centrada en la flora de la zona del Parque Natural de la Zona Volcánica de la Garrotxa y el Espacio de Interés Natural de la Alta Garrotxa.,"Batet de la Serra (Olot), Girona, España",Productor local artesanal de miel en Batet de la Serra (Olot) (Garrotxa). Especializado en Apicultura ecológica centrada en la flora de la zona del Parque Natural de la Zona Volcánica de la Garrotxa y el Espacio de Interés Natural de la Alta Garrotxa.,,+34648276696,isabelvert@gmail.com,,,,https://www.google.com/maps/search/?api=1&query=Mel%20La%20Calma%2C%20Batet%20de%20la%20Serra%20%28Olot%29%2C%20Girona,42.18219,2.48902,,parcial,no,
licors-moline-ribes-de-freser,Licors Moliné,Bruguera (Ribes de Freser),Licores,Destilería y elaboración familiar artesana de ratafia tradicional del Ripollès a partir de nueces verdes y hierbas del Pirineo.,"Bruguera (Ribes de Freser), Girona, España",Productor local artesanal de licores en Bruguera (Ribes de Freser) (Ripollès). Especializado en Destilería y elaboración familiar artesana de ratafia tradicional del Ripollès a partir de nueces verdes y hierbas del Pirineo.,Consultar web o venta directa,+34972518581,hola@licorsmoline.com,https://www.licorsmoline.com,,https://www.instagram.com/licorsmoline/,https://www.google.com/maps/search/?api=1&query=Licors%20Molin%C3%A9%2C%20Bruguera%20%28Ribes%20de%20Freser%29%2C%20Girona,42.30617,2.16764,/productores/catalunya/girona/licors-moline-ribes-de-freser.webp,parcial,sí,
la-ratafia-d-en-pere-banyoles,La Ratafia d'en Pere,Banyoles,Licores,Obrador artesano que elabora ratafia de nueces y hierbas aromáticas siguiendo recetas ancestrales y métodos manuales de maceración.,"Banyoles, Girona, España",Productor local artesanal de licores en Banyoles (Pla de l'Estany). Especializado en Obrador artesano que elabora ratafia de nueces y hierbas aromáticas siguiendo recetas ancestrales y métodos manuales de maceración.,,,,http://www.laratafiadenpere.com/,,https://www.instagram.com/laratafiadenpere/,https://www.google.com/maps/search/?api=1&query=La%20Ratafia%20d%27en%20Pere%2C%20Banyoles%2C%20Girona,42.11944,2.76639,,parcial,no,
embotits-eugeni-sant-joan-les-fonts,Embotits Eugeni,Sant Joan les Fonts,Charcutería,"Obrador artesano y carnicería desde 1967 en la Garrotxa, famoso por su secallona, fuet artesano y botifarra d'ou elaborada de forma tradicional.","Sant Joan les Fonts, Girona, España","Productor local artesanal de charcutería en Sant Joan les Fonts (Garrotxa). Especializado en Obrador artesano y carnicería desde 1967 en la Garrotxa, famoso por su secallona, fuet artesano y botifarra d'ou elaborada de forma tradicional.",Consultar web o venta directa,+34972290205,info@embotitseugeni.com,http://www.embotitseugeni.com,,,https://www.google.com/maps/search/?api=1&query=Embotits%20Eugeni%2C%20Sant%20Joan%20les%20Fonts%2C%20Girona,42.21255,2.51166,,parcial,no,
can-dorca-la-vall-de-bianya,Can Dorca,L'Hostalnou de Bianya (La Vall de Bianya),Charcutería,Negocio familiar con más de 80 años de historia que mantiene viva la matanza y la elaboración artesana de embutidos de calidad.,"L'Hostalnou de Bianya (La Vall de Bianya), Girona, España",Productor local artesanal de charcutería en L'Hostalnou de Bianya (La Vall de Bianya) (Garrotxa). Especializado en Negocio familiar con más de 80 años de historia que mantiene viva la matanza y la elaboración artesana de embutidos de calidad.,Consultar web o venta directa,+34972290996,botiga@candorca.com,http://www.candorca.com,,https://www.instagram.com/embotitscandorca/,https://www.google.com/maps/search/?api=1&query=Can%20Dorca%2C%20L%27Hostalnou%20de%20Bianya%20%28La%20Vall%20de%20Bianya%29%2C%20Girona,42.24133,2.43261,,parcial,no,
j-roura-embotits-artesans-corca,J. Roura Embotits Artesans,Corçà,Charcutería,"Pequeño obrador centrado en la charcutería de pagès tradicional, elaborando bulls de lenguas, llonganissa de pagès y secallona de alta calidad.","Corçà, Girona, España","Productor local artesanal de charcutería en Corçà (Baix Empordà). Especializado en Pequeño obrador centrado en la charcutería de pagès tradicional, elaborando bulls de lenguas, llonganissa de pagès y secallona de alta calidad.",Consultar web o venta directa,+34972630560,info@jroura.cat,https://jroura.cat,https://www.facebook.com/carnsjroura/,https://www.instagram.com/jroura.carnisseria/,https://www.google.com/maps/search/?api=1&query=J.%20Roura%20Embotits%20Artesans%2C%20Cor%C3%A7%C3%A0%2C%20Girona,41.98722,3.01458,/productores/catalunya/girona/j-roura-embotits-artesans-corca.webp,parcial,no,
embotits-pages-canet-d-adri,Embotits Pagès,Canet d'Adri,Charcutería,"Elaboración artesanal de embutidos secos y cocidos en una antigua masía del Gironès, utilizando recetas tradicionales sin gluten ni lactosa.","Canet d'Adri, Girona, España","Productor local artesanal de charcutería en Canet d'Adri (Gironès). Especializado en Elaboración artesanal de embutidos secos y cocidos en una antigua masía del Gironès, utilizando recetas tradicionales sin gluten ni lactosa.",Consultar web o venta directa,+34972428252,embotitspages@gmail.com,http://www.embotitspages.com,https://www.facebook.com/p/Embotits-PAGES-100068867664018/,https://www.instagram.com/embotits.pages/,https://www.google.com/maps/search/?api=1&query=Embotits%20Pag%C3%A8s%2C%20Canet%20d%27Adri%2C%20Girona,42.0334,2.73712,/productores/catalunya/girona/embotits-pages-canet-d-adri.webp,parcial,no,
embotits-casolans-de-planoles-planoles,Embotits Casolans de Planoles,Planoles,Charcutería,"Pequeña empresa familiar de alta montaña que elabora artesanalmente llonganissa, fuet, bull y botifarra con aires del Pirineo.","Planoles, Girona, España","Productor local artesanal de charcutería en Planoles (Ripollès). Especializado en Pequeña empresa familiar de alta montaña que elabora artesanalmente llonganissa, fuet, bull y botifarra con aires del Pirineo.",Consultar web o venta directa,+34972736224,info@embotitsdeplanoles.com,http://www.embotitsdeplanoles.com,https://www.facebook.com/embotitsdeplanoles/,https://www.instagram.com/embotitsdeplanoles/,https://www.google.com/maps/search/?api=1&query=Embotits%20Casolans%20de%20Planoles%2C%20Planoles%2C%20Girona,42.3163,2.10379,/productores/catalunya/girona/embotits-casolans-de-planoles-planoles.webp,parcial,no,
embotits-i-pates-costabona-camprodon,Embotits i patés Costabona,Camprodon,Charcutería,Tradicional obrador del Ripollès especializado en patés artesanos de montaña y embutidos secos curados con el aire del Valle de Camprodon.,"Camprodon, Girona, España",Productor local artesanal de charcutería en Camprodon (Ripollès). Especializado en Tradicional obrador del Ripollès especializado en patés artesanos de montaña y embutidos secos curados con el aire del Valle de Camprodon.,Consultar web o venta directa,+34972740384,info@costabona.com,https://costabona.com,https://www.facebook.com/embotitscostabona/,https://www.instagram.com/embotitscostabona/,https://www.google.com/maps/search/?api=1&query=Embotits%20i%20pat%C3%A9s%20Costabona%2C%20Camprodon%2C%20Girona,42.3118,2.3648,/productores/catalunya/girona/embotits-i-pates-costabona-camprodon.webp,parcial,no,
anxoves-de-l-escala-sa-l-escala,"Anxoves de l'Escala, S.A.",L'Escala,Pescado y conservas,"Anchoas en aceite, filetes de anchoa, semiconserva","Polígon Industrial Els Recs, carrer dels Boters s/n, 17130 L'Escala, Girona","Empresa activa desde 1940 dedicada a la salazón de anchoas y a la elaboración de filetes semiconservados, marinados y en aceite.",,+34972770146,info@anxovesdelescala.es,https://www.anxovesdelescala.es/,https://www.facebook.com/Anxoves/,https://www.instagram.com/AnxovaEscala/,https://www.google.com/maps/search/?api=1&query=Anxoves%20de%20l'Escala%2C%20S.A.%2C%20L'Escala%2C%20Girona,42.11358,3.13497,/productores/catalunya/girona/anxoves-de-l-escala-sa-l-escala.webp,verificado,no,
girona-fruits-bordils,Girona Fruits,Bordils,Fruta,"Manzana IGP Poma de Girona (Gala, Golden, Red Delicious)","Ctra. de Palamós s/n, 17462 Bordils, Girona",Cooperativa agrícola de Bordils especializada en producción y confección de manzana con el sello IGP Poma de Girona.,,+34972490002,gironafruits@gironafruits.com,https://www.gironafruits.com/,https://www.facebook.com/gironafruits/,https://www.instagram.com/girona.fruits/,https://www.google.com/maps/search/?api=1&query=Girona%20Fruits%2C%20Bordils%2C%20Girona,42.04556,2.91333,/productores/catalunya/girona/girona-fruits-bordils.webp,parcial,no,
fruites-nuria-ventallo,Fruites Núria,Ventalló,Fruta y verdura,Fruta y verdura de temporada de cultivo propio,"Carrer Banyoles 1, 17473 Ventalló, Girona","Empresa familiar fundada en 1992; cultivo propio de fruta y verdura del Empordà madurada al sol, con venta directa y reparto.",,+34972793009,administracio@fruitesnuria.com,https://fruitesnuria.cat/,https://www.facebook.com/fruites.nuria/,https://www.instagram.com/fruites_nuria/,https://www.google.com/maps/search/?api=1&query=Fruites%20N%C3%BAria%2C%20Ventall%C3%B3%2C%20Girona,42.14883,3.0269,/productores/catalunya/girona/fruites-nuria-ventallo.webp,parcial,sí,
parc-agroecologic-emporda-albons,Parc Agroecològic de l'Empordà,Albons,Fruta y verdura,Hortalizas y fruta ecológicas de temporada,"Ctra. d'Albons a l'Escala km 3, 17136 Albons, Girona","Finca de producción agroecológica en marcha desde 2002; más de 30 especies de huerta y frutales, con venta directa y cestas a domicilio.",,+34616693710,,https://www.parcagroecologic.com/,https://www.facebook.com/parc.agroecologic/,https://www.instagram.com/parc_agroecologic/,https://www.google.com/maps/search/?api=1&query=Parc%20Agroecol%C3%B2gic%20de%20l'Empord%C3%A0%2C%20Albons%2C%20Girona,42.10861,3.08111,/productores/catalunya/girona/parc-agroecologic-emporda-albons.webp,parcial,sí,
la-xirivia-cruilles,La Xirivia,"Cruïlles, Monells i Sant Sadurní de l'Heura",Fruta y verdura,Verdura y fruta ecológica de temporada,"Veïnat de Banyeres, 17118 Sant Sadurní de l'Heura, Girona",Huerta agroecológica al pie de les Gavarres; verdura y fruta ecológica de km0 con cestas a domicilio y mercados.,,+34630880881,info@laxirivia.cat,https://www.laxirivia.cat/,https://www.facebook.com/profile.php?id=100063713521385,https://www.instagram.com/laxirivia/,https://www.google.com/maps/search/?api=1&query=La%20Xirivia%2C%20Cru%C3%AFlles%2C%20Monells%20i%20Sant%20Sadurn%C3%AD%20de%20l'Heura%2C%20Girona,41.9564,2.9913,/productores/catalunya/girona/la-xirivia-cruilles.webp,parcial,sí,
oli-el-trull-del-montgri-torroella-de-montgri,Oli El Trull del Montgrí,Torroella de Montgrí,Aceite,Aceite de oliva virgen extra,"Carrer del Riu Ter 6, 17257 Torroella de Montgrí, Girona",Trull familiar de Torroella de Montgrí con tradición desde 1869; aceite de oliva virgen extra 100% natural molido a la piedra.,,+34639241739,hola@olitrulldelmontgri.com,https://www.olitrulldelmontgri.com/,https://www.facebook.com/eltrulldelmontgri/,https://www.instagram.com/trulldelmontgri/,https://www.google.com/maps/search/?api=1&query=Oli%20El%20Trull%20del%20Montgr%C3%AD%2C%20Torroella%20de%20Montgr%C3%AD%2C%20Girona,42.04389,3.12861,,parcial,sí,
can-gaburra-la-vall-d-en-bas,Can Gaburra,La Vall d'en Bas,Charcutería,"Fuet de la Garrotxa, llonganissa de pagès, bull blanc","Can Gaburra s/n, 17179 La Pinya, La Vall d'en Bas, Girona",Embutido artesano de la Garrotxa elaborado con recetas familiares desde 1969; venta directa desde el obrador sin intermediarios.,,,info@cangaburra.com,https://cangaburra.com/,https://www.facebook.com/cangaburra/,https://www.instagram.com/cangaburra/,https://www.google.com/maps/search/?api=1&query=Can%20Gaburra%2C%20La%20Vall%20d'en%20Bas%2C%20Girona,42.11781,2.45884,/productores/catalunya/girona/can-gaburra-la-vall-d-en-bas.webp,parcial,sí,
mas-pares-brunyola,Mas Parés,Brunyola i Sant Martí Sapresa,Pato y derivados,"Foie gras, confits y patés de pato","Mas Parés s/n, 17441 Sant Martí Sapresa, Girona",Elaborador de foie gras y especialidades de pato y oca desde 1978 en una masía del interior de Girona; una de las marcas más premiadas.,dl-dv 9:00–15:00,+34972421877,pedidos@maspares.com,https://www.maspares.com/,https://www.facebook.com/mas.pares,https://www.instagram.com/maspares/,https://www.google.com/maps/search/?api=1&query=Mas%20Par%C3%A9s%2C%20Brunyola%20i%20Sant%20Mart%C3%AD%20Sapresa%2C%20Girona,41.90451,2.68418,/productores/catalunya/girona/mas-pares-brunyola.webp,parcial,sí,
grup-oliveda-capmany,Grup Oliveda (Celler Oliveda),Capmany,Bodega,"Vinos DO Empordà, cava y vermut Brun","Carrer de la Roca 3, 17750 Capmany, Girona","Bodega familiar de Capmany fundada en 1948; vinos DO Empordà, cava y vermut con viñedo propio en el Alt Empordà.",,+34972549012,comercial@grupoliveda.com,https://grupoliveda.com/,https://www.facebook.com/Celler.Oliveda,https://www.instagram.com/grupoliveda/,https://www.google.com/maps/search/?api=1&query=Grup%20Oliveda%20(Celler%20Oliveda)%2C%20Capmany%2C%20Girona,42.37611,2.92139,/productores/catalunya/girona/grup-oliveda-capmany.webp,parcial,no comprobado,
arros-mas-pla-pals,Arròs Mas Pla,Pals,Arroz,"Arroz Bahia, Onice semilargo y Bomba","Campos de cultivo de Pals, 17256 Pals, Girona",Centro de producción propio del Grupo Disbesa que cultiva arroz en campos de Pals y cuenta con certificación GLOBALG.A.P.,,+34900926177,info@arrosmaspla.com,https://www.arrosmaspla.com/,,,https://www.google.com/maps/search/?api=1&query=Arr%C3%B2s%20Mas%20Pla%2C%20Pals%2C%20Girona,41.97167,3.15,/productores/catalunya/girona/arros-mas-pla-pals.webp,verificado,sí,ecommerce
arros-avi-trias-pals,Arròs Avi Trias,Pals,Arroz,Arroz de Pals y arroz integral,"Carrer dels Horts, 15, 17256 Pals, Girona","Proyecto arrocero de la familia Trias, con tres generaciones de cultivo en los humedales del entorno de Pals y el Baix Ter.",,+34972637516,info@arrosdepals.com,http://www.arrosdepals.com/,,,https://www.google.com/maps/search/?api=1&query=Arr%C3%B2s%20Avi%20Trias%2C%20Carrer%20dels%20Horts%2015%2C%2017256%20Pals%2C%20Girona,41.97167,3.15,,verificado,sí,email
can-bech-palafrugell,Can Bech,Palafrugell,Mermeladas,"Mermeladas, chutneys y salsas gourmet","Carrer del Trefí 12, 17200 Palafrugell, Girona","Empresa familiar del Empordà (origen en Fontanilles, 1981) que elabora mermeladas, chutneys, salsas gourmet y figues confitades.",,+34972761812,canbech@canbech.com,https://canbech.com/,https://www.facebook.com/CanBech/,https://www.instagram.com/canbech/,https://www.google.com/maps/search/?api=1&query=Can%20Bech%2C%20Palafrugell%2C%20Girona,41.92578,3.15728,/productores/catalunya/girona/can-bech-palafrugell.webp,parcial,sí,
ca-la-conxita-les-escaules,Ca La Conxita,Boadella i les Escaules,Mermeladas,Mermeladas y confituras artesanas,"Carrer d'Amunt 13, 17723 Les Escaules, Boadella i les Escaules, Girona","Pequeño obrador de Les Escaules que elabora mermeladas artesanas con fruta local, solo con azúcar y zumo de limón, según receta tradicional.",,+34972671147,info@calaconxita.cat,https://calaconxita.cat/,,https://www.instagram.com/calaconxita_lesescaules/,https://www.google.com/maps/search/?api=1&query=Ca%20La%20Conxita%2C%20Boadella%20i%20les%20Escaules%2C%20Girona,42.33139,2.85694,/productores/catalunya/girona/ca-la-conxita-les-escaules.webp,parcial,no,
museu-de-la-confitura-torrent,Museu de la Confitura,Torrent,Mermeladas,Confituras y mermeladas artesanas (+140 variedades),"17123 Torrent, Girona","Obrador, tienda y museo de la confitura en Torrent (Baix Empordà) fundado por Georgina Regàs; más de 140 variedades artesanas.",,,,https://www.museuconfitura.com/,https://www.facebook.com/museudelaconfitura/,https://www.instagram.com/museudelaconfitura/,https://www.google.com/maps/search/?api=1&query=Museu%20de%20la%20Confitura%2C%20Torrent%2C%20Girona,41.9525,3.12778,/productores/catalunya/girona/museu-de-la-confitura-torrent.webp,parcial,sí,
gelats-dliri-serra-de-daro,Gelats D'Liri,Serra de Daró,Helados,Helados artesanos y horchata natural,"Carrer Riells 3, nau 2, 17133 Serra de Daró, Girona",Negocio familiar del Empordà con obrador propio en Serra de Daró; helados artesanos y horchata natural con producto local.,,+34872201684,zuccherogelats@gmail.com,https://gelatsdliri.com/,,https://www.instagram.com/gelatsdliri/,https://www.google.com/maps/search/?api=1&query=Gelats%20D'Liri%2C%20Serra%20de%20Dar%C3%B3%2C%20Girona,42.02944,3.07361,/productores/catalunya/girona/gelats-dliri-serra-de-daro.webp,parcial,no,
gelats-janeret-banyoles,Gelats Janeret,Banyoles,Helados,Helados artesanos con leche fresca km0,"Passeig Darder 50, 17820 Banyoles, Girona",Heladería artesana de Banyoles con obrador propio; helados elaborados con leche fresca de Granja Mas Colomer (Esponellà).,,,,,https://www.facebook.com/gelatsjaneret/,,https://www.google.com/maps/search/?api=1&query=Gelats%20Janeret%2C%20Banyoles%2C%20Girona,42.11944,2.76639,,parcial,no,
herbes-de-l-emporda-la-bisbal-d-emporda,Herbes de l'Empordà,La Bisbal d'Empordà,Sal y condimentos,"Sal con hierbas del Empordà, escamas de sal","La Bisbal d'Empordà, Girona","Productor de La Bisbal con sal y hierbas mediterráneas (romero, sajolida, tomillo, mejorana, menta e hinojo) de pequeños productores del Empordà.",,,,https://herbesemporda.com/,,https://www.instagram.com/herbesdelemporda/,https://www.google.com/maps/search/?api=1&query=Herbes%20de%20l'Empord%C3%A0%2C%20La%20Bisbal%20d'Empord%C3%A0%2C%20Girona,41.95901,3.03778,/productores/catalunya/girona/herbes-de-l-emporda-la-bisbal-d-emporda.webp,parcial,sí,
cargols-de-lluena-camallera,Cargols de Lluena,"Saus, Camallera i Llampaies",Caracoles,Cargol bover ecológico (Helix aspersa),"Carrer del Raval 12, 17465 Camallera, Girona","Primera granja de caracoles ecológicos de Cataluña, en Camallera; cría de cargol bover con certificación CCPAE.",,+34972794006,info@cargolsdelluena.com,https://www.productesdelluena.com/,https://www.facebook.com/p/Cargols-de-Lluena-100078084014703/,https://www.instagram.com/cargolsdelluena/,https://www.google.com/maps/search/?api=1&query=Cargols%20de%20Lluena%2C%20Saus%2C%20Camallera%20i%20Llampaies%2C%20Girona,42.13187,2.98089,/productores/catalunya/girona/cargols-de-lluena-camallera.webp,parcial,no comprobado,
cargol-bover-sant-andreu-salou,Cargol Bover,Sant Andreu Salou,Caracoles,Cargol bover (Helix aspersa),"Sant Andreu Salou, Girona",Granja de helicicultura en Sant Andreu Salou en marcha desde 2005; cría completa de cargol bover con venta directa y visitas guiadas.,,,,,,,https://www.google.com/maps/search/?api=1&query=Cargol%20Bover%2C%20Sant%20Andreu%20Salou%2C%20Girona,41.875,2.82667,,parcial,no,
aigua-de-salenys-s-l-llagostera,"Aigua de Salenys, SL",Llagostera,Agua mineral natural,Aigua de Salenys - agua mineral con gas natural,"Veïnat de Penedes 5, PEIN les Gavarres, 17240 Llagostera, Girona",Manantial histórico de Llagostera explotado desde 1823; agua mineral natural con gas carbónico propio en el entorno de les Gavarres.,,+34872096502,salenys@salenys.es,https://www.salenys.com,https://www.facebook.com/Salenys,https://www.instagram.com/aigua_de_salenys/,https://www.google.com/maps/search/?api=1&query=Aigua%20de%20Salenys%2C%20SL%2C%20Ve%C3%AFnat%20de%20Penedes%205%2C%20PEIN%20les%20Gavarres%2C%2017240%20Llagostera%2C%20Girona%2C%20Llagostera%2C%20Girona,41.8398668,2.9663257,/productores/catalunya/girona/aigua-de-salenys-s-l-llagostera.webp,parcial,no,
aigues-minerals-de-vilajuiga-vilajuiga,Aigües Minerals de Vilajuïga,Vilajuïga,Agua mineral natural,Aigua de Vilajuïga con gas natural,"Carrer Sant Sebastià 2, 17493 Vilajuïga, Girona","Empresa histórica de agua mineral carbónica natural de Vilajuïga, embotellada en el Alt Empordà y reconocida por su gas propio.",,+34972530006,info@vilajuiga.com,https://www.vilajuiga.com,,https://www.instagram.com/vilajuiga/,https://www.google.com/maps/search/?api=1&query=Aig%C3%BCes%20Minerals%20de%20Vilaju%C3%AFga%2C%20Carrer%20Sant%20Sebasti%C3%A0%202%2C%2017493%20Vilaju%C3%AFga%2C%20Girona%2C%20Vilaju%C3%AFga%2C%20Girona,42.3261246,3.0935747,/productores/catalunya/girona/aigues-minerals-de-vilajuiga-vilajuiga.webp,parcial,sí,
alma-teas-herbal-infusions-aiguaviva,Alma Teas & Herbal Infusions,Aiguaviva,Infusiones,Ratafia fórmula original,"Carrer Barcelona 11, Polígon Industrial Mas Aliu, 17181 Aiguaviva, Girona","Línea de infusiones de Coffee Center en Aiguaviva, elaborador gerundense de cafés, tés e infusiones con producto de proximidad.",,+34972236868,coffee-center@coffee-center.es,https://www.coffee-center.es,,https://www.instagram.com/coffeecentereco/,https://www.google.com/maps/search/?api=1&query=Alma%20Teas%20%26%20Herbal%20Infusions%2C%20Carrer%20Barcelona%2011%2C%20Pol%C3%ADgon%20Industrial%20Mas%20Aliu%2C%2017181%20Aiguaviva%2C%20Girona%2C%20Aiguaviva%2C%20Girona,41.9458843,2.7817165,/productores/catalunya/girona/alma-teas-herbal-infusions-aiguaviva.webp,parcial,no,
antoni-izquierdo-gourmet-palamos,Antoni Izquierdo Gourmet,Palamós,Platos preparados,"Sofregit de gamba de Palamós, carpaccio de gamba, croquetas y conservas gourmet","Mas dels Arcs, C-31 sortida 328, 17230 Palamós, Girona","Obrador gourmet de Antoni Izquierdo especializado en elaboraciones con gamba de Palamós, sofritos y conservas preparadas para cocina de calidad.",,+34972315135,sofregitstoni@gmail.com,https://www.antoniizquierdo.com/,https://www.facebook.com/antoniizquierdogourmet,https://www.instagram.com/antoniizquierdogourmet/,https://www.google.com/maps/search/?api=1&query=Antoni%20Izquierdo%20Gourmet%2C%20Mas%20dels%20Arcs%2C%20C-31%20sortida%20328%2C%2017230%20Palam%C3%B3s%2C%20Girona%2C%20Palam%C3%B3s%2C%20Girona,41.84583,3.12889,/productores/catalunya/girona/antoni-izquierdo-gourmet-palamos.webp,parcial,sí,
anxoves-de-roses-conserves-bahia-roses,Anxoves de Roses - Conserves Bahia,Roses,Pescado y conservas,Anxoves en sal,"Carrer Doctor Ferran 10, 17480 Roses, Girona",Marca de conservas de Peixos Mar Pla dedicada a la anchoa de Roses y otras conservas marineras de la Costa Brava.,,+34972254949,info@anxovesderoses.com,https://www.anxovesderoses.com/,https://www.facebook.com/anxovesderoses,https://www.instagram.com/anxovesderoses_peixosmarpla/,https://www.google.com/maps/search/?api=1&query=Anxoves%20de%20Roses%20-%20Conserves%20Bahia%2C%20Carrer%20Doctor%20Ferran%2010%2C%2017480%20Roses%2C%20Girona%2C%20Roses%2C%20Girona,42.2654661,3.1778118,/productores/catalunya/girona/anxoves-de-roses-conserves-bahia-roses.webp,parcial,sí,
carnisseria-alemany-girona,Carnisseria Alemany,Girona,Charcutería,Pa de fetge,"Plaça Calvet i Rubalcaba 15, Mercat del Lleó, parades 141-142, 17002 Girona","Carnicería artesana fundada en 1998 en el Mercat del Lleó de Girona, con obrador en Banyoles y especialidad en embutidos tradicionales.",,+34972219349,xalemany@gmail.com,https://carnisseriaalemany.cat/,,https://www.instagram.com/carnisseriaalemany/,https://www.google.com/maps/search/?api=1&query=Carnisseria%20Alemany%2C%20Pla%C3%A7a%20Calvet%20i%20Rubalcaba%2015%2C%20Mercat%20del%20Lle%C3%B3%2C%20parades%20141-142%2C%2017002%20Girona%2C%20Girona%2C%20Girona,41.9791530,2.8225516,/productores/catalunya/girona/carnisseria-alemany-girona.webp,parcial,sí,
casa-negre-la-bisbal-d-emporda,Casa Negre,La Bisbal d'Empordà,Bebidas,Gasosa Casa Negre,"Carrer Rec de Can Tunyeca 40, 17100 La Bisbal d'Empordà, Girona","Fábrica histórica de gasosas y sifones de La Bisbal d'Empordà, activa desde 1926 y con reparto propio a particulares y hostelería.",,+34972640147,casanegre@casanegre.com,https://www.casanegre.com/,,,https://www.google.com/maps/search/?api=1&query=Casa%20Negre%2C%20Carrer%20Rec%20de%20Can%20Tunyeca%2040%2C%2017100%20La%20Bisbal%20d%27Empord%C3%A0%2C%20Girona%2C%20La%20Bisbal%20d%27Empord%C3%A0%2C%20Girona,41.9600031,3.0428705,/productores/catalunya/girona/casa-negre-la-bisbal-d-emporda.webp,parcial,sí,
casatoc-al-mar-begur,CasaTOC al Mar,Begur,Platos preparados,Pâté en croûte d'Albert Boronat,"Lloc Platja d'Aiguablava 8, 17255 Begur, Girona","Obrador vinculado a Toc al Mar que elabora platos preparados gourmet, incluido el pâté en croûte de Albert Boronat.",,+34689670506,info@casatoc.cat,https://www.casatoc.cat/,,https://www.instagram.com/casa_toc/,https://www.google.com/maps/search/?api=1&query=CasaTOC%20al%20Mar%2C%20Lloc%20Platja%20d%27Aiguablava%208%2C%2017255%20Begur%2C%20Girona%2C%20Begur%2C%20Girona,41.9335482,3.2160910,,parcial,sí,
castanya-de-viladrau-viladrau,Castanya de Viladrau,Viladrau,Frutos secos,Castanya torrada ECO,"Carretera de les Afores s/n, Mas Vidal, 17406 Viladrau, Girona","Centro de manipulación y recuperación de la castaña de Viladrau, con productos ecológicos de castaña y derivados del Montseny.",,+34938848395,info@castanyadeviladrau.cat,https://castanyadeviladrau.cat/,https://www.facebook.com/castanyaviladrau,https://www.instagram.com/castanyadeviladrau/,https://www.google.com/maps/search/?api=1&query=Castanya%20de%20Viladrau%2C%20Carretera%20de%20les%20Afores%20s/n%2C%20Mas%20Vidal%2C%2017406%20Viladrau%2C%20Girona%2C%20Viladrau%2C%20Girona,41.84771,2.39034,/productores/catalunya/girona/castanya-de-viladrau-viladrau.webp,parcial,sí,
celler-viniric-calonge-i-sant-antoni,Celler Viníric,Calonge i Sant Antoni,Bodega,Propòsit blanc y Eterna Bellesa Dolça Natural,"Carrer Ebre s/n, 17251 Calonge, Girona","Bodega de Calonge centrada en vinos DO Empordà de viñedo propio, variedades autóctonas y elaboraciones de mínima intervención.",,+34699134064,david@viniric.cat,https://viniric.cat/,https://www.facebook.com/CellerViniric,https://www.instagram.com/viniric_celler/,https://www.google.com/maps/search/?api=1&query=Celler%20Vin%C3%ADric%2C%20Carrer%20Ebre%20s/n%2C%2017251%20Calonge%2C%20Girona%2C%20Calonge%20i%20Sant%20Antoni%2C%20Girona,41.8612765,3.0635940,/productores/catalunya/girona/celler-viniric-calonge-i-sant-antoni.webp,parcial,sí,
comestibles-i-carnisseria-pilar-coll-osor,Comestibles i Carnisseria Pilar Coll,Osor,Charcutería,Botifarra de perol,"Carrer de la Riera 10, 17166 Osor, Girona","Carnicería y tienda de comestibles de Osor, heredera de Can Pau, con elaboración artesana de embutidos tradicionales.",,+34620592989,,,,https://www.instagram.com/canpau_osor/,https://www.google.com/maps/search/?api=1&query=Comestibles%20i%20Carnisseria%20Pilar%20Coll%2C%20Carrer%20de%20la%20Riera%2010%2C%2017166%20Osor%2C%20Girona%2C%20Osor%2C%20Girona,41.9459522,2.5556829,,parcial,no,
cuinats-jotri-juia,Cuinats Jotri,Juià,Platos preparados,"Fumet, sofritos, caldo, escudella y vedella amb bolets","Mas Saguer 1, 17462 Juià, Girona","Empresa familiar de platos preparados nacida en 1982 y especializada en cocina catalana lista para consumir, fresca y ultracongelada.",,+34972396561,contacte@cuinatsjotri.cat,https://cuinatsjotri.cat/,https://www.facebook.com/cuinatsjotri,https://www.instagram.com/cuinatsjotri/,https://www.google.com/maps/search/?api=1&query=Cuinats%20Jotri%2C%20Mas%20Saguer%201%2C%2017462%20Jui%C3%A0%2C%20Girona%2C%20Jui%C3%A0%2C%20Girona,42.0229526,2.9052293,/productores/catalunya/girona/cuinats-jotri-juia.webp,parcial,sí,
embotits-boada-porcel-vilobi-d-onyar,Embotits Boada Porcel,Vilobí d'Onyar,Charcutería,Bombes de fuet dolç con chocolate y avellanas,"Carrer Sant Narcís 10, 17185 Vilobí d'Onyar, Girona","Obrador y tienda física de embutidos artesanos en Vilobí d'Onyar, con especialidades de charcutería creativa y tradicional.",,+34972473335,info@boadaporcel.com,https://www.boadaporcel.com/ca/,,https://www.instagram.com/embotitsboadaporcel/,https://www.google.com/maps/search/?api=1&query=Embotits%20Boada%20Porcel%2C%20Carrer%20Sant%20Narc%C3%ADs%2010%2C%2017185%20Vilob%C3%AD%20d%27Onyar%2C%20Girona%2C%20Vilob%C3%AD%20d%27Onyar%2C%20Girona,41.8883960,2.7411365,/productores/catalunya/girona/embotits-boada-porcel-vilobi-d-onyar.webp,parcial,no,
emporarom-aromes-de-l-emporda-l-escala,Emporarom - Aromes de l'Empordà,L'Escala,Aromáticas y condimentos,Barreja per a carn i pasta,"Camí Vell de les Corts s/n, 17130 L'Escala, Girona","Proyecto del Camp de les Aromes dedicado al cultivo y divulgación de plantas aromáticas, medicinales y culinarias del Empordà.",,+34699690885,info@emporarom.com,https://www.emporarom.com,,https://www.instagram.com/emporarom/,https://www.google.com/maps/search/?api=1&query=Emporarom%20-%20Aromes%20de%20l%27Empord%C3%A0%2C%20Cam%C3%AD%20Vell%20de%20les%20Corts%20s/n%2C%2017130%20L%27Escala%2C%20Girona%2C%20L%27Escala%2C%20Girona,42.1319580,3.1133740,/productores/catalunya/girona/emporarom-aromes-de-l-emporda-l-escala.webp,parcial,sí,
l-hort-de-les-mulleres-la-vall-de-bianya,L'Hort de les Mulleres,La Vall de Bianya,Conservas y huerta,"Bitxo de Girona, col confitada, fesol pequeño y tomate natural artesanal","Can Mulleres, 17857 La Canya, La Vall de Bianya, Girona",Proyecto de Verdures de la Canya dedicado a transformar excedentes de huerta en conservas artesanas de la Garrotxa.,,+34609373944,,https://www.verduresdelacanya.cat/,,https://www.instagram.com/verdures_de_la_canya/,https://www.google.com/maps/search/?api=1&query=L%27Hort%20de%20les%20Mulleres%2C%20Can%20Mulleres%2C%2017857%20La%20Canya%2C%20La%20Vall%20de%20Bianya%2C%20Girona%2C%20La%20Vall%20de%20Bianya%2C%20Girona,42.2053197,2.4967589,/productores/catalunya/girona/l-hort-de-les-mulleres-la-vall-de-bianya.webp,parcial,no,
la-galeta-artesana-girona,La Galeta Artesana,Girona,Dulces,Ametllats y galletas artesanas,"Carrer Bisbe Lorenzana 22 baixos, 17002 Girona","Obrador abierto al público en Girona especializado en galletas artesanas dulces, saladas e integrales elaboradas con producto de proximidad.",,+34972092403,info@lagaletaartesana.cat,https://www.lagaletaartesana.cat/ca/index.html,,https://www.instagram.com/lagaletaartesana/,https://www.google.com/maps/search/?api=1&query=La%20Galeta%20Artesana%2C%20Carrer%20Bisbe%20Lorenzana%2022%20baixos%2C%2017002%20Girona%2C%20Girona%2C%20Girona,41.9782328,2.8218758,/productores/catalunya/girona/la-galeta-artesana-girona.webp,parcial,no,
la-sobirana-cooperativa-santa-coloma-de-farners,La Sobirana Cooperativa,Santa Coloma de Farners,Licores,Ratafia La Penjada,"Carrer del Centre 37, 17430 Santa Coloma de Farners, Girona","Cooperativa de Santa Coloma de Farners nacida en 2018 y dedicada a ratafías, licores y cultura cooperativa de la ratafia.",,,info@lasobirana.cat,https://lasobirana.cat/,https://www.facebook.com/LaSobiranaCoop,https://www.instagram.com/lasobirana/,https://www.google.com/maps/search/?api=1&query=La%20Sobirana%20Cooperativa%2C%20Carrer%20del%20Centre%2037%2C%2017430%20Santa%20Coloma%20de%20Farners%2C%20Girona%2C%20Santa%20Coloma%20de%20Farners%2C%20Girona,41.8623012,2.6637549,/productores/catalunya/girona/la-sobirana-cooperativa-santa-coloma-de-farners.webp,parcial,sí,
llivins-llivia,Llívins,Llívia,Bodega,Floc DGel,"Llívia, Girona",Proyecto vinícola de Llívia asociado a vinos de hielo y elaboraciones de alta montaña; pendiente de completar web oficial y dirección pública.,,,,,,https://www.instagram.com/llivins_/,https://www.google.com/maps/search/?api=1&query=Ll%C3%ADvins%2C%20Ll%C3%ADvia%2C%20Girona%2C%20Ll%C3%ADvia%2C%20Girona,42.4640786,1.9804293,,parcial,no comprobado,
mas-fuertes-corca,Mas Fuertes,Corçà,Miel,Mel de mil flors,"Carrer del Rissec 4, 17121 Corçà, Girona","Finca ecológica del Empordà con viñedo, olivar y colmenas, productora de miel, aceites y vinos de elaboración propia.",,+34625382109,info@masfuertes.com,https://masfuertes.com/,https://www.facebook.com/masfuertesvineyard,https://www.instagram.com/masfuertesestate/,https://www.google.com/maps/search/?api=1&query=Mas%20Fuertes%2C%20Carrer%20del%20Rissec%204%2C%2017121%20Cor%C3%A7%C3%A0%2C%20Girona%2C%20Cor%C3%A7%C3%A0%2C%20Girona,41.9805412,3.0220063,/productores/catalunya/girona/mas-fuertes-corca.webp,parcial,sí,
masia-emporda-figueres,Masia Empordà,Figueres,Charcutería,Botifarra blanca y botifarra negra,"Carretera de Roses s/n, 17600 Figueres, Girona","Marca de Fricash de Carns dedicada a charcutería y carne de proximidad, con tiendas propias en Figueres y Girona.",,+34972501101,info@masiaemporda.com,https://www.masiaemporda.com/,https://www.facebook.com/masiaemporda,https://www.instagram.com/masiaemporda/,https://www.google.com/maps/search/?api=1&query=Masia%20Empord%C3%A0%2C%20Carretera%20de%20Roses%20s/n%2C%2017600%20Figueres%2C%20Girona%2C%20Figueres%2C%20Girona,42.2668951,2.9840279,/productores/catalunya/girona/masia-emporda-figueres.webp,parcial,sí,
melmelades-artesanes-la-vall-del-llemena-sant-marti-de-llemena,Melmelades Artesanes La Vall del Llémena,Sant Martí de Llémena,Mermeladas,Figues confitades amb ratafia,"GI-531, 17153 Sant Martí de Llémena, Girona","Obrador rural de conservas y mermeladas artesanas de temporada en la Vall del Llémena, con tienda online propia.",,+34674203880,melmeladeslavalldelllemena@gmail.com,https://www.melmeladeslavalldelllemena.com/,https://www.facebook.com/melmeladeslavalldelllemena,https://www.instagram.com/melmelades_lavalldelllemena/,https://www.google.com/maps/search/?api=1&query=Melmelades%20Artesanes%20La%20Vall%20del%20Ll%C3%A9mena%2C%20GI-531%2C%2017153%20Sant%20Mart%C3%AD%20de%20Ll%C3%A9mena%2C%20Girona%2C%20Sant%20Mart%C3%AD%20de%20Ll%C3%A9mena%2C%20Girona,42.0256601,2.6659856,/productores/catalunya/girona/melmelades-artesanes-la-vall-del-llemena-sant-marti-de-llemena.webp,parcial,sí,
mont-corb-sils,Mont-Corb,Sils,Charcutería,Pernil cuit extra 100% Duroc,"Carrer Jacint Verdaguer 18, 17410 Sils, Girona","Marca de alta charcutería de Capdevila Germans, empresa familiar de Sils especializada en jamón cocido y derivados cárnicos.",,+34972853051,info@mont-corb.com,https://www.mont-corb.com/,,https://www.instagram.com/capdevilagns/,https://www.google.com/maps/search/?api=1&query=Mont-Corb%2C%20Carrer%20Jacint%20Verdaguer%2018%2C%2017410%20Sils%2C%20Girona%2C%20Sils%2C%20Girona,41.8090440,2.7445907,/productores/catalunya/girona/mont-corb-sils.webp,parcial,no,
nuasets-brunyola,Nuasets,Brunyola i Sant Martí Sapresa,Frutos secos,Avellana tostada y pasta pura de avellana,"Mas Aulé s/n, 17441 Brunyola, Girona","Proyecto de Esclovellana dedicado a la avellana de Brunyola, con elaboración propia y visitas entre avellanos.",,+34621277786,nuasets@nuasets.com,https://www.nuasets.cat,https://www.facebook.com/nuasets,https://www.instagram.com/nuasets/,https://www.google.com/maps/search/?api=1&query=Nuasets%2C%20Mas%20Aul%C3%A9%20s/n%2C%2017441%20Brunyola%2C%20Girona%2C%20Brunyola%20i%20Sant%20Mart%C3%AD%20Sapresa%2C%20Girona,41.90451,2.68418,/productores/catalunya/girona/nuasets-brunyola.webp,parcial,sí,
pere-guardiola-capmany,Pere Guardiola,Capmany,Bodega,Anhel d'Empordà blanc y Moscatell Torre de Capmany,"Ctra. GI-602 km 2,9, 17750 Capmany, Girona","Bodega familiar de Capmany dedicada a vinos DO Empordà y vinos dulces tradicionales, con visitas y tienda en bodega.",,+34972549096,vins@pereguardiola.com,http://www.pereguardiola.com/,,https://www.instagram.com/pereguardiola_celler/,https://www.google.com/maps/search/?api=1&query=Pere%20Guardiola%2C%20Ctra.%20GI-602%20km%202%2C9%2C%2017750%20Capmany%2C%20Girona%2C%20Capmany%2C%20Girona,42.3735172,2.9229969,/productores/catalunya/girona/pere-guardiola-capmany.webp,parcial,no,
pernils-can-mateu-olot,Pernils Can Mateu,Olot,Charcutería,Pernil de Can Mateu,"Carrer Antoni Gaudí 12, 17800 Olot, Girona",Obrador de jamones y embutidos de la Garrotxa con tradición familiar desde principios del siglo XX y tienda online propia.,,+34972269483,info@pernilscanmateu.com,https://pernilscanmateu.com/,,https://www.instagram.com/elspernilsdecanmateu/,https://www.google.com/maps/search/?api=1&query=Pernils%20Can%20Mateu%2C%20Carrer%20Antoni%20Gaud%C3%AD%2012%2C%2017800%20Olot%2C%20Girona%2C%20Olot%2C%20Girona,42.1662238,2.4715130,/productores/catalunya/girona/pernils-can-mateu-olot.webp,parcial,sí,
pibernat-olot,Pibernat,Olot,Platos preparados,Costelló de porc Duroc y estofat de llenties,"Carrer Mestre Turina 79, 17800 Olot, Girona","Empresa familiar de Olot especializada en conservas y platos preparados naturales, cocinados a baja temperatura y vendidos online.",,+34679273139,online@pibernat.es,https://www.pibernat.es/ca,,https://www.instagram.com/pibernat_alimentaria/,https://www.google.com/maps/search/?api=1&query=Pibernat%2C%20Carrer%20Mestre%20Turina%2079%2C%2017800%20Olot%2C%20Girona%2C%20Olot%2C%20Girona,42.191205,2.505749,/productores/catalunya/girona/pibernat-olot.webp,parcial,sí,
quim-matas-la-bisbal-d-emporda,Quim Matas,La Bisbal d'Empordà,Salsas,Salsa per a macarrons,"Carrer Jaume II 24, 17100 La Bisbal d'Empordà, Girona","Carnicería y obrador de platos cocinados de La Bisbal, reconocido por sus sofritos y salsas de base tradicional empordanesa.",,+34621267773,info@elsofregit.com,https://www.elsofregit.com/,https://www.facebook.com/sofregitquimmatas,https://www.instagram.com/sofregitquimmatas/,https://www.google.com/maps/search/?api=1&query=Quim%20Matas%2C%20Carrer%20Jaume%20II%2024%2C%2017100%20La%20Bisbal%20d%27Empord%C3%A0%2C%20Girona%2C%20La%20Bisbal%20d%27Empord%C3%A0%2C%20Girona,41.9640938,3.0406601,,parcial,sí,
red-passion-berries-viladrau,Red Passion Berries,Viladrau,Mermeladas,Melmelada de gerds,"Mas el Pujol de Muntanya, 17406 Viladrau, Girona",Pequeña explotación ecológica de frambuesas en Viladrau que transforma su fruta en mermeladas artesanas y otros elaborados.,,+34627866389,rpb.viladrau@gmail.com,https://redpassionberries.com/,https://www.facebook.com/p/Red-Passion-Berries-100084792219734/,https://www.instagram.com/red_passion_berries/,https://www.google.com/maps/search/?api=1&query=Red%20Passion%20Berries%2C%20Mas%20el%20Pujol%20de%20Muntanya%2C%2017406%20Viladrau%2C%20Girona%2C%20Viladrau%2C%20Girona,41.8282419,2.3868658,,parcial,sí,
sa-tuna-gin-forallac,Sa Tuna Gin,Forallac,Destilados y licores,Sa Tuna Gin,"Carrer dels Oms 10, Polígon Industrial V2, nau 22, Vulpellac, 17111 Forallac, Girona",Ginebra artesanal nacida en el Empordà y destilada en Vulpellac con botánicos mediterráneos inspirados en la Costa Brava.,,+34972646615,satuna@satunagin.com,https://satunagin.com/,,https://www.instagram.com/satunagin/,https://www.google.com/maps/search/?api=1&query=Sa%20Tuna%20Gin%2C%20Carrer%20dels%20Oms%2010%2C%20Pol%C3%ADgon%20Industrial%20V2%2C%20nau%2022%2C%20Vulpellac%2C%2017111%20Forallac%2C%20Girona%2C%20Forallac%2C%20Girona,41.9538997,3.0689165,,parcial,sí,
salt-del-sallent-olot,El Salt del Sallent,Olot,Platos preparados,Brandada de bacalao y patates d'Olot,"Carrer del Vallespir 17, Polígon Industrial La Canya, 17800 Olot, Girona","Empresa de Olot dedicada desde 1996 a productos precocinados congelados, con especialidad en cocina tradicional y patatas rellenas.",,+34972273845,,https://www.saltdelsallent.com/,,,https://www.google.com/maps/search/?api=1&query=El%20Salt%20del%20Sallent%2C%20Carrer%20del%20Vallespir%2017%2C%20Pol%C3%ADgon%20Industrial%20La%20Canya%2C%2017800%20Olot%2C%20Girona%2C%20Olot%2C%20Girona,42.1998715,2.4960509,,parcial,no,
sweet-virginia-girona,Sweet Virginia,Girona,Dulces,Carquinyolis de fajol,Obrador sin dirección pública; Girona,Obrador artesano de galletas y dulces con productos como carquinyolis de trigo sarraceno y tienda online propia.,,,info@sweetvirginia.cat,https://sweetvirginia.cat/ca/,,https://www.instagram.com/sweetvirginia.cat/,https://www.google.com/maps/search/?api=1&query=Sweet%20Virginia%2C%20Obrador%20sin%20direcci%C3%B3n%20p%C3%BAblica%3B%20Girona%2C%20Girona%2C%20Girona,41.98333,2.81667,/productores/catalunya/girona/sweet-virginia-girona.webp,parcial,sí,
tegust-nature-la-bisbal-d-emporda,TeGust Nature,La Bisbal d'Empordà,Infusiones,Digest Bio con camamilla de Linyola y marialluïsa Bio de l'Empordà,"Polígon Industrial A1, C/ de les Remeieres 22, 17100 La Bisbal d'Empordà, Girona",Marca de infusiones y tés ecológicos elaborados en La Bisbal d'Empordà con plantas aromáticas de proximidad y valor social.,,+34972104504,info@tegust.com,https://tegust.com,,https://www.instagram.com/tegustinfusions/,https://www.google.com/maps/search/?api=1&query=TeGust%20Nature%2C%20Pol%C3%ADgon%20Industrial%20A1%2C%20C/%20de%20les%20Remeieres%2022%2C%2017100%20La%20Bisbal%20d%27Empord%C3%A0%2C%20Girona%2C%20La%20Bisbal%20d%27Empord%C3%A0%2C%20Girona,41.9714194,3.0305219,,parcial,sí,
apicola-gironina-vilobi-d-onyar,Apícola Gironina,Vilobí d'Onyar,Miel,"Miel Mel del Mas, Pólen, Propóleo Propolit","Carretera N-156, km 1.5, 17185 Vilobí d'Onyar, Girona",Empresa apícola de Vilobí d'Onyar; mieles bajo la marca Mel del Mas y productos de propóleo bajo la marca Propolit.,,+34669461234,,https://apicolagironina.com/,https://www.facebook.com/apicolagironina.meldelmas/,,https://www.google.com/maps/search/?api=1&query=Ap%C3%ADcola%20Gironina%2C%20Carretera%20N-156%2C%20Vilob%C3%AD%20d'Onyar%2C%20Girona,41.88889,2.7425,/productores/catalunya/girona/apicola-gironina-vilobi-d-onyar.webp,parcial,no comprobado,
gelada-carns-olot,Gelada Carns,Olot,Carne,"Ternera de proximidad, Cordero de la Garrotxa","C/ Compositor Pere Aubert, 58, 1r 1a, 17800 Olot, Girona","Empresa familiar ganadera de Olot (Gelada Explotacions); ternera y cordero de granjas propias en la Garrotxa y l'Alt Empordà, con venta directa a domicilio.",,+34972264051,geladaexplotasl@terra.es,https://geladacarns.es/,,https://www.instagram.com/vedelladaqui.cat/,https://www.google.com/maps/search/?api=1&query=Gelada%20Carns%2C%20C%2F%20Compositor%20Pere%20Aubert%2C%2058%2C%20Olot%2C%20Girona,42.18219,2.48902,,parcial,no comprobado,
salar-d-arbucies-arbucies,Salar d'Arbúcies,Arbúcies,Aceite,"Aceite de oliva virgen extra ecológico OVA, variedad autóctona Salar","El Ventaiol, s/n, 17401 Arbúcies, Girona",Proyecto oleícola en la Vall d'Arbúcies (Montseny) que recupera la variedad de oliva autóctona Salar; AOVE ecológico OVA con tienda online propia.,,+34635610182,salardarbucies@gmail.com,https://www.salardarbucies.com/,,https://www.instagram.com/salardarbucies,https://www.google.com/maps/search/?api=1&query=Salar%20d'Arb%C3%BAcies%2C%20El%20Ventaiol%2C%20Arb%C3%BAcies%2C%20Girona,41.81611,2.51417,/productores/catalunya/girona/salar-d-arbucies-arbucies.webp,parcial,sí,
cosmic-vinyaters-agullana,Còsmic Vinyaters,Agullana,Bodega,"Vinos integrales monovarietales, Vinos naturales de mínima intervención","Plaça Maria Teresa Pallejà, 3, 17707 Agullana, Girona","Bodega de vinos naturales en Agullana (Alt Empordà); vinos integrales y puros monovarietales de mínima intervención, con venta directa por WhatsApp.",,+34639338176,info@cosmic.cat,https://cosmic.cat/,https://www.facebook.com/cosmicceller,https://www.instagram.com/cosmicceller,https://www.google.com/maps/search/?api=1&query=C%C3%B2smic%20Vinyaters%2C%20Pla%C3%A7a%20Maria%20Teresa%20Pallej%C3%A0%2C%203%2C%20Agullana%2C%20Girona,42.39378,2.84668,/productores/catalunya/girona/cosmic-vinyaters-agullana.webp,parcial,no,
jaume-abras-riudellots-de-la-selva,Jaume Abras,Riudellots de la Selva,Charcutería,"Botifarras, embutidos cocidos y curados, carne de cerdo","C/ Major, 57, 17457 Riudellots de la Selva, Girona","Empresa familiar de Riudellots de la Selva dedicada a elaborar embutidos y procesar carne de cerdo desde 1914, con sala de despiece propia y venta a profesionales.",Atención 08:00-17:00; recogida particulares Mié-Vie 11:30-14:30,+34972478176,info@abras.cat,https://www.abras.cat/,,,https://www.google.com/maps/search/?api=1&query=Jaume%20Abras%2C%20C%2F%20Major%2057%2C%20Riudellots%20de%20la%20Selva%2C%20Girona,41.893394,2.804739,/productores/catalunya/girona/jaume-abras-riudellots-de-la-selva.webp,parcial,no comprobado,
clos-de-la-torre-oli-de-particular-garriguella,Clos de la Torre (Oli de Particular),Garriguella,Aceite,AOVE Oli de Particular de variedades Argudell y Picual,"Ctra. C-252, km 51,5, 17780 Garriguella, Girona",Finca oleícola del Alt Empordà que produce el aceite virgen extra Oli de Particular exclusivamente en fincas de Garriguella y Espolla.,Consultar web,+34972510369,info@closdelatorre.com,https://www.closdelatorre.com/es/productos/oli-de-particular/oli-de-particular-25cl/,,,https://www.google.com/maps/search/?api=1&query=Ole%C3%ADcola%20de%20l'Empord%C3%A0%20Finca%20Clos%20de%20la%20Torre%2C%20Ctra%20C-252%20km%2051.5%2C%20Garriguella,42.342834,3.056412,,parcial,no comprobado,
