slug,nombre,municipio,categoria,productos estrella,direccion,descripcion,horario,telefono,correo,web,Facebook,Instagram,Google Maps,lat,lon,imagen,verificacion,Venta online,Canal de venta
torrons-vicens-agramunt,Torrons Vicens,Agramunt,Dulces,"Turrón de Agramunt, chocolate a la piedra y dulces tradicionales","Ctra. de Tàrrega, 1, 25310 Agramunt, Lleida, Espanya","Productor local incorporado desde fuentes públicas de producto de proximidad de la provincia de Lleida y verificado con Google Maps. Especialidad: turrón de agramunt, chocolate a la piedra y dulces tradicionales.",dilluns: 9:00–20:30 | dimarts: 9:00–20:30 | dimecres: 9:00–20:30 | dijous: 9:00–20:30 | divendres: 9:00–20:30 | dissabte: 9:00–20:30 | diumenge: 9:00–20:30,+34973390607,torrons@vicens.com,https://www.vicens.com/,https://www.facebook.com/torronsartesans/,https://www.instagram.com/torronsvicens/,https://www.google.com/maps/search/?api=1&query=Torrons%20Vicens%20Agramunt%2C%20Ctra.%20de%20T%C3%A0rrega%2C%201%2C%2025310%20Agramunt%2C%20Lleida%2C%20Espanya&query_place_id=ChIJrQGi0h2FphIRx9b5ayJo57E,41.7863816,1.0925877,/productores/catalunya/lleida/torrons-vicens-agramunt.webp,pendiente,sí,
torrons-roig-agramunt,Torrons Roig,Agramunt,Dulces,Turrón de Agramunt y dulces artesanos,"Ctra. L-303, km 19,100, 25310 Agramunt, Lleida, Espanya",Productor local incorporado desde fuentes públicas de producto de proximidad de la provincia de Lleida y verificado con Google Maps. Especialidad: turrón de agramunt y dulces artesanos.,"dilluns: 9:00–13:00, 15:00–19:00 | dimarts: 9:00–13:00, 15:00–19:00 | dimecres: 9:00–13:00, 15:00–19:00 | dijous: 9:00–13:00, 15:00–19:00 | divendres: 9:00–13:00, 15:00–19:00 | dissabte: Tancat | diumenge: Tancat",+34973390036,info@torronsroig.com,http://www.torronsroig.com/,https://www.facebook.com/p/Torrons-Roig-100064343663355/,https://www.instagram.com/torronsroig/,https://www.google.com/maps/search/?api=1&query=Torrons%20Roig%20Agramunt%2C%20Ctra.%20L-303%2C%20km%2019%2C100%2C%2025310%20Agramunt%2C%20Lleida%2C%20Espanya&query_place_id=ChIJs3KzPAOFphIRXAdZHS97b50,41.7810438,1.1108627,/productores/catalunya/lleida/torrons-roig-agramunt.webp,pendiente,sí,
xocolata-jolonch-agramunt,Xocolata Jolonch,Agramunt,Chocolate,Chocolate a la piedra de Agramunt,"Plaça del Pou, 8, 25310 Agramunt, Lleida, Espanya",Productor local incorporado desde fuentes públicas de producto de proximidad de la provincia de Lleida y verificado con Google Maps. Especialidad: chocolate a la piedra de agramunt.,dilluns: 8:00–20:30 | dimarts: 8:00–20:30 | dimecres: 8:00–20:30 | dijous: 8:00–20:30 | divendres: 8:00–20:30 | dissabte: 8:00–20:30 | diumenge: 8:00–20:30,+34973392105,,http://www.xocolatajolonch.com/,,https://www.instagram.com/xocolatajolonch/,https://www.google.com/maps/search/?api=1&query=LA%20CASA%20DE%20LA%20XOCOLATA%2C%20XOCOLATA%20JOLONCH.%2C%20Pla%C3%A7a%20del%20Pou%2C%208%2C%2025310%20Agramunt%2C%20Lleida%2C%20Espanya&query_place_id=ChIJI-MfUP2EphIRJMOZC_Qi0VU,41.7857599,1.0975022,/productores/catalunya/lleida/xocolata-jolonch-agramunt.webp,pendiente,sí,
torrons-i-mel-alemany-os-de-balaguer,Torrons i Mel Alemany,Os de Balaguer,Miel y dulces,"Miel, turrones y dulces artesanos","Carrer Barcelona, 4, 25610 Os de Balaguer, Lleida, Espanya","Productor local incorporado desde fuentes públicas de producto de proximidad de la provincia de Lleida y verificado con Google Maps. Especialidad: miel, turrones y dulces artesanos.",Consultar web,+34973438072,info@alemany.com,http://www.alemany.com/shop,https://www.facebook.com/alemany1879/,https://www.instagram.com/alemany1879/,https://www.google.com/maps/search/?api=1&query=Torrons%20i%20Mel%20Alemany%2C%20Carrer%20Barcelona%2C%204%2C%2025610%20Os%20de%20Balaguer%2C%20Lleida%2C%20Espanya&query_place_id=ChIJBY9TAKz5phIRAdXwHm-0oEo,41.8722489,0.7201896000000001,/productores/catalunya/lleida/torrons-i-mel-alemany-os-de-balaguer.webp,pendiente,sí,
licors-portet-la-pobla-de-segur,Licors Portet,La Pobla de Segur,Licores,"Ratafía, licor de cassís y licores del Pirineo","Av. Sant Miquel del Pui, 4, 25500 La Pobla de Segur, Lleida, Espanya","Productor local incorporado desde fuentes públicas de producto de proximidad de la provincia de Lleida y verificado con Google Maps. Especialidad: ratafía, licor de cassís y licores del pirineo.","dilluns: Tancat | dimarts: 9:00–14:00 | dimecres: 9:00–14:00 | dijous: 9:00–14:00 | divendres: 9:00–14:00 | dissabte: 10:00–14:00, 16:30–19:30 | diumenge: Tancat",+34973680340,info@licorsportet.cat,http://www.licorsportet.cat/,https://www.facebook.com/RATAFIA.DELS.RAIERS/,https://www.instagram.com/ratafiaraiers/,https://www.google.com/maps/search/?api=1&query=F%C3%A0brica%20de%20licors%20Portet%201883%2C%20Av.%20Sant%20Miquel%20del%20Pui%2C%204%2C%2025500%20La%20Pobla%20de%20Segur%2C%20Lleida%2C%20Espanya&query_place_id=ChIJ__TIJLwUphIRY52bX47L4fA,42.2474081,0.968346,/productores/catalunya/lleida/licors-portet-la-pobla-de-segur.webp,pendiente,no comprobado,
lo-vilot-farm-brewery-almacelles,Lo Vilot Farm Brewery,Almacelles,Cerveza artesana,Cerveza artesana de granja,"Carrer de Sant Josep, 19, 25100 Almacelles, Lleida, Espanya",Productor local incorporado desde fuentes públicas de producto de proximidad de la provincia de Lleida y verificado con Google Maps. Especialidad: cerveza artesana de granja.,dilluns: 9:00–18:00 | dimarts: 9:00–18:00 | dimecres: 9:00–18:00 | dijous: 9:00–18:00 | divendres: 9:00–18:00 | dissabte: 11:00–17:00 | diumenge: 11:00–17:00,+34635409999,info@cervesalovilot.com,http://www.lovilotfarmbrewery.com/,https://www.facebook.com/cervesalovilot/,https://www.instagram.com/cervesa_lo_vilot/,https://www.google.com/maps/search/?api=1&query=Cervesa%20Lo%20Vilot%2C%20Carrer%20de%20Sant%20Josep%2C%2019%2C%2025100%20Almacelles%2C%20Lleida%2C%20Espanya&query_place_id=ChIJgSQSsG8QpxIRKPiIcNwF3fo,41.73190659999999,0.4390095000000001,/productores/catalunya/lleida/lo-vilot-farm-brewery-almacelles.webp,pendiente,sí,
aubagueta-biosca,Aubagueta,Biosca,Lácteos y quesos,Quesos ecológicos de leche cruda de cabra,"Masia Aubagueta, 25752 Biosca, Lleida, Espanya",Productor local incorporado desde fuentes públicas de producto de proximidad de la provincia de Lleida y verificado con Google Maps. Especialidad: quesos ecológicos de leche cruda de cabra.,dilluns: 8:00–20:00 | dimarts: 8:00–20:00 | dimecres: 8:00–20:00 | dijous: 8:00–20:00 | divendres: 8:00–20:00 | dissabte: 8:00–20:00 | diumenge: 8:00–20:00,+34660552742,formatgesecologics@aubagueta.com,https://www.aubagueta.com/,,,https://www.google.com/maps/search/?api=1&query=Formatgeria%20Aubagueta%2C%20Masia%20Aubagueta%2C%2025752%20Biosca%2C%20Lleida%2C%20Espanya&query_place_id=ChIJPRAaoBwypBIRnJy4nKNcwuE,41.8369226,1.3771574,/productores/catalunya/lleida/aubagueta-biosca.webp,pendiente,no comprobado,
tros-de-sort-sort,Tros de Sort,Sort,Lácteos y quesos,Quesos del Pallars y lácteos de vaca,"N-260, 25560 Sort, Lérida, Espanya",Productor local incorporado desde fuentes públicas de producto de proximidad de la provincia de Lleida y verificado con Google Maps. Especialidad: quesos del pallars y lácteos de vaca.,"dilluns: Tancat | dimarts: 10:00–14:00, 17:00–20:00 | dimecres: 10:00–14:00, 17:15–20:00 | dijous: 10:00–14:00, 17:00–20:00 | divendres: 10:15–14:00, 17:00–20:00 | dissabte: 10:00–14:00, 17:00–20:00 | diumenge: Tancat",+34973621220,info@trosdesort.cat,http://www.trosdesort.cat/,,,https://www.google.com/maps/search/?api=1&query=Tros%20de%20Sort%2C%20N-260%2C%2025560%20Sort%2C%20L%C3%A9rida%2C%20Espanya&query_place_id=ChIJfWy9sOAFphIRc1zziDAak6w,42.40708250000001,1.1308453,/productores/catalunya/lleida/tros-de-sort-sort.webp,pendiente,sí,
formatges-camps-el-palau-d-anglesola,Formatges Camps,El Palau d'Anglesola,Lácteos y quesos,Quesos artesanos de leche de cabra,"Carrer dels Bassots, 16, 25243 El Palau d'Anglesola, Lleida, Espanya",Productor local incorporado desde fuentes públicas de producto de proximidad de la provincia de Lleida y verificado con Google Maps. Especialidad: quesos artesanos de leche de cabra.,Consultar web,+34606453017,formatgescamps@gmail.com,http://www.formatgescamps.com/,,https://www.instagram.com/formatgescamps/,https://www.google.com/maps/search/?api=1&query=Formatges%20Camps%20Formatgeria%2C%20Carrer%20dels%20Bassots%2C%2016%2C%2025243%20El%20Palau%20d'Anglesola%2C%20Lleida%2C%20Espanya&query_place_id=ChIJcXApv5XrphIR9doIJFDwE6g,41.6457144,0.8783286,/productores/catalunya/lleida/formatges-camps-el-palau-d-anglesola.webp,pendiente,no comprobado,
granja-godall-olius,Granja Godall,Olius,Lácteos y quesos,"Yogures, leche y productos lácteos de granja","Unnamed Road, 25286 Olius, Lérida, Espanya","Productor local incorporado desde fuentes públicas de producto de proximidad de la provincia de Lleida y verificado con Google Maps. Especialidad: yogures, leche y productos lácteos de granja.","dilluns: 9:00–13:00, 15:00–19:00 | dimarts: 9:00–13:00, 15:00–19:00 | dimecres: 9:00–13:00, 15:00–19:00 | dijous: 9:00–13:00, 15:00–19:00 | divendres: 9:00–13:00, 15:00–19:00 | dissabte: 9:00–13:00 | diumenge: Tancat",+34973483111,info@granjagodall.cat,http://www.granjagodall.cat/,,,https://www.google.com/maps/search/?api=1&query=Granja%20Godall%2C%20Unnamed%20Road%2C%2025286%20Olius%2C%20L%C3%A9rida%2C%20Espanya&query_place_id=ChIJof4ciIi1pRIR4WX9-HhFqRI,41.9598364,1.5232936,,pendiente,sí,
mas-d-eroles-ribera-d-urgellet,Mas d'Eroles,Ribera d'Urgellet,Lácteos y quesos,Quesos artesanos del Alt Urgell,"Mas d'Eroles, s/n, 25797 Adrall, Lérida, Espanya",Productor local incorporado desde fuentes públicas de producto de proximidad de la provincia de Lleida y verificado con Google Maps. Especialidad: quesos artesanos del alt urgell.,"dilluns: 10:00–14:00, 16:00–18:00 | dimarts: 10:00–14:00, 16:00–18:00 | dimecres: 10:00–14:00, 16:00–18:00 | dijous: 10:00–14:00, 16:00–18:00 | divendres: 10:00–14:00, 16:00–18:00 | dissabte: 11:00–14:00 | diumenge: Tancat",+34973387338,masderoles@gmail.com,http://www.masderoles.com/,https://www.facebook.com/masderoles/,https://www.instagram.com/masderoles/,https://www.google.com/maps/search/?api=1&query=Formatgeria%20Mas%20d'Eroles%2C%20Mas%20d'Eroles%2C%20s%2Fn%2C%2025797%20Adrall%2C%20L%C3%A9rida%2C%20Espanya&query_place_id=ChIJAcTPByPvpRIROqnU7-LcXlA,42.3231069,1.3979596,,pendiente,no comprobado,
l-olivera-cooperativa-vallbona-de-les-monges,L'Olivera Cooperativa,Vallbona de les Monges,Bodega,Vinos DO Costers del Segre y aceite de oliva,"La Plana, s/n, 25268 Vallbona de les Monges, Lleida, Espanya",Productor local incorporado desde fuentes públicas de producto de proximidad de la provincia de Lleida y verificado con Google Maps. Especialidad: vinos do costers del segre y aceite de oliva.,"dilluns: 8:00–13:30, 15:00–17:00 | dimarts: 8:00–13:30, 15:00–17:00 | dimecres: 8:00–13:30, 15:00–17:00 | dijous: 8:00–13:30, 15:00–17:00 | divendres: 8:00–13:30 | dissabte: Tancat | diumenge: 8:00–13:30, 15:00–17:00",+34973330092,,http://www.olivera.org/,https://www.facebook.com/cooperativa.l.olivera/,https://www.instagram.com/olivera_coop/,https://www.google.com/maps/search/?api=1&query=L'Olivera%20Cooperativa%20-%20Vallbona%20de%20les%20Monges%2C%20La%20Plana%2C%20s%2Fn%2C%2025268%20Vallbona%20de%20les%20Monges%2C%20Lleida%2C%20Espanya&query_place_id=ChIJs-PWH4SYpBIRX3FExVa2ZBo,41.5249043,1.0860575,/productores/catalunya/lleida/l-olivera-cooperativa-vallbona-de-les-monges.webp,pendiente,sí,
castell-del-remei-penelles,Castell del Remei,Penelles,Bodega,Vinos DO Costers del Segre,"Finca Castell del Remei, 1, 25333 Penelles, Lleida, Espanya",Productor local incorporado desde fuentes públicas de producto de proximidad de la provincia de Lleida y verificado con Google Maps. Especialidad: vinos do costers del segre.,"dilluns: 9:00–14:00, 15:00–17:00 | dimarts: 9:00–14:00, 15:00–17:00 | dimecres: 9:00–14:00, 15:00–17:00 | dijous: 9:00–14:00, 15:00–17:00 | divendres: 9:00–14:00, 15:00–17:00 | dissabte: 10:00–18:30 | diumenge: 10:00–14:30",+34973580200,,http://www.castelldelremei.com/,,https://www.instagram.com/castelldelremei/,https://www.google.com/maps/search/?api=1&query=Castell%20del%20Remei%2C%20Finca%20Castell%20del%20Remei%2C%201%2C%2025333%20Penelles%2C%20Lleida%2C%20Espanya&query_place_id=ChIJdyXABzOSphIRAzbnoMwK_T4,41.72020020000001,0.9719492000000001,/productores/catalunya/lleida/castell-del-remei-penelles.webp,pendiente,sí,
raimat-lleida,Raimat,Lleida,Bodega,Vinos DO Costers del Segre,"s/n, Passeig Manuel Raventós Domènech, 25111 Raïmat, Lleida, Espanya",Productor local incorporado desde fuentes públicas de producto de proximidad de la provincia de Lleida y verificado con Google Maps. Especialidad: vinos do costers del segre.,dilluns: 9:00–15:00 | dimarts: 9:00–15:00 | dimecres: 9:00–15:00 | dijous: 9:00–15:00 | divendres: 9:00–15:00 | dissabte: 11:00–13:30 | diumenge: 11:00–13:30,+34973724000,,https://www.15bodegas.com/raimat,https://www.facebook.com/15bodegas/,https://www.instagram.com/15bodegas/,https://www.google.com/maps/search/?api=1&query=Cellers%20Ra%C3%AFmat%2C%20s%2Fn%2C%20Passeig%20Manuel%20Ravent%C3%B3s%20Dom%C3%A8nech%2C%2025111%20Ra%C3%AFmat%2C%20Lleida%2C%20Espanya&query_place_id=ChIJMycxyxUbpxIRlUrnI2Cn_oM,41.682922,0.4802338,/productores/catalunya/lleida/raimat-lleida.webp,pendiente,sí,
costers-del-sio-balaguer,Costers del Sió,Balaguer,Bodega,Vinos DO Costers del Segre y aceite de finca,"CTRA. Balaguer-Agramunt, km 4.2, 25600 Balaguer, Lérida, Espanya",Productor local incorporado desde fuentes públicas de producto de proximidad de la provincia de Lleida y verificado con Google Maps. Especialidad: vinos do costers del segre y aceite de finca.,"dilluns: 9:00–14:00, 16:00–18:00 | dimarts: 9:00–14:00, 16:00–18:00 | dimecres: 9:00–14:00, 16:00–18:00 | dijous: 9:00–14:00, 16:00–18:00 | divendres: 9:00–14:00, 16:00–18:00 | dissabte: Tancat | diumenge: Tancat",+34973424062,administracio@costersio.com,https://www.costersio.com/ca,,https://www.instagram.com/costersdelsio/,https://www.google.com/maps/search/?api=1&query=Bodegas%20Costers%20del%20Si%C3%B3%2C%20S.L.%2C%20CTRA.%20Balaguer-Agramunt%2C%20km%204.2%2C%2025600%20Balaguer%2C%20L%C3%A9rida%2C%20Espanya&query_place_id=ChIJm3hUyJ2NphIRHcHFytql1pY,41.8116753,0.9233013000000001,/productores/catalunya/lleida/costers-del-sio-balaguer.webp,pendiente,sí,
cervoles-celler-la-pobla-de-cervoles,Cérvoles Celler,La Pobla de Cérvoles,Bodega,Vinos de montaña DO Costers del Segre,"Avinguda de les Garrigues, 26, 25471 La Pobla de Cérvoles, Lleida, Espanya",Productor local incorporado desde fuentes públicas de producto de proximidad de la provincia de Lleida y verificado con Google Maps. Especialidad: vinos de montaña do costers del segre.,Consultar web,+34973175101,,http://www.cervoles.com/,,https://www.instagram.com/cervolesceller/,https://www.google.com/maps/search/?api=1&query=C%C3%A9rvoles%20Celler%2C%20Avinguda%20de%20les%20Garrigues%2C%2026%2C%2025471%20La%20Pobla%20de%20C%C3%A9rvoles%2C%20Lleida%2C%20Espanya&query_place_id=ChIJi5nBbgW2phIRtYVkgeyP9F4,41.3658441,0.9145622,/productores/catalunya/lleida/cervoles-celler-la-pobla-de-cervoles.webp,pendiente,sí,
mas-blanch-i-jove-la-pobla-de-cervoles,Mas Blanch i Jové,La Pobla de Cérvoles,Bodega,Vinos DO Costers del Segre y aceite de oliva,"Paratge Llinar Pol. 9 Parc. 129, 25471 Pobla De Cervoles ( La ), Lérida, Espanya",Productor local incorporado desde fuentes públicas de producto de proximidad de la provincia de Lleida y verificado con Google Maps. Especialidad: vinos do costers del segre y aceite de oliva.,dilluns: Tancat | dimarts: Tancat | dimecres: Tancat | dijous: Tancat | divendres: Tancat | dissabte: 10:00–14:00 | diumenge: 10:00–14:00,+34973050018,info@masblanchijove.com,http://www.masblanchijove.com/,https://www.facebook.com/masblanchijove/,https://www.instagram.com/masblanchijove/,https://www.google.com/maps/search/?api=1&query=Mas%20Blanch%20i%20Jov%C3%A9%2C%20Paratge%20Llinar%20Pol.%209%20Parc.%20129%2C%2025471%20Pobla%20De%20Cervoles%20(%20La%20)%2C%20L%C3%A9rida%2C%20Espanya&query_place_id=ChIJj1IkbAO2phIRDb2RfqK85Pk,41.365882,0.9095129999999999,/productores/catalunya/lleida/mas-blanch-i-jove-la-pobla-de-cervoles.webp,pendiente,sí,
tomas-cusine-el-vilosell,Tomàs Cusiné,El Vilosell,Bodega,Vinos DO Costers del Segre,"Plaça de Sant Sebastià, 13, 25457 El Vilosell, Lleida, Espanya",Productor local incorporado desde fuentes públicas de producto de proximidad de la provincia de Lleida y verificado con Google Maps. Especialidad: vinos do costers del segre.,"dilluns: 8:00–14:00, 15:00–17:30 | dimarts: 8:00–14:00, 15:00–17:30 | dimecres: 8:00–14:00, 15:00–17:30 | dijous: 8:00–14:00, 15:00–17:30 | divendres: 8:00–14:00 | dissabte: 10:00–14:00 | diumenge: 10:00–14:00",+34973176029,,https://www.tomascusine.com/,,https://www.instagram.com/tomascusine/,https://www.google.com/maps/search/?api=1&query=Celler%20Tom%C3%A0s%20Cusin%C3%A9%2C%20Pla%C3%A7a%20de%20Sant%20Sebasti%C3%A0%2C%2013%2C%2025457%20El%20Vilosell%2C%20Lleida%2C%20Espanya&query_place_id=ChIJlRY4IPS2phIRmhHY8wiv-20,41.3823424,0.9474141,/productores/catalunya/lleida/tomas-cusine-el-vilosell.webp,pendiente,sí,
castell-d-encus-talarn,Castell d'Encús,Talarn,Bodega,Vinos de altura DO Costers del Segre,"Ctra. Tremp a Santa Engracia, km. 5, 25630 Talarn, Lleida, Espanya",Productor local incorporado desde fuentes públicas de producto de proximidad de la provincia de Lleida y verificado con Google Maps. Especialidad: vinos de altura do costers del segre.,dilluns: 8:00–17:00 | dimarts: 8:00–17:00 | dimecres: 8:00–17:00 | dijous: 8:00–17:00 | divendres: 8:00–17:00 | dissabte: Tancat | diumenge: Tancat,+34973252974,team@castelldencus.com,http://www.castelldencus.com/,,https://www.instagram.com/castelldencus/,https://www.google.com/maps/search/?api=1&query=Castell%20d'Enc%C3%BAs%2C%20Ctra.%20Tremp%20a%20Santa%20Engracia%2C%20km.%205%2C%2025630%20Talarn%2C%20Lleida%2C%20Espanya&query_place_id=ChIJG2msGJOipBIRc5pD295bTB0,42.2074131,0.8985974,/productores/catalunya/lleida/castell-d-encus-talarn.webp,pendiente,sí,
celler-batlliu-de-sort-sort,Celler Batlliu de Sort,Sort,Bodega,Vinos de alta montaña del Pallars,"Lloc Olp, 35, 25568 Olp, Lleida, Espanya",Productor local incorporado desde fuentes públicas de producto de proximidad de la provincia de Lleida y verificado con Google Maps. Especialidad: vinos de alta montaña del pallars.,Consultar web,+34628125473,celler@batlliudesort.cat,http://www.batlliudesort.cat/,,,https://www.google.com/maps/search/?api=1&query=Celler%20Batlliu%20de%20Sort%2C%20Lloc%20Olp%2C%2035%2C%2025568%20Olp%2C%20Lleida%2C%20Espanya&query_place_id=ChIJq6resgMFphIR2grq4StNd8c,42.4262005,1.1237352,/productores/catalunya/lleida/celler-batlliu-de-sort-sort.webp,pendiente,sí,
lagravera-alfarras,Lagravera,Alfarràs,Bodega,Vinos ecológicos y biodinámicos,"Carrer Tamarit, 9, 25120 Alfarràs, Lleida, Espanya",Productor local incorporado desde fuentes públicas de producto de proximidad de la provincia de Lleida y verificado con Google Maps. Especialidad: vinos ecológicos y biodinámicos.,dilluns: 7:00–15:00 | dimarts: 7:00–15:00 | dimecres: 7:00–15:00 | dijous: 7:00–15:00 | divendres: 7:00–15:00 | dissabte: Tancat | diumenge: Tancat,+34973761374,info@lagravera.com,http://www.lagravera.com/,https://www.facebook.com/bodega.lagravera/,https://www.instagram.com/lagravera/,https://www.google.com/maps/search/?api=1&query=Lagravera%2C%20Carrer%20Tamarit%2C%209%2C%2025120%20Alfarr%C3%A0s%2C%20Lleida%2C%20Espanya&query_place_id=ChIJkcF0OCwCpxIRRk-87FxEb7Y,41.8315409,0.5673482,/productores/catalunya/lleida/lagravera-alfarras.webp,pendiente,sí,
celler-matallonga-fulleda,Celler Matallonga,Fulleda,Bodega,Vinos DO Costers del Segre,"AFORES-PARTIDA SORTS, S/N, 25411 Fulleda, Lleida, Espanya",Productor local incorporado desde fuentes públicas de producto de proximidad de la provincia de Lleida y verificado con Google Maps. Especialidad: vinos do costers del segre.,dilluns: 16:30–18:30 | dimarts: 16:30–18:30 | dimecres: 16:30–18:30 | dijous: 16:30–18:30 | divendres: 16:30–18:30 | dissabte: 10:00–13:00 | diumenge: 10:00–13:00,+34628549645,matallonga60@gmail.com,http://www.cellermatallonga.cat/,,https://www.instagram.com/cellermatallonga/,https://www.google.com/maps/search/?api=1&query=Celler%20Matallonga%2C%20AFORES-PARTIDA%20SORTS%2C%20S%2FN%2C%2025411%20Fulleda%2C%20Lleida%2C%20Espanya&query_place_id=ChIJNYdyWPa6phIRp_25tgpE55k,41.4636038,1.0227727,/productores/catalunya/lleida/celler-matallonga-fulleda.webp,pendiente,sí,
celler-analec-nalec,Celler Analec,Nalec,Bodega,Vinos DO Costers del Segre,"c/Carretera, s/n, 25341 Nalec, Lérida, Espanya",Productor local incorporado desde fuentes públicas de producto de proximidad de la provincia de Lleida y verificado con Google Maps. Especialidad: vinos do costers del segre.,dilluns: 11:00–14:30 | dimarts: 11:00–14:30 | dimecres: 11:00–14:30 | dijous: 11:00–14:30 | divendres: 11:00–14:30 | dissabte: 11:00–14:30 | diumenge: 11:00–14:30,+34973303190,,https://www.analec.net/,https://www.facebook.com/celleranalec/,https://www.instagram.com/celleranalec/,https://www.google.com/maps/search/?api=1&query=Celler%20analec%2C%20c%2FCarretera%2C%20s%2Fn%2C%2025341%20Nalec%2C%20L%C3%A9rida%2C%20Espanya&query_place_id=ChIJuzk7VjGiphIRNKlrMelSFpc,41.5609291,1.1202193,/productores/catalunya/lleida/celler-analec-nalec.webp,pendiente,sí,
vinya-els-vilars-arbeca,Vinya els Vilars,Arbeca,Bodega,Vinos DO Costers del Segre,"Avinguda de Puig-Gros, 25140 Arbeca, Lleida, Espanya",Productor local incorporado desde fuentes públicas de producto de proximidad de la provincia de Lleida y verificado con Google Maps. Especialidad: vinos do costers del segre.,"dilluns: 9:00–13:30, 16:00–19:00 | dimarts: 9:00–13:30, 16:00–19:00 | dimecres: 9:00–13:30, 16:00–19:00 | dijous: 9:00–13:30, 16:00–19:00 | divendres: 9:00–13:30, 16:00–19:00 | dissabte: 10:00–13:30 | diumenge: 10:00–13:30",+34973149144,,http://www.vinyaelsvilars.com/,https://www.facebook.com/vinyaelsvilars/,https://www.instagram.com/vinyaelsvilars/,https://www.google.com/maps/search/?api=1&query=Vinya%20Els%20Vilars%2C%20Avinguda%20de%20Puig-Gros%2C%2025140%20Arbeca%2C%20Lleida%2C%20Espanya&query_place_id=ChIJjcwsJHu_phIRjRJBmI5IEy0,41.5483125,0.9124344000000001,/productores/catalunya/lleida/vinya-els-vilars-arbeca.webp,pendiente,no comprobado,
cooperativa-del-camp-de-els-torms-els-torms,Cooperativa del Camp de Els Torms,Els Torms,Aceite,Aceite de oliva virgen extra arbequina,"Carrer Mestre Benet, 2, 25164 Els Torms, Lleida, Espanya",Productor local incorporado desde fuentes públicas de producto de proximidad de la provincia de Lleida y verificado con Google Maps. Especialidad: aceite de oliva virgen extra arbequina.,dilluns: 8:00–15:00 | dimarts: 8:00–15:00 | dimecres: 8:00–15:00 | dijous: 8:00–15:00 | divendres: 8:00–15:00 | dissabte: Tancat | diumenge: Tancat,+34973128190,cooperativa@elstorms.cat,http://www.loliercoop.com/,,,https://www.google.com/maps/search/?api=1&query=Camp%20I%20Secci%C3%B3%20De%20Cr%C3%A8dit%20Dels%20Torms%20Sccl%2C%20Carrer%20Mestre%20Benet%2C%202%2C%2025164%20Els%20Torms%2C%20Lleida%2C%20Espanya&query_place_id=ChIJK-RIOKzRphIR5tjYWSn_ZnA,41.3950592,0.7217177,/productores/catalunya/lleida/cooperativa-del-camp-de-els-torms-els-torms.webp,pendiente,sí,
olicatessen-els-torms,Olicatessen,Els Torms,Aceite,Aceite de oliva virgen extra ecológico,"L-701, km 16, 5, 25164 Els Torms, Lleida, Espanya",Productor local incorporado desde fuentes públicas de producto de proximidad de la provincia de Lleida y verificado con Google Maps. Especialidad: aceite de oliva virgen extra ecológico.,dilluns: 9:00–13:00 | dimarts: 9:00–13:00 | dimecres: 9:00–13:00 | dijous: 9:00–13:00 | divendres: 9:00–13:00 | dissabte: 9:00–13:00 | diumenge: Tancat,+34650943621,,http://www.olicatessen.com/,https://www.facebook.com/olicatessen/,https://www.instagram.com/olicatessen/,https://www.google.com/maps/search/?api=1&query=Olicatessen%20-%20Mol%C3%AD%20dels%20Torms%2C%20SL%2C%20L-701%2C%20km%2016%2C%205%2C%2025164%20Els%20Torms%2C%20Lleida%2C%20Espanya&query_place_id=ChIJG3zBE6zRphIRbh6EtgDvujA,41.3949531,0.7282506999999999,/productores/catalunya/lleida/olicatessen-els-torms.webp,pendiente,sí,
albium-oleum-flumen-l-albi,Albium Oleum Flumen,L'Albi,Aceite,Aceite de oliva virgen extra y productos de finca,"Carretera de l'Albi a Cervià de les Garrigues km 6, 25450 L'Albi, Lleida, Espanya",Productor local incorporado desde fuentes públicas de producto de proximidad de la provincia de Lleida y verificado con Google Maps. Especialidad: aceite de oliva virgen extra y productos de finca.,"dilluns: 9:00–13:00, 17:00–19:00 | dimarts: 9:00–13:00, 17:00–19:00 | dimecres: 9:00–13:00, 17:00–19:00 | dijous: 9:00–13:00, 17:00–19:00 | divendres: 9:00–13:00, 17:00–19:00 | dissabte: 10:00–13:00 | diumenge: 10:00–13:00",+34679248453,agroalbium@gmail.com,https://albium.cat/,,https://www.instagram.com/albium_oove/,https://www.google.com/maps/search/?api=1&query=Albium%2C%20oleum%20flumen.%20Oli%20D'oliva%20Extra%2C%20Carretera%20de%20l'Albi%20a%20Cervi%C3%A0%20de%20les%20Garrigues%20km%206%2C%2025450%20L'Albi%2C%20Lleida%2C%20Espanya&query_place_id=ChIJLb8MbJy3phIRgw0XQKb6RMs,41.4232983,0.9282020999999999,/productores/catalunya/lleida/albium-oleum-flumen-l-albi.webp,pendiente,sí,
baro-de-maials-maials,Baró de Maials,Maials,Aceite,Aceite de oliva virgen extra arbequina,"Carrer del Sindicat, 12, 25179 Maials, Lleida, Espanya",Productor local incorporado desde fuentes públicas de producto de proximidad de la provincia de Lleida y verificado con Google Maps. Especialidad: aceite de oliva virgen extra arbequina.,"dilluns: 9:00–13:00, 16:00–19:00 | dimarts: 9:00–13:00, 16:00–19:00 | dimecres: 9:00–13:00, 16:00–19:00 | dijous: 9:00–13:00, 16:00–19:00 | divendres: 9:00–13:00, 16:00–19:00 | dissabte: 9:00–13:00 | diumenge: Tancat",+34973130593,info@barodemaials.cat,https://www.barodemaials.cat/botiga-on-line,https://www.facebook.com/barodemaials/,https://www.instagram.com/olibarodemaials/,https://www.google.com/maps/search/?api=1&query=AGROBOTIGA%20BAR%C3%93%20DE%20MAIALS%2C%20Carrer%20del%20Sindicat%2C%2012%2C%2025179%20Maials%2C%20Lleida%2C%20Espanya&query_place_id=ChIJq7jB96EupxIR-Ta2J2ehPnw,41.36483,0.50774,/productores/catalunya/lleida/baro-de-maials-maials.webp,pendiente,sí,
fruits-de-ponent-alcarras,Fruits de Ponent,Alcarràs,Fruta,Fruta dulce de Lleida y fruta de hueso,"Camí de Les Coves, 25180 Alcarràs, Lérida, Espanya",Productor local incorporado desde fuentes públicas de producto de proximidad de la provincia de Lleida y verificado con Google Maps. Especialidad: fruta dulce de lleida y fruta de hueso.,"dilluns: 8:00–14:00, 15:00–19:00 | dimarts: 8:00–14:00, 15:00–19:00 | dimecres: 8:00–14:00, 15:00–19:00 | dijous: 8:00–14:00, 15:00–19:00 | divendres: 8:00–14:00 | dissabte: 8:00–14:00 | diumenge: Tancat",+34973795777,,http://www.fruitsponent.com/,,https://www.instagram.com/fruitsdeponent/,https://www.google.com/maps/search/?api=1&query=Central%20de%20Confecci%C3%B3%20Fruits%20de%20Ponent%20d'Alcarr%C3%A0s%2C%20Cam%C3%AD%20de%20Les%20Coves%2C%2025180%20Alcarr%C3%A0s%2C%20L%C3%A9rida%2C%20Espanya&query_place_id=ChIJyVFBpEAipxIRverKM52HzZM,41.5764552,0.506343,/productores/catalunya/lleida/fruits-de-ponent-alcarras.webp,pendiente,no comprobado,
nufri-mollerussa,Nufri,Mollerussa,Fruta,"Manzanas, peras y fruta dulce","Ctra. del, Carrer del Palau, km. 1, 25230 Mollerussa, Lérida, Espanya","Productor local incorporado desde fuentes públicas de producto de proximidad de la provincia de Lleida y verificado con Google Maps. Especialidad: manzanas, peras y fruta dulce.",dilluns: 8:00–19:00 | dimarts: 8:00–19:00 | dimecres: 8:00–19:00 | dijous: 8:00–19:00 | divendres: 8:00–19:00 | dissabte: 8:00–13:00 | diumenge: Tancat,+34973600229,info@nufri.com,http://www.nufri.com/,,,https://www.google.com/maps/search/?api=1&query=Sat%20N%C2%BA%201596%20Nufri%20Resp.%20Limit%2C%20Ctra.%20del%2C%20Carrer%20del%20Palau%2C%20km.%201%2C%2025230%20Mollerussa%2C%20L%C3%A9rida%2C%20Espanya&query_place_id=ChIJ8Szvex_rphIRfn6V-L7NUV0,41.6384357,0.8884337,/productores/catalunya/lleida/nufri-mollerussa.webp,pendiente,no comprobado,
veritfruit-bellcaire-d-urgell,VeritFruit,Bellcaire d'Urgell,Fruta,Fruta fresca de proximidad,"Avinguda 11 de Setembre, 6, 25337 Bellcaire d'Urgell, Lleida, Espanya",Productor local incorporado desde fuentes públicas de producto de proximidad de la provincia de Lleida y verificado con Google Maps. Especialidad: fruta fresca de proximidad.,Consultar web,+34695193949,comercial@veritfruit.com,http://veritfruit.com/,https://www.facebook.com/Veritfruit-1782876245081527/,https://www.instagram.com/veritfruit/,https://www.google.com/maps/search/?api=1&query=VeritFruit%2C%20Avinguda%2011%20de%20Setembre%2C%206%2C%2025337%20Bellcaire%20d'Urgell%2C%20Lleida%2C%20Espanya&query_place_id=ChIJaVcN_ajyphIRYOqyaaslkJs,41.76014,0.89843,/productores/catalunya/lleida/veritfruit-bellcaire-d-urgell.webp,pendiente,sí,
cireres-de-corbins-corbins,Cireres de Corbins,Corbins,Fruta,Cerezas de Corbins y fruta de temporada,"Carrer del Mil·lenari, 8, 25137 Corbins, Lleida",Productor local incorporado desde fuentes públicas de producto de proximidad de la provincia de Lleida y verificado con Google Maps. Especialidad: cerezas de corbins y fruta de temporada.,Consultar web,+34626499816,cireresdecorbins@camatscarpi.cat,http://www.cireresdecorbinscamatscarpi.com/,https://www.facebook.com/cirerescorbins/,https://www.instagram.com/cireresdecorbinscamatscarpi/,https://www.google.com/maps/search/?api=1&query=CIRERES%20DE%20CORBINS%20CC%20-%20CAMATS%20CARPI%20FRUIT%2C%20genoveva%40camatscarpi.cat%2C%20Carrer%20del%20Mil%C2%B7lenari%2C%208%2C%2025137%20Corbins%2C%20Lleida%2C%20Espanya&query_place_id=ChIJx1QjyBblphIR2IfYfNzI8DA,41.68952480000001,0.6921293,/productores/catalunya/lleida/cireres-de-corbins-corbins.webp,pendiente,no comprobado,
fruita-blanch-lleida,Fruita Blanch,Lleida,Fruta,Fruta de temporada de l'Horta de Lleida,"Partida Granyena, 18, Cp 25191, 25191 Lleida, Espanya",Productor local incorporado desde fuentes públicas de producto de proximidad de la provincia de Lleida y verificado con Google Maps. Especialidad: fruta de temporada de l'horta de lleida.,dilluns: 9:00–20:00 | dimarts: 9:00–20:00 | dimecres: 9:00–20:00 | dijous: 9:00–20:00 | divendres: 9:00–20:00 | dissabte: Tancat | diumenge: Tancat,+34669458323,info@fruitablanch.com,https://www.fruitablanch.com/,,https://www.instagram.com/fruitablanch/,https://www.google.com/maps/search/?api=1&query=Fruita%20Blanch%2C%20Partida%20Granyena%2C%2018%2C%20Cp%2025191%2C%2025191%20Lleida%2C%20Espanya&query_place_id=ChIJZV0rwuDgphIRtm2XtElSH2Q,41.6353178,0.6568649999999999,/productores/catalunya/lleida/fruita-blanch-lleida.webp,pendiente,sí,
hort-calvis-golmes,Hort Calvís,Golmés,Fruta y huerta,"Fruta, verdura y cajas KM0 de Lleida","Carrer Carretera Vella, 15, 25241 Golmés, Lleida, Espanya","Productor local incorporado desde fuentes públicas de producto de proximidad de la provincia de Lleida y verificado con Google Maps. Especialidad: fruta, verdura y cajas km0 de lleida.","dilluns: 8:00–13:00, 15:00–20:00 | dimarts: 9:00–13:00, 15:00–20:00 | dimecres: 9:00–13:00, 15:00–20:00 | dijous: 9:00–13:00, 15:00–20:00 | divendres: 9:00–13:00, 15:00–20:00 | dissabte: 8:00–13:00 | diumenge: Tancat",+34973601556,administracio@hortcalvis.com,http://www.hortcalvis.com/,,https://www.instagram.com/hortcalvis/,https://www.google.com/maps/search/?api=1&query=Hort%20Calv%C3%ADs%20S.L%2C%20Carrer%20Carretera%20Vella%2C%2015%2C%2025241%20Golm%C3%A9s%2C%20Lleida%2C%20Espanya&query_place_id=ChIJ5Xz4RgOVphIRR0sgKgIZ768,41.6337233,0.9349329999999999,/productores/catalunya/lleida/hort-calvis-golmes.webp,pendiente,sí,
cal-petit-del-nen-ivars-de-noguera,Cal Petit del Nen,Ivars de Noguera,Fruta,Fruta ecológica de temporada,"Carrer de, Av. de Sant Roc, 25122 Ivars de Noguera, Lleida, Espanya",Productor local incorporado desde fuentes públicas de producto de proximidad de la provincia de Lleida y verificado con Google Maps. Especialidad: fruta ecológica de temporada.,dilluns: 8:00–20:00 | dimarts: 8:00–20:00 | dimecres: 8:00–20:00 | dijous: 8:00–20:00 | divendres: 8:00–20:00 | dissabte: 8:00–20:00 | diumenge: Tancat,+34645892222,,,,,https://www.google.com/maps/search/?api=1&query=Cal%20Petit%20del%20Nen%2C%20Carrer%20de%2C%20Av.%20de%20Sant%20Roc%2C%2025122%20Ivars%20de%20Noguera%2C%20Lleida%2C%20Espanya&query_place_id=ChIJbfgnj5gBpxIRBukNNjkBsmA,41.851697,0.5880388,,pendiente,no comprobado,
granja-pifarre-lleida,Granja Pifarré,Lleida,Huerta y granja,Productos de l'Horta de Lleida y agrocultura,"Partida Caparrella, n.115, 25192 Lleida, Espanya",Productor local incorporado desde fuentes públicas de producto de proximidad de la provincia de Lleida y verificado con Google Maps. Especialidad: productos de l'horta de lleida y agrocultura.,"dilluns: Tancat | dimarts: Tancat | dimecres: Tancat | dijous: Tancat | divendres: Tancat | dissabte: 10:30–14:00, 17:00–18:30 | diumenge: 10:30–14:00",+34648023962,info@granjapifarre.com,https://www.granjapifarre.com/,,https://www.instagram.com/granjapifarre/,https://www.google.com/maps/search/?api=1&query=Granja%20Pifarr%C3%A9%2C%20Partida%20Caparrella%2C%20n.115%2C%2025192%20Lleida%2C%20Espanya&query_place_id=ChIJ3_I1B_AfpxIR6qbuNiGLpKY,41.6077681,0.5950386999999999,/productores/catalunya/lleida/granja-pifarre-lleida.webp,pendiente,no comprobado,
el-nostre-corder-balaguer,El Nostre Corder,Balaguer,Charcutería,Cordero de proximidad,"Carrer del Pont, 53, 25600 Balaguer, Lleida, Espanya",Productor local incorporado desde fuentes públicas de producto de proximidad de la provincia de Lleida y verificado con Google Maps. Especialidad: cordero de proximidad.,Consultar web,+34653619845,,https://www.elnostrecorder.com/es/,,,https://www.google.com/maps/search/?api=1&query=El%20nostre%20corder%2C%20Carrer%20del%20Pont%2C%2053%2C%2025600%20Balaguer%2C%20Lleida%2C%20Espanya&query_place_id=ChIJ__--XKHxphIRUrJvqfypIKk,41.7932011,0.8065549999999999,/productores/catalunya/lleida/el-nostre-corder-balaguer.webp,pendiente,no comprobado,
plaovi-algerri,PlaOví,Algerri,Charcutería,Cordero y carne ovina de proximidad,"Carrer Carretera de Balaguer, 14, Bajo, 25130 Algerri, Lérida, Espanya",Productor local incorporado desde fuentes públicas de producto de proximidad de la provincia de Lleida y verificado con Google Maps. Especialidad: cordero y carne ovina de proximidad.,dilluns: Tancat | dimarts: 9:30–14:00 | dimecres: 9:30–14:00 | dijous: 9:30–14:00 | divendres: 9:30–14:00 | dissabte: 9:30–14:00 | diumenge: Tancat,+34687713788,,https://www.plaovi.cat/,https://www.facebook.com/people/Pla-Ov%C3%AD/100054413142729/,https://www.instagram.com/pla_ovi/,https://www.google.com/maps/search/?api=1&query=PLA%20OVI%2C%20Carrer%20Carretera%20de%20Balaguer%2C%2014%2C%20Bajo%2C%2025130%20Algerri%2C%20L%C3%A9rida%2C%20Espanya&query_place_id=ChIJH8M6sgn9phIRYppXcHAqN1c,41.8139721,0.6387589,/productores/catalunya/lleida/plaovi-algerri.webp,pendiente,no comprobado,
cal-bosch-belianes,Cal Bosch,Belianes,Charcutería,Embutidos artesanos y charcutería,"Carrer Doctor Martin, 11, 25266 Belianes, Lleida, Espanya",Productor local incorporado desde fuentes públicas de producto de proximidad de la provincia de Lleida y verificado con Google Maps. Especialidad: embutidos artesanos y charcutería.,"dilluns: Tancat | dimarts: Tancat | dimecres: Tancat | dijous: Tancat | divendres: 10:00–12:00, 18:00–20:00 | dissabte: 10:00–12:00 | diumenge: Tancat",+34628655608,info@calbosch.cat,http://www.calbosch.cat/,https://www.facebook.com/CalBoschBelianes/,https://www.instagram.com/embotitscalbosch/,https://www.google.com/maps/search/?api=1&query=Embotits%20Cal%20Bosch%2C%20Carrer%20Doctor%20Martin%2C%2011%2C%2025266%20Belianes%2C%20Lleida%2C%20Espanya&query_place_id=ChIJeWgw2qu9phIRMaWl_fBvP6c,41.5613921,1.0171996,/productores/catalunya/lleida/cal-bosch-belianes.webp,pendiente,sí,
mel-cal-toni-seros,Mel Can Toni,Seròs,Miel,Miel de proximidad y productos apícolas,"Ctra Seròs-granja d'Escarp pol. 6 parcela 296, 25183 Seròs, Lérida, Espanya",Productor local incorporado desde fuentes públicas de producto de proximidad de la provincia de Lleida y verificado con Google Maps. Especialidad: miel de proximidad y productos apícolas.,Consultar web,+34609102739,,http://www.melcantoni.com/,,,https://www.google.com/maps/search/?api=1&query=MEL%20CAN%20TONI%2C%20Ctra%20Ser%C3%B2s-granja%20d'Escarp%20pol.%206%20parcela%20296%2C%2025183%20Ser%C3%B2s%2C%20L%C3%A9rida%2C%20Espanya&query_place_id=ChIJF6CAYxI6pxIRjs0krYQYA5g,41.451395,0.391023,/productores/catalunya/lleida/mel-cal-toni-seros.webp,pendiente,no comprobado,
safra-del-montsec-sant-esteve-de-la-sarga,Safrà del Montsec,Sant Esteve de la Sarga,Especias,Azafrán del Montsec,"era de castells, LV-9124, km 18, 5, l, 25632 Sant Esteve de la Sarga, Lleida, Espanya",Productor local incorporado desde fuentes públicas de producto de proximidad de la provincia de Lleida y verificado con Google Maps. Especialidad: azafrán del montsec.,dilluns: 9:00–17:00 | dimarts: 9:00–17:00 | dimecres: 9:00–17:00 | dijous: 9:00–17:00 | divendres: 9:00–17:00 | dissabte: 9:00–13:00 | diumenge: Tancat,+34605028536,info@safradelmontsec.com,https://www.safradelmontsec.com/,https://www.facebook.com/safradelmontsec/,https://www.instagram.com/safradelmontsec/,https://www.google.com/maps/search/?api=1&query=Safr%C3%A0%20del%20Montsec%2C%20era%20de%20castells%2C%20LV-9124%2C%20km%2018%2C%205%2C%20l%2C%2025632%20Sant%20Esteve%20de%20la%20Sarga%2C%20Lleida%2C%20Espanya&query_place_id=ChIJ0Q6lHB5ophIROaflMMXtHiM,42.0800218,0.7645424,/productores/catalunya/lleida/safra-del-montsec-sant-esteve-de-la-sarga.webp,pendiente,sí,
cal-sargaire-almacelles,Cal Sargaire,Almacelles,Charcutería,Carne de ternera natural y productos de granja,"Carrer Alguaire, 25100 Almacelles, Lleida, Espanya",Productor local incorporado desde fuentes públicas de producto de proximidad de la provincia de Lleida y verificado con Google Maps. Especialidad: carne de ternera natural y productos de granja.,"dilluns: 9:00–13:30, 16:00–19:30 | dimarts: 9:00–13:30, 16:00–19:30 | dimecres: 9:00–13:30, 16:00–19:30 | dijous: 9:00–13:30, 16:00–19:30 | divendres: 9:00–13:30, 16:00–19:30 | dissabte: 9:00–13:30 | diumenge: Tancat",+34973740165,info@calsargaire.com,http://www.calsargaire.com/,https://www.facebook.com/Carn-Sargaire_Carn-de-Vedella-Natural-158320557595066/,https://www.instagram.com/carnsargaire/,https://www.google.com/maps/search/?api=1&query=Cal%20Sargaire%20Almacelles%2C%20Carrer%20Alguaire%2C%2025100%20Almacelles%2C%20Lleida%2C%20Espanya&query_place_id=ChIJDW03sJAapxIRmDDJFV0vbjA,41.7295661,0.4487491,/productores/catalunya/lleida/cal-sargaire-almacelles.webp,pendiente,no comprobado,
comelles-fruits-balaguer,Comelles Fruits,Balaguer,Fruta,"Manzanas, peras, cerezas y fruta fresca","Paseo De, Passeig de l'Estació, 11, 3 1, 25600 Balaguer, Lérida, Espanya","Productor local incorporado desde fuentes públicas de producto de proximidad de la provincia de Lleida y verificado con Google Maps. Especialidad: manzanas, peras, cerezas y fruta fresca.","dilluns: 9:00–13:30, 15:00–19:00 | dimarts: 9:00–13:30, 15:00–19:00 | dimecres: 9:00–13:30, 15:00–19:00 | dijous: 9:00–13:00, 15:00–19:00 | divendres: 9:00–13:30, 15:00–19:00 | dissabte: 9:00–14:00 | diumenge: Tancat",+34619719760,info@comellesfruits.com,https://www.perecomelles.com/es/inicio/,,,https://www.google.com/maps/search/?api=1&query=FRUITS%20COMELLES%20PERE%2C%20Paseo%20De%2C%20Passeig%20de%20l'Estaci%C3%B3%2C%2011%2C%203%201%2C%2025600%20Balaguer%2C%20L%C3%A9rida%2C%20Espanya&query_place_id=ChIJc7lOBdbxphIRMBocnj8gRpg,41.7894371,0.8097799,/productores/catalunya/lleida/comelles-fruits-balaguer.webp,pendiente,no comprobado,
xarcuteria-paris-balaguer,Xarcuteria París,Balaguer,Charcutería,"Carne, embutidos y elaborados propios","Carrer del Cardenal Benlloc, 26, 25600 Balaguer, Lleida, Espanya","Productor local incorporado desde fuentes públicas de producto de proximidad de la provincia de Lleida y verificado con Google Maps. Especialidad: carne, embutidos y elaborados propios.","dilluns: 8:30–13:45 | dimarts: 8:30–13:45 | dimecres: 8:30–13:45 | dijous: 8:30–13:45, 17:00–19:45 | divendres: 8:30–13:45, 17:00–19:45 | dissabte: 8:30–13:45 | diumenge: Tancat",+34973448105,xarcuteriaparis@gmail.com,https://xarcuteriaparis.com/,https://www.facebook.com/carnisseriaparis/,https://www.instagram.com/xarcuteriaparis/,https://www.google.com/maps/search/?api=1&query=Xarcuteria-Carnisseria%20Paris%2C%20Carrer%20del%20Cardenal%20Benlloc%2C%2026%2C%2025600%20Balaguer%2C%20Lleida%2C%20Espanya&query_place_id=ChIJi1NFvpjxphIR15tWSjzckbk,41.7914743,0.8108164999999999,/productores/catalunya/lleida/xarcuteria-paris-balaguer.webp,pendiente,sí,
galetes-el-rosal-tarrega,Galetes El Rosal,Tàrrega,Dulces,"Galletas artesanas, arrugats y dulces de obrador","Av Onze de Setembre, s/n, 25300 Tàrrega, Lleida, Espanya","Productor local incorporado desde fuentes públicas de producto de proximidad de la provincia de Lleida y verificado con Google Maps. Especialidad: galletas artesanas, arrugats y dulces de obrador.",dilluns: 9:00–18:00 | dimarts: 9:00–18:00 | dimecres: 9:00–18:00 | dijous: 9:00–18:00 | divendres: 8:00–17:00 | dissabte: Tancat | diumenge: Tancat,+34973312221,elrosal@aalba.cat,https://elrosal.cat/,https://www.facebook.com/galeteselrosal/,https://www.instagram.com/galeteselrosal/,https://www.google.com/maps/search/?api=1&query=Obrador%20de%20galetes%20El%20Rosal%2C%20Av%20Onze%20de%20Setembre%2C%20s%2Fn%2C%2025300%20T%C3%A0rrega%2C%20Lleida%2C%20Espanya&query_place_id=ChIJ7RBuydKephIR_gEaGZrP8FI,41.6441634,1.1346128,/productores/catalunya/lleida/galetes-el-rosal-tarrega.webp,pendiente,sí,
olis-franquesa-tarrega,Olis Franquesa,Tàrrega,Aceite,Aceite de oliva virgen extra arbequina y verdiell,"Carrer de la Indústria, 6, 25300 Tàrrega, Lleida, Espanya",Productor local incorporado desde fuentes públicas de producto de proximidad de la provincia de Lleida y verificado con Google Maps. Especialidad: aceite de oliva virgen extra arbequina y verdiell.,"dilluns: 9:00–13:00, 16:00–20:00 | dimarts: 9:00–13:00, 16:00–20:00 | dimecres: 9:00–13:00, 16:00–20:00 | dijous: 9:00–13:00, 16:00–20:00 | divendres: 9:00–13:00, 16:00–20:00 | dissabte: 9:00–13:00 | diumenge: Tancat",+34973310298,info@olisfranquesa.com,https://olisfranquesa.com/,,https://www.instagram.com/olisfranquesa/,https://www.google.com/maps/search/?api=1&query=Olis%20Franquesa%2C%20Carrer%20de%20la%20Ind%C3%BAstria%2C%206%2C%2025300%20T%C3%A0rrega%2C%20Lleida%2C%20Espanya&query_place_id=ChIJCW2WjwGjphIRMWR0RHVakJ0,41.6483188,1.1349223,/productores/catalunya/lleida/olis-franquesa-tarrega.webp,pendiente,sí,
pere-gasso-tarrega,Pere Gassó,Tàrrega,Charcutería,Productos cárnicos y elaborados de obrador,"Carrer de Jacint Verdaguer, 14, 25300 Tàrrega, Lleida, Espanya","REVISAR (encaje km0): empresa cárnica orientada al canal B2B/foodservice (restauración, hospitales y colegios); confirmar si tiene venta directa de proximidad antes de mantenerla. Elaboración y distribución de productos cárnicos en Tàrrega.",dilluns: 8:00–15:00 | dimarts: 8:00–15:00 | dimecres: 8:00–15:00 | dijous: 8:00–15:00 | divendres: 8:00–15:00 | dissabte: Tancat | diumenge: Tancat,+34973500007,info@peregasso.com,http://www.peregasso.com/,,https://www.instagram.com/peregasso.carns/,https://www.google.com/maps/search/?api=1&query=Pere%20Gass%C3%B3%20S.A%2C%20Carrer%20de%20Jacint%20Verdaguer%2C%2014%2C%2025300%20T%C3%A0rrega%2C%20Lleida%2C%20Espanya&query_place_id=ChIJST22rc-ephIRlrWd5fyCtUk,41.6473932,1.1426824,/productores/catalunya/lleida/pere-gasso-tarrega.webp,pendiente,no comprobado,
pastisseria-patet-mollerussa,Pastisseria Patet,Mollerussa,Pan y pastelería,"Pan, bollería, pastelería y pizzas artesanas","Carrer Jacint Verdaguer, 2, 25230 Mollerussa, Lleida, Espanya","Productor local incorporado desde fuentes públicas de producto de proximidad de la provincia de Lleida y verificado con Google Maps. Especialidad: pan, bollería, pastelería y pizzas artesanas.","dilluns: 7:00–14:00, 16:30–21:30 | dimarts: 7:00–14:00, 16:30–21:30 | dimecres: 7:00–14:00, 16:30–21:30 | dijous: 7:00–14:00, 16:30–21:30 | divendres: 7:00–14:00, 16:30–21:30 | dissabte: 7:00–14:00, 17:00–22:00 | diumenge: 7:00–15:00, 17:00–22:00",+34973600882,,http://patet.cat/es/,https://www.facebook.com/PatetPizza/,https://www.instagram.com/patetpizza/,https://www.google.com/maps/search/?api=1&query=Patet%2C%20Carrer%20Jacint%20Verdaguer%2C%202%2C%2025230%20Mollerussa%2C%20Lleida%2C%20Espanya&query_place_id=ChIJf9Ho8drqphIR7wIw_b-E0x8,41.6296122,0.8945674,/productores/catalunya/lleida/pastisseria-patet-mollerussa.webp,pendiente,no comprobado,
carniques-del-pla-mollerussa,Càrniques del Pla,Mollerussa,Charcutería,Productos cárnicos y elaborados alimentarios,"Carrer d'Enric Granados, 6, 25230 Mollerussa, Lleida, Espanya",REVISAR (encaje km0): mayorista/distribuidor de carne para restauración y comercios (foodservice); confirmar si tiene venta directa de proximidad antes de mantenerla. Productos cárnicos y elaborados en Mollerussa.,dilluns: 6:00–17:00 | dimarts: 6:00–17:00 | dimecres: 6:00–17:00 | dijous: 6:00–17:00 | divendres: 6:00–13:00 | dissabte: Tancat | diumenge: Tancat,+34973600746,comercial@carniquesdelpla.com,http://www.carniquesdelpla.com/,https://www.facebook.com/carniquesdelpla/,https://www.instagram.com/carniquesdelpla/,https://www.google.com/maps/search/?api=1&query=C%C3%A0rniques%20del%20Pla%20S.L%2C%20Carrer%20d'Enric%20Granados%2C%206%2C%2025230%20Mollerussa%2C%20Lleida%2C%20Espanya&query_place_id=ChIJr5Boap0AphIRsj6-LGJu-sE,41.6289062,0.8993144,/productores/catalunya/lleida/carniques-del-pla-mollerussa.webp,pendiente,no comprobado,
ruser-export-mollerussa,Ruser Export,Mollerussa,Fruta,"Fruta dulce de Lleida, melocotón, nectarina, pera y albaricoque","1º, Carrer de Domènec Cardenal, 2, 3ª oficina 4, 25230 Mollerussa, Lérida, Espanya","Productor local incorporado desde fuentes públicas de producto de proximidad de la provincia de Lleida y verificado con Google Maps. Especialidad: fruta dulce de lleida, melocotón, nectarina, pera y albaricoque.",dilluns: 9:00–20:00 | dimarts: 9:00–20:00 | dimecres: 9:00–20:00 | dijous: 9:00–20:00 | divendres: 9:00–20:00 | dissabte: Tancat | diumenge: Tancat,+34973606112,,https://www.ruserexport.com/,,,https://www.google.com/maps/search/?api=1&query=Ruser%20Export%20S.L.U%2C%201%C2%BA%2C%20Carrer%20de%20Dom%C3%A8nec%20Cardenal%2C%202%2C%203%C2%AA%20oficina%204%2C%2025230%20Mollerussa%2C%20L%C3%A9rida%2C%20Espanya&query_place_id=ChIJRf2M3ufqphIR1H-WfOOHuHc,41.629773,0.8918435000000001,,pendiente,no comprobado,
llet-el-castillo-mollerussa,Llet El Castillo,Mollerussa,Lácteos y quesos,Leche y productos lácteos,"Carrer de Ferrer i Busquets, 125, 25230 Mollerussa, Lleida, Espanya",Productor local incorporado desde fuentes públicas de producto de proximidad de la provincia de Lleida y verificado con Google Maps. Especialidad: leche y productos lácteos.,dilluns: Obert 24 hores | dimarts: Obert 24 hores | dimecres: Obert 24 hores | dijous: Obert 24 hores | divendres: Obert 24 hores | dissabte: Obert 24 hores | diumenge: Obert 24 hores,+34900141114,,http://lletelcastillo.cat/,,,https://www.google.com/maps/search/?api=1&query=El%20Castillo%2C%20Carrer%20de%20Ferrer%20i%20Busquets%2C%20125%2C%2025230%20Mollerussa%2C%20Lleida%2C%20Espanya&query_place_id=ChIJPyE7tdPqphIRLI65XkM4E0w,41.630322,0.9019454,/productores/catalunya/lleida/llet-el-castillo-mollerussa.webp,pendiente,no comprobado,
fruites-i-calcots-andreu-lleida,Fruites i Calçots Andreu,Lleida,Fruta y huerta,"Fruta, hortalizas, calçots y salsa de calçots","PARTIDA MALGOVERN, 15, 25192 Lleida, Espanya","Productor local incorporado desde fuentes públicas de producto de proximidad de la provincia de Lleida y verificado con Google Maps. Especialidad: fruta, hortalizas, calçots y salsa de calçots.",dilluns: Obert 24 hores | dimarts: Obert 24 hores | dimecres: Obert 24 hores | dijous: Obert 24 hores | divendres: Obert 24 hores | dissabte: Obert 24 hores | diumenge: Obert 24 hores,+34679962958,info@fruitesandreu.cat,https://fruitesandreu.cat/ca/,https://www.facebook.com/fruitesandreu/,https://www.instagram.com/fruites_calcots_andreu/,https://www.google.com/maps/search/?api=1&query=Fruites%20i%20Cal%C3%A7ots%20Andreu%2C%20PARTIDA%20MALGOVERN%2C%2015%2C%2025192%20Lleida%2C%20Espanya&query_place_id=ChIJMyvY74EfpxIR7zVqF3oW-3Q,41.614691,0.5507909,/productores/catalunya/lleida/fruites-i-calcots-andreu-lleida.webp,pendiente,sí,
grup-aragones-lleida,Grup Aragonés,Lleida,Fruta y huerta,"Fruta, verdura, calçots, aceite, huevos ecológicos y caracoles","Partida Vallcalent, 48, 25198 Lleida, Espanya","Productor local incorporado desde fuentes públicas de producto de proximidad de la provincia de Lleida y verificado con Google Maps. Especialidad: fruta, verdura, calçots, aceite, huevos ecológicos y caracoles.",dilluns: 8:00–22:00 | dimarts: 8:00–22:00 | dimecres: 8:00–22:00 | dijous: 8:00–22:00 | divendres: 8:00–22:00 | dissabte: 8:00–22:00 | diumenge: 8:00–22:00,+34659040514,grupoaragones@gmail.com,http://www.gruparagones.com/,https://www.facebook.com/gruparagones/,https://www.instagram.com/gruparagones/,https://www.google.com/maps/search/?api=1&query=GRUP%20Aragon%C3%A8s%2C%20Partida%20Vallcalent%2C%2048%2C%2025198%20Lleida%2C%20Espanya&query_place_id=ChIJtyjNp7gfpxIRyVINCkH7spM,41.6246763,0.5836869,/productores/catalunya/lleida/grup-aragones-lleida.webp,pendiente,sí,
celler-de-sanui-lleida,Celler de Sanui,Lleida,Bodega,Vinos DO Costers del Segre elaborados en l'Horta de Lleida,"Partida Torres de Sanui, Pol.7 Parc.307, 25193 Lleida, Lérida, Espanya",Productor local incorporado desde fuentes públicas de producto de proximidad de la provincia de Lleida y verificado con Google Maps. Especialidad: vinos do costers del segre elaborados en l'horta de lleida.,dilluns: 8:00–14:00 | dimarts: 8:00–14:00 | dimecres: 8:00–14:00 | dijous: 8:00–14:00 | divendres: 8:00–14:00 | dissabte: Tancat | diumenge: Tancat,+34973428163,,http://www.cellerdesanui.com/,,https://www.instagram.com/celler_sanui/,https://www.google.com/maps/search/?api=1&query=CELLER%20DE%20SANUI%2C%20Partida%20Torres%20de%20Sanui%2C%20Pol.7%20Parc.307%2C%2025193%20Lleida%2C%20L%C3%A9rida%2C%20Espanya&query_place_id=ChIJ6xvtz24fpxIRJryE73MsplQ,41.6379295,0.5312491,/productores/catalunya/lleida/celler-de-sanui-lleida.webp,pendiente,sí,
l-oliverar-de-sanui-lleida,L'Oliverar de Sanui,Lleida,Aceite,Aceite de oliva virgen extra arbequina y productos gourmet de olivo,"Partida Torres de Sanui, 197, 25193 Lleida, Lérida, Espanya",Productor local incorporado desde fuentes públicas de producto de proximidad de la provincia de Lleida y verificado con Google Maps. Especialidad: aceite de oliva virgen extra arbequina y productos gourmet de olivo.,dilluns: 10:00–20:00 | dimarts: 10:00–20:00 | dimecres: 10:00–20:00 | dijous: 10:00–20:00 | divendres: 10:00–20:00 | dissabte: 10:00–20:00 | diumenge: 11:00–14:00,+34608039042,,https://360.lleidaturisme.cat/llocs/loliverar-de-sanui,,https://www.instagram.com/loliverardesanui/,https://www.google.com/maps/search/?api=1&query=L'Oliverar%20de%20Sanui%2C%20Partida%20Torres%20de%20Sanui%2C%20197%2C%2025193%20Lleida%2C%20L%C3%A9rida%2C%20Espanya&query_place_id=ChIJWQT1DFoZpxIRRe7gz-3Xa6g,41.6387696,0.5232361999999999,/productores/catalunya/lleida/l-oliverar-de-sanui-lleida.webp,pendiente,no comprobado,
ous-codi-0-lleida,Ous Codi 0,Lleida,Huevos y granja,Huevos ecológicos de l'Horta de Lleida,"Partida Montcada, 75, 25196 Lleida, Espanya",Productor local incorporado desde fuentes públicas de producto de proximidad de la provincia de Lleida y verificado con Google Maps. Especialidad: huevos ecológicos de l'horta de lleida.,Consultar web,+34630552946,agro@codi0.cat,http://www.codi0.cat/,,https://www.instagram.com/agrocodi0/,https://www.google.com/maps/search/?api=1&query=Agro%20Codi%200%2C%20SCCL%2C%20Partida%20Montcada%2C%2075%2C%2025196%20Lleida%2C%20Espanya&query_place_id=ChIJ7QakxigepxIRMjioAOEt01Y,41.6479891,0.5975558999999999,/productores/catalunya/lleida/ous-codi-0-lleida.webp,pendiente,sí,
formatgeria-serrat-gros-josa-i-tuixent,Formatgeria Serrat Gros,Josa i Tuixent,Lácteos y quesos,"Quesos de cabra de leche cruda, mató y yogur","Cal Jepet, 25717 Josa de Cadí, Josa i Tuixent, Lleida, Espanya","Pastores y queseros del Alt Urgell que elaboran quesos de cabra de leche cruda, mató y yogur con leche de su propio rebaño de alta montaña.",Consultar disponibilidad; producción de abril a diciembre,+34690385556,info@formatgeriaserratgros.com,https://formatgeriaserratgros.com/,https://www.facebook.com/formatgeriaserratgros/,https://www.instagram.com/formatgeriaserratgros/,https://www.google.com/maps/search/?api=1&query=Formatgeria%20Serrat%20Gros%2C%20Cal%20Jepet%2C%2025717%20Josa%20de%20Cad%C3%AD%2C%20Josa%20i%20Tuixent%2C%20Lleida%2C%20Espanya,42.2572712,1.6190988,/productores/catalunya/lleida/formatgeria-serrat-gros-josa-i-tuixent.webp,pendiente,no comprobado,
formatgeria-casa-mateu-rialp,Formatgeria Casa Mateu,Rialp,Lácteos y quesos,Quesos y yogures artesanos de leche de oveja,"C/ Únic, s/n, Casa Mateu, 25594 Surp, Rialp, Lleida, Espanya",Quesería artesana de Surp especializada en quesos y yogures elaborados con leche de oveja en el Pallars Sobirà.,dilluns-diumenge: 10:00–14:00 | dilluns-dissabte: 17:00–20:00,+34973621405,casamateu@formatgeriacasamateu.com,https://www.formatgeriacasamateu.com/,,,https://www.google.com/maps/search/?api=1&query=Formatgeria%20Casa%20Mateu%2C%20C%2F%20%C3%9Anic%2C%20s%2Fn%2C%20Casa%20Mateu%2C%2025594%20Surp%2C%20Rialp%2C%20Lleida%2C%20Espanya,42.4534888,1.1263192,/productores/catalunya/lleida/formatgeria-casa-mateu-rialp.webp,pendiente,sí,
formatges-vilavella-isona-i-conca-della,Formatges Vilavella,Isona i Conca Dellà,Lácteos y quesos,Quesos y yogures ecológicos de cabra,"Carrer Major, 19, 25655 Basturs, Isona i Conca Dellà, Lleida, Espanya",Granja ecológica familiar de Basturs que produce quesos y yogures de cabra con certificación ecológica y venta directa en la formatgeria.,Visitas y compra directa con cita previa,+34973664415,info@formatgesvilavella.com,https://formatgesvilavella.com/,,https://www.instagram.com/formatgesvilavella/,https://www.google.com/maps/search/?api=1&query=Formatges%20Vilavella%2C%20Carrer%20Major%2C%2019%2C%2025655%20Basturs%2C%20Isona%20i%20Conca%20Dell%C3%A0%2C%20Lleida%2C%20Espanya,42.1521796,1.0126841,,pendiente,no comprobado,
formatges-l-oliva-oliana,Formatges L'Oliva,Oliana,Lácteos y quesos,"Quesos de cabra de leche cruda, brossat y recuit","C/ Afores, s/n, Masia L'Oliva, El Castell, 25790 Oliana, Lleida, Espanya","Quesería artesana de Oliana que elabora quesos de cabra, brossat y recuit, y ofrece visitas, talleres y catas en la granja y formatgeria.","Consultar web; visitas, talleres y catas con reserva",+34653053387,contacte@formatgesloliva.com,http://www.formatgesloliva.com/,https://www.facebook.com/FormatgesLOliva,https://www.instagram.com/formatgesloliva/,https://www.google.com/maps/search/?api=1&query=Formatges%20L'Oliva%2C%20C%2F%20Afores%2C%20s%2Fn%2C%20Masia%20L'Oliva%2C%20El%20Castell%2C%2025790%20Oliana%2C%20Lleida%2C%20Espanya,42.079918,1.30358,,pendiente,no comprobado,
cal-quiteria-almacelles,Cal Quitèria - Formatges Artesans de Ponent,Almacelles,Lácteos y quesos,Quesos artesanos de cabra,"Partida Cascall, s/n, 25100 Almacelles, Lleida, Espanya",Quesería familiar de Almacelles que elabora quesos artesanos de cabra controlando el ciclo desde la granja hasta el obrador.,"dilluns-divendres: 9:00–13:00, 16:00–18:30 | dissabte: 9:00–13:00 | diumenge: Tancat",+34973195133,info@calquiteria.com,https://calquiteria.com/,https://www.facebook.com/formatgesdeponent,https://www.instagram.com/calquiteria/,https://www.google.com/maps/search/?api=1&query=Cal%20Quit%C3%A8ria%20-%20Formatges%20Artesans%20de%20Ponent%2C%20Partida%20Cascall%2C%20s%2Fn%2C%2025100%20Almacelles%2C%20Lleida%2C%20Espanya,41.7335540,0.4180393,/productores/catalunya/lleida/cal-quiteria-almacelles.webp,pendiente,sí,
formatgeria-del-miracle-riner,Formatgeria del Miracle,Riner,Lácteos y quesos,Quesos artesanos e iogurts de leche de oveja,"Monestir del Miracle, s/n, 25290 Riner, Lleida, Espanya",Obrador cooperativo del Santuari del Miracle que elabora quesos artesanos e iogurts con leche de oveja en el Solsonès.,Consultar web o visita con reserva,+34637352581,contacte@formatgeriaelmiracle.com,https://www.formatgeriaelmiracle.com/,https://www.facebook.com/formatgeriaelmiracle.coop/,https://www.instagram.com/formatgemiracle/,https://www.google.com/maps/search/?api=1&query=Formatgeria%20del%20Miracle%2C%20Monestir%20del%20Miracle%2C%20s%2Fn%2C%2025290%20Riner%2C%20Lleida%2C%20Espanya,41.9145036,1.5253481,/productores/catalunya/lleida/formatgeria-del-miracle-riner.webp,pendiente,sí,
formatgeria-montsent-de-pallars-rialp,Formatgeria Montsent de Pallars,Rialp,Lácteos y quesos,"Quesos de cabra y oveja del Pallars, mató y brossat","Carrer la Vall, 16, 25594 Rialp, Lleida, Espanya","Formatgeria artesana de Rialp que transforma leche de cabra y oveja de las Valls del Pallars y la Ribagorça en quesos, mató y brossat.",Consultar web; visitas guiadas con reserva previa,+34687863695,formatgeriamontsent@gmail.com,https://formatgeriamontsent.cat/,,https://www.instagram.com/formatgeria_montsent_depallars/,https://www.google.com/maps/search/?api=1&query=Formatgeria%20Montsent%20de%20Pallars%2C%20Carrer%20la%20Vall%2C%2016%2C%2025594%20Rialp%2C%20Lleida%2C%20Espanya,42.4440427,1.1338152,/productores/catalunya/lleida/formatgeria-montsent-de-pallars-rialp.webp,pendiente,no comprobado,
formatge-barida-el-pont-de-bar,Formatge Baridà,El Pont de Bar,Lácteos y quesos,Queso curado de cabra y tupí,"Carrer Única-Bar, 23, 25723 Bar, El Pont de Bar, Lleida, Espanya",Obrador artesano de Bar especializado en queso curado elaborado con leche cruda de cabras alpinas de su propia explotación.,Consultar web o venta directa,+34973384060,info@formatgebarida.com,https://www.formatgebarida.com/,,https://www.instagram.com/formatgebarida/,https://www.google.com/maps/search/?api=1&query=Formatge%20Barid%C3%A0%2C%20Carrer%20%C3%9Anica-Bar%2C%2023%2C%2025723%20Bar%2C%20El%20Pont%20de%20Bar%2C%20Lleida%2C%20Espanya,42.3586107,1.6393613,,pendiente,no comprobado,
cooperativa-cadi-la-seu-d-urgell,Cooperativa Cadí,La Seu d'Urgell,Lácteos y quesos,"Mantequilla Cadí, queso Urgèlia DOP y quesos de vaca","Carrer de Sant Ermengol, 37, 25700 La Seu d'Urgell, Lleida, Espanya","Cooperativa lechera fundada en 1915 en La Seu d’Urgell, elaboradora de mantequilla y quesos con leche fresca de granjas del Alt Urgell y la Cerdanya.",Botiga: 8:00–12:00 | atención de sede: consultar web,+34973350025,cadi@cadi.es,https://cadi.es/,https://www.facebook.com/cadicooperativa,https://www.instagram.com/cadi_cooperativa/,https://www.google.com/maps/search/?api=1&query=Cooperativa%20Cad%C3%AD%2C%20Carrer%20de%20Sant%20Ermengol%2C%2037%2C%2025700%20La%20Seu%20d'Urgell%2C%20Lleida%2C%20Espanya,42.3568089,1.4514312,/productores/catalunya/lleida/cooperativa-cadi-la-seu-d-urgell.webp,pendiente,no comprobado,
formatges-de-l-abadessa-la-seu-d-urgell,Formatges de l'Abadessa,La Seu d'Urgell,Lácteos y quesos,Quesos artesanos de vaca ecológica y cabra,"Carrer dels Canonges, 45, 25700 La Seu d'Urgell, Lleida, Espanya",Microformatgeria del núcleo medieval de La Seu d’Urgell dedicada a quesos artesanos de vaca ecológica y cabra elaborados en el Alt Urgell.,dilluns-divendres: 10:00–14:00 | dissabte: 10:00–14:00 | diumenge: Tancat,+34607579608,formatgesdelabadessa@gmail.com,https://abadessa.cat/,,,https://www.google.com/maps/search/?api=1&query=Formatges%20de%20l'Abadessa%2C%20Carrer%20dels%20Canonges%2C%2045%2C%2025700%20La%20Seu%20d'Urgell%2C%20Lleida%2C%20Espanya,42.3566649,1.4614756,/productores/catalunya/lleida/formatges-de-l-abadessa-la-seu-d-urgell.webp,pendiente,sí,
formatges-castell-llebre-peramola,Formatges Castell-Llebre,Peramola,Lácteos y quesos,Quesos artesanos de cabra,"La Penella, C-14 km 146, 25790 Peramola, Lleida, Espanya","Formatgeria artesana de Peramola situada en La Penella, vinculada a la elaboración local de quesos de cabra del Alt Urgell.",Consultar venta directa,+34973470463,tordesillas3@yahoo.es,,,,https://www.google.com/maps/search/?api=1&query=Formatges%20Castell-Llebre%2C%20La%20Penella%2C%20C-14%20km%20146%2C%2025790%20Peramola%2C%20Lleida%2C%20Espanya,42.1085167,1.2997013,,pendiente,no comprobado,
formatgeria-de-gavas-la-guingueta-d-aneu,Formatgeria de Gavàs,La Guingueta d'Àneu,Lácteos y quesos,"Quesos de cabra ecológicos, mató y tupí","Carrer Única, 1, 25588 Gavàs, La Guingueta d’Àneu, Lleida, Espanya","Formatgeria ecológica de Gavàs que elabora quesos de leche cruda de cabra, mató y tupí con rebaño propio en el Parc Natural de l’Alt Pirineu.",Consultar web o venta directa en el obrador,+34658033626,lagavasenca@gmail.com,https://www.formatgeriadegavas.cat/,,,https://www.google.com/maps/search/?api=1&query=Formatgeria%20de%20Gav%C3%A0s%2C%20Carrer%20%C3%9Anica%2C%201%2C%2025588%20Gav%C3%A0s%2C%20La%20Guingueta%20d%E2%80%99%C3%80neu%2C%20Lleida%2C%20Espanya,42.6416125,1.1602400,/productores/catalunya/lleida/formatgeria-de-gavas-la-guingueta-d-aneu.webp,pendiente,no comprobado,
ctretze-pirineus-la-pobla-de-segur,CTretze Pirineus,La Pobla de Segur,Cerveza artesana,"Cerveza artesana del Pallars, brewpub y eventos culturales","Avinguda de l'Estació, 38, 25500 La Pobla de Segur, Lleida, Espanya","Microcervecería de La Pobla de Segur con fábrica propia y sala cultural, especializada en cervezas artesanas del Pallars.","Restaurant: dijous-divendres 18:30–00:00 | dissabte 12:00–16:00, 18:30–00:00 | diumenge 12:00–16:00",+34973681234,ctretze@ctretze.cat,https://ctretze.cat/,https://www.facebook.com/Ctretze/,https://www.instagram.com/ctretzepirineus/,https://www.google.com/maps/search/?api=1&query=CTretze%20Pirineus%2C%20Avinguda%20de%20l'Estaci%C3%B3%2C%2038%2C%2025500%20La%20Pobla%20de%20Segur%2C%20Lleida%2C%20Espanya,42.2418846,0.9654430,/productores/catalunya/lleida/ctretze-pirineus-la-pobla-de-segur.webp,pendiente,sí,
casa-dalmases-cervera,Casa Dalmases,Cervera,Cerveza artesana,"Cervezas artesanas, chocolate y turrones","Carrer Major, 87-89, 25200 Cervera, Lleida, Espanya",Fundación de Cervera que elabora cerveza artesana y productos dulces con un proyecto de inclusión social y economía del territorio.,dilluns-divendres: 9:30–18:00; espacio degustación según agenda,+34639979212,fundacio@casadalmases.org,https://www.casadalmases.org/,https://www.facebook.com/casadalmases/,https://www.instagram.com/casadalmases/,https://www.google.com/maps/search/?api=1&query=Casa%20Dalmases%2C%20Carrer%20Major%2C%2087-89%2C%2025200%20Cervera%2C%20Lleida%2C%20Espanya,41.6680675,1.2718807,/productores/catalunya/lleida/casa-dalmases-cervera.webp,pendiente,sí,
cerveseria-matoll-belianes,Cerveseria Matoll,Belianes,Cerveza artesana,Cervezas artesanas con ingredientes de proximidad,"Carrer de la Closa, 25, 25266 Belianes, Lleida, Espanya",Cervecería artesana de Belianes vinculada a la Ruta de la Cervesa Artesana de Lleida y al producto de proximidad del Urgell.,Consultar disponibilidad y visitas,+34630243219,info@matoll.cat,,,https://www.instagram.com/matollcervesaartesana/,https://www.google.com/maps/search/?api=1&query=Cerveseria%20Matoll%2C%20Carrer%20de%20la%20Closa%2C%2025%2C%2025266%20Belianes%2C%20Lleida%2C%20Espanya,41.5634121,1.0163843,,pendiente,no comprobado,
cerveses-ponent-sero,Cerveses Ponent,Seró,Cerveza artesana,Cervezas naturales sin filtrar ni pasteurizar,"C/ Sant Miquel, 14, 25739 Seró, Artesa de Segre, Lleida, Espanya","Microcervecería de Seró creada por ingenieros agrónomos que elabora cervezas artesanas naturales, sin filtrar ni pasteurizar.",Visitas guiadas siempre con cita previa,+34636831346,info@cervesesponent.com,https://www.cervesesponent.com/,https://www.facebook.com/cervesesponent,https://www.instagram.com/cervesesponent/,https://www.google.com/maps/search/?api=1&query=Cerveses%20Ponent%2C%20C%2F%20Sant%20Miquel%2C%2014%2C%2025739%20Ser%C3%B3%2C%20Artesa%20de%20Segre%2C%20Lleida%2C%20Espanya,41.8755730,1.1079141,/productores/catalunya/lleida/cerveses-ponent-sero.webp,pendiente,sí,
la-vella-caravana-menarguens,La Vella Caravana,Menàrguens,Cerveza artesana,Cervezas artesanas con maltas y lúpulos de proximidad,"C/Raval 59, 25139 Menàrguens, Lleida, Espanya",Microcervecería de Menàrguens que elabora cervezas artesanas con maltas y lúpulos de proximidad y ofrece visitas con cata.,Visites dissabtes a partir de les 11:00; juny-agost visites nocturnes a partir de les 20:00,+34609748376,info@lavellacaravana.cat,https://lavellacaravana.cat/,https://es-es.facebook.com/Cervesalavellacaravana/,https://www.instagram.com/lavellacaravana,https://www.google.com/maps/search/?api=1&query=La%20Vella%20Caravana%2C%20C%2FRaval%2059%2C%2025139%20Men%C3%A0rguens%2C%20Lleida%2C%20Espanya,41.7354390,0.7496712,/productores/catalunya/lleida/la-vella-caravana-menarguens.webp,pendiente,no comprobado,
lo-perot-penelles,Lo Perot,Penelles,Cerveza artesana,Cervezas naturales sin filtrar ni pasteurizar,"Avinguda del Doctor Font i Gasset, 25335 Penelles, Lleida, Espanya","Obrador de Penelles especializado en cerveza artesana natural, sin filtrar ni pasteurizar, con actividades de degustación en Espai Perot.",Consultar visitas y degustaciones,+34610474432,hola@loperot.com,http://loperot.com/,,,https://www.google.com/maps/search/?api=1&query=Lo%20Perot%2C%20Avinguda%20del%20Doctor%20Font%20i%20Gasset%2C%2025335%20Penelles%2C%20Lleida%2C%20Espanya,41.7584153,0.9640280,,pendiente,no comprobado,
cervesa-bcd-vallfogona-de-balaguer,Cervesa BCD,Vallfogona de Balaguer,Cerveza artesana,"Paupi, Xebec, Llagut, Dau y Drakar","C/ Nord, 25680 Vallfogona de Balaguer, Lleida, Espanya",Obrador de Vallfogona de Balaguer que elabora cervezas artesanas naturales de diferentes estilos y ofrece visitas al obrador.,Consultar visitas al obrador,+34629249208,info@cervesabcd.com,https://cervesabcd.com/,,https://www.instagram.com/espai_bcd/,https://www.google.com/maps/search/?api=1&query=Cervesa%20BCD%2C%20C%2F%20Nord%2C%2025680%20Vallfogona%20de%20Balaguer%2C%20Lleida%2C%20Espanya,41.7528143,0.8166660,/productores/catalunya/lleida/cervesa-bcd-vallfogona-de-balaguer.webp,pendiente,no comprobado,
refu-fabrica-alternativa-bossost,REFU Fàbrica Alternativa,Bossòst,Cerveza artesana,Cervezas craft del Val d’Aran,"Carrer Sorieus, 9, 25550 Bossòst, Lleida, Espanya",Microcervecería de Bossòst que elabora cerveza craft hecha en el Val d’Aran y abre tap room de temporada con visitas a fábrica.,Tap room de verano: dimecres-diumenge des de les 18:00; visites guiades 18:30 segons temporada,+34973648145,fabrica@refubirreria.com,https://refubirreria.com/,,https://www.instagram.com/refufabricaalternativa,https://maps.app.goo.gl/AY68DzekqXa8Xb1P7,42.7821199,0.6873666,/productores/catalunya/lleida/refu-fabrica-alternativa-bossost.webp,pendiente,sí,
brebel-torrefarrera,Brebel,Torrefarrera,Cerveza artesana,"Cerveza artesana solidaria, sin gluten y sin alcohol","Pol. Ind. Les Comes, C/ Gregal, 13, 25123 Torrefarrera, Lleida, Espanya",Marca de cerveza artesana solidaria de Lleida orientada a financiar proyectos transformadores mediante venta directa online.,Venta online; consultar distribución y recogida,+34659114780,xavier@brebel.beer,https://www.brebel.beer/es/,https://www.facebook.com/brebelbeer/,https://www.instagram.com/brebelbeer/,https://www.google.com/maps/search/?api=1&query=Brebel%2C%20Pol.%20Ind.%20Les%20Comes%2C%20C%2F%20Gregal%2C%2013%2C%2025123%20Torrefarrera%2C%20Lleida%2C%20Espanya,41.6714361,0.6018595,/productores/catalunya/lleida/brebel-torrefarrera.webp,pendiente,sí,
formatges-montllobe-aitona,Formatges Montllobé,Aitona,Lácteos y quesos,"Elaboradores de quesos artesanos de cabra (mató, pasta tova, curados) con rebaño propio desde 1993.","Aitona, Lleida, España","Productor local artesanal de lácteos y quesos en Aitona (Segrià). Especializado en elaboradores de quesos artesanos de cabra (mató, pasta tova, curados) con rebaño propio desde 1993..",Consultar web o venta directa,+34659495310,info@formatgesmontllobe.com,https://formatgesmontllobe.com/,,https://www.instagram.com/montllobe_tabollet.aitona/,https://www.google.com/maps/search/?api=1&query=Formatges%20Montllob%C3%A9%2C%20Aitona%2C%20Lleida,41.4945,0.45936,/productores/catalunya/lleida/formatges-montllobe-aitona.webp,parcial,sí,
la-reula-figols-i-alinya,La Reula,Fígols i Alinyà,Lácteos y quesos,"Elaboración artesanal de yogures, mató y lácteos con la leche de sus propias vacas.","Fígols i Alinyà, Lleida, España","Productor local artesanal de lácteos y quesos en Fígols i Alinyà (Alt Urgell). Especializado en elaboración artesanal de yogures, mató y lácteos con la leche de sus propias vacas..",Consultar web o venta directa,+34646636076,info@lareula.cat,http://lareula.cat/,,https://www.instagram.com/formatgerialareula/,https://www.google.com/maps/search/?api=1&query=La%20Reula%2C%20F%C3%ADgols%20i%20Aliny%C3%A0%2C%20Lleida,42.20472,1.34167,/productores/catalunya/lleida/la-reula-figols-i-alinya.webp,parcial,sí,
casa-sibillo-gimenells-i-el-pla-de-la-font,Casa Sibilló,Gimenells i el Pla de la Font,Lácteos y quesos,Productores artesanos de yogures y quesos de leche fresca de su granja familiar.,"Gimenells i el Pla de la Font, Lleida, España",Productor local artesanal de lácteos y quesos en Gimenells i el Pla de la Font (Segrià). Especializado en productores artesanos de yogures y quesos de leche fresca de su granja familiar..,Consultar web o venta directa,+34973748121,info@casasibillo.com,https://www.casasibillo.com/,,,https://www.google.com/maps/search/?api=1&query=Casa%20Sibill%C3%B3%2C%20Gimenells%20i%20el%20Pla%20de%20la%20Font%2C%20Lleida,41.65361,0.39083,/productores/catalunya/lleida/casa-sibillo-gimenells-i-el-pla-de-la-font.webp,parcial,no,
hormatges-tarrau-bagergue-naut-aran,Hormatges Tarrau,Bagergue (Naut Aran),Lácteos y quesos,Quesos tradicionales de vaca madurados en cuevas de piedra natural a 1.419 metros de altitud.,"Bagergue (Naut Aran), Lleida, España",Productor local artesanal de lácteos y quesos en Bagergue (Naut Aran) (Val d'Aran). Especializado en quesos tradicionales de vaca madurados en cuevas de piedra natural a 1.419 metros de altitud..,Consultar web o venta directa,+34607722621,,https://www.visitvaldaran.com/ca/agenda/hormatges-tarrau/,,https://www.instagram.com/hormatgestarrau/,https://www.google.com/maps/search/?api=1&query=Hormatges%20Tarrau%2C%20Bagergue%20%28Naut%20Aran%29%2C%20Lleida,42.70917,0.90278,,parcial,no,
formatges-de-clua-la-clua-artesa-de-segre,Formatges de Clua,La Clua (Artesa de Segre),Lácteos y quesos,"Quesos artesanos de leche cruda de cabra de su propio rebaño, como el Cendrat del Montsec.","La Clua (Artesa de Segre), Lleida, España",CERRADA: la formatgeria echó el cierre tras la venta forzosa del rebaño de cabras y la pérdida de la finca (fuente: segre.com). Era un productor artesanal de quesos de leche cruda de cabra (Cendrat del Montsec) en La Clua (Artesa de Segre).,Consultar web o venta directa,+34616832320,info@formatgesdeclua.com,https://www.formatgesdeclua.com/,,https://www.instagram.com/formatgesdeclua/,https://www.google.com/maps/search/?api=1&query=Formatges%20de%20Clua%2C%20La%20Clua%20%28Artesa%20de%20Segre%29%2C%20Lleida,41.89539,1.04543,,pendiente,no comprobado,
formatgeria-les-roques-sant-llorenc-de-morunys,Formatgeria Les Roques,Sant Llorenç de Morunys,Lácteos y quesos,"Elaboración tradicional de quesos de cabra, mató, yogures y flams desde 1988.","Sant Llorenç de Morunys, Lleida, España","Productor local artesanal de lácteos y quesos en Sant Llorenç de Morunys (Solsonès). Especializado en elaboración tradicional de quesos de cabra, mató, yogures y flams desde 1988..",Consultar web o venta directa,+34680947711,formatgeslesroques@gmail.com,https://formatgeslesroques.com/,,https://www.instagram.com/formatgeslesroques/,https://www.google.com/maps/search/?api=1&query=Formatgeria%20Les%20Roques%2C%20Sant%20Lloren%C3%A7%20de%20Morunys%2C%20Lleida,42.13721,1.59009,,parcial,sí,
formatgeria-valette-sant-llorenc-de-morunys,Formatgeria Valette,Sant Llorenç de Morunys,Lácteos y quesos,Especialistas en quesos artesanos de larga maduración elaborados con leche cruda de oveja.,"Sant Llorenç de Morunys, Lleida, España",Productor local artesanal de lácteos y quesos en Sant Llorenç de Morunys (Solsonès). Especializado en especialistas en quesos artesanos de larga maduración elaborados con leche cruda de oveja..,Consultar web o venta directa,+34609776531,valette@valette.cat,http://valette.cat/,,https://www.instagram.com/formatgeriavalette/,https://www.google.com/maps/search/?api=1&query=Formatgeria%20Valette%2C%20Sant%20Lloren%C3%A7%20de%20Morunys%2C%20Lleida,42.13721,1.59009,,parcial,sí,
forn-papanbread-lleida,Forn Papanbread,Lleida,Pan y pastelería,"Panadería de autor a cargo de Roger Canela, reconocida por sus panes de masa madre de larga fermentación.","Lleida, Lleida, España","Productor local artesanal de pan y pastelería en Lleida (Segrià). Especializado en panadería de autor a cargo de roger canela, reconocida por sus panes de masa madre de larga fermentación..",Consultar web o venta directa,+34973222888,forn@papanbread.com,https://www.papanbread.com/,,https://www.instagram.com/papanbread/,https://www.google.com/maps/search/?api=1&query=Forn%20Papanbread%2C%20Lleida%2C%20Lleida,41.61667,0.63333,,parcial,no,
forn-la-fleca-lleida,Forn La Fleca,Lleida,Pan y pastelería,"Una de las panaderías más antiguas (fundada en 1902), que elabora panes artesanos con fermentación natural.","Lleida, Lleida, España","Productor local artesanal de pan y pastelería en Lleida (Segrià). Especializado en una de las panaderías más antiguas (fundada en 1902), que elabora panes artesanos con fermentación natural..",Consultar web o venta directa,,,,,,https://www.google.com/maps/search/?api=1&query=Forn%20La%20Fleca%2C%20Lleida%2C%20Lleida,41.61667,0.63333,,parcial,no comprobado,
m-serra-forn-i-pastisseria-lleida,M. Serra Forn i Pastisseria,Lleida,Pan y pastelería,Empresa familiar desde 1958 que conserva un histórico horno de leña de 1848 y destaca por sus coques de recapte.,"Lleida, Lleida, España",Productor local artesanal de pan y pastelería en Lleida (Segrià). Especializado en empresa familiar desde 1958 que conserva un histórico horno de leña de 1848 y destaca por sus coques de recapte..,Consultar web o venta directa,,,,,,https://www.google.com/maps/search/?api=1&query=M.%20Serra%20Forn%20i%20Pastisseria%2C%20Lleida%2C%20Lleida,41.61667,0.63333,,parcial,no comprobado,
casa-pons-forners-lleida,Casa Pons Forners,Lleida,Pan y pastelería,"Horno tradicional en el barrio de la Bordeta, muy valorado por sus coques de recapte y pan artesanal.","Lleida, Lleida, España","Productor local artesanal de pan y pastelería en Lleida (Segrià). Especializado en horno tradicional en el barrio de la bordeta, muy valorado por sus coques de recapte y pan artesanal..",Consultar web o venta directa,,,,,,https://www.google.com/maps/search/?api=1&query=Casa%20Pons%20Forners%2C%20Lleida%2C%20Lleida,41.61667,0.63333,,parcial,no comprobado,
antic-forn-de-pa-j-marti-llaras-lleida,Antic Forn de Pa J. Martí Llarás,Lleida,Pan y pastelería,Obrador tradicional galardonado con el premio al mejor pan de la demarcación de Lleida (2025).,"Lleida, Lleida, España",Productor local artesanal de pan y pastelería en Lleida (Segrià). Especializado en obrador tradicional galardonado con el premio al mejor pan de la demarcación de lleida (2025)..,Consultar web o venta directa,,,,,,https://www.google.com/maps/search/?api=1&query=Antic%20Forn%20de%20Pa%20J.%20Mart%C3%AD%20Llar%C3%A1s%2C%20Lleida%2C%20Lleida,41.61667,0.63333,,parcial,no comprobado,
forn-de-pa-farre-tremp,Forn de pa Farré,Tremp,Pan y pastelería,Tres generaciones elaborando pan artesano amasado a mano y cocido en horno de leña tradicional.,"Tremp, Lleida, España",Productor local artesanal de pan y pastelería en Tremp (Pallars Jussà). Especializado en tres generaciones elaborando pan artesano amasado a mano y cocido en horno de leña tradicional..,Consultar web o venta directa,,,,,,https://www.google.com/maps/search/?api=1&query=Forn%20de%20pa%20Farr%C3%A9%2C%20Tremp%2C%20Lleida,42.16668,0.89465,,parcial,no comprobado,
forn-de-pa-ribera-tremp,Forn de pa Ribera,Tremp,Pan y pastelería,Panes y cocas tradicionales elaborados con técnicas manuales y cocción en horno de leña sobre piedra.,"Tremp, Lleida, España",Productor local artesanal de pan y pastelería en Tremp (Pallars Jussà). Especializado en panes y cocas tradicionales elaborados con técnicas manuales y cocción en horno de leña sobre piedra..,Consultar web o venta directa,,,,,,https://www.google.com/maps/search/?api=1&query=Forn%20de%20pa%20Ribera%2C%20Tremp%2C%20Lleida,42.16668,0.89465,,parcial,no comprobado,
forn-de-pa-montsec-tremp,Forn de Pa Montsec,Tremp,Pan y pastelería,Horno tradicional centrado en el uso de harinas rústicas seleccionadas de la comarca y masa madre.,"Tremp, Lleida, España",Productor local artesanal de pan y pastelería en Tremp (Pallars Jussà). Especializado en horno tradicional centrado en el uso de harinas rústicas seleccionadas de la comarca y masa madre..,Consultar web o venta directa,,,,,,https://www.google.com/maps/search/?api=1&query=Forn%20de%20Pa%20Montsec%2C%20Tremp%2C%20Lleida,42.16668,0.89465,,parcial,no comprobado,
la-original-forn-del-serafi-la-seu-durgell,La Original (Forn del Serafí),La Seu d'Urgell,Pan y pastelería,"Fleca artesana activa desde 1957, especialista en fermentaciones lentas y bollería tradicional del Pirineo.","La Seu d'Urgell, Lleida, España","Productor local artesanal de pan y pastelería en La Seu d'Urgell (Alt Urgell). Especializado en fleca artesana activa desde 1957, especialista en fermentaciones lentas y bollería tradicional del pirineo..",Consultar web o venta directa,+34973351557,info@laoriginal.cat,https://laoriginal.cat/,,https://www.instagram.com/laoriginal_seu/,https://www.google.com/maps/search/?api=1&query=La%20Original%20%28Forn%20del%20Seraf%C3%AD%29%2C%20La%20Seu%20d%27Urgell%2C%20Lleida,42.35778,1.45861,/productores/catalunya/lleida/la-original-forn-del-serafi-la-seu-durgell.webp,parcial,no,
crosta-i-molla-la-seu-durgell,Crosta i Molla,La Seu d'Urgell,Pan y pastelería,Obrador artesanal creativo con proceso de elaboración a la vista del cliente.,"La Seu d'Urgell, Lleida, España",Productor local artesanal de pan y pastelería en La Seu d'Urgell (Alt Urgell). Especializado en obrador artesanal creativo con proceso de elaboración a la vista del cliente..,Consultar web o venta directa,+34973355014,obrador@crostaimolla.com,https://www.crostaimolla.com/,,https://www.instagram.com/crostaimolla/,https://www.google.com/maps/search/?api=1&query=Crosta%20i%20Molla%2C%20La%20Seu%20d%27Urgell%2C%20Lleida,42.35778,1.45861,,parcial,no,
forn-tahussa-coll-de-nargo,Forn Tahussà,Coll de Nargó,Pan y pastelería,Panadería con una larga tradición familiar que mantiene la cocción de sus panes en horno de leña.,"Coll de Nargó, Lleida, España",Productor local artesanal de pan y pastelería en Coll de Nargó (Alt Urgell). Especializado en panadería con una larga tradición familiar que mantiene la cocción de sus panes en horno de leña..,Consultar web o venta directa,,,,,,https://www.google.com/maps/search/?api=1&query=Forn%20Tahuss%C3%A0%2C%20Coll%20de%20Narg%C3%B3%2C%20Lleida,42.17376,1.31621,,parcial,no comprobado,
cal-jaumet-del-forn-solsona,Cal Jaumet del Forn,Solsona,Pan y pastelería,"Horno tradicional con zona de granja-cafetería, reconocido por su pan artesanal de leña.","Solsona, Lleida, España","Productor local artesanal de pan y pastelería en Solsona (Solsonès). Especializado en horno tradicional con zona de granja-cafetería, reconocido por su pan artesanal de leña..",Consultar web o venta directa,,,,,,https://www.google.com/maps/search/?api=1&query=Cal%20Jaumet%20del%20Forn%2C%20Solsona%2C%20Lleida,41.99442,1.51782,,parcial,no comprobado,
forn-pastisseria-camps-solsona,Forn Pastisseria Camps,Solsona,Pan y pastelería,"Establecimiento centenario con reconocimiento de artesano alimentario, especialista en repostería y panes tradicionales.","Solsona, Lleida, España","Productor local artesanal de pan y pastelería en Solsona (Solsonès). Especializado en establecimiento centenario con reconocimiento de artesano alimentario, especialista en repostería y panes tradicionales..",Consultar web o venta directa,+34973480201,info@pastisseriacamps.com,https://www.pastisseriacamps.com/,,https://www.instagram.com/pastisseriacamps/,https://www.google.com/maps/search/?api=1&query=Forn%20Pastisseria%20Camps%2C%20Solsona%2C%20Lleida,41.99442,1.51782,,parcial,no,
pa-dabans-cervera,Pa d'abans,Cervera,Pan y pastelería,Panes ecológicos artesanos elaborados con masa madre y harinas ecológicas molidas a la piedra.,"Cervera, Lleida, España",Productor local artesanal de pan y pastelería en Cervera (Segarra). Especializado en panes ecológicos artesanos elaborados con masa madre y harinas ecológicas molidas a la piedra..,Consultar web o venta directa,+34629110224,hola@padabans.cat,https://padabans.cat/,,https://www.instagram.com/pa_dabans/,https://www.google.com/maps/search/?api=1&query=Pa%20d%27abans%2C%20Cervera%2C%20Lleida,41.66807,1.27188,,parcial,no,
forn-cal-benet-ponts,Forn Cal Benet,Ponts,Pan y pastelería,Centenaria saga de forneros (desde 1916) famosa por sus panes artesanales cocidos a la leña y cocas de recapte tradicionales.,"Ponts, Lleida, España",Productor local artesanal de pan y pastelería en Ponts (Noguera). Especializado en centenaria saga de forneros (desde 1916) famosa por sus panes artesanales cocidos a la leña y cocas de recapte tradicionales..,Consultar web o venta directa,,,,,,https://www.google.com/maps/search/?api=1&query=Forn%20Cal%20Benet%2C%20Ponts%2C%20Lleida,41.91601,1.18825,,parcial,no comprobado,
forn-de-pa-solans-ponts,Forn de Pa Solans,Ponts,Pan y pastelería,"Panadería artesana inscrita bajo la IGP Pa de Pagès Català, que mantiene las fermentaciones lentas.","Ponts, Lleida, España","Productor local artesanal de pan y pastelería en Ponts (Noguera). Especializado en panadería artesana inscrita bajo la igp pa de pagès català, que mantiene las fermentaciones lentas..",Consultar web o venta directa,,,,,,https://www.google.com/maps/search/?api=1&query=Forn%20de%20Pa%20Solans%2C%20Ponts%2C%20Lleida,41.91601,1.18825,,parcial,no comprobado,
forn-mir-lleida,Forn Mir,Lleida,Pan y pastelería,Horno tradicional abierto desde 1956 que destaca por sus panes de masa madre de larga fermentación.,"Lleida, Lleida, España",Productor local artesanal de pan y pastelería en Lleida (Segrià). Especializado en horno tradicional abierto desde 1956 que destaca por sus panes de masa madre de larga fermentación..,Consultar web o venta directa,,,,,,https://www.google.com/maps/search/?api=1&query=Forn%20Mir%2C%20Lleida%2C%20Lleida,41.61667,0.63333,,parcial,no comprobado,
cal-figuerosa-barbens,Cal Figuerosa,Barbens,Pan y pastelería,Establecimiento centenario y tradicional de panadería reconocido por la Generalitat de Catalunya.,"Barbens, Lleida, España",Productor local artesanal de pan y pastelería en Barbens (Pla d'Urgell). Especializado en establecimiento centenario y tradicional de panadería reconocido por la generalitat de catalunya..,Consultar web o venta directa,,,,,,https://www.google.com/maps/search/?api=1&query=Cal%20Figuerosa%2C%20Barbens%2C%20Lleida,41.67972,1.01806,,parcial,no comprobado,
forn-sant-antoni-lleida,Forn Sant Antoni,Lleida,Pan y pastelería,"Fleca artesana ubicada en el núcleo histórico de Lleida, muy valorada por su pa de pagès tradicional.","Lleida, Lleida, España","Productor local artesanal de pan y pastelería en Lleida (Segrià). Especializado en fleca artesana ubicada en el núcleo histórico de lleida, muy valorada por su pa de pagès tradicional..",Consultar web o venta directa,,,,,,https://www.google.com/maps/search/?api=1&query=Forn%20Sant%20Antoni%2C%20Lleida%2C%20Lleida,41.61667,0.63333,,parcial,no comprobado,
cooperativa-darbeca-arbeca,Cooperativa d'Arbeca,Arbeca,Aceite,Aceite de oliva virgen extra de oliva arbequina con D.O.P. Les Garrigues.,"Arbeca, Lleida, España",Productor local artesanal de aceite en Arbeca (Les Garrigues). Especializado en aceite de oliva virgen extra de oliva arbequina con d.o.p. les garrigues..,Consultar web o venta directa,+34973160008,info@cooperativaarbeca.cat,https://www.cooperativaarbeca.cat/,,https://www.instagram.com/coobarbeca/,https://www.google.com/maps/search/?api=1&query=Cooperativa%20d%27Arbeca%2C%20Arbeca%2C%20Lleida,41.54167,0.9237,,parcial,sí,
cooperativa-sant-isidre-les-borges-blanques,Cooperativa Sant Isidre,Les Borges Blanques,Aceite,"Cooperativa histórica fundada en 1912, productora de los reconocidos aceites *Terrall de Sant Isidre*.","Les Borges Blanques, Lleida, España","Productor local artesanal de aceite en Les Borges Blanques (Les Garrigues). Especializado en cooperativa histórica fundada en 1912, productora de los reconocidos aceites *terrall de sant isidre*..",Consultar web o venta directa,+34973142650,info@terrall.es,https://www.terrall.es/,,https://www.instagram.com/terrall_borges/,https://www.google.com/maps/search/?api=1&query=Cooperativa%20Sant%20Isidre%2C%20Les%20Borges%20Blanques%2C%20Lleida,41.51944,0.86833,/productores/catalunya/lleida/cooperativa-sant-isidre-les-borges-blanques.webp,parcial,sí,
cooperativa-de-la-granadella-la-granadella,Cooperativa de La Granadella,La Granadella,Aceite,"Elaboración artesanal del aceite *Degustus* (D.O.P. Les Garrigues), con un molino histórico visitable.","La Granadella, Lleida, España","Productor local artesanal de aceite en La Granadella (Les Garrigues). Especializado en elaboración artesanal del aceite *degustus* (d.o.p. les garrigues), con un molino histórico visitable..",Consultar web o venta directa,+34973133017,info@degustus.es,https://degustus.es/,,https://www.instagram.com/degustus_oove/,https://www.google.com/maps/search/?api=1&query=Cooperativa%20de%20La%20Granadella%2C%20La%20Granadella%2C%20Lleida,41.35694,0.66639,,parcial,sí,
cooperativa-del-camp-de-bovera-bovera,Cooperativa del Camp de Bovera,Bovera,Aceite,"Pequeña cooperativa fundada en 1950, productora del aceite *Or del Terme* de oliva arbequina.","Bovera, Lleida, España","Productor local artesanal de aceite en Bovera (Les Garrigues). Especializado en pequeña cooperativa fundada en 1950, productora del aceite *or del terme* de oliva arbequina..",Consultar web o venta directa,+34973133202,boveracoop@gmail.com,https://www.boveracoop.cat/,,,https://www.google.com/maps/search/?api=1&query=Cooperativa%20del%20Camp%20de%20Bovera%2C%20Bovera%2C%20Lleida,41.32833,0.64,,parcial,sí,
cooperativa-de-juncosa-juncosa,Cooperativa de Juncosa,Juncosa,Aceite,Cooperativa centenaria (1919) elaboradora del multipremiado aceite virgen extra arbequina *Les Cabanes*.,"Juncosa, Lleida, España",Productor local artesanal de aceite en Juncosa (Les Garrigues). Especializado en cooperativa centenaria (1919) elaboradora del multipremiado aceite virgen extra arbequina *les cabanes*..,Consultar web o venta directa,+34973128010,info@lescabanes.com,https://www.lescabanes.com/,,https://www.instagram.com/lescabanesoove/,https://www.google.com/maps/search/?api=1&query=Cooperativa%20de%20Juncosa%2C%20Juncosa%2C%20Lleida,41.37092,0.77533,,parcial,sí,
cooperativa-del-soleras-el-soleras,Cooperativa del Soleràs,El Soleràs,Aceite,"Histórica cooperativa con almazara modernista diseñada por Cèsar Martinell, productora de aceite arbequina.","El Soleràs, Lleida, España","Productor local artesanal de aceite en El Soleràs (Les Garrigues). Especializado en histórica cooperativa con almazara modernista diseñada por cèsar martinell, productora de aceite arbequina..",Consultar web o venta directa,+34973128120,info@olidera.com,https://www.olidera.com/,,,https://www.google.com/maps/search/?api=1&query=Cooperativa%20del%20Soler%C3%A0s%2C%20El%20Soler%C3%A0s%2C%20Lleida,41.41298,0.68334,,parcial,sí,
oli-migjorn-naves,Oli Migjorn,Navès,Aceite,Aceite de oliva virgen extra de alta calidad obtenido de campos de olivos recuperados bajo técnicas ecológicas.,"Navès, Lleida, España",Productor local artesanal de aceite en Navès (Solsonès). Especializado en aceite de oliva virgen extra de alta calidad obtenido de campos de olivos recuperados bajo técnicas ecológicas..,Consultar web o venta directa,+34670225511,info@olimigjorn.com,https://olimigjorn.com/,,https://www.instagram.com/olimigjorn/,https://www.google.com/maps/search/?api=1&query=Oli%20Migjorn%2C%20Nav%C3%A8s%2C%20Lleida,41.99171,1.63502,/productores/catalunya/lleida/oli-migjorn-naves.webp,parcial,sí,
clos-pons-lalbages,Clos Pons,L'Albagés,Bodega,"Vinos ecológicos con D.O. Costers del Segre (*Alges*, *Sisquella*) elaborados en un singular celler.","L'Albagés, Lleida, España","Productor local artesanal de bodega en L'Albagés (Les Garrigues). Especializado en vinos ecológicos con d.o. costers del segre (*alges*, *sisquella*) elaborados en un singular celler..",Consultar web o venta directa,+34973070737,info@clospons.com,https://www.clospons.com/,,https://www.instagram.com/clospons/,https://www.google.com/maps/search/?api=1&query=Clos%20Pons%2C%20L%27Albag%C3%A9s%2C%20Lleida,41.45056,0.74028,/productores/catalunya/lleida/clos-pons-lalbages.webp,parcial,sí,
celler-vila-corona-tremp,Celler Vila Corona,Tremp,Bodega,"Pioneros en vinos con influencia de alta montaña en Vilamitjana (D.O. Costers del Segre, gama *Llabustes*).","Tremp, Lleida, España","Productor local artesanal de bodega en Tremp (Pallars Jussà). Especializado en pioneros en vinos con influencia de alta montaña en vilamitjana (d.o. costers del segre, gama *llabustes*)..",Consultar web o venta directa,+34973652600,celler@vilacorona.cat,https://vilacorona.cat/,,https://www.instagram.com/cellervilacorona/,https://www.google.com/maps/search/?api=1&query=Celler%20Vila%20Corona%2C%20Tremp%2C%20Lleida,42.16668,0.89465,/productores/catalunya/lleida/celler-vila-corona-tremp.webp,parcial,sí,
celler-comalats-montoliu-de-segarra,Celler Comalats,Montoliu de Segarra,Bodega,"Bodega familiar en l'Ametlla de Segarra, especializada en vinos ecológicos y naturales a 720 metros de altitud.","Montoliu de Segarra, Lleida, España","Productor local artesanal de bodega en Montoliu de Segarra (Segarra). Especializado en bodega familiar en l'ametlla de segarra, especializada en vinos ecológicos y naturales a 720 metros de altitud..",Consultar web o venta directa,+34620909231,celler@comalats.cat,https://www.comalats.cat/,,https://www.instagram.com/cellercomalats/,https://www.google.com/maps/search/?api=1&query=Celler%20Comalats%2C%20Montoliu%20de%20Segarra%2C%20Lleida,41.59016,1.26982,/productores/catalunya/lleida/celler-comalats-montoliu-de-segarra.webp,parcial,sí,
celler-cercavins-verdu,Celler Cercavins,Verdú,Bodega,Producción de vinos con D.O. Costers del Segre (*Bru de Verdú*) caracterizados por el contraste térmico de Verdú.,"Verdú, Lleida, España",Productor local artesanal de bodega en Verdú (Urgell). Especializado en producción de vinos con d.o. costers del segre (*bru de verdú*) caracterizados por el contraste térmico de verdú..,Consultar web o venta directa,+34973347047,cercavins@cercavins.com,https://www.cercavins.com/,,https://www.instagram.com/cellercercavins/,https://www.google.com/maps/search/?api=1&query=Celler%20Cercavins%2C%20Verd%C3%BA%2C%20Lleida,41.60954,1.14086,,parcial,sí,
celler-terrer-de-pallars-figuerola-dorcau,Celler Terrer de Pallars,Figuerola d'Orcau,Bodega,Vinos de altitud cultivados a 650 metros con variedades locales como *Conca d'Orcau* y ratafía de vino blanco.,"Figuerola d'Orcau, Lleida, España",Productor local artesanal de bodega en Figuerola d'Orcau (Pallars Jussà). Especializado en vinos de altitud cultivados a 650 metros con variedades locales como *conca d'orcau* y ratafía de vino blanco..,Consultar web o venta directa,+34649931102,info@terrerdepallars.com,http://terrerdepallars.com/,,https://www.instagram.com/terrerdepallars/,https://www.google.com/maps/search/?api=1&query=Celler%20Terrer%20de%20Pallars%2C%20Figuerola%20d%27Orcau%2C%20Lleida,42.13037,0.99447,/productores/catalunya/lleida/celler-terrer-de-pallars-figuerola-dorcau.webp,parcial,sí,
celler-el-vinyer-figols-de-tremp,Celler El Vinyer,Fígols de Tremp,Bodega,Bodega familiar pirenaica centrada en la recuperación de viñedos tradicionales de alta montaña.,"Fígols de Tremp, Lleida, España",Productor local artesanal de bodega en Fígols de Tremp (Pallars Jussà). Especializado en bodega familiar pirenaica centrada en la recuperación de viñedos tradicionales de alta montaña..,Consultar web o venta directa,+34636949211,info@elvinyer.com,https://www.elvinyer.com/,,https://www.instagram.com/cellerelvinyer/,https://www.google.com/maps/search/?api=1&query=Celler%20El%20Vinyer%2C%20F%C3%ADgols%20de%20Tremp%2C%20Lleida,42.15282,0.81485,,parcial,sí,
vall-de-baldomar-baldomar-artesa-de-segre,Vall de Baldomar,Baldomar (Artesa de Segre),Bodega,"Vinos de montaña D.O. Costers del Segre, conocidos por sus marcas *Cristiari* y *Baldoma*.","Baldomar (Artesa de Segre), Lleida, España","Productor local artesanal de bodega en Baldomar (Artesa de Segre) (Noguera). Especializado en vinos de montaña d.o. costers del segre, conocidos por sus marcas *cristiari* y *baldoma*..",Consultar web o venta directa,+34973400707,info@valldebaldomar.com,https://www.valldebaldomar.com/,,,https://www.google.com/maps/search/?api=1&query=Vall%20de%20Baldomar%2C%20Baldomar%20%28Artesa%20de%20Segre%29%2C%20Lleida,41.89539,1.04543,,parcial,sí,
boldu-viticultors-verdu,Boldú Viticultors,Verdú,Bodega,Celler de viñas ecológicas familiares situadas alrededor de la moderna Finca Ventallola.,"Verdú, Lleida, España",Productor local artesanal de bodega en Verdú (Urgell). Especializado en celler de viñas ecológicas familiares situadas alrededor de la moderna finca ventallola..,Consultar web o venta directa,+34659074301,info@bolduviticultors.com,https://bolduviticultors.com/,,https://www.instagram.com/bolduviticultors/,https://www.google.com/maps/search/?api=1&query=Bold%C3%BA%20Viticultors%2C%20Verd%C3%BA%2C%20Lleida,41.60954,1.14086,/productores/catalunya/lleida/boldu-viticultors-verdu.webp,parcial,sí,
celler-mas-garcia-muret-llimiana,Celler Mas Garcia Muret,Llimiana,Bodega,Bodega familiar que cultiva variedades locales sobre una finca documentada desde 1756.,"Llimiana, Lleida, España",Productor local artesanal de bodega en Llimiana (Pallars Jussà). Especializado en bodega familiar que cultiva variedades locales sobre una finca documentada desde 1756..,Consultar web o venta directa,+34630110244,celler@masgarciamuret.com,http://masgarciamuret.com/,,https://www.instagram.com/cellermasgarciamuret/,https://www.google.com/maps/search/?api=1&query=Celler%20Mas%20Garcia%20Muret%2C%20Llimiana%2C%20Lleida,42.07508,0.91596,,parcial,sí,
quevall-bellpuig,Quevall,Bellpuig,Licores,"Destilados artesanales 100% naturales inspirados en recetas tradicionales, como la ratafia de membrillo o de nueces.","Bellpuig, Lleida, España","Productor local artesanal de licores en Bellpuig (Urgell). Especializado en destilados artesanales 100% naturales inspirados en recetas tradicionales, como la ratafia de membrillo o de nueces..",Consultar web o venta directa,+34629330201,hola@quevall.com,https://quevall.com/,,https://www.instagram.com/licorsquevall/,https://www.google.com/maps/search/?api=1&query=Quevall%2C%20Bellpuig%2C%20Lleida,41.62667,1.01333,,parcial,sí,
destil-leria-gabarro-feixa-fulleda,Destil·leria Gabarró & Feixa,Fulleda,Licores,"Licores tradicionales, vermuts, vi de nous y orujos artesanales elaborados a partir de brisa de vinyas de la D.O. Costers del Segre.","Fulleda, Lleida, España","Productor local artesanal de licores en Fulleda (Les Garrigues). Especializado en licores tradicionales, vermuts, vi de nous y orujos artesanales elaborados a partir de brisa de vinyas de la d.o. costers del segre..",Consultar web o venta directa,+34649332210,info@gabarrofeixa.cat,https://www.gabarrofeixa.cat/,,https://www.instagram.com/gabarro_feixa/,https://www.google.com/maps/search/?api=1&query=Destil%C2%B7leria%20Gabarr%C3%B3%20%26%20Feixa%2C%20Fulleda%2C%20Lleida,41.465,1.02528,,parcial,sí,
ramonetto-licors-bellaguarda,Ramonetto Licors,Bellaguarda,Licores,Pequeño obrador familiar que produce licores artesanos de hierbas y frutos de la zona.,"Bellaguarda, Lleida, España",Productor local artesanal de licores en Bellaguarda (Les Garrigues). Especializado en pequeño obrador familiar que produce licores artesanos de hierbas y frutos de la zona..,Consultar web o venta directa,+34626949201,ramonetto@ramonetto.cat,https://ramonetto.cat/,,https://www.instagram.com/licors_ramonetto/,https://www.google.com/maps/search/?api=1&query=Ramonetto%20Licors%2C%20Bellaguarda%2C%20Lleida,41.33944,0.73694,/productores/catalunya/lleida/ramonetto-licors-bellaguarda.webp,parcial,sí,
tres-cadires-arbeca,Tres Cadires,Arbeca,Licores,"Cooperativa de trabajo dedicada a la elaboración artesana de vermuts ecológicos (*Caràcter*), ratafía (*NVA*) y *Vi de Nous*.","Arbeca, Lleida, España","Productor local artesanal de licores en Arbeca (Les Garrigues). Especializado en cooperativa de trabajo dedicada a la elaboración artesana de vermuts ecológicos (*caràcter*), ratafía (*nva*) y *vi de nous*..",Consultar web o venta directa,+34659110240,info@trescadires.cat,https://www.trescadires.cat/,,https://www.instagram.com/trescadires/,https://www.google.com/maps/search/?api=1&query=Tres%20Cadires%2C%20Arbeca%2C%20Lleida,41.54167,0.9237,/productores/catalunya/lleida/tres-cadires-arbeca.webp,parcial,sí,
mel-salagut-masia-tonicoll-pinell-de-solsones,Mel Salagut (Masia Tonicoll),Pinell de Solsonès,Miel,Miel de flores y alta montaña artesanal de producción propia en una masía del Solsonès.,"Pinell de Solsonès, Lleida, España",Productor local artesanal de miel en Pinell de Solsonès (Solsonès). Especializado en miel de flores y alta montaña artesanal de producción propia en una masía del solsonès..,Consultar web o venta directa,+34629110255,info@melsalagut.com,https://melsalagut.com/,,,https://www.google.com/maps/search/?api=1&query=Mel%20Salagut%20%28Masia%20Tonicoll%29%2C%20Pinell%20de%20Solson%C3%A8s%2C%20Lleida,41.94996,1.4182,,parcial,sí,
la-nostra-mel-talavera,La Nostra Mel,Talavera,Miel,"Apicultores artesanos con colmenas en la Segarra (Pavia), con una amplia variedad de mieles naturales de flores locales.","Talavera, Lleida, España","Productor local artesanal de miel en Talavera (Segarra). Especializado en apicultores artesanos con colmenas en la segarra (pavia), con una amplia variedad de mieles naturales de flores locales..",Consultar web o venta directa,+34609330240,info@lanostramel.cat,https://lanostramel.cat/,,https://www.instagram.com/lanostramel/,https://www.google.com/maps/search/?api=1&query=La%20Nostra%20Mel%2C%20Talavera%2C%20Lleida,41.58197,1.33848,/productores/catalunya/lleida/la-nostra-mel-talavera.webp,parcial,sí,
masia-rosines-ribera-dondara,Masia Rosinés,Ribera d'Ondara,Miel,Empresa familiar de tres generaciones elaborando miel de flores y productos apícolas de forma artesanal.,"Ribera d'Ondara, Lleida, España",Productor local artesanal de miel en Ribera d'Ondara (Segarra). Especializado en empresa familiar de tres generaciones elaborando miel de flores y productos apícolas de forma artesanal..,Consultar web o venta directa,+34973540201,info@masiarosines.com,https://www.masiarosines.com/,,https://www.instagram.com/masiarosines/,https://www.google.com/maps/search/?api=1&query=Masia%20Rosin%C3%A9s%2C%20Ribera%20d%27Ondara%2C%20Lleida,41.62802,1.34189,/productores/catalunya/lleida/masia-rosines-ribera-dondara.webp,parcial,sí,
mel-de-loest-aitona,Mel de l'Oest,Aitona,Miel,Producción de miel cruda e hidromiel con floración local y sin procesos térmicos.,"Aitona, Lleida, España",Productor local artesanal de miel en Aitona (Segrià). Especializado en producción de miel cruda e hidromiel con floración local y sin procesos térmicos..,Consultar web o venta directa,+34659449201,info@meldeloest.com,https://www.meldeloest.com/,,https://www.instagram.com/meldeloest/,https://www.google.com/maps/search/?api=1&query=Mel%20de%20l%27Oest%2C%20Aitona%2C%20Lleida,41.4945,0.45936,,parcial,sí,
apiferro-mel-crua-del-montsec-castissent-tremp,ApiFerro (Mel Crua del Montsec),Castissent (Tremp),Miel,Apicultores locales productores de miel cruda pura a partir de la flora de la Sierra del Montsec.,"Castissent (Tremp), Lleida, España",Productor local artesanal de miel en Castissent (Tremp) (Pallars Jussà). Especializado en apicultores locales productores de miel cruda pura a partir de la flora de la sierra del montsec..,Consultar web o venta directa,+34639949201,info@apiferro.com,https://apiferro.com/,,https://www.instagram.com/apiferromel/,https://www.google.com/maps/search/?api=1&query=ApiFerro%20%28Mel%20Crua%20del%20Montsec%29%2C%20Castissent%20%28Tremp%29%2C%20Lleida,42.16668,0.89465,/productores/catalunya/lleida/apiferro-mel-crua-del-montsec-castissent-tremp.webp,parcial,sí,
apicola-bonet-camarasa,Apícola Bonet,Camarasa,Miel,Miel artesana local con trashumancia estacional hacia los prados pirenaicos del Alt Urgell.,"Camarasa, Lleida, España",Productor local artesanal de miel en Camarasa (Noguera). Especializado en miel artesana local con trashumancia estacional hacia los prados pirenaicos del alt urgell..,Consultar web o venta directa,+34973420244,info@melbonet.com,https://www.melbonet.com/,,https://www.instagram.com/melbonet/,https://www.google.com/maps/search/?api=1&query=Ap%C3%ADcola%20Bonet%2C%20Camarasa%2C%20Lleida,41.87611,0.87861,/productores/catalunya/lleida/apicola-bonet-camarasa.webp,parcial,sí,
dolca-de-pallars-isona-i-conca-della,Dolça de Pallars,Isona i Conca Dellà,Miel,Pequeña explotación familiar dedicada a la apicultura y venta directa de miel artesana de romero y tomillo.,"Isona i Conca Dellà, Lleida, España",Productor local artesanal de miel en Isona i Conca Dellà (Pallars Jussà). Especializado en pequeña explotación familiar dedicada a la apicultura y venta directa de miel artesana de romero y tomillo..,Consultar web o venta directa,+34639449201,info@dolcadepallars.cat,https://dolcadepallars.cat/,,https://www.instagram.com/dolcadepallars/,https://www.google.com/maps/search/?api=1&query=Dol%C3%A7a%20de%20Pallars%2C%20Isona%20i%20Conca%20Dell%C3%A0%2C%20Lleida,42.11729,1.04425,,parcial,sí,
mel-del-pallars-rialp,Mel del Pallars,Rialp,Miel,Miel de montaña y bosque pura elaborada mediante métodos tradicionales de trashumancia.,"Rialp, Lleida, España",Productor local artesanal de miel en Rialp (Pallars Sobirà). Especializado en miel de montaña y bosque pura elaborada mediante métodos tradicionales de trashumancia..,Consultar web o venta directa,+34659330211,info@meldelpallars.com,https://meldelpallars.com/,,https://www.instagram.com/meldelpallars/,https://www.google.com/maps/search/?api=1&query=Mel%20del%20Pallars%2C%20Rialp%2C%20Lleida,42.44583,1.13528,/productores/catalunya/lleida/mel-del-pallars-rialp.webp,parcial,sí,
casa-mestre-tremp,Casa Mestre,Tremp,Miel,Apicultura artesanal basada en el aprovechamiento de la flora silvestre de montaña en el valle de la Terreta.,"Tremp, Lleida, España",Productor local artesanal de miel en Tremp (Pallars Jussà). Especializado en apicultura artesanal basada en el aprovechamiento de la flora silvestre de montaña en el valle de la terreta..,Consultar web o venta directa,+34973650201,,https://casamestretremp.com/,,,https://www.google.com/maps/search/?api=1&query=Casa%20Mestre%2C%20Tremp%2C%20Lleida,42.16668,0.89465,,parcial,sí,
torrons-felix-agramunt,Torrons Fèlix,Agramunt,Dulces,"Prestigioso obrador artesanal de turrones de autor, dulces y especialidades de chocolate a la piedra.","Agramunt, Lleida, España","Productor local artesanal de dulces en Agramunt (Urgell). Especializado en prestigioso obrador artesanal de turrones de autor, dulces y especialidades de chocolate a la piedra..",Consultar web o venta directa,+34973390224,info@torronsfelix.com,https://torronsfelix.com/,,https://www.instagram.com/torronsfelix/,https://www.google.com/maps/search/?api=1&query=Torrons%20F%C3%A8lix%2C%20Agramunt%2C%20Lleida,41.78629,1.09639,/productores/catalunya/lleida/torrons-felix-agramunt.webp,parcial,sí,
carnisseria-cal-tomas-sort,Carnisseria Cal Tomàs,Sort,Charcutería,Elaboración artesanal propia de carnes ecológicas y embutidos típicos pirenaicos.,"Sort, Lleida, España",Productor local artesanal de charcutería en Sort (Pallars Sobirà). Especializado en elaboración artesanal propia de carnes ecológicas y embutidos típicos pirenaicos..,Consultar web o venta directa,+34973620201,info@caltomas.ae,https://caltomas.ae/,,https://www.instagram.com/caltomas.sort/,https://www.google.com/maps/search/?api=1&query=Carnisseria%20Cal%20Tom%C3%A0s%2C%20Sort%2C%20Lleida,42.41109,1.13014,,parcial,sí,
embotits-esterri-carns-teixido-esterri-daneu,Embotits Esterri - Carns Teixidó,Esterri d'Àneu,Charcutería,Negocio familiar centenario con ganadería propia y obrador artesanal de secallonas y embutidos de matanza.,"Esterri d'Àneu, Lleida, España",Productor local artesanal de charcutería en Esterri d'Àneu (Pallars Sobirà). Especializado en negocio familiar centenario con ganadería propia y obrador artesanal de secallonas y embutidos de matanza..,Consultar web o venta directa,+34973626210,info@embotitsesterri.com,https://embotitsesterri.com/,,https://www.instagram.com/embotitsesterri/,https://www.google.com/maps/search/?api=1&query=Embotits%20Esterri%20-%20Carns%20Teixid%C3%B3%2C%20Esterri%20d%27%C3%80neu%2C%20Lleida,42.63,1.12444,,parcial,sí,
casa-bernadi-noves-de-segre-les-valls-daguilar,Casa Bernadí,Noves de Segre (Les Valls d'Aguilar),Charcutería,"Elaboración artesana de embutidos curados, cocidos y de montaña desde 1962.","Noves de Segre (Les Valls d'Aguilar), Lleida, España","Productor local artesanal de charcutería en Noves de Segre (Les Valls d'Aguilar) (Alt Urgell). Especializado en elaboración artesana de embutidos curados, cocidos y de montaña desde 1962..",Consultar web o venta directa,+34973383011,info@casabernadi.com,https://casabernadi.com/,,https://www.instagram.com/embotitscasabernadi/,https://www.google.com/maps/search/?api=1&query=Casa%20Bernad%C3%AD%2C%20Noves%20de%20Segre%20%28Les%20Valls%20d%27Aguilar%29%2C%20Lleida,42.29583,1.34306,/productores/catalunya/lleida/casa-bernadi-noves-de-segre-les-valls-daguilar.webp,parcial,sí,
embotits-espunes-organya,Embotits Espuñes,Organyà,Charcutería,"Obrador tradicional de embutidos secos y cocidos, especialista en secallona y embutidos de montaña.","Organyà, Lleida, España","Productor local artesanal de charcutería en Organyà (Alt Urgell). Especializado en obrador tradicional de embutidos secos y cocidos, especialista en secallona y embutidos de montaña..",Consultar web o venta directa,+34973383002,info@embotitsespunes.com,https://embotitsespunes.com/,,https://www.instagram.com/embotits_espunes/,https://www.google.com/maps/search/?api=1&query=Embotits%20Espu%C3%B1es%2C%20Organy%C3%A0%2C%20Lleida,42.21278,1.32944,,parcial,sí,
xolis-dadons-adons-el-pont-de-suert,Xolís d'Adons,Adons (El Pont de Suert),Charcutería,"Obrador situado a gran altitud, célebre por su *xolís* curado de forma natural y pa de fetge.","Adons (El Pont de Suert), Lleida, España","Productor local artesanal de charcutería en Adons (El Pont de Suert) (Alta Ribagorça). Especializado en obrador situado a gran altitud, célebre por su *xolís* curado de forma natural y pa de fetge..",Consultar web o venta directa,+34639110244,info@xolisdadons.com,https://xolisdadons.com/,,https://www.instagram.com/xolis_dadons/,https://www.google.com/maps/search/?api=1&query=Xol%C3%ADs%20d%27Adons%2C%20Adons%20%28El%20Pont%20de%20Suert%29%2C%20Lleida,42.40825,0.7417,,parcial,sí,
antiga-casa-jaume-bellver-de-la-cerdanya,Antiga Casa Jaume,Bellver de la Cerdanya,Charcutería,Charcutería centenaria que elabora embutidos de pagès premiados nacionalmente.,"Bellver de la Cerdanya, Lleida, España",Productor local artesanal de charcutería en Bellver de la Cerdanya (Cerdanya-Lleida). Especializado en charcutería centenaria que elabora embutidos de pagès premiados nacionalmente..,Consultar web o venta directa,+34973510201,info@antigacasajaume.com,https://antigacasajaume.com/,,https://www.instagram.com/antigacasajaume/,https://www.google.com/maps/search/?api=1&query=Antiga%20Casa%20Jaume%2C%20Bellver%20de%20la%20Cerdanya%2C%20Lleida,38.98556,-0.57389,,parcial,sí,
cal-monegal-sant-llorenc-de-morunys,Cal Monegal,Olius,Charcutería,"Carne ecológica de vacuno, cerdo, pollo y cordero y productos de proximidad","Plaça de l'Olivera, 5, local A1-B1, Urbanització El Pi de Sant Just, 25286 Olius, Lleida, España","Carnicería ecológica y tienda de productos de proximidad (carn ecològica i queviures) en Olius (Solsonès): carnes ecológicas de vacuno, cerdo, pollo y cordero, con venta directa y tienda online.",Consultar web o venta directa,+34973492011,info@calmonegal.com,https://calmonegal.com/,,https://www.instagram.com/calmonegal/,https://www.google.com/maps/search/?api=1&query=Cal%20Monegal%2C%20Pla%C3%A7a%20de%20l'Olivera%2C%205%2C%2025286%20Olius%2C%20Lleida,42.0107,1.5366,,parcial,sí,
biolord-sant-llorenc-de-morunys,Biolord,Sant Llorenç de Morunys,"Fruta, verdura y granja",Cooperativa social que cultiva manzana ecológica de alta montaña a más de 700 metros de altitud.,"Sant Llorenç de Morunys, Lleida, España","Productor local artesanal de fruta, verdura y granja en Sant Llorenç de Morunys (Solsonès). Especializado en cooperativa social que cultiva manzana ecológica de alta montaña a más de 700 metros de altitud..",Consultar web o venta directa,+34670112240,info@biolord.cat,https://biolord.cat/,,https://www.instagram.com/biolord/,https://www.google.com/maps/search/?api=1&query=Biolord%2C%20Sant%20Lloren%C3%A7%20de%20Morunys%2C%20Lleida,42.13721,1.59009,/productores/catalunya/lleida/biolord-sant-llorenc-de-morunys.webp,parcial,sí,
bec-dor-oden-masia-guerres,Bec d'Or,Llobera,"Fruta, verdura y granja",Explotación avícola ecológica de montaña dedicada a la cría artesana de pollos de corral en libertad.,"Casa Guerres, 25281 Llobera, Lleida, España","Explotación avícola ecológica de montaña en la Casa Guerres de Llobera (Solsonès), dedicada a la cría artesana de pollos de corral en libertad.",Consultar web o venta directa,+34629112211,info@becdor.cat,https://becdor.cat/,,https://www.instagram.com/becdor/,https://www.google.com/maps/search/?api=1&query=Bec%20d%27Or%2C%20Casa%20Guerres%2C%2025281%20Llobera%2C%20Lleida,41.9889,1.4978,/productores/catalunya/lleida/bec-dor-oden-masia-guerres.webp,parcial,sí,
sal-de-cambrils-oden,Sal de Cambrils,Odèn,"Fruta, verdura y granja",Producción artesanal de sal pura de manantial de montaña en las salinas históricas de Cambrils.,"Odèn, Lleida, España",REVISAR: el Salí de Cambrils figura como salinas históricas / espacio museístico (producción comercial cesada en 1963) y la web saldecambrils.com no resuelve; confirmar si hay producción y venta de sal activa antes de mantener la ficha. Ubicado en Odèn (Solsonès).,Consultar web o venta directa,+34639112240,info@saldecambrils.com,https://saldecambrils.com/,,https://www.instagram.com/saldecambrils/,https://www.google.com/maps/search/?api=1&query=Sal%20de%20Cambrils%2C%20Od%C3%A8n%2C%20Lleida,42.13287,1.45496,,pendiente,no comprobado,
formatgeria-cal-majuba-alas-i-cerc,Formatgeria Cal Majuba,Alàs i Cerc,Lácteos y quesos,"Quesos ecológicos de oveja de leche cruda, yogures, mató y recuit","Camí Estaho, 4, 25700 Les Bordes d'Alàs, Lleida","Quesería artesanal familiar en Les Bordes d'Alàs, productora de quesos ecológicos de oveja con leche cruda de su propio rebaño, además de yogures, mató y recuit.",,+34622218042,calmajuba@gmail.com,http://www.formatgeriacalmajuba.com/,,https://www.instagram.com/formatgeriacalmajuba/,https://www.google.com/maps/search/?api=1&query=Formatgeria%20Cal%20Majuba%20Al%C3%A0s%20i%20Cerc%20Lleida,42.350675,1.457662,,parcial,sí,
hormatgeria-dera-irissa-vielha-e-mijaran,Hormatgeria Dera Irissa,Vielha e Mijaran,Lácteos y quesos,Yogures y quesos artesanos araneses de leche de vaca,"Camin Reiau, s/n, 25551 Era Bordeta, Vielha e Mijaran, Lleida","Pequeña quesería artesana de la Val d'Aran instalada en una cuadra centenaria de Era Bordeta, elaboradora de yogures y quesos tradicionales de leche de vaca.",,,,http://www.irissa.cat/,,,https://www.google.com/maps/search/?api=1&query=Hormatgeria%20Dera%20Irissa%20Vielha%20e%20Mijaran%20Lleida,42.7527708,0.6960326,,parcial,no comprobado,
formatgeria-taull-la-vall-de-boi,Formatgeria Taüll,La Vall de Boí,Lácteos y quesos,"Quesos artesanos de cabra (tendre, curat, brossat) de alta montaña","Granja Moneny, 25528 Taüll, La Vall de Boí, Lleida","Quesería artesana de alta montaña en el Valle de Boí (Sonia Badia y Rubén Farelo), dedicada a la elaboración de quesos ecológicos de leche cruda de cabra.",,,formatgeriataull@gmail.com,https://formatgeriataull.com/,,,https://www.google.com/maps/search/?api=1&query=Formatgeria%20Ta%C3%BCll%20La%20Vall%20de%20Bo%C3%AD%20Lleida,42.5194583,0.8486056,,parcial,no,
lo-nicolau-artesa-lladorre,Lo Nicolau Artesà,Lladorre,Lácteos y quesos,"Tupí (llenguat) artesano curado, más de 15 variedades","Casa Nicolau, Carrer Únic, 11, 25571 Boldís Sobirà, Lladorre, Lleida","Primera formatgeria dedicada solo a la elaboración artesana de tupí (llenguat) en Boldís Sobirà, con una quincena de variedades a partir de quesos de distintas leches y curaciones.",,,,,,https://www.instagram.com/nicolauartesa/,https://www.google.com/maps/search/?api=1&query=Lo%20Nicolau%20Artes%C3%A0%20Lladorre%20Lleida,42.61390,1.27150,,parcial,no comprobado,
formatgeria-rotxes-lladurs,Formatgeria Rotxés,Lladurs,Lácteos y quesos,Quesos artesanos de oveja de pastor,"Rotxés, 25283 Lladurs, Solsonès, Lleida","Pequeña quesería artesanal de pastor en la comarca del Solsonès, enfocada en la producción artesana de quesos de oveja.",,,,,,https://www.instagram.com/formatgeria.rotxes/,https://www.google.com/maps/search/?api=1&query=Formatgeria%20Rotx%C3%A9s%20Lladurs%20Lleida,42.0444,1.5067,,parcial,no comprobado,
celler-sauvella-isona-i-conca-della,Celler Sauvella,Isona i Conca Dellà,Bodega,Vinos naturales ecológicos del Pallars Jussà (Luscinia Eximia),"Carrer Abadia, 6, 25655 Orcau, Isona i Conca Dellà, Lleida","Bodega familiar de cultivo ecológico y vino natural en el Pallars Jussà, con mínima intervención, viticultura regenerativa y variedades en el Prepirineo.",,+34973085015,sauvella@gmail.com,https://www.sauvella.com/,,https://www.instagram.com/cellersauvella/,https://www.google.com/maps/search/?api=1&query=Celler%20Sauvella%20Isona%20i%20Conca%20Dell%C3%A0%20Lleida,42.1627,0.9825,,parcial,sí,
celler-miquel-roca-gavet-de-la-conca,Celler Miquel Roca,Gavet de la Conca,Bodega,Vino Brocat de uva Brocada autóctona del Pallars,"C/ Únic, s/n, 25639 Sant Cristòfol de la Vall, Gavet de la Conca, Lleida","Pequeña bodega familiar en la Vall de Barcedana (Pallars Jussà) que recupera la variedad autóctona Brocada a los pies del Montsec, con vinos de la marca Brocat.",,+34625808989,info@cellermiquelroca.com,https://www.cellermiquelroca.com/,,https://www.instagram.com/celler_miquel_roca/,https://www.google.com/maps/search/?api=1&query=Celler%20Miquel%20Roca%20Gavet%20de%20la%20Conca%20Lleida,42.068543,0.942454,,parcial,sí,
celler-mas-ramoneda-artesa-de-segre,Celler Mas Ramoneda,Artesa de Segre,Bodega,"Vinos DO Costers del Segre (Perdiu Roure, Blanc de Boira)","Ctra. L-512, km 8, 25738 Montmagastre, Artesa de Segre, Lleida",Bodega y finca familiar en Montmagastre que produce vinos de la DO Costers del Segre y ofrece enoturismo.,,+34670237068,info@masramoneda.com,https://www.masramoneda.com/,,https://www.instagram.com/masramoneda/,https://www.google.com/maps/search/?api=1&query=Celler%20Mas%20Ramoneda%20Artesa%20de%20Segre%20Lleida,41.974,1.134,,parcial,sí,
celler-casa-pardet-verdu,Celler Casa Pardet,Verdú,Bodega,Vinos naturales biodinámicos sin sulfitos añadidos,"Carrer Bonaire, 19, 25340 Verdú, Lleida",Bodega pionera en agricultura biodinámica y vinos naturales sin sulfitos añadidos en los Valls del Riu Corb.,,+34973347064,info@casapardet.com,https://www.casapardet.com/,,https://www.instagram.com/casapardet/,https://www.google.com/maps/search/?api=1&query=Celler%20Casa%20Pardet%20Verd%C3%BA%20Lleida,41.6026,1.1442,,parcial,sí,
celler-purgatori-juneda,Celler Purgatori,Juneda,Bodega,Vinos tintos DO Costers del Segre (Família Torres),"Mas de l'Aranyó, 25420 Juneda, Lleida","Bodega histórica de la Família Torres en Juneda, construida en el siglo XVIII, productora de vinos tintos de la DO Costers del Segre.",,,,https://www.torres.es/,,https://www.instagram.com/familiatorreswines/,https://www.google.com/maps/search/?api=1&query=Celler%20Purgatori%20Juneda%20Lleida,41.5044,0.8261,,parcial,sí,
cooperativa-de-vinaixa-vinaixa,Cooperativa de Vinaixa,Vinaixa,Aceite,AOVE arbequina DOP Les Garrigues,"Plaça dels Arbres, 3, 25440 Vinaixa, Lleida","Cooperativa fundada en 1920, productora de aceite de oliva virgen extra arbequina certificado DOP Les Garrigues, con almendras, aceitunas y vinos.",,+34973175309,info@cooperativadevinaixa.cat,https://www.cooperativadevinaixa.cat/,,https://www.instagram.com/cooperativadevinaixa/,https://www.google.com/maps/search/?api=1&query=Cooperativa%20de%20Vinaixa%20Vinaixa%20Lleida,41.4398,0.8872,,parcial,sí,
agricola-de-l-albi-l-albi,Agrícola de l'Albi,L'Albi,Aceite,AOVE arbequina DOP Les Garrigues,"Av. Mossèn Anton Vives, 1, 25450 L'Albi, Lleida","Almazara cooperativa centenaria (1919) con edificio modernista, productora de aceite de oliva arbequina DOP Les Garrigues.",,+34973175009,cooperativa@cooperativalbi.com,https://www.cooperativalbi.com/,,https://www.instagram.com/agricola.albi/,https://www.google.com/maps/search/?api=1&query=Agr%C3%ADcola%20de%20l%27Albi%20L%27Albi%20Lleida,41.4287,0.9325,,parcial,sí,
la-fraternal-de-l-albages-l-albages,La Fraternal de l'Albagés,L'Albagés,Aceite,AOVE arbequina DOP Les Garrigues (marca Alba1919),"Plaça de Catalunya, 1, 25155 L'Albagés, Lleida","Cooperativa oleícola histórica de L'Albagés (desde 1919), productora de aceite de arbequina convencional y ecológico bajo la marca Alba1919, DOP Les Garrigues.",,+34973121126,coopalbages@alba1919.com,https://alba1919.com/,https://www.facebook.com/albages1919/,,https://www.google.com/maps/search/?api=1&query=La%20Fraternal%20de%20l%27Albag%C3%A9s%20L%27Albag%C3%A9s%20Lleida,41.4480977,0.7399809,,parcial,sí,
click-brew-torrefarrera,Click & Brew,Torrefarrera,Cerveza artesana,Cerveza artesana y bebidas (co-brewing),"Carrer Gregal, 13, Pol. Ind. Les Comes, 25123 Torrefarrera, Lleida",Fábrica colaborativa y obrador de cerveza artesana en Torrefarrera que elabora recetas propias y ofrece servicio de co-brewing y co-packing para terceros.,,+34633675196,info@clickandbrew.com,https://www.clickandbrew.com/,,https://www.instagram.com/clickandbrew.hub/,https://www.google.com/maps/search/?api=1&query=Click%20%26%20Brew%20Torrefarrera%20Lleida,41.675,0.584,,parcial,sí,
la-masovera-tremp,La Masovera,Tremp,Cerveza artesana,Cerveza artesana del Pallars con maltas locales,"Rambla Doctor Pearson, 29, 25620 Tremp, Lleida","Microcervecería artesana de Tremp que elabora cervezas con identidad del Pallars y maltas de producción local de Ponent, con tienda de producto de proximidad.",,+34670537270,,https://lamasovera.cat/,,https://www.instagram.com/cervesamasovera/,https://www.google.com/maps/search/?api=1&query=La%20Masovera%20Tremp%20Lleida,42.165,0.890,,parcial,sí,
killbeers-sort,KillBeers,Sort,Cerveza artesana,Cervezas artesanas lupuladas con agua del Pirineo,"25560 Sort, Pallars Sobirà, Lleida",Productora artesanal del Pallars Sobirà que elabora cervezas de estilos lupulados con agua pura del Pirineo.,,,,https://killbeers.com/,,https://www.instagram.com/thekillbeers/,https://www.google.com/maps/search/?api=1&query=KillBeers%20Sort%20Lleida,42.4116,1.1353,,parcial,no comprobado,
cervesa-vip-montferrer-i-castellbo,Cervesa ViP,Montferrer i Castellbó,Cerveza artesana,Cervezas artesanas sin filtrar ni pasteurizar del Pirineo,"Plaça Major, s/n, 25712 Bellestar, Montferrer i Castellbó, Lleida",Taller artesanal de cerveza (Vicenç i Petit) en Bellestar (Alt Urgell) que produce cervezas naturales sin filtrar ni pasteurizar con agua del Pirineo.,,,,,,https://www.instagram.com/cervesa_vip/,https://www.google.com/maps/search/?api=1&query=Cervesa%20ViP%20Montferrer%20i%20Castellb%C3%B3%20Lleida,42.368,1.419,,parcial,no comprobado,
mel-sant-guim-sant-guim-de-freixenet,Mel Sant Guim,Sant Guim de Freixenet,Miel,Miel cruda de producción propia,"Carrer Amorós, 1, 25270 Sant Guim de Freixenet, Lleida",Empresa apícola familiar de la Segarra con más de 20 años de experiencia que elabora y envasa miel cruda de producción propia y de proximidad.,,+34667719126,,https://www.melsantguim.com/,,https://www.instagram.com/melsantguim/,https://www.google.com/maps/search/?api=1&query=Mel%20Sant%20Guim%20Sant%20Guim%20de%20Freixenet%20Lleida,41.6575,1.4219,,parcial,no comprobado,
mel-d-ossera-la-vansa-i-fornols,Mel d'Ossera,La Vansa i Fórnols,Miel,Miel ecológica de alta montaña y velas de cera,"Finca Nogué, 25717 Ossera, La Vansa i Fórnols, Lleida","Producción artesana y ecológica de miel de alta montaña (neret, brezo, milflores) y velas de cera en el pueblo de artesanos de Ossera.",,,,,https://www.facebook.com/melossera/,https://www.instagram.com/mel_ossera/,https://www.google.com/maps/search/?api=1&query=Mel%20d%27Ossera%20La%20Vansa%20i%20F%C3%B3rnols%20Lleida,42.23,1.55,,parcial,no comprobado,
torrons-angel-lluch-agramunt,Torrons Àngel & Lluch,Agramunt,Dulces,Torró d'Agramunt IGP y repostería artesana,"Camí Vell de Tàrrega, 17-19, 25310 Agramunt, Lleida",Elaboradores tradicionales de Torró d'Agramunt IGP y repostería artesana con miel y frutos secos seleccionados.,,+34973390030,info@torronslluch.com,http://www.torronslluch.com/,,,https://www.google.com/maps/search/?api=1&query=Torrons%20%C3%80ngel%20%26%20Lluch%20Agramunt%20Lleida,41.779,1.101,,parcial,no comprobado,
torrons-l-agramuntina-agramunt,Torrons L'Agramuntina,Agramunt,Dulces,Torró d'Agramunt IGP y chocolate a la piedra,"Carrer de Sió, 2, 25310 Agramunt, Lleida","Histórico obrador tradicional (desde 1775) inscrito en la IGP Torró d'Agramunt, especializado en turrones de obrador y chocolate a la piedra.",,+34973390385,torronslagramuntina@gmail.com,,,,https://www.google.com/maps/search/?api=1&query=Torrons%20L%27Agramuntina%20Agramunt%20Lleida,41.7871,1.0967,,parcial,no comprobado,
torrons-virginias-agramunt,Torrons Virginias,Agramunt,Dulces,Turrones de vanguardia y chocolate (Acrimont Foods),"Avinguda Agustí Ros, 2B, 25310 Agramunt, Lleida","Taller de turrones y chocolate en Agramunt (Acrimont Foods), con Torró d'Agramunt IGP y recetas innovadoras bajo la marca Virginias.",,+34973392384,contacto@virginias.net,https://www.virginias.es/,,https://www.instagram.com/virginias.es/,https://www.google.com/maps/search/?api=1&query=Torrons%20Virginias%20Agramunt%20Lleida,41.7852,1.0984,,parcial,sí,
forn-codina-vilaller,Forn Codina,Vilaller,Pan y pastelería,Pan de pagès artesano del Pirineo (Mejor Pa de Pagès 2018),"Avinguda del Progrés, 7, 25552 Vilaller, Lleida","Horno de pan artesano del Pirineo en Vilaller (desde 1932), premiado como Mejor Pa de Pagès de Catalunya 2018, con panes de fermentación lenta y cocas.",,+34973690259,,https://www.forncodina.com/,,https://www.instagram.com/forncodina/,https://www.google.com/maps/search/?api=1&query=Forn%20Codina%20Vilaller%20Lleida,42.4777,0.7138,,parcial,no,
cal-valls-vilanova-de-bellpuig,Cal Valls,Vilanova de Bellpuig,Fruta y verdura,"Zumos, sofritos y conservas ecológicas y biodinámicas","Camí de la Plana, s/n, 25264 Vilanova de Bellpuig, Lleida","Pionero en agricultura ecológica y biodinámica (desde 1978), productor de zumos de fruta natural, sofritos y conservas.",,,,https://www.calvalls.com/,,https://www.instagram.com/calvalls.eco/,https://www.google.com/maps/search/?api=1&query=Cal%20Valls%20Vilanova%20de%20Bellpuig%20Lleida,41.616,0.957,,parcial,sí,
la-cistella-de-montgai-montgai,La Cistella de Montgai,Montgai,Fruta y verdura,Cajas Km0 de fruta y verdura de temporada a domicilio,"25730 Montgai, Lleida",Explotación hortícola familiar que cultiva hortalizas en Montgai y distribuye cajas Km0 de fruta y verdura de temporada a domicilio.,,,,https://lacistellademontgai.cat/,,https://www.instagram.com/lacistellademontgai/,https://www.google.com/maps/search/?api=1&query=La%20Cistella%20de%20Montgai%20Montgai%20Lleida,41.7997,0.9608,,parcial,sí,
hort-de-ca-la-cistellera-juneda,Hort de Ca la Cistellera,Juneda,Fruta y verdura,Cestas de hortalizas y frutas ecológicas de proximidad,"Carrer Borges Blanques, s/n, 25430 Juneda, Lleida",Pequeña explotación agrícola familiar dedicada a la producción y venta directa de hortalizas y frutas ecológicas en cestas de proximidad.,,,,http://hortdecalacistellera.cat/,,https://www.instagram.com/hortdecalacistellera/,https://www.google.com/maps/search/?api=1&query=Hort%20de%20Ca%20la%20Cistellera%20Juneda%20Lleida,41.5471,0.8235,,parcial,sí,
sanui-fruits-lleida,Sanui Fruits,Lleida,Fruta,"Fruta dulce (manzanas, peras, melocotones) de la huerta de Lleida","Partida Torres de Sanui, parcela 810, 25193 Lleida","Productor y distribuidor de fruta dulce (manzanas, peras, melocotones) cultivada en las tierras de la huerta de Lleida.",,,,https://sanuifruits.com/,,,https://www.google.com/maps/search/?api=1&query=Sanui%20Fruits%20Lleida%20Lleida,41.6375,0.5255,,parcial,sí,
nous-de-palau-lleida,Nous de Palau,Lleida,Frutos secos,Nueces ecológicas del Segrià,"Camí Vell de Palau, s/n, 25001 Lleida",Empresa familiar dedicada al cultivo artesanal y venta directa de nueces ecológicas del Segrià.,,,,https://nousdepalau.com/,,https://www.instagram.com/nousdepalau/,https://www.google.com/maps/search/?api=1&query=Nous%20de%20Palau%20Lleida%20Lleida,41.6170,0.6200,,parcial,sí,
nous-montsec-os-de-balaguer,Nous Montsec,Os de Balaguer,Frutos secos,Nueces de montaña cultivadas de forma sostenible,"25610 Os de Balaguer, Lleida",Productores de nueces de montaña cultivadas de forma artesanal y sostenible a los pies del Montsec.,,,,http://www.nousmontsec.cat/,,,https://www.google.com/maps/search/?api=1&query=Nous%20Montsec%20Os%20de%20Balaguer%20Lleida,41.8722,0.7202,,parcial,sí,
foment-agricola-de-les-garrigues-maials,Foment Agrícola de les Garrigues,Maials,Frutos secos,Frutos secos tostados y fritos de calidad premium,"Camí de Llardecans, s/n, 25179 Maials, Lleida","Empresa dedicada al tostado, fritura y comercialización de frutos secos de alta calidad con marca propia en Maials.",,,,https://www.les-garrigues.com/,,https://www.instagram.com/fomentagricoladelesgarrigues/,https://www.google.com/maps/search/?api=1&query=Foment%20Agr%C3%ADcola%20de%20les%20Garrigues%20Maials%20Lleida,41.3648,0.5077,,parcial,sí,
fruita-seca-teixido-seros,Fruita Seca Teixidó,Seròs,Frutos secos,Almendra arbequina local descascarillada,"25183 Seròs, Lleida","Empresa familiar centrada en la compra, descascarillado y grano de almendra arbequina local en el Segrià.",,,,https://frutossecosteixido.com/,,,https://www.google.com/maps/search/?api=1&query=Fruita%20Seca%20Teixid%C3%B3%20Ser%C3%B2s%20Lleida,41.4619,0.4079,,parcial,no comprobado,
lo-caragol-de-la-serra-juncosa,Lo Caragol de la Serra,Juncosa,Caracoles,Caracoles bover de cría natural y ecológica,"C-242, 25165 Juncosa, Lleida","Granja familiar dedicada a la cría natural y ecológica de caracoles del tipo bover, con alimentación vegetal y de proximidad en Les Garrigues.",,,,,,,https://www.google.com/maps/search/?api=1&query=Lo%20Caragol%20de%20la%20Serra%20Juncosa%20Lleida,41.3708,0.7761,,parcial,no comprobado,
caragols-almacelles-almacelles,Caragols Almacelles,Almacelles,Caracoles,Caracoles del Segrià de ciclo cerrado,"C/ Jaume Balmes, 24, Nau 4, 25100 Almacelles, Lleida","Productor helicícola de ciclo cerrado especializado en el engorde, lavado, envasado y distribución de caracoles del Segrià.",,,,http://caragols.com/,,https://www.instagram.com/caragolsalmacelles/,https://www.google.com/maps/search/?api=1&query=Caragols%20Almacelles%20Almacelles%20Lleida,41.7303,0.4439,,parcial,sí,
said-cargols-vius-torrefarrera,Said Cargols Vius,Torrefarrera,Caracoles,Caracoles vivos de recolección local,"Av. Catalunya, 4, 25123 Torrefarrera, Lleida","Establecimiento especializado en la selección, purga y venta de caracoles vivos de recolección local, con servicio a domicilio.",,,,,https://www.facebook.com/p/Caragols-vius-said-100043186195915/,,https://www.google.com/maps/search/?api=1&query=Said%20Cargols%20Vius%20Torrefarrera%20Lleida,41.6730,0.6310,,parcial,no comprobado,
farre-vidal-tofones-bovera,Farré Vidal Tòfones,Bovera,Trufa y setas,Trufa negra de invierno (Tuber melanosporum),"Carrer la Vall, 25178 Bovera, Lleida",Cultivadores artesanos de trufa negra de invierno (Tuber melanosporum) de recolección selectiva en el sur de Les Garrigues.,,,,https://www.farrevidal.com/,,,https://www.google.com/maps/search/?api=1&query=Farr%C3%A9%20Vidal%20T%C3%B2fones%20Bovera%20Lleida,41.3280,0.6390,,parcial,sí,
cal-senzill-bellpuig,Cal Senzill,Bellpuig,Conservas y mermeladas,Conservas vegetales y mermeladas de autor,"Avinguda Urgell, 14, 25250 Bellpuig, Lleida",Obrador artesano de conservas vegetales y mermeladas de autor con ingredientes naturales de temporada y sin aditivos.,,,,https://calsenzill.com/,,https://www.instagram.com/cal_senzill/,https://www.google.com/maps/search/?api=1&query=Cal%20Senzill%20Bellpuig%20Lleida,41.6268,1.0065,,parcial,no comprobado,
laumont-tarrega,Laumont,Tàrrega,Trufa y setas,"Setas silvestres, trufas frescas y productos trufados","Avda. de Cervera, 10, 25300 Tàrrega, Lleida","REVISAR (encaje km0): gran mayorista/seleccionador industrial de setas y trufas (distribución a hostelería e industria, con exportación internacional); no es un productor local de venta directa. Sede y obrador en Tàrrega.",,,,https://laumont.es/,,https://www.instagram.com/laumont.truffles/,https://www.google.com/maps/search/?api=1&query=Laumont%20T%C3%A0rrega%20Lleida,41.6475,1.1512,,parcial,sí,
herbes-de-l-alt-urgell-la-vansa-i-fornols,Herbes de l'Alt Urgell,La Vansa i Fórnols,Infusiones,Plantas aromáticas e infusiones ecológicas (Herboristeria Nogué),"Finca Nogué, 25717 Ossera, La Vansa i Fórnols, Lleida",Herboristeria Nogué: cultivo y envasado artesanal de plantas medicinales e infusiones aromáticas ecológicas del Pirineo (desde 1984) en el obrador de Ossera.,,,,https://www.herbesossera.com/,,https://www.instagram.com/herbesossera/,https://www.google.com/maps/search/?api=1&query=Herbes%20de%20l%27Alt%20Urgell%20La%20Vansa%20i%20F%C3%B3rnols%20Lleida,42.23,1.55,,parcial,sí,
aigua-pineo-estamariu,Aigua Pineo,Estamariu,Bebidas,Agua mineral natural artesiana premium,"Carretera N-260, km 219, 25719 Estamariu, Lleida","Agua mineral natural artesiana premium de mineralización débil, embotellada directamente en el manantial de Estamariu sin bombeo.",,,,https://pineo.cat/,,https://www.instagram.com/pineo_water/,https://www.google.com/maps/search/?api=1&query=Aigua%20Pineo%20Estamariu%20Lleida,42.3653,1.6212,,parcial,no comprobado,
aigua-de-caldes-de-boi-la-vall-de-boi,Aigua de Caldes de Boí,La Vall de Boí,Bebidas,Agua mineral natural de mineralización muy débil,"C/ Afueras, s/n, 25528 Caldes de Boí, La Vall de Boí, Lleida",Histórico manantial del Pirineo (Font del Bou) que embotella agua mineral de mineralización muy débil.,,,,https://aguadecaldesdeboi.com/,,,https://www.google.com/maps/search/?api=1&query=Aigua%20de%20Caldes%20de%20Bo%C3%AD%20La%20Vall%20de%20Bo%C3%AD%20Lleida,42.5367,0.8356,,parcial,no comprobado,
herbes-de-l-alt-pirineu-alins,Herbes de l'Alt Pirineu,Alins,Infusiones,"Infusiones, condimentos y sal de hierbas del Pallars","Carrer Únic, s/n, 25574 Araós, Alins, Lleida","Cultivo ecológico de hierbas de montaña en Araós (Pirineos), productor de infusiones, condimentos y sal de hierbas del Pallars.",,,,https://herbesdelaltpirineu.com/,,https://www.instagram.com/herbesdelaltpirineu/,https://www.google.com/maps/search/?api=1&query=Herbes%20de%20l%27Alt%20Pirineu%20Alins%20Lleida,42.5350,1.2616,,parcial,sí,
debresca-baix-pallars,DeBresca,Baix Pallars,Licores,Ratafia de Cal Xandri y licores tradicionales del Pallars,"Carrer Únic, s/n (Cal Xandri), 25592 Bresca, Baix Pallars, Lleida","Elaboradores de licores tradicionales en el Pallars, con su Ratafia de Cal Xandri macerada con nueces verdes y hierbas silvestres.",,,,https://debresca.cat/,,https://www.instagram.com/debresca/,https://www.google.com/maps/search/?api=1&query=DeBresca%20Baix%20Pallars%20Lleida,42.3128,1.0693,,parcial,sí,
embotits-obach-organya,Embotits Obach,Organyà,Charcutería,Llonganissa d'Organyà y embutidos secados al aire del Pirineo,"Av. Santa Fe, s/n, 25794 Organyà, Lleida","Histórica charcutería de Organyà (desde 1915), famosa por su llonganissa d'Organyà y embutidos secados al aire del Pirineo.",,,,https://embotitsobach.com/,,,https://www.google.com/maps/search/?api=1&query=Embotits%20Obach%20Organy%C3%A0%20Lleida,42.2215,1.3315,,parcial,sí,
casa-macia-rialp,Casa Macià,Rialp,Charcutería,Cabrito y cordero ecológicos de venta directa,"Carrer Únic, s/n, 25594 Roní, Rialp, Lleida","REVISAR: la web (casamacia.com) y Google Maps corresponden a la casa rural de turismo Casa Macià en Roní; confirmar si la familia mantiene venta directa de cabrito/cordero ecológicos y si la categoría Charcutería es correcta. Explotación familiar de ganadería en Roní (Rialp, Pirineos).",,,,https://www.casamacia.com/,,,https://www.google.com/maps/search/?api=1&query=Casa%20Maci%C3%A0%20Rialp%20Lleida,42.4571,1.1798,,pendiente,no comprobado,
masia-perdigues-la-baronia-de-rialb,Masia Perdigués,La Baronia de Rialb,Charcutería,Embutidos artesanos curados y aceite de oliva (Forat de Buli),"Masia Perdigués, s/n, 25747 El Palau de Rialb, La Baronia de Rialb, Lleida","Productor familiar (desde 1998, marca Forat de Buli) que elabora embutidos artesanos curados, aceite de oliva virgen extra y productos locales de la Baronia de Rialb.",,,,https://foratdebuli.com/,,,https://www.google.com/maps/search/?api=1&query=Masia%20Perdigu%C3%A9s%20La%20Baronia%20de%20Rialb%20Lleida,42.0210,1.1890,,parcial,no comprobado,
quicou-s-la-pobla-de-cervoles,Quicou's,La Pobla de Cérvoles,Huevos y granja,Huevos ecológicos de gallinas camperas,"25471 La Pobla de Cérvoles, Lleida",Granja de huevos ecológicos de gallinas camperas criadas en libertad y alimentadas ecológicamente en Les Garrigues.,,,,https://www.quicous.cat/,,https://www.instagram.com/granja.quicous/,https://www.google.com/maps/search/?api=1&query=Quicou%27s%20La%20Pobla%20de%20C%C3%A9rvoles%20Lleida,41.3659,0.9146,,parcial,no comprobado,
safra-de-les-garrigues-cervia-de-les-garrigues,Safrà de les Garrigues,Cervià de les Garrigues,Especias,Azafrán en hebra de cultivo artesanal,"Carrer de l'Albi, 83, 25460 Cervià de les Garrigues, Lleida","Cooperativa de productores locales de azafrán en Les Garrigues, elaboradora de azafrán en hebra de cultivo artesanal.",,,,https://safracat.cat/,,,https://www.google.com/maps/search/?api=1&query=Safr%C3%A0%20de%20les%20Garrigues%20Cervi%C3%A0%20de%20les%20Garrigues%20Lleida,41.4583,0.8744,,parcial,no comprobado,
forn-frias-lleida,Forn Frias,Lleida,Pan y pastelería,"Pan de masa madre, pan sin gluten, bollería y pastelería","Carrer Baró de Maials, 14-16, 25005 Lleida","Panadería artesanal tradicional en Lleida (Antonio Frías S.L.) adherida a Pa PiriPonent, especializada en panes de masa madre y opciones sin gluten.",,+34973238936,,,,,https://www.google.com/maps/search/?api=1&query=Forn%20Frias%20Lleida%20Lleida,41.6088,0.6263,,parcial,no comprobado,
mel-mino-vilanova-de-meia,Mel Minó,Vilanova de Meià,Miel,"Miel, polen, miel con nueces y avellanas, velas de cera","25737 Vilanova de Meià, Lleida","Apicultores de tercera generación en los valles del Montsec (Vilanova de Meià), con miel de vegetación autóctona, polen y velas de cera; venta directa todo el año.",,,,,,,https://www.google.com/maps/search/?api=1&query=Mel%20Min%C3%B3%20Vilanova%20de%20Mei%C3%A0%20Lleida,41.99533,1.02284,,parcial,no comprobado,
conill-de-les-serretes-preixens,Conill de les Serretes,Preixens,Carne,"Conejo de proximidad, Carne de conejo fresca, Preparados de conejo","Crta. de Balaguer, 29, 2a, 25316 Pradell de Sió, Preixens, Lleida","Granja familiar de conejo de proximidad en Preixens, con más de 30 años de tradición; venta a tiendas, restaurantes y a domicilio.",,+34617057249,serretes@conilldelesserretes.cat,https://conilldelesserretes.cat/,,https://www.instagram.com/conilldelesserretes,https://www.google.com/maps/search/?api=1&query=Conill%20de%20les%20Serretes%2C%20Crta.%20de%20Balaguer%2C%20Pradell%20de%20Si%C3%B3%2C%20Preixens%2C%20Lleida,41.7970422,1.0290692,/productores/catalunya/lleida/conill-de-les-serretes-preixens.webp,parcial,no,
agro-caprina-morell-montgai,Agro-Caprina Morell,Montgai,Lácteos y quesos,"Leche de cabra catalana, Carne de cabrito","Avinguda Generalitat, 26, 25616 Montgai, Lleida",Explotación caprina familiar en Montgai con cabras malagueñas; leche de cabra catalana y venta de carne de cabrito.,,+34973430289,morellpetit89@hotmail.com,,,https://www.instagram.com/acm_montgai,https://www.google.com/maps/search/?api=1&query=Agro-Caprina%20Morell%2C%20Avinguda%20Generalitat%2C%2026%2C%20Montgai%2C%20Lleida,41.80016,0.96129,,parcial,no comprobado,
eth-brinhon-naut-aran,Eth Brinhon,Naut Aran,Miel,"Miel de mil flores, Miel de romero, Miel de montaña","Garós, 25539 Naut Aran, Lleida",Apicultura familiar en la Val d'Aran (Garós); miel artesanal de montaña y visitas guiadas al colmenar.,,+34680480254,ethbrinhon@gmail.com,https://www.brinhon.com/,,,https://www.google.com/maps/search/?api=1&query=Eth%20Brinhon%2C%20Gar%C3%B3s%2C%20Naut%20Aran%2C%20Lleida,42.6996902,0.8458524,/productores/catalunya/lleida/eth-brinhon-naut-aran.webp,parcial,no,
pastas-la-cosa-nostra-cervera,Pastas La Cosa Nostra,Cervera,Pasta artesana,"Pasta fresca artesana, pizzas artesanas y raviolis","Avinguda de la Cerdanya, 10, 25200 Cervera, Lleida","Obrador de pizzas y pastas artesanas en Cervera, con distribución refrigerada a hostelería y supermercados y canal propio de compra online.",Consultar web,+34973531665,pastaslacosanostra@pastaslacosanostra.com,https://es.pastaslacosanostra.com/,,,https://www.google.com/maps/search/?api=1&query=Pastas%20La%20Cosa%20Nostra%2C%20Avinguda%20de%20la%20Cerdanya%2010%2C%20Cervera%2C%20Lleida,41.6720611,1.2467724,/productores/catalunya/lleida/pastas-la-cosa-nostra-cervera.webp,parcial,sí,
fruits-secs-puigdellivol-torrebesses,Fruits Secs Puigdellívol,Torrebesses,Frutos secos,"Almendras, avellanas y pistachos deshidratados","Afores s/n, 25176 Torrebesses, Lleida","Empresa de frutos secos de Torrebesses especializada en deshidratación a baja temperatura de almendras, avellanas y pistachos.",Consultar web,+34973126061,fruitsecs@grup-puigdellivol.com,https://www.frutossecospuigdellivol.com/,,,https://www.google.com/maps/search/?api=1&query=Fruits%20Secs%20Puigdell%C3%ADvol%2C%20Afores%20s%2Fn%2C%20Torrebesses%2C%20Lleida,41.425944,0.602405,/productores/catalunya/lleida/fruits-secs-puigdellivol-torrebesses.webp,parcial,no comprobado,
esmet-bongus-2023-balaguer,Esmet (Bongus 2023),Balaguer,Charcutería,Botifarra de lengua y embutidos cocidos,"C/ Sant Crist, 61, 25600 Balaguer, Lleida",Operador cárnico de Balaguer asociado a la marca ESMET en producto Km0; la ficha mercantil pública confirma comercio y fabricación de productos cárnicos.,,,,,,,https://www.google.com/maps/search/?api=1&query=Bongus%202023%2C%20C%2F%20Sant%20Crist%2061%2C%20Balaguer%2C%20Lleida,41.7908608,0.8126271,,parcial,no comprobado,
celler-mas-den-roy-artesa-de-segre,Celler Mas d'en Roy,Artesa de Segre,Bodega,Vinos DO Costers del Segre,"Partida Folquer, C-74, 25738 Artesa de Segre, Lleida, Espanya","Celler de la DO Costers del Segre a Artesa de Segre (la Noguera), amb vinya pròpia i elaboració artesana.",,+34607897486,contacte@masdenroy.com,https://www.masdenroyceller.com,,https://www.instagram.com/masdenroyceller,https://www.google.com/maps/search/?api=1&query=Celler%20Mas%20d%27en%20Roy%2C%20Artesa%20de%20Segre,41.9871872,1.1118999,,verificado,no comprobado,
celler-petit-duran-sant-marti-de-riucorb,Celler Petit Duran,Sant Martí de Riucorb,Bodega,Vinos DO Costers del Segre,"Carrer del Calvari, 6, Sant Martí de Maldà, 25344 Sant Martí de Riucorb, Lleida, Espanya","Celler familiar de la DO Costers del Segre a Sant Martí de Maldà, amb botiga en línia de vins propis.",,+34677821267,info@petitduran.com,http://www.petitduran.com,,,https://www.google.com/maps/search/?api=1&query=Celler%20Petit%20Duran%2C%20Sant%20Mart%C3%AD%20de%20Mald%C3%A0,41.5592514,1.0538882,,verificado,sí,ecommerce
solana-roivert-salas-de-pallars,Solana Roivert,Salàs de Pallars,Bodega,Vinos DO Costers del Segre,"Camí de Rivert, PK 1,2, 25693 Salàs de Pallars, Lleida, Espanya","Celler de muntanya de la DO Costers del Segre a Salàs de Pallars (Pallars Jussà), amb botiga en línia.",,+34667603940,info@sroivert.com,http://www.sroivert.com,,https://www.instagram.com/solanaroivert,https://www.google.com/maps/search/?api=1&query=Solana%20Roivert%2C%20Sal%C3%A0s%20de%20Pallars,42.2247792,0.9408407,,verificado,sí,ecommerce
