slug,nombre,municipio,categoria,productos estrella,direccion,descripcion,horario,telefono,correo,web,Facebook,Instagram,Google Maps,lat,lon,imagen,verificacion,Venta online,Canal de venta,categorias adicionales
vidafruits-botarell,VIDAFRUITS,Botarell,Fruta y verdura,"Fruta, verdura y aceite","Avinguda de la Pedra Fita, 52, 43772 Botarell, Tarragona","Explotación hortofrutícola ecológica de Botarell con más de 30 hectáreas de cultivo propio de fruta y verdura, además de aceite, orientada a comercialización y distribución.",Consultar web,,,https://www.vidafruits.es/,,,https://www.google.com/maps/search/?api=1&query=VIDAFRUITS%2C%20Avinguda%20de%20la%20Pedra%20Fita%2C%2052%2C%2043772%20Botarell%2C%20Tarragona&query_place_id=ChIJfR9QdQBPoRIRQkJrjHrurco,41.134501,0.9893392,,verificado,no,,
aromis-montblanc,Aromis,Montblanc,Condimentos,Azafrán y productos aromáticos,"Partida Cantarroella, s/n, 43400 Montblanc, Tarragona","Productor de azafrán y elaboraciones aromáticas de la Conca de Barberà, localizado en Montblanc y verificado con Google Maps.",Consultar web,+34696718135,,https://aromis.cat/,,https://www.instagram.com/aromiscat/,https://www.google.com/maps/search/?api=1&query=ESPAI%20AROMIS%2C%20Partida%20Cantarroella%2C%20s%2Fn%2C%2043400%20Montblanc%2C%20Tarragona&query_place_id=ChIJCc2m-G-pphIR0ckzJ7a9NHY,41.3809992,1.1666706,/productores/es/catalunya/tarragona/aromis-montblanc.webp,verificado,sí,ecommerce,
hortus-aprodiscae-montblanc,Hortus Aprodiscae,Montblanc,Fruta y verdura,Verduras ecológicas y conservas,"Carrer Josep Maria Poblet, 1, 43400 Montblanc, Tarragona","Proyecto de huerta ecológica y transformación vegetal en Montblanc, incorporado desde listados locales de producto de proximidad.",Consultar web,+34977860768,,http://www.hortusaprodiscae.org/,,,https://www.google.com/maps/search/?api=1&query=Hortus%20Aprodiscae%2C%20Carrer%20Josep%20Maria%20Poblet%2C%201%2C%2043400%20Montblanc%2C%20Tarragona&query_place_id=ChIJAQDkKBWpphIRNeIGKJ9GZ9Q,41.3758554,1.15669,/productores/es/catalunya/tarragona/hortus-aprodiscae-montblanc.webp,verificado,sí,ecommerce,
agrobullo-subirana-olea-montblanc,Subirana-Olea / AgroBullo,Montblanc,Aceite,Aceite de oliva virgen extra,"Crta Artesa s/n, 43400 Montblanc, Tarragona","Productor oleícola de Montblanc vinculado a AgroBullo y Subirana-Olea, localizado desde fuentes locales y Google Maps.",Consultar web,+34644277933,,http://www.agrobullo.cat/,,https://www.instagram.com/agrobullo/,https://www.google.com/maps/search/?api=1&query=AgroBullo%2C%20Crta%20Artesa%20s%2Fn%2C%2043400%20Montblanc%2C%20Tarragona&query_place_id=ChIJvar1IWypphIRzD4zqqN4hmU,41.3880266,1.1688176,/productores/es/catalunya/tarragona/agrobullo-subirana-olea-montblanc.webp,verificado,no comprobado,,
agricola-de-la-conca-montblanc,Agrícola de la Conca,Montblanc,Vino,"Vino, cava y aceite","Muralla de Sta. Tecla, 54, 43400 Montblanc, Tarragona","Cooperativa agroalimentaria de Montblanc con vinos, cavas y aceite de la Conca de Barberà, verificada en Google Maps.",Consultar web,+34977863206,,https://www.fetalaconca.cat/,,https://www.instagram.com/fetalaconca/,https://www.google.com/maps/search/?api=1&query=Agrobotiga%20Fet%20a%20La%20Conca%20Montblanc%2C%20Muralla%20de%20Sta.%20Tecla%2C%2054%2C%2043400%20Montblanc%2C%20Tarragona&query_place_id=ChIJ6dH3akKpphIRYoqUwD54vg4,41.3786551,1.1632872,/productores/es/catalunya/tarragona/agricola-de-la-conca-montblanc.webp,verificado,sí,ecommerce,
adernats-vinicola-de-nulles-nulles,Adernats - Vinícola de Nulles,Nulles,Vino,"Vino, cava y enoturismo","C/ Estació, s/n, 43887 Nulles, Tarragona","Bodega cooperativa de Nulles especializada en vinos y cavas Adernats, incluida como productor local del Camp de Tarragona.",Consultar web,+34977602622,,http://adernats.cat/,,https://www.instagram.com/adernats/,https://www.google.com/maps/search/?api=1&query=Celler%20Adernats%20-%20Vin%C3%ADcola%20de%20Nulles%2C%20C%2F%20Estaci%C3%B3%2C%20s%2Fn%2C%2043887%20Nulles%2C%20Tarragona&query_place_id=ChIJ8UgXi8j4oxIRAuwjTbHBS1g,41.2507621,1.2974805,/productores/es/catalunya/tarragona/adernats-vinicola-de-nulles-nulles.webp,verificado,sí,ecommerce,
celler-dasca-vives-valls,Celler Dasca Vives,Valls,Vino,Vinos ecológicos,"Carretera de Valls a Nulles Km4, 43800 Valls, Tarragona","Celler familiar de Valls orientado a vinos ecológicos y de mínima intervención, con ubicación contrastada en Google Maps.",Consultar web,+34679966897,,https://dascavives.com/,,https://www.instagram.com/dascavives/,https://www.google.com/maps/search/?api=1&query=Dasca%20Vives%2C%20Carretera%20de%20Valls%20a%20Nulles%20Km4%2C%2043800%20Valls%2C%20Tarragona&query_place_id=ChIJi3PaN4gApBIRCWEi_6QrNwE,41.2684158,1.2704338,/productores/es/catalunya/tarragona/celler-dasca-vives-valls.webp,verificado,sí,ecommerce,
celler-mas-vicenc-cabra-del-camp,Celler Mas Vicenç,Cabra del Camp,Vino,Vinos y aceite,"Mas Vicenç s/n, 43811, Tarragona","Celler de Cabra del Camp con vinos, aceite y propuestas de enoturismo en el Alt Camp, verificado mediante Google Maps.",Consultar web,+34977630024,,http://www.masvicens.com/,,https://www.instagram.com/masvicens/,https://www.google.com/maps/search/?api=1&query=Celler%20Mas%20Vicen%C3%A7%2C%20Mas%20Vicen%C3%A7%20s%2Fn%2C%2043811%2C%20Tarragona&query_place_id=ChIJXZzojHMEpBIRJ3rn7HWDNOM,41.3807583,1.2957547,/productores/es/catalunya/tarragona/celler-mas-vicenc-cabra-del-camp.webp,verificado,sí,ecommerce,
cellers-blanch-puigpelat,Cellers Blanch,Puigpelat,Vino,Vino y cava,"Avinguda Catalunya, 8, 43812 Puigpelat, Tarragona","Bodega de Puigpelat dedicada a vino y cava del Alt Camp, localizada en directorios de producto local y Google Maps.",Consultar web,+34628541394,,http://www.cellersblanch.com/,,https://www.instagram.com/cellersblanch/,https://www.google.com/maps/search/?api=1&query=Cellers%20Blanch%2C%20Avinguda%20Catalunya%2C%208%2C%2043812%20Puigpelat%2C%20Tarragona&query_place_id=ChIJp_r9zVAHpBIRI50WLjdi7ps,41.2789695,1.2969628,/productores/es/catalunya/tarragona/cellers-blanch-puigpelat.webp,verificado,sí,ecommerce,
cooperativa-de-valls-valls,Cooperativa de Valls,Valls,Fruta y verdura,"Calçots, vino y aceite","Plaça del Carme, 4, 43800 Valls, Tarragona","Cooperativa agrícola de Valls asociada a calçots, vino y aceite del territorio, con ficha de Google Maps verificada.",Consultar web,+34977602084,,http://www.coopvalls.com/,,,https://www.google.com/maps/search/?api=1&query=Agr%C3%ADcola%20I%20Secci%C3%B3n%20de%20Cr%C3%A9dito%20de%20Valls%20S.C.C.L.%2C%20Pla%C3%A7a%20del%20Carme%2C%204%2C%2043800%20Valls%2C%20Tarragona&query_place_id=ChIJg7_pCn0ApBIR6Y2SF3GHh_o,41.2820859,1.2503694,/productores/es/catalunya/tarragona/cooperativa-de-valls-valls.webp,verificado,sí,ecommerce,
cellers-avgvstvs-forvm-el-vendrell,Cellers Avgvstvs Forvm,El Vendrell,Vino,Vinos y vinagres Forvm,"Carretera de Sant Vicenç, s/n, 43700 El Vendrell, Tarragona","Bodega del Baix Penedès con vinos y vinagres Forvm, incluida por su producción local y ubicación contrastada.",Consultar web,+34977666910,,http://www.avgvstvsforvm.com/,,https://www.instagram.com/avgvstvsforvm/,https://www.google.com/maps/search/?api=1&query=Cellers%20Avgvstvs%20Forvm%2C%20Carretera%20de%20Sant%20Vicen%C3%A7%2C%20s%2Fn%2C%2043700%20El%20Vendrell%2C%20Tarragona&query_place_id=ChIJsSgjTTeLoxIRPO95RuwtqXk,41.2068887,1.5250779,/productores/es/catalunya/tarragona/cellers-avgvstvs-forvm-el-vendrell.webp,verificado,sí,ecommerce,
torclum-la-bisbal-del-penedes,Torclum,La Bisbal del Penedès,Aceite,Aceite de oliva virgen extra,"Plaça Pau Casals, 5, 43717 La Bisbal del Penedès, Tarragona","Productor oleícola del Baix Penedès centrado en aceite de oliva virgen extra, con ubicación verificada en Google Maps.",Consultar web,+34620148362,,https://torclum.com/,,https://www.instagram.com/torclum_oliveoil/,https://www.google.com/maps/search/?api=1&query=Torclum%2C%20Pla%C3%A7a%20Pau%20Casals%2C%205%2C%2043717%20La%20Bisbal%20del%20Pened%C3%A8s%2C%20Tarragona&query_place_id=ChIJbXul6IUKpBIRBbPhvfl1jLg,41.2800007,1.4872271,/productores/es/catalunya/tarragona/torclum-la-bisbal-del-penedes.webp,verificado,sí,ecommerce,
ceolpe-llorenc-del-penedes,CEOLPE - Centre Oleícola del Penedès,Llorenç del Penedès,Aceite,Aceite de oliva,"Carretera De L'Hostal, 0 S/N, 43712 Llorenç del Penedès, Tarragona","Centro oleícola de Llorenç del Penedès dedicado al aceite de oliva del territorio, localizado con Google Maps.",Consultar web,+34977678334,,http://ceolpe.com/,,,https://www.google.com/maps/search/?api=1&query=CEOLPE%20-%20Centre%20Ole%C3%ADcola%20del%20Pened%C3%A8s%2C%20Carretera%20De%20L'Hostal%2C%200%20S%2FN%2C%2043712%20Lloren%C3%A7%20del%20Pened%C3%A8s%2C%20Tarragona&query_place_id=ChIJseQ8dxN1pBIRj-7NoRnz7tA,41.2944679,1.542968,/productores/es/catalunya/tarragona/ceolpe-llorenc-del-penedes.webp,verificado,sí,whatsapp,
olis-sole-mont-roig-del-camp,Olis Solé,Mont-roig del Camp,Aceite,Aceite de oliva virgen extra,"Carrer Vinyols, 12, 43300 Mont-roig del Camp, Tarragona","Molino y productor de aceite de oliva virgen extra de Mont-roig del Camp, incorporado como productor local de Tarragona.",Consultar web,+34977837031,,http://www.olissole.com/,,https://www.instagram.com/olissole/,https://www.google.com/maps/search/?api=1&query=Olis%20Sol%C3%A9%20SL%2C%20Carrer%20Vinyols%2C%2012%2C%2043300%20Mont-roig%20del%20Camp%2C%20Tarragona&query_place_id=ChIJ5T5s10JGoRIRqoMAop6rlYI,41.0871978,0.9614587,/productores/es/catalunya/tarragona/olis-sole-mont-roig-del-camp.webp,verificado,sí,ecommerce,
coselva-la-selva-del-camp,Coselva,La Selva del Camp,Aceite,"Aceite, avellanas y frutos secos","Avinguda de Joan Puig i Ferreter, 22, 43470 La Selva del Camp, Tarragona","Cooperativa de La Selva del Camp con aceite Antara, avellanas y frutos secos de proximidad, verificada con Google Maps.",Consultar web,+34977845920,,https://www.coselva.com/,,https://www.instagram.com/antaradecoselva/,https://www.google.com/maps/search/?api=1&query=Oli%20Antara%20i%20Fruits%20Secs%20KM0%20a%20La%20Selva%20-%20Agrobotiga%20de%20Coselva%2C%20Avinguda%20de%20Joan%20Puig%20i%20Ferreter%2C%2022%2C%2043470%20La%20Selva%20del%20Camp%2C%20Tarragona&query_place_id=ChIJD9Dm-A9UoRIR9cuzkFPnk-Y,41.2112419,1.14222,/productores/es/catalunya/tarragona/coselva-la-selva-del-camp.webp,verificado,sí,ecommerce,
formatges-la-vall-del-brugent-capafonts,Formatges La Vall del Brugent,Capafonts,Lácteos y quesos,Quesos artesanos,"Diseminado Mas Pocurull, 1, 43364, Tarragona","Quesería artesana de la Vall del Brugent en Capafonts, incorporada como productor local y contrastada en Google Maps.",Consultar web,+34619673968,,,https://www.facebook.com/FormatgesArtesanslaValldelBrugent/,,https://www.google.com/maps/search/?api=1&query=Formatges%20La%20Vall%20del%20Brugent%2C%20Diseminado%20Mas%20Pocurull%2C%201%2C%2043364%2C%20Tarragona&query_place_id=ChIJQ3jXWoGzphIRBzrbAeECsTA,41.2963316,1.0240472,,verificado,no comprobado,,
horta-cal-marxant-la-pobla-de-montornes,Horta Cal Marxant,La Pobla de Montornès,Fruta y verdura,Calçots y verduras,"Polígon 12, parcel·la 3, 43761 La Pobla de Montornès, Tarragona","Productor hortícola de La Pobla de Montornès especializado en verduras y calçots de proximidad, verificado con Google Maps.",Consultar web,+34669633778,,http://www.hortacalmarxant.cat/,,https://www.instagram.com/hortacalmarxant_ecologic/,https://www.google.com/maps/search/?api=1&query=Horta%20Cal%20Marxant%2C%20poligon%2012%20parcela%203%2C%2043761%20La%20Pobla%20de%20Montorn%C3%A8s%2C%20Tarragona&query_place_id=ChIJBWgVNDvxoxIRmPyP7MB5RHA,41.1751748,1.3965926,/productores/es/catalunya/tarragona/horta-cal-marxant-la-pobla-de-montornes.webp,verificado,no comprobado,,
caves-reverte-salomo,Caves Reverté,Salomó,Vino,Cava,"Tomas Garcia Rebull, 4, 43885 Salomó, Tarragona","Cava familiar de Salomó dedicado a la elaboración local de cava, incorporado desde directorios del Camp de Tarragona.",Consultar web,+34630929380,,http://www.cavareverte.com/,,https://www.instagram.com/cava_reverte/,https://www.google.com/maps/search/?api=1&query=CAVES%20REVERT%C3%89%2C%20Tomas%20Garcia%20Rebull%2C%204%2C%2043885%20Salom%C3%B3%2C%20Tarragona&query_place_id=ChIJX8yL7nn3oxIRh-u7NjlzDt4,41.22828,1.37502,/productores/es/catalunya/tarragona/caves-reverte-salomo.webp,verificado,no comprobado,,
celler-mas-del-boto-alforja,Celler Mas del Botó,Alforja,Vino,Vinos ecológicos,"Camí de Porrera a Alforja, s/n, 43365 Alforja, Tarragona","Celler de Alforja enfocado en vinos ecológicos y producción local del Baix Camp, con ubicación contrastada en Google Maps.",Consultar web,+34630982747,,http://www.masdelboto.cat/,,https://www.instagram.com/celler_mas_boto/,https://www.google.com/maps/search/?api=1&query=Celler%20Mas%20del%20Bot%C3%B3%2C%20Cam%C3%AD%20de%20Porrera%20a%20Alforja%2C%20s%2Fn%2C%2043365%20Alforja%2C%20Tarragona&query_place_id=ChIJu8SU3_VJoRIR8QqKfO6bonk,41.195531,0.9200146,/productores/es/catalunya/tarragona/celler-mas-del-boto-alforja.webp,verificado,sí,whatsapp,
mel-dolz-montbrio-del-camp,Mel Dolz,Montbrió del Camp,Miel,Miel artesana,"Partida Teixells, polígon 8, parcel·la 4, 43340 Montbrió del Camp, Tarragona","Productor apícola de Montbrió del Camp centrado en miel artesana de proximidad, localizado con Google Maps.",Consultar web,+34606835031,,http://www.meldolz.com/,,https://www.instagram.com/mel_dolz/,https://www.google.com/maps/search/?api=1&query=Mel%20dolz%2C%20Partida%20teixells%2C%20poligono%208%2C%20parcela%204%2C%2043340%20Montbri%C3%B3%20del%20Camp%2C%20Tarragona&query_place_id=ChIJbeep1axFoRIR26dQ4eOhWWg,41.1125443,1.0013486,/productores/es/catalunya/tarragona/mel-dolz-montbrio-del-camp.webp,verificado,sí,ecommerce,
celler-masroig-el-masroig,Celler Masroig,El Masroig,Vino,Vino y aceite,"Passeig de l'Arbre, 3, 43736 El Masroig, Tarragona","Celler cooperativo del Priorat con vinos y aceite de producción local, incluido desde directorios de producto del Priorat.",Consultar web,+34977825026,,http://www.cellermasroig.com/,,https://www.instagram.com/cellermasroig/,https://www.google.com/maps/search/?api=1&query=Celler%20Masroig%2C%20Passeig%20de%20l'Arbre%2C%203%2C%2043736%20El%20Masroig%2C%20Tarragona&query_place_id=ChIJ8fYhOY0voRIRQPJrnQyv1UY,41.1262937,0.7337288,/productores/es/catalunya/tarragona/celler-masroig-el-masroig.webp,verificado,sí,ecommerce,
celler-vall-llach-porrera,Celler Vall Llach,Porrera,Vino,Vinos Priorat,"Carrer del Pont, 9, 43739 Porrera, Tarragona","Celler de Porrera dedicado a vinos del Priorat, incorporado como productor local y verificado mediante Google Maps.",Consultar web,+34615825976,,http://www.vallllach.com/,,,https://www.google.com/maps/search/?api=1&query=Celler%20Vall%20Llach%2C%20Carrer%20del%20Pont%2C%209%2C%2043739%20Porrera%2C%20Tarragona&query_place_id=ChIJ-3ozmpo2oRIRNJMWroJkOUU,41.1883128,0.8566985,/productores/es/catalunya/tarragona/celler-vall-llach-porrera.webp,verificado,sí,ecommerce,
mel-de-gratallops-gratallops,Mel de Gratallops,Gratallops,Miel,Miel y aceite,"Carrer del Piró, 61, 43737 Gratallops, Tarragona",Productor de miel de Gratallops incluido en directorios de producto local del Priorat y contrastado con Google Maps.,Consultar web,,,,,,https://www.google.com/maps/search/?api=1&query=Mel%20De%20Gratallops%2C%20Carrer%20del%20Pir%C3%B3%2C%2061%2C%2043737%20Gratallops%2C%20Tarragona&query_place_id=ChIJ61ODd4wxoRIRSF0F5XWRASY,41.1927222,0.7753058,,parcial,no comprobado,,
olives-blai-peris-bot,Olives Blai Peris,Bot,Conservas,Olivas y aceite,"Carrer Ferreries, s/n, 43785 Bot, Tarragona","Productor de olivas, encurtidos y aceite de Bot, incorporado desde la ficha de turismo local y verificado con Google Maps.",Consultar web,+34977428388,olisblai@oliveoilblai.com,https://www.blaiperis.es/,,https://www.instagram.com/blaiperis/,https://www.google.com/maps/search/?api=1&query=Blai%20Peris%20S.L.%2C%20Carrer%20Ferreries%2C%20s%2Fn%2C%2043785%20Bot%2C%20Tarragona&query_place_id=ChIJj8zzC9DDoBIR6Un8OHTkKgw,41.0082408,0.3823029,/productores/es/catalunya/tarragona/olives-blai-peris-bot.webp,verificado,no comprobado,,
donum-deus-bot,Donum Deus,Bot,Carne,Cabrito y productos caprinos,"Carrer Canvis, 1, 43785 Bot, Tarragona","Productor de Bot vinculado a cabrito y productos caprinos, incorporado desde la ficha de turismo local y localizado por dirección en Google Maps.",Consultar web,,,https://donumdeus.com/,,,https://www.google.com/maps/search/?api=1&query=Donum%20Deus%2C%20Carrer%20Canvis%2C%201%2C%2043785%20Bot%2C%20Tarragona&query_place_id=Ei1DYXJyZXIgQ2FudmlzLCAxLCA0Mzc4NSBCb3QsIFRhcnJhZ29uYSwgU3BhaW4iMBIuChQKEgnt-HGW2sOgEhG7Nj5MXbDTRBABKhQKEgl7NdaU2sOgEhGQG4OeHZbxcg,41.0095972,0.3832551,/productores/es/catalunya/tarragona/donum-deus-bot.webp,verificado,no comprobado,,
horta-blanch-altafulla,Horta Blanch,Altafulla,Fruta y verdura,Calçots y verduras,"Carrer Mossèn Miquel Amorós, 1, 43893 Altafulla, Tarragona","Productor y punto de venta hortícola con verduras y calçots de proximidad, incorporado al CSV de Tarragona con ubicación de Google Maps.",Consultar web,+34977651105,,http://www.hortablanch.com/,,https://www.instagram.com/horta_blanch/,https://www.google.com/maps/search/?api=1&query=Horta%20Blanch%2C%20Carrer%20Moss%C3%A8n%20Miquel%20Amor%C3%B3s%2C%201%2C%2043893%20Altafulla%2C%20Tarragona&query_place_id=ChIJBVT-bHDwoxIRx-DjShYCkLM,41.141578,1.374805,/productores/es/catalunya/tarragona/horta-blanch-altafulla.webp,verificado,no comprobado,,
moli-doli-mas-montseny-el-morell,Molí d'oli Mas Montseny,El Morell,Aceite,Aceite de oliva virgen extra,"Carretera Reus, km 5,5, 43760 El Morell, Tarragona","Molino de aceite de El Morell dedicado al aceite de oliva virgen extra, incorporado como productor oleícola de Tarragona.",Consultar web,+34680662215,,http://www.masmontseny.com/,,https://www.instagram.com/masmontseny/,https://www.google.com/maps/search/?api=1&query=Mol%C3%AD%20d'oli%20MAS%20MONTSENY%2C%20Carretera%20Reus%2C%20km%205%2C5%2C%2043760%20El%20Morell%2C%20Tarragona&query_place_id=ChIJsUyB7mRWoRIRoglXnqMvVck,41.1808335,1.1812638,/productores/es/catalunya/tarragona/moli-doli-mas-montseny-el-morell.webp,verificado,sí,ecommerce,
arrossaires-del-delta-de-lebre-deltebre,Arrossaires del Delta de l'Ebre,Deltebre,Pan y cereal,Arroz DOP Delta de l’Ebre y licor de arroz,"Ctra. de Camarles a Deltebre, km 6,5, 43580 Deltebre, Tarragona","Cooperativa arrocera inscrita en la DOP Arròs del Delta de l’Ebre, productora y elaboradora de arroz local del Delta.",Consultar web,+34977487777,info@arrossaires.com,http://www.arrossaires.com/,,https://www.instagram.com/agrobotigaarrossaires/,https://www.google.com/maps/search/?api=1&query=Arrossaires%20del%20Delta%20de%20l'Ebre%20SCCL%20Coop%2C%20Ctra.%20de%20Camarles%20a%20Deltebre%2C%20km%206%2C5%2C%2043580%20Deltebre%2C%20Tarragona&query_place_id=ChIJM7Ofk-QFoRIRBCs18mRwIxE,40.7349929,0.7039642,/productores/es/catalunya/tarragona/arrossaires-del-delta-de-lebre-deltebre.webp,verificado,no comprobado,,
cambra-arrossera-del-montsia-amposta,Cámara Arrocera del Montsià,Amposta,Pan y cereal,Arroz DOP Delta de l’Ebre,"Carrer Salvador Dalí, 27-29, 43870 Amposta, Tarragona","Cooperativa agrícola de Amposta dedicada a cultivar, elaborar y comercializar arroz DOP del Delta de l’Ebre.",Consultar web,+34977701020,lacamara@lacamara.es,https://lacamara.es/,,,https://www.google.com/maps/search/?api=1&query=C%C3%A1mara%20Arrocera%20del%20Montsi%C3%A0%2C%20SCCL%2C%20Carrer%20Salvador%20Dal%C3%AD%2C%2027-29%2C%2043870%20Amposta%2C%20Tarragona&query_place_id=ChIJKRPsIW_-oBIRNy_pdlsqv1Q,40.6997099,0.5768473,/productores/es/catalunya/tarragona/cambra-arrossera-del-montsia-amposta.webp,verificado,no,,
lo-nostre-arros-amposta,Lo Nostre Arròs,Amposta,Pan y cereal,"Arroz Bomba, Carnaroli, Marisma y harina de arroz","El Camí de Panissos, s/n, 43870 Amposta, Tarragona","Empresa familiar de Amposta que cultiva, elabora, envasa y comercializa su propio arroz del Parque Natural del Delta de l’Ebre.",Consultar web,+34977700035,lonostrearros@lonostrearros.com,http://lonostrearros.cat/,,https://www.instagram.com/lonostrearros/,https://www.google.com/maps/search/?api=1&query=Lo%20Nostre%20Arr%C3%B2s%2C%20El%20Cam%C3%AD%20de%20Panissos%2C%20s%2Fn%2C%2043870%20Amposta%2C%20Tarragona&query_place_id=ChIJX3OjxXL-oBIRu7thViaUnP0,40.6931656,0.622372,/productores/es/catalunya/tarragona/lo-nostre-arros-amposta.webp,verificado,sí,ecommerce,
moli-de-rafelet-deltebre,Molí de Rafelet,Deltebre,Pan y cereal,"Arroz artesanal del Delta, Bomba, Marisma y ecológico","Carrer Sant Roc, 8, 43580 Deltebre, Tarragona","Molino artesanal de arroz de Deltebre, con elaboración y envasado tradicional de arroz típico del Delta de l’Ebre.",Consultar web,+34977482642,info@moliderafelet.com,https://moliderafelet.com/es/,,https://www.instagram.com/molirafelet/,https://www.google.com/maps/search/?api=1&query=Mol%C3%AD%20de%20Rafelet%20-%20Arrossos%20artesanals%2C%20Carrer%20Sant%20Roc%2C%208%2C%2043580%20Deltebre%2C%20Tarragona&query_place_id=ChIJfab_6eMFoRIRYj14v5iDIiw,40.7173641,0.7399668,/productores/es/catalunya/tarragona/moli-de-rafelet-deltebre.webp,verificado,sí,ecommerce,
riet-vell-amposta,Riet Vell,Amposta,Pan y cereal,Arroz ecológico del Delta de l’Ebre,"Carretera Amposta - Eucaliptus, km 18,5, 43870 Amposta, Tarragona",Proyecto de SEO/BirdLife dedicado a la producción y comercialización de arroz ecológico en una finca del Delta de l’Ebre.,Consultar web,+34976254818,info@rietvell.com,https://www.rietvell.com/,,https://www.instagram.com/rietvell/,https://www.google.com/maps/search/?api=1&query=Reserva%20Natural%20Riet%20Vell%20-%20Centre%20de%20Visitants%2C%20Carretera%20Amposta%20-%20Eucaliptus%2C%20km%2018%2C5%2C%2043870%20Amposta%2C%20Tarragona&query_place_id=ChIJWyW4UkIIoRIR31H1t9ndRZY,40.6593182,0.7746579,/productores/es/catalunya/tarragona/riet-vell-amposta.webp,verificado,sí,ecommerce,
fepromodel-deltebre,FEPROMODEL,Deltebre,Pescado,"Mejillones, ostras y almejas del Delta de l’Ebre","Avinguda Germans Carsi, 46 baixos, 43580 Deltebre, Tarragona","Federación de productores de moluscos del Delta de l’Ebre, centrada en marisco cultivado en las bahías del Fangar y dels Alfacs.",Consultar web,+34977480466,gerardo@fepromodel.com,https://www.fepromodel.com/,,,https://www.google.com/maps/search/?api=1&query=Fepromodel%2C%20Avinguda%20Germans%20Carsi%2C%2046%2C%2043580%20Deltebre%2C%20Tarragona&query_place_id=ChIJ9ynrPeEFoRIRugp_CgJbIPY,40.7226025,0.7006179,/productores/es/catalunya/tarragona/fepromodel-deltebre.webp,verificado,no comprobado,,
explotacions-marines-fangar-la-rapita,Explotacions Marines Fangar,La Ràpita,Pescado,Ostras y mejillones del Delta de l’Ebre,"Carrer d'Alemanya, 3, Pol. Ind. El Rajolar, 43540 La Ràpita, Tarragona","Empresa familiar de cultivo artesanal de ostras y mejillones en las bahías del Delta de l’Ebre, con producción propia y depuración en La Ràpita.",Consultar web,+34977744230,administracio@fangar.cat,https://mariscosfangar.com/,,,https://www.google.com/maps/search/?api=1&query=Fangar%20Explotacions%20Marines%2C%20Carrer%20d'Alemanya%2C%203%2C%2043540%20La%20R%C3%A0pita%2C%20Tarragona&query_place_id=ChIJh0fJZNwFoRIRAK50iePAZ3g,40.63662,0.59497,/productores/es/catalunya/tarragona/explotacions-marines-fangar-la-rapita.webp,verificado,no,,
granja-luisiana-deltebre,Granja Luisiana,Deltebre,Otros,"Pato, pollo y arroz","Ctra. Riumar T-340, km 13, 43580 Deltebre, Tarragona","Granja familiar de Deltebre que cría, transforma y distribuye sus propios productos de aves de corral y también arroz.",Consultar web,+34977480889,info@granjaluisiana.com,http://granjaluisiana.com/,,https://www.instagram.com/granjaluisiana/,https://www.google.com/maps/search/?api=1&query=Granja%20Luisiana%2C%20T-340%2C%20km%2013%2C%2043580%20Deltebre%2C%20Tarragona&query_place_id=ChIJdZtNQxkMoRIRn2B481iM1BY,40.7056475,0.7653462,/productores/es/catalunya/tarragona/granja-luisiana-deltebre.webp,verificado,sí,ecommerce,
sal-flor-del-delta-infosa-la-rapita,Sal Flor del Delta - Infosa,La Ràpita,Condimentos,Sal marina y flor de sal del Delta,"Salines de la Trinitat, 43548 La Ràpita, Tarragona","Productor salinero de las Salines de la Trinitat, en la Punta de la Banya, con gama de sal marina y Flor del Delta.",Consultar web,+34977261211,info@infosa.com,http://www.infosa.com/,,https://www.instagram.com/volemlasaldeldelta/,https://www.google.com/maps/search/?api=1&query=Salinas%20de%20la%20Trinidad%20(Infosa)%2C%20Salines%20de%20la%20Trinitat%2C%2043548%20La%20R%C3%A0pita%2C%20Tarragona&query_place_id=ChIJCy3OynKpoRIREYLzSS5-Hf4,40.5884162,0.6916793,/productores/es/catalunya/tarragona/sal-flor-del-delta-infosa-la-rapita.webp,verificado,no,,
mel-muria-el-perello,Mel Muria,El Perelló,Miel,"Miel, polen, própolis y jalea real","Avinguda Catalunya, 23, 43519 El Perelló, Tarragona","Empresa apícola histórica de El Perelló dedicada a la producción, envasado y comercialización de miel y productos de la colmena.",Consultar web,+34977490034,marketing@mielmuria.com,http://www.mielmuria.com/,,https://www.instagram.com/mielmuria/,https://www.google.com/maps/search/?api=1&query=Miel%20Muria%2C%20Avinguda%20Catalunya%2C%2023%2C%2043519%20El%20Perell%C3%B3%2C%20Tarragona&query_place_id=ChIJD8vZltQboRIRWjGM8zg8IfQ,40.871214,0.7139011,/productores/es/catalunya/tarragona/mel-muria-el-perello.webp,verificado,sí,ecommerce,
mel-del-perello-lavi-lluis-el-perello,Mel del Perelló - L'Avi Lluís,El Perelló,Miel,"Miel cruda, miel de romero y miel de azahar","Polígon Industrial Pla de Solans, 1-D, 43519 El Perelló, Tarragona","Proyecto familiar de apicultura de El Perelló con colmenas propias y miel de cosecha propia, natural y de proximidad.",Consultar web,+34977490689,avilluis@meldelperello.com,https://www.meldelperello.com/,,https://www.instagram.com/avilluis_meldelperello/,https://www.google.com/maps/search/?api=1&query=Mel%20del%20Perell%C3%B3%20-%20L'Avi%20Llu%C3%ADs%2C%20Pol%C3%ADgon%20Industrial%20Pla%20de%20Solans%2C%201-D%2C%2043519%20El%20Perell%C3%B3%2C%20Tarragona&query_place_id=ChIJ0Vk_aLMeoRIRHxdXvZaft1g,40.8810475,0.7173314,/productores/es/catalunya/tarragona/mel-del-perello-lavi-lluis-el-perello.webp,verificado,sí,ecommerce,
colome-mulet-olis-campredo,Colomé Mulet Olis,Campredó,Aceite,Aceite de oliva virgen extra y ecológico,"Camí Raval del Pom, 217, 43897 Campredó, Tarragona","Almazara familiar de Campredó dedicada a la producción y venta de aceite de oliva virgen, virgen extra y ecológico.",Consultar web,+34977597167,info@colomemuletolis.com,https://colomemuletolis.com/,,https://www.instagram.com/colomemulet_sl/,https://www.google.com/maps/search/?api=1&query=Colom%C3%A9%20Mulet%20S.L.%2C%20Cam%C3%AD%20Raval%20del%20Pom%2C%20217%2C%2043897%20Campred%C3%B3%2C%20Tarragona&query_place_id=ChIJFde-RQf9oBIRse-Wqpn9o4U,40.7566389,0.5684958,/productores/es/catalunya/tarragona/colome-mulet-olis-campredo.webp,verificado,sí,ecommerce,
acuicultura-del-delta-lametlla-de-mar,Acuicultura del Delta,L'Ametlla de Mar,Pescado,Dorada y lubina,"Moll de Ponent, s/n, nau 3, 43860 L'Ametlla de Mar, Tarragona",Piscifactoría de L’Ametlla de Mar dedicada a la cría y comercialización sostenible de dorada y lubina.,Consultar web,+34678859405,info@acuidelta.com,https://acuidelta.com/,,,https://www.google.com/maps/search/?api=1&query=ACUIDELTA%2C%20S.L.%2C%20Moll%20de%20Ponent%2C%20s%2Fn%2C%20nau%203%2C%2043860%20L'Ametlla%20de%20Mar%2C%20Tarragona&query_place_id=ChIJZ1D-WOgXoRIR3xHmNmv09vM,40.8798289,0.8008615,/productores/es/catalunya/tarragona/acuicultura-del-delta-lametlla-de-mar.webp,verificado,no,,
oli-cocons-amposta,Oli Cocons,Amposta,Aceite,Aceite de oliva virgen extra arbequina,"Carrer Saragossa, 22, 43870 Amposta, Tarragona",Productor local de aceite de oliva virgen extra arbequina de producción limitada en las Terres de l’Ebre.,Consultar web,+34678562243,,,,,https://www.google.com/maps/search/?api=1&query=Oli%20Cocons%2C%20Carrer%20Saragossa%2C%2022%2C%2043870%20Amposta%2C%20Tarragona&query_place_id=ChIJ-26ay3b-oBIRhy55TrGT5Kg,40.7095774,0.5763668,,parcial,no comprobado,,
verdures-ecologiques-joan-castella-amposta,Verdures Ecològiques Joan Castellà,Amposta,Fruta y verdura,"Verduras ecológicas, espárragos, aceitunas y naranjas","Carrer Saragossa, 89, 43870 Amposta, Tarragona",Productor de verduras ecológicas de Amposta con producción certificada y venta directa de hortalizas y otros productos agrícolas.,Consultar web,+34977702915,verduresecologiques@joancastella.net,http://www.joancastella.net/,,,https://www.google.com/maps/search/?api=1&query=Juan%20Castell%C3%A1%20Grau%2C%20Carrer%20Saragossa%2C%2089%2C%2043870%20Amposta%2C%20Tarragona&query_place_id=ChIJCyYLunH-oBIR_8W0STJzmhI,40.7058781,0.5761533,/productores/es/catalunya/tarragona/verdures-ecologiques-joan-castella-amposta.webp,verificado,no comprobado,,
cooperativa-agricola-de-cambrils-cambrils,Cooperativa Agrícola de Cambrils - Aceites Mestral,Cambrils,Aceite,"Aceite de oliva virgen extra Mestral, Aragem y Masos","Ctra. Cambrils - Montbrió, km 2, 43850 Cambrils, Tarragona",Cooperativa agrícola de Cambrils dedicada a la elaboración y venta directa de aceite de oliva virgen extra de proximidad.,Consultar web,+34977369511,mestral@coopcambrils.com,https://www.mestralcambrils.com/,,https://www.instagram.com/olimestral/,https://www.google.com/maps/search/?api=1&query=Cooperativa%20Agr%C3%ADcola%20de%20Cambrils%20-%20Aceites%20Mestral%2C%20Ctra.%20Cambrils%20-%20Montbri%C3%B3%2C%20km%202%2C%2043850%20Cambrils%2C%20Tarragona&query_place_id=ChIJpbNc6BlFoRIRtofmF7Qp15g,41.084381,1.036008,/productores/es/catalunya/tarragona/cooperativa-agricola-de-cambrils-cambrils.webp,verificado,sí,ecommerce,
confraria-de-pescadors-de-cambrils-cambrils,Confraria de Pescadors de Cambrils,Cambrils,Pescado,Pescado fresco de la lonja de Cambrils,"Moll de Ponent, s/n, 43850 Cambrils, Tarragona",Cofradía pesquera histórica de Cambrils vinculada a la actividad marinera local y al pescado fresco capturado por sus barcas.,Consultar web,+34977360052,confraria.cambrils@gmail.com,,,,https://www.google.com/maps/search/?api=1&query=Confraria%20de%20Pescadors%20de%20Cambrils%2C%20Moll%20de%20Ponent%2C%20s%2Fn%2C%2043850%20Cambrils%2C%20Tarragona&query_place_id=ChIJ35jPjldboRIRpobkL3wKl7s,41.0632049,1.0591936,,parcial,no comprobado,,
vermut-miro-reus,Vermut Miró,Reus,Vermut,Vermut de Reus,"Carrer d'Adrià Gual, 10, 43206 Reus, Tarragona","Productor histórico de vermut de Reus, fundado en 1914 y dedicado a vermuts y vinos de licor elaborados con método tradicional.",Consultar web,+34977312958,,https://vermutmiro.com/,,https://www.instagram.com/vermutsmiro/,https://www.google.com/maps/search/?api=1&query=Vermut%20Mir%C3%B3%2C%20Carrer%20d'Adri%C3%A0%20Gual%2C%2010%2C%2043206%20Reus%2C%20Tarragona&query_place_id=ChIJgap6DspRoRIRodg3TsDoOe4,41.1597634,1.0779412,/productores/es/catalunya/tarragona/vermut-miro-reus.webp,verificado,sí,ecommerce,
de-muller-reus,De Muller,Reus,Vino,"Vinos, vermut y vinos de licor","Camí del Mas de Valls, 1, 43206 Reus, Tarragona","Bodega de Reus fundada en 1851, productora de vinos, vermut y vinos de licor con elaboración en el entorno del Mas de Valls.",Consultar web,+34977757473,nacional@demuller.es,https://www.demuller.es/,,,https://www.google.com/maps/search/?api=1&query=De%20Muller%2C%20Cam%C3%AD%20del%20Mas%20de%20Valls%2C%201%2C%2043206%20Reus%2C%20Tarragona&query_place_id=ChIJaw-Em_pQoRIR055Vc5L6cHU,41.1290524,1.111326,/productores/es/catalunya/tarragona/de-muller-reus.webp,verificado,sí,ecommerce,
vermut-yzaguirre-el-morell,Vermut Yzaguirre,El Morell,Vermut,"Vermut clásico, reserva y crianza","Carretera de Reus, km 7,8, 43760 El Morell, Tarragona","Bodega de El Morell dedicada a la producción de vermut, una de las casas históricas asociadas al vermut de Reus.",Consultar web,+34977840655,,https://vermutyzaguirre.com/,,https://www.instagram.com/yzaguirre_experience/,https://www.google.com/maps/search/?api=1&query=Enoturismo%20-%20Tienda%20Bodegas%20Yzaguirre%2C%20Carretera%20de%20Reus%2C%20km%207%2C8%2C%2043760%20El%20Morell%2C%20Tarragona&query_place_id=ChIJzR9RVghWoRIRd_rL_nWGhyU,41.1924966,1.199965,/productores/es/catalunya/tarragona/vermut-yzaguirre-el-morell.webp,verificado,sí,ecommerce,
unio-nuts-reus,Unió Nuts,Reus,Frutos secos,"Avellanas DOP Reus, almendras y algarrobas","Carrer de Joan Oliver, 16-24, 43206 Reus, Tarragona","Cooperativa de frutos secos de Reus especializada en avellana, almendra y algarroba, con producto amparado por DOP Avellana de Reus.",Consultar web,+34977330055,unio@unio.coop,https://unio-nuts.coop/,,,https://www.google.com/maps/search/?api=1&query=Uni%C3%B3%20Nuts%2C%20Carrer%20de%20Joan%20Oliver%2C%2016-24%2C%2043206%20Reus%2C%20Tarragona&query_place_id=ChIJeca_N8lRoRIRN7g-udER1tg,41.1616045,1.0735861,/productores/es/catalunya/tarragona/unio-nuts-reus.webp,verificado,no,,
fruitacasa-reus,Fruitacasa,Reus,Fruta y verdura,Frutas y verduras de temporada,"Avinguda de Bellissens, 41 A, 43204 Reus, Tarragona","Productor de Reus con finca y agrobotiga propia, dedicado a frutas y verduras de temporada y reparto en Baix Camp y Tarragonès.",Consultar web,+34629623078,amiquel@fruitacasa.com,https://fruitacasa.cat/,,,https://www.google.com/maps/search/?api=1&query=FRUITACASA%2C%20Avinguda%20de%20Bellissens%2C%2041%20A%2C%2043204%20Reus%2C%20Tarragona&query_place_id=ChIJkzW2RSlRoRIRN1mJZNWCLRg,41.1389952,1.1317006,/productores/es/catalunya/tarragona/fruitacasa-reus.webp,verificado,sí,ecommerce,
cooperativa-agricola-de-riudecanyes-riudecanyes,Cooperativa Agrícola de Riudecanyes,Riudecanyes,Aceite,Aceite de oliva virgen extra DOP Siurana,"Carrer del Dilluns, 70, 43771 Riudecanyes, Tarragona",Cooperativa oleícola del Baix Camp dedicada al aceite de oliva virgen extra arbequina con Denominación de Origen Protegida Siurana.,Consultar web,+34977834011,info@cooperativariudecanyes.com,https://www.escornalbougourmet.com/,,https://www.instagram.com/aove_escornalbou_gourmet/,https://www.google.com/maps/search/?api=1&query=Cooperativa%20Agr%C3%ADcola%20de%20Riudecanyes%2C%20Carrer%20del%20Dilluns%2C%2070%2C%2043771%20Riudecanyes%2C%20Tarragona&query_place_id=ChIJ4Ygk9b1IoRIR2P6vvBOcUW0,41.1298677,0.9630725,/productores/es/catalunya/tarragona/cooperativa-agricola-de-riudecanyes-riudecanyes.webp,verificado,sí,ecommerce,
celler-mas-den-baiget-lalbiol,Celler Mas d'en Baiget,L'Albiol,Vino,Vinos DO Tarragona,"L'Albiol, 43479, Tarragona","Celler del Baix Camp dedicado a vinos de la DO Tarragona, incorporado desde listados de productores agroalimentarios del Camp de Tarragona.",Consultar web,+34670207279,joanmaria.vilalta@gmail.com,,https://www.facebook.com/masdenbaiget/,https://www.instagram.com/masdenbaiget/,https://www.google.com/maps/search/?api=1&query=Celler%20Mas%20d'en%20Baiget%2C%20L'Albiol%2C%2043479%2C%20Tarragona&query_place_id=ChIJAwsKdQZToRIRLzWapzz5ubE,41.240141,1.0931876,,verificado,no comprobado,,
mel-flavia-les-borges-del-camp,Mel Flavià,Les Borges del Camp,Miel,"Miel, polen, panales y própolis","Plaça de l'Església, 3, 43350 Les Borges del Camp, Tarragona",Productor apícola de Les Borges del Camp con extracción artesana de miel y elaboración de productos derivados de la colmena.,Consultar web,+34639913642,melpepflavia@gmail.com,http://www.melflavia.cat/,,https://www.instagram.com/mel_flavia/,https://www.google.com/maps/search/?api=1&query=Mel%20Flavi%C3%A0%2C%20Pla%C3%A7a%20de%20l'Esgl%C3%A9sia%2C%203%2C%2043350%20Les%20Borges%20del%20Camp%2C%20Tarragona&query_place_id=ChIJW1XYgwBPoRIR5fwRSL8xtHI,41.1720961,1.0195652,/productores/es/catalunya/tarragona/mel-flavia-les-borges-del-camp.webp,verificado,sí,ecommerce,
oli-tastam-mont-roig-del-camp,Oli Tasta'm,Mont-roig del Camp,Aceite,Aceite de oliva,"Carrer de la Indústria, 32, 43300 Mont-roig del Camp, Tarragona","Productor local de aceite de oliva del Baix Camp, incorporado desde listados agroalimentarios del Camp de Tarragona y Google Maps.",Consultar web,+34626751705,olitastam@gmail.com,,https://www.facebook.com/olitastam,,https://www.google.com/maps/search/?api=1&query=Oli%20Tasta'm%2C%20Carrer%20de%20la%20Ind%C3%BAstria%2C%2032%2C%2043300%20Mont-roig%20del%20Camp%2C%20Tarragona&query_place_id=ChIJq4weQ11GoRIR-aKlzsZ2UoM,41.0846786,0.9623403,,verificado,no comprobado,,
hortavella-mont-roig-del-camp,Hortavella,Mont-roig del Camp,Fruta y verdura,Verdura de temporada,"Carretera T-310, km 13.3, Vilanova d'Escornalbou, 43300 Mont-roig del Camp, Tarragona","Productor de verdura de temporada del Baix Camp, localizado en el entorno de Mont-roig del Camp y Vilanova d’Escornalbou.",Consultar web,+34670391071,hortavella95@gmail.com,,,,https://www.google.com/maps/search/?api=1&query=Hortavella%2C%20Carretera%20T-310%2C%20km%2013.3%2C%20Vilanova%20d'Escornalbou%2C%2043300%20Mont-roig%20del%20Camp%2C%20Tarragona&query_place_id=ChIJkacASwxGoRIRyi7fRo11Kg4,41.0992216,0.9753627,,parcial,no comprobado,,
agricola-de-vila-seca-vila-seca,Agrícola de Vila-seca,Vila-seca,Aceite,Aceite de oliva virgen extra Escomes DOP Siurana,"Carrer del Mas de l'Abat, 125, 43480 Vila-seca, Tarragona","Cooperativa agrícola de Vila-seca fundada en 1901, elaboradora de aceite de oliva virgen extra arbequina con DOP Siurana.",Consultar web,+34977390274,info@cooperativavilaseca.com,http://www.cooperativavilaseca.com/,,https://www.instagram.com/cooperativaagricolavilaseca/,https://www.google.com/maps/search/?api=1&query=Agr%C3%ADcola%20de%20Vila-seca%2C%20S.C.C.L.%2C%20Carrer%20del%20Mas%20de%20l'Abat%2C%20125%2C%2043480%20Vila-seca%2C%20Tarragona&query_place_id=ChIJ7YD1tfxZoRIRdvMgpsehg8U,41.1155727,1.1485698,/productores/es/catalunya/tarragona/agricola-de-vila-seca-vila-seca.webp,verificado,sí,email,
vinyes-del-terrer-vila-seca,Vinyes del Terrer,Vila-seca,Vino,Vinos de finca junto al Mediterráneo,"Camí del Terrer, s/n, 43480 Vila-seca, Tarragona","Bodega de Vila-seca con viñedos propios en suelo de lumaquela, dedicada a vinos de finca del entorno mediterráneo del Tarragonès.",Consultar web,+34696477583,eduard@vinyesdelterrer.com,https://terrer.net/,,https://www.instagram.com/vinyesdelterrer/,https://www.google.com/maps/search/?api=1&query=Vinyes%20del%20Terrer%2C%20Cam%C3%AD%20del%20Terrer%2C%20s%2Fn%2C%2043480%20Vila-seca%2C%20Tarragona&query_place_id=ChIJu9GuFe1ZoRIRlJ9lipo-QHE,41.094837,1.147509,/productores/es/catalunya/tarragona/vinyes-del-terrer-vila-seca.webp,verificado,no comprobado,,
especies-a-ma-tarragona,Espècies a Mà,Tarragona,Condimentos,"Condimentos artesanos con sal marina mediterránea, plantas, frutos y semillas","Passeig Parcel·les Roda, 43007 Tarragona","Productor local del municipio de Tarragona incorporado desde Gastroteca y fuentes públicas, verificado con Google Maps. Especialidad: condimentos artesanos con sal marina mediterránea, plantas, frutos y semillas.",dilluns: 9:00–20:00 | dimarts: 9:00–20:00 | dimecres: 9:00–20:00 | dijous: 9:00–20:00 | divendres: 9:00–20:00 | dissabte: 9:00–20:00 | diumenge: 9:00–20:00,+34655394536,bosc@especiesama.com,https://especiesama.com/,https://www.facebook.com/especiesama/,https://www.instagram.com/especiesama.druidatgn/,https://www.google.com/maps/search/?api=1&query=Esp%C3%A8cies%20a%20M%C3%A0%2C%20Passeig%20Parcel%C2%B7les%20Roda%2C%2043007%20Tarragona&query_place_id=ChIJsT8_9PL9oxIRe5keBkwUnUc,41.125971,1.2409446,/productores/es/catalunya/tarragona/especies-a-ma-tarragona.webp,verificado,sí,ecommerce,
la-botiga-del-cafe-tarragona,La Botiga del Cafè,Tarragona,Café,"Café tostado semanalmente, frutos secos, tés e infusiones","Carrer de l'Estany, 43001 Tarragona","Tostador local de café de Tarragona incorporado desde Gastroteca y web oficial, verificado con Google Maps. Especialidad: café tostado semanalmente, frutos secos, tés e infusiones.",dilluns: 8:00–20:00 | dimarts: 8:00–20:00 | dimecres: 8:00–20:00 | dijous: 8:00–20:00 | divendres: 8:00–20:00 | dissabte: 10:00–13:30 | diumenge: Tancat,+34977541600,info@labotigadelcafe.com,https://labotigadelcafe.cat/,https://www.facebook.com/laBotigadelCafe/,https://www.instagram.com/laBotigadelCafe/,https://www.google.com/maps/search/?api=1&query=La%20Botiga%20Del%20Caf%C3%A8%2C%20Carrer%20de%20l'Estany%2C%2043001%20Tarragona&query_place_id=ChIJZVVglW_9oxIRHoHjOTWORSo,41.1424275,1.2229306,/productores/es/catalunya/tarragona/la-botiga-del-cafe-tarragona.webp,verificado,sí,ecommerce,
dalmau-hermanos-y-cia-tarragona,Dalmau Hermanos y Cía,Tarragona,Vino,"Vinos DO Tarragona, DO Catalunya, vinos de licor y mistelas","POLIGON INDUSTRIAL FRANCOLÍ, PARCEL·LA 26 nau 11, 43006 Tarragona","Bodega histórica del municipio de Tarragona incorporada desde directorios sectoriales y web oficial, verificada con Google Maps. Especialidad: vinos do tarragona, do catalunya, vinos de licor y mistelas.",dilluns: 7:00–15:00 | dimarts: 7:00–15:00 | dimecres: 7:00–15:00 | dijous: 7:00–15:00 | divendres: 7:00–15:00 | dissabte: Tancat | diumenge: Tancat,+34977542100,info@dalmau-hnos.com,https://dalmau-hnos.com/,,,https://www.google.com/maps/search/?api=1&query=Dalmau%20Hermanos%20Y%20C%C3%ADa%20Suc%20SA%2C%20POLIGON%20INDUSTRIAL%20FRANCOL%C3%8D%2C%20PARCEL%C2%B7LA%2026%20nau%2011%2C%2043006%20Tarragona&query_place_id=ChIJgQi8ouH9oxIRfhSDLPT0e3U,41.1112909,1.2294973,/productores/es/catalunya/tarragona/dalmau-hermanos-y-cia-tarragona.webp,verificado,no comprobado,,
twins-craft-beer-tarragona,Twins Craft Beer,Tarragona,Cerveza,Cerveza artesana de marca propia,"Carrer Méndez Núñez, 21, 43004 Tarragona",Marca y cervecería artesana de Tarragona incorporada desde fuentes públicas de cerveza artesana y verificada con Google Maps. Especialidad: cerveza artesana de marca propia.,"dilluns: 18:30–23:30 | dimarts: 18:30–23:30 | dimecres: 18:30–23:30 | dijous: 18:30–23:30 | divendres: 18:30–1:00 | dissabte: 12:00–16:00, 18:30–1:00 | diumenge: 12:00–16:00, 18:30–23:00",+34613399654,,http://www.twinscraftbeer.webnode.page/,https://www.facebook.com/twinscerveseriaartesana/,https://www.instagram.com/twins_craft_beer/,https://www.google.com/maps/search/?api=1&query=Twins%20craft%20beer%2C%20Carrer%20M%C3%A9ndez%20N%C3%BA%C3%B1ez%2C%2021%2C%2043004%20Tarragona&query_place_id=ChIJ_WTacKn9oxIR1wnl1xZfZs0,41.1142544,1.2523562,/productores/es/catalunya/tarragona/twins-craft-beer-tarragona.webp,verificado,no comprobado,,
lanjub-vinebre,Cervesa L'Anjub,Vinebre,Cerveza,"Cerveza artesana natural, sin filtrar ni pasteurizar","Carrer de la Carrerada, s/n, 43792 Vinebre, Tarragona","Microcervecería artesana de Vinebre fundada en 2009 que elabora cervezas 100% naturales, respetando los métodos tradicionales y de proximidad.",Consultar web,+34655423689,lanjub@lanjub.com,https://www.lanjub.com,,https://www.instagram.com/lanjubcervesa/,https://www.google.com/maps/search/?api=1&query=Cervesa%20L%27Anjub%2C%20Carrer%20de%20la%20Carrerada%2C%20s%2Fn%2C%2043792%20Vinebre%2C%20Tarragona&query_place_id=ChIJTQ-O3BDWoBIRSUpvu9iqyiY,41.18485,0.58816,/productores/es/catalunya/tarragona/lanjub-vinebre.webp,verificado,sí,ecommerce,
les-clandestines-montferri,Les Clandestines,Montferri,Cerveza,Cerveza artesana de alta fermentación y variedades locales,"Carrer Major, 26, 43812 Montferri, Tarragona","Proyecto pionero de cerveza artesana en el Alt Camp, de alta fermentación y con ingredientes naturales, en el núcleo de Montferri.",Consultar web,+34977620701,cervesa@lesclandestines.net,https://lesclandestines.cat,,https://www.instagram.com/lesclandestines/,https://www.google.com/maps/search/?api=1&query=Les%20Clandestines%2C%20Carrer%20Major%2C%2026%2C%2043812%20Montferri%2C%20Tarragona&query_place_id=ChIJtWXAXe_5oxIRcb19ElnH3eU,41.2656,1.3658,/productores/es/catalunya/tarragona/les-clandestines-montferri.webp,verificado,sí,ecommerce,
cervesa-rosita-alcover,Cervesa Rosita,Alcover,Cerveza,"Cerveza Rosita Original, Rosita d'Ivori y especialidades","Carrer Xaloc, 6, Polígono Industrial Les Roques Roges, 43460 Alcover, Tarragona","Prestigioso obrador de cerveza artesana en Alcover elaborado por Cerveses La Gardenia, reconocido por su cerveza artesana premium de sabor suave y aroma floral.",Consultar web,+34877001026,beu@rosita.cat,https://www.rosita.beer/,,,,41.261,1.171,/productores/es/catalunya/tarragona/cervesa-rosita-alcover.webp,verificado,no comprobado,,
formatges-sant-gil-dalbio-llorac,Formatges Sant Gil d'Albió,Llorac,Lácteos y quesos,"Queso de cabra, quesos madurados y mató","Carrer Major, 29, 43427 Albió (Llorac), Tarragona","Elaboración artesanal de quesos de cabra madurados de alta calidad con leche de su propio rebaño, en el núcleo rural de Albió.",Consultar web,+34977881421,info@santgilalbio.com,https://botiga.santgil.com/,https://www.facebook.com/formatgessantgil,https://www.instagram.com/formatgessantgil/,https://www.google.com/maps/search/?api=1&query=Formatges%20Sant%20Gil%20d%27Albi%C3%B3%2C%20Carrer%20Major%2C%2029%2C%2043427%20Albi%C3%B3%20%28Llorac%29%2C%20Tarragona&query_place_id=ChIJlRwRRD0fpBIRct8J44ldx9E,41.5650931,1.2706415,/productores/es/catalunya/tarragona/formatges-sant-gil-dalbio-llorac.webp,verificado,sí,ecommerce,
lactics-casa-portella-vandellos-i-lhospitalet-de-linfant,Làctics Casa Portella,Vandellòs i l'Hospitalet de l'Infant,Lácteos y quesos,"Quesos de leche cruda de cabra Florida, yogur y flanes","Polígon Industrial Les Tàpies, Carrer Rivera Sans, 5, Nau 6, 43890 L'Hospitalet de l'Infant, Tarragona","Pequeño productor de quesos artesanos de leche cruda de cabra Florida, enfocados en la calidad y el respeto por el proceso artesanal tradicional.",Consultar web,+34665385039,lacticscasaportella@gmail.com,https://www.lacticscasaportella.com/,https://www.facebook.com/lacticsportella,https://www.instagram.com/lacticsportella/,https://www.google.com/maps/search/?api=1&query=L%C3%A0ctics%20Casa%20Portella%2C%20Pol%C3%ADgon%20Industrial%20Les%20T%C3%A0pies%2C%20Carrer%20Rivera%20Sans%2C%205%2C%20Nau%206%2C%2043890%20L%27Hospitalet%20de%20l%27Infant%2C%20Tarragona&query_place_id=ChIJXWUYlwY_oRIRy5yoy6eu4DQ,41.0103713,0.9089786,/productores/es/catalunya/tarragona/lactics-casa-portella-vandellos-i-lhospitalet-de-linfant.webp,verificado,sí,ecommerce,
formatges-serra-del-tormo-la-torre-de-lespanyol,Formatges Serra del Tormo,La Torre de l'Espanyol,Lácteos y quesos,"Queso serrat de oveja, quesos de pasta blanda, mató y yogur","Carrer de Bonavista, 3, 43792 La Torre de l'Espanyol, Tarragona","Quesería artesana familiar que elabora quesos de leche de oveja procedentes de su propio rebaño, con más de 30 años de experiencia.",Consultar web,+34977404044,info@serradeltormo.cat,https://serradeltormo.cat/,,,https://www.google.com/maps/search/?api=1&query=Formatges%20Serra%20del%20Tormo%2C%20Carrer%20de%20Bonavista%2C%203%2C%2043792%20La%20Torre%20de%20l%27Espanyol%2C%20Tarragona&query_place_id=ChIJwb8g0o0poRIRqHAJsivSMe4,41.191105,0.628817,,verificado,no comprobado,,
formatgeria-laura-rasquera,Formatgeria Laura,Rasquera,Lácteos y quesos,"Queso de cabra, quesos tiernos y curados Mas de les Codines","Carrer Nou del Solà, 18, 43513 Rasquera, Tarragona","Obrador artesano de quesos de cabra elaborados bajo la marca Mas de les Codines, conservando los métodos tradicionales y sabores de la Ribera d'Ebre.",Consultar web,+34977409067,formatgeria_laura@hotmail.com,http://www.formatgerialaura.com/,https://www.facebook.com/formatgerialaura/,,https://www.google.com/maps/search/?api=1&query=Formatgeria%20Laura%2C%20Carrer%20Nou%20del%20Sol%C3%A0%2C%2018%2C%2043513%20Rasquera%2C%20Tarragona&query_place_id=ChIJyf6BLHzfoBIRCHApklMRAPg,41.0019,0.5985,,verificado,no comprobado,,
formatgeria-marvall-el-vendrell,Formatgeria Marvall,El Vendrell,Lácteos y quesos,"Queso fresco, mató, yogures y quesos curados de cabra, oveja y vaca","Carrer de les Mates, 28-32, Polígon Industrial Les Mates, 43700 El Vendrell, Tarragona","Quesería artesana con ganadería propia que produce gran variedad de quesos y derivados lácteos tradicionales a partir de leche de vaca, cabra y oveja.",Consultar web,+34977667869,marvall@marvall.com,http://www.marvall.com/,,,https://www.google.com/maps/search/?api=1&query=Formatgeria%20Marvall%2C%20Carrer%20de%20les%20Mates%2C%2028-32%2C%20Pol%C3%ADgon%20Industrial%20Les%20Mates%2C%2043700%20El%20Vendrell%2C%20Tarragona&query_place_id=ChIJSy42LxyLoxIRzYsEu7fdFB0,41.2291926,1.5480981,/productores/es/catalunya/tarragona/formatgeria-marvall-el-vendrell.webp,verificado,no comprobado,,
agricola-dulldemolins-ulldemolins,Agrícola d'Ulldemolins,Ulldemolins,Aceite,Aceite La Llena DOP Siurana y vinos DO Montsant,"Avinguda Verge de Montserrat, s/n, 43363 Ulldemolins, Tarragona","Cooperativa histórica de Ulldemolins (1954), pionera en aceite ecológico DOP Siurana bajo la marca La Llena y vinos DO Montsant en la Vall del Silenci.",Consultar web,+34977561640,info@coopulldemolins.com,https://coopulldemolins.com/,,,https://www.google.com/maps/search/?api=1&query=Agr%C3%ADcola%20d%27Ulldemolins%2C%20Avinguda%20Verge%20de%20Montserrat%2C%20s%2Fn%2C%2043363%20Ulldemolins%2C%20Tarragona&query_place_id=ChIJIxG5EFnKphIRx26D_2cmbTA,41.320843,0.880215,/productores/es/catalunya/tarragona/agricola-dulldemolins-ulldemolins.webp,verificado,sí,ecommerce,
cooperativa-la-palma-debre-la-palma-debre,Cooperativa Palma d'Ebre,La Palma d'Ebre,Aceite,Aceite Vall Major DOP Siurana arbequina,"Plaça Catalunya, 7, 43373 La Palma d'Ebre, Tarragona","Cooperativa de La Palma d'Ebre productora del aceite de oliva virgen extra Vall Major, amparado por la DOP Siurana, con tienda online propia.",Consultar web,+34977819065,info@cooplapalma.cat,https://www.cooplapalma.cat/,,,https://www.google.com/maps/search/?api=1&query=Cooperativa%20Palma%20d%27Ebre%2C%20Pla%C3%A7a%20Catalunya%2C%207%2C%2043373%20La%20Palma%20d%27Ebre%2C%20Tarragona&query_place_id=ChIJ_58nULLUphIRCBI7XZv0MyM,41.28291,0.66572,/productores/es/catalunya/tarragona/cooperativa-la-palma-debre-la-palma-debre.webp,parcial,sí,ecommerce,
cooperativa-de-cabaces-cabaces,Cooperativa Agrícola de Cabacés,Cabacés,Aceite,Aceite Baronia de Cabacés DOP Siurana,"C/ del Mig, 47, 43373 Cabacés, Tarragona","Cooperativa fundada en 1933 en Cabacés (Priorat), productora del aceite de oliva virgen extra Baronia de Cabacés con DOP Siurana, con tienda online de aceite propio.",Consultar web,+34621147891,info@coopcabaces.coop,https://coopcabaces.coop/,,,https://www.google.com/maps/search/?api=1&query=Cooperativa%20Agr%C3%ADcola%20de%20Cabac%C3%A9s%2C%20C%2F%20del%20Mig%2C%2047%2C%2043373%20Cabac%C3%A9s%2C%20Tarragona&query_place_id=ChIJxTMfOQ0toRIRRzk9Q-D1PDo,41.2461153,0.7331629,/productores/es/catalunya/tarragona/cooperativa-de-cabaces-cabaces.webp,parcial,sí,ecommerce,
cooperativa-agricola-de-riudoms-riudoms,Cooperativa Agrícola de Riudoms,Riudoms,Aceite,"Aceite Les Passeres DOP Siurana, avellana y almendra","Camí de les Passeres, s/n, 43330 Riudoms, Tarragona","Cooperativa de Riudoms (1956) que elabora aceite de oliva virgen extra arbequina DOP Siurana bajo la marca Les Passeres, junto a avellana, almendra y olivas.",Consultar web,+34977850344,cooriu@tinet.org,https://cooperativariudoms.com/,https://www.facebook.com/CooperativaRiudoms/,https://www.instagram.com/cooperativariudoms/,https://www.google.com/maps/search/?api=1&query=Cooperativa%20Agr%C3%ADcola%20de%20Riudoms%2C%20Cam%C3%AD%20de%20les%20Passeres%2C%20s%2Fn%2C%2043330%20Riudoms%2C%20Tarragona&query_place_id=ChIJYxt-bp1PoRIRtoq7EtiVDwE,41.145027,1.054281,/productores/es/catalunya/tarragona/cooperativa-agricola-de-riudoms-riudoms.webp,verificado,sí,ecommerce,
cooperativa-de-montbrio-del-camp-montbrio-del-camp,Cooperativa Agrícola de Montbrió del Camp,Montbrió del Camp,Aceite,"Aceite Montebrione arbequina DOP Siurana, vermut y moscatel","Av. de Sant Jordi, 19-21, 43340 Montbrió del Camp, Tarragona","Cooperativa de Montbrió del Camp (1944) productora del aceite arbequina virgen extra Montebrione (DOP Siurana), moscatel y vermut con tradición milenaria.",Consultar web,+34977826039,cooperativa@montebrione.cat,https://www.montebrione.cat/,https://www.facebook.com/CooperativaMontbrio/,,https://www.google.com/maps/search/?api=1&query=Cooperativa%20Agr%C3%ADcola%20de%20Montbri%C3%B3%20del%20Camp%2C%20Av.%20de%20Sant%20Jordi%2C%2019-21%2C%2043340%20Montbri%C3%B3%20del%20Camp%2C%20Tarragona&query_place_id=ChIJN27Uu2ZPoRIR17Itsr9lwXE,41.12075,1.00349,/productores/es/catalunya/tarragona/cooperativa-de-montbrio-del-camp-montbrio-del-camp.webp,verificado,sí,ecommerce,
cooperativa-falset-marca-falset,Cooperativa Falset-Marçà,Falset,Vino,"Vinos Ètim y Cervus, vermut de Falset, DO Montsant","Carrer Miquel Barceló, 31, 43730 Falset, Tarragona","Bodega cooperativa modernista de Falset (1919-1924) diseñada por Cèsar Martinell, productora de vinos Ètim y Cervus de la DO Montsant.",Consultar web,+34977830105,visites@etim.cat,https://www.etim.cat/,,,https://www.google.com/maps/search/?api=1&query=Cooperativa%20Falset-Mar%C3%A7%C3%A0%2C%20Carrer%20Miquel%20Barcel%C3%B3%2C%2031%2C%2043730%20Falset%2C%20Tarragona&query_place_id=ChIJL1XoBy1boRIREIy0C2Yd8go,41.14619,0.82008,/productores/es/catalunya/tarragona/cooperativa-falset-marca-falset.webp,verificado,sí,ecommerce,
celler-cooperatiu-de-gandesa-gandesa,Celler Cooperatiu de Gandesa,Gandesa,Vino,"Vinos DO Terra Alta, garnacha blanca","Avinguda Catalunya, 28, 43780 Gandesa, Tarragona","Celler modernista de Gandesa (1920) diseñado por Cèsar Martinell, una de las 'Catedrals del Vi' de Catalunya, especializado en garnacha blanca DO Terra Alta.",Consultar web,+34977420017,enoturisme@coopgandesa.com,https://www.coopgandesa.com/,,,https://www.google.com/maps/search/?api=1&query=Celler%20Cooperatiu%20de%20Gandesa%2C%20Avinguda%20Catalunya%2C%2028%2C%2043780%20Gandesa%2C%20Tarragona&query_place_id=ChIJ98tB2bnEoBIRyjN3nUz-vZU,41.059197,0.441728,/productores/es/catalunya/tarragona/celler-cooperatiu-de-gandesa-gandesa.webp,parcial,sí,ecommerce,
celler-batea-batea,Celler Cooperatiu Sant Miquel de Batea,Batea,Vino,"Vinos, cava, aceite y frutos secos DO Terra Alta","Carrer del Molí, 30, 43786 Batea, Tarragona","Cooperativa de Batea creada a finales de los años 50, principal productora de la DO Terra Alta, con vinos, aceite, almendra y frutos secos.",Consultar web,+34977430056,cellerbatea@cellerbatea.com,https://www.cellerbatea.com/,https://www.facebook.com/celler.batea/,,https://www.google.com/maps/search/?api=1&query=Celler%20Cooperatiu%20Sant%20Miquel%20de%20Batea%2C%20Carrer%20del%20Mol%C3%AD%2C%2030%2C%2043786%20Batea%2C%20Tarragona&query_place_id=ChIJu-n0U5LHoBIR2qB0TmA2GdU,41.096358,0.311464,,verificado,sí,ecommerce,
celler-pinol-batea,Celler Piñol,Batea,Vino,Vinos ecológicos DO Terra Alta,"Carrer Aragó, 9, 43786 Batea, Tarragona","Bodega familiar de Batea pionera en vinos ecológicos DO Terra Alta, premiada por Parker, Tanzer y Jancis Robinson, elaborada con variedades autóctonas (garnacha, cariñena, morenillo).",Consultar web,,,https://cellerpinol.com/,,,https://www.google.com/maps/search/?api=1&query=Celler%20Pi%C3%B1ol%2C%20Carrer%20Arag%C3%B3%2C%209%2C%2043786%20Batea%2C%20Tarragona&query_place_id=ChIJa8cDC5HHoBIRz_rX4MFnhsw,41.09415,0.31197,/productores/es/catalunya/tarragona/celler-pinol-batea.webp,parcial,sí,ecommerce,
lafou-celler-batea,LaFou Celler,Batea,Vino,Vinos de garnacha blanca y negra DO Terra Alta,"Casa Figueras, 43786 Batea, Tarragona","Celler urbano de Batea fundado en 2007, ubicado en Casa Figueras (s. XVIII), centrado en poner en valor la garnacha blanca y negra de la Terra Alta.",Consultar web,,,https://www.lafou.net/,,,https://www.google.com/maps/search/?api=1&query=LaFou%20Celler%2C%20Casa%20Figueras%2C%2043786%20Batea%2C%20Tarragona&query_place_id=ChIJdSnAKZLHoBIRKObjsT3unjM,41.09415,0.31197,/productores/es/catalunya/tarragona/lafou-celler-batea.webp,parcial,sí,ecommerce,
celler-cooperatiu-espluga-de-francoli-lespluga-de-francoli,Celler Cooperatiu de l'Espluga de Francolí,L'Espluga de Francolí,Vino,Vinos DO Conca de Barberà,"Carrer del Vall del Mig, 1, 43440 L'Espluga de Francolí, Tarragona","Bodega modernista pionera (1902-1913) proyectada por Domènech i Montaner, conocida como la primera 'Catedral del Vi' de Catalunya, alberga el Museu del Vi.",Consultar web,+34977870221,,https://esplugaturisme.cat/,,,https://www.google.com/maps/search/?api=1&query=Celler%20Cooperatiu%20de%20l%27Espluga%20de%20Francol%C3%AD%2C%20Carrer%20del%20Vall%20del%20Mig%2C%201%2C%2043440%20L%27Espluga%20de%20Francol%C3%AD%2C%20Tarragona&query_place_id=ChIJR3hOGgOvphIRZODE_GKLNcA,41.3972,1.1029,/productores/es/catalunya/tarragona/celler-cooperatiu-espluga-de-francoli-lespluga-de-francoli.webp,parcial,no comprobado,,
cooperativa-de-barbera-de-la-conca-barbera-de-la-conca,Cooperativa Agrícola de Barberà de la Conca,Barberà de la Conca,Vino,Vinos DO Conca de Barberà,"Carrer Comerç, 40, 43422 Barberà de la Conca, Tarragona","Cuna del cooperativismo agrario en España (1894), bodega modernista de Cèsar Martinell (1919-1921) y referente histórico de la DO Conca de Barberà.",Consultar web,+34977887035,,https://celler-coop-barbera.negocio.site/,,,https://www.google.com/maps/search/?api=1&query=Cooperativa%20Agr%C3%ADcola%20de%20Barber%C3%A0%20de%20la%20Conca%2C%20Carrer%20Comer%C3%A7%2C%2040%2C%2043422%20Barber%C3%A0%20de%20la%20Conca%2C%20Tarragona&query_place_id=ChIJ5d9duZQCpBIRVYDWa-ro7LQ,41.411983,1.234324,,parcial,no comprobado,,
cooperativa-vinicola-de-sarral-sarral,Cooperativa Vinícola de Sarral,Sarral,Vino,Cava y vino rosado Trepat DO Conca de Barberà,"Avinguda de la Conca, 33, 43424 Sarral, Tarragona","Cooperativa modernista de Sarral (1914), mayor productora mundial de la variedad autóctona Trepat y referente en cava y rosados de la DO Conca de Barberà.",Consultar web,+34977890031,cavaportell@covisal.cat,https://www.cava-portell.com/,,,https://www.google.com/maps/search/?api=1&query=Cooperativa%20Vin%C3%ADcola%20de%20Sarral%2C%20Avinguda%20de%20la%20Conca%2C%2033%2C%2043424%20Sarral%2C%20Tarragona&query_place_id=ChIJBRcSbyYdpBIRfYLBs5TRxlI,41.446667,1.245528,/productores/es/catalunya/tarragona/cooperativa-vinicola-de-sarral-sarral.webp,verificado,no comprobado,,
cooperativa-agricola-pinellense-el-pinell-de-brai,Cooperativa Agrícola Pinellense,El Pinell de Brai,Vino,Vinos y aceite DO Terra Alta,"Carrer Pilonet, 8, 43594 El Pinell de Brai, Tarragona","Bodega modernista de Cèsar Martinell (1918-1922), conocida como la 'Catedral del Vi' del Pinell de Brai; produce vinos y aceite DO Terra Alta.",Consultar web,+34977426316,,https://pinellense.com/,,,https://www.google.com/maps/search/?api=1&query=Cooperativa%20Agr%C3%ADcola%20Pinellense%2C%20Carrer%20Pilonet%2C%208%2C%2043594%20El%20Pinell%20de%20Brai%2C%20Tarragona&query_place_id=ChIJB9TRxz3coBIRTZC_qSJ_W2E,41.0155,0.51437,/productores/es/catalunya/tarragona/cooperativa-agricola-pinellense-el-pinell-de-brai.webp,parcial,no comprobado,,
forn-sistare-reus,Forn Sistaré 1910,Reus,Pan y cereal,"Pa de pagès català ganador 2016 y 2025, repostería tradicional","Carrer de l'Amargura, 2, 43201 Reus, Tarragona","Fleca y pastelería de Reus fundada en 1910, ahora quinta generación (hermanos Pàmies), galardonada con el Millor Pa de Pagès Català en 2016 y 2025.",Consultar web,+34977322028,,https://www.fornsistare.com/,https://www.facebook.com/FornSistare/,,https://www.google.com/maps/search/?api=1&query=Forn%20Sistar%C3%A9%201910%2C%20Carrer%20de%20l%27Amargura%2C%202%2C%2043201%20Reus%2C%20Tarragona&query_place_id=ChIJTY4OGx1RoRIRP3KRu1DUviQ,41.157103,1.108175,/productores/es/catalunya/tarragona/forn-sistare-reus.webp,parcial,sí,ecommerce,
forn-huguet-reus,Forn de Pa i Pastisseria Huguet,Reus,Pan y cereal,"Pan artesanal, coques de recapte y coca de Sant Joan","Carrer de l'Alcalde Joan Bertran, 5, 43202 Reus, Tarragona","Horno y pastelería tradicional de Reus con elaboración propia de pan, coques de recapte y especialidades festivas locales.",Consultar web,+34977330694,,https://fornhuguet.cat/,https://www.facebook.com/fornhuguet/,,https://www.google.com/maps/search/?api=1&query=Forn%20de%20Pa%20i%20Pastisseria%20Huguet%2C%20Carrer%20de%20l%27Alcalde%20Joan%20Bertran%2C%205%2C%2043202%20Reus%2C%20Tarragona&query_place_id=ChIJt_2vFfxQoRIR6psXw3sUhiE,41.15103,1.10263,/productores/es/catalunya/tarragona/forn-huguet-reus.webp,parcial,no,,
forn-de-pa-joan-montblanc,Forn de Pa Joan,Montblanc,Pan y cereal,Coca de Montblanc y panes de masa madre,"Carrer Major, 85, 43400 Montblanc, Tarragona","Obrador artesano de Montblanc (1987) con más de 70 productos artesanales, distinguido como Mestre Artesà de Catalunya por su coca y panes de masa madre.",Consultar web,+34977860245,,,https://www.facebook.com/ForndepaJoan.Montblanc/,,https://www.google.com/maps/search/?api=1&query=Forn%20de%20Pa%20Joan%2C%20Carrer%20Major%2C%2085%2C%2043400%20Montblanc%2C%20Tarragona&query_place_id=ChIJjTtEZlapphIRdSeIjKrXe3g,41.377813,1.162086,,parcial,no,,
forn-germans-palau-montblanc,Forn de Pa Germans Palau,Montblanc,Pan y cereal,"Coca de Montblanc, ensaimadas, bunyols de vent y pan de masa madre","Carrer Riber, 36, 43400 Montblanc, Tarragona","Panadería artesanal de Montblanc con más de 75 años de tradición, fiel a la masa madre natural, harinas de calidad y fermentaciones lentas.",Consultar web,+34977860157,,,,,https://www.google.com/maps/search/?api=1&query=Forn%20de%20Pa%20Germans%20Palau%2C%20Carrer%20Riber%2C%2036%2C%2043400%20Montblanc%2C%20Tarragona&query_place_id=ChIJu4akohKpphIRSTN2CUIGhWQ,41.37641,1.16387,,parcial,no,,
obrador-pa-eco-capcanes,Pa! Petit Obrador de Pa Ecològic,Capçanes,Pan y cereal,Pan ecológico de masa madre cocido en horno de leña,"Carrer Pau Casals, 33, 43776 Capçanes, Tarragona","Pequeño obrador artesano de pan ecológico en Capçanes (Priorat), elaborado con harinas ecológicas y materia prima de proximidad cocida en horno de leña.",Consultar web,+34646637703,paecocapcanes@gmail.com,https://paecocapcanes.wordpress.com/,,https://www.instagram.com/paecocapcanes/,,41.10063,0.78138,,parcial,no,,
forn-de-la-placa-prades,Forn La Plaça de Prades,Prades,Pan y cereal,"Pa de pagès ecológico premiado, harinas de cereales tradicionales","Plaça Major, 43364 Prades, Tarragona",Obrador familiar de Prades reconocido como mejor horno de Tarragona en 2025 por su pan de pagès ecológico de larga fermentación con harinas km0 de la Segarra.,Consultar web,,,,,https://www.instagram.com/fornprades/,https://www.google.com/maps/search/?api=1&query=Forn%20La%20Pla%C3%A7a%20de%20Prades%2C%20Pla%C3%A7a%20Major%2C%2043364%20Prades%2C%20Tarragona&query_place_id=ChIJjV8noHuzphIRnp_78ODsatY,41.30954,0.98771,,parcial,no,,
grup-fruiter-benissanet-benissanet,Grup Fruiter de Benissanet,Benissanet,Fruta y verdura,"Cerezas, melocotón, nectarinas y ciruelas de hueso","Carretera de Móra, s/n, 43747 Benissanet, Tarragona","Cooperativa de fruta dulce de hueso más grande del Camp de Tarragona y l'Ebre, con 5,5 millones de kilos anuales de cerezas, melocotones y nectarinas.",Consultar web,+34977407516,agrobotiga@grupfruiter.com,https://www.grupfruiter.com/,,,https://www.google.com/maps/search/?api=1&query=Grup%20Fruiter%20de%20Benissanet%2C%20Carretera%20de%20M%C3%B3ra%2C%20s%2Fn%2C%2043747%20Benissanet%2C%20Tarragona&query_place_id=ChIJqYpW4YgnoRIR1J56HJrpZ_Q,41.061631,0.635381,/productores/es/catalunya/tarragona/grup-fruiter-benissanet-benissanet.webp,parcial,no,,
agricola-corbera-debre-corbera-debre,Agrícola Corbera d'Ebre,Corbera d'Ebre,Fruta y verdura,"Fruta dulce de hueso, frutos secos, vinos y aceite DO Terra Alta","Carrer Calvari, s/n, 43784 Corbera d'Ebre, Tarragona","Cooperativa de Corbera d'Ebre (1959) con más de 150 socios; produce fruta dulce, frutos secos, vinos DO Terra Alta y aceite DOP Terra Alta.",Consultar web,+34977420309,,https://agricolacorbera.com/,,,https://www.google.com/maps/search/?api=1&query=Agr%C3%ADcola%20Corbera%20d%27Ebre%2C%20Carrer%20Calvari%2C%20s%2Fn%2C%2043784%20Corbera%20d%27Ebre%2C%20Tarragona&query_place_id=ChIJXTJuKBzboBIRJ-UT9QjpNvk,41.07731,0.47694,/productores/es/catalunya/tarragona/agricola-corbera-debre-corbera-debre.webp,parcial,sí,ecommerce,
cervesa-gebrada-fores,Cervesa Gebrada,Forès,Cerveza,Cervezas artesanas Porter y especialidades,"Carrer Pla de la Bassa, 43427 Forès, Tarragona","Microcervecería artesana de altura en Forès (Conca de Barberà) creada en 2020 por Ramon Grau, con recetas experimentales y visitas guiadas.",Consultar web,+34650976673,gramontcat@gmail.com,https://cervesagebrada.cat/,https://www.facebook.com/CervesaGebrada/,https://www.instagram.com/cervesagebrada/,https://www.google.com/maps/search/?api=1&query=Cervesa%20Gebrada%2C%20Carrer%20Pla%20de%20la%20Bassa%2C%2043427%20For%C3%A8s%2C%20Tarragona&query_place_id=ChIJyyUOYWodpBIRdYKHbGc8Xtk,41.492899,1.235467,/productores/es/catalunya/tarragona/cervesa-gebrada-fores.webp,parcial,sí,ecommerce,
la-vallenca-valls,La Vallenca,Valls,Cerveza,Cerveza artesana estilo Kölsch sin filtrar,"43800 Valls, Tarragona","Cerveza artesana de Valls de fermentación natural sin aditivos ni pasteurizar, comprometida con la cultura castellera; cede el 5% de beneficios a colles locales.",Consultar web,,,https://lavallenca.wordpress.com/,https://www.facebook.com/people/La-Vallenca/100065104565205/,https://www.instagram.com/la_vallenca/,,41.28833,1.25083,,parcial,no comprobado,,
la-surfera-torredembarra,La Surfera On Tap,Cambrils,Cerveza,"La Surfera Lager, La Surfera IPA y cervezas artesanas de tirador","Carrer de Frederic Mompou, 10, 43850 Cambrils, Tarragona",Cervecería artesana de Cambrils con cerveza propia La Surfera Beer y selección de tiradores de cerveza artesanal; corrige la antigua referencia a La Mòra/Torredembarra.,Consultar web,+34977873051,lasurferabeer@gmail.com,,https://www.facebook.com/lasurferabeer/,https://www.instagram.com/lasurferaontap/,https://www.google.com/maps/search/?api=1&query=La%20Surfera%20On%20Tap%2C%20Carrer%20de%20Frederic%20Mompou%2C%2010%2C%2043850%20Cambrils%2C%20Tarragona&query_place_id=ChIJkclO35X9oxIRLRKUGi3QOC0,41.0657086,1.0576218,,parcial,no comprobado,,
mel-de-cal-raco-santa-coloma-de-queralt,Mel de Cal Racó,Santa Coloma de Queralt,Miel,"Miel transhumante, polen fresco y panal natural","Carrer de la Font, 31, 43420 Santa Coloma de Queralt, Tarragona",Apicultura familiar transhumante de Santa Coloma de Queralt con extracción y envasado artesanal; mieles premiadas y tienda online propia con envíos semanales.,Consultar web,,,https://meldecalraco.com/,,https://www.instagram.com/racocal/,,41.53243,1.38385,/productores/es/catalunya/tarragona/mel-de-cal-raco-santa-coloma-de-queralt.webp,parcial,sí,ecommerce,
mel-de-cal-mare-lespluga-de-francoli,Mel de Cal Maré,L'Espluga de Francolí,Miel,Miel y productos de la colmena no industrializados,"43440 L'Espluga de Francolí, Tarragona","Apicultura artesanal de L'Espluga de Francolí impulsada por Josep Mª de Cal Maré, ingeniero forestal; integrada en la red Fet a la Conca.",Consultar web,+34659191389,info@melmare.cat,https://fetalaconca.cat/cooperativa/mel-de-cal-mare/,,,https://www.google.com/maps/search/?api=1&query=Mel%20de%20Cal%20Mar%C3%A9%2C%2043440%20L%27Espluga%20de%20Francol%C3%AD%2C%20Tarragona&query_place_id=ChIJPbeGY9SvphIR6Ercm0TNEOU,41.3972,1.1029,/productores/es/catalunya/tarragona/mel-de-cal-mare-lespluga-de-francoli.webp,parcial,sí,ecommerce,
mel-el-remei-alcover,Mel el Remei,Alcover,Miel,"Miel KM0, polen, própolis, jalea real y cera","Carrer Major, 43460 Alcover, Tarragona","Cuatro generaciones de la familia Llorens en Alcover dedicadas a la apicultura, con 600 colmenas en las Muntanyes de Prades, tienda online y Casa de la Mel.",Consultar web,,,https://melelremei.com/,,https://www.instagram.com/mel_el_remei/,https://www.google.com/maps/search/?api=1&query=Mel%20el%20Remei%2C%20Carrer%20Major%2C%2043460%20Alcover%2C%20Tarragona&query_place_id=ChIJuxaVrSBVoRIRBXyCJzSgo5k,41.26205,1.17112,/productores/es/catalunya/tarragona/mel-el-remei-alcover.webp,parcial,sí,ecommerce,
cal-centro-la-vilella-baixa,Cal Centro,La Vilella Baixa,Carne,"Embutidos artesanos del Priorat con avellana, vi dolç y aceite","Carrer del Forn, 1, 43375 La Vilella Baixa, Tarragona","Xarcuteria familiar centenaria de La Vilella Baixa, cuarta generación maestra carnicera, con embutidos curados y cocidos elaborados con ingredientes del Priorat.",Consultar web,,,https://www.calcentro.com/,,https://www.instagram.com/embotitscalcentro/,https://www.google.com/maps/search/?api=1&query=Cal%20Centro%2C%20Carrer%20del%20Forn%2C%201%2C%2043375%20La%20Vilella%20Baixa%2C%20Tarragona&query_place_id=ChIJ3QMEdm0yoRIRTg2vj0MEG-I,41.22079,0.76162,,parcial,no comprobado,,
embotits-bondria-alforja,Carns i Embotits Bondria,Alforja,Carne,Embutidos artesanos de cerdo y cordero (desde 1883),"Carrer Nabril Baix, 36, 43365 Alforja, Tarragona",Obrador familiar de Alforja con más de 100 años elaborando embutido artesanal de pagès con recetas propias y procesos completamente artesanales.,Consultar web,+34977816259,info@bondria.com,https://bondria.eu/,,,https://www.google.com/maps/search/?api=1&query=Carns%20i%20Embotits%20Bondria%2C%20Carrer%20Nabril%20Baix%2C%2036%2C%2043365%20Alforja%2C%20Tarragona&query_place_id=ChIJY_ii8vFLoRIRYkwuEgDDLik,41.21138,0.97553,,verificado,no comprobado,,
casa-pladevall-reus,Casa Pladevall,Reus,Carne,"Llonganisses de pagès, botifarres y platos cocinados","Mercat Central, Carrer Sardà i Cailà, 43201 Reus, Tarragona","Xarcuteria tradicional fundada en 1961 con paradas en los mercados centrales de Reus y Tarragona, embutidos clásicos catalanes y platos cocinados artesanos.",Consultar web,+34977320222,,https://casapladevall.cat/,,,https://www.google.com/maps/search/?api=1&query=Casa%20Pladevall%2C%20Mercat%20Central%2C%20Carrer%20Sard%C3%A0%20i%20Cail%C3%A0%2C%2043201%20Reus%2C%20Tarragona&query_place_id=ChIJacxbtgNRoRIR61sEuyTRlUU,41.156998,1.103548,/productores/es/catalunya/tarragona/casa-pladevall-reus.webp,parcial,no,,
formatges-de-colldejou-colldejou,Formatges de Colldejou,Colldejou,Lácteos y quesos,Quesos artesanos de cabra ecológicos y mató,"43310 Colldejou, Tarragona",Quesería artesana de montaña en Colldejou (Baix Camp) con rebaño propio de 200 cabras ecológicas; quinta generación de ganaderos de la familia Salsench.,Consultar web,,,,https://www.facebook.com/formatgescolldejou/,,https://www.google.com/maps/search/?api=1&query=Formatges%20de%20Colldejou%2C%2043310%20Colldejou%2C%20Tarragona&query_place_id=ChIJFd3GqL05oRIRN-Cm4zZn2b4,41.09952,0.88746,,parcial,no,,
lavellanera-la-selva-del-camp,L'Avellanera,La Selva del Camp,Frutos secos,Avellana DOP Avellana de Reus y AOVE DOP Siurana,"Avinguda de la Fraternitat, 6, 43470 La Selva del Camp, Tarragona",Cooperativa de La Selva del Camp (1985) con más de 40 años produciendo y tostando avellana DOP Avellana de Reus y aceite DOP Siurana de socios locales.,Consultar web,+34977844274,avellanera@avellanera.cat,https://avellanera.cat/,https://www.facebook.com/CooperativaAvellanera/,,https://www.google.com/maps/search/?api=1&query=L%27Avellanera%2C%20Avinguda%20de%20la%20Fraternitat%2C%206%2C%2043470%20La%20Selva%20del%20Camp%2C%20Tarragona&query_place_id=ChIJ6_auOQ5UoRIRxnyMOaEzj64,41.2155,1.13731,,parcial,sí,ecommerce,
cooperativa-agricola-de-riudecols-riudecols,Cooperativa Agrícola de Riudecols,Riudecols,Frutos secos,"Aceite Els Canalots DOP Siurana, avellana y almendra","Carrer Baix, 15, 43390 Riudecols, Tarragona","Cooperativa de Riudecols (1946) enfocada en frutos secos, olivas y aceite de oliva virgen extra arbequina DOP Siurana bajo la marca Els Canalots.",Consultar web,+34977817533,,,,,https://www.google.com/maps/search/?api=1&query=Cooperativa%20Agr%C3%ADcola%20de%20Riudecols%2C%20Carrer%20Baix%2C%2015%2C%2043390%20Riudecols%2C%20Tarragona&query_place_id=ChIJ8XMstzFJoRIRaUYJAHO6ygI,41.16815,0.97627,,parcial,no comprobado,,
cooperativa-agricola-miravet,Cooperativa Agrícola de Miravet,Miravet,Fruta y verdura,Producción agraria local,"Carrer de la Creu, 35, 43747 Miravet, Tarragona",Cooperativa agrícola de Miravet localizada en directorios públicos en Carrer de la Creu; actividad agraria local sin web oficial ni venta online contrastada.,Consultar web,+34977407156,,,,,,41.040433,0.598672,,parcial,no comprobado,,
caves-vives-ambros-montferri,Caves Vives Ambròs,Montferri,Vino,"Cava, vinos DO Tarragona y enoturismo","Carrer Major, 39, 43812 Montferri, Tarragona","Celler familiar de Montferri especializado en cava artesanal de larga crianza, vinos DO Tarragona y visitas enoturísticas en la cava subterránea.",Consultar web,+34639521652,mail@vivesambros.com,https://vivesambros.com/,,https://www.instagram.com/vivesambros/,https://www.google.com/maps/search/?api=1&query=Caves%20Vives%20Ambr%C3%B2s%2C%20Carrer%20Major%2C%2039%2C%2043812%20Montferri%2C%20Tarragona&query_place_id=ChIJ4RTAYgL4oxIRevysBJHMrfY,41.26538,1.3658,/productores/es/catalunya/tarragona/caves-vives-ambros-montferri.webp,parcial,sí,ecommerce,
celler-pallarades-perafort,Celler Pallarades,Perafort,Vino,Vinos DO Tarragona 100% Macabeu,"Carrer Nou, 11, 43155 Puigdelfí, Tarragona","Bodega de Puigdelfí recuperada en 2020 sobre el antiguo Cal Pallarades, dedicada a vinos DO Tarragona de carácter mediterráneo.",Consultar web,+34639777897,info@pallarades.com,https://www.pallarades.com/,,https://www.instagram.com/cellerpallarades/,https://www.google.com/maps/search/?api=1&query=Celler%20Pallarades%2C%20Carrer%20Nou%2C%2011%2C%2043155%20Puigdelf%C3%AD%2C%20Tarragona&query_place_id=ChIJIXqNZyX_oxIRLF1r-nTWFkA,41.193593,1.241023,/productores/es/catalunya/tarragona/celler-pallarades-perafort.webp,parcial,no comprobado,,
mas-amfres-reus,Mas Amfres,Reus,Vino,Vinos de viticultura regenerativa,"Partida Blancafort, 201, 43206 Reus, Tarragona","Celler familiar reactivado en 2014 en la Partida Blancafort, con viñedo de manejo regenerativo y vinos de raíz mediterránea.",Consultar web,+34691158124,masamfres@gmail.com,https://www.masamfres.com/,,https://www.instagram.com/mas_amfres/,https://www.google.com/maps/search/?api=1&query=Mas%20Amfres%2C%20Partida%20Blancafort%2C%20201%2C%2043206%20Reus%2C%20Tarragona&query_place_id=ChIJfQWrx_pRoRIRevF5jwsjUSU,41.124622,1.085672,/productores/es/catalunya/tarragona/mas-amfres-reus.webp,parcial,sí,ecommerce,
celler-mas-bella-valls,Celler Mas Bella,Valls,Vino,Vinos DO Tarragona y enoturismo,"Carrer de la Font, 8, 43813 Masmolets, Valls, Tarragona","Celler familiar de Masmolets con viñedos propios en el entorno de Valls, especializado en vinos DO Tarragona y visitas enoturísticas.",Consultar web,+34600269786,info@cellermasbella.com,https://cellermasbella.com/,,https://www.instagram.com/celler_mas_bella/,https://www.google.com/maps/search/?api=1&query=Celler%20Mas%20Bella%2C%20Carrer%20de%20la%20Font%2C%208%2C%2043813%20Masmolets%2C%20Valls%2C%20Tarragona&query_place_id=ChIJ9cfia7MBpBIRmuadfBs_OBg,41.316,1.237,/productores/es/catalunya/tarragona/celler-mas-bella-valls.webp,parcial,sí,ecommerce,
moli-de-rue-vinebre,Molí de Rué,Vinebre,Vino,"Vino, vimblanc Sol i Serena y aceite","Carrer dels Portellets, s/n, 43792 Vinebre, Tarragona","Bodega y molino de aceite familiar de Vinebre con más de cien años de historia, recuperadora del vimblanc tradicional Sol i Serena.",Consultar web,+34977405782,info@moliderue.com,https://www.moliderue.com/,,https://www.instagram.com/moliderue/,https://www.google.com/maps/search/?api=1&query=Mol%C3%AD%20de%20Ru%C3%A9%2C%20Carrer%20dels%20Portellets%2C%20s%2Fn%2C%2043792%20Vinebre%2C%20Tarragona&query_place_id=ChIJyYjP3xPWoBIRuO7N8LQ9L3k,41.18381,0.58989,/productores/es/catalunya/tarragona/moli-de-rue-vinebre.webp,parcial,sí,ecommerce|whatsapp,
celler-suner-ginestar,Celler Suñer,Ginestar,Vino,Vinos monovarietales ecológicos y aceite,"Carrer de Sant Antoni, 29, 43748 Ginestar, Tarragona","Celler familiar de Ginestar dedicado a vinos monovarietales de Merlot y Macabeu, aceite de oliva y experiencias de eno-oleoturismo en la Ribera d'Ebre.",Consultar web,+34977409039,info@vinsiolisuner.com,https://vinsiolisuner.com/,,https://www.instagram.com/vinsiolisuner/,https://www.google.com/maps/search/?api=1&query=Celler%20Su%C3%B1er%2C%20Carrer%20de%20Sant%20Antoni%2C%2029%2C%2043748%20Ginestar%2C%20Tarragona&query_place_id=ChIJ69SxICwnoRIRBSokKXYVag0,41.04216,0.6326,/productores/es/catalunya/tarragona/celler-suner-ginestar.webp,parcial,sí,ecommerce,
cellers-unio-reus,Cellers Unió,Reus,Vino,"Vinos DO Priorat, Montsant, Terra Alta y Tarragona","Carrer de Joan Oliver, 16-24, 43206 Reus, Tarragona","Cooperativa vinícola fundada en 1942 en Reus, vinculada a productores de varias denominaciones del sur de Cataluña.",Consultar web,+34977330055,info@cellersunio.com,https://cellersunio.com/,,https://www.instagram.com/cellersunio/,https://www.google.com/maps/search/?api=1&query=Cellers%20Uni%C3%B3%2C%20Carrer%20de%20Joan%20Oliver%2C%2016-24%2C%2043206%20Reus%2C%20Tarragona&query_place_id=ChIJeca_N8lRoRIRN7g-udER1tg,41.1616045,1.0735861,/productores/es/catalunya/tarragona/cellers-unio-reus.webp,parcial,sí,ecommerce,
padro-i-familia-brafim,Padró i Família,Bràfim,Vino,"Vermut Padró & Co., vinos y vinos de licor","Avinguda Catalunya, 46, 43812 Bràfim, Tarragona","Celler familiar de Bràfim con origen en 1886, productor de vermuts Padró & Co., vinos y vinos de licor de identidad mediterránea.",Consultar web,+34977620012,info@padroifamilia.com,https://vermouthpadro.com/,,https://www.instagram.com/vermouthpadro/,https://www.google.com/maps/search/?api=1&query=Padr%C3%B3%20i%20Fam%C3%ADlia%2C%20Avinguda%20Catalunya%2C%2046%2C%2043812%20Br%C3%A0fim%2C%20Tarragona&query_place_id=ChIJ3ykLlHD4oxIRlcKzIRFUHFc,41.267549,1.339586,/productores/es/catalunya/tarragona/padro-i-familia-brafim.webp,parcial,sí,ecommerce,
mel-llao-i-oli-barcella-el-perello,Mel Llaó i Oli Barcella,El Perelló,Miel,"Miel artesanal, Aceite de oliva virgen extra","43519 El Perelló, Tarragona",Familia de tercera generación en El Perelló dedicada a la miel artesanal (Mel Llaó) y el aceite de oliva virgen extra (Oli Barcella).,,,info@meliolidelperello.com,,,https://www.instagram.com/mel_barcella,,40.87508,0.71238,,parcial,no comprobado,,
altavins-viticultors-batea,Altavins Viticultors,Batea,Vino,"Vinos DO Terra Alta, Garnacha blanca, Tintos de Terra Alta","Ctra. Vilalba dels Arcs, s/n, 43786 Batea, Tarragona","Bodega familiar de la DO Terra Alta en Batea; vinos de garnacha blanca y tintos, con enoturismo y tienda online propia.",lun–vie: 8:00–18:00 | enoturisme lun–dom: 10:00–18:00,+34977430596,altavins@altavins.com,https://www.altavins.com/,https://www.facebook.com/AltavinsViticultors/,https://www.instagram.com/altavinsviticultors,https://www.google.com/maps/search/?api=1&query=Altavins%20Viticultors%2C%20Ctra.%20Vilalba%20dels%20Arcs%2C%20s%2Fn%2C%2043786%20Batea%2C%20Tarragona&query_place_id=ChIJY0SNEL3HoBIR8p2s0Irlaag,41.090943,0.320207,,parcial,no comprobado,,
la-segalla-la-selva-del-camp,La Segalla,La Selva del Camp,Lácteos y quesos,"Formatge Màquia, Quesos de cabra Payoya de leche cruda","43470 La Selva del Camp, Tarragona",Proyecto familiar de pastoreo y quesería ecológica en La Selva del Camp y l'Albiol; quesos de leche cruda de cabra Payoya como el Màquia.,,,,,,,https://www.google.com/maps/search/?api=1&query=La%20Segalla%2C%2043470%20La%20Selva%20del%20Camp%2C%20Tarragona&query_place_id=ChIJ1Q0VOENVoRIRVMFCebOOXnI,41.2155,1.13731,,parcial,no comprobado,,
terra-de-vinyaters-falset,Terra de Vinyaters,Falset,Vino,"Finca Fontanals Negre, Finca Fontanals Blanc, Vinos kósher Halleluya!","Mas de l'Anguera, Ctra. Falset a Bellmunt, km 2.5, 43730 Falset, Tarragona",Bodega de viticultura ecológica en Falset (DO Montsant); tintos y blancos de garnacha y cariñena y una línea de vinos kósher.,,+34637051662,hola@terradevinyaters.com,https://terradevinyaters.com/,,https://www.instagram.com/terradevinyaters,,41.15089,0.79191,/productores/es/catalunya/tarragona/terra-de-vinyaters-falset.webp,parcial,no comprobado,,
celler-aixala-i-alcait-torroja-del-priorat,Celler Aixalà i Alcait,Torroja del Priorat,Vino,"Pardelasses, Vinos DOQ Priorat, Aceite de oliva virgen extra","C/ Balandra, 8, 43737 Torroja del Priorat, Tarragona",Pequeño celler familiar de producción ecológica en Torroja del Priorat (DOQ Priorat); vinos Pardelasses de garnacha y cariñena y aceite de oliva.,,+34629507807,pardelasses@gmail.com,https://pardelasses.com/,,,https://www.google.com/maps/search/?api=1&query=Celler%20Aixal%C3%A0%20i%20Alcait%2C%20C%2F%20Balandra%2C%208%2C%2043737%20Torroja%20del%20Priorat%2C%20Tarragona&query_place_id=ChIJoeCa58EzoRIRfz8hyeHYFRQ,41.2135,0.81041,,parcial,no comprobado,,
can-pistraques-la-riera-de-gaia,Can Pistraques,La Riera de Gaià,Carne,"Embutidos artesanos, productos cárnicos y lotes","Carrer Nou, 12, 43762 La Riera de Gaià, Tarragona","Empresa familiar de trayectoria centenaria en La Riera de Gaià, especializada en embutidos y productos cárnicos artesanos derivados del cerdo.",Consultar web,+34977655102,informacio@canpistraques.com,https://canpistraques.com/,https://www.facebook.com/canpistraques/,https://www.instagram.com/canpistraques/,https://www.google.com/maps/search/?api=1&query=Can%20Pistraques%2C%20Carrer%20Nou%2C%2012%2C%2043762%20La%20Riera%20de%20Gai%C3%A0%2C%20Tarragona&query_place_id=ChIJJ6BlRXH6oxIR-S0yhBe3D2A,41.1665434,1.3605803,/productores/es/catalunya/tarragona/can-pistraques-la-riera-de-gaia.webp,parcial,sí,ecommerce,
verdcamp-fruits-cru-cambrils,Verdcamp Fruits (CRÜ),Cambrils,Fruta y verdura,"Frutas y verduras de temporada, tomate cherry CRÜ","Camí de Mont-roig, s/n, Masia Barrabeig, 43850 Cambrils, Tarragona","SAT hortofrutícola de Cambrils dedicada al cultivo de frutas y verduras mediterráneas, con marca CRÜ en productos de proximidad.",Consultar web,+34977793859,verdcamp@verdcampfruits.com,https://verdcampfruits.com/,,https://www.instagram.com/verdcampfruits/,https://www.google.com/maps/search/?api=1&query=Verdcamp%20Fruits%20%28CR%C3%9C%29%2C%20Cam%C3%AD%20de%20Mont-roig%2C%20s%2Fn%2C%20Masia%20Barrabeig%2C%2043850%20Cambrils%2C%20Tarragona&query_place_id=ChIJkUpXPa5FoRIRjBRN8z2O7dU,41.0817972,1.0113472,/productores/es/catalunya/tarragona/verdcamp-fruits-cru-cambrils.webp,parcial,no comprobado,,
embotits-bundo-larboc,Embotits Bundó,L'Arboç,Carne,"Botifarra negra, embutidos y elaborados cárnicos","Avda. Herois de 1808, 34, 43720 L'Arboç, Tarragona","Empresa de L'Arboç con más de un siglo de trayectoria en elaborados cárnicos y embutidos, con tienda y recogida de pedidos propia.",Consultar web,+34977671011,info@bundo.cat,https://bundo.cat/,https://www.facebook.com/embotitsbundo,https://www.instagram.com/embotitsbundo/,https://www.google.com/maps/search/?api=1&query=Embotits%20Bund%C3%B3%2C%20Avda.%20Herois%20de%201808%2C%2034%2C%2043720%20L%27Arbo%C3%A7%2C%20Tarragona&query_place_id=ChIJ_____wN2pBIRnrQ6aaVEF1U,41.2645844,1.6021541,/productores/es/catalunya/tarragona/embotits-bundo-larboc.webp,verificado,no comprobado,,
celler-barbara-fores-gandesa,Celler Bàrbara Forés,Gandesa,Vino,Vinos DO Terra Alta,"Carrer de Santa Anna, 28, 43780 Gandesa, Tarragona","Celler familiar de referència de la DO Terra Alta a Gandesa, conegut per la garnatxa blanca; botiga en línia.",,+34977420160,,https://www.cellerbarbarafores.com,https://www.facebook.com/celler.barbarafores.9,https://www.instagram.com/cellerbarbarafores,https://www.google.com/maps/search/?api=1&query=Celler%20B%C3%A0rbara%20For%C3%A9s%2C%20Carrer%20de%20Santa%20Anna%2C%2028%2C%2043780%20Gandesa%2C%20Tarragona&query_place_id=ChIJk64PMLrEoBIRy6E8rbMM1SM,41.0530211,0.4391488,/productores/es/catalunya/tarragona/celler-barbara-fores-gandesa.webp,verificado,sí,ecommerce,
bielsa-ruano-vilalba-dels-arcs,Bielsa Ruano,Vilalba dels Arcs,Vino,Vinos DO Terra Alta,"Vall de Sant Isidre, 24, 43782 Vilalba dels Arcs, Tarragona",Celler de la DO Terra Alta a Vilalba dels Arcs amb vins de garnatxa i botiga en línia.,,+34665220796,,http://bielsaruano.com,,,https://www.google.com/maps/search/?api=1&query=Bielsa%20Ruano%2C%20Vall%20de%20Sant%20Isidre%2C%2024%2C%2043782%20Vilalba%20dels%20Arcs%2C%20Tarragona&query_place_id=ChIJY_DIofiUoBIRG2Pn9muniMU,41.121465,0.4092626,/productores/es/catalunya/tarragona/bielsa-ruano-vilalba-dels-arcs.webp,verificado,sí,ecommerce,
celler-arrufi-batea,Celler Arrufí,Batea,Vino,Vinos DO Terra Alta,"Polígon Industrial Valldevinyes, parc. 1B, 43786 Batea, Tarragona",Celler de la DO Terra Alta a Batea amb vins de garnatxa blanca i negra i botiga en línia.,,+34617478153,,http://www.cellerarrufi.com,https://www.facebook.com/cellerarrufi,https://www.instagram.com/cellerarrufi,https://www.google.com/maps/search/?api=1&query=Celler%20Arruf%C3%AD%2C%20Pol%C3%ADgon%20Industrial%20Valldevinyes%2C%20parc.%201B%2C%2043786%20Batea%2C%20Tarragona&query_place_id=ChIJU9LvQIXHoBIRESOSWY2RwBU,41.0881779,0.3078991,/productores/es/catalunya/tarragona/celler-arrufi-batea.webp,verificado,sí,ecommerce,
celler-bernavi-vilalba-dels-arcs,Bernaví,Vilalba dels Arcs,Vino,Vinos DO Terra Alta,"Camí de Berrús, km 4, 43782 Vilalba dels Arcs, Tarragona",Celler de la DO Terra Alta a Vilalba dels Arcs (Bernaví Vinyaters) amb vins de finca.,,+34651031835,,http://www.bernavi.com,https://www.facebook.com/bernaviwine,https://www.instagram.com/bernaviwine,https://www.google.com/maps/search/?api=1&query=Bernav%C3%AD%2C%20Cam%C3%AD%20de%20Berr%C3%BAs%2C%20km%204%2C%2043782%20Vilalba%20dels%20Arcs%2C%20Tarragona&query_place_id=ChIJ7RGvvyLPoBIRyZYAe2Ddb2o,41.152057,0.394199,,verificado,no comprobado,,
celler-frisach-corbera-debre,Celler Frisach,Corbera d'Ebre,Vino,Vinos DO Terra Alta,"Avinguda Bonavista, s/n, 43784 Corbera d'Ebre, Tarragona",Celler familiar de la DO Terra Alta a Corbera d'Ebre amb garnatxes de vinyes velles i botiga en línia.,,+34977421215,,http://www.cellerfrisach.com,,https://www.instagram.com/cellerfrisach,https://www.google.com/maps/search/?api=1&query=Celler%20Frisach%2C%20Avinguda%20Bonavista%2C%20s%2Fn%2C%2043784%20Corbera%20d%27Ebre%2C%20Tarragona&query_place_id=ChIJS4VhqB3boBIRmqxqJgIz5Jk,41.0782869,0.4823408,/productores/es/catalunya/tarragona/celler-frisach-corbera-debre.webp,verificado,sí,ecommerce,
celler-josep-vicens-gandesa,Celler Josep Vicens,Gandesa,Vino,Vinos DO Terra Alta,"Avinguda d'Aragó, 20, 43780 Gandesa, Tarragona",Celler de la DO Terra Alta a Gandesa amb vins de garnatxa blanca i negra.,,+34660658667,,http://www.cellerjosepvicens.com,https://www.facebook.com/cellerjosepvicens,https://www.instagram.com/cellerjosepvicens,https://www.google.com/maps/search/?api=1&query=Celler%20Josep%20Vicens%2C%20Avinguda%20d%27Arag%C3%B3%2C%2020%2C%2043780%20Gandesa%2C%20Tarragona&query_place_id=ChIJbTqxZrnEoBIR1lR6EaszrW8,41.0540362,0.4374873,/productores/es/catalunya/tarragona/celler-josep-vicens-gandesa.webp,verificado,no comprobado,,
celler-la-botera-batea,Celler la Botera,Batea,Vino,Vinos DO Terra Alta,"Carretera de Maella, s/n, 43786 Batea, Tarragona",Celler de la DO Terra Alta a Batea amb vins de garnatxa i botiga en línia pròpia.,,+34977430009,,http://www.labotera.com,https://www.facebook.com/cellerlabotera,https://www.instagram.com/cellerlabotera,https://www.google.com/maps/search/?api=1&query=Celler%20la%20Botera%2C%20Carretera%20de%20Maella%2C%20s%2Fn%2C%2043786%20Batea%2C%20Tarragona&query_place_id=ChIJERgr0JPHoBIRBE4I3REH-qw,41.0942861,0.3072413,/productores/es/catalunya/tarragona/celler-la-botera-batea.webp,verificado,sí,ecommerce,
celler-xavier-clua-vilalba-dels-arcs,Celler Xavier Clua,Vilalba dels Arcs,Vino,Vinos DO Terra Alta,"Vall de Sant Isidre, 41, 43782 Vilalba dels Arcs, Tarragona",Celler de la DO Terra Alta a Vilalba dels Arcs (Mas d'en Pol) amb botiga en línia.,,+34977263069,,http://www.cellerclua.com,,,https://www.google.com/maps/search/?api=1&query=Celler%20Xavier%20Clua%2C%20Vall%20de%20Sant%20Isidre%2C%2041%2C%2043782%20Vilalba%20dels%20Arcs%2C%20Tarragona&query_place_id=ChIJJeYQQIHFoBIRDVfp7vJyhnc,41.115451,0.40894,,verificado,sí,ecommerce,
cellers-tarrone-batea,Cellers Tarroné,Batea,Vino,Vinos DO Terra Alta,"Carrer del Calvari, 22, 43786 Batea, Tarragona",Celler familiar de la DO Terra Alta a Batea amb vins de garnatxa i botiga en línia.,,+34977430109,,http://www.cellerstarrone.com,,,https://www.google.com/maps/search/?api=1&query=Cellers%20Tarron%C3%A9%2C%20Carrer%20del%20Calvari%2C%2022%2C%2043786%20Batea%2C%20Tarragona&query_place_id=ChIJSUopJZHHoBIRmJB180N_PHU,41.0924629,0.3129369,/productores/es/catalunya/tarragona/cellers-tarrone-batea.webp,verificado,sí,ecommerce,
celler-coma-den-bonet-gandesa,Celler Coma d'en Bonet,Gandesa,Vino,Vinos DO Terra Alta,"Camí de les Comes d'en Bonet, s/n, 43780 Gandesa, Tarragona",Celler de la DO Terra Alta a Gandesa (Agrícola Fuster) amb vins de finca.,,+34678036487,,http://www.comadenbonet.com,,,https://www.google.com/maps/search/?api=1&query=Celler%20Coma%20d%27en%20Bonet%2C%20Cam%C3%AD%20de%20les%20Comes%20d%27en%20Bonet%2C%20s%2Fn%2C%2043780%20Gandesa%2C%20Tarragona&query_place_id=ChIJDRIdc9PEoBIRtSLTtMI05JI,41.0725054,0.4478923,/productores/es/catalunya/tarragona/celler-coma-den-bonet-gandesa.webp,verificado,no comprobado,,
edetaria-gandesa,Edetària,Gandesa,Vino,Vinos DO Terra Alta,"Carretera TV-7231, km 3, 43780 Gandesa, Tarragona",Celler de la DO Terra Alta a Gandesa centrat en garnatxa blanca i negra de finca; botiga en línia.,,+34977421534,,http://www.edetaria.com,https://www.facebook.com/Edetaria,https://www.instagram.com/edetaria,https://www.google.com/maps/search/?api=1&query=Edet%C3%A0ria%2C%20Carretera%20TV-7231%2C%20km%203%2C%2043780%20Gandesa%2C%20Tarragona&query_place_id=ChIJK9gOxeDEoBIR2lLsvBRGcXE,41.0746186,0.4297315,,verificado,sí,ecommerce,
essencia-de-lluna-gandesa,Essència de Lluna,Gandesa,Vino,Vinos DO Terra Alta,"Carrer de les Carnisseries, 5, 43780 Gandesa, Tarragona",Petit celler de la DO Terra Alta a Gandesa amb vins de garnatxa i botiga en línia.,,+34680594381,,http://www.essenciadelluna.com,,https://www.instagram.com/essencia_delluna,https://www.google.com/maps/search/?api=1&query=Ess%C3%A8ncia%20de%20Lluna%2C%20Carrer%20de%20les%20Carnisseries%2C%205%2C%2043780%20Gandesa%2C%20Tarragona&query_place_id=ChIJgeg2FDDFoBIRMBjMalN90qE,41.052256,0.4379177,/productores/es/catalunya/tarragona/essencia-de-lluna-gandesa.webp,verificado,sí,ecommerce,
herencia-altes-batea,Herència Altés,Batea,Vino,Vinos DO Terra Alta,"Carrer de Tarragona, 42, 43786 Batea, Tarragona",Celler de la DO Terra Alta a Batea amb viticultura ecològica i botiga en línia.,,,,https://www.herenciaaltes.com,https://www.facebook.com/herenciaaltes,https://www.instagram.com/herencia_altes,,41.093292,0.31492,/productores/es/catalunya/tarragona/herencia-altes-batea.webp,verificado,sí,ecommerce,
sant-josep-vins-bot,Sant Josep Vins,Bot,Vino,Vinos DO Terra Alta,"Carrer de l'Estació, 2, 43785 Bot, Tarragona",Cooperativa Agrícola Sant Josep de Bot (DO Terra Alta) amb vins propis i botiga en línia.,,+34977428352,,https://www.santjosepwines.com,https://www.facebook.com/santjosepwines,https://www.instagram.com/santjosepwines,https://www.google.com/maps/search/?api=1&query=Sant%20Josep%20Vins%2C%20Carrer%20de%20l%27Estaci%C3%B3%2C%202%2C%2043785%20Bot%2C%20Tarragona&query_place_id=ChIJLXCvfdrDoBIRoqmjon2rXMM,41.008964,0.381785,,verificado,sí,ecommerce,
vins-del-tros-vilalba-dels-arcs,Vins del Tros,Vilalba dels Arcs,Vino,Vinos DO Terra Alta,"Carrer Major, 12, 43782 Vilalba dels Arcs, Tarragona",Celler de la DO Terra Alta a Vilalba dels Arcs amb vins ecològics i botiga en línia.,,+34628408813,,http://www.vinsdeltros.com,https://www.facebook.com/vinsdeltros,https://www.instagram.com/vinsdeltros,https://www.google.com/maps/search/?api=1&query=Vins%20del%20Tros%2C%20Carrer%20Major%2C%2012%2C%2043782%20Vilalba%20dels%20Arcs%2C%20Tarragona&query_place_id=ChIJveAnSX7PoBIR4oonBocezv8,41.1207052,0.4094885,/productores/es/catalunya/tarragona/vins-del-tros-vilalba-dels-arcs.webp,verificado,sí,ecommerce,
les-vinyes-del-convent-horta-de-sant-joan,Les Vinyes del Convent,Horta de Sant Joan,Vino,Vinos DO Terra Alta,"Carretera T-334, km 0,5, 43596 Horta de Sant Joan, Tarragona","Celler de la DO Terra Alta a Horta de Sant Joan, al paratge del convent de Sant Salvador.",,+34977435412,,https://www.lesvinyesdelconvent.wine,,,https://www.google.com/maps/search/?api=1&query=Les%20Vinyes%20del%20Convent%2C%20Carretera%20T-334%2C%20km%200%2C5%2C%2043596%20Horta%20de%20Sant%20Joan%2C%20Tarragona&query_place_id=ChIJv6R8eKLqoBIRsZjVQMYU20Q,40.9416707,0.3158797,/productores/es/catalunya/tarragona/les-vinyes-del-convent-horta-de-sant-joan.webp,verificado,sí,ecommerce,
celler-menescal-bot,Celler Menescal,Bot,Vino,Vinos DO Terra Alta,"Carrer Joan Amades, 2, 43785 Bot, Tarragona",Celler de la DO Terra Alta a Bot amb vins de garnatxa i botiga en línia.,,+34977428095,,http://www.cellermenescal.com,,,https://www.google.com/maps/search/?api=1&query=Celler%20Menescal%2C%20Carrer%20Joan%20Amades%2C%202%2C%2043785%20Bot%2C%20Tarragona&query_place_id=ChIJcftlFcXDoBIRRlJutKfQxaw,41.0098357,0.3853677,/productores/es/catalunya/tarragona/celler-menescal-bot.webp,verificado,sí,ecommerce,
biopaumera-rasquera,Biopaumerà,Rasquera,Vino,Vinos DO Tarragona,"Plaça de Sant Joan, 3, 43513 Rasquera, Tarragona",Celler ecològic de la DO Tarragona a Rasquera (Ribera d'Ebre) amb vins propis i botiga en línia.,,+34647983004,,http://www.biopaumera.com,,,https://www.google.com/maps/search/?api=1&query=Biopaumer%C3%A0%2C%20Pla%C3%A7a%20de%20Sant%20Joan%2C%203%2C%2043513%20Rasquera%2C%20Tarragona&query_place_id=ChIJmws3un7foBIRkUG5WbYoFw0,41.001684,0.597445,/productores/es/catalunya/tarragona/biopaumera-rasquera.webp,verificado,sí,ecommerce,
castell-dor-lespluga-de-francoli,Castell d'Or,L'Espluga de Francolí,Vino,"Cava, vinos DO Tarragona","Passeig JM Rendé i Ventosa, 5, 43440 L'Espluga de Francolí, Tarragona","Grup celler de la DO Tarragona i DO Cava a L'Espluga de Francolí, amb diverses marques i botiga en línia.",,+34977871450,,https://www.castelldor.com,https://www.facebook.com/castelldor,https://www.instagram.com/castelldorcava_vi,https://www.google.com/maps/search/?api=1&query=Castell%20d%27Or%2C%20Passeig%20JM%20Rend%C3%A9%20i%20Ventosa%2C%205%2C%2043440%20L%27Espluga%20de%20Francol%C3%AD%2C%20Tarragona&query_place_id=ChIJR3hOGgOvphIR0M3AWEws6Q0,41.3989214,1.1049285,,verificado,sí,ecommerce,
celler-cooperatiu-vila-rodona,Celler Cooperatiu de Vila-rodona,Vila-rodona,Vino,Vinos DO Tarragona,"Carretera de Santes Creus, 4, 43814 Vila-rodona, Tarragona",Celler cooperatiu de Vila-rodona (DO Tarragona) amb vins i caves propis i botiga en línia.,,+34977638004,,http://www.copvilar.com,https://www.facebook.com/coopvilarodona,https://www.instagram.com/coopvilarodona,https://www.google.com/maps/search/?api=1&query=Celler%20Cooperatiu%20de%20Vila-rodona%2C%20Carretera%20de%20Santes%20Creus%2C%204%2C%2043814%20Vila-rodona%2C%20Tarragona&query_place_id=ChIJZWixkc4HpBIRT-mRYO6PeOM,41.3067129,1.3543173,/productores/es/catalunya/tarragona/celler-cooperatiu-vila-rodona.webp,verificado,sí,ecommerce,
celler-9-mes-la-nou-de-gaia,Celler 9+,La Nou de Gaià,Vino,Vinos DO Tarragona,"Avinguda de Catalunya, 33, 43763 La Nou de Gaià, Tarragona",Celler de la DO Tarragona a La Nou de Gaià amb vins de proximitat i botiga en línia.,,+34977655940,,https://www.9mes.cat,https://www.facebook.com/celler9mes,https://www.instagram.com/celler9mes,https://www.google.com/maps/search/?api=1&query=Celler%209%2B%2C%20Avinguda%20de%20Catalunya%2C%2033%2C%2043763%20La%20Nou%20de%20Gai%C3%A0%2C%20Tarragona&query_place_id=ChIJr73KS1nxoxIR_gBNOfjm5TQ,41.1820135,1.3740623,,verificado,sí,ecommerce,
caves-magrinya-calaf-nulles,Caves Magrinyà Calaf,Nulles,Vino,"Cava, vinos DO Tarragona","Ctra. Tarragona - Pont d'Armentera, km 16, 43887 Nulles, Tarragona",Caves i celler de la DO Tarragona i DO Cava a Nulles amb botiga en línia.,,+34977603596,,http://www.magrinyacalaf.com,,,https://www.google.com/maps/search/?api=1&query=Caves%20Magriny%C3%A0%20Calaf%2C%20Ctra.%20Tarragona%20-%20Pont%20d%27Armentera%2C%20km%2016%2C%2043887%20Nulles%2C%20Tarragona&query_place_id=ChIJcxfSAsf4oxIRbvYUjfIcG8I,41.2509084,1.3017093,/productores/es/catalunya/tarragona/caves-magrinya-calaf-nulles.webp,verificado,sí,ecommerce,
celler-pedrola-miravet,Celler Pedrola,Miravet,Vino,Vinos DO Tarragona,"Carretera T-324, 43747 Miravet, Tarragona","Celler de la DO Tarragona a Miravet (Ribera d'Ebre), marca Camí de Sirga, amb botiga en línia.",,+34650093906,,http://www.camidesirga.cat,https://www.facebook.com/celler.pedrola,,https://www.google.com/maps/search/?api=1&query=Celler%20Pedrola%2C%20Carretera%20T-324%2C%2043747%20Miravet%2C%20Tarragona&query_place_id=ChIJXT-CblAnoRIRTSQJXyNquj8,41.0470667,0.6094574,,verificado,sí,ecommerce,
cooperativa-sant-isidre-vilabella,Cooperativa Agrícola Sant Isidre de Vilabella,Vilabella,Vino,Vinos DO Tarragona,"TV-2032, 59, 43886 Vilabella, Tarragona",Cooperativa agrícola Sant Isidre de Vilabella (DO Tarragona) amb vi i oli de proximitat.,,,,,,,https://www.google.com/maps/search/?api=1&query=Cooperativa%20Agr%C3%ADcola%20Sant%20Isidre%20de%20Vilabella%2C%20TV-2032%2C%2059%2C%2043886%20Vilabella%2C%20Tarragona&query_place_id=ChIJo_B13l74oxIREPmclHhQKJE,41.2492805,1.3303121,,parcial,no comprobado,,
estol-verd-celler-rodonya,Estol Verd Celler,Rodonyà,Vino,Vinos DO Tarragona,"Carrer Nou, 11, 43812 Rodonyà, Tarragona",Celler de la DO Tarragona a Rodonyà (Alt Camp) amb vins de finca i botiga en línia.,,+34696110074,,https://estolverd.cat,,https://www.instagram.com/estolverd_celler,https://www.google.com/maps/search/?api=1&query=Estol%20Verd%20Celler%2C%20Carrer%20Nou%2C%2011%2C%2043812%20Rodony%C3%A0%2C%20Tarragona&query_place_id=ChIJpwr_zi8IpBIR4GX4ELScoOM,41.28166,1.39714,/productores/es/catalunya/tarragona/estol-verd-celler-rodonya.webp,verificado,sí,ecommerce,
terra-cellars-les-borges-del-camp,Terra Cellars,Les Borges del Camp,Vino,Vinos DO Tarragona,"Carrer de les Noves Tecnologies, 1, 43350 Les Borges del Camp, Tarragona",Celler de la DO Tarragona a Les Borges del Camp amb vins propis i botiga en línia.,,+34977328512,,http://www.terracellars.es,https://www.facebook.com/terracellars,https://www.instagram.com/terracellars_,https://www.google.com/maps/search/?api=1&query=Terra%20Cellars%2C%20Carrer%20de%20les%20Noves%20Tecnologies%2C%201%2C%2043350%20Les%20Borges%20del%20Camp%2C%20Tarragona&query_place_id=ChIJ0z1TNRxPoRIRqrlRJy4ew7g,41.1661941,1.0253445,/productores/es/catalunya/tarragona/terra-cellars-les-borges-del-camp.webp,verificado,sí,ecommerce,
vinya-janine-rodonya,Vinya Janine,Rodonyà,Vino,Vinos DO Tarragona,"Carrer d'Anselm Clavé, 1, 43812 Rodonyà, Tarragona",Celler ecològic de la DO Tarragona a Rodonyà (Alt Camp) amb vins i enoturisme; botiga en línia.,,,,https://www.vinyajanine.com,,,https://www.google.com/maps/search/?api=1&query=Vinya%20Janine%2C%20Carrer%20d%27Anselm%20Clav%C3%A9%2C%201%2C%2043812%20Rodony%C3%A0%2C%20Tarragona&query_place_id=ChIJBR2tei4IpBIRIJz0YK6VruU,41.28054,1.39946,,verificado,sí,ecommerce,
aymar-vitivinicoles-vimbodi-i-poblet,Aymar Vitivinícoles,Vimbodí i Poblet,Vino,Vinos DO Conca de Barberà,"Avinguda Amics de Vimbodí, 25, 43430 Vimbodí i Poblet, Tarragona",Celler de la DO Conca de Barberà a Vimbodí i Poblet amb vins propis i botiga en línia.,,+34977368886,,http://www.aymarwines.com,,https://www.instagram.com/aymar_wines_oficial,https://www.google.com/maps/search/?api=1&query=Aymar%20Vitivin%C3%ADcoles%2C%20Avinguda%20Amics%20de%20Vimbod%C3%AD%2C%2025%2C%2043430%20Vimbod%C3%AD%20i%20Poblet%2C%20Tarragona&query_place_id=ChIJLS4mdk2xphIRzV9pbITObOg,41.4025465,1.0435396,/productores/es/catalunya/tarragona/aymar-vitivinicoles-vimbodi-i-poblet.webp,verificado,sí,ecommerce,
celler-carles-andreu-pira,Celler Carles Andreu,Pira,Vino,Cava i vinos DO Conca de Barberà (Trepat),"Carrer Sant Sebastià, 19, 43423 Pira, Tarragona","Celler familiar de la DO Conca de Barberà a Pira, referent del Trepat i el cava; botiga en línia.",,+34977887404,,https://cavandreu.com,,,https://www.google.com/maps/search/?api=1&query=Celler%20Carles%20Andreu%2C%20Carrer%20Sant%20Sebasti%C3%A0%2C%2019%2C%2043423%20Pira%2C%20Tarragona&query_place_id=ChIJO-U_NG2pphIRKkGU5yicgyg,41.424013,1.2049569,/productores/es/catalunya/tarragona/celler-carles-andreu-pira.webp,verificado,sí,ecommerce,
clos-montblanc-barbera-de-la-conca,Clos Montblanc,Barberà de la Conca,Vino,Vinos DO Conca de Barberà,"Carretera T-242, km 1, 43422 Barberà de la Conca, Tarragona",Celler de la DO Conca de Barberà a Barberà de la Conca amb una àmplia gamma de vins i cava; botiga en línia.,,+34977887030,,https://closmontblanc.com,https://www.facebook.com/ClosMontblanc,https://www.instagram.com/closmontblanc,https://www.google.com/maps/search/?api=1&query=Clos%20Montblanc%2C%20Carretera%20T-242%2C%20km%201%2C%2043422%20Barber%C3%A0%20de%20la%20Conca%2C%20Tarragona&query_place_id=ChIJ404ldzCophIRQ3poT7boY5c,41.4047807,1.2010814,/productores/es/catalunya/tarragona/clos-montblanc-barbera-de-la-conca.webp,verificado,sí,ecommerce,
celler-costador-barbera-de-la-conca,Celler Costador,Barberà de la Conca,Vino,Vinos DO Conca de Barberà,"Carrer del Comerç, 2, 43422 Barberà de la Conca, Tarragona","Celler de la DO Conca de Barberà a Barberà de la Conca, projecte Costador-Metamorphika de vins de varietats ancestrals.",,+34607276695,,,,,https://www.google.com/maps/search/?api=1&query=Celler%20Costador%2C%20Carrer%20del%20Comer%C3%A7%2C%202%2C%2043422%20Barber%C3%A0%20de%20la%20Conca%2C%20Tarragona&query_place_id=ChIJw5TYEZQCpBIRsY4ulGHQXzs,41.4092817,1.2218717,,parcial,no comprobado,,
celler-la-llena-vilanova-de-prades,Celler La Llena,Vilanova de Prades,Vino,Vinos DO Conca de Barberà,"Carrer de la Llaunera, 43439 Vilanova de Prades, Tarragona",Celler de muntanya de la DO Conca de Barberà a Vilanova de Prades amb botiga en línia.,,+34643869239,,https://www.cellerlallena.cat,,https://www.instagram.com/cellerlallena,https://www.google.com/maps/search/?api=1&query=Celler%20La%20Llena%2C%20Carrer%20de%20la%20Llaunera%2C%2043439%20Vilanova%20de%20Prades%2C%20Tarragona&query_place_id=ChIJCwW0Duy1phIRs5e-3vGNhKw,41.3478286,0.9570094,,verificado,sí,ecommerce,
celler-mas-foraster-montblanc,Celler Mas Foraster,Montblanc,Vino,Vinos DO Conca de Barberà,"Camí Ermita de Sant Josep, 43400 Montblanc, Tarragona","Celler familiar de la DO Conca de Barberà a Montblanc (Josep Foraster), especialitzat en Trepat.",,+34977860229,,http://www.josepforaster.com,,,https://www.google.com/maps/search/?api=1&query=Celler%20Mas%20Foraster%2C%20Cam%C3%AD%20Ermita%20de%20Sant%20Josep%2C%2043400%20Montblanc%2C%20Tarragona&query_place_id=ChIJ5zfeRGipphIRVlgk7B5J51U,41.3699398,1.1591443,,verificado,no comprobado,,
celler-pla-de-la-maso-barbera-de-la-conca,Celler Pla de la Masó,Barberà de la Conca,Vino,Vinos DO Conca de Barberà,"Carrer Nou, 8A, 43422 Barberà de la Conca, Tarragona",Petit celler de la DO Conca de Barberà a Barberà de la Conca.,,+34645028951,,,,,https://www.google.com/maps/search/?api=1&query=Celler%20Pla%20de%20la%20Mas%C3%B3%2C%20Carrer%20Nou%2C%208A%2C%2043422%20Barber%C3%A0%20de%20la%20Conca%2C%20Tarragona&query_place_id=ChIJc1msRcQDpBIRH5aU99V6aTo,41.41044,1.2272435,,parcial,no comprobado,,
celler-mas-de-la-sabatera-montblanc,Celler Mas de la Sabatera,Montblanc,Vino,Vinos DO Conca de Barberà,"Carretera Montblanc a Prenafeta, km 4, 43415 Montblanc, Tarragona",Celler de la DO Conca de Barberà a Montblanc amb vins de finca i botiga en línia.,,,,https://masdelasabatera.com,https://www.facebook.com/masdelasabatera,https://www.instagram.com/mas.sabatera,https://www.google.com/maps/search/?api=1&query=Celler%20Mas%20de%20la%20Sabatera%2C%20Carretera%20Montblanc%20a%20Prenafeta%2C%20km%204%2C%2043415%20Montblanc%2C%20Tarragona&query_place_id=ChIJuzMzNMKpphIRc55-fRrTRcU,41.3780554,1.2102017,/productores/es/catalunya/tarragona/celler-mas-de-la-sabatera-montblanc.webp,verificado,sí,ecommerce,
celler-rende-masdeu-lespluga-de-francoli,Celler Rendé Masdéu,L'Espluga de Francolí,Vino,Vinos DO Conca de Barberà,"Carretera N-240, km 39,5, 43440 L'Espluga de Francolí, Tarragona",Celler familiar de la DO Conca de Barberà a L'Espluga de Francolí amb botiga en línia.,,+34977871361,,http://www.rendemasdeu.cat,https://www.facebook.com/rendemasdeu,https://www.instagram.com/cellerrendemasdeu,https://www.google.com/maps/search/?api=1&query=Celler%20Rend%C3%A9%20Masd%C3%A9u%2C%20Carretera%20N-240%2C%20km%2039%2C5%2C%2043440%20L%27Espluga%20de%20Francol%C3%AD%2C%20Tarragona&query_place_id=ChIJaxuOuwGvphIR9cPYtEyWrT8,41.3932067,1.130073,,verificado,sí,ecommerce,
celler-rosa-maria-torres-sarral,Celler Rosa Maria Torres,Sarral,Vino,Vinos DO Conca de Barberà,"Avinguda Anguera, 2, 43424 Sarral, Tarragona",Celler de la DO Conca de Barberà a Sarral amb vins de varietats autòctones i internacionals.,,+34977890013,,http://www.rosamariatorres.com,,https://www.instagram.com/celler_rmt,https://www.google.com/maps/search/?api=1&query=Celler%20Rosa%20Maria%20Torres%2C%20Avinguda%20Anguera%2C%202%2C%2043424%20Sarral%2C%20Tarragona&query_place_id=ChIJGRS7CCYdpBIRYGRu71VPMeI,41.4445243,1.2459452,/productores/es/catalunya/tarragona/celler-rosa-maria-torres-sarral.webp,verificado,no comprobado,,
celler-sanstrave-solivella,Celler Sanstravé,Solivella,Vino,Vinos DO Conca de Barberà,"Carrer de la Conca, 10, 43412 Solivella, Tarragona","Celler familiar de la DO Conca de Barberà a Solivella, amb restaurant i botiga en línia.",,+34977892165,,http://www.sanstrave.com,,https://www.instagram.com/sanstrave,https://www.google.com/maps/search/?api=1&query=Celler%20Sanstrav%C3%A9%2C%20Carrer%20de%20la%20Conca%2C%2010%2C%2043412%20Solivella%2C%20Tarragona&query_place_id=ChIJOVpzwRqophIRIAyuWpJ39Ak,41.4573071,1.1780044,/productores/es/catalunya/tarragona/celler-sanstrave-solivella.webp,verificado,sí,ecommerce,
celler-vega-aixala-vilanova-de-prades,Celler Vega Aixalà,Vilanova de Prades,Vino,Vinos DO Conca de Barberà,"Carrer de la Font, 11, 43439 Vilanova de Prades, Tarragona",Celler de muntanya de la DO Conca de Barberà a Vilanova de Prades amb botiga en línia.,,+34636519821,,http://www.vegaaixala.com,https://www.facebook.com/cellervegaaixala,https://www.instagram.com/vegaaixala,https://www.google.com/maps/search/?api=1&query=Celler%20Vega%20Aixal%C3%A0%2C%20Carrer%20de%20la%20Font%2C%2011%2C%2043439%20Vilanova%20de%20Prades%2C%20Tarragona&query_place_id=ChIJLyIgqCS0phIRexkq_4g00cg,41.3476612,0.9581765,/productores/es/catalunya/tarragona/celler-vega-aixala-vilanova-de-prades.webp,verificado,sí,ecommerce,
celler-vins-de-pedra-montblanc,Celler Vins de Pedra,Montblanc,Vino,Vinos DO Conca de Barberà,"Muralla Alfons III, 18, 43400 Montblanc, Tarragona","Petit celler de la DO Conca de Barberà a Montblanc, projecte de vins de finca.",,+34630405118,,http://www.vinsdepedra.es,https://www.facebook.com/VinsdePedra,https://www.instagram.com/vinsdepedra,https://www.google.com/maps/search/?api=1&query=Celler%20Vins%20de%20Pedra%2C%20Muralla%20Alfons%20III%2C%2018%2C%2043400%20Montblanc%2C%20Tarragona&query_place_id=ChIJBYq4ixKpphIRBa9xV7c1m0M,41.377601,1.163118,/productores/es/catalunya/tarragona/celler-vins-de-pedra-montblanc.webp,verificado,no comprobado,,
cellers-domenys-pira,Cellers Domenys,Pira,Vino,Vinos DO Conca de Barberà,"43423 Pira, Tarragona","Cooperativa de la DO Conca de Barberà (Pira, Blancafort i Rocafort de Queralt) amb vins i botiga en línia.",,,,https://www.cellersdomenys.com,https://www.facebook.com/cellersdomenys,https://www.instagram.com/cellersdomenys,https://www.google.com/maps/search/?api=1&query=Cellers%20Domenys%2C%2043423%20Pira%2C%20Tarragona&query_place_id=ChIJ4-p9d2mpphIRDF3vOzD8HLo,41.4217933,1.2014216,,verificado,sí,ecommerce,
familia-torres-milmanda-vimbodi-i-poblet,Família Torres - Milmanda,Vimbodí i Poblet,Vino,"Vinos DO Conca de Barberà (Milmanda, Grans Muralles)","Carretera N-240, km 44, 43430 Vimbodí i Poblet, Tarragona","Finca de Família Torres a la DO Conca de Barberà (Castell de Milmanda i Grans Muralles), amb enoturisme.",,+34609526130,,https://www.torres.es,,,https://www.google.com/maps/search/?api=1&query=Fam%C3%ADlia%20Torres%20-%20Milmanda%2C%20Carretera%20N-240%2C%20km%2044%2C%2043430%20Vimbod%C3%AD%20i%20Poblet%2C%20Tarragona&query_place_id=ChIJEZTYoA2vphIR2OAlNworFYI,41.3975173,1.0743958,/productores/es/catalunya/tarragona/familia-torres-milmanda-vimbodi-i-poblet.webp,verificado,sí,ecommerce,
gabor-celler-barbera-de-la-conca,Gabor Celler,Barberà de la Conca,Vino,Vinos DO Conca de Barberà,"Carrer de la Font, 6, 43422 Barberà de la Conca, Tarragona",Petit celler de la DO Conca de Barberà a Barberà de la Conca amb botiga en línia.,,+34648033690,,http://gaborceller.com,,https://www.instagram.com/gaborceller,https://www.google.com/maps/search/?api=1&query=Gabor%20Celler%2C%20Carrer%20de%20la%20Font%2C%206%2C%2043422%20Barber%C3%A0%20de%20la%20Conca%2C%20Tarragona&query_place_id=ChIJK5MoVGEDpBIRSWDJUpeDkXE,41.41177,1.22918,/productores/es/catalunya/tarragona/gabor-celler-barbera-de-la-conca.webp,verificado,sí,ecommerce,
gerida-viticultors-blancafort,Gerida Viticultors,Blancafort,Vino,Vinos DO Conca de Barberà,"Carrer Fortuny, 10, 43411 Blancafort, Tarragona",Celler de la DO Conca de Barberà a Blancafort amb vins de viticultors.,,+34690050132,,http://geridavins.cat,https://www.facebook.com/GeridaViticultorsConca,https://www.instagram.com/geridavins,https://www.google.com/maps/search/?api=1&query=Gerida%20Viticultors%2C%20Carrer%20Fortuny%2C%2010%2C%2043411%20Blancafort%2C%20Tarragona&query_place_id=ChIJfVBaGSemphIR42opjwDMrhc,41.43756,1.16077,/productores/es/catalunya/tarragona/gerida-viticultors-blancafort.webp,verificado,no comprobado,,
succes-vinicola-pira,Succés Vinícola,Pira,Vino,Vinos DO Conca de Barberà,"Polígon Industrial de Pira, 13, 43423 Pira, Tarragona","Celler de la DO Conca de Barberà a Pira, projecte de recuperació de varietats locals.",,+34677144629,,https://www.succesvinicola.com,,https://www.instagram.com/succesvinicola,https://www.google.com/maps/search/?api=1&query=Succ%C3%A9s%20Vin%C3%ADcola%2C%20Pol%C3%ADgon%20Industrial%20de%20Pira%2C%2013%2C%2043423%20Pira%2C%20Tarragona&query_place_id=ChIJ39aatEKpphIR4R2uBaIizuU,41.4187868,1.1993975,/productores/es/catalunya/tarragona/succes-vinicola-pira.webp,verificado,no comprobado,,
acustic-celler-marca,Acústic Celler,Marçà,Vino,Vinos DO Montsant,"Carretera TV-3002 de Capçanes a Marçà, km 3,336, 43775 Marçà, Tarragona","Celler de la DO Montsant a Marçà (Priorat), garnatxa i carinyena de vinyes velles.",,+34672432691,acustic@acusticceller.com,https://acusticceller.com/,https://www.facebook.com/acusticceller/,https://www.instagram.com/acusticceller,https://www.google.com/maps/search/?api=1&query=Ac%C3%BAstic%20Celler%2C%20Carretera%20TV-3002%20de%20Cap%C3%A7anes%20a%20Mar%C3%A7%C3%A0%2C%20km%203%2C336%2C%2043775%20Mar%C3%A7%C3%A0%2C%20Tarragona&query_place_id=ChIJbVcQhY8woRIRN5EdzoOucaQ,41.1258609,0.8066724,,verificado,sí,ecommerce,
alfredo-arribas-vins-nus-falset,Alfredo Arribas - Vins Nus,Falset,Vino,Vinos DO Montsant,"Carrer Sort dels Capellans, 25, Polígon Ind. Sort dels Capellans, 43730 Falset, Tarragona","Celler de la DO Montsant a Falset (Priorat), projecte Vins Nus d'Alfredo Arribas.",,+34679177067,info@vinsnus.com,https://vinsnus.com,https://www.facebook.com/vins.nus.3,https://www.instagram.com/vinsnus/,,41.144844,0.8115126,/productores/es/catalunya/tarragona/alfredo-arribas-vins-nus-falset.webp,verificado,no,,
bell-cros-falset,Bell Cros,Falset,Vino,Vinos DO Montsant,"Pol. Les Sorts dels Capellans, 21, 43730 Falset, Tarragona",Celler de la DO Montsant a Falset (Priorat).,,+46703987720,info@bellcros.com,https://bellcros.com/,,https://www.instagram.com/bellcros_montsant,https://www.google.com/maps/search/?api=1&query=Bell%20Cros%2C%20Pol.%20Les%20Sorts%20dels%20Capellans%2C%2021%2C%2043730%20Falset%2C%20Tarragona&query_place_id=ChIJlYtXIgExoRIREAseRmuHnt0,41.144844,0.8115126,,verificado,no,,
celler-aibar-darmos,Celler Aibar,Darmós,Vino,Vinos DO Montsant,"Carrer Sant Pere, 11-13, 43746 Darmós, Tarragona","Celler de la DO Montsant a Darmós (Tivissa, Ribera d'Ebre).",,+34977417532,celleraibar@agrifor.org,https://www.celleraibar.eu/,https://www.facebook.com/celler.aibar,https://www.instagram.com/celleraibar/,https://www.google.com/maps/search/?api=1&query=Celler%20Aibar%2C%20Carrer%20Sant%20Pere%2C%2011-13%2C%2043746%20Darm%C3%B3s%2C%20Tarragona&query_place_id=ChIJ5ccxPBsloRIRd8Z-3lamWh8,41.0986421,0.7033061,,verificado,no comprobado,,
celler-anguera-domenech-darmos,Celler Anguera Domènech,Darmós,Vino,Vinos DO Montsant,"Carrer Sant Pere, 2, 43746 Darmós, Tarragona","Celler de la DO Montsant a Darmós (Tivissa, Ribera d'Ebre).",,+34977405857,angueradomenech@wanadoo.es,http://www.vianguera.cat/,https://www.facebook.com/1430335617195791,https://www.instagram.com/vinsangueradomenech/,https://www.google.com/maps/search/?api=1&query=Celler%20Anguera%20Dom%C3%A8nech%2C%20Carrer%20Sant%20Pere%2C%202%2C%2043746%20Darm%C3%B3s%2C%20Tarragona&query_place_id=ChIJfWQnKJYloRIROR_LuIvTO9M,41.0986421,0.7033061,/productores/es/catalunya/tarragona/celler-anguera-domenech-darmos.webp,verificado,no comprobado,,
celler-cairats-darmos,Celler Cairats,Darmós,Vino,Vinos DO Montsant,"Era, 4-16, 43746 Darmós, Tarragona","Celler de la DO Montsant a Darmós (Tivissa, Ribera d'Ebre).",,+34685194745,mava.societat@gmail.com,http://cellercairats.com/,https://www.facebook.com/CellerCairats/,https://www.instagram.com/cellercairats/,https://www.google.com/maps/search/?api=1&query=Celler%20Cairats%2C%20Era%2C%204-16%2C%2043746%20Darm%C3%B3s%2C%20Tarragona&query_place_id=ChIJxWBC1JcloRIREdU2HNXUf_g,41.0977205,0.704248,/productores/es/catalunya/tarragona/celler-cairats-darmos.webp,verificado,no comprobado,,
celler-cal-besso-els-guiamets,Celler Cal Bessó,Els Guiamets,Vino,Vinos DO Montsant,"Carrer Sant Lluís, 16, 43777 Els Guiamets, Tarragona",Celler de la DO Montsant a Els Guiamets (Priorat).,,+34630941959,roquers@roquers.com,http://www.calbesso.com/,,,https://www.google.com/maps/search/?api=1&query=Celler%20Cal%20Bess%C3%B3%2C%20Carrer%20Sant%20Llu%C3%ADs%2C%2016%2C%2043777%20Els%20Guiamets%2C%20Tarragona&query_place_id=ChIJ22tkYksloRIRQbJnzOXldrs,41.1025201,0.7522656,/productores/es/catalunya/tarragona/celler-cal-besso-els-guiamets.webp,verificado,no,,
celler-cedo-anguera-la-serra-dalmos,Celler Cedó Anguera,La Serra d'Almos,Vino,Vinos DO Montsant,"Ctra. La Serra d'Almos, km 2, 43746 La Serra d'Almos, Tarragona","Celler de la DO Montsant a La Serra d'Almos (Tivissa, Ribera d'Ebre).",,+34699694728,celler@cedoanguera.com,https://www.cedoanguera.net/,,https://www.instagram.com/celler_cedo_anguera/,https://www.google.com/maps/search/?api=1&query=Celler%20Ced%C3%B3%20Anguera%2C%20Ctra.%20La%20Serra%20d%27Almos%2C%20km%202%2C%2043746%20La%20Serra%20d%27Almos%2C%20Tarragona&query_place_id=ChIJr1wvZbIloRIROwLdsS0VIGw,41.0814628,0.7398955,,verificado,no,,
celler-clos-mesorah-marca,Celler Clos Mesorah,Marçà,Vino,Vinos DO Montsant,"Ctra. T-300, km 0,97, 43775 Marçà, Tarragona","Celler de la DO Montsant a Marçà (Priorat), vins de la família del grup ElViWines.",,+34606186565,anne@closmesorah.com,,https://www.facebook.com/clos.mesorah/,https://www.instagram.com/elviwines/,https://www.google.com/maps/search/?api=1&query=Celler%20Clos%20Mesorah%2C%20Ctra.%20T-300%2C%20km%200%2C97%2C%2043775%20Mar%C3%A7%C3%A0%2C%20Tarragona&query_place_id=ChIJ81ACYSyXpBIR5uLBhE6Z4fs,41.1296069,0.8000495,,verificado,no comprobado,,
celler-comunica-falset,Celler Comunica,Falset,Vino,Vinos DO Montsant,"Pol. 24, Parcel·la 1, Mas d'en Cosme, 43730 Falset, Tarragona",Celler de la DO Montsant a Falset (Priorat).,,+34600753840,cellercomunica@cellercomunica.com,https://www.cellercomunica.com/,https://www.facebook.com/vins.celler.comunica/,https://www.instagram.com/celler_comunica/,https://www.google.com/maps/search/?api=1&query=Celler%20Comunica%2C%20Pol.%2024%2C%20Parcel%C2%B7la%201%2C%20Mas%20d%27en%20Cosme%2C%2043730%20Falset%2C%20Tarragona&query_place_id=ChIJBwAAkM8woRIRSeANlNjaWrA,41.14619,0.82008,/productores/es/catalunya/tarragona/celler-comunica-falset.webp,verificado,no,,
celler-cooperatiu-de-cornudella-cornudella-de-montsant,Celler Cooperatiu de Cornudella,Cornudella de Montsant,Vino,Vinos DO Montsant,"Comte de Rius, 2, 43360 Cornudella de Montsant, Tarragona","Celler cooperatiu de la DO Montsant a Cornudella de Montsant, amb més d'un segle d'història.",,+34977821329,info@cellercornudella.cat,https://cellercornudella.cat/,https://www.facebook.com/cellercooperatiu/,https://www.instagram.com/cornudellaceler/,https://www.google.com/maps/search/?api=1&query=Celler%20Cooperatiu%20de%20Cornudella%2C%20Comte%20de%20Rius%2C%202%2C%2043360%20Cornudella%20de%20Montsant%2C%20Tarragona&query_place_id=ChIJR9Md7Vg1oRIRQt0uLkT8e0Q,41.2639156,0.9046935,/productores/es/catalunya/tarragona/celler-cooperatiu-de-cornudella-cornudella-de-montsant.webp,verificado,sí,ecommerce,
celler-cooperatiu-el-molar-el-molar,Celler Cooperatiu El Molar,El Molar,Vino,Vinos DO Montsant,"Carrer Afores, s/n, 43736 El Molar, Tarragona",Celler cooperatiu de la DO Montsant a El Molar (Priorat).,,+34625220789,coopelmolar@gmail.com,https://cooperativaelmolar.com/,,,https://www.google.com/maps/search/?api=1&query=Celler%20Cooperatiu%20El%20Molar%2C%20Carrer%20Afores%2C%20s%2Fn%2C%2043736%20El%20Molar%2C%20Tarragona&query_place_id=ChIJcduPBuMvoRIRfPcWQ0d1Cl8,41.16352,0.70604,/productores/es/catalunya/tarragona/celler-cooperatiu-el-molar-el-molar.webp,verificado,no,,
celler-de-capcanes-capcanes,Celler de Capçanes,Capçanes,Vino,Vinos DO Montsant,"Carrer Llaberia, 9, 43776 Capçanes, Tarragona","Celler cooperatiu de la DO Montsant a Capçanes, conegut pel seu vi kosher Peraj Ha'abib.",,+34977178319,cellercapcanes@cellercapcanes.com,https://www.cellercapcanes.com/,https://www.facebook.com/cellercapcanes/,https://www.instagram.com/cellercapcanes/,https://www.google.com/maps/search/?api=1&query=Celler%20de%20Cap%C3%A7anes%2C%20Carrer%20Llaberia%2C%209%2C%2043776%20Cap%C3%A7anes%2C%20Tarragona&query_place_id=ChIJjYwouY06oRIRMdK3nHTXCsA,41.1008033,0.7822202,/productores/es/catalunya/tarragona/celler-de-capcanes-capcanes.webp,verificado,no,,
celler-de-lera-cornudella-de-montsant,Celler de l'Era,Cornudella de Montsant,Vino,Vinos DO Montsant,"Finca Mas de les Moreres, 43360 Cornudella de Montsant, Tarragona",Celler ecològic de la DO Montsant a Cornudella de Montsant (Mas de les Moreres).,,+34977262031,jtorres@cellerdelera.com,http://www.cellerdelera.com/,https://www.facebook.com/cellerdelera.es,https://www.instagram.com/cellerdelera/,https://www.google.com/maps/search/?api=1&query=Celler%20de%20l%27Era%2C%20Finca%20Mas%20de%20les%20Moreres%2C%2043360%20Cornudella%20de%20Montsant%2C%20Tarragona&query_place_id=ChIJ88yusIY1oRIRGyRl7GV6Q4w,41.2657,0.90504,,verificado,sí,ecommerce,
celler-dosterras-marca,Celler Dosterras,Marçà,Vino,Vinos DO Montsant,"Carretera T-300, km 2, 43775 Marçà, Tarragona","Celler de la DO Montsant a Marçà (Priorat), garnatxa de vinyes velles.",,+34638597957,fernando@dosterras.com,https://www.dosterras.com/,https://www.facebook.com/CellerDosterras/,https://www.instagram.com/dosterras/,https://www.google.com/maps/search/?api=1&query=Celler%20Dosterras%2C%20Carretera%20T-300%2C%20km%202%2C%2043775%20Mar%C3%A7%C3%A0%2C%20Tarragona&query_place_id=ChIJzeMcU5YwoRIRicQHfS0TX8s,41.12666,0.8008,/productores/es/catalunya/tarragona/celler-dosterras-marca.webp,verificado,sí,ecommerce,
celler-gritelles-cornudella-de-montsant,Celler Gritelles,Cornudella de Montsant,Vino,Vinos DO Montsant,"Carrer Les Bodegues, 3 baixos, 43360 Cornudella de Montsant, Tarragona",Celler de la DO Montsant a Cornudella de Montsant.,,+34606802416,celler@gritelles.com,https://www.gritelles.com/,,https://www.instagram.com/gritelleswinery/,https://www.google.com/maps/search/?api=1&query=Celler%20Gritelles%2C%20Carrer%20Les%20Bodegues%2C%203%20baixos%2C%2043360%20Cornudella%20de%20Montsant%2C%20Tarragona&query_place_id=ChIJd6jCR6g1oRIRimY_a3BZd1A,41.2640033,0.904878,/productores/es/catalunya/tarragona/celler-gritelles-cornudella-de-montsant.webp,verificado,sí,ecommerce|whatsapp,
celler-la-placeta-els-guiamets,Celler la Placeta,Els Guiamets,Vino,Vinos DO Montsant,"Carretera, 19, 43777 Els Guiamets, Tarragona",Celler familiar de Els Guiamets que elabora vinos ecológicos de garnacha y cariñena bajo la DO Montsant.,,+34676578925,laplaceta@cellerlaplaceta.com,https://www.cellerlaplaceta.com/,https://www.facebook.com/cellerlaPlaceta/,https://www.instagram.com/cellerlaplaceta/,https://www.google.com/maps/search/?api=1&query=Celler%20la%20Placeta%2C%20Carretera%2C%2019%2C%2043777%20Els%20Guiamets%2C%20Tarragona&query_place_id=ChIJeXT8cEsloRIRhJ7ZpOS6LtY,41.0985745,0.7426491,/productores/es/catalunya/tarragona/celler-la-placeta-els-guiamets.webp,verificado,sí,ecommerce,
celler-laurona-falset,Celler Laurona,Falset,Vino,Vinos DO Montsant,"Ctra. Bellmunt, s/n, Sort dels Capellans, Pol. 21, 43730 Falset, Tarragona",Celler de la DO Montsant a Falset (Priorat).,,+34977831712,tatyana@laurona-galilea.com,https://www.cellerlaurona.com/,https://www.facebook.com/CellerLaurona/,https://www.instagram.com/cellerlaurona/,https://www.google.com/maps/search/?api=1&query=Celler%20Laurona%2C%20Ctra.%20Bellmunt%2C%20s%2Fn%2C%20Sort%20dels%20Capellans%2C%20Pol.%2021%2C%2043730%20Falset%2C%20Tarragona&query_place_id=ChIJ48OxbMIwoRIRYqKpHkZ4CKc,41.144844,0.8115126,,verificado,sí,marketplace,
celler-mas-de-les-vinyes-cabaces,Celler Mas de les Vinyes,Cabacés,Vino,Vinos DO Montsant,"Mas de les Vinyes, s/n, 43373 Cabacés, Tarragona",Celler de la DO Montsant a Cabacés (Priorat).,,+34652568848,josep@masdelesvinyes.com,https://www.masdelesvinyes.com/,https://www.facebook.com/CellerMasdeLesVinyes,https://www.instagram.com/masdelesvinyes/,https://www.google.com/maps/search/?api=1&query=Celler%20Mas%20de%20les%20Vinyes%2C%20Mas%20de%20les%20Vinyes%2C%20s%2Fn%2C%2043373%20Cabac%C3%A9s%2C%20Tarragona&query_place_id=ChIJs5eTqhotoRIRPqMx0HoA4bQ,41.2346016,0.704178,,verificado,no,,
celler-pascona-falset,Celler Pascona,Falset,Vino,Vinos DO Montsant,"Camí dels Fontanals, s/n, 43730 Falset, Tarragona",Celler de la DO Montsant a Falset (Priorat).,,+34609291770,info@pascona.com,https://www.pascona.com/,https://www.facebook.com/pascona.montsant,https://www.instagram.com/celler_pascona/,https://www.google.com/maps/search/?api=1&query=Celler%20Pascona%2C%20Cam%C3%AD%20dels%20Fontanals%2C%20s%2Fn%2C%2043730%20Falset%2C%20Tarragona&query_place_id=ChIJKUoILi03oRIRWs_mBcJHqd0,41.1506264,0.8369214,/productores/es/catalunya/tarragona/celler-pascona-falset.webp,verificado,no,,
celler-ronadelles-cornudella-de-montsant,Celler Ronadelles,Cornudella de Montsant,Vino,Vinos DO Montsant,"Finca La Plana, s/n, 43360 Cornudella de Montsant, Tarragona","Celler de la DO Montsant a Cornudella de Montsant, marca Cap de Ruc.",,+34977821104,administracio@ronadelles.com,https://www.ronadelles.com,https://www.facebook.com/capderucmontsant/,https://www.instagram.com/capderucvins/,https://www.google.com/maps/search/?api=1&query=Celler%20Ronadelles%2C%20Finca%20La%20Plana%2C%20s%2Fn%2C%2043360%20Cornudella%20de%20Montsant%2C%20Tarragona&query_place_id=ChIJXZB2ZF81oRIR-dF59RlqOxc,41.2657,0.90504,,verificado,sí,ecommerce,
celler-serra-major-ulldemolins,Celler Serra Major,Ulldemolins,Vino,Vinos DO Montsant,"Carrer Alfons I El Cast, s/n, 43363 Ulldemolins, Tarragona","Celler de la DO Montsant a Ulldemolins (Priorat), marca Sarroges.",,+34647986960,santi@sarroges.com,http://sarroges.com/,https://www.facebook.com/Celler-Serra-Major-235597816564358/,,https://www.google.com/maps/search/?api=1&query=Celler%20Serra%20Major%2C%20Carrer%20Alfons%20I%20El%20Cast%2C%20s%2Fn%2C%2043363%20Ulldemolins%2C%20Tarragona&query_place_id=ChIJ5T6AClrKphIRgufRUzSSy34,41.3226,0.87636,,verificado,no comprobado,,
celler-vendrell-rived-marca,Celler Vendrell Rived,Marçà,Vino,Vinos DO Montsant,"Ctra. TV-3001, km 1,5, 43775 Marçà, Tarragona",Celler de la DO Montsant a Marçà (Priorat).,,+34637537383,cellervendrellrived@gmail.com,https://vendrellrived.com/,https://www.facebook.com/CellerVendrellRived,https://www.instagram.com/cellervendrellrived/,https://www.google.com/maps/search/?api=1&query=Celler%20Vendrell%20Rived%2C%20Ctra.%20TV-3001%2C%20km%201%2C5%2C%2043775%20Mar%C3%A7%C3%A0%2C%20Tarragona&query_place_id=ChIJ989GrJowoRIRQPFJumF2AwI,41.1258609,0.8066724,/productores/es/catalunya/tarragona/celler-vendrell-rived-marca.webp,verificado,no comprobado,,
cellers-can-blau-el-molar,Cellers Can Blau,El Molar,Vino,Vinos DO Montsant,"Ctra. T-734 Masroig-Molar, km 9, 43736 El Molar, Tarragona","Celler de la DO Montsant a El Molar (Priorat), del grup Gil Family Estates.",,+34968435022,info@gilfamily.es,https://gilfamily.es/bodegas_can_blau,,,https://www.google.com/maps/search/?api=1&query=Cellers%20Can%20Blau%2C%20Ctra.%20T-734%20Masroig-Molar%2C%20km%209%2C%2043736%20El%20Molar%2C%20Tarragona&query_place_id=ChIJ2W1ZDYUvoRIR3w2fnFk8HCA,41.1392557,0.7124448,/productores/es/catalunya/tarragona/cellers-can-blau-el-molar.webp,verificado,sí,ecommerce,
cellers-sant-rafel-pradell-de-la-teixeta,Cellers Sant Rafel,Pradell de la Teixeta,Vino,Vinos DO Montsant,"Ctra. La Torre, km 1,7, 43774 Pradell de la Teixeta, Tarragona",Celler de la DO Montsant a Pradell de la Teixeta (Priorat).,,+34689792305,xavi@cellerssantrafel.com,https://www.cellerssantrafel.com,,https://www.instagram.com/cellerssantrafel/,https://www.google.com/maps/search/?api=1&query=Cellers%20Sant%20Rafel%2C%20Ctra.%20La%20Torre%2C%20km%201%2C7%2C%2043774%20Pradell%20de%20la%20Teixeta%2C%20Tarragona&query_place_id=ChIJoXtjwWw3oRIRP8nw-G_jTXY,41.1251022,0.8376352,/productores/es/catalunya/tarragona/cellers-sant-rafel-pradell-de-la-teixeta.webp,verificado,no,,
cingles-blaus-cornudella-de-montsant,Cingles Blaus,Cornudella de Montsant,Vino,Vinos DO Montsant,"Mas de les Moreres, Afores, 43360 Cornudella de Montsant, Tarragona",Celler de la DO Montsant a Cornudella de Montsant.,,+34676834754,info@cinglesblaus.com,https://cinglesblaus.com/,https://www.facebook.com/cinglesblaus/,https://www.instagram.com/cinglesblaus/,https://www.google.com/maps/search/?api=1&query=Cingles%20Blaus%2C%20Mas%20de%20les%20Moreres%2C%20Afores%2C%2043360%20Cornudella%20de%20Montsant%2C%20Tarragona&query_place_id=ChIJ7b7CpoY1oRIRrfi4Vsw9p_Q,41.2657,0.90504,/productores/es/catalunya/tarragona/cingles-blaus-cornudella-de-montsant.webp,verificado,no,,
clos-maria-cornudella-de-montsant,Clos Maria,Cornudella de Montsant,Vino,Vinos DO Montsant,"TP-702, PL 1,6, 43360 Cornudella de Montsant, Tarragona",Celler de la DO Montsant a Cornudella de Montsant.,,+34977827113,amaia.jauregui@perinetwinery.com,https://www.closmaria.com/,,,https://www.google.com/maps/search/?api=1&query=Clos%20Maria%2C%20TP-702%2C%20PL%201%2C6%2C%2043360%20Cornudella%20de%20Montsant%2C%20Tarragona&query_place_id=ChIJWTfvOZ41oRIRNIW602PP7Dc,41.2642211,0.9050836,/productores/es/catalunya/tarragona/clos-maria-cornudella-de-montsant.webp,verificado,sí,ecommerce,
coca-i-fito-el-masroig,Coca i Fitó,El Masroig,Vino,Vinos DO Montsant,"Avinguda 11 de Setembre, s/n, 43736 El Masroig, Tarragona","Celler de la DO Montsant a El Masroig (Priorat), dels germans Coca.",,+34619776948,info@cocaifito.cat,https://www.cocaifito.cat/,https://www.facebook.com/cocaifito/,https://www.instagram.com/cocaifito/,https://www.google.com/maps/search/?api=1&query=Coca%20i%20Fit%C3%B3%2C%20Avinguda%2011%20de%20Setembre%2C%20s%2Fn%2C%2043736%20El%20Masroig%2C%20Tarragona&query_place_id=ChIJLSMD3vIvoRIR1UvdK6eVIGE,41.12598,0.73222,/productores/es/catalunya/tarragona/coca-i-fito-el-masroig.webp,verificado,sí,ecommerce,
companyia-viticola-sileo-cornudella-de-montsant,Companyia Vitícola Sileo,Cornudella de Montsant,Vino,Vinos DO Montsant,"Carrer Sant Andreu, 17, 43360 Cornudella de Montsant, Tarragona","Celler de la DO Montsant a Cornudella de Montsant, marca Atroca.",,+34935165043,info@atroca.eu,https://viticolasileo.eu/,,https://www.instagram.com/viticolasileo/,,41.2658647,0.9041793,/productores/es/catalunya/tarragona/companyia-viticola-sileo-cornudella-de-montsant.webp,verificado,no comprobado,,
el-vi-dels-20-falset,El Vi dels 20,Falset,Vino,Vinos DO Montsant,"Polígon 14, Parcel·la 113, 43730 Falset, Tarragona",Celler de la DO Montsant a Falset (Priorat).,,+34616515012,albert@elvidelsvint.cat,,,,,41.14619,0.82008,,parcial,no comprobado,,
estones-vins-falset,Estones Vins,Falset,Vino,Vinos DO Montsant,"Polígon Ind. Sort dels Capellans, Nau Bahaus, 14, 43730 Falset, Tarragona","Celler de la DO Montsant a Falset (Priorat), vins de Mas Sersal.",,+34666415735,vins@estones.cat,https://estones.cat/,https://www.facebook.com/VinsDeMasSersal/,https://www.instagram.com/estonesvins/,,41.144844,0.8115126,/productores/es/catalunya/tarragona/estones-vins-falset.webp,verificado,sí,marketplace,
mas-de-labundancia-el-masroig,Mas de l'Abundància,El Masroig,Vino,Vinos DO Montsant,"Camí de Gratallops, s/n, 43736 El Masroig, Tarragona",Celler ecològic de la DO Montsant a El Masroig (Priorat).,,+34877999350,hola@masdelabundancia.com,https://masdelabundancia.com/,,https://www.instagram.com/masdelabundancia/,https://www.google.com/maps/search/?api=1&query=Mas%20de%20l%27Abund%C3%A0ncia%2C%20Cam%C3%AD%20de%20Gratallops%2C%20s%2Fn%2C%2043736%20El%20Masroig%2C%20Tarragona&query_place_id=ChIJKSG63LsvoRIRwVnc9kN1qzc,41.12598,0.73222,/productores/es/catalunya/tarragona/mas-de-labundancia-el-masroig.webp,verificado,sí,ecommerce,
orto-vins-el-masroig,Orto Vins,El Masroig,Vino,Vinos DO Montsant,"Carrer Les Pinyeres, 38, 43736 El Masroig, Tarragona","Celler de la DO Montsant a El Masroig (Priorat), garnatxa i carinyena.",,+34629171246,info@ortovins.com,https://www.ortovins.com/,,https://www.instagram.com/ortovins/,https://www.google.com/maps/search/?api=1&query=Orto%20Vins%2C%20Carrer%20Les%20Pinyeres%2C%2038%2C%2043736%20El%20Masroig%2C%20Tarragona&query_place_id=ChIJTVfieo0voRIRaPxvA1IglGg,41.1263781,0.7333618,/productores/es/catalunya/tarragona/orto-vins-el-masroig.webp,verificado,sí,ecommerce,
serra-i-barcelo-els-guiamets,Serra i Barceló,Els Guiamets,Vino,Vinos DO Montsant,"Carrer Sant Lluís, 12, 43777 Els Guiamets, Tarragona",Celler de la DO Montsant a Els Guiamets (Priorat).,,+34977413042,info@serra-barcelo.com,https://serra-barcelo.com/,,,https://www.google.com/maps/search/?api=1&query=Serra%20i%20Barcel%C3%B3%2C%20Carrer%20Sant%20Llu%C3%ADs%2C%2012%2C%2043777%20Els%20Guiamets%2C%20Tarragona&query_place_id=ChIJObfVpFsloRIRJ8M7Ivtpkl8,41.1025201,0.7522656,/productores/es/catalunya/tarragona/serra-i-barcelo-els-guiamets.webp,verificado,no,,
spectacle-vins-falset,Spectacle Vins,Falset,Vino,Vinos DO Montsant,"Carretera de Bellmunt, s/n, 43730 Falset, Tarragona","Celler de la DO Montsant a Falset (Priorat), projecte de la família Barbier (Clos Mogador).",,+34977839171,iban@closmogador.com,http://www.espectaclevins.com/,,,,41.14619,0.82008,/productores/es/catalunya/tarragona/spectacle-vins-falset.webp,parcial,no comprobado,,
terravinyada-falset,Terravinyada,Falset,Vino,Vinos DO Montsant,"Les Esplanes, 43730 Falset, Tarragona",Celler de la DO Montsant a Falset (Priorat).,,+34679220702,albertbarcelocompte@gmail.com,https://terravinyada.com/,,https://www.instagram.com/terravinyada/,https://www.google.com/maps/search/?api=1&query=Terravinyada%2C%20Les%20Esplanes%2C%2043730%20Falset%2C%20Tarragona&query_place_id=ChIJkQHXqfwxoRIRUkajrIR2nqo,41.1575885,0.8060174,,verificado,no comprobado,,
terroir-sense-fronteres-torroja-del-priorat,Terroir Sense Fronteres,Torroja del Priorat,Vino,Vinos DO Montsant,"Carrer Baixa Font, 12, 43737 Torroja del Priorat, Tarragona","Celler de la DO Montsant a Torroja del Priorat, vinculat a Terroir al Límit.",,+34977839391,vi@terroir-sense-fronteres.com,https://terroir-sense-fronteres.com/,,https://www.instagram.com/terroirsensefronteres/,https://www.google.com/maps/search/?api=1&query=Terroir%20Sense%20Fronteres%2C%20Carrer%20Baixa%20Font%2C%2012%2C%2043737%20Torroja%20del%20Priorat%2C%20Tarragona&query_place_id=ChIJL3HZiOkzoRIRX8dYwaif7GA,41.2135,0.81041,/productores/es/catalunya/tarragona/terroir-sense-fronteres-torroja-del-priorat.webp,verificado,no,,
venus-la-universal-falset,Venus la Universal,Falset,Vino,Vinos DO Montsant,"Ctra. Porrera, s/n, 43730 Falset, Tarragona","Celler de la DO Montsant a Falset (Priorat) de Sara Pérez i René Barbier, amb celler al Sindicat de la Figuera.",,+34977279189,administracio@venuslauniversal.com,https://www.venuslauniversal.com/,https://www.facebook.com/VenusUniversal/,https://www.instagram.com/venusuniversal/,https://www.google.com/maps/search/?api=1&query=Venus%20la%20Universal%2C%20Ctra.%20Porrera%2C%20s%2Fn%2C%2043730%20Falset%2C%20Tarragona&query_place_id=ChIJrYtBR9cwoRIRTJ6ZYXHDB8Y,41.14619,0.82008,/productores/es/catalunya/tarragona/venus-la-universal-falset.webp,verificado,no,,
vinas-del-montsant-marca,Viñas del Montsant,Marçà,Vino,Vinos DO Montsant,"Partida Coll de Mora, s/n, 43775 Marçà, Tarragona","Celler de la DO Montsant a Marçà (Priorat), marca Morlanda.",,+34977831309,morlanda@morlanda.es,http://www.morlanda.com/,,,https://www.google.com/maps/search/?api=1&query=Vi%C3%B1as%20del%20Montsant%2C%20Partida%20Coll%20de%20Mora%2C%20s%2Fn%2C%2043775%20Mar%C3%A7%C3%A0%2C%20Tarragona&query_place_id=ChIJXxifrvMwoRIRf4RXNiHI9_c,41.12666,0.8008,/productores/es/catalunya/tarragona/vinas-del-montsant-marca.webp,parcial,no comprobado,,
vinyes-den-gabriel-darmos,Vinyes d'en Gabriel,Darmós,Vino,Vinos DO Montsant,"Ctra. Darmós - La Serra, s/n, 43746 Darmós, Tarragona","Celler de la DO Montsant a Darmós (Tivissa, Ribera d'Ebre).",,+34609989345,info@vinyesdengabriel.com,https://www.vinyesdengabriel.com/,https://www.facebook.com/Vinyes-den-Gabriel-303697809681213/,https://www.instagram.com/vinyesdengabriel/,https://www.google.com/maps/search/?api=1&query=Vinyes%20d%27en%20Gabriel%2C%20Ctra.%20Darm%C3%B3s%20-%20La%20Serra%2C%20s%2Fn%2C%2043746%20Darm%C3%B3s%2C%20Tarragona&query_place_id=ChIJozSqegAloRIRggehNxHE4iQ,41.099618,0.70384,/productores/es/catalunya/tarragona/vinyes-den-gabriel-darmos.webp,verificado,no,,
vinyes-domenech-capcanes,Vinyes Domènech,Capçanes,Vino,Vinos DO Montsant,"Camí del Collet, km 3,8, 43776 Capçanes, Tarragona","Celler de la DO Montsant a Capçanes (Priorat), finca Mas del Gallo.",,+34671904946,edgar@vinyesdomenech.com,https://www.vinyesdomenech.com/,https://www.facebook.com/vinyesdomenech/,https://www.instagram.com/vinyesdomenech/,https://www.google.com/maps/search/?api=1&query=Vinyes%20Dom%C3%A8nech%2C%20Cam%C3%AD%20del%20Collet%2C%20km%203%2C8%2C%2043776%20Cap%C3%A7anes%2C%20Tarragona&query_place_id=ChIJ1T7V4ks6oRIRAi3FGZq7YM8,41.0957502,0.7905887,/productores/es/catalunya/tarragona/vinyes-domenech-capcanes.webp,verificado,sí,ecommerce,
celler-noguerals-cornudella-de-montsant,Celler Noguerals,Cornudella de Montsant,Vino,Vinos DO Montsant,"Carrer Tou, 5, 43360 Cornudella de Montsant, Tarragona",Celler de la DO Montsant a Cornudella de Montsant.,,+34650033546,cellernoguerals@gmail.com,https://www.cellernoguerals.com/,,https://www.instagram.com/noguerals/,https://www.google.com/maps/search/?api=1&query=Celler%20Noguerals%2C%20Carrer%20Tou%2C%205%2C%2043360%20Cornudella%20de%20Montsant%2C%20Tarragona&query_place_id=ChIJZXCnvVdLoRIRuK7fHRLcM4I,41.2656539,0.9063339,/productores/es/catalunya/tarragona/celler-noguerals-cornudella-de-montsant.webp,verificado,no comprobado,,
clos-mogador-gratallops,Clos Mogador,Gratallops,Vino,Vinos DO Montsant,"Camí Manyetes, s/n, 43737 Gratallops, Tarragona","Celler de referència de Gratallops (DOQ Priorat i DO Montsant), de René Barbier.",,+34977839171,closmogador@closmogador.com,https://www.closmogador.cat,https://www.facebook.com/Clos-Mogador-208061182644055/,https://www.instagram.com/clos_mogador/,https://www.google.com/maps/search/?api=1&query=Clos%20Mogador%2C%20Cam%C3%AD%20Manyetes%2C%20s%2Fn%2C%2043737%20Gratallops%2C%20Tarragona&query_place_id=ChIJeb_WiYsxoRIRT4HLlCuxI4I,41.1868365,0.7695791,/productores/es/catalunya/tarragona/clos-mogador-gratallops.webp,verificado,no,,
josep-grau-viticultor-capcanes,Josep Grau Viticultor,Capçanes,Vino,Vinos DO Montsant,"Polígon 3, Parcel·la 11, Paratge de les Taules, s/n, 43776 Capçanes, Tarragona","Celler de la DO Montsant a Capçanes (Priorat), de Josep Grau.",,,exec@josepgrauviticultor.com,https://www.josepgrauviticultor.com/,https://www.facebook.com/JGrauViticultor,https://www.instagram.com/jgrauviticultor,https://www.google.com/maps/search/?api=1&query=Josep%20Grau%20Viticultor%2C%20Pol%C3%ADgon%203%2C%20Parcel%C2%B7la%2011%2C%20Paratge%20de%20les%20Taules%2C%20s%2Fn%2C%2043776%20Cap%C3%A7anes%2C%20Tarragona&query_place_id=ChIJVdYp3ZAwoRIRz6NcJS7AWms,41.10063,0.78138,/productores/es/catalunya/tarragona/josep-grau-viticultor-capcanes.webp,verificado,sí,ecommerce,
adrets-del-priorat-torroja-del-priorat,Adrets del Priorat,Torroja del Priorat,Vino,Vinos DOQ Priorat,"Torroja del Priorat, Tarragona",Celler de la DOQ Priorat a Torroja del Priorat.,,,,,,,https://www.google.com/maps/search/?api=1&query=Adrets%20del%20Priorat%2C%20Torroja%20del%20Priorat%2C%20Tarragona&query_place_id=ChIJa_fB9OwzoRIRu2zLPmJM-Gw,41.2135,0.81041,,parcial,no comprobado,,
celler-lantic-magatzem-porrera,Celler l'Antic Magatzem,Porrera,Vino,Vinos DOQ Priorat,"Plaça de Catalunya, 3, 43739 Porrera, Tarragona","Celler familiar de la DOQ Priorat a Porrera (primera anyada 2022), d'Adrià Domènech; vi Ànima de Cal Pagès.",,+34616252345,celler@lanticmagatzem.com,https://www.lanticmagatzem.com/,,https://www.instagram.com/cellerlanticmagatzem/,https://www.google.com/maps/search/?api=1&query=Celler%20l%27Antic%20Magatzem%2C%20Pla%C3%A7a%20de%20Catalunya%2C%203%2C%2043739%20Porrera%2C%20Tarragona&query_place_id=ChIJ_8F0Egs3oRIR6OdRQ2dcMhs,41.18785,0.85647,/productores/es/catalunya/tarragona/celler-lantic-magatzem-porrera.webp,verificado,no,,
alicia-i-josep-viticultors-porrera,Alicia i Josep Viticultors,Porrera,Vino,Vinos DOQ Priorat,"Carretera T-740, km 8.1, 43739 Porrera, Tarragona","Celler de viticultura ecològica i regenerativa a Porrera (DOQ Priorat); vins Tentiber, Tossal i Perer.",,+34613018050,hola@ajv.wine,https://ajv.wine/,,https://www.instagram.com/ajvwine/,https://www.google.com/maps/search/?api=1&query=Alicia%20i%20Josep%20Viticultors%2C%20Carretera%20T-740%2C%20km%208.1%2C%2043739%20Porrera%2C%20Tarragona&query_place_id=ChIJvTV-LAI3oRIR3FdAhppoU7k,41.18901,0.85646,/productores/es/catalunya/tarragona/alicia-i-josep-viticultors-porrera.webp,verificado,sí,ecommerce,
alvarez-duran-porrera,Álvarez Duran,Porrera,Vino,Vinos DOQ Priorat,"Avinguda del Doctor Vidal i Barraquer, 2, 43739 Porrera, Tarragona","Celler familiar de la DOQ Priorat a Porrera, de Sal·lustià Àlvarez; vinyes de pissarra a Fonellàs i La Ràpita.",,+34696425829,info@alvarezduranpriorat.com,https://www.alvarezduranpriorat.com/,https://www.facebook.com/alvarezduranpriorat/,https://www.instagram.com/alvarezduranpriorat/,https://www.google.com/maps/search/?api=1&query=%C3%81lvarez%20Duran%2C%20Avinguda%20del%20Doctor%20Vidal%20i%20Barraquer%2C%202%2C%2043739%20Porrera%2C%20Tarragona&query_place_id=ChIJndHlgpo2oRIRfmV5cpyfQOU,41.18901,0.85646,,verificado,no,,
alvaro-palacios-gratallops,Álvaro Palacios,Gratallops,Vino,"L'Ermita, Finca Dofí, Les Terrasses","Polígon Industrial 6, parcel·la 26, 43737 Gratallops, Tarragona","Celler de referència de la DOQ Priorat a Gratallops (Álvaro Palacios); vins de culte L'Ermita, Finca Dofí i Les Terrasses.",,,,https://www.alvaropalacios.com/,,,https://www.google.com/maps/search/?api=1&query=%C3%81lvaro%20Palacios%2C%20Pol%C3%ADgon%20Industrial%206%2C%20parcel%C2%B7la%2026%2C%2043737%20Gratallops%2C%20Tarragona&query_place_id=ChIJ____-4sxoRIR8XmRcku67nE,41.19306,0.77638,/productores/es/catalunya/tarragona/alvaro-palacios-gratallops.webp,verificado,no,,
arrels-del-priorat-gratallops,Arrels del Priorat,Gratallops,Vino,Vinos rancios DOQ Priorat,"Carrer del Piró, 83, 43737 Gratallops, Tarragona","Celler de Gratallops (DOQ Priorat) especialitzat en vins rancis de garnatxa, fundat per Jaume Balaguer i René Barbier.",,+34977839004,jaume_balaguer@yahoo.es,,,,https://www.google.com/maps/search/?api=1&query=Arrels%20del%20Priorat%2C%20Carrer%20del%20Pir%C3%B3%2C%2083%2C%2043737%20Gratallops%2C%20Tarragona&query_place_id=ChIJAabNdYwxoRIR7bWLT8iQKFk,41.19312,0.77652,,parcial,no comprobado,,
atavus-priorat-gratallops,Atavus Priorat,Gratallops,Vino,Vinos DOQ Priorat,"Carretera T-710, km 8.3, 43737 Gratallops, Tarragona","Celler ecològic i biodinàmic de la DOQ Priorat a Gratallops, vins sense additius amb sala de tast.",,,,https://atavuspriorat.com/,https://www.facebook.com/Atavuspriorat,https://www.instagram.com/atavuspriorat/,https://www.google.com/maps/search/?api=1&query=Atavus%20Priorat%2C%20Carretera%20T-710%2C%20km%208.3%2C%2043737%20Gratallops%2C%20Tarragona&query_place_id=ChIJtRL2P3UxoRIRhAVCoAooVLw,41.19306,0.77638,,verificado,sí,ecommerce,
balaguer-i-cabre-gratallops,Celler Balaguer i Cabré,Gratallops,Vino,Vinos DOQ Priorat (garnatxa),"Carrer de la Font, 8, 43737 Gratallops, Tarragona","Celler familiar de Gratallops (DOQ Priorat), únic celler que només elabora monovarietals de garnatxa (Lluna Vella, Ruella).",,+34626175077,vins.jaume@yahoo.com,http://cellerbalaguercabre.blogspot.com/,https://www.facebook.com/CellerBalaguerCabre/,,https://www.google.com/maps/search/?api=1&query=Celler%20Balaguer%20i%20Cabr%C3%A9%2C%20Carrer%20de%20la%20Font%2C%208%2C%2043737%20Gratallops%2C%20Tarragona&query_place_id=ChIJJ5JvB4wxoRIRO2ArHDaTLKc,41.19252,0.77646,,verificado,no comprobado,,
celler-balmaprat-porrera,Celler BalmaPrat,Porrera,Vino,Vinos DOQ Priorat,"Carrer de Prat de la Riba, 7, 43739 Porrera, Tarragona","Petit celler familiar de Porrera (DOQ Priorat), fundat el 2008; vins Dempeus i La Parada de producció molt limitada.",,+34649688073,celler@balmaprat.cat,https://www.balmaprat.cat/,https://www.facebook.com/Celler-Balmaprat-173295212740047/,https://www.instagram.com/cellerbalmaprat/,https://www.google.com/maps/search/?api=1&query=Celler%20BalmaPrat%2C%20Carrer%20de%20Prat%20de%20la%20Riba%2C%207%2C%2043739%20Porrera%2C%20Tarragona&query_place_id=ChIJe8mVZZo2oRIRnwI4tgPQZPI,41.18768,0.85371,,verificado,no,,
bravo-escos-torroja-del-priorat,Bodega Bravo Escós,Torroja del Priorat,Vino,Vinos DOQ Priorat,"Partida Plans, polígon 4 parcel·la 116, 43737 Torroja del Priorat, Tarragona","Celler de la DOQ Priorat a Torroja del Priorat; vins de garnatxa, carinyena i varietats internacionals, amb sala de tast.",,+34675017698,info@bodegabravoescospriorat.com,https://www.bodegabravoescospriorat.com/,https://www.facebook.com/bodegabravoescospriorat,https://www.instagram.com/bodegabravoescospriorat/,https://www.google.com/maps/search/?api=1&query=Bodega%20Bravo%20Esc%C3%B3s%2C%20Partida%20Plans%2C%20pol%C3%ADgon%204%20parcel%C2%B7la%20116%2C%2043737%20Torroja%20del%20Priorat%2C%20Tarragona&query_place_id=ChIJmaCh1KYzoRIRz0AeR-IpQUY,41.2135,0.81041,/productores/es/catalunya/tarragona/bravo-escos-torroja-del-priorat.webp,verificado,sí,ecommerce,
bodegas-bg-gratallops,Bodegas B.G.,Gratallops,Vino,Vinos DOQ Priorat,"Carretera T-710, km 9,5, 43737 Gratallops, Tarragona",Celler familiar de Gratallops (DOQ Priorat) fundat el 1997 per la família Bordalás García; vins exportats a més de 17 països.,,+34977839434,bodega@bodegasbg.es,http://www.bodegasbg.es/,,,https://www.google.com/maps/search/?api=1&query=Bodegas%20B.G.%2C%20Carretera%20T-710%2C%20km%209%2C5%2C%2043737%20Gratallops%2C%20Tarragona&query_place_id=ChIJwTZk74sxoRIR4fCtfgaC_XE,41.19306,0.77638,,verificado,no comprobado,,
bodegas-mas-alta-la-vilella-alta,Bodegas Mas Alta,La Vilella Alta,Vino,"Els Pics, Artigas, La Creu Alta","Carretera T-702, km 16,8, 43375 La Vilella Alta, Tarragona","Celler de la DOQ Priorat a La Vilella Alta, fundat el 1999 per famílies belgues; vins Els Pics, Artigas i La Creu Alta.",,+34977054151,info@bodegasmasalta.com,https://www.bodegasmasalta.com/,,,https://www.google.com/maps/search/?api=1&query=Bodegas%20Mas%20Alta%2C%20Carretera%20T-702%2C%20km%2016%2C8%2C%2043375%20La%20Vilella%20Alta%2C%20Tarragona&query_place_id=ChIJoQlHp0EyoRIRrppq27tom-o,41.22543,0.78023,/productores/es/catalunya/tarragona/bodegas-mas-alta-la-vilella-alta.webp,verificado,sí,ecommerce,
bodegas-vinedos-cal-grau-el-molar,Bodegas y Viñedos de Cal Grau,El Molar,Vino,"Clos Badaceli, Petit Agnès, Les Ones","Carretera del Molar a El Lloar, km 10, 43736 El Molar, Tarragona","Celler de la DOQ Priorat a la finca La Solana (El Molar), del grup Vinos Iberian; vins Clos Badaceli i Petit Agnès.",,,,https://www.vinosiberian.com/,,,https://www.google.com/maps/search/?api=1&query=Bodegas%20y%20Vi%C3%B1edos%20de%20Cal%20Grau%2C%20Carretera%20del%20Molar%20a%20El%20Lloar%2C%20km%2010%2C%2043736%20El%20Molar%2C%20Tarragona&query_place_id=ChIJNxW1FvYuoRIRJnAEQ9eQI0g,41.16352,0.70604,,parcial,no comprobado,,
buil-gine-gratallops,Buil & Giné,Gratallops,Vino,"Giné Giné, Joan Giné, Pleret","Carretera Gratallops-La Vilella Baixa, km 11,5, 43737 Gratallops, Tarragona","Celler i hotel de la DOQ Priorat a Gratallops (des de 1997), amb botiga pròpia; vins Giné Giné, Joan Giné i Pleret.",,+34977839810,info@builgine.com,http://www.builgine.com/,https://www.facebook.com/builgine,https://www.instagram.com/builgine/,https://www.google.com/maps/search/?api=1&query=Buil%20%26%20Gin%C3%A9%2C%20Carretera%20Gratallops-La%20Vilella%20Baixa%2C%20km%2011%2C5%2C%2043737%20Gratallops%2C%20Tarragona&query_place_id=ChIJwQY6qyMyoRIR6l_QxAk2Cvs,41.19306,0.77638,/productores/es/catalunya/tarragona/buil-gine-gratallops.webp,verificado,sí,ecommerce,
burgos-porta-mas-sinen-poboleda,Celler Burgos Porta - Mas Sinén,Poboleda,Vino,"Mas Sinén, Mas Sinén Coster","Mas Sinén, s/n, 43376 Poboleda, Tarragona",Celler familiar ecològic de la DOQ Priorat a Poboleda (Mas Sinén); vins Mas Sinén i Mas Sinén Coster.,,+34696094509,burgosporta@massinen.com,https://massinen.com/,https://www.facebook.com/burgosporta/,https://www.instagram.com/mas_sinen/,https://www.google.com/maps/search/?api=1&query=Celler%20Burgos%20Porta%20-%20Mas%20Sin%C3%A9n%2C%20Mas%20Sin%C3%A9n%2C%20s%2Fn%2C%2043376%20Poboleda%2C%20Tarragona&query_place_id=ChIJe4gI_Wg0oRIRTw_Si9vINJc,41.22512,0.84574,/productores/es/catalunya/tarragona/burgos-porta-mas-sinen-poboleda.webp,verificado,sí,ecommerce,
cal-batllet-ripoll-sans-gratallops,Cal Batllet - Celler Ripoll Sans,Gratallops,Vino,"Closa Batllet, 5 Partides","Carrer Baixada de la Consolació, 4, 43737 Gratallops, Tarragona","Celler familiar ecològic de Gratallops (DOQ Priorat), de Marc Ripoll Sans; vins Closa Batllet i 5 Partides de vinyes velles.",,+34687638951,,,https://www.facebook.com/calbatllet/,,https://www.google.com/maps/search/?api=1&query=Cal%20Batllet%20-%20Celler%20Ripoll%20Sans%2C%20Carrer%20Baixada%20de%20la%20Consolaci%C3%B3%2C%204%2C%2043737%20Gratallops%2C%20Tarragona&query_place_id=ChIJoQX2bokxoRIRuXf_uzjm0-k,41.19306,0.77638,,verificado,no comprobado,,
casa-gran-del-siurana-bellmunt-del-priorat,Casa Gran del Siurana,Bellmunt del Priorat,Vino,"GR-174, Cruïlla","Plaça del Sindicat, 43738 Bellmunt del Priorat, Tarragona","Celler de la DOQ Priorat a Bellmunt del Priorat, del grup Castillo Perelada (família Suqué Mateu); vins GR-174 i Cruïlla.",,+34932233022,perelada@castilloperelada.com,http://www.casagrandelsiurana.com/,,,https://www.google.com/maps/search/?api=1&query=Casa%20Gran%20del%20Siurana%2C%20Pla%C3%A7a%20del%20Sindicat%2C%2043738%20Bellmunt%20del%20Priorat%2C%20Tarragona&query_place_id=ChIJrVug184xoRIRVlwtmwF0ZGQ,41.16343,0.76593,,verificado,sí,ecommerce,
castelo-de-pedregosa-bellmunt-del-priorat,Castelo de Pedregosa (Celler Nûr),Bellmunt del Priorat,Vino,Celler Nûr DOQ Priorat,"Bellmunt del Priorat, Tarragona","Projecte a la DOQ Priorat (Celler Nûr, Bellmunt del Priorat) del celler Castelo de Pedregosa, casa de cava del Penedès; botiga online pròpia.",,+34628221514,,https://www.castelodepedregosa.com/,,,https://www.google.com/maps/search/?api=1&query=Castelo%20de%20Pedregosa%20%28Celler%20N%C3%BBr%29%2C%20Bellmunt%20del%20Priorat%2C%20Tarragona&query_place_id=ChIJo230GQYxoRIRYtFnKMWAA10,41.16383,0.76546,/productores/es/catalunya/tarragona/castelo-de-pedregosa-bellmunt-del-priorat.webp,parcial,sí,ecommerce,
celler-ardevol-i-associats-porrera,Celler Ardèvol i Associats,Porrera,Vino,"Anjoli, Coma d'en Romeu, Terra d'Hom","Carrer de la Barceloneta, 14, 43739 Porrera, Tarragona","Celler familiar de la DOQ Priorat a Porrera, de la família Ardèvol; vins Anjoli, Coma d'en Romeu i Terra d'Hom.",,+34639853282,cellerardevol@yahoo.es,http://www.cellerardevol.cat/,,,https://www.google.com/maps/search/?api=1&query=Celler%20Ard%C3%A8vol%20i%20Associats%2C%20Carrer%20de%20la%20Barceloneta%2C%2014%2C%2043739%20Porrera%2C%20Tarragona&query_place_id=ChIJm76pxW03oRIR-07C0iYMNX8,41.18840,0.85743,,verificado,no comprobado,,
celler-cal-pla-porrera,Celler Cal Pla,Porrera,Vino,"Mas d'en Compte, Black Slate","Carrer Prat de la Riba, 1, 43739 Porrera, Tarragona","Celler familiar de Porrera (DOQ Priorat) fundat el 1814, set generacions de viticultors; vins Mas d'en Compte i Black Slate.",,+34977828125,info@cellercalpla.com,https://cellercalpla.com/,,,https://www.google.com/maps/search/?api=1&query=Celler%20Cal%20Pla%2C%20Carrer%20Prat%20de%20la%20Riba%2C%201%2C%2043739%20Porrera%2C%20Tarragona&query_place_id=ChIJs1u5C3A3oRIRXiD84lRKlMI,41.18768,0.85371,/productores/es/catalunya/tarragona/celler-cal-pla-porrera.webp,verificado,no comprobado,,
celler-castellet-porrera,Celler Castellet,Porrera,Vino,"L'Empit, Ferral Castellet","Carrer Font de Dalt, 11, 43739 Porrera, Tarragona",Celler familiar de Porrera (DOQ Priorat) fundat el 2005; vins L'Empit i Ferral de sòls de llicorella.,,+34977828044,,http://www.cellercastellet.cat/,,,,41.18901,0.85646,/productores/es/catalunya/tarragona/celler-castellet-porrera.webp,verificado,no comprobado,,
celler-cecilio-gratallops,Celler Cecilio,Gratallops,Vino,"L'Espill, Cecilio","Carrer del Piró, 28, 43737 Gratallops, Tarragona",Celler familiar de Gratallops (DOQ Priorat) elaborant vins des de 1942 (família Vicent); botiga online pròpia.,,+34977839507,celler@cellercecilio.com,https://cellercecilio.com/,,,https://www.google.com/maps/search/?api=1&query=Celler%20Cecilio%2C%20Carrer%20del%20Pir%C3%B3%2C%2028%2C%2043737%20Gratallops%2C%20Tarragona&query_place_id=ChIJh7dSCcUxoRIRGQPckgTktYs,41.19312,0.77652,/productores/es/catalunya/tarragona/celler-cecilio-gratallops.webp,verificado,sí,ecommerce,
celler-cesca-vicent-gratallops,Celler Cesca Vicent,Gratallops,Vino,"Mas d'en Corral, Cesca Vicent","Carretera de la Vilella (T-710, km 9,5), 43737 Gratallops, Tarragona","Celler ecològic de Gratallops (DOQ Priorat) de Francesca «Cesca» Vicent, finca Mas d'en Corral; cinquena generació.",,+34610231343,info@cescavicent.com,https://cescavicent.com/,,https://www.instagram.com/cellercescavicent/,https://www.google.com/maps/search/?api=1&query=Celler%20Cesca%20Vicent%2C%20Carretera%20de%20la%20Vilella%20%28T-710%2C%20km%209%2C5%29%2C%2043737%20Gratallops%2C%20Tarragona&query_place_id=ChIJT5IOfowxoRIRg0lWMkpL7oo,41.19306,0.77638,,verificado,no comprobado,,
celler-clos-93-el-lloar,Celler Clos 93,El Lloar,Vino,"L'Interrogant, L'Exclamació","Carrer del Riu (Pàrquing Municipal L'Arenal), 43737 El Lloar, Tarragona","Petit celler de la DOQ Priorat a El Lloar, fundat el 2010; vins L'Interrogant i L'Exclamació, amb botiga online.",,+34665287433,clos93@clos93.com,https://clos93.com/,,https://www.instagram.com/clos93doqpriorat/,https://www.google.com/maps/search/?api=1&query=Celler%20Clos%2093%2C%20Carrer%20del%20Riu%20%28P%C3%A0rquing%20Municipal%20L%27Arenal%29%2C%2043737%20El%20Lloar%2C%20Tarragona&query_place_id=ChIJpV-M-BwuoRIR4OfBuvc9tnE,41.18514,0.75141,/productores/es/catalunya/tarragona/celler-clos-93-el-lloar.webp,verificado,sí,ecommerce,
celler-cristian-frances-breto-torroja-del-priorat,Celler Cristian Francès Bretó,Torroja del Priorat,Vino,Vinos DOQ Priorat,"Carrer de l'Hospital, 14, 43737 Torroja del Priorat, Tarragona","Projecte familiar de la DOQ Priorat a Torroja del Priorat, de Cristian Francès; venda directa al celler.",,+34689321108,cristianfrancesbreton@gmail.com,,,,,41.21273,0.81106,,parcial,no comprobado,,
celler-crivelle-i-valls-poboleda,Celler Crivellé i Valls,Poboleda,Vino,"Xènia, Lo Flipat, Llàgrimes del Priorat","Carrer Nou, 65B, 43376 Poboleda, Tarragona","Petit celler familiar de Poboleda (DOQ Priorat) d'agricultura regenerativa; vins Xènia, Lo Flipat i Llàgrimes del Priorat, botiga online.",,+34650710820,cellercrivelleivalls@gmail.com,https://crivelleivalls.com/,,,https://www.google.com/maps/search/?api=1&query=Celler%20Crivell%C3%A9%20i%20Valls%2C%20Carrer%20Nou%2C%2065B%2C%2043376%20Poboleda%2C%20Tarragona&query_place_id=ChIJ7-eZW2E0oRIRmsoRc71qMlo,41.23240,0.84488,,verificado,sí,ecommerce,
celler-de-lencastell-porrera,Celler de l'Encastell,Porrera,Vino,"Roquers de Porrera, Marge","Carrer del Castell, 7, 43739 Porrera, Tarragona","Petit celler familiar de Porrera (DOQ Priorat); vins Roquers de Porrera i Marge, amb botiga online pròpia.",,+34630941959,roquers@roquers.com,https://www.roquers.com/,,,https://www.google.com/maps/search/?api=1&query=Celler%20de%20l%27Encastell%2C%20Carrer%20del%20Castell%2C%207%2C%2043739%20Porrera%2C%20Tarragona&query_place_id=ChIJZbGeQZo2oRIRk_UgALcajYU,41.18942,0.85618,,verificado,sí,ecommerce,
celler-escoda-palleja-torroja-del-priorat,Celler Escoda Pallejà,Torroja del Priorat,Vino,Palet,"Carrer de la Font, 16, 43737 Torroja del Priorat, Tarragona","Petit celler familiar de la DOQ Priorat a Torroja del Priorat (família Escoda-Pallejà), fundat el 2008; vi Palet.",,+34977839200,rescoda@hotmail.com,https://cellerescodapalleja.blogspot.com/,,,https://www.google.com/maps/search/?api=1&query=Celler%20Escoda%20Pallej%C3%A0%2C%20Carrer%20de%20la%20Font%2C%2016%2C%2043737%20Torroja%20del%20Priorat%2C%20Tarragona&query_place_id=ChIJs1pQFRozoRIRmwgPBsN7j7Y,41.21242,0.81170,,parcial,no comprobado,,
celler-familia-nin-ortiz-falset,Celler Família Nin Ortiz,Falset,Vino,"Nit de Nin, Planetes de Nin","Finca Les Planetes, T-740 km 8, 43730 Falset, Tarragona","Celler biodinàmic de la DOQ Priorat (Esther Nin i Carles Ortiz) a la Finca Les Planetes, Falset; vins Nit de Nin i Planetes de Nin.",,+34609379764,,https://familianinortiz.com/,https://www.facebook.com/cellerninortiz,https://www.instagram.com/cellerninortiz/,https://www.google.com/maps/search/?api=1&query=Celler%20Fam%C3%ADlia%20Nin%20Ortiz%2C%20Finca%20Les%20Planetes%2C%20T-740%20km%208%2C%2043730%20Falset%2C%20Tarragona&query_place_id=ChIJT4dGoMo3oRIR0tvr5gKmHio,41.14619,0.82008,,verificado,no comprobado,,
celler-familia-sedo-barcelo-bellmunt-del-priorat,Celler Família Sedó Barceló,Bellmunt del Priorat,Vino,Vinos DOQ Priorat,"Carrer dels Masets, 15, 43738 Bellmunt del Priorat, Tarragona","Celler familiar de la DOQ Priorat a Bellmunt del Priorat (família Sedó Barceló, des de 2007), amb botiga de pagès Lo Cistell del Pagès.",,+34650930915,,https://sedobarcelopriorat.dopriorat.com,https://www.facebook.com/cellersedobarcelo/,,,41.16318,0.76641,,verificado,no comprobado,,
celler-joan-simo-porrera,Celler Joan Simó,Porrera,Vino,"Les Eres, Les Sentius","Carrer Onze de Setembre, 5, 43739 Porrera, Tarragona",Celler familiar de Porrera (DOQ Priorat) des de 1999; vins Les Eres i Les Sentius de garnatxa i carinyena de vinyes velles.,,+34977830993,,https://www.cellerjoansimo.com/,,,https://www.google.com/maps/search/?api=1&query=Celler%20Joan%20Sim%C3%B3%2C%20Carrer%20Onze%20de%20Setembre%2C%205%2C%2043739%20Porrera%2C%20Tarragona&query_place_id=ChIJG7TQv243oRIRDNbG4LTUBxM,41.18835,0.85636,/productores/es/catalunya/tarragona/celler-joan-simo-porrera.webp,verificado,no,,
celler-jordi-domenech-poboleda,Celler Jordi Domènech,Poboleda,Vino,"Clos Penat, Petit Clos Penat","Carrer de Sant Jaume, 4, 43376 Poboleda, Tarragona","Petit celler de la DOQ Priorat a Poboleda (Jordi Domènech, des de 2006); vins Clos Penat i Petit Clos Penat.",,+34646169210,,,,,https://www.google.com/maps/search/?api=1&query=Celler%20Jordi%20Dom%C3%A8nech%2C%20Carrer%20de%20Sant%20Jaume%2C%204%2C%2043376%20Poboleda%2C%20Tarragona&query_place_id=ChIJTevmB2E0oRIRvUvM54bUBOw,41.23538,0.84511,,parcial,no comprobado,,
celler-lo-la-vilella-baixa,Celler Lo,La Vilella Baixa,Vino,"Lo Blanc, Lo Màgic, Lo Temps","Carrer de Catalunya, 25, 43374 La Vilella Baixa, Tarragona","Petit celler de la DOQ Priorat a La Vilella Baixa (des de 2004), a l'antic sindicat agrícola; vins Lo Blanc, Lo Màgic i Lo Temps.",,+34609863287,info@celler-lo.com,http://www.celler-lo.com,https://www.facebook.com/CellerLo/,,https://www.google.com/maps/search/?api=1&query=Celler%20Lo%2C%20Carrer%20de%20Catalunya%2C%2025%2C%2043374%20La%20Vilella%20Baixa%2C%20Tarragona&query_place_id=ChIJR9COTG0yoRIRmG1OKjEDbc8,41.21781,0.76380,,verificado,no comprobado,,
celler-mas-de-les-pereres-poboleda,Celler Mas de les Pereres,Poboleda,Vino,"Nunci, Nuncito","Mas de les Pereres, s/n, 43376 Poboleda, Tarragona",Celler de la DOQ Priorat a Poboleda fundat el 1999 per Dirk Hoet (marca Nunci); vins Nunci i Nuncito.,,+34977827257,dirk@nunci.com,http://www.nunci.com/,,,https://www.google.com/maps/search/?api=1&query=Celler%20Mas%20de%20les%20Pereres%2C%20Mas%20de%20les%20Pereres%2C%20s%2Fn%2C%2043376%20Poboleda%2C%20Tarragona&query_place_id=ChIJVVVVBWE0oRIRdMb2PNcEndQ,41.23457,0.84575,/productores/es/catalunya/tarragona/celler-mas-de-les-pereres-poboleda.webp,verificado,no comprobado,,
celler-mas-den-blei-la-morera-de-montsant,Mas d'en Blei,La Morera de Montsant,Vino,"Blei, Mas d'en Blei PX","Mas d'en Blei, s/n, 43361 La Morera de Montsant, Tarragona","Celler ecològic de la DOQ Priorat a La Morera de Montsant (família Ferrús Guasch, masia de 1756); botiga online pròpia.",,+34686246679,info@masdenblei.com,https://www.masdenblei.com/,https://www.facebook.com/Mas-den-Blei-DOQ-Priorat-553931508060992/,https://www.instagram.com/mas_den_blei/,https://www.google.com/maps/search/?api=1&query=Mas%20d%27en%20Blei%2C%20Mas%20d%27en%20Blei%2C%20s%2Fn%2C%2043361%20La%20Morera%20de%20Montsant%2C%20Tarragona&query_place_id=ChIJ_53v0VI0oRIRXZKWv94zpJs,41.26498,0.84175,/productores/es/catalunya/tarragona/celler-mas-den-blei-la-morera-de-montsant.webp,verificado,sí,ecommerce,
celler-mas-doix-poboleda,Celler Mas Doix,Poboleda,Vino,"Doix, Salanques, Les Crestes","Carretera T-702, km 4, 43376 Poboleda, Tarragona","Celler de referència de la DOQ Priorat a Poboleda (família Llagostera, des de 1998); vins Doix, Salanques i Les Crestes, botiga online.",,+34977266618,info@masdoix.com,https://masdoix.com/,https://www.facebook.com/masdoix,https://www.instagram.com/masdoixwinery/,https://www.google.com/maps/search/?api=1&query=Celler%20Mas%20Doix%2C%20Carretera%20T-702%2C%20km%204%2C%2043376%20Poboleda%2C%20Tarragona&query_place_id=ChIJbz5C-WA0oRIRp024gl8ArLw,41.23457,0.84575,/productores/es/catalunya/tarragona/celler-mas-doix-poboleda.webp,verificado,sí,ecommerce,
celler-pasanau-la-morera-de-montsant,Celler Pasanau,La Morera de Montsant,Vino,"Ceps Nous, La Planeta, Finca La Planeta","Carrer de la Bassa, s/n, 43361 La Morera de Montsant, Tarragona","Celler familiar de la DOQ Priorat a La Morera de Montsant; vins Ceps Nous, La Planeta i Finca La Planeta.",,+34977827202,informacion@cellerpasanau.com,http://www.cellerpasanau.com/,,,https://www.google.com/maps/search/?api=1&query=Celler%20Pasanau%2C%20Carrer%20de%20la%20Bassa%2C%20s%2Fn%2C%2043361%20La%20Morera%20de%20Montsant%2C%20Tarragona&query_place_id=ChIJ__-z8Lo0oRIR6aBkflNMTao,41.26570,0.84090,/productores/es/catalunya/tarragona/celler-pasanau-la-morera-de-montsant.webp,verificado,sí,ecommerce,
cellers-grifoll-declara-el-molar,Cellers Grifoll Declara,El Molar,Vino,"Predicat, Gran Predicat","Carrer de la Font, 8, 43736 El Molar, Tarragona","Celler familiar de la DOQ Priorat a El Molar, cinc generacions des de 1880; vins Predicat i Gran Predicat.",,+34977825149,,https://cgrifolldeclara.com/,,https://www.instagram.com/grifolldeclara/,https://www.google.com/maps/search/?api=1&query=Cellers%20Grifoll%20Declara%2C%20Carrer%20de%20la%20Font%2C%208%2C%2043736%20El%20Molar%2C%20Tarragona&query_place_id=ChIJO1hX1-QuoRIRePs05eBpjdA,41.16534,0.70554,/productores/es/catalunya/tarragona/cellers-grifoll-declara-el-molar.webp,verificado,no comprobado,,
celler-bartolome-bellmunt-del-priorat,Celler Bartolomé,Bellmunt del Priorat,Vino,"Primitiu de Bellmunt, Clos Bartolomé","Carrer Major, 23, 43738 Bellmunt del Priorat, Tarragona",Celler familiar de la DOQ Priorat a Bellmunt del Priorat (família Bartolomé); vins Primitiu de Bellmunt i Clos Bartolomé.,,+34977830632,info@cellerbartolome.com,https://www.cellerbartolome.com/,https://www.facebook.com/cellerbartolome/,https://www.instagram.com/cellerbartolome/,https://www.google.com/maps/search/?api=1&query=Celler%20Bartolom%C3%A9%2C%20Carrer%20Major%2C%2023%2C%2043738%20Bellmunt%20del%20Priorat%2C%20Tarragona&query_place_id=ChIJOUE_xc4xoRIRowCAVQWTY-Y,41.16475,0.76690,/productores/es/catalunya/tarragona/celler-bartolome-bellmunt-del-priorat.webp,verificado,no,,
celler-sabate-la-vilella-baixa,Celler Sabaté,La Vilella Baixa,Vino,"La Plantadeta, Mas d'en Bernat","Carrer Nou, 6, 43374 La Vilella Baixa, Tarragona",Petit celler familiar de la DOQ Priorat a La Vilella Baixa des de 1910; vins La Plantadeta i Mas d'en Bernat.,,+34977839209,cellersabate@cellersabate.com,https://cellersabate.com/,,,https://www.google.com/maps/search/?api=1&query=Celler%20Sabat%C3%A9%2C%20Carrer%20Nou%2C%206%2C%2043374%20La%20Vilella%20Baixa%2C%20Tarragona&query_place_id=ChIJa7L6gm0yoRIRFYXAwllWsIY,41.22040,0.76384,,verificado,sí,ecommerce,
celler-xavier-artiol-falset,Celler Xavier Artiol - Vins Mas Carlets,Falset,Vino,Dragons de Mas Carlets,"Carretera de Porrera a Falset (Mas Carlets), s/n, 43730 Falset, Tarragona","Petit celler ecològic de la DOQ Priorat als Masos (Falset), de Xavier Artiol; vi Dragons de Mas Carlets.",,+34649343302,,,,,https://www.google.com/maps/search/?api=1&query=Celler%20Xavier%20Artiol%20-%20Vins%20Mas%20Carlets%2C%20Carretera%20de%20Porrera%20a%20Falset%20%28Mas%20Carlets%29%2C%20s%2Fn%2C%2043730%20Falset%2C%20Tarragona&query_place_id=ChIJadoh2fU3oRIR5jH1i8faIAs,41.14619,0.82008,,parcial,no comprobado,,
cellers-capafons-osso-falset,Cellers Capafons-Ossó,Falset,Vino,"Mas de Masos, Roigenc","Camí Vell de Gratallops (Finca Masia Esplanes), s/n, 43730 Falset, Tarragona","Celler familiar de Falset amb vins de la DOQ Priorat i la DO Montsant (Mas de Masos), a la finca Masia Esplanes.",,+34977831201,cellers@capafons-osso.com,http://www.capafons-osso.cat/,https://www.facebook.com/cellers.capafonsosso/,,https://www.google.com/maps/search/?api=1&query=Cellers%20Capafons-Oss%C3%B3%2C%20Cam%C3%AD%20Vell%20de%20Gratallops%20%28Finca%20Masia%20Esplanes%29%2C%20s%2Fn%2C%2043730%20Falset%2C%20Tarragona&query_place_id=ChIJz7TQJ84woRIRBIYIHwtvDG8,41.14619,0.82008,,verificado,no comprobado,,
cartoixa-de-montsalvat-la-vilella-alta,Cartoixa de Montsalvat,La Vilella Alta,Vino,"Montsalvat, Blanc de Montsalvat","Carrer de l'Ereta, 10, 43375 La Vilella Alta, Tarragona",Celler de la DOQ Priorat a La Vilella Alta; vins Montsalvat i Blanc de Montsalvat.,,+34977839299,info@montsalvat.eu,https://www.cartoixademontsalvat.com/,https://www.facebook.com/cartoixademontsalvat,https://www.instagram.com/cartoixa_montsalvat/,https://www.google.com/maps/search/?api=1&query=Cartoixa%20de%20Montsalvat%2C%20Carrer%20de%20l%27Ereta%2C%2010%2C%2043375%20La%20Vilella%20Alta%2C%20Tarragona&query_place_id=ChIJx6NgD0UyoRIR6_Ks87Js7Go,41.22587,0.77982,,verificado,no,,
cellers-de-scala-dei-la-morera-de-montsant,Cellers de Scala Dei,La Morera de Montsant,Vino,"Scala Dei Prior, Cartoixa, Sant Antoni","Rambla de la Cartoixa, s/n, 43379 Escaladei (La Morera de Montsant), Tarragona","Celler històric de la DOQ Priorat a Escaladei (La Morera de Montsant), bressol del Priorat; botiga online pròpia.",,+34977827027,info@cellersdescaladei.com,https://cellersdescaladei.com/,https://www.facebook.com/cellersdescaladei/,https://www.instagram.com/cellersscaladei/,https://www.google.com/maps/search/?api=1&query=Cellers%20de%20Scala%20Dei%2C%20Rambla%20de%20la%20Cartoixa%2C%20s%2Fn%2C%2043379%20Escaladei%20%28La%20Morera%20de%20Montsant%29%2C%20Tarragona&query_place_id=ChIJwTZZXG0zoRIR2ShXDXdOSZk,41.24760,0.81137,,verificado,sí,ecommerce,
cellers-melis-torroja-del-priorat,Cellers Melis,Torroja del Priorat,Vino,"Melis, Elix, Obrador","Carrer de la Bassa, 9, 43737 Torroja del Priorat, Tarragona","Celler ecològic de la DOQ Priorat a Torroja del Priorat des de 1999; vins Melis, Elix i Obrador.",,+34937313021,javier@melispriorat.com,https://melispriorat.com/,,,,41.21280,0.81020,,verificado,no comprobado,,
cellers-sabate-franquet-torroja-del-priorat,Cellers Sabaté Franquet,Torroja del Priorat,Vino,Berta Franquet,"Carrer de l'Era, 25, 43737 Torroja del Priorat, Tarragona",Petit celler familiar de la DOQ Priorat a Torroja del Priorat (família Sabaté Franquet); vi de vila Berta Franquet.,,+34977839337,cellersabatefranquet@hotmail.com,http://www.cellerssabatefranquet.com/,,,,41.21354,0.81161,,verificado,no comprobado,,
cellers-tane-poboleda,Cellers Tané,Poboleda,Vino,"Tane, El Tresor del Priorat","Mas Borràs, s/n, 43376 Poboleda, Tarragona","Celler familiar de la DOQ Priorat a Poboleda (família Borràs), després de quatre generacions de viticultors; vins Tane.",,+34607338811,info@tanevins.com,https://www.tanevins.com/,,,,41.23457,0.84575,,verificado,no comprobado,,
cims-de-porrera-porrera,Cims de Porrera,Porrera,Vino,"Cims de Porrera Clàssic, Solanes","Carretera de Torroja, s/n, 43739 Porrera, Tarragona","Celler de la DOQ Priorat a Porrera (des de 1996), recuperant vinyes velles de carinyena i garnatxa; botiga online pròpia.",,+34977828233,info@cimsdeporrera.com,https://www.cimsdeporrera.com/,,,https://www.google.com/maps/search/?api=1&query=Cims%20de%20Porrera%2C%20Carretera%20de%20Torroja%2C%20s%2Fn%2C%2043739%20Porrera%2C%20Tarragona&query_place_id=ChIJ7RaZuA03oRIRy1orKflWdkg,41.19222,0.82817,,verificado,sí,ecommerce,
clos-berenguer-el-molar,Clos Berenguer,El Molar,Vino,Clos Berenguer Selecció,"Carretera T-734 del Masroig, km 8,3, 43736 El Molar, Tarragona","Celler familiar de la DOQ Priorat a El Molar (des de 1999), amb vinyes velles a finca pròpia; botiga online.",,+34606453536,closberenguer@gmail.com,https://www.closberenguer.com/,https://www.facebook.com/profile.php?id=61553690490229,,https://www.google.com/maps/search/?api=1&query=Clos%20Berenguer%2C%20Carretera%20T-734%20del%20Masroig%2C%20km%208%2C3%2C%2043736%20El%20Molar%2C%20Tarragona&query_place_id=ChIJfTPyg6cvoRIRofE19cXiNuk,41.16352,0.70604,,verificado,sí,ecommerce,
costers-del-siurana-gratallops,Costers del Siurana,Gratallops,Vino,"Clos de l'Obac, Miserere, Kyrie","Camí de les Manyetes, s/n, 43737 Gratallops, Tarragona","Celler de referència de la DOQ Priorat a Gratallops (Carles Pastrana), pioner dels anys 80; vins Clos de l'Obac, Miserere i Kyrie.",,+34977839276,info@costersdelsiurana.com,https://obac.es/,,,https://www.google.com/maps/search/?api=1&query=Costers%20del%20Siurana%2C%20Cam%C3%AD%20de%20les%20Manyetes%2C%20s%2Fn%2C%2043737%20Gratallops%2C%20Tarragona&query_place_id=ChIJqSMRNokxoRIRqySupdCD1uk,41.18684,0.76958,,verificado,no comprobado,,
clos-de-lona-gratallops,Clos de l'Ona,Gratallops,Vino,Clos de l'Ona,"Gratallops, Tarragona","Petit projecte de la DOQ Priorat de Joan Farreras (vi de vila Gratallops), elaborat amb vinyes velles de Torroja.",,,,,,,https://www.google.com/maps/search/?api=1&query=Clos%20de%20l%27Ona%2C%20Gratallops%2C%20Tarragona&query_place_id=ChIJn23mu1U6fCIRTDmc4zEKqsg,41.19306,0.77638,,parcial,no comprobado,,
clos-dominic-porrera,Clos Dominic,Porrera,Vino,"Vinyes Altes, La Tena","Carrer Prat de la Riba, 3, 43739 Porrera, Tarragona","Petit celler familiar de la DOQ Priorat a Porrera (des de 1998); vins Vinyes Altes de la finca La Tena, de vinyes centenàries.",,+34977828215,clos_dominic@hotmail.com,,,,https://www.google.com/maps/search/?api=1&query=Clos%20Dominic%2C%20Carrer%20Prat%20de%20la%20Riba%2C%203%2C%2043739%20Porrera%2C%20Tarragona&query_place_id=ChIJaZfGY5o2oRIRym_bjxYia8I,41.18768,0.85371,,parcial,no comprobado,,
clos-figueras-gratallops,Clos Figueras,Gratallops,Vino,"Clos Figueres, Font de la Figuera","Carrer de la Font, 38, 43737 Gratallops, Tarragona","Celler de la DOQ Priorat a Gratallops (família Cannan, des de 1997), amb restaurant i allotjament; botiga online pròpia.",,+34977830217,info@closfigueras.com,https://www.closfigueras.info/,,,https://www.google.com/maps/search/?api=1&query=Clos%20Figueras%2C%20Carrer%20de%20la%20Font%2C%2038%2C%2043737%20Gratallops%2C%20Tarragona&query_place_id=ChIJbxyur44xoRIRXNkeCQwLOTg,41.19219,0.77742,/productores/es/catalunya/tarragona/clos-figueras-gratallops.webp,verificado,sí,ecommerce,
clos-i-terrasses-gratallops,Clos i Terrasses,Gratallops,Vino,"Clos Erasmus, Laurel","Carrer de la Font, 1, 43737 Gratallops, Tarragona",Celler de culte de la DOQ Priorat a Gratallops (Daphne Glorian); vins Clos Erasmus i Laurel de producció molt limitada.,,+34977054886,,,,,https://www.google.com/maps/search/?api=1&query=Clos%20i%20Terrasses%2C%20Carrer%20de%20la%20Font%2C%201%2C%2043737%20Gratallops%2C%20Tarragona&query_place_id=ChIJnZLVOIkxoRIRGT3r_h2uqdc,41.19287,0.77694,,parcial,no comprobado,,
clos-pachem-gratallops,Clos Pachem,Gratallops,Vino,Clos Pachem,"Carrer de la Font, 1D, 43737 Gratallops, Tarragona","Celler de vins naturals de la DOQ Priorat al centre de Gratallops (Michel Grupper), amb vinificació sostenible; botiga online.",,+34621229185,admin@clospachem.com,https://www.clospachem.com/,https://www.facebook.com/clospachem-105957717813373/,https://www.instagram.com/clospachem/,https://www.google.com/maps/search/?api=1&query=Clos%20Pachem%2C%20Carrer%20de%20la%20Font%2C%201D%2C%2043737%20Gratallops%2C%20Tarragona&query_place_id=ChIJ9zyHmTcxoRIRHXQklsJqLXs,41.19287,0.77694,/productores/es/catalunya/tarragona/clos-pachem-gratallops.webp,verificado,sí,ecommerce,
costers-del-priorat-el-molar,Costers del Priorat,El Molar,Vino,"Clos Cypres, Pissarres, Petit","Mas dels Frares, s/n, 43736 El Molar, Tarragona","Celler de la DOQ Priorat amb vinyes en vuit pobles del Priorat; vins Clos Cypres i Pissarres, botiga online pròpia.",,+34650196146,info@costersdelpriorat.com,https://www.costersdelpriorat.com/,https://www.facebook.com/costersdelpriorat/,https://www.instagram.com/costersdelpriorat/,https://www.google.com/maps/search/?api=1&query=Costers%20del%20Priorat%2C%20Mas%20dels%20Frares%2C%20s%2Fn%2C%2043736%20El%20Molar%2C%20Tarragona&query_place_id=ChIJi808ra8voRIR-DCFTlcBsMc,41.16352,0.70604,/productores/es/catalunya/tarragona/costers-del-priorat-el-molar.webp,verificado,sí,ecommerce,
celler-devinssi-gratallops,Celler Devinssi,Gratallops,Vino,"Il·lia, Rocapoll, Mas de les Valls","Carrer dels Masets, 1, 43737 Gratallops, Tarragona","Petit celler artesà de la DOQ Priorat a Gratallops (des de 2000, Josep Roca); vins Il·lia, Rocapoll i Mas de les Valls.",,+34608783094,info@devinssi.com,https://devinssi.com/,https://www.facebook.com/CellerDevinssiDOQPriorat/,,https://www.google.com/maps/search/?api=1&query=Celler%20Devinssi%2C%20Carrer%20dels%20Masets%2C%201%2C%2043737%20Gratallops%2C%20Tarragona&query_place_id=ChIJTTuKTYkxoRIRohk1GOptbw8,41.19306,0.77638,,verificado,no,,
domaines-magrez-espagne-porrera,Domaines Magrez Espagne,Porrera,Vino,Herència del Padrí,"Plaça de Catalunya, 5, 43739 Porrera, Tarragona",Celler de la DOQ Priorat a Porrera del magnat del vi Bernard Magrez (des de 2003); vi Herència del Padrí.,,,,,,,,41.18785,0.85647,,parcial,no comprobado,,
domini-de-la-cartoixa-el-molar,Domini de la Cartoixa - Clos Galena,El Molar,Vino,"Clos Galena, Galena, Formiga de Vellut","Camí de la Solana, s/n, 43736 El Molar, Tarragona","Celler ecològic de la DOQ Priorat a El Molar (des de 1999, Miguel Pérez i Merche Dalmau); vins Clos Galena i Formiga de Vellut, botiga online.",,+34607421822,info@closgalena.com,https://www.closgalena.com/,https://www.facebook.com/closgalena,https://www.instagram.com/closgalena/,https://www.google.com/maps/search/?api=1&query=Domini%20de%20la%20Cartoixa%20-%20Clos%20Galena%2C%20Cam%C3%AD%20de%20la%20Solana%2C%20s%2Fn%2C%2043736%20El%20Molar%2C%20Tarragona&query_place_id=ChIJhTllLqkvoRIRKhrbI9baQuA,41.16352,0.70604,/productores/es/catalunya/tarragona/domini-de-la-cartoixa-el-molar.webp,verificado,sí,ecommerce,
els-villusionistes-la-vilella-baixa,Els Vil·lusionistes,La Vilella Baixa,Vino,"Unànim, Equànim","Carrer Freixinals, 10, 43374 La Vilella Baixa, Tarragona","Microceller de la DOQ Priorat a La Vilella Baixa (Sergi Siuraneta i Anna Molina), amb petita destil·leria i cafè; vins Unànim i Equànim.",,+34696634851,,http://villusionistes.com/,https://www.facebook.com/Elsvillusionistes/,,https://www.google.com/maps/search/?api=1&query=Els%20Vil%C2%B7lusionistes%2C%20Carrer%20Freixinals%2C%2010%2C%2043374%20La%20Vilella%20Baixa%2C%20Tarragona&query_place_id=ChIJ0bvaMzEzoRIRoevSsUpMMsM,41.22007,0.76305,,verificado,no comprobado,,
en-numeros-vermells-gratallops,En Números Vermells,Gratallops,Vino,Vins naturals DOQ Priorat,"Carrer de les Valls, 6, 43737 Gratallops, Tarragona","Celler de vins naturals de la DOQ Priorat a Gratallops (Sílvia Puig, des de 2008), de garnatxa i carinyena.",,+34639280941,ennumerosvermells@gmail.com,https://ennumerosvermells.com/,,https://www.instagram.com/ennumerosvermellspriorat/,https://www.google.com/maps/search/?api=1&query=En%20N%C3%BAmeros%20Vermells%2C%20Carrer%20de%20les%20Valls%2C%206%2C%2043737%20Gratallops%2C%20Tarragona&query_place_id=ChIJkRm8qzwxoRIRX11UEFUM524,41.19313,0.77788,,verificado,no,,
estriacus-el-molar,Estriacus,El Molar,Vino,"Clos les Fites, Desperta Ferro","Mas dels Frares, s/n, 43736 El Molar, Tarragona","Celler ecològic de la DOQ Priorat a El Molar, a la finca Mas dels Frares (antic monestir cartoixà del s. XV); vins Clos les Fites i Desperta Ferro.",,,,https://estriacus.com/,,,,41.16352,0.70604,,verificado,no comprobado,,
ferrer-bobet-falset,Ferrer Bobet,Falset,Vino,"Ferrer Bobet Selecció, Vinyes Velles","Carretera T-740 de Porrera a Falset, km 6,5, 43730 Falset, Tarragona","Celler de la DOQ Priorat entre vinyes a Falset (Sergi Ferrer-Salat i Raül Bobet, des de 2002); vins Ferrer Bobet i Vinyes Velles.",,+34609945532,info@ferrerbobet.com,https://ferrerbobet.com/,https://www.facebook.com/people/FERRER-BOBET/100057578824777/,https://www.instagram.com/ferrerbobet/,https://www.google.com/maps/search/?api=1&query=Ferrer%20Bobet%2C%20Carretera%20T-740%20de%20Porrera%20a%20Falset%2C%20km%206%2C5%2C%2043730%20Falset%2C%20Tarragona&query_place_id=ChIJb4qiD-82oRIR8H4quf1hJpY,41.14619,0.82008,/productores/es/catalunya/tarragona/ferrer-bobet-falset.webp,verificado,no,,
genium-celler-poboleda,Genium Celler,Poboleda,Vino,"Genium, Ximenis","Carrer Nou, 92 baixos, 43376 Poboleda, Tarragona","Celler de la DOQ Priorat a Poboleda (des de 2002), de famílies vinyataires; vins Genium i Ximenis.",,+34977827146,genium@geniumceller.com,https://geniumceller.com/,https://www.facebook.com/profile.php?id=100057695332516,https://www.instagram.com/geniumceller/,https://www.google.com/maps/search/?api=1&query=Genium%20Celler%2C%20Carrer%20Nou%2C%2092%20baixos%2C%2043376%20Poboleda%2C%20Tarragona&query_place_id=ChIJi2e-NmE0oRIR86Tjfs6iwE4,41.23248,0.84470,,verificado,no,,
giol-porrera-porrera,Giol Porrera,Porrera,Vino,"Les Sentius, Mas d'en Caçador","Avinguda del Doctor Vidal i Barraquer, 3, 43739 Porrera, Tarragona","Celler de la DOQ Priorat a Porrera (des de 2018), viticultura de costers i varietats autòctones; botiga online.",,+34659970113,info@giolporrera.cat,https://www.giolporrera.cat/,,,https://www.google.com/maps/search/?api=1&query=Giol%20Porrera%2C%20Avinguda%20del%20Doctor%20Vidal%20i%20Barraquer%2C%203%2C%2043739%20Porrera%2C%20Tarragona&query_place_id=ChIJNXpaTNg3oRIRwFEgsfj3nLs,41.18718,0.85628,,verificado,sí,ecommerce,
gran-clos-bellmunt-del-priorat,Gran Clos,Bellmunt del Priorat,Vino,"Gran Clos, Les Mines","Carrer del Montsant, 2, 43738 Bellmunt del Priorat, Tarragona","Celler de la DOQ Priorat a Bellmunt del Priorat (Josep M. Fuentes, des de 1995), amb vinyes velles de garnatxa i carinyena; botiga online.",,+34977830675,info@granclos.com,https://granclos.com/,,https://www.instagram.com/granclos/,https://www.google.com/maps/search/?api=1&query=Gran%20Clos%2C%20Carrer%20del%20Montsant%2C%202%2C%2043738%20Bellmunt%20del%20Priorat%2C%20Tarragona&query_place_id=ChIJ7caVJc8xoRIRJv9yMnHDB7Y,41.16568,0.76691,/productores/es/catalunya/tarragona/gran-clos-bellmunt-del-priorat.webp,verificado,sí,ecommerce,
gratavinum-gratallops,Gratavinum,Gratallops,Vino,"GV5, 2πr, Coster, Silvestris","Mas d'en Serres, s/n, Antic camí de la Vilella Baixa al Lloar, 43737 Gratallops, Tarragona","Celler ecològic i biodinàmic de la DOQ Priorat a Gratallops (família de Parés Baltà, des de 2004); vins GV5 i 2πr, botiga online.",,+34659413575,gratavinum@gratavinum.com,https://www.gratavinum.com/,https://www.facebook.com/gratavinum,,https://www.google.com/maps/search/?api=1&query=Gratavinum%2C%20Mas%20d%27en%20Serres%2C%20s%2Fn%2C%20Antic%20cam%C3%AD%20de%20la%20Vilella%20Baixa%20al%20Lloar%2C%2043737%20Gratallops%2C%20Tarragona&query_place_id=ChIJd_Xmhw4yoRIRPS4g4DRfpkY,41.19306,0.77638,/productores/es/catalunya/tarragona/gratavinum-gratallops.webp,verificado,sí,ecommerce,
celler-hidalgo-albert-poboleda,Celler Hidalgo Albert,Poboleda,Vino,"1270 a Vuit, Fina, Lo Petit Pau","Polígon 14, parcel·la 102, 43376 Poboleda, Tarragona","Petit celler artesà de la DOQ Priorat a Poboleda (des de 2003), a la finca Les Salanques; vins 1270 a Vuit i Lo Petit Pau.",,+34977842064,info@hidalgoalbert.com,https://hidalgoalbert.com/,,,https://www.google.com/maps/search/?api=1&query=Celler%20Hidalgo%20Albert%2C%20Pol%C3%ADgon%2014%2C%20parcel%C2%B7la%20102%2C%2043376%20Poboleda%2C%20Tarragona&query_place_id=ChIJsZXL_mM0oRIRVSkr4y6Tkeo,41.23457,0.84575,,verificado,no,,
clos-alkio-gratallops,Clos Alkio,Gratallops,Vino,Clos Alkio,"Carrer Saperes, 7, 43737 Gratallops, Tarragona","Celler ecològic de la DOQ Priorat a Gratallops (Mikko Alkio, des de 2020), amb petit hotel; botiga online.",,+34650704285,info@closalkio.com,https://closalkio.com/,https://www.facebook.com/clos.alkio/,https://www.instagram.com/clos.alkio/,https://www.google.com/maps/search/?api=1&query=Clos%20Alkio%2C%20Carrer%20Saperes%2C%207%2C%2043737%20Gratallops%2C%20Tarragona&query_place_id=ChIJF_B0lUwxoRIRGVEafbnLAMA,41.19325,0.77639,,verificado,sí,ecommerce,
celler-joan-ametller-la-morera-de-montsant,Celler Joan Ametller,La Morera de Montsant,Vino,"Clos Corriol, Clos Mustardó, Els Igols","Finca Mas Mustardó, s/n, 43361 La Morera de Montsant, Tarragona","Celler familiar de la DOQ Priorat a La Morera de Montsant (finca Mas Mustardó, set generacions); vins Clos Corriol, Clos Mustardó i Els Igols.",,,,http://www.ametller.com/,,,https://www.google.com/maps/search/?api=1&query=Celler%20Joan%20Ametller%2C%20Finca%20Mas%20Mustard%C3%B3%2C%20s%2Fn%2C%2043361%20La%20Morera%20de%20Montsant%2C%20Tarragona&query_place_id=ChIJZVVKAik1oRIRNCWmQrzsl4M,41.26498,0.84175,/productores/es/catalunya/tarragona/celler-joan-ametller-la-morera-de-montsant.webp,verificado,no comprobado,,
la-cassola-del-priorat-gratallops,La Cassola del Priorat,Gratallops,Vino,Vinos DOQ Priorat,"Carretera T-710, 43737 Gratallops, Tarragona",Restaurant i celler de la DOQ Priorat a Gratallops; cuina tradicional i botiga de vins i oli propis.,,+34977262146,info@cassoladelpriorat.com,http://cassoladelpriorat.com/,,,https://www.google.com/maps/search/?api=1&query=La%20Cassola%20del%20Priorat%2C%20Carretera%20T-710%2C%2043737%20Gratallops%2C%20Tarragona&query_place_id=ChIJT5IOfowxoRIR1QBHECbe6rA,41.18995,0.78412,/productores/es/catalunya/tarragona/la-cassola-del-priorat-gratallops.webp,verificado,no comprobado,,
la-conreria-dscala-dei-la-morera-de-montsant,La Conreria d'Scala Dei,La Morera de Montsant,Vino,"Les Brugueres, Iugiter","Carrer de la Mitja Galta, 34, 43379 La Morera de Montsant, Tarragona","Celler de la DOQ Priorat a Escaladei (La Morera de Montsant, des de 1997); reconegut per la garnatxa blanca Les Brugueres i el vi Iugiter.",,,,https://www.vinslaconreria.com/,,,https://www.google.com/maps/search/?api=1&query=La%20Conreria%20d%27Scala%20Dei%2C%20Carrer%20de%20la%20Mitja%20Galta%2C%2034%2C%2043379%20La%20Morera%20de%20Montsant%2C%20Tarragona&query_place_id=ChIJD0kU4QwzoRIRDdNoPVfN_TQ,41.24710,0.81119,/productores/es/catalunya/tarragona/la-conreria-dscala-dei-la-morera-de-montsant.webp,verificado,sí,ecommerce,
maius-viticultors-poboleda,Maius Viticultors,Poboleda,Vino,"Maius Assemblage, Maius Barranc","Finca Mas del Mustardó, polígon 8 parcel·la 103, 43376 Poboleda, Tarragona","Celler de la DOQ Priorat a Poboleda (des de 2004), amb celler soterrat per gravetat; botiga online pròpia.",,+34696998575,jgomez@maiusviticultors.com,https://maiusviticultors.com/,,,,41.23457,0.84575,,verificado,sí,ecommerce,
marco-abella-porrera,Marco Abella,Porrera,Vino,"Loidana, Clos Abella, Olbia","Carretera de Porrera a Cornudella del Montsant, km 0,7, 43739 Porrera, Tarragona","Celler familiar de la DOQ Priorat a Porrera (família Marco, des de 2001); vins d'altura Loidana, Clos Abella i Olbia, botiga online.",,+34977262825,info@marcoabella.com,https://www.marcoabella.com/,,,https://www.google.com/maps/search/?api=1&query=Marco%20Abella%2C%20Carretera%20de%20Porrera%20a%20Cornudella%20del%20Montsant%2C%20km%200%2C7%2C%2043739%20Porrera%2C%20Tarragona&query_place_id=ChIJkQzmoZ82oRIRCDBg6WaqM5w,41.18901,0.85646,,verificado,sí,ecommerce,
mas-dels-estels-falset,Mas dels Estels,Falset,Vino,Mas dels Estels,"Carretera de Falset a Bellmunt del Priorat, km 3,1, 43730 Falset, Tarragona","Petit celler de la DOQ Priorat (família Redondo-Barba, des de 2013) a la carretera de Falset a Bellmunt, amb agrobotiga; vi Mas dels Estels.",,,,,,,,41.14619,0.82008,,parcial,no comprobado,,
mas-igneus-gratallops,Mas Igneus,Gratallops,Vino,"FA 104, FA 112, Costers de l'Ermita","Carretera Falset-La Vilella Baixa T-710, km 11,1, 43737 Gratallops, Tarragona","Celler ecològic de la DOQ Priorat a Gratallops (origen 1997, primer projecte ecològic del Priorat; relançat el 2020); vins FA i Costers de l'Ermita.",,+34644001395,info@masigneus.com,https://masigneus.com/,,,https://www.google.com/maps/search/?api=1&query=Mas%20Igneus%2C%20Carretera%20Falset-La%20Vilella%20Baixa%20T-710%2C%20km%2011%2C1%2C%2043737%20Gratallops%2C%20Tarragona&query_place_id=ChIJT5IOfowxoRIR_Zx4iVRHORg,41.19306,0.77638,/productores/es/catalunya/tarragona/mas-igneus-gratallops.webp,verificado,sí,ecommerce,
mas-la-mola-poboleda,Mas la Mola,Poboleda,Vino,"Mas la Mola Blanc, Negre, Atzar","Carrer Major, 6, 43376 Poboleda, Tarragona","Petit celler de la DOQ Priorat a Poboleda, en un edifici del segle XVIII (Jordi Masdeu i Alessandro Marchessan); vins Mas la Mola i Atzar.",,+34651034221,,https://www.maslamola.com/,,,,41.23479,0.84491,,verificado,no comprobado,,
mas-martinet-viticultors-falset,Mas Martinet Viticultors,Falset,Vino,"Clos Martinet, Martinet Bru","Carretera de Falset a Gratallops, km 6, 43730 Falset, Tarragona","Celler de referència de la DOQ Priorat a Falset (Sara Pérez, família Pérez Ovejero des de 1981); vins Clos Martinet i Martinet Bru, ecològics.",,+34977279187,masmartinet@masmartinet.com,https://www.masmartinet.com/,https://www.facebook.com/masmartinet,https://www.instagram.com/masmartinet/,https://www.google.com/maps/search/?api=1&query=Mas%20Martinet%20Viticultors%2C%20Carretera%20de%20Falset%20a%20Gratallops%2C%20km%206%2C%2043730%20Falset%2C%20Tarragona&query_place_id=ChIJT5IOfowxoRIRBaBi0rFuiGk,41.14619,0.82008,/productores/es/catalunya/tarragona/mas-martinet-viticultors-falset.webp,verificado,no comprobado,,
mas-perinet-poboleda,Mas Perinet - Perinet Winery,Poboleda,Vino,"Perinet, Perinet+","Perinet Estate, Carretera de Poboleda T-702, km 1,6, 43361 Poboleda, Tarragona","Celler de la DOQ Priorat a Poboleda (Perinet Estate); vins Perinet i Perinet+, amb botiga online pròpia.",,+34977827113,perinet@perinetwinery.com,https://www.perinetwinery.com/,https://www.facebook.com/PerinetWinery/,https://www.instagram.com/perinetwinery/,https://www.google.com/maps/search/?api=1&query=Mas%20Perinet%20-%20Perinet%20Winery%2C%20Perinet%20Estate%2C%20Carretera%20de%20Poboleda%20T-702%2C%20km%201%2C6%2C%2043361%20Poboleda%2C%20Tarragona&query_place_id=ChIJR24Dors0oRIRZsoh1TnbTxk,41.23457,0.84575,/productores/es/catalunya/tarragona/mas-perinet-poboleda.webp,verificado,sí,ecommerce,
meritxell-palleja-gratallops,Meritxell Pallejà,Gratallops,Vino,"Nita, Magran","Carrer Piró, 10, 43737 Gratallops, Tarragona",Celler de la DOQ Priorat a Gratallops de la viticultora i enòloga Meritxell Pallejà (des de 2015); marca Nita.,,+34670960735,info@nita.cat,https://www.nita.cat/,,,https://www.google.com/maps/search/?api=1&query=Meritxell%20Pallej%C3%A0%2C%20Carrer%20Pir%C3%B3%2C%2010%2C%2043737%20Gratallops%2C%20Tarragona&query_place_id=ChIJYQj9_osxoRIRd8GYOthcdHQ,41.19312,0.77652,,verificado,no,,
merum-priorati-porrera,Merum Priorati,Porrera,Vino,"Merum, Inici, Ardiles","Carretera de Falset T-740, km 9,3, 43739 Porrera, Tarragona","Celler de la DOQ Priorat a Porrera (grup Pere Ventura des de 2013), la finca més gran del poble; vins Merum i Ardiles.",,+34977828321,,https://www.merumpriorati.com/,,,https://www.google.com/maps/search/?api=1&query=Merum%20Priorati%2C%20Carretera%20de%20Falset%20T-740%2C%20km%209%2C3%2C%2043739%20Porrera%2C%20Tarragona&query_place_id=ChIJmyHReJA2oRIR_mziAEjmWD8,41.18901,0.85646,,verificado,no comprobado,,
miguel-caldentey-gratallops,Celler Miguel Caldentey,Gratallops,Vino,Quod Agis,"Carrer Valls, 43737 Gratallops, Tarragona","Petit celler de la DOQ Priorat a Gratallops de Miquel Caldentey (arrels mallorquines, des de 2007); vi Quod Agis.",,,,,,,,41.19306,0.77638,,parcial,no comprobado,,
mussons-vins-poboleda,Mussons Vins,Poboleda,Vino,Musson,"Carrer Sant Jaume, 67, 43376 Poboleda, Tarragona","Celler familiar de la DOQ Priorat a Poboleda (família Mussons des de 1928, refundat el 2009); marca Musson, botiga online.",,+34647722001,info@mussonsvins.com,https://mussons.cat/,https://www.facebook.com/mussons.vins,https://www.instagram.com/mussonsvins/,https://www.google.com/maps/search/?api=1&query=Mussons%20Vins%2C%20Carrer%20Sant%20Jaume%2C%2067%2C%2043376%20Poboleda%2C%20Tarragona&query_place_id=ChIJ_Zh6zfs1oRIRBOAGwaC2e8s,41.23538,0.84511,/productores/es/catalunya/tarragona/mussons-vins-poboleda.webp,verificado,sí,ecommerce,
hodgkinson-mas-del-habanero-falset,Hodgkinson - Mas del Habanero,Falset,Vino,Mas del Habanero,"Finca Mas del Habanero, 43730 Falset, Tarragona","Celler de mínima intervenció de la DOQ Priorat a la finca Mas del Habanero (família Hodgkinson, des de 2014), entre Falset i Gratallops.",,,,,,,,41.14619,0.82008,,parcial,no comprobado,,
mas-blanc-pinord-falset,Mas Blanc - Pinord,Falset,Vino,"Clos del Músic, +7, Balcons","Carretera de Falset a Bellmunt del Priorat, s/n, 43730 Falset, Tarragona","Finca de la DOQ Priorat de Pinord (casa del Penedès) entre Falset i Bellmunt, viticultura biodinàmica; vins Clos del Músic i +7, botiga online.",,+34938903066,pinord@pinord.com,https://pinord.com/,https://www.facebook.com/pinordwinery/,https://www.instagram.com/pinordwinery/,https://www.google.com/maps/search/?api=1&query=Mas%20Blanc%20-%20Pinord%2C%20Carretera%20de%20Falset%20a%20Bellmunt%20del%20Priorat%2C%20s%2Fn%2C%2043730%20Falset%2C%20Tarragona&query_place_id=ChIJ5QeD6cMwoRIRSu-jQi3Pi4k,41.14619,0.82008,,verificado,sí,ecommerce,
portal-del-priorat-gratallops,Portal del Priorat,Gratallops,Vino,"Negre de Negres, Somni, Gotes","Carrer de la Font, 9, 43737 Gratallops, Tarragona","Celler de la DOQ Priorat d'Alfredo Arribas (finca Clos del Portal, El Lloar), viticultura ecològica; vins Negre de Negres i Somni.",,,info@portaldelpriorat.com,https://portaldelpriorat.com/,,,https://www.google.com/maps/search/?api=1&query=Portal%20del%20Priorat%2C%20Carrer%20de%20la%20Font%2C%209%2C%2043737%20Gratallops%2C%20Tarragona&query_place_id=ChIJi8sxRncxoRIREo-JP6kpqdQ,41.19252,0.77646,/productores/es/catalunya/tarragona/portal-del-priorat-gratallops.webp,verificado,no comprobado,,
ritme-celler-la-vilella-alta,Ritme Celler,La Vilella Alta,Vino,"Ritme Negre, Ritme Blanc","Carrer Sindicat, s/n, 43375 La Vilella Alta, Tarragona","Celler ecològic de la DOQ Priorat a La Vilella Alta (Albert Jané, família Acústic Celler); vins Ritme, botiga online.",,+34672432691,,https://www.ritmeceller.com/,,,https://www.google.com/maps/search/?api=1&query=Ritme%20Celler%2C%20Carrer%20Sindicat%2C%20s%2Fn%2C%2043375%20La%20Vilella%20Alta%2C%20Tarragona&query_place_id=ChIJt4BhWiMzoRIRnfn4NVtYWE8,41.22543,0.78023,,verificado,sí,ecommerce,
roca-de-les-dotze-la-vilella-alta,Roca de les Dotze,La Vilella Alta,Vino,"Noray, Mil·lèsima","Carrer del Rei, 1, 43375 La Vilella Alta, Tarragona","Celler familiar de la DOQ Priorat (vinyes a 700 m d'altitud), elaboració i criança; vi Noray.",,+34662302214,lourdes.rispa@rocadelesdotze.cat,https://www.rocadelesdotze.cat/,,,,41.22543,0.78023,,verificado,no comprobado,,
celler-rotllan-torra-torroja-del-priorat,Celler Rotllan Torra,Torroja del Priorat,Vino,"Tirant, Autor, Amada","Carrer Balandra, 6, 43737 Torroja del Priorat, Tarragona","Celler de la DOQ Priorat a Torroja del Priorat (família Rotllan Torra, des de 1984), en un edifici del segle XVII; vins Tirant i Autor.",,+34977839285,,https://rotllantorra.com/,https://www.facebook.com/cellerrotllantorra/,,https://www.google.com/maps/search/?api=1&query=Celler%20Rotllan%20Torra%2C%20Carrer%20Balandra%2C%206%2C%2043737%20Torroja%20del%20Priorat%2C%20Tarragona&query_place_id=ChIJFxcr-8EzoRIRtMbdEQ_uzRE,41.21330,0.81012,/productores/es/catalunya/tarragona/celler-rotllan-torra-torroja-del-priorat.webp,verificado,no,,
sabate-i-mur-vinaters-torroja-del-priorat,Sabaté i Mur Vinaters,Torroja del Priorat,Vino,"Torroja, Del Tros, 2 Borratxos","Carrer Major, 47, 43737 Torroja del Priorat, Tarragona","Petit celler biodinàmic de la DOQ Priorat a Torroja del Priorat, de producció molt limitada; vins Torroja, Del Tros i 2 Borratxos.",,+34677354197,info@sabateimur.com,https://www.sabateimur.com/,,,https://www.google.com/maps/search/?api=1&query=Sabat%C3%A9%20i%20Mur%20Vinaters%2C%20Carrer%20Major%2C%2047%2C%2043737%20Torroja%20del%20Priorat%2C%20Tarragona&query_place_id=ChIJPe452cEzoRIRIrGg1jmuj4c,41.21431,0.81010,,verificado,no comprobado,,
sandra-doix-poboleda,Sandra Doix,Poboleda,Vino,Marla,"Carrer del Carme, 115, 43376 Poboleda, Tarragona","Projecte personal de l'enòloga Sandra Doix (6a generació de la família Doix) a Poboleda, sobre vinyes velles familiars; vi Marla.",,,,,,,https://www.google.com/maps/search/?api=1&query=Sandra%20Doix%2C%20Carrer%20del%20Carme%2C%20115%2C%2043376%20Poboleda%2C%20Tarragona&query_place_id=ChIJ8455NK81oRIRN25RGB90JyM,41.23524,0.84658,,parcial,no comprobado,,
sangenis-i-vaque-porrera,Sangenís i Vaqué,Porrera,Vino,"Coranya, Llisores, Bri","Plaça Catalunya, 3, 43739 Porrera, Tarragona","Celler històric de la DOQ Priorat a Porrera (Pere Sangenís i Conxita Vaqué, des de 1978), primer del poble a embotellar; botiga online.",,+34977828252,celler@sangenisivaque.com,https://www.sangenisivaque.com/,https://www.facebook.com/sangenisivaque/,https://www.instagram.com/sangenisivaque/,https://www.google.com/maps/search/?api=1&query=Sangen%C3%ADs%20i%20Vaqu%C3%A9%2C%20Pla%C3%A7a%20Catalunya%2C%203%2C%2043739%20Porrera%2C%20Tarragona&query_place_id=ChIJx34CbZo2oRIRuP3ectxRdT8,41.18785,0.85647,/productores/es/catalunya/tarragona/sangenis-i-vaque-porrera.webp,verificado,sí,ecommerce,
sao-del-coster-gratallops,Saó del Coster,Gratallops,Vino,"Terram, Pujada, S de Saó","Carrer de Valls, 28, 43737 Gratallops, Tarragona","Celler biodinàmic de la DOQ Priorat a Gratallops (des de 2004), en una casa del segle XVIII; vins Terram, Pujada i S de Saó.",,+34664143186,info@saodelcoster.es,https://www.saodelcoster.es/,,,https://www.google.com/maps/search/?api=1&query=Sa%C3%B3%20del%20Coster%2C%20Carrer%20de%20Valls%2C%2028%2C%2043737%20Gratallops%2C%20Tarragona&query_place_id=ChIJqSMRNokxoRIRqySupdCD1uk,41.19313,0.77788,/productores/es/catalunya/tarragona/sao-del-coster-gratallops.webp,verificado,no,,
sola-classic-bellmunt-del-priorat,Solà Classic,Bellmunt del Priorat,Vino,"1777, Solà Classic Vinyes","Carrer Masets, 2, 43738 Bellmunt del Priorat, Tarragona","Petit celler ecològic de la DOQ Priorat a Bellmunt del Priorat (finca Mas Hereu, 1777; des de 2005); vins 1777 i Solà Classic.",,+34686115104,info@solaclassic.com,http://www.solaclassic.com/,,,https://www.google.com/maps/search/?api=1&query=Sol%C3%A0%20Classic%2C%20Carrer%20Masets%2C%202%2C%2043738%20Bellmunt%20del%20Priorat%2C%20Tarragona&query_place_id=ChIJVb1Nz84xoRIRJu9Wm7LN-Lo,41.16318,0.76641,/productores/es/catalunya/tarragona/sola-classic-bellmunt-del-priorat.webp,verificado,no,,
terra-del-priorat-cornudella-de-montsant,Terra del Priorat,Cornudella de Montsant,Vino,Vinos DOQ Priorat,"Carrer de les Eres, 7, 43360 Cornudella de Montsant, Tarragona","Celler i espai gastronòmic de la DOQ Priorat a Cornudella de Montsant, amb allotjament (El Palauet del Priorat); vinoteca online.",,+34622554820,info@elpalauetdelpriorat.com,https://terradelpriorat.com/,https://www.facebook.com/elpalauetdelpriorat,,https://www.google.com/maps/search/?api=1&query=Terra%20del%20Priorat%2C%20Carrer%20de%20les%20Eres%2C%207%2C%2043360%20Cornudella%20de%20Montsant%2C%20Tarragona&query_place_id=ChIJT5F6tqpLoRIRD7njHnamx_g,41.26400,0.90589,/productores/es/catalunya/tarragona/terra-del-priorat-cornudella-de-montsant.webp,verificado,sí,ecommerce,
terra-dominicata-la-morera-de-montsant,Terra Dominicata,La Morera de Montsant,Vino,Vinos DOQ Priorat,"Carretera T-702, km 13, 43379 La Morera de Montsant, Tarragona",Celler i hotel de la DOQ Priorat a La Morera de Montsant (antic monestir dominic al Parc Natural del Montsant); vins de finca pròpia.,,,,https://terradominicata.com/,,,,41.26498,0.84175,/productores/es/catalunya/tarragona/terra-dominicata-la-morera-de-montsant.webp,verificado,sí,ecommerce,
terres-de-vidalba-poboleda,Terres de Vidalba,Poboleda,Vino,"Tocs, Vidalba, No T'ho Diré","Partida Foreses, s/n, 43376 Poboleda, Tarragona","Celler familiar de la DOQ Priorat a Poboleda (des de 1996), vins de finca pròpia Tocs i Vidalba; botiga online.",,+34616413722,info@terresdevidalba.com,https://www.terresdevidalba.com/,https://www.facebook.com/terresdevidalba/,https://www.instagram.com/terresdevidalba.priorat/,https://www.google.com/maps/search/?api=1&query=Terres%20de%20Vidalba%2C%20Partida%20Foreses%2C%20s%2Fn%2C%2043376%20Poboleda%2C%20Tarragona&query_place_id=ChIJVw7KSE41oRIR0-qpOWlPUc0,41.23457,0.84575,,verificado,sí,ecommerce,
terroir-al-limit-torroja-del-priorat,Terroir al Límit,Torroja del Priorat,Vino,"Dits del Terra, Arbossar, Les Manyes","Torroja del Priorat, Tarragona","Celler de referència de la DOQ Priorat a Torroja del Priorat (Dominik Huber, des de 2004), vins d'infusió i elegància; Dits del Terra i Les Manyes.",,,,https://terroir-al-limit.com/,https://www.facebook.com/terroirallimit/,https://www.instagram.com/terroirallimit/,https://www.google.com/maps/search/?api=1&query=Terroir%20al%20L%C3%ADmit%2C%20Torroja%20del%20Priorat%2C%20Tarragona&query_place_id=ChIJL3HZiOkzoRIRX8dYwaif7GA,41.2135,0.81041,/productores/es/catalunya/tarragona/terroir-al-limit-torroja-del-priorat.webp,verificado,no comprobado,,
torres-priorat-el-lloar,Torres Priorat,El Lloar,Vino,"Perpetual, Secret del Priorat","El Lloar, Tarragona",Celler de la DOQ Priorat de Familia Torres a El Lloar; vins Perpetual i Secret del Priorat de vinyes velles de llicorella.,,,,https://www.torres.es/,,,https://www.google.com/maps/search/?api=1&query=Torres%20Priorat%2C%20El%20Lloar%2C%20Tarragona&query_place_id=ChIJybjoDwUuoRIRFAS1aUHSSlo,41.18634,0.75044,/productores/es/catalunya/tarragona/torres-priorat-el-lloar.webp,verificado,sí,ecommerce,
trossos-del-priorat-gratallops,Trossos del Priorat,Gratallops,Vino,"Lo Món, Abracadabra, 90 minuts","Carretera Gratallops-La Vilella Baixa, km 10,5, 43737 Gratallops, Tarragona","Celler i casa rural de la DOQ Priorat a Gratallops (des de 2003); vins Lo Món, Abracadabra i 90 minuts, botiga online.",,+34670590788,,https://trossosdelpriorat.com/,,,https://www.google.com/maps/search/?api=1&query=Trossos%20del%20Priorat%2C%20Carretera%20Gratallops-La%20Vilella%20Baixa%2C%20km%2010%2C5%2C%2043737%20Gratallops%2C%20Tarragona&query_place_id=ChIJ____-4sxoRIR4GqMTQzxqbY,41.19306,0.77638,/productores/es/catalunya/tarragona/trossos-del-priorat-gratallops.webp,verificado,sí,ecommerce,
vinicola-del-priorat-gratallops,Vinícola del Priorat,Gratallops,Vino,"Ònix, Clos Gebrat, L'Obaga","Carrer del Piró, s/n, 43737 Gratallops, Tarragona","Cooperativa de la DOQ Priorat a Gratallops (des de 1990, pagesos de quatre pobles); vins Ònix i oli, amb agrobotiga.",,+34977839167,info@vinicoladelpriorat.com,https://vinicoladelpriorat.com/,https://www.facebook.com/vinicolapriorat,https://www.instagram.com/vinicolapriorat/,https://www.google.com/maps/search/?api=1&query=Vin%C3%ADcola%20del%20Priorat%2C%20Carrer%20del%20Pir%C3%B3%2C%20s%2Fn%2C%2043737%20Gratallops%2C%20Tarragona&query_place_id=ChIJAabNdYwxoRIR7bWLT8iQKFk,41.19312,0.77652,,verificado,no,,
viticultors-del-priorat-bellmunt-del-priorat,Viticultors del Priorat,Bellmunt del Priorat,Vino,Morlanda,"Partida Palells, Mas Subirà, 43738 Bellmunt del Priorat, Tarragona","Celler de la DOQ Priorat a Bellmunt del Priorat (des de 1997), marca Morlanda; 22 hectàrees de vinya.",,+34977262268,morlanda@morlanda.com,http://morlanda.com/,,,,41.16383,0.76546,/productores/es/catalunya/tarragona/viticultors-del-priorat-bellmunt-del-priorat.webp,verificado,no comprobado,,
viticultors-mas-den-gil-bellmunt-del-priorat,Viticultors Mas d'en Gil,Bellmunt del Priorat,Vino,"Coma Vella, Coma Alta, Bellmunt","Finca Mas d'en Gil, s/n, 43738 Bellmunt del Priorat, Tarragona","Celler de la DOQ Priorat a Bellmunt del Priorat (família Rovira des de 1998), finca de 125 ha; vins Coma Vella i Coma Blanca, botiga online.",,+34977830192,mail@masdengil.com,https://www.masdengil.com/,https://www.facebook.com/masdengil,https://www.instagram.com/masdengil/,https://www.google.com/maps/search/?api=1&query=Viticultors%20Mas%20d%27en%20Gil%2C%20Finca%20Mas%20d%27en%20Gil%2C%20s%2Fn%2C%2043738%20Bellmunt%20del%20Priorat%2C%20Tarragona&query_place_id=ChIJvy34zvIvoRIRtF9qAiuQb5Q,41.16383,0.76546,/productores/es/catalunya/tarragona/viticultors-mas-den-gil-bellmunt-del-priorat.webp,verificado,sí,ecommerce,
aretheal-priorat-falset,Aretheal Priorat,Falset,Vino,"Aretheal Blanc, Aretheal Negre, Coster Pep Mariano","Colls de Porrera, 43730 Falset, Tarragona","Celler boutique de la DOQ Priorat de Marc Aguiló (Aguiló Vinateria, Falset; des de 2019), amb vinyes a Colls de Porrera; vins Aretheal.",,,info@arethealpriorat.com,https://www.arethealpriorat.com/,https://www.facebook.com/arethealpriorat,https://www.instagram.com/arethealpriorat/,,41.14619,0.82008,/productores/es/catalunya/tarragona/aretheal-priorat-falset.webp,verificado,no,,
les-vinyes-forer-massard-poboleda,Les Vinyes Forer Massard,Poboleda,Vino,Humilitat,"Poboleda, Tarragona","Celler de la DOQ Priorat a Poboleda de David Forer (Master of Wine) i Franck Massard (des de 2017); vins de varietats tradicionals, botiga online.",,+34679870609,info@vinyesforermassard.com,https://vinyesforermassard.com/,,https://www.instagram.com/vinyesforermassard/,,41.23457,0.84575,/productores/es/catalunya/tarragona/les-vinyes-forer-massard-poboleda.webp,verificado,sí,ecommerce,
mas-de-la-pansa-barbera-de-la-conca,Celler Mas de la Pansa,Barberà de la Conca,Vino,"Vins ecològics de Trepat, Parellada i Macabeu (DO Conca de Barberà)","Carrer Comerç, 2, 43422 Barberà de la Conca, Tarragona","Celler familiar de Barberà de la Conca (des de 2016), projecte d'Imma Soler; vins ecològics de varietats autòctones (Trepat, Parellada, Macabeu) amb mínima intervenció.",,,,,,,,41.4101152,1.2290543,,parcial,no comprobado,,
formatgeria-punta-calda-lametlla-de-mar,Formatgeria Punta Calda,L'Ametlla de Mar,Lácteos y quesos,Formatges artesans i làctics de granja pròpia,"Polígon Punta Calda, 69, Camí Lligallo del Rabosenc, 43860 L'Ametlla de Mar, Tarragona, España",Pequeña granja lechera familiar de L'Ametlla de Mar con elaboración artesanal propia y venta directa de quesos y lácticos.,Consultar contacto directo,+34626554748,anton_vf@hotmail.com,,https://www.facebook.com/formatgeriapuntacalda,https://www.instagram.com/formatgeriapuntacalda/,,40.8839,0.80246,,parcial,no comprobado,,
vilabanus-la-maso,Vilabanús (Banús Vilaprinyó Agrària SL),La Masó,Frutos secos,"Avellanas, Almendras, Aceite de oliva","Carretera T-751, km 0,5, 43143 La Masó, Tarragona","Empresa agraria con instalación de elaboración en La Masó para frutos secos y aceite de oliva, inscrita en el registro agroalimentario vigente.",,+34651908012,,https://www.vilabanus.cat/,,,,,,,parcial,no comprobado,,
disfruta-verdura-cambrils,Disfruta & Verdura,Cambrils,Fruta y verdura,"Cestas ecológicas, Hortalizas de temporada, Fruta, Huevos, Despensa ecológica","Camí de Mont-roig, Masia Barrabeig, s/n, 43850 Cambrils, Tarragona","Proyecto familiar con huerta ecológica propia en Cambrils, catálogo de producto de temporada, cestas personalizables y reparto refrigerado.",Atención: lunes–jueves 09:00–18:00; viernes 08:00–15:00,+34674211874,hola@disfrutaverdura.com,https://disfrutaverdura.com/es/,,,,41.0674,1.0574,,verificado,sí,ecommerce|suscripcion,
oli-del-barranc-ecotros-lametlla-de-mar,Oli del Barranc – Ecotros,L'Ametlla de Mar,Aceite,"Oli l'Or del Barranc premium ecològic, Oli del Barranc ecològic de 500 ml, 1 l i 5 l, Ametlles","Parcel·la 25, polígon 24, sector Els Trossos, 43860 L'Ametlla de Mar","Projecte agroecològic amb diverses finques al barranc de Santes Creus que recupera oliveres i comercialitza olis ecològics propis.",,+34661843508,info@ecotros.cat,https://ecotros.cat/,,,https://www.google.com/maps/search/?api=1&query=Oli%20del%20Barranc%20%E2%80%93%20Ecotros%2C%20Parcel%C2%B7la%2025%2C%20pol%C3%ADgon%2024%2C%20sector%20Els%20Trossos%2C%2043860%20L%27Ametlla%20de%20Mar&query_place_id=ChIJO-Il3isXoRIR5zX9L_DNvZc,40.878444,0.768028,/productores/es/catalunya/tarragona/oli-del-barranc-ecotros-lametlla-de-mar.webp,verificado,sí,ecommerce,
lomasoli-priorat,LoMasOli,Falset / Bellmunt del Priorat,Aceite,"Aceite de oliva virgen extra ecológico 100% arbequina, Gran Chef para cocinar con vino","Finca les Pinyanes del Priorat, entre Falset y Bellmunt del Priorat","Empresa familiar que cultiva olivos ecológicos en el Priorat y elabora aceite arbequina mediante extracción en frío.",,+34607457082,info@lomasoli.com,https://lomasoli.com/,,https://www.instagram.com/lomasoli_aove/,,,,,parcial,no,,
ca-rosset-vilallonga-del-camp,Ca Rosset,Vilallonga del Camp,Frutos secos,"Avellana negreta, ametlla, oli, olives, mandarines","Carrer del Doctor Pere Virgili, 46, 43141 Vilallonga del Camp","Explotación familiar que cultiva avellana negreta, almendra, olivo y cítricos y comercializa elaborados propios.",,+34699100901,info@ca-rosset.com,https://ca-rosset.com/ca/,,,https://www.google.com/maps/search/?api=1&query=Ca%20Rosset%2C%20Carrer%20del%20Doctor%20Pere%20Virgili%2C%2046%2C%2043141%20Vilallonga%20del%20Camp&query_place_id=ChIJQ0UgkPJVoRIRmhF_TRPK2Pw,41.212379,1.203501,,verificado,sí,ecommerce,Aceite|Fruta y verdura
de-la-conca-lespluga-de-francoli,De la Conca,L'Espluga de Francolí,Condimentos,"Sals d’herbes, patés vegetals, infusions",L'Espluga de Francolí,"Obrador que elabora sales de hierbas, patés vegetales e infusiones con ingredientes locales.",,+34686768038,info@delaconca.bio,,,,https://www.google.com/maps/search/?api=1&query=De%20la%20Conca%2C%20L%27Espluga%20de%20Francol%C3%AD&query_place_id=ChIJrYwv-P2uphIRT8MhJDvak58,41.3971819,1.1029318,,parcial,no comprobado,,Conservas|Té e infusiones
entrevinyes-vila-rodona,Entrevinyes,Vila-rodona,Huevos,Ous ecològics de gallines en llibertat,"Carretera de Can Ferrer, km 3,5, 43814 Vila-rodona",Granja ecológica que produce huevos de gallinas criadas en libertad entre viñedos.,,+34667001416,ousentrevinyes@gmail.com,https://www.ousentrevinyes.com/,,,https://www.google.com/maps/search/?api=1&query=Entrevinyes%2C%20Carretera%20de%20Can%20Ferrer%2C%20km%203%2C5%2C%2043814%20Vila-rodona&query_place_id=ChIJg78I8K0JpBIRqsNGILQayyw,41.31775,1.3838056,,verificado,no comprobado,,
hericamps-la-figuera,Hericamps,La Figuera,Vino,"Vi, oli d’oliva verge extra","Camí de les Planes, 1, 43736 La Figuera",Proyecto familiar del Priorat que cultiva viña y olivar y elabora vino y aceite propios.,,+34684129357,heribert@hericamps.com,https://www.hericamps.cat/,,,https://www.google.com/maps/search/?api=1&query=Hericamps%2C%20Cam%C3%AD%20de%20les%20Planes%2C%201%2C%2043736%20La%20Figuera&query_place_id=ChIJictOh94toRIRl45qRoVtwq0,41.216,0.728,,verificado,sí,ecommerce,Aceite
menjamiques-brafim,Menjamiques,Bràfim,Conservas,"Crema de garrofa, melmelades, licors, trufes",Bràfim,"Obrador artesano que recupera plantas y frutos olvidados, especialmente la algarroba, en conservas, cremas y dulces.",,+34697814128,info@menjamiques.cat,https://www.menjamiques.com/,,,,41.2693132,1.3408979,,verificado,sí,ecommerce,Destilados y licores|Dulces y repostería
verol-llorenc-del-penedes,Verol Obrador Ecològic,Llorenç del Penedès,Conservas,"Melmelades silvestres, olives, oli","Carrer de Torras i Bages, 14, 43712 Llorenç del Penedès",Obrador ecológico que elabora mermeladas silvestres y productos de olivo bajo la marca Verol.,,+34699570118,,,,,https://www.google.com/maps/search/?api=1&query=Verol%20Obrador%20Ecol%C3%B2gic%2C%20Carrer%20de%20Torras%20i%20Bages%2C%2014%2C%2043712%20Lloren%C3%A7%20del%20Pened%C3%A8s&query_place_id=ChIJ___zL251pBIRLy4Wbu4Q6V0,41.2836248,1.5493723,,parcial,no comprobado,,Aceite
moli-d-oli-rafelo-el-perello,Molí d'Oli Rafeló,El Perelló,Aceite,"Aceite de oliva virgen extra Rafeló, Aceite de variedades sevillenca, reguers y arbequina","Carrer de Santa Magdalena, 68, 43519 El Perelló, Tarragona","Molino familiar activo desde 1879 que transforma aceitunas de fincas del Baix Ebre en aceite de oliva virgen extra mediante rodillos de granito, capachos y prensado.",,+34636065435,info@moliolirafelo.com,https://moliolirafelo.com/index.php/ca/,,,https://www.google.com/maps/search/?api=1&query=Mol%C3%AD%20d%27Oli%20Rafel%C3%B3%2C%20Carrer%20de%20Santa%20Magdalena%2C%2068%2C%2043519%20El%20Perell%C3%B3%2C%20Tarragona&query_place_id=ChIJT4Flnj0ZoRIRaNnJrV2YT-A,40.8758142,0.7094339,,verificado,no,,
confiteria-padreny-reus,Confiteria Padreny,Reus,Dulces y repostería,"Menjablanc de Reus, Panellets, Turrón de yema tostada, Bombones, Cocas","Carrer de l'Hospital, 15, 43201 Reus, Tarragona","Confitería familiar fundada en 1815 con obrador propio de pastelería dulce y elaboraciones saladas, además de cafetería y catering.","Mar–Vie 08:30–13:30 y 17:00–20:00; Sáb 08:30–14:00; Dom y festivos 08:30–14:00",+34977343021,padreny@confiteriapadreny.com,https://www.confiteriapadreny.com/,https://www.facebook.com/padreny,https://www.instagram.com/confiteriapadreny/,https://www.google.com/maps/search/?api=1&query=Confiteria%20Padreny%2C%20Carrer%20de%20l%27Hospital%2C%2015%2C%2043201%20Reus%2C%20Tarragona&query_place_id=ChIJFWhWCOJQoRIRy9Yjetae3yE,41.1547091,1.1106661,,verificado,sí,ecommerce,Comida preparada
cooperativa-la-galera-la-galera,Cooperativa La Galera,La Galera,Aceite,"AOVE Torre Galera, Aceite de oliva virgen","Carrer Cooperativa, 12, 43515 La Galera, Tarragona","Cooperativa fundada en 1945 que moltura y comercializa el aceite de sus socios bajo la marca Torre Galera.","Lun–Vie 09:00–13:00 y 16:00–19:00; Sáb 09:00–13:00",+34977718789,cooplagalera@cooplgalera.com,,,,,40.68052144,0.46315207,,parcial,sí,marketplace,
ecopica-valls,Ecopica,Valls,Aceite,"AOVE ecológico Ecopica","Picamoixons, 43491 Valls, Tarragona","Pequeña explotación agroecológica de Picamoixons que produce aceite ecológico mediante agricultura regenerativa en campos de secano.",,+34635878739,ecopica@gmail.com,https://www.ecopica.cat/,,,https://www.google.com/maps/search/?api=1&query=Ecopica%2C%20Picamoixons%2C%2043491%20Valls%2C%20Tarragona&query_place_id=ChIJQWGO3XqrphIRJR8KSrEaHlU,41.30189679,1.20205929,,verificado,sí,ecommerce,
mel-germans-sancho-l-ametlla-de-mar,Mel Germans Sancho,L'Ametlla de Mar,Miel,"Miel, Polen, Jalea real","Partida la Barrera, s/n, 43860 L'Ametlla de Mar, Tarragona","Empresa apícola familiar de L'Ametlla de Mar que sigue las floraciones para producir distintas mieles, polen y jalea real.",,+34683638434,melgermanssancho@gmail.com,https://www.melgermanssancho.com/,,,,40.88429935,0.80319934,,verificado,no comprobado,,
olea-origins-el-pinell-de-brai,Olea Origins,El Pinell de Brai,Aceite,"AOVE ecológico de cosecha temprana","Camí de la Creu, 2, 43594 El Pinell de Brai, Tarragona","Proyecto familiar que cultiva olivos en El Pinell de Brai y elabora aceites de producción limitada mediante cosecha temprana y extracción en frío.",,+34648024819,,https://www.oleaorigins.com/,,,https://www.google.com/maps/search/?api=1&query=Olea%20Origins%2C%20Cam%C3%AD%20de%20la%20Creu%2C%202%2C%2043594%20El%20Pinell%20de%20Brai%2C%20Tarragona&query_place_id=ChIJy2sp9DndoBIRTeqmafIy9ck,41.01694775,0.51583961,,verificado,no comprobado,,
illa-de-mar-tortosa,Illa de Mar,Tortosa,Legumbres y cereales,Arroz ecológico del Delta del Ebro,"Illa de Mar, 43500 Tortosa, Tarragona","Explotación arrocera del Delta del Ebro que cultiva arroz ecológico y lo comercializa bajo la identidad Arròs Eco i Ètic Illa de Mar.",,,,,,,,40.80925876,0.5229962,,parcial,no comprobado,,
cooperativa-olis-de-santa-barbara-santa-barbara,Cooperativa Olis de Santa Bàrbara,Santa Bàrbara,Aceite,"AOVE Iberolei, Iberolei Millenari","Passeig de les Escoles, 71, 43570 Santa Bàrbara, Tarragona","Cooperativa oleícola de Santa Bàrbara que produce y comercializa aceites de las variedades morruda, sevillenca y farga bajo la marca Iberolei.","Lun–Vie 09:00–13:00 y 15:00–19:00; Sáb 09:00–13:00",+34977718069,,,,,https://www.google.com/maps/search/?api=1&query=Cooperativa%20Olis%20de%20Santa%20B%C3%A0rbara%2C%20Passeig%20de%20les%20Escoles%2C%2071%2C%2043570%20Santa%20B%C3%A0rbara%2C%20Tarragona&query_place_id=ChIJDzjSstn7oBIRbEBDVn9A6q0,40.71755678,0.50090714,,verificado,sí,marketplace,
cultius-la-puput-aiguamurcia,Cultius La Puput,Aiguamúrcia,Legumbres y cereales,"Cereales, Legumbres, Aceite de arbequina, Almendras, Hortalizas de temporada","Fincas en Aiguamúrcia, 43815 Aiguamúrcia, Tarragona","Proyecto agrícola familiar de policultivo que produce cereales, legumbres, aceite, almendras y hortalizas en fincas de Aiguamúrcia.",,+34639238688,cultiuslapuput@gmail.com,,https://www.facebook.com/cultiusrespectuososlapuput,https://www.instagram.com/cultius_lapuput/,,41.32934,1.35854,,parcial,no comprobado,,Aceite|Frutos secos|Fruta y verdura
el-coll-de-noguera-montblanc,El Coll de Noguera,Montblanc,Huevos,"Huevos ecológicos, Pollo ecológico, Patatas ecológicas, Cereales ecológicos","Partida Coll de Noguera, polígon 31, parcel·la 6, 43400 Montblanc, Tarragona","Explotación ecológica de Montblanc que produce y distribuye huevos, pollo, patatas y cereales.",,+34636904690,elcolldenoguera@gmail.com,,,,,41.381533,1.1854486,,parcial,no comprobado,,Carne|Fruta y verdura|Legumbres y cereales
mas-de-cleto-horta-de-sant-joan,Mas de Cleto,Horta de Sant Joan,Carne,"Cabrito, Productos de rebaño caprino","Mas de Cleto, 43596 Horta de Sant Joan, Tarragona","Explotación ganadera local de Horta de Sant Joan dedicada al rebaño caprino y sus productos de proximidad.",,+34664746394,,,,,,40.97096,0.29541,,parcial,no comprobado,,
olis-cal-brisda-1903-la-torre-de-l-espanyol,Olis Cal Brisda 1903,La Torre de l'Espanyol,Aceite,Aceite de oliva virgen extra,"Carrer de l'Era, 54, 43792 La Torre de l'Espanyol, Tarragona","Pequeña empresa familiar que produce y elabora aceite de oliva virgen extra a partir de sus olivos en la Ribera d'Ebre.",,+34656488695,info@calbrisda.com,https://loracodecalbrisda.com/en-nostre-oli/,https://www.facebook.com/calbrisda/,https://www.instagram.com/cal_brisda/,https://www.google.com/maps/search/?api=1&query=Olis%20Cal%20Brisda%201903%2C%20Carrer%20de%20l%27Era%2C%2054%2C%2043792%20La%20Torre%20de%20l%27Espanyol%2C%20Tarragona&query_place_id=ChIJFZrCVlQpoRIRS1Cdd5kezuA,41.1915483,0.6277864,,verificado,no comprobado,,
mami-taronges-alcanar,MaMi Taronges,Alcanar,Fruta y verdura,"Taronges, mandarines, sucs i melmelades","Carrer de Rentadors, 10, 43530 Alcanar, Tarragona","Explotación familiar de Pio R. Gil Colell que cultiva cítricos de producción integrada y los vende recién cosechados directamente al consumidor.",,+34626060300,info@mamitaronges.com,https://mamitaronges.com/,,,,40.54301,0.48082,,verificado,sí,ecommerce|whatsapp,
citrics-terres-de-l-ebre-tortosa,Cítrics Terres de l'Ebre,Tortosa,Fruta y verdura,"Clementines i taronges de les Terres de l'Ebre","Carrer de l'Escola, 53, Campredó, 43897 Tortosa, Tarragona","SAT que gobierna la producción de cítricos de sus socios y los confecciona y comercializa desde su planta de Campredó.",,+34977105605,info@citricsterresdelebre.com,https://citricsterresdelebre.com/,,,,40.8125,0.52111,,verificado,sí,ecommerce,
ecoebre-tortosa,EcoEbre,Tortosa,Fruta y verdura,"Taronges, mandarines, llimones i cistelles de cítrics ecològics","Carrer Horta Baixa, 20, Bítem, 43510 Tortosa, Tarragona","Productor de cítricos ecológicos de Bítem que cultiva y vende fruta propia de las Terres de l'Ebre.",,+34628870143,ecoebre@ecoebre.cat,https://ecoebre.cat/,,,,40.8125,0.52111,,verificado,sí,ecommerce,
aldeagro-l-aldea,Aldeagro,L'Aldea,Fruta y verdura,"Carxofes i bràssiques del Delta de l'Ebre","Camí de la Ca Blanca, s/n, 43896 L'Aldea, Tarragona","Empresa familiar de tres generaciones dedicada al cultivo de horta y especializada en brásicas, con venta directa y exportación.","dl–dv 8:00–20:00",+34686419124,aldeagro@aldeagro.com,https://aldeagro.com/,,,,40.74167,0.61194,,verificado,no,,
l-horta-de-carme-camarles,L'Horta de Carme,Camarles,Fruta y verdura,"Fruita i verdura ecològica de temporada","Polígon 6, parcel·les 56-57, 43894 Camarles, Tarragona","Explotación familiar que cultiva 55 hectáreas de fruta y verdura ecológica y prepara su cosecha en la propia finca.","dt i dj 16:00–19:00 | ds 10:00–13:00",+34666231130,info@lhortadecarme.cat,https://www.lhortadecarme.cat/,,,,40.77361,0.6725,,verificado,no comprobado,,
brot-del-sud-tortosa,Brot del Sud,Tortosa,Fruta y verdura,"Cistelles d'hortalisses ecològiques de temporada","Finca Torre Sant Antoni, Jesús, 43590 Tortosa, Tarragona","Proyecto social y agroecológico que cultiva hortalizas en la finca Torre Sant Antoni y distribuye semanalmente cestas Km0.","dc 16:00–19:00",+34673486981,brotdelsud@sinergia.org,https://obretebre.org/en/ecological-vegetable-garden-brot-del-sud,,,,40.8125,0.52111,,verificado,sí,whatsapp|telefono,
cireres-de-cal-mures-pauls,Cireres de Cal Murés,Paüls,Fruta y verdura,"Cireres de les varietats tradicionals de Paüls","Carrer Diputació, 1, 43593 Paüls, Tarragona","Explotación familiar de Domingo Gavaldà que cultiva unas quince variedades de cereza en la finca de les Glòries y vende directamente en la explotación.",,+34696339630,annabelgabriel@hotmail.com,https://www.cireradepauls.cat/,,,,40.92417,0.40028,,parcial,no,,
cal-cabossa-pauls,Cal Cabossa,Paüls,Fruta y verdura,"Cireres Burlat i Starky","Mas del Cabossa, 43593 Paüls, Tarragona","Pequeña explotación de Enric Gracià Domènech que cultiva unos doscientos cerezos en las fincas del Tossal y vende directamente a clientes de proximidad.",,+34629978007,,https://www.cireradepauls.cat/,,,,40.92417,0.40028,,parcial,sí,telefono,
flor-de-camp-benissanet,Flor de Camp,Benissanet,Fruta y verdura,"Paraguaians, nectarines, préssecs, albercocs i calçots",Benissanet Tarragona,"Empresa familiar que cultiva fruta de hueso y calçots en su finca de Benissanet y distribuye la cosecha sin intermediarios.",,+34633867556,info@flordecamp.com,https://flordecamp.com/,,,,41.0569,0.63472,,verificado,no comprobado,,
cerima-cherries-tivissa,Cerima Cherries,Tivissa,Fruta y verdura,"Cireres de la Ribera d'Ebre","Carretera de la Serra, s/n, 43746 Tivissa, Tarragona","Empresa frutícola de Tivissa que agrupa producción propia de la Ribera d'Ebre y selecciona y confecciona cerezas bajo su marca.",,+34977265219,cerima@cerimacherries.com,https://cerimacherries.com/,,,,41.0423,0.73308,,parcial,no comprobado,,
cooperativa-agricola-de-prades-prades,Cooperativa Agrícola de Prades,Prades,Fruta y verdura,"Patata de Prades IGP, avellanes i castanyes","Avinguda Verge de l'Abellera, 3, 43364 Prades, Tarragona","Cooperativa que comercializa la Patata de Prades cultivada por sus socios a más de mil metros y otros frutos de montaña.","dl tarda 18:00–20:00 | dt–ds 9:30–13:00 i 18:00–20:00 | dg i festius 10:00–13:00",+34977868178,info@cooperativaprades.cat,https://www.cooperativaprades.cat/,,,,41.30954,0.98771,,verificado,sí,telefono,Frutos secos
ca-nicolau-constanti,Ca Nicolau,Constantí,Fruta y verdura,"Calçots de Valls IGP i hortalisses","Carretera de Constantí a la Selva del Camp, km 1, 43120 Constantí, Tarragona","Explotación familiar que cultiva calçots y hortalizas en Mas Ca Nicolau y los vende frescos o cocidos directamente desde la finca.",,+34620614699,info@canicolau.cat,https://www.canicolau.net/ca/,,,,41.15317,1.21433,,verificado,sí,email|telefono,Aceite|Frutos secos
mas-capestany-nulles,Mas Capestany,Nulles,Fruta y verdura,"Calçots de Valls IGP i hortalisses de temporada","Camí Vell de Vallmoll, s/n, 43887 Nulles, Tarragona","Finca agroecológica de Ton Galofré que cultiva calçots, hortalizas y olivos y vende directamente en su agrobotiga.",,+34658649668,mascapestany@gmail.com,,,,,41.24937,1.29521,,parcial,sí,email|telefono,Aceite
castell-fruit-castellvell-del-camp,Castell Fruit,Castellvell del Camp,Fruta y verdura,"Calçots de Valls IGP","Castellvell del Camp, Tarragona","Explotación familiar inscrita en la IGP Calçot de Valls que cultiva calçots y ofrece compra directa al productor.",,+34616502853,cunisot@wanadoo.es,,,,,41.18005,1.0987,,parcial,sí,email|telefono,
ca-la-ramona-montbrio-del-camp,Ca la Ramona,Montbrió del Camp,Fruta y verdura,"Calçots IGP, carxofes, taronges, mandarines, patates i raïm moscatell","Avinguda de Sant Jordi, 17, 43340 Montbrió del Camp, Tarragona","Negocio familiar cuya finca produce hortalizas, fruta y aceitunas que se venden recién cosechadas en la tienda Ca la Ramona.",,+34977826015,llaberia454@hotmail.com,https://calaramonamontbrio.com/,,,,41.12075,1.00349,,verificado,no,,Aceite
didac-fortuny-de-miguel-valls,Dídac Fortuny de Miguel,Valls,Fruta y verdura,"Calçots de Valls IGP",Valls Tarragona,"Productor de calçots inscrito en la IGP Calçot de Valls con compra directa mediante contacto telefónico.",,+34637024555,,,,,,41.28833,1.25083,,parcial,sí,telefono,
roger-grimau-bella-cabra-del-camp,Roger Grimau Bella,Cabra del Camp,Fruta y verdura,"Calçots de Valls IGP frescos i cuits","Cabra del Camp, Tarragona","Productor de calçots inscrito en la IGP Calçot de Valls que ofrece compra directa de producto fresco y cocido.",,+34647954011,,,,,,41.39537,1.27635,,parcial,sí,telefono,
marcel-rodriguez-conesa-el-rourell,Marcel Rodríguez Conesa,El Rourell,Fruta y verdura,"Calçots de Valls IGP frescos i cuits","El Rourell, Tarragona","Productor del Rourell inscrito en la IGP Calçot de Valls que vende directamente calçots frescos y cocidos.",,+34615997047,,,,,,41.22386,1.21825,,parcial,sí,telefono,
josep-salvat-serra-vilabella,Josep Salvat Serra,Vilabella,Fruta y verdura,"Calçots de Valls IGP",Vilabella Tarragona,"Productor de Vilabella inscrito en la IGP Calçot de Valls con compra directa mediante contacto telefónico.",,+34977620162,,,,,,41.24844,1.33079,,parcial,sí,telefono,
carles-banus-vilarroya-alcover,Carles Banús Vilarroya,Alcover,Fruta y verdura,"Calçots de Valls IGP frescos i cuits",Alcover Tarragona,"Productor de Alcover inscrito en la IGP Calçot de Valls que ofrece compra directa de calçots frescos y cocidos.",,+34665018428,,,,,,41.26205,1.17112,,parcial,sí,telefono,
dalmaci-clofent-oliva-figuerola-del-camp,Dalmaci Clofent Oliva,Figuerola del Camp,Fruta y verdura,"Calçots de Valls IGP","Figuerola del Camp, Tarragona","Productor de Figuerola del Camp inscrito en la IGP Calçot de Valls con compra directa mediante contacto telefónico.",,+34650097014,,,,,,41.3714,1.26498,,parcial,sí,telefono,
el-cistell-eco-riudoms,El Cistell Eco,Riudoms,Fruta y verdura,"Cistelles de fruita i verdura ecològica i ous ecològics","Partida de la Torre, 15, 43330 Riudoms, Tarragona","Explotación ecológica que prepara cestas personalizadas de fruta, verdura y huevos y las reparte a domicilio en el Camp de Tarragona.",,+34650163647,info@elcistell.cat,https://elcistell.cat/,,,,41.13909,1.05197,,verificado,sí,ecommerce|email|telefono,Huevos
germans-capdevila-reus,Germans Capdevila,Reus,Fruta y verdura,"Calçots de Valls IGP frescos i cuits",Reus Tarragona,"Productores familiares de Reus inscritos en la IGP Calçot de Valls con compra directa de calçots frescos y cocidos.",,+34626453487,,,,,,41.15487,1.10871,,parcial,sí,telefono,
