slug,nombre,municipio,categoria,productos estrella,direccion,descripcion,horario,telefono,correo,web,Facebook,Instagram,Google Maps,lat,lon,imagen,verificacion,Venta online,Canal de venta,categorias adicionales,producer_id,descripcion_locale
almazara-adamuz-s-l-u-adamuz,"Almazara Adamuz, S.L.U",Adamuz,Aceite,aceite de oliva a granel y envasado,"Carretera Villafranca-Adamuz km 9,5, 14430 Adamuz, Córdoba","Centro productivo del grupo Azzayt en Adamuz dedicado a la molienda, producción, almacenamiento y comercialización internacional de aceite de oliva.","lunes: 9:00–14:00, 16:00–19:00 | martes: 9:00–14:00, 16:00–19:00 | miércoles: 9:00–14:00, 16:00–19:00 | jueves: 9:00–14:00, 16:00–19:00 | viernes: 9:00–14:00, 16:00–19:00 | sábado: Cerrado | domingo: Cerrado",+34957747033,,https://azzayt.es/,,https://www.instagram.com/almazaraadamuz/,https://www.google.com/maps/search/?api=1&query=Almazara%20Adamuz%2C%20S.L.U%2C%20Carretera%20Villafranca-Adamuz%20km%209%2C5%2C%2014430%20Adamuz%2C%20C%C3%B3rdoba%2C%20Espa%C3%B1a&query_place_id=ChIJD7NDgxv7bA0RKwjZZHwTyCw,38.0130189,-4.534001,/productores/es/andalucia/cordoba/almazara-adamuz-s-l-u-adamuz.webp,verificado,no,,,623,es
palacios-gutierrez-aguilar-de-la-frontera,Palacios Gutiérrez,Aguilar de la Frontera,Aceite,AOVE,"Ctra. de la Estación, 33, 14920 Aguilar de la Frontera, Córdoba","Palacios Gutiérrez prepara en Aguilar de la Frontera aceitunas aliñadas como Chupadedos y caseras con ajo, además de ajos, pepinillos y AOVE.","lunes: 7:00–15:00, 17:00–19:00 | martes: 7:00–15:00, 17:00–19:00 | miércoles: 7:00–15:00, 17:00–19:00 | jueves: 7:00–15:00, 17:00–19:00 | viernes: 7:00–15:00, 17:00–19:00 | sábado: Cerrado | domingo: Cerrado",+34680758906,info@aceitespalacios.com,https://www.palaciosgutierrez.com/,,https://www.instagram.com/aceitespalacios/,https://www.google.com/maps/search/?api=1&query=Palacios%20Guti%C3%A9rrez%2C%20Ctra.%20de%20la%20Estaci%C3%B3n%2C%2033%2C%2014920%20Aguilar%20de%20la%20Frontera%2C%20C%C3%B3rdoba%2C%20Espa%C3%B1a&query_place_id=ChIJm6RR5dtrbQ0R2nl18AWc7L8,37.5233861,-4.6571698,/productores/es/andalucia/cordoba/palacios-gutierrez-aguilar-de-la-frontera.webp,verificado,sí,ecommerce,,9420,es
aceitunas-torrent-aguilar-de-la-frontera,Aceitunas Torrent,Aguilar de la Frontera,Conservas,Aceitunas y encurtidos,"Av. de Córdoba, 110, 14920 Aguilar de la Frontera, Córdoba","Empresa productora de aceitunas de mesa de Aguilar de la Frontera, con fábrica de aderezo, envasado y clasificación.",lunes: 9:00–18:00 | martes: 9:00–18:00 | miércoles: 9:00–18:00 | jueves: 9:00–18:00 | viernes: 9:00–18:00 | sábado: Cerrado | domingo: Cerrado,+34957662020,info@aceitunastorrent.com,https://www.aceitunastorrent.com/,https://www.facebook.com/aceitunastorrent,https://www.instagram.com/aceitunastorrent/,https://www.google.com/maps/search/?api=1&query=Aceitunas%20Torrent%2C%20Av.%20de%20C%C3%B3rdoba%2C%20110%2C%2014920%20Aguilar%20de%20la%20Frontera%2C%20C%C3%B3rdoba%2C%20C%C3%B3rdoba%2C%20Espa%C3%B1a&query_place_id=ChIJ00C7LmRrbQ0RWfV7SgVt4Ro,37.5293164,-4.65261,/productores/es/andalucia/cordoba/aceitunas-torrent-aguilar-de-la-frontera.webp,verificado,sí,ecommerce,,266,es
cervezas-bandolera-algallarin,Cervezas Bandolera,Algallarín,Cerveza,"cervezas artesanas Bandolera, IPA y variedades sin gluten","Calle Julio Romero de Torres, s/n, 14439 Algallarín, Córdoba","Cooperativa de economía social que produce en Algallarín cervezas artesanas Bandolera desde 2014, con variedades rubias, tostadas, IPA y opciones sin gluten.",lunes: 8:00–14:00 | martes: 8:00–14:00 | miércoles: 8:00–14:00 | jueves: 8:00–14:00 | viernes: 8:00–14:00 | sábado: Cerrado | domingo: Cerrado,+34957167258,transformando@transformando.coop,https://www.cervezasbandolera.com/,https://www.facebook.com/cervezasbandolera/,https://www.instagram.com/cervezasbandolera/,https://www.google.com/maps/search/?api=1&query=Cervezas%20Bandolera%2C%20Calle%20Julio%20Romero%20de%20Torres%2C%20s%2Fn%2C%2014439%20Algallar%C3%ADn%2C%20C%C3%B3rdoba&query_place_id=ChIJyxc90z_5bA0R-7hIOG-l0yc,37.9999972,-4.4575735,/productores/es/andalucia/cordoba/cervezas-bandolera-algallarin.webp,verificado,sí,ecommerce,,3938,es
jamon-de-los-pedroches-anora,Jamón de Los Pedroches - Belloterra,Añora,Carne,"Jamón, embutidos y chacinas","El Tejar, 2. Polígono Palomares, C. Pozoblanco, a, 14450 Añora, Córdoba","Belloterra trabaja en Añora con ibéricos DOP Los Pedroches y ofrece jamones, paletas, loncheados, deshuesados, embutidos y cremas ibéricas.","lunes: 9:30–14:00, 17:00–20:30 | martes: 9:30–14:00, 17:00–20:30 | miércoles: 9:30–14:00, 17:00–20:30 | jueves: 9:30–14:00, 17:00–20:30 | viernes: 9:30–14:00, 17:00–20:30 | sábado: 10:00–14:00 | domingo: Cerrado",+34744652214,info@jamondelospedroches.com,https://www.jamondelospedroches.com/,https://www.facebook.com/jamonlospedroches,https://www.instagram.com/jamondelospedroches/,https://www.google.com/maps/search/?api=1&query=Jam%C3%B3n%20de%20Los%20Pedroches.%2C%20El%20Tejar%2C%202.%20Pol%C3%ADgono%20Palomares%2C%20C.%20Pozoblanco%2C%20a%2C%2014450%20A%C3%B1ora%2C%20C%C3%B3rdoba%2C%20Espa%C3%B1a&query_place_id=ChIJa6lrWWalbA0RTkyMWxMjcXY,38.40820799999999,-4.8852058,/productores/es/andalucia/cordoba/jamon-de-los-pedroches-anora.webp,verificado,sí,ecommerce,,7195,es
almazara-gomez-cano-caserio-de-hornerico-aceite-de-baena-baena,Almazara Gómez Cano - Caserío de Hornerico,Baena,Aceite,Aceite de oliva virgen extra,"Carretera Cañete de las Torres, KM 2, 14850 Baena, Córdoba","Almazara Gómez Cano produce en Baena el AOVE Caserío de Hornerico, también en versión ecológica, y lo envasa en botellas, latas y garrafas.",lunes: 9:00–19:30 | martes: 9:00–19:30 | miércoles: 9:00–19:30 | jueves: 9:00–19:30 | viernes: 9:00–19:30 | sábado: 10:00–19:00 | domingo: 10:00–14:00,+34644055967,paco@aceitedebaena.com,https://aceitedebaena.com/,https://www.facebook.com/almazara.gomezcano/,https://www.instagram.com/aceitedebaena/,https://www.google.com/maps/search/?api=1&query=ALMAZARA%20G%C3%93MEZ%20CANO%20-%20CASER%C3%8DO%20DE%20HORNERICO%20-%20ACEITE%20DE%20BAENA%2C%20Carretera%20Ca%C3%B1ete%20de%20las%20Torres%2C%20KM%202%2C%2014850%20Baena%2C%20C%C3%B3rdoba%2C%20Espa%C3%B1a&query_place_id=ChIJy_de4jihbQ0Rsa8-uzu-pFc,37.6298332,-4.3381639,/productores/es/andalucia/cordoba/almazara-gomez-cano-caserio-de-hornerico-aceite-de-baena-baena.webp,verificado,sí,ecommerce,,642,es
olivarera-ntra-sra-de-guadalupe-baena,Olivarera Ntra. Sra. de Guadalupe,Baena,Aceite,AOVE,"CTRA, A-305, 14850 Baena, Córdoba","La Cooperativa de Guadalupe elabora en Baena los AOVE Virrey del Pino, Virrey Ecológico, Fuente Baena y Hogaroliva, además de un aceite de cosecha temprana.","lunes: 9:00–14:00, 17:00–19:00 | martes: 9:00–14:00, 17:00–19:00 | miércoles: 9:00–14:00, 17:00–19:00 | jueves: 9:00–14:00, 17:00–19:00 | viernes: 9:00–14:00, 17:00–19:00 | sábado: 10:00–13:00 | domingo: Cerrado",+34957692215,comercialtienda@cooperativadeguadalupe.es,https://www.cooperativadeguadalupe.es/,https://www.facebook.com/OlivareraGuadalupe,https://www.instagram.com/olivareraguadalupe/,https://www.google.com/maps/search/?api=1&query=Olivarera%20Ntra.%20Sra.%20de%20Guadalupe%2C%20CTRA%2C%20A-305%2C%2014850%20Baena%2C%20C%C3%B3rdoba%2C%20Espa%C3%B1a&query_place_id=ChIJkVgbx2WhbQ0RPAdc22Mh_gg,37.6287651,-4.2822189,/productores/es/andalucia/cordoba/olivarera-ntra-sra-de-guadalupe-baena.webp,verificado,sí,ecommerce,,9270,es
saboroliva-s-l-baena,Saboroliva S.L.,Baena,Aceite,Aceite de oliva virgen extra,"Carretera De Andújar Lucena, KM 57, 14850 Baena, Córdoba",Saboroliva elabora en Baena aceite de oliva virgen extra y un vinagre de granada propio.,lunes: 8:00–15:00 | martes: 8:00–15:00 | miércoles: 8:00–15:00 | jueves: 8:00–15:00 | viernes: 8:00–15:00 | sábado: Cerrado | domingo: Cerrado,+34957671823,saborolivabaena@gmail.com,https://www.saborolivabaena.com/,https://www.facebook.com/Saborolivabaena-159406201311343/,https://www.instagram.com/saborolivabaena/,https://www.google.com/maps/search/?api=1&query=Saboroliva%20S.L.%2C%20Carretera%20De%20And%C3%BAjar%20Lucena%2C%20KM%2057%2C%2014850%20Baena%2C%20C%C3%B3rdoba%2C%20Espa%C3%B1a&query_place_id=ChIJVzHtIYimbQ0R-tzOUnBEpyo,37.6257667,-4.282431,/productores/es/andalucia/cordoba/saboroliva-s-l-baena.webp,verificado,sí,ecommerce,,11292,es
dehesas-reunidas-s-l-belmez,Dehesas Reunidas S.L.,Belmez,Carne,"Jamón, embutidos y chacinas","Polígono Industrial San Antonio, 22, 14240 Belmez, Córdoba","Dehesas Reunidas continúa en Belmez una historia ganadera iniciada en 1855, ligada a la cría de animales en la dehesa y a marcas ibéricas como Encinares del Sur, Solera Ibérica y DR1855.",lunes: 7:00–15:00 | martes: 7:00–15:00 | miércoles: 7:00–15:00 | jueves: 7:00–15:00 | viernes: 7:00–15:00 | sábado: Cerrado | domingo: Cerrado,+34957573110,info@dehesasreunidas.com,https://dehesasreunidas.com/,,https://www.instagram.com/dehesasreunidas/,https://www.google.com/maps/search/?api=1&query=Dehesas%20Reunidas%20S.L.%2C%20Pol%C3%ADgono%20Industrial%20San%20Antonio%2C%2022%2C%2014240%20Belmez%2C%20C%C3%B3rdoba%2C%20Espa%C3%B1a&query_place_id=ChIJwzLCPrhIEw0RdsIKmFEWJOk,38.2697266,-5.2007296,/productores/es/andalucia/cordoba/dehesas-reunidas-s-l-belmez.webp,verificado,sí,ecommerce,,4782,es
brigantes-benameji-benameji,Brigantes Benamejí,Benamejí,Conservas,Aceitunas de mesa y encurtidos,"Camino de la era empedrada, 14910 Benamejí, Córdoba","Empresa familiar de Benamejí dedicada a producir, elaborar y envasar aceitunas de mesa y encurtidos.","lunes: 9:00–14:00, 15:00–18:00 | martes: 9:00–14:00, 15:00–18:00 | miércoles: 9:00–14:00, 15:00–18:00 | jueves: 9:00–14:00, 15:00–18:00 | viernes: 9:00–14:00, 15:00–18:00 | sábado: Cerrado | domingo: Cerrado",+34957334859,info@brigantes.es,https://www.brigantesbenameji.com/,https://www.facebook.com/p/Brigantes-Benamej%C3%AD-100083386960279/,https://www.instagram.com/brigantesbenameji/,https://www.google.com/maps/search/?api=1&query=Brigantes%20Benamej%C3%AD%2C%20Camino%20de%20la%20era%20empedrada%2C%2014910%20Benamej%C3%AD%2C%20C%C3%B3rdoba%2C%20Espa%C3%B1a&query_place_id=ChIJG-5D9Ch9bQ0R8YtrGmE_r_Q,37.2768522,-4.5306786,/productores/es/andalucia/cordoba/brigantes-benameji-benameji.webp,verificado,sí,ecommerce,,2611,es
aceites-torresur-s-l-bujalance,"Aceites Torresur, S.L.",Bujalance,Aceite,Aceite de oliva virgen extra,"Ctra. A-306 (El Carpio-Torredonjimeno) km 14,340, 14650 Bujalance, Córdoba",Aceites Torresur trabaja en Bujalance exclusivamente con Picual y fue pionera en la zona en separar la aceituna recogida del árbol de la procedente del suelo.,"lunes: 9:00–14:00, 16:00–18:00 | martes: 9:00–14:00, 16:00–18:00 | miércoles: 9:00–14:00, 16:00–18:00 | jueves: 9:00–14:00, 16:00–18:00 | viernes: 9:00–14:00, 16:00–18:00 | sábado: Cerrado | domingo: Cerrado",+34608400166,contacto@torrebujalance.com,https://torrebujalance.com/,,,https://www.google.com/maps/search/?api=1&query=Aceites%20Torresur%2C%20S.L.%2C%20A-306%2C%20km%2014%2C%20300%2C%2014650%20Bujalance%2C%20C%C3%B3rdoba%2C%20Espa%C3%B1a&query_place_id=ChIJN-IeZQ2rbQ0RdWEMenkMyNk,37.8909453,-4.3729549,/productores/es/andalucia/cordoba/aceites-torresur-s-l-bujalance.webp,verificado,sí,ecommerce,,216,es
alma-de-cantaro-bujalance,Alma de Cántaro,Bujalance,Aceite,AOVE premium y ecológico,"C. Matador de Toros Antonio José Galán, 41, 14650 Bujalance, Córdoba","Alma de Cántaro elabora en Bujalance AOVE Picual premium, ecológico y de distintos puntos de maduración; su frutado verde se recoge a finales de septiembre y requiere 18 kilos de aceituna por litro.",lunes: 8:00–19:00 | martes: 8:00–19:00 | miércoles: 8:00–19:00 | jueves: 8:00–19:00 | viernes: 8:00–14:00 | sábado: Cerrado | domingo: Cerrado,+34684109094,aceitesalmacantaro@gmail.com,https://aceitesalmadecantaro.com/,https://www.facebook.com/p/Alma-de-C%C3%A1ntaro-100091827260698/,https://www.instagram.com/almadecantaro.aoves,https://www.google.com/maps/search/?api=1&query=Alma%20de%20C%C3%A1ntaro%2C%20C.%20Matador%20de%20Toros%20Antonio%20Jos%C3%A9%20Gal%C3%A1n%2C%2041%2C%2014650%20Bujalance%2C%20C%C3%B3rdoba%2C%20Espa%C3%B1a&query_place_id=ChIJt1WKWiSrbQ0RBPk7JLFNAEs,37.8897345,-4.3820603,/productores/es/andalucia/cordoba/alma-de-cantaro-bujalance.webp,verificado,sí,ecommerce,,615,es
legumbres-ortiz-s-l-cabra,Legumbres Ortiz S.L.,Cabra,Legumbres,legumbres secas envasadas,"Polígono Industrial El Junquillo, 55, 14940 Cabra, Córdoba",Empresa de Cabra activa desde 1993 dedicada al envasado y venta mayorista de legumbres.,lunes: 8:00–20:00 | martes: 8:00–20:00 | miércoles: 8:00–20:00 | jueves: 8:00–20:00 | viernes: 8:00–20:00 | sábado: Cerrado | domingo: Cerrado,+34957525095,,,,,https://www.google.com/maps/search/?api=1&query=Legumbres%20Ortiz%20S.L.%2C%20Pol%C3%ADgono%20Industrial%20El%20Junquillo%2C%2055%2C%2014940%20Cabra%2C%20C%C3%B3rdoba%2C%20Espa%C3%B1a&query_place_id=ChIJzUYgEHh2bQ0RZ-jnlCHGpiA,37.4725348,-4.449971,,parcial,no,,,8092,es
reina-de-la-subbetica-cabra,Reina de la Subbética,Cabra,Miel,Miel y productos apícolas,"Parque Natural de las Sierras Subbéticas, Cabra, Córdoba","Proyecto apícola sostenible de la Subbética con miel pura, productos apícolas y visitas a colmenas.",lunes: Abierto 24 horas | martes: Abierto 24 horas | miércoles: Abierto 24 horas | jueves: Abierto 24 horas | viernes: Abierto 24 horas | sábado: Abierto 24 horas | domingo: Abierto 24 horas,+34617796195,,https://lareinadelasubbetica.com/,,,https://www.google.com/maps/search/?api=1&query=Reina%20de%20la%20Subb%C3%A9tica%2C%20Parque%20Natural%20de%20la%20sierras%20subbeticas%2C%2014960%20Cabra%2C%20C%C3%B3rdoba%2C%20Espa%C3%B1a&query_place_id=ChIJGRLDUwyfbQ0R7eFFheiKaCA,37.4868968,-4.3531517,/productores/es/andalucia/cordoba/reina-de-la-subbetica-cabra.webp,verificado,sí,telefono,,11077,es
almazaras-de-la-subbetica-s-c-a-carcabuey,"Almazaras de la Subbética, S.C.A.",Carcabuey,Aceite,Aceite de oliva virgen extra,"A-339 km 17,850, 14810 Carcabuey, Córdoba","Almazaras de la Subbética elabora en Carcabuey AOVEs como Rincón de la Subbética, ecológico de Hojiblanca de cosecha temprana, y Parqueoliva Serie Oro, a partir de frutos seleccionados al inicio de campaña.","lunes: 8:00–14:00, 16:00–18:30 | martes: 8:00–14:00, 16:00–18:30 | miércoles: 8:00–14:00, 16:00–18:30 | jueves: 8:00–14:00, 16:00–18:30 | viernes: 8:00–14:00, 16:00–18:30 | sábado: 8:30–13:00 | domingo: Cerrado",+34957547028,comercial@almazarasdelasubbetica.com,https://almazarasdelasubbetica.com/,https://www.facebook.com/almazarasdelasubbetica/,https://www.instagram.com/almasubbetica/,https://www.google.com/maps/search/?api=1&query=Almazaras%20de%20la%20Subb%C3%A9tica%2C%20S.C.A.%2C%20A-339%20km%2017%2C850%2C%2014810%20Carcabuey%2C%20C%C3%B3rdoba%2C%20Espa%C3%B1a&query_place_id=ChIJI3Att1KabQ0ReieP0eZ33no,37.4635232,-4.2694605,/productores/es/andalucia/cordoba/almazaras-de-la-subbetica-s-c-a-carcabuey.webp,verificado,sí,ecommerce,,678,es
queseria-artesanal-el-palancar-carcabuey,Quesería Artesanal El Palancar,Carcabuey,Lácteos y quesos,Queso artesanal,"carretera A-339, Cabra-Priego km 15, 14810 Carcabuey, Córdoba",Quesería familiar de Carcabuey dedicada a elaborar y vender queso artesanal de cabra.,"lunes: 9:00–14:30, 16:30–20:30 | martes: 9:00–14:30, 16:30–20:30 | miércoles: 9:00–14:30, 16:30–20:30 | jueves: 9:00–14:30, 16:30–20:30 | viernes: 9:00–14:30, 16:30–20:30 | sábado: 9:00–14:00, 17:00–20:00 | domingo: 10:00–14:00, 17:00–20:30",+34957720095,info@queseriaelpalancar.es,https://queseriaelpalancar.es/,https://www.facebook.com/quesosartesanoselpalancar/,https://www.instagram.com/queseriaelpalancar/,https://www.google.com/maps/search/?api=1&query=Queseria%20Artesanal%20El%20Palancar%2C%20carretera%20A-339%2C%20Cabra-Priego%20km%2015%2C%2014810%20Carcabuey%2C%20C%C3%B3rdoba%2C%20Espa%C3%B1a&query_place_id=ChIJm7eUwuabbQ0R4x6GrB38Ze0,37.4687298,-4.2975863,,verificado,sí,ecommerce,,10437,es
pasteleria-artesanal-paulina-martos-carcabuey-carcabuey,Pastelería Artesanal Paulina Martos,Carcabuey,Pan y cereal,"Pan, bollería y dulces artesanos","C/Rafael Delgado Benitez, 17, 14810 Carcabuey, Córdoba","Paulina Martos mantiene en Carcabuey una pastelería familiar iniciada en 1872, con cinco generaciones elaborando dulces tradicionales a partir de ingredientes naturales y recetas de siempre.","lunes: Cerrado | martes: 8:00–14:00 | miércoles: 8:00–14:00 | jueves: 8:00–14:00 | viernes: 8:00–14:00 | sábado: 8:00–14:00, 17:00–20:00 | domingo: 8:00–15:00",+34957553009,,https://www.paulinamartos.com/,https://www.facebook.com/pasteleriapaulinamartos/,https://www.instagram.com/pasteleriapaulinamartos/,https://www.google.com/maps/search/?api=1&query=Pasteler%C3%ADa%20Artesanal%20Paulina%20Martos%28Carcabuey%29%2C%20C%2FRafael%20Delgado%20Benitez%2C%2017%2C%2014810%20Carcabuey%2C%20C%C3%B3rdoba%2C%20Espa%C3%B1a&query_place_id=ChIJ93vPxVKabQ0RWBSPNrbd3E0,37.4427024,-4.2734957,/productores/es/andalucia/cordoba/pasteleria-artesanal-paulina-martos-carcabuey-carcabuey.webp,verificado,sí,ecommerce,,9773,es
iberico-de-cardena-s-l-cardena,Ibérico de Cardeña S.L.,Cardeña,Carne,"jamón, embutidos y chacinas","Lugar, Cam. Aldea del Cerezo, s/n, 14445 Cardeña, Córdoba",Elaborador cárnico con instalaciones en el Camino de la Aldea del Cerezo de Cardeña y gama de jamones y chacinas.,"lunes: 8:00–14:00, 16:00–18:00 | martes: 8:00–14:00, 16:00–18:00 | miércoles: 8:00–14:00, 16:00–18:00 | jueves: 8:00–14:00, 16:00–18:00 | viernes: 8:00–14:00, 16:00–18:00 | sábado: 8:00–14:00 | domingo: Cerrado",+34957174350,jamon@ibericodecardena.com,https://ibericodecardena.com/,,https://www.instagram.com/ibericodecardena/,https://www.google.com/maps/search/?api=1&query=Ib%C3%A9rico%20de%20Carde%C3%B1a%20S.L%2C%20Lugar%2C%20Cam.%20Aldea%20del%20Cerezo%2C%20s%2Fn%2C%2014445%20Carde%C3%B1a%2C%20C%C3%B3rdoba%2C%20Espa%C3%B1a&query_place_id=ChIJrZnLhOxnbA0RbJhpp7GDCmk,38.2684516,-4.314166,,verificado,no,,,7043,es
oleogaia-ecologico-castro-del-rio,Oleogaia Ecológico,Castro del Río,Aceite,AOVE,"Cta. Mesones, 8, 14840 Castro del Río, Córdoba",OleoGaia es una empresa familiar de Castro del Río que cultiva sus olivos sin químicos y combina prácticas tradicionales con técnicas actuales para producir AOVE ecológico.,lunes: Cerrado | martes: 9:00–14:00 | miércoles: 9:00–14:00 | jueves: 9:00–14:00 | viernes: 9:00–14:00 | sábado: 9:00–14:00 | domingo: Cerrado,+34648242570,,https://www.oleogaiaecologico.com/,,https://www.instagram.com/oleogaiaecologico/,https://www.google.com/maps/search/?api=1&query=Oleogaia%20Ecol%C3%B3gico%2C%20Cta.%20Mesones%2C%208%2C%2014840%20Castro%20del%20R%C3%ADo%2C%20C%C3%B3rdoba%2C%20Espa%C3%B1a&query_place_id=ChIJzf1KZJcPbQ0Rc7Oev5vjWmA,37.6882709,-4.480434499999999,,verificado,sí,ecommerce,,9207,es
productos-moreno-granja-a-huevo-castro-del-rio,Productos Moreno - Granja Ahuevo,Castro del Río,Huevos,Huevos camperos y magdalenas artesanas,"C. Luis Braille, 22, 14840 Castro del Río, Córdoba",Proyecto de Castro del Río que integra la granja de huevos camperos Ahuevo y la elaboración de magdalenas con huevos propios.,lunes: 10:00–14:00 | martes: 10:00–16:00 | miércoles: 10:00–14:00 | jueves: Cerrado | viernes: Cerrado | sábado: Cerrado | domingo: Cerrado,+34675557907,pedidos@granjaahuevo.es,https://productosmoreno.es/,,,https://www.google.com/maps/search/?api=1&query=Productos%20Moreno%20-%20Granja%20A%20Huevo%2C%20C.%20Luis%20Braille%2C%2022%2C%2014840%20Castro%20del%20R%C3%ADo%2C%20C%C3%B3rdoba%2C%20Espa%C3%B1a&query_place_id=ChIJMaYilOUJbQ0Rl7rlxVX5KE4,37.6950786,-4.4728714,/productores/es/andalucia/cordoba/productos-moreno-granja-a-huevo-castro-del-rio.webp,verificado,sí,ecommerce,,10327,es
sociedad-cooperativa-andaluza-de-consumo-guadajoz-castro-del-rio,Cooperativa de Consumo Guadajoz,Castro del Río,Pan y cereal,Panadería y confitería,"Carretera Doña Mencía km 1 s/n, 14840 Castro del Río, Córdoba","La Cooperativa Guadajoz hornea en Castro del Río pan desde 1983 y desarrolla confitería artesanal desde 1985, con pestiños, roscos de vino, pastel cordobés y la Tarta Mozárabe de almendra y azúcar.",,+34957370701,hola@consumoguadajoz.com,https://consumoguadajoz.com/,,,https://www.google.com/maps/search/?api=1&query=Cooperativa%20de%20Consumo%20Guadajoz%2C%20Carretera%20Do%C3%B1a%20Menc%C3%ADa%20km%201%20s%2Fn%2C%2014840%20Castro%20del%20R%C3%ADo%2C%20C%C3%B3rdoba&query_place_id=ChIJVRfsjUwJbQ0RKDiuCZqa0uY,37.6916807,-4.4768323,,verificado,sí,ecommerce,,4478,es
miluma-canete-de-las-torres,Miluma,Cañete de las Torres,Aceite,"AOVE, legumbres y semillas","Carretera A306, Km 19, 14660 Cañete de las Torres, Córdoba","Miluma produce en Cañete de las Torres AOVE de primera molienda, En Rama y ecológico; su despensa incorpora también legumbres y semillas.","lunes: 8:00–15:00, 16:00–19:00 | martes: 8:00–15:00, 16:00–19:00 | miércoles: 8:00–15:00, 16:00–19:00 | jueves: 8:00–15:00, 16:00–19:00 | viernes: 8:00–15:00, 16:00–19:00 | sábado: 9:00–14:00 | domingo: Cerrado",+34957183211,tienda@aceitemiluma.es,https://aceitemiluma.es/,https://www.facebook.com/aceitesmiluma,https://www.instagram.com/aceitemiluma/,https://www.google.com/maps/search/?api=1&query=Miluma%2C%20Carretera%20A306%2C%20Km%2019%2C%2014660%20Ca%C3%B1ete%20de%20las%20Torres%2C%20C%C3%B3rdoba%2C%20Espa%C3%B1a&query_place_id=ChIJmxJxL2SrbQ0RVLfmqRn_SZs,37.8734883,-4.3188514,/productores/es/andalucia/cordoba/miluma-canete-de-las-torres.webp,verificado,sí,ecommerce,,8857,es
chips-by-raquel-canete-de-las-torres,Chips by Raquel,Cañete de las Torres,Aperitivos,patatas fritas artesanas Tradicional y Premium en 50 y 150 g,"C. del Aceite, 7, 14660 Cañete de las Torres, Córdoba","Elaborador de Córdoba que fríe sus patatas en sartén con patata agria nacional, AOVE y aceite de girasol alto oleico.","lunes: 8:30–14:00, 16:00–18:00 | martes: 8:30–14:00, 16:00–18:00 | miércoles: 8:30–14:00, 16:00–18:00 | jueves: 8:30–14:00, 16:00–18:00 | viernes: 8:30–14:00, 16:00–18:00 | sábado: Cerrado | domingo: Cerrado",+34689457293,comercial@patatasraquelfood.com,https://chipsbyraquel.com/,,https://www.instagram.com/chipsbyraquel/,https://www.google.com/maps/search/?api=1&query=Chips%20by%20Raquel%2C%20C.%20del%20Aceite%2C%207%2C%2014660%20Ca%C3%B1ete%20de%20las%20Torres%2C%20C%C3%B3rdoba%2C%20Espa%C3%B1a&query_place_id=ChIJ35-XvBerbQ0RkMTxLNgDx0I,37.8618549,-4.3198129,/productores/es/andalucia/cordoba/chips-by-raquel-canete-de-las-torres.webp,verificado,no,,,4005,es
aceites-hacienda-penillas-cordoba,ACEITES HACIENDA PEÑILLAS,Luque,Aceite,Aceite de oliva virgen extra,"CO-6204, 14880 Luque, Córdoba","Hacienda Peñillas moltura en la almazara de su finca de Luque las variedades Picual, Picudo y Hojiblanco, que envasa como monovarietales y coupage.",lunes: 9:00–18:00 | martes: 9:00–18:00 | miércoles: 9:00–18:00 | jueves: 9:00–18:00 | viernes: 9:00–18:00 | sábado: Cerrado | domingo: Cerrado,+34638086467,info@aceitespenillas.com,https://www.aceitespenillas.com/,,https://www.instagram.com/aceitespenillas/,https://www.google.com/maps/search/?api=1&query=ACEITES%20HACIENDA%20PE%C3%91ILLAS%2C%20CO-6204%2C%2014880%2C%20C%C3%B3rdoba%2C%20Espa%C3%B1a&query_place_id=ChIJZcHfyemibQ0RvF0nP9V21i0,37.5910797,-4.2553319,/productores/es/andalucia/cordoba/aceites-hacienda-penillas-cordoba.webp,verificado,sí,ecommerce,,175,es
almazara-castillo-del-valle-cordoba,Almazara Castillo del Valle,Belalcázar,Aceite,Aceite de oliva virgen extra,"Paraje de San Pedro s/n, 14280 Belalcázar, Córdoba",La familia Morillo Jurado fundó en Belalcázar la Almazara Castillo del Valle en 2018 para elaborar y vender su propio aceite de oliva.,lunes: 8:00–14:00 | martes: 8:00–14:00 | miércoles: 8:00–14:00 | jueves: 8:00–14:00 | viernes: 8:00–14:00 | sábado: Cerrado | domingo: Cerrado,+34660592816,pedidos@almazaracastillodelvalle.com,https://almazaracastillodelvalle.com/,https://www.facebook.com/Almazara-Castillo-del-Valle-108635180741102,https://www.instagram.com/aceitebelloalcazar/,https://www.google.com/maps/search/?api=1&query=ALMAZARA%20CASTILLO%20DEL%20VALLE%2C%20Unnamed%20Road%2C%2014280%2C%2014280%2C%2014280%2C%20C%C3%B3rdoba%2C%20Espa%C3%B1a&query_place_id=ChIJbeFH3qOpFA0RAMwRIy4N9OU,38.5804992,-5.1848376,/productores/es/andalucia/cordoba/almazara-castillo-del-valle-cordoba.webp,verificado,sí,ecommerce,,628,es
hacienda-fuencubierta,Hacienda Fuencubierta,Córdoba,Aceite,Aceite de oliva virgen extra,"C-A 3051, Km 2, 14001 Córdoba",Hacienda Fuencubierta obtiene en Córdoba su AOVE de aceitunas en sazón mediante procedimientos mecánicos y lo envasa en formatos como la botella de 500 ml.,lunes: 9:30–16:30 | martes: 9:30–16:30 | miércoles: 9:30–16:30 | jueves: 9:30–16:30 | viernes: 9:30–16:30 | sábado: 10:30–13:30 | domingo: Cerrado,+34679634191,info@aceitesfuencubierta.com,https://www.aceitesfuencubierta.com/,,,https://www.google.com/maps/search/?api=1&query=Hacienda%20Fuencubierta%2C%20C-A%203051%2C%20Km%202%2C%2014001%20C%C3%B3rdoba%2C%20Espa%C3%B1a&query_place_id=ChIJF0Kv3p8gbQ0RJ5_4GpFr5aw,37.8443279,-4.8215597,/productores/es/andalucia/cordoba/hacienda-fuencubierta.webp,verificado,sí,ecommerce,,6682,es
monteoliva-cordobesa-s-l-cordoba,Monteoliva Cordobesa S.L.,Montilla,Aceite,Aceite de oliva virgen extra,"Finca Ejido, Ctra. Montilla-Cabra km 4,9, 14550 Montilla, Córdoba","Monteoliva Cordobesa cultiva desde 1870 olivos propios de Arbequina, Picual y Hojiblanca en Montilla y elabora artesanalmente el AOVE ecológico PAZ.",lunes: 8:00–20:00 | martes: 8:00–20:00 | miércoles: 8:00–20:00 | jueves: 8:00–20:00 | viernes: 8:00–20:00 | sábado: Cerrado | domingo: Cerrado,+34957335397,info@monteolivacordobesa.es,https://monteolivacordobesa.es/,,https://www.instagram.com/monteolivacordobesa/,https://www.google.com/maps/search/?api=1&query=Monteoliva%20Cordobesa%20S.L.%2C%20C%C3%B3rdoba%20ES%2C%20FINCA%20EJIDO%2C%20Ctra.%20Montilla-Cabra%2C%20km.%204%2C9%2C%2014550%2C%20%C2%B7%2C%20Espa%C3%B1a&query_place_id=ChIJLbqJMXkTbQ0RSShdurLJ6EU,37.5513076,-4.6076694,/productores/es/andalucia/cordoba/monteoliva-cordobesa-s-l-cordoba.webp,verificado,sí,ecommerce,,8941,es
olisur-aceites-s-l,Olisur Aceites S.L.,Córdoba,Aceite,aceite de oliva y derivados,"Polígono Industrial Las Quemadas, C. Juan Bautista Escudero, 21, 14014 Córdoba",Fabricante y envasador de aceites y derivados con instalaciones en el polígono Las Quemadas de Córdoba.,"lunes: 9:00–14:00, 16:00–19:00 | martes: 9:00–14:00, 16:00–19:00 | miércoles: 9:00–14:00, 16:00–19:00 | jueves: 9:00–14:00, 16:00–19:00 | viernes: 9:00–14:00, 16:00–19:00 | sábado: Cerrado | domingo: Cerrado",+34957326610,olisur@hotmail.es,,,,https://www.google.com/maps/search/?api=1&query=Olisur%20Aceites%20S%20L%2C%20Pol%C3%ADgono%20Industrial%20Las%20Quemadas%2C%20C.%20Juan%20Bautista%20Escudero%2C%2021%2C%2014014%20C%C3%B3rdoba%2C%20Espa%C3%B1a&query_place_id=ChIJIRlax6LfbA0RTbdSBRPoyRQ,37.9099287,-4.7178593,,parcial,no comprobado,,,9260,es
pena-de-baena-aceite-de-oliva-virgen-extra,Peña de Baena - Aceite de Oliva Virgen Extra,Córdoba,Aceite,AOVE Peña de Baena con DOP Baena,"C. Francisco Peña, 1, 14013 Córdoba","Firma oleícola familiar con más de tres generaciones dedicada a AOVE de cosecha propia en fincas y almazaras de Baena; comercializa las marcas Peña de Baena, Corona de Baena y Molino de Ízcar.",lunes: 8:00–14:00 | martes: 8:00–14:00 | miércoles: 8:00–14:00 | jueves: 8:00–14:00 | viernes: 8:00–14:00 | sábado: Cerrado | domingo: Cerrado,+34957760003,aceite@baenaoliva.com,https://baenaoliva.com/,,https://www.instagram.com/baenaoliva/,https://www.google.com/maps/search/?api=1&query=Pe%C3%B1a%20de%20Baena%20-%20Aceite%20de%20Oliva%20Virgen%20Extra%2C%20C.%20Francisco%20Pe%C3%B1a%2C%201%2C%2014013%20C%C3%B3rdoba%2C%20Espa%C3%B1a&query_place_id=ChIJIUWCG8EgbQ0RiCHPO7bK5Ys,37.8560107,-4.7935911,/productores/es/andalucia/cordoba/pena-de-baena-aceite-de-oliva-virgen-extra.webp,verificado,sí,ecommerce,,10122,es
familia-moreno-jamones-embutidos-ibericos-cordoba,"Familia Moreno, Jamones & Embutidos Ibéricos",Villanueva de Córdoba,Carne,"Jamón, embutidos y chacinas","C. San Gregorio, 5, 14440 Villanueva de Córdoba, Córdoba","Productor familiar de jamones y embutidos ibéricos de Los Pedroches en Villanueva de Córdoba, revisado con fuente oficial.","lunes: 10:00–14:00, 16:30–20:30 | martes: 10:00–14:00, 16:30–20:30 | miércoles: 10:00–14:00, 16:30–20:30 | jueves: 10:00–14:00, 16:30–20:30 | viernes: 10:00–14:00, 16:30–20:30 | sábado: 10:00–14:00 | domingo: Cerrado",+34857801175,info@familiamoreno.es,https://www.familiamoreno.es/,https://www.facebook.com/familiamorenosl,https://www.instagram.com/familiamorenosl/,https://www.google.com/maps/search/?api=1&query=Familia%20Moreno%2C%20Jamones%20%26%20Embutidos%20Ib%C3%A9ricos%2C%20C.%20San%20Gregorio%2C%205%2C%2014440%20Villanueva%20de%20C%C3%B3rdoba%2C%20C%C3%B3rdoba&query_place_id=ChIJ-VP_q4KRbA0RLj8sEUZZuh4,38.3222155,-4.6235194,/productores/es/andalucia/cordoba/familia-moreno-jamones-embutidos-ibericos-cordoba.webp,verificado,sí,ecommerce,,5763,es
ibericos-azoche,Ibéricos Azoche,Córdoba,Carne,"jamones ibéricos, lomo, chorizo, salchichón y carnes","Av. de las Lonjas, sn, MERCACORDOBA. Módulo 7, Sureste, 14010 Córdoba","Marca de ibéricos nacida en Hinojosa del Duque, con punto de venta en Mercacórdoba y gama de jamones, embutidos y carnes.",lunes: 8:00–15:00 | martes: 8:00–15:00 | miércoles: 8:00–15:00 | jueves: 8:00–15:00 | viernes: 8:00–15:00 | sábado: Cerrado | domingo: Cerrado,+34666876706,comercial@ibericosazoche.es,https://ibericosazoche.es/,,https://www.instagram.com/ibericos_azoche/,https://www.google.com/maps/search/?api=1&query=Ib%C3%A9ricos%20Azoche%2C%20Av.%20de%20las%20Lonjas%2C%20sn%2C%20MERCACORDOBA.%20M%C3%B3dulo%207%2C%20Sureste%2C%2014010%20C%C3%B3rdoba%2C%20Espa%C3%B1a&query_place_id=ChIJxU-wa64hbQ0RQHr3bpL9NAc,37.8766515,-4.7615966,/productores/es/andalucia/cordoba/ibericos-azoche.webp,parcial,no comprobado,,,7049,es
megustaeljamon-secadero-jamones-ibericos-valle-de-los-pedroches-cordoba,Ibéricos Cerroalto - Megustaeljamon,Hinojosa del Duque,Carne,"Jamón, embutidos y chacinas","Polígono Industrial La Dehesa, nave 64, 14270 Hinojosa del Duque, Córdoba","Secadero familiar de jamones y embutidos ibéricos en Hinojosa del Duque, revisado con fuente oficial.","lunes: 9:00–14:00, 16:00–20:00 | martes: 9:00–14:00, 16:00–20:00 | miércoles: 9:00–14:00, 16:00–20:00 | jueves: 9:00–14:00, 16:00–20:00 | viernes: 9:00–14:00, 16:00–20:00 | sábado: Cerrado | domingo: Cerrado",+34665988813,,https://www.ibericoscerroalto.com/,https://www.facebook.com/IbericosCerroalto/,https://www.instagram.com/ibericoscerroalto/,https://www.google.com/maps/search/?api=1&query=Megustaeljamon%20-%20Secadero%20Jamones%20Ib%C3%A9ricos%20-%20Valle%20de%20los%20Pedroches%2C%20Pol.%20Ind.%20la%20Dehesa%2C%2064%20NAVE%2C%2064%2C%2014270%2C%20C%C3%B3rdoba%2C%20Espa%C3%B1a&query_place_id=ChIJiSKzLYBWEw0RCnlCkBvPH8U,38.4837811,-5.1252404,/productores/es/andalucia/cordoba/megustaeljamon-secadero-jamones-ibericos-valle-de-los-pedroches-cordoba.webp,verificado,sí,ecommerce,,7056,es
pastrami-artesano-romera-martinez,Pastrami Artesano Romera Martínez,Córdoba,Carne,pastrami artesano de vacuno en pieza y loncheado,"C. Imprenta de la Alborada, 116, Nave 6, 14014 Córdoba",Obrador de Las Quemadas que cura y ahúma pastrami de vacuno y lo distribuye en piezas al vacío y paquetes loncheados.,,+34653493765,pastramiromeramartinez@gmail.com,,,,https://www.google.com/maps/search/?api=1&query=Pastrami%20Artesano%20Romera%20Mart%C3%ADnez%2C%20C.%20Imprenta%20de%20la%20Alborada%2C%20116%2C%20Nave%206%2C%2014014%20C%C3%B3rdoba%2C%20Espa%C3%B1a&query_place_id=ChIJ-XdnWADhbA0REWXVvvxosZc,37.8983986,-4.721150199999999,,parcial,no,,,10040,es
cervezas-califa,Cervezas Califa,Córdoba,Cerveza,Cerveza artesana,"Calle Letonia, Poligono Industrial las Quemadas, 145-149, Nave 12.A, 14014 Córdoba","Cervezas Califa nació en Córdoba en 2013 y elabora sus cervezas con maltas de trigo y cebada, lúpulos seleccionados, levadura y agua local, combinando tradición e innovación.",lunes: 9:00–13:00 | martes: 9:00–13:00 | miércoles: 9:00–13:00 | jueves: 9:00–13:00 | viernes: 9:00–13:00 | sábado: Cerrado | domingo: Cerrado,+34678428330,info@cervezascalifa.com,https://cervezascalifa.com/,https://www.facebook.com/Cervezas.Califa,https://www.instagram.com/cervezascalifa/,https://www.google.com/maps/search/?api=1&query=Cervezas%20Califa%2C%20Calle%20Letonia%2C%20Poligono%20Industrial%20las%20Quemadas%2C%20145-149%2C%20Nave%2012.A%2C%2014014%20C%C3%B3rdoba%2C%20Espa%C3%B1a&query_place_id=ChIJNxSiTH3fbA0RS15Wqv59tAs,37.89783,-4.73131,/productores/es/andalucia/cordoba/cervezas-califa.webp,verificado,sí,ecommerce,,3942,es
perro-flaco-co-beer-factory,Perro Flaco & Co Beer Factory,Córdoba,Cerveza,Cerveza artesana,"Hotel Casa de los azulejos, C. Fernando Colón, 5, Centro, 14002 Córdoba","Perro Flaco elabora cerveza en la Axerquía de Córdoba con maltas certificadas que muele el mismo día de cada cocción, planteando cada cerveza como una receta singular.",,+34957470000,,https://cervezaperroflaco.com/,,,https://www.google.com/maps/search/?api=1&query=Perro%20Flaco%20%26%20Co%20Beer%20Factory%2C%20Hotel%20Casa%20de%20los%20azulejos%2C%20C.%20Fernando%20Col%C3%B3n%2C%205%2C%20Centro%2C%2014002%20C%C3%B3rdoba%2C%20Espa%C3%B1a&query_place_id=ChIJcT8nxn3fbA0R_8CdV8jNP_I,37.8838756,-4.7758666,/productores/es/andalucia/cordoba/perro-flaco-co-beer-factory.webp,verificado,sí,ecommerce,,10145,es
venoor-delices,Vénoor Délices,Córdoba,Despensa artesanal,"dátiles naturales y rellenos, pralinés y Cofre del Sol","Av. de las Lonjas, s/n, Mercacordoba, módulo 6, Sureste, 14010 Córdoba","Obrador de Vescera S.L. en Mercacórdoba que selecciona, deshuesa y rellena a mano dátiles premium con frutos secos, pralinés o chocolate.",lunes: 6:00–14:00 | martes: 6:00–14:00 | miércoles: 6:00–14:00 | jueves: 6:00–14:00 | viernes: 6:00–14:00 | sábado: Cerrado | domingo: Cerrado,+34695721864,info@venoordelices.com,https://venoor.es/,https://www.facebook.com/people/Vescera-D%C3%A9lices/61555937964079/,https://www.instagram.com/vescera_delices/,https://www.google.com/maps/search/?api=1&query=V%C3%A9noor%20D%C3%A9lices%2C%20Av.%20de%20las%20Lonjas%2C%20s%2Fn%2C%20Mercacordoba%2C%20modulo%206%2C%20Sureste%2C%2014010%20C%C3%B3rdoba%2C%20Espa%C3%B1a&query_place_id=ChIJNSX_qTMhbQ0RpDD8Rh5WyY0,37.8766515,-4.7615966,/productores/es/andalucia/cordoba/venoor-delices.webp,verificado,sí,ecommerce,,12102,es
buonisssimo-gelato,Buonisssimo Gelato,Córdoba,Helados,"gelatos artesanos, granizados y horchata","Rda. de Isasa, 2, Local, Centro, 14003 Córdoba",Heladería italiana de la Ribera que produce a diario gelato en su obrador a la vista y ofrece también granizados y horchata.,lunes: 13:30–23:30 | martes: 14:00–23:30 | miércoles: 14:00–20:30 | jueves: 14:00–23:30 | viernes: 14:00–0:30 | sábado: 13:30–0:30 | domingo: 13:30–23:30,+34647064001,,https://www.buonisssimo.es/,https://www.facebook.com/buonisssimo,https://www.instagram.com/buonisssimo/,https://www.google.com/maps/search/?api=1&query=Buonisssimo%20Gelato%2C%20Rda.%20de%20Isasa%2C%202%2C%20Local%2C%20Centro%2C%2014003%20C%C3%B3rdoba%2C%20Espa%C3%B1a&query_place_id=ChIJxdxDTYIgbQ0RZ1FPCcynJ9o,37.8792434,-4.7762778,/productores/es/andalucia/cordoba/buonisssimo-gelato.webp,verificado,no,,,2634,es
cremeria-di-vaniglia,Cremería di Vaniglia,Córdoba,Helados,Helados artesanos,"C. Cruz Conde, 1, Centro, 14003 Córdoba",Cremería cordobesa con helados artesanos y dulces caseros en el centro de Córdoba.,lunes: 9:00–22:00 | martes: Cerrado | miércoles: 9:00–22:00 | jueves: 9:00–22:00 | viernes: 9:00–22:00 | sábado: 9:00–22:00 | domingo: 14:00–22:00,+34671262615,,,https://www.facebook.com/cremeriadivaniglia,https://www.instagram.com/cremeriadivaniglia/,https://www.google.com/maps/search/?api=1&query=Cremeria%20di%20Vaniglia%2C%20C.%20Cruz%20Conde%2C%201%2C%20Centro%2C%2014003%20C%C3%B3rdoba%2C%20Espa%C3%B1a&query_place_id=ChIJm1mMMGPfbA0RMF5pPTKavzE,37.8853052,-4.780184999999999,,verificado,no comprobado,,,4679,es
dtorreshelados-cordoba,D'Torres Helados,Córdoba,Helados,Helados artesanos,"C. Conde de Gondomar, 7, Centro, Centro, 14003 Córdoba",Obrador cordobés de helados y tartas artesanales con encargos bajo pedido.,,+34626174938,,,,https://www.instagram.com/d_torres_postres/,https://www.google.com/maps/search/?api=1&query=D%E2%80%99TorresHelados%2C%20C.%20Conde%20de%20Gondomar%2C%207%2C%20Centro%2C%20Centro%2C%2014003%20C%C3%B3rdoba%2C%20Espa%C3%B1a&query_place_id=ChIJs13fCgDfbA0Rd_Q9hEQDtzg,37.8844879,-4.780754099999999,,verificado,sí,whatsapp,,4728,es
heladeria-escoda,Heladería Escoda,Córdoba,Helados,Helados artesanos,"Av. Dr. Fleming, 10, Centro, 14004 Córdoba",Heladería tradicional cordobesa de familia heladera jijonenca con elaboración artesanal.,,,,,https://www.facebook.com/heladeriaescoda/,https://www.instagram.com/heladeriaescoda/,https://www.google.com/maps/search/?api=1&query=Helader%C3%ADa%20Escoda%2C%20Av.%20Dr.%20Fleming%2C%2010%2C%20Centro%2C%2014004%20C%C3%B3rdoba%2C%20Espa%C3%B1a&query_place_id=ChIJAT6rN5wgbQ0RPfZtQJQOh2o,37.8783835,-4.7835449,,verificado,no comprobado,,,6720,es
helados-jijona-de-cordoba-s-l,Helados Jijona de Córdoba S.L.,Córdoba,Helados,Helados artesanos,"Av. de Carlos III, 40, Levante, 14014 Córdoba","Heladería cordobesa de fabricación artesanal de helados, granizados, horchatas y tartas.",lunes: 16:00–22:00 | martes: Cerrado | miércoles: 16:00–22:00 | jueves: 16:00–22:00 | viernes: 16:00–24:00 | sábado: 12:30–24:00 | domingo: 12:30–22:00,+34667566508,,,https://www.facebook.com/HeladosJijona/,https://www.instagram.com/heladosjijonadecordoba/,https://www.google.com/maps/search/?api=1&query=Helados%20Jijona%20de%20C%C3%B3rdoba%20S.L.%2C%20Av.%20de%20Carlos%20III%2C%2040%2C%20Levante%2C%2014014%20C%C3%B3rdoba%2C%20Espa%C3%B1a&query_place_id=ChIJx3unoJHfbA0ROoQJ49DX3Xw,37.8958496,-4.7552728,,verificado,no comprobado,,,6742,es
helados-la-flor-de-levante-1934,Helados La Flor de Levante 1934,Córdoba,Helados,Helados artesanos,"Pl. de las Tendillas, 2, Centro, 14002 Córdoba",Heladería cordobesa con helados artesanos desde 1934 y elaboración diaria según recetas tradicionales.,lunes: 12:00–24:00 | martes: 12:00–24:00 | miércoles: 12:00–24:00 | jueves: 12:00–24:00 | viernes: 12:00–24:00 | sábado: 12:00–24:00 | domingo: Cerrado,,,,https://www.facebook.com/laflordelevante.es/,https://www.instagram.com/laflordelevante1934/,https://www.google.com/maps/search/?api=1&query=Helados%20La%20Flor%20de%20Levante%201934%2C%20Pl.%20de%20las%20Tendillas%2C%202%2C%20Centro%2C%2014002%20C%C3%B3rdoba%2C%20Espa%C3%B1a&query_place_id=ChIJJb_-Kn3fbA0RJypsP5DIhWE,37.8842715,-4.7790497,,verificado,no comprobado,,,6743,es
nocciolata-gelateria,Nocciolata Gelateria,Córdoba,Helados,"helados italianos artesanos, tartas, bollería, crepes y gofres","Av. del Arcángel s/n (CC El Arcángel) y C. José María Martorell 18, Córdoba","Gelatería y confitería con dos locales en Córdoba que elabora diariamente helados al estilo italiano, tartas y bollería en obrador propio.",lunes: 13:30–23:00 | martes: 13:30–23:00 | miércoles: 13:30–23:00 | jueves: 13:30–23:00 | viernes: 13:30–24:00 | sábado: 13:30–24:00 | domingo: 13:30–23:00,+34744641906,hola@nocciolatagelateria.com,https://nocciolatagelateria.com/,https://www.facebook.com/nocciolatagelateria/,https://www.instagram.com/nocciolatagelateria/,https://www.google.com/maps/search/?api=1&query=Nocciolata%20Gelateria%2C%20Av.%20del%20Arc%C3%A1ngel%2C%20s%2Fn%2C%20Sureste%2C%2014010%20C%C3%B3rdoba%2C%20Espa%C3%B1a&query_place_id=ChIJIUHIinMhbQ0RdiR-OhpF8_o,37.8772551,-4.7666113,/productores/es/andalucia/cordoba/nocciolata-gelateria.webp,verificado,no comprobado,,,9071,es
piamonte-d-ambrosio,Piamonte D'Ambrosio,Córdoba,Helados,"helado de turrón con miel de la Sierra de Córdoba y vinos de Moriles, helados personalizados y gastronómicos","Paseo Cristo del Descendimiento 4, local 7, 14009 Córdoba",Heladería de José Ambrosio que elabora en su obrador helados artesanos con ingredientes locales; su helado de turrón fue reconocido como el mejor de España en 2024.,lunes: Cerrado | martes: Cerrado | miércoles: 17:30–00:30 | jueves: 17:30–00:30 | viernes: 17:30–00:30 | sábado: 15:30–01:00 | domingo: 14:30–22:00,+34624564326,piccolapiamonte@gmail.com,https://www.heladoartesano.com/,,https://www.instagram.com/ilpiamonte/,https://www.google.com/maps/search/?api=1&query=Piamonte%20D%27Ambrosio%2C%20Paseo%20Cristo%20del%20Descendimiento%2C%204%2C%20local%207%2C%20Sur%2C%2014009%20C%C3%B3rdoba%2C%20Espa%C3%B1a&query_place_id=ChIJuYqau_QhbQ0RerR53ZtPU1s,37.87433010000001,-4.774154999999999,,verificado,no,,,10169,es
piacerino-heladeria-y-chocolateria-100-artesanal-cordoba,Piacerino Heladería y Chocolatería Artesanal,Córdoba,Helados,Helados artesanos,"C. Historiador Díaz del Moral, 1, Centro, 14008 Córdoba",Heladería artesanal de Córdoba con helados y sorbetes de elaboración diaria y fruta natural.,lunes: 14:00–21:00 | martes: 14:00–22:00 | miércoles: 14:00–22:00 | jueves: 14:00–22:30 | viernes: 14:00–0:30 | sábado: 14:00–24:00 | domingo: 14:00–21:00,+34645344045,,,https://www.facebook.com/p/Heladeria-Piacerino-61576876382925/,https://www.instagram.com/heladeriapiacerino/,https://www.google.com/maps/search/?api=1&query=Piacerino%20Helader%C3%ADa%20y%20Chocolater%C3%ADa%20Artesanal%2C%20C.%20Historiador%20D%C3%ADaz%20del%20Moral%2C%201%2C%20Centro%2C%2014008%20C%C3%B3rdoba%2C%20Espa%C3%B1a&query_place_id=ChIJf8li4MPfbA0RWu4YtNqYBrE,37.8853237,-4.780692,,verificado,no comprobado,,,10168,es
distribuidora-aguilar-sanchez-alimentaria-cordoba,Aguilar Sánchez Alimentaria,Córdoba,Legumbres,"garbanzos, alubias y lentejas La Flor y La Flor del Garbanzo","Polígono Industrial Amargacena, parc 14, nave 4, 14013 Córdoba","Empresa familiar que clasifica, trata y envasa legumbres en Córdoba desde los años setenta bajo las marcas La Flor y La Flor del Garbanzo.",lunes: 8:00–15:00 | martes: 8:00–15:00 | miércoles: 8:00–15:00 | jueves: 8:00–15:00 | viernes: 8:00–15:00 | sábado: Cerrado | domingo: Cerrado,+34957201844,a.aguilar@cgac.es,https://aguilarsanchez.com/,,,https://www.google.com/maps/search/?api=1&query=Distribuidora%20Aguilar%20S%C3%A1nchez%20Alimentaria%2C%20Pol%C3%ADgono%20Industrial%20Amargacena%2C%20parc%2014%2C%20nave%204%2C%2014013%20C%C3%B3rdoba%2C%20Espa%C3%B1a&query_place_id=ChIJ_____78jbQ0Rog9ehyW1z4Y,37.847656,-4.7982321,/productores/es/andalucia/cordoba/distribuidora-aguilar-sanchez-alimentaria-cordoba.webp,verificado,no,,,501,es
pacharan-tia-arantza,Pacharán Tía Arantza,Córdoba,Destilados y licores,Pacharán,"C. Bailarina Anna Pavlova, 10, bloque 3 bajo b, 14011 Córdoba","Pacharán Tía Arantza nació en Córdoba a partir de una receta familiar y se elabora artesanalmente en Fernán Núñez con endrinas, un toque de azúcar y canela, presentado en frasca galera hecha en La Rambla.",lunes: 8:00–20:00 | martes: 8:00–20:00 | miércoles: 8:00–20:00 | jueves: 8:00–20:00 | viernes: 8:00–20:00 | sábado: 8:00–14:00 | domingo: Cerrado,+34630284555,tiaarantzapremium@gmail.com,http://www.tiaarantza.com/,,https://www.instagram.com/pacharan_tia_arantza/,https://www.google.com/maps/search/?api=1&query=Pachar%C3%A1n%20T%C3%ADa%20Arantza%2C%20C.%20Bailarina%20Anna%20Pavlova%2C%2010%2C%20bloque%203%20bajo%20b%2C%2014011%20C%C3%B3rdoba%2C%20Espa%C3%B1a&query_place_id=ChIJp8Rgq4vfbA0RGnh8PTmPyI4,37.8952987,-4.8031735,/productores/es/andalucia/cordoba/pacharan-tia-arantza.webp,verificado,sí,ecommerce,,9386,es
corduba-miel,Corduba Miel,Córdoba,Miel,Miel y productos apícolas,"HUERTA DE LA CRUZ S/N, 14010 Córdoba",Empresa apícola de Córdoba dedicada a la producción artesanal de miel y productos derivados de la colmena.,,+34696044746,cordubamiel@gmail.com,https://cordubamiel.es/,https://www.facebook.com/p/Corduba-Miel-100063712593417/,https://www.instagram.com/cordubamiel1985/,https://www.google.com/maps/search/?api=1&query=CORDUBA%20MIEL%2C%20HUERTA%20DE%20LA%20CRUZ%20S%2FN%2C%2014010%20C%C3%B3rdoba%2C%20Espa%C3%B1a&query_place_id=ChIJF1Cp4XYgbQ0RJQ5QmnvyHOs,37.8788385,-4.7560985,/productores/es/andalucia/cordoba/corduba-miel.webp,verificado,sí,ecommerce,,4637,es
canadu-artesanos,Cañadú Artesanos,Córdoba,Pan y cereal,"Pan artesano, bollería, tartas, bizcochos y dulces","Calle Vázquez Aroca 25, local 1, 14005 Córdoba","Obrador cordobés de panadería y pastelería tradicional que recibe encargos de tartas, bizcochos y dulces por teléfono.",lunes: 8:00–15:00 | martes: 8:00–15:00 | miércoles: 8:00–15:00 | jueves: 8:00–15:00 | viernes: 8:00–15:00 | sábado: 8:30–14:30 | domingo: Cerrado,+34614281514,,,,https://www.instagram.com/canaduartesanos/,https://www.google.com/maps/search/?api=1&query=Ca%C3%B1ad%C3%BA%20Artesanos%2C%20Calle%20V%C3%A1zquez%20Aroca%2025%2C%20local%201%2C%2014005%20C%C3%B3rdoba&query_place_id=ChIJ7S1I_l7fbA0RQoy-mEgSYyA,37.8835042,-4.7935249,,verificado,sí,telefono,,3033,es
horno-de-la-cruz,Horno de la Cruz,Córdoba,Pan y cereal,"panes tradicionales, bollería y dulces artesanos","C. Góngora 2, 14002 Córdoba (despacho); Av. Agrupación Córdoba 19, nave 7C, 14013 Córdoba (obrador)","Panadería familiar con más de un siglo de actividad y cinco generaciones, con despacho en la plaza de San Miguel y obrador propio en la avenida Agrupación Córdoba.","lunes: 9:00–14:30, 17:00–21:00 | martes: 9:00–14:30, 17:00–21:00 | miércoles: 9:00–14:30, 17:00–21:00 | jueves: 9:00–14:30, 17:00–21:00 | viernes: 9:00–14:30, 17:00–21:00 | sábado: 9:00–14:30 | domingo: Cerrado",+34957491629,hornodelacruz@gmail.com,https://sites.google.com/site/hornodelacruz/,https://www.facebook.com/p/Horno-de-la-Cruz-100004201365356/,,https://www.google.com/maps/search/?api=1&query=Horno%20de%20la%20Cruz%2C%20Calle%20G%C3%B3ngora%2C%202%2C%20Centro%2C%2014002%20C%C3%B3rdoba%2C%20Espa%C3%B1a&query_place_id=ChIJC69hTGPfbA0RriVzIUmZCUw,37.8860957,-4.7796623,/productores/es/andalucia/cordoba/horno-de-la-cruz.webp,verificado,no,,,6866,es
la-miga-panaderia-y-pasteleria,La Miga Panadería y Pastelería,Córdoba,Pan y cereal,Panes y dulces de obrador,"Av. de Rabanales, 16, Levante, 14007 Córdoba",Panadería-pastelería con panes y dulces de obrador en la avenida de Rabanales; su canal oficial remite expresamente a la compra en tienda.,"lunes: Cerrado | martes: 9:00–14:00, 17:00–20:00 | miércoles: 9:00–14:00, 17:00–20:00 | jueves: 9:00–14:00, 17:00–20:00 | viernes: 9:00–14:00, 17:00–20:00 | sábado: 9:00–14:00, 17:00–20:00 | domingo: 9:00–14:00",+34722798848,,,,https://www.instagram.com/la_miga2025/,https://www.google.com/maps/search/?api=1&query=La%20Miga%20panader%C3%ADa%20y%20pasteler%C3%ADa%2C%20Av.%20de%20Rabanales%2C%2016%2C%20Levante%2C%2014007%20C%C3%B3rdoba%2C%20Espa%C3%B1a&query_place_id=ChIJGf59OwDfbA0RftI8q-jgp5s,37.8927644,-4.7604294,,verificado,no,,,7765,es
la-piedra-escrita-cordoba,Confitería La Piedra Escrita,Córdoba,Pan y cereal,"Pastelería clásica, roscón de Reyes, pastel cordobés y hojaldres","C. Cárcamo, 17, Centro, 14001 Córdoba","Confitería cordobesa fundada en 1948 y especializada en pastelería clásica, roscones, tartas, empanadas y elaboraciones de hojaldre.","lunes: 9:00–14:30 | martes: 9:00–14:30 | miércoles: 9:00–14:30, 17:00–20:00 | jueves: 9:00–14:30, 17:00–20:00 | viernes: 9:00–14:30, 17:00–20:00 | sábado: 9:00–14:30, 17:00–20:00 | domingo: 9:00–14:30, 17:00–20:00",+34957481481,,,https://www.facebook.com/confiterialapiedraescrita/,https://www.instagram.com/lapiedraescrita/,https://www.google.com/maps/search/?api=1&query=La%20Piedra%20Escrita%2C%20C.%20C%C3%A1rcamo%2C%2017%2C%20Centro%2C%2014001%20C%C3%B3rdoba%2C%20Espa%C3%B1a&query_place_id=ChIJNaAgNXjfbA0Rg3MhGG1pOFo,37.8914338,-4.771693,,verificado,no comprobado,,,4186,es
la-tradicion-cordoba,Horno La Tradición,Córdoba,Pan y cereal,"Pan, bollería y dulces artesanos","Av. de Manolete, 19, Poniente Sur, 14005 Córdoba","Panadería artesanal de horno de leña en Córdoba, con sedes en Manolete y Vista Alegre y obrador familiar revisado con fuente oficial.",lunes: 8:30–14:30 | martes: 8:30–14:30 | miércoles: 8:30–14:30 | jueves: 8:30–14:30 | viernes: 8:30–14:30 | sábado: 8:30–14:30 | domingo: Cerrado,+34645686070,,,https://www.facebook.com/hornolatradicion1913/,https://www.instagram.com/hornolatradicion1913/,https://www.google.com/maps/search/?api=1&query=La%20Tradici%C3%B3n%2C%20Av.%20de%20Manolete%2C%2019%2C%20Poniente%20Sur%2C%2014005%20C%C3%B3rdoba%2C%20Espa%C3%B1a&query_place_id=ChIJEV_veMshbQ0R9Agd8tS4X3w,37.8796348,-4.796361800000001,,verificado,sí,telefono,,6887,es
obrador-de-pasteleria-dulcisan,Obrador de Pastelería Dulcisan,Córdoba,Pan y cereal,"tartas personalizadas, desayunos, meriendas y pan sin gluten, lactosa, huevo, frutos secos o azúcar","C. Músico Ziryab 10, entrada por Av. de América, 14005 Córdoba","Obrador de repostería artesanal con espacio independiente para productos sin gluten y encargos personalizados para personas con alergias e intolerancias, diabetes o dieta vegana.",,+34662173746,,https://dulcisancb.wixsite.com/dulcisan-cordoba,https://www.facebook.com/p/Dulcisan-100057254238554/,https://www.instagram.com/dulcisancordoba/,https://www.google.com/maps/search/?api=1&query=Obrador%20de%20Pasteler%C3%ADa%20Dulcisan%2C%20M%C3%BAsico%20Ziryab%2C%20Av.%20de%20Am%C3%A9rica%2C%2010%2C%20Poniente%20Sur%2C%2014005%20C%C3%B3rdoba%2C%20Espa%C3%B1a&query_place_id=ChIJpSot1XknbQ0Rq6MS7x9z1SI,37.8862859,-4.792438499999999,/productores/es/andalucia/cordoba/obrador-de-pasteleria-dulcisan.webp,verificado,sí,telefono,,9137,es
panaderia-artesana-de-villarrubia,Panadería Artesana de Villarrubia,Córdoba,Pan y cereal,"panes especiales y precocidos, bollería, hojaldres, pastelón cordobés y mozárabe, empanadas y dulces de temporada","C. Guadalquivir 1, 14710 Córdoba","Obrador familiar de Villarrubia que elabora pan, bollería, pastelería y salados artesanos con aceite de oliva virgen y acepta encargos personalizados por teléfono y WhatsApp.",lunes: 7:00–13:30 | martes: 7:00–13:30 | miércoles: 7:00–13:30 | jueves: 7:00–13:30 | viernes: 7:00–13:30 | sábado: 7:00–13:30 | domingo: Cerrado,+34957327171,artesanadevillarrubia@gmail.com,https://panaderia-artesana-de-villarrubia.jimdosite.com/,https://www.facebook.com/panaderiaartesanadevillarrubia/,https://www.instagram.com/panaderiaart.villarrubia/,https://www.google.com/maps/search/?api=1&query=Panader%C3%ADa%20Artesana%20de%20Villarrubia%2C%20C.%20Guadalquivir%2C%201%2C%2014710%20C%C3%B3rdoba%2C%20Espa%C3%B1a&query_place_id=ChIJXyadhkIobQ0Rhni8bTz3e-g,37.8471018,-4.9144868,,verificado,sí,telefono|whatsapp,,9453,es
panaderia-horno-la-molina-cordoba,Horno La Molina,Córdoba,Pan y cereal,"Pan, confitería y dulces artesanales","Av. del 28 de Febrero, 36, Levante, 14007 Córdoba",Panadería y confitería artesanal con 25 años de trayectoria en Córdoba que admite encargos por teléfono.,lunes: 7:00–19:00 | martes: 7:00–19:00 | miércoles: 7:00–19:00 | jueves: 7:00–19:00 | viernes: 7:00–19:00 | sábado: 7:00–19:00 | domingo: 7:00–19:00,+34957433269,,,https://www.facebook.com/hornolamolina/,https://www.instagram.com/hornolamolina/,https://www.google.com/maps/search/?api=1&query=Horno%20La%20Molina%2C%20Av.%20del%2028%20de%20Febrero%2C%2036%2C%20Levante%2C%2014007%20C%C3%B3rdoba&query_place_id=ChIJRdzE_ZrfbA0RkAsRUBKfh1E,37.8953901,-4.7612614,,verificado,sí,telefono,,6884,es
panificadora-la-catalana-1890-cordoba,La Catalana 1890,Córdoba,Pan y cereal,"Panes, tartas y bollería sin lactosa","C. San Pablo, 16, Centro, 14002 Córdoba","Panificadora activa desde 1890 que combina tradición e innovación, declara toda su gama sin lactosa y se especializa en restauración.",lunes: 8:30–14:30 | martes: 8:30–14:30 | miércoles: 8:30–14:30 | jueves: 8:30–14:30 | viernes: 8:30–14:30 | sábado: 8:30–14:30 | domingo: Cerrado,+34957472538,lacatalana1890@hotmail.com,,https://www.facebook.com/panaderialacatalana1989/,https://www.instagram.com/lacatalana1890/,https://www.google.com/maps/search/?api=1&query=Panificadora%20La%20Catalana%201890%2C%20C.%20San%20Pablo%2C%2016%2C%20Centro%2C%2014002%20C%C3%B3rdoba%2C%20Espa%C3%B1a&query_place_id=ChIJkTuXPXzfbA0RTEA24pXkJAY,37.88576949999999,-4.7751928,,verificado,no,,,7605,es
pasteleria-confiteria-san-rafael-1920-cordoba,Obrador San Rafael - Pastelería Confitería San Rafael 1920,Córdoba,Pan y cereal,"Pan, bollería y dulces artesanos","Cardenal Portocarrero 23; Av. Virgen de Fátima 31; Calle Alfayatas 7; Calle Concepción 10, Córdoba","Obrador San Rafael elabora en Córdoba El Manolete Cordobés, un dulce propio que mantiene como emblema de su pastelería artesanal.",lunes: 8:00–20:00 | martes: 8:00–20:00 | miércoles: 8:00–20:00 | jueves: 8:00–20:00 | viernes: 8:00–20:00 | sábado: 8:00–20:00 | domingo: 8:00–20:00,+34957274949,info@obradorsanrafael.com,https://obradorsanrafael.es/,https://www.facebook.com/pasteleriasanrafaelcordoba/,https://www.instagram.com/pasteleriasanrafael1920/,https://www.google.com/maps/search/?api=1&query=Pasteler%C3%ADa%20Confiter%C3%ADa%20San%20Rafael%201920%2C%20cardenal%20portocarrero%2023%20Cardenal%20Portocarrero%2023%20avd%20Virgen%20de%20F%C3%A1tima%2031%20Calle%20Alfayatas%207%2C%20Calle%20Concepci%C3%B3n%2C%2010%2C%20Nte.%20Sierra%2C%2014012%20C%C3%B3rdoba%2C%20Espa%C3%B1a&query_place_id=ChIJWz08QBXfbA0RhLrzWeZbB5Q,37.9037748,-4.788749,/productores/es/andalucia/cordoba/pasteleria-confiteria-san-rafael-1920-cordoba.webp,verificado,sí,ecommerce,,9170,es
pastelerias-roldan-obrador,Pastelerías Roldán - Obrador,Córdoba,Pan y cereal,"Pan, bollería y dulces artesanos","Pol. Ind. Amargacena, 9 MODULO, 10, 14013 Córdoba","Pastelerías Roldán prepara en su obrador de Córdoba tartas clásicas, semifrías, fondant y heladas, además de hojaldres, macarons, piononos y su Manolete.",lunes: 8:00–21:00 | martes: 8:00–21:00 | miércoles: 8:00–21:00 | jueves: 8:00–21:00 | viernes: 8:00–21:00 | sábado: 8:00–21:00 | domingo: 8:00–21:00,+34957202620,tiendaonline@pasteleriasroldan.com,https://pasteleriasroldan.com/,https://www.facebook.com/pasteleriasroldan,https://www.instagram.com/pasteleriasroldan/,https://www.google.com/maps/search/?api=1&query=Pasteler%C3%ADas%20Rold%C3%A1n%20-%20Obrador%2C%20Pol.%20Ind.%20Amargacena%2C%209%20MODULO%2C%2010%2C%2014013%20C%C3%B3rdoba%2C%20Espa%C3%B1a&query_place_id=ChIJW7fWSpIgbQ0Rc_qIgSCCGaI,37.84869,-4.7991056,/productores/es/andalucia/cordoba/pastelerias-roldan-obrador.webp,verificado,sí,ecommerce,,9906,es
ruano-s-cordoba,Obrador Artesano David Ruano,Córdoba,Pan y cereal,"panes de masa madre, bollería, repostería y tartas personalizadas","Calle Rafael de la Hoz Arderius 12, 14006 Córdoba","Obrador a la vista especializado en pan de masa madre y fermentación lenta, con materias primas sin aditivos ni conservantes y elaboraciones para restauración.","lunes: Cerrado | martes: 8:00–14:30, 16:00–20:30 | miércoles: 8:00–14:30, 16:00–20:30 | jueves: 8:00–14:30, 16:00–20:30 | viernes: 8:00–14:30, 16:00–20:30 | sábado: 8:30–20:30 | domingo: 8:30–20:30",+34634452197,,,,https://www.instagram.com/obrador.artesano.david.ruano/,https://www.google.com/maps/search/?api=1&query=Obrador%20Artesano%20David%20Ruano%2C%20Calle%20Rafael%20de%20la%20Hoz%20Arderius%2012%2C%2014006%20C%C3%B3rdoba&query_place_id=ChIJQwJkRJbfbA0RvwGsxcf9R8E,37.8921746,-4.7836686,/productores/es/andalucia/cordoba/ruano-s-cordoba.webp,verificado,no,,,9122,es
jamones-hetesa-dos-torres,Jamones Hetesa,Dos Torres,Carne,Jamón de Los Pedroches,"C. Mayor, 38, 14460 Dos Torres, Córdoba","Establecimiento de Dos Torres especializado en jamón de Los Pedroches, con distintas calidades y servicio de loncheado y envasado al vacío.","lunes: 8:30–13:45, 16:30–19:45 | martes: 8:30–13:45, 16:30–19:45 | miércoles: 8:30–13:45, 16:30–19:45 | jueves: 8:30–13:45, 16:30–19:45 | viernes: 8:30–13:45, 16:30–19:45 | sábado: 8:30–13:00 | domingo: Cerrado",+34957134169,,,,,https://www.google.com/maps/search/?api=1&query=Jamones%20Hetesa%2C%20C.%20Mayor%2C%2038%2C%2014460%20Dos%20Torres%2C%20C%C3%B3rdoba%2C%20Espa%C3%B1a&query_place_id=ChIJk8nn42CvbA0Rb0HpkMtJ45Y,38.4436317,-4.8970759,,parcial,no comprobado,,,7245,es
panaderia-pasteleria-artesanal-gomez-priego-dona-mencia,Panadería Pastelería Artesanal Gómez Priego,Doña Mencía,Pan y cereal,"Pan artesanal sin añadidos, dulces finos y tradicionales","C. la Huerta, 23, 14860 Doña Mencía, Córdoba",Panadería-pastelería de Doña Mencía especializada en pan artesanal sin añadidos y en dulces finos y tradicionales.,lunes: 5:30–14:00 | martes: 5:30–14:00 | miércoles: 5:30–14:00 | jueves: 5:30–14:00 | viernes: 5:30–14:00 | sábado: 5:30–14:00 | domingo: Cerrado,+34957695479,,,,https://www.instagram.com/panaderiagomezpriego/,https://www.google.com/maps/search/?api=1&query=Panader%C3%ADa%20Pasteler%C3%ADa%20Artesanal%20G%C3%B3mez%20Priego%2C%20C.%20la%20Huerta%2C%2023%2C%2014860%20Do%C3%B1a%20Menc%C3%ADa%2C%20C%C3%B3rdoba%2C%20Espa%C3%B1a&query_place_id=ChIJ_xbHY3ifbQ0RPTS_IyYBHjw,37.5503987,-4.3556769,,verificado,no,,,9617,es
aceites-de-oliva-virgen-extra-ecologico-renacer-el-rinconcillo,Aceites de Oliva Virgen Extra Ecológico Renacer,El Rinconcillo,Aceite,Aceite de oliva virgen extra,"Cam. El Latonero, 14100 El Rinconcillo, Córdoba",Aceites Renacer representa el relevo generacional de un olivar de El Rinconcillo transformado a cultivo ecológico y produce AOVE Picual de cosecha temprana.,"lunes: 8:30–14:00, 17:00–19:30 | martes: 8:30–14:00, 17:00–19:30 | miércoles: 8:30–14:00, 17:00–19:30 | jueves: 8:30–14:00, 17:00–19:30 | viernes: 8:30–19:00 | sábado: 10:00–13:30, 17:30–19:30 | domingo: 9:00–15:00, 17:00–20:00",+34619028268,info@aceitesrenacer.com,https://www.aceitesrenacer.com/,,https://www.instagram.com/aceitesrenacer/,https://www.google.com/maps/search/?api=1&query=Aceites%20de%20Oliva%20Virgen%20Extra%20Ecol%C3%B3gico%20Renacer%2C%20Cam.%20El%20Latonero%2C%2014100%20El%20Rinconcillo%2C%20C%C3%B3rdoba%2C%20Espa%C3%B1a&query_place_id=ChIJfxf6FqQ7bQ0R4DrXBqZWDa8,37.6717775,-4.8920318,/productores/es/andalucia/cordoba/aceites-de-oliva-virgen-extra-ecologico-renacer-el-rinconcillo.webp,verificado,sí,ecommerce,,157,es
aceitunas-el-rinconcillo-el-rinconcillo,Aceitunas El Rinconcillo,El Rinconcillo,Conservas,Aceitunas y encurtidos,"Av. de la Carlota, 14100 El Rinconcillo, Córdoba",Pequeña empresa familiar de El Rinconcillo dedicada a aceitunas aliñadas naturales y envíos por packs.,"lunes: 9:00–13:30, 17:00–19:00 | martes: 9:00–13:30, 17:00–19:00 | miércoles: 9:00–13:30, 17:00–19:00 | jueves: 9:00–13:30, 17:00–19:00 | viernes: 9:00–13:30, 17:00–19:00 | sábado: Cerrado | domingo: Cerrado",+34722612388,fran.37g@hotmail.es,https://www.aceitunaselrinconcillo.es/,https://www.facebook.com/aceitunaselrinconcillo,https://www.instagram.com/ace.elrinconcillo,https://www.google.com/maps/search/?api=1&query=Aceitunas%20El%20Rinconcillo%2C%20Av.%20de%20la%20Carlota%2C%2014100%20El%20Rinconcillo%2C%20C%C3%B3rdoba%2C%20Espa%C3%B1a&query_place_id=ChIJc4ioVgQ7bQ0RCPYcHY3o7yE,37.6748081,-4.8940956,/productores/es/andalucia/cordoba/aceitunas-el-rinconcillo-el-rinconcillo.webp,verificado,sí,whatsapp|telefono,,237,es
pan-el-vacar-el-vacar,Pan El Vacar,El Vacar,Pan y cereal,"Pan, bollería y dulces artesanos","Panaderia, 1, 14320 El Vacar, Córdoba",Pan El Vacar lleva tres generaciones elaborando pan cordobés y emplea una masa madre de cultivo propia en todas sus piezas.,lunes: 5:30–20:30 | martes: 5:30–20:30 | miércoles: 5:30–20:30 | jueves: 5:30–20:30 | viernes: 5:30–20:30 | sábado: 5:30–20:30 | domingo: 5:30–20:30,+34957367276,infov@elvacar.es,https://www.panelvacar.es/,,https://www.instagram.com/panelvacar/,https://www.google.com/maps/search/?api=1&query=Pan%20El%20Vacar%2C%20Panaderia%2C%201%2C%2014320%20El%20Vacar%2C%20C%C3%B3rdoba%2C%20Espa%C3%B1a&query_place_id=ChIJ6auMJB3FbA0RUHCs8GUOLoA,38.0785543,-4.8541187,/productores/es/andalucia/cordoba/pan-el-vacar-el-vacar.webp,verificado,sí,marketplace,,9432,es
quesos-marques-del-valle-el-viso,Quesos Marqués del Valle,El Viso,Lácteos y quesos,Queso artesanal,"A-3177, 14470 El Viso, Córdoba",Quesería familiar de El Viso que elabora quesos de oveja con leche propia y métodos artesanales.,lunes: 9:30–13:30 | martes: 9:30–13:30 | miércoles: 9:30–13:30 | jueves: 9:30–13:30 | viernes: 9:30–13:30 | sábado: 10:30–13:30 | domingo: Cerrado,+34670933038,info@marquesdelvalle.com,https://www.marquesdelvalle.com/,https://www.facebook.com/quesomarquesdelvalle,https://www.instagram.com/quesosmarquesdelvalle/,https://www.google.com/maps/search/?api=1&query=Quesos%20Marqu%C3%A9s%20del%20Valle%2C%20A-3177%2C%2014470%20El%20Viso%2C%20C%C3%B3rdoba%2C%20Espa%C3%B1a&query_place_id=ChIJnwRXUC-pbA0RTGSqQUtSCxs,38.4748983,-4.9406754,/productores/es/andalucia/cordoba/quesos-marques-del-valle-el-viso.webp,verificado,sí,ecommerce,,10912,es
fuentecillas-miel-de-los-pedroches-el-viso,Fuentecillas Miel de los Pedroches,El Viso,Miel,Miel y productos apícolas,"Av. Vía del Calatraveño, 4, 14470 El Viso, Córdoba",Empresa apícola de El Viso dedicada a producir miel y productos naturales de Los Pedroches.,"lunes: 8:30–13:30, 16:00–20:00 | martes: 8:30–13:30, 16:00–20:00 | miércoles: 8:30–13:30, 16:00–20:00 | jueves: 8:30–13:30, 16:00–20:00 | viernes: 8:30–13:30, 16:00–20:00 | sábado: Cerrado | domingo: Cerrado",+34600293629,apicolarubioyramirez@gmail.com,https://mielfuentecillas.es/,https://www.facebook.com/mielfuentecillas/,https://www.instagram.com/mielfuentecillas/,https://www.google.com/maps/search/?api=1&query=Fuentecillas%20Miel%20de%20los%20Pedroches%2C%20Av.%20V%C3%ADa%20del%20Calatrave%C3%B1o%2C%204%2C%2014470%20El%20Viso%2C%20C%C3%B3rdoba%2C%20Espa%C3%B1a&query_place_id=ChIJJ2GOuo-pbA0Rljw1abATpUY,38.4792771,-4.953583099999999,/productores/es/andalucia/cordoba/fuentecillas-miel-de-los-pedroches-el-viso.webp,verificado,sí,ecommerce,,6352,es
hermisenda-huerta-natural-encinarejo-de-cordoba,Hermisenda Huerta Natural,Encinarejo de Córdoba,Fruta y verdura,Fruta y verdura de proximidad,"c/ Camino de los Aceituneros, s/n, 14711 Encinarejo de Córdoba, Córdoba","Huerta ecológica de Encinarejo de Córdoba con verduras de temporada, cestas y reparto local.",,+34690663999,info@hermisenda.com,https://hermisenda.com/,https://www.facebook.com/hermisenda.huertanatural,https://www.instagram.com/hermisenda_huerta_natural/,https://www.google.com/maps/search/?api=1&query=Hermisenda%20Huerta%20Natural%2C%20c%2F%20Camino%20de%20los%20Aceituneros%2C%20s%2Fn%2C%2014711%20Encinarejo%20de%20C%C3%B3rdoba%2C%20C%C3%B3rdoba%2C%20Espa%C3%B1a&query_place_id=ChIJBTKZVPkobQ0RUwseV-QlzLk,37.8280736,-4.930013799999999,/productores/es/andalucia/cordoba/hermisenda-huerta-natural-encinarejo-de-cordoba.webp,verificado,sí,email|telefono,,6800,es
almazara-virgen-de-la-oliva-sat-espejo,Almazara Virgen de la Oliva SAT,Espejo,Aceite,Aceite de oliva virgen extra,"14830 Espejo, Córdoba","Virgen de la Oliva produce en Espejo el AOVE Pagugo y lo envasa en botellas de cristal, formatos PET y latas.",,+34957332000,info@virgenolivaespejo.com,https://virgenolivadeespejo.com/,,,https://www.google.com/maps/search/?api=1&query=Almazara%20Virgen%20de%20la%20Oliva%20SAT%2C%2014830%20Espejo%2C%20C%C3%B3rdoba%2C%20Espa%C3%B1a&query_place_id=ChIJiUka_t8PbQ0RikHuZ_kXmS0,37.6569459,-4.5548077,/productores/es/andalucia/cordoba/almazara-virgen-de-la-oliva-sat-espejo.webp,verificado,sí,ecommerce,,676,es
embutidos-jurado-sl-espejo,Embutidos Jurado S.L.,Espejo,Carne,"Jamón, embutidos y chacinas","Ctra. Badajoz-Granada, km 307,4, 14830 Espejo, Córdoba","Embutidos Jurado conserva desde hace más de cinco décadas recetas de Espejo para elaborar chorizo, morcilla, butifarra y salchichón con carnes y especias, sin alérgenos.",lunes: 8:00–14:00 | martes: 8:00–14:00 | miércoles: 8:00–14:00 | jueves: 8:00–14:00 | viernes: 8:00–14:00 | sábado: Cerrado | domingo: Cerrado,+34957376225,tiendaonline@juradocordoba.com,https://juradocordoba.com/,https://www.facebook.com/embutidosjuradocordoba,https://www.instagram.com/embutidosjurado/,https://www.google.com/maps/search/?api=1&query=Embutidos%20Jurado%20SL%2C%20N-432%2C%2014830%20Espejo%2C%20C%C3%B3rdoba%2C%20Espa%C3%B1a&query_place_id=ChIJgUC9wSsObQ0RvvU99p4wd_E,37.6756935,-4.553868,/productores/es/andalucia/cordoba/embutidos-jurado-sl-espejo.webp,verificado,sí,ecommerce,,5468,es
legumbres-manuel-baena-canadas-s-l-fernan-nunez,Legumbres Manuel Baena Cañadas,Fernán Núñez,Legumbres,Legumbres secas,"Calle Blasco Ibáñez, 0, 14520 Fernán Núñez, Córdoba",Marca de legumbres de Fernán Núñez presente en comercios y marketplaces andaluces.,lunes: 8:00–18:00 | martes: 8:00–18:00 | miércoles: 8:00–18:00 | jueves: 8:00–18:00 | viernes: 8:00–18:00 | sábado: Cerrado | domingo: Cerrado,+34957380398,,,,,https://www.google.com/maps/search/?api=1&query=Legumbres%20Manuel%20Baena%20Ca%C3%B1adas%20S%20L%2C%20Calle%20Blasco%20Ib%C3%A1%C3%B1ez%2C%200%2C%2014520%20Fern%C3%A1n%20N%C3%BA%C3%B1ez%2C%20C%C3%B3rdoba%2C%20Espa%C3%B1a&query_place_id=ChIJO5qUJyoWbQ0RByn-SO2RTcw,37.6626172,-4.7111071,,parcial,sí,marketplace,,8089,es
mil-paladares-de-la-n-fernan-nunez,Mil Paladares de la Ñ,Fernán Núñez,Destilados y licores,"licores y cremas artesanas, ginebras premium Cannagin, bebidas personalizadas y formatos XXL","Av. Juan Carlos I, 14520 Fernán Núñez, Córdoba","Fábrica de bebidas artesanas de Fernán Núñez fundada en 2013, con más de 70 referencias propias y producción a medida para marcas, distribuidores y hostelería.",lunes: 9:00–14:00 | martes: 9:00–14:00 | miércoles: 9:00–14:00 | jueves: 9:00–14:00 | viernes: 9:00–14:00 | sábado: Cerrado | domingo: Cerrado,+34611661326,info@milpaladaresartesanos.com,https://milpaladaresartesanos.com/,,https://www.instagram.com/milpaladaresdelan/,https://www.google.com/maps/search/?api=1&query=Mil%20Paladares%20de%20la%20%C3%91%2C%20Av.%20Juan%20Carlos%20I%2C%2014520%20Fern%C3%A1n%20N%C3%BA%C3%B1ez%2C%20C%C3%B3rdoba%2C%20Espa%C3%B1a&query_place_id=ChIJ3zV5GyoWbQ0R0eV5EfXuWYU,37.6668183,-4.7269654,/productores/es/andalucia/cordoba/mil-paladares-de-la-n-fernan-nunez.webp,verificado,no,,,8851,es
embutidos-camilo-rios-fuente-obejuna,Embutidos Camilo Ríos,Fuente Obejuna,Carne,"Jamón, embutidos y chacinas","C. Garabito, 4, 14297 Fuente Obejuna, Córdoba","Camilo Ríos elabora en Fuente Obejuna jamón de bellota 100 % ibérico DOP Los Pedroches, además de paletas, chorizo, lomo, morcilla y salchichón ibéricos.",lunes: 7:00–15:00 | martes: 7:00–15:00 | miércoles: 7:00–15:00 | jueves: 7:00–15:00 | viernes: 7:00–15:00 | sábado: Cerrado | domingo: Cerrado,+34957584085,administracion@embutidoscamilorios.es,https://www.embutidoscamilorios.es/,https://www.facebook.com/embutidoscamilorios,https://www.instagram.com/embutidoscamilorios/,https://www.google.com/maps/search/?api=1&query=Embutidos%20Camilo%20Rios%2C%20C.%20Garabito%2C%204%2C%2014297%20Fuente%20Obejuna%2C%20C%C3%B3rdoba%2C%20Espa%C3%B1a&query_place_id=ChIJlcVC1yJqEw0RlqFjz75E1Ng,38.265584,-5.4172649,/productores/es/andalucia/cordoba/embutidos-camilo-rios-fuente-obejuna.webp,verificado,sí,ecommerce,,5404,es
tres-fincas-secadero-de-jamones-y-fabrica-de-embutidos-fuente-obejuna-fuente-obejuna,Tres Fincas,Fuente Obejuna,Carne,"Jamón, embutidos y chacinas","Poligono el Blanquillo, 37, 14297 Fuente Obejuna, Córdoba","Tres Fincas reúne en Fuente Obejuna un secadero de jamones y una fábrica de embutidos; su catálogo incluye jamones y paletas gourmet, diez tipos de embutido, especialidades y carnes.","lunes: 8:00–14:00, 15:00–20:30 | martes: 8:00–14:00, 15:00–20:30 | miércoles: 8:00–14:00, 15:00–20:30 | jueves: 8:00–14:00, 15:00–20:30 | viernes: 8:00–14:00, 15:00–20:30 | sábado: 8:00–14:00 | domingo: Cerrado",+34957584269,info@tresfincasfuenteobejuna.com,https://tresfincasfuenteobejuna.com/,https://www.facebook.com/tresfincas.esenciaiberica,https://www.instagram.com/tresfincas/,https://www.google.com/maps/search/?api=1&query=Tres%20Fincas%20-%20Secadero%20de%20jamones%20y%20f%C3%A1brica%20de%20embutidos%20Fuente%20Obejuna%2C%20Poligono%20el%20Blanquillo%2C%2037%2C%2014297%20Fuente%20Obejuna%2C%20C%C3%B3rdoba%2C%20Espa%C3%B1a&query_place_id=ChIJD-dII9JrEw0RgRYbPKaQR3I,38.2764015,-5.405526099999999,/productores/es/andalucia/cordoba/tres-fincas-secadero-de-jamones-y-fabrica-de-embutidos-fuente-obejuna-fuente-obejuna.webp,verificado,sí,ecommerce,,11922,es
calaveruela-queseria-mercado-fuente-obejuna-fuente-obejuna,Quesería Calaveruela,Fuente Obejuna,Lácteos y quesos,Queso artesanal,"Pl. Lope de Vega, 14297 Fuente Obejuna, Córdoba",Quesería de Fuente Obejuna con puesto en el mercado municipal y tienda online de quesos y lácteos de oveja.,lunes: Cerrado | martes: 9:00–14:00 | miércoles: 9:00–14:00 | jueves: 9:00–14:00 | viernes: 9:00–14:00 | sábado: 9:00–14:00 | domingo: Cerrado,+34618530555,info@calaveruelaqueseria.com,https://calaveruelaqueseria.com/,https://www.facebook.com/flordelmontequeseria/,https://www.instagram.com/calaveruela_queseria/,https://www.google.com/maps/search/?api=1&query=Queser%C3%ADa%20Calaveruela%2C%20Mercado%20Municipal%20de%20Abastos%2C%20Plaza%20Lope%20de%20Vega%2C%2014297%20Fuente%20Obejuna%2C%20C%C3%B3rdoba%2C%20Espa%C3%B1a&query_place_id=ChIJ0ckvZiNqEw0RlsqnN4r9y7o,38.2670155,-5.4194909,/productores/es/andalucia/cordoba/calaveruela-queseria-mercado-fuente-obejuna-fuente-obejuna.webp,verificado,sí,ecommerce,,10468,es
huevos-camperos-vega-de-la-brena-fuente-palmera,Huevos Camperos Vega de la Breña,Fuente Palmera,Huevos,Huevos camperos,"Calle Julio Romero de Torres, num 8, 14120 Fuente Palmera, Córdoba",Granja de Fuente Palmera que produce huevos camperos y los comercializa al por mayor y al público.,lunes: 8:00–18:00 | martes: 8:00–18:00 | miércoles: 8:00–18:00 | jueves: 8:00–18:00 | viernes: 8:00–18:00 | sábado: Cerrado | domingo: Cerrado,+34637037943,info@huevoscamperos.com,https://www.huevoscamperos.com/tienda/,https://www.facebook.com/vegadelabrena/,,https://www.google.com/maps/search/?api=1&query=Huevos%20camperos%20Vega%20de%20la%20Bre%C3%B1a%2C%20Calle%20Julio%20Romero%20de%20Torres%2C%20num%208%2C%2014120%20Fuente%20Palmera%2C%20C%C3%B3rdoba%2C%20Espa%C3%B1a&query_place_id=ChIJfW64JNTTEg0Rj2gTKWB6QS0,37.7193464,-5.0631996,/productores/es/andalucia/cordoba/huevos-camperos-vega-de-la-brena-fuente-palmera.webp,verificado,sí,ecommerce,,7018,es
membrillo-san-lorenzo-guadix,Membrillo San Lorenzo,Puente Genil,Dulces y repostería,Dulce de membrillo,"Ctra. Estepa-Guadix, km 18,3, 14500 Puente Genil, Córdoba",Empresa de Puente Genil especializada desde hace décadas en cremas y carnes de membrillo.,lunes: 8:00–19:00 | martes: 8:00–19:00 | miércoles: 8:00–19:00 | jueves: 8:00–19:00 | viernes: 8:00–19:00 | sábado: Cerrado | domingo: Cerrado,+34957600296,comercial@membrillosanlorenzo.com,https://www.membrillosanlorenzo.es/,https://www.facebook.com/membrillosanlorenzo,https://www.instagram.com/membrillosanlorenzo/,https://www.google.com/maps/search/?api=1&query=Membrillo%20San%20Lorenzo%2C%20Ctra.%20Estepa-Guadix%2C%20km%2018%2C3%2C%2014500%20Puente%20Genil%2C%20C%C3%B3rdoba%2C%20Espa%C3%B1a&query_place_id=ChIJF0xrgutDbQ0Rs90rgk4xe14,37.4014247,-4.7425647,/productores/es/andalucia/cordoba/membrillo-san-lorenzo-guadix.webp,verificado,sí,ecommerce,,8614,es
hermanos-rodriguez-barbancho-hinojosa-del-duque,Hermanos Rodríguez Barbancho,Hinojosa del Duque,Carne,"jamones ibéricos de cebo y bellota, jamones serranos, paletas y embutidos","Av. Marqués de Santillana 141, 14270 Hinojosa del Duque, Córdoba","Empresa familiar con más de 50 años, fábrica y secadero propios en Hinojosa del Duque y producción de jamones y embutidos ibéricos de Los Pedroches bajo las marcas HRB, Sierra Morena e Ibedul.",lunes: 6:30–14:30 | martes: 6:30–14:30 | miércoles: 6:30–14:30 | jueves: 6:30–14:30 | viernes: 6:30–14:30 | sábado: Cerrado | domingo: Cerrado,+34957140244,info@rodriguezbarbancho.com,https://rodriguezbarbancho.com/,,,https://www.google.com/maps/search/?api=1&query=Hermanos%20Rodr%C3%ADguez%20Barbancho%2C%20Av.%20Marqu%C3%A9s%20de%20Santillana%2C%20141%2C%2014270%20Hinojosa%20del%20Duque%2C%20C%C3%B3rdoba%2C%20Espa%C3%B1a&query_place_id=ChIJS8L20i1UEw0R_MW7e18weK4,38.4963089,-5.137507400000001,/productores/es/andalucia/cordoba/hermanos-rodriguez-barbancho-hinojosa-del-duque.webp,verificado,no,,,6799,es
jamones-david-del-valle-hinojosa-del-duque,Jamones David Del Valle,Hinojosa del Duque,Carne,"Jamón, embutidos y chacinas","Av. Marqués de Santillana, 147, 14270 Hinojosa del Duque, Córdoba","David del Valle cura en bodega natural de Hinojosa del Duque jamones y paletas Duroc e ibéricos DOP Los Pedroches, aprovechando la temperatura y humedad del valle.","lunes: 9:00–14:00, 16:30–19:30 | martes: 9:00–14:00, 16:30–19:30 | miércoles: 9:00–14:00, 16:30–19:30 | jueves: 9:00–14:00, 16:30–19:30 | viernes: 9:00–14:00, 16:30–19:30 | sábado: 10:00–13:30 | domingo: Cerrado",+34957141148,info@daviddelvalle.es,https://jamonesdaviddelvalle.es/,,https://www.instagram.com/jamones_daviddelvalle/,https://www.google.com/maps/search/?api=1&query=Jamones%20David%20Del%20Valle%2C%20Av.%20Marqu%C3%A9s%20de%20Santillana%2C%20147%2C%2014270%20Hinojosa%20del%20Duque%2C%20C%C3%B3rdoba%2C%20Espa%C3%B1a&query_place_id=ChIJQd0sSCxUEw0RLlWooDI4-4E,38.4947808,-5.1358821,/productores/es/andalucia/cordoba/jamones-david-del-valle-hinojosa-del-duque.webp,verificado,sí,ecommerce,,7223,es
jamones-juan-del-valle-pineda-hinojosa-del-duque,Jamones Juan del Valle Pineda,Hinojosa del Duque,Carne,"Jamón, embutidos y chacinas","C. el Viso, S/N, 14270 Hinojosa del Duque, Córdoba","Juan del Valle cura desde 1940 jamones y paletas lentamente y con poca sal en una bodega natural de Hinojosa del Duque, al abrigo del microclima de la Sierra Norte.",lunes: 7:00–19:00 | martes: 7:00–19:00 | miércoles: 7:00–19:00 | jueves: 7:00–19:00 | viernes: 7:00–15:30 | sábado: 10:30–13:30 | domingo: Cerrado,+34957142043,info@juandelvalle.es,https://juandelvalle.es/,,,https://www.google.com/maps/search/?api=1&query=Jamones%20Juan%20Del%20Valle%20Pineda%2C%20C.%20el%20Viso%2C%20S%2FN%2C%2014270%20Hinojosa%20del%20Duque%2C%20C%C3%B3rdoba%2C%20Espa%C3%B1a&query_place_id=ChIJyZcJSSxUEw0RgZu7Io2NTp8,38.4938325,-5.1344536,/productores/es/andalucia/cordoba/jamones-juan-del-valle-pineda-hinojosa-del-duque.webp,verificado,sí,ecommerce|telefono,,7253,es
jamones-y-embutidos-la-finojosa-hinojosa-del-duque,Jamones y Embutidos La Finojosa,Hinojosa del Duque,Carne,"Jamón, embutidos y chacinas","Polígono Industrial Molino de Viento, 3-4, 14270 Hinojosa del Duque, Córdoba","La Finojosa combina en Hinojosa del Duque materias primas de la dehesa de Los Pedroches con técnicas tradicionales, loncheado manual y envasado de jamones, paletas y embutidos.",lunes: 7:00–15:30 | martes: 7:00–15:30 | miércoles: 7:00–15:30 | jueves: 7:00–15:30 | viernes: 7:00–15:30 | sábado: 10:30–13:30 | domingo: Cerrado,+34957142056,info@finojosa.com,https://finojosa.com/,,,https://www.google.com/maps/search/?api=1&query=Jamones%20y%20Embutidos%20la%20Finojosa%2C%20Pol%C3%ADgono%20Industrial%20Molino%20de%20Viento%2C%203-4%2C%2014270%20Hinojosa%20del%20Duque%2C%20C%C3%B3rdoba%2C%20Espa%C3%B1a&query_place_id=ChIJixcYLd9QEw0ReghaF7ec6UQ,38.4910305,-5.142849099999999,/productores/es/andalucia/cordoba/jamones-y-embutidos-la-finojosa-hinojosa-del-duque.webp,verificado,sí,ecommerce,,7299,es
moramiel-oro-s-l-hornachuelos,Moramiel Oro,Hornachuelos,Miel,Miel y productos apícolas,"Polígono Industrial la Vaquera, 52, 14740 Hornachuelos, Córdoba",Empresa apícola de Hornachuelos que produce miel pura artesanal en la Reserva de la Biosfera.,lunes: 9:00–13:30 | martes: 9:00–13:30 | miércoles: 9:00–13:30 | jueves: 9:00–13:30 | viernes: 9:00–13:30 | sábado: 10:00–13:00 | domingo: Cerrado,+34957641178,moramieloro.oficina@gmail.com,https://www.moramieloro.com/,,https://www.instagram.com/moramiel/,https://www.google.com/maps/search/?api=1&query=Moramiel%20Oro%20S.L.%2C%20Pol%C3%ADgono%20Industrial%20la%20Vaquera%2C%2052%2C%2014740%20Hornachuelos%2C%20C%C3%B3rdoba%2C%20Espa%C3%B1a&query_place_id=ChIJSStAvTjYEg0RF3sPDjrgqjQ,37.8233606,-5.247616499999999,/productores/es/andalucia/cordoba/moramiel-oro-s-l-hornachuelos.webp,verificado,sí,ecommerce,,8960,es
quesos-la-chacha-sebastiana-la-carlota,Quesos La Chacha Sebastiana,La Carlota,Lácteos y quesos,"queso fresco de vaca y cabra, queso sin sal, sin lactosa y queso fresco 100 % de cabra","Camino Juan Blanco 28, El Rinconcillo, 14100 La Carlota, Córdoba","Marca de la empresa familiar Marinta, fundada en 1990 en El Rinconcillo, que elabora queso fresco con leche recogida a diario de ganaderías locales y lo distribuye en Andalucía y Extremadura.",lunes: 9:30–18:00 | martes: 9:30–18:00 | miércoles: 9:30–18:00 | jueves: 9:30–18:00 | viernes: 9:30–18:00 | sábado: Cerrado | domingo: Cerrado,+34957300469,info@lachacha.es,https://lachachasebastiana.es/,https://www.facebook.com/LaChachaSebastiana,https://www.instagram.com/quesoslachachasebastiana/,https://www.google.com/maps/search/?api=1&query=Quesos%20La%20Chacha%20Sebastiana%2C%20Cmo%20Juan%20Blanco%2C%2028%2C%2014100%20La%20Carlota%2C%20C%C3%B3rdoba%2C%20Espa%C3%B1a&query_place_id=ChIJwxLZmIY6bQ0RZR_n-myj0CA,37.6703388,-4.8870156,/productores/es/andalucia/cordoba/quesos-la-chacha-sebastiana-la-carlota.webp,verificado,no,,,10867,es
apicola-wals-la-carlota,Apícola Wals,La Carlota,Miel,Miel y productos apícolas,"CP-327, 38, 14191 La Carlota, Córdoba","Empresa familiar apícola ubicada en La Carlota, dedicada a enjambres, miel andaluza y polinización.",lunes: 9:00–17:00 | martes: 9:00–17:00 | miércoles: 9:00–17:00 | jueves: 9:00–17:00 | viernes: 9:00–17:00 | sábado: Cerrado | domingo: Cerrado,+34649541964,,,https://www.facebook.com/apicola.wals.12/,https://www.instagram.com/apicolawals/,https://www.google.com/maps/search/?api=1&query=Ap%C3%ADcola%20Wals.%2C%20CP-327%2C%2038%2C%2014191%20La%20Carlota%2C%20C%C3%B3rdoba%2C%20Espa%C3%B1a&query_place_id=ChIJgVymR_sxbQ0RPpFDMVubh1k,37.6966424,-4.9249374,,verificado,no comprobado,,,843,es
aceites-fuenteoliva-s-l-la-ventilla,Aceites Fuenteoliva S.L.,La Ventilla,Aceite,Aceite de oliva virgen extra,"Carretera, 1, 14112 La Ventilla, Córdoba","Fuenteoliva moltura y envasa AOVE en La Ventilla mediante un proceso en acero inoxidable y batido por debajo de 28 °C; ofrece formatos PET, cristal, irrellenables y gourmet.","lunes: 9:00–14:00, 16:00–19:00 | martes: 9:00–14:00, 16:00–19:00 | miércoles: 9:00–14:00, 16:00–19:00 | jueves: 9:00–14:00, 16:00–19:00 | viernes: 9:00–14:00 | sábado: Cerrado | domingo: Cerrado",+34957638070,pedidos@fuenteoliva.com,https://www.fuenteoliva.com/,https://www.facebook.com/aceites.fuenteoliva,https://www.instagram.com/fuenteoliva1957,https://www.google.com/maps/search/?api=1&query=Aceites%20Fuenteoliva%20S.L.%2C%20Carretera%2C%201%2C%2014112%20La%20Ventilla%2C%20C%C3%B3rdoba%2C%20Espa%C3%B1a&query_place_id=ChIJd1OQrofSEg0RO_jGJotsuWg,37.713151,-5.070221,/productores/es/andalucia/cordoba/aceites-fuenteoliva-s-l-la-ventilla.webp,verificado,sí,email,,169,es
lagar-la-primilla-llanos-del-espinar,Lagar La Primilla,Llanos del Espinar,Vino,Vinos,"Carretera Montilla, km 5, 100, 14550 Llanos del Espinar, Córdoba",La Primilla reúne en Llanos del Espinar a la cuarta y quinta generación de viticultores de una familia que elabora vino desde finales del siglo XIX en la Sierra de Montilla.,"lunes: 9:00–14:00, 17:00–19:00 | martes: 9:00–14:00, 17:00–19:00 | miércoles: 9:00–14:00, 17:00–19:00 | jueves: 9:00–14:00, 17:00–19:00 | viernes: 9:00–14:00, 17:00–19:00 | sábado: 10:00–14:00 | domingo: 10:00–14:00",+34957335024,charo@laprimilla.es,https://laprimilla.com/,https://www.facebook.com/Lagar-la-Pimilla-1723911957826098,https://www.instagram.com/lagar_la_primilla,https://www.google.com/maps/search/?api=1&query=Lagar%20La%20Primilla%2C%20Carretera%20Montilla%2C%20km%205%2C%20100%2C%2014550%20Llanos%20del%20Espinar%2C%20C%C3%B3rdoba%2C%20Espa%C3%B1a&query_place_id=ChIJk9o4-VINbQ0Ry0GDzY7RdCY,37.5534027,-4.5540271,/productores/es/andalucia/cordoba/lagar-la-primilla-llanos-del-espinar.webp,verificado,sí,ecommerce,,8006,es
bodegas-ruiz-canela-lucena,Bodegas Ruiz Canela,Lucena,Vino,"Vinos, vermut y AOVE","C. Pajarillas, 50, 14900 Lucena, Córdoba","Ruiz Canela es una bodega familiar de Lucena con tradición desde 1875; elabora vinos artesanos, vermut y AOVE, con marcas como Canelita, Gran Poder y Roneo.",lunes: 10:00–14:30 | martes: 10:00–14:30 | miércoles: 10:00–14:30 | jueves: 10:00–14:30 | viernes: 10:00–14:30 | sábado: 10:00–14:30 | domingo: Cerrado,+34648859075,info@bodegasruizcanela.com,https://bodegasruizcanela.com/tienda,,,https://www.google.com/maps/search/?api=1&query=Bodegas%20Ruiz%20Canela%2C%20C.%20Pajarillas%2C%2050%2C%2014900%20Lucena%2C%20C%C3%B3rdoba%2C%20Espa%C3%B1a&query_place_id=ChIJFYvLXiRxbQ0Ry4Mk8gXsQLE,37.4095129,-4.491384099999999,/productores/es/andalucia/cordoba/bodegas-ruiz-canela-lucena.webp,verificado,sí,ecommerce,,2355,es
pasteleria-artesana-nati-lucena,Pastelería Artesana Nati,Lucena,Pan y cereal,Pestiños de pellizco y repostería lucentina y cordobesa,"C. Puente Vadillo, 25, 14900 Lucena, Córdoba","Pastelería fundada en 1952 que elabora repostería tradicional lucentina y cordobesa con ingredientes naturales, sin conservantes ni aditivos.","lunes: 9:00–14:00, 16:30–20:00 | martes: 9:00–14:00, 16:30–20:00 | miércoles: 9:00–14:00, 16:30–20:00 | jueves: 9:00–14:00, 16:30–20:00 | viernes: 9:00–14:00, 16:00–20:00 | sábado: 9:00–12:00 | domingo: Cerrado",+34625337619,productosnati@hotmail.com,,,,https://www.google.com/maps/search/?api=1&query=Pasteler%C3%ADa%20Artesana%20Nati%2C%20C.%20Puente%20Vadillo%2C%2025%2C%2014900%20Lucena%2C%20C%C3%B3rdoba%2C%20Espa%C3%B1a&query_place_id=ChIJscQhyC93bQ0RHCoyeMUJjJ0,37.4163504,-4.471991099999999,,parcial,no comprobado,,,9769,es
aceitunas-el-mesto-montalban-de-cordoba,Aceitunas El Mesto,Montalbán de Córdoba,Conservas,"aceitunas chupadedos, gordal y hojiblanca; kimbos y kimbitos; pepinillos, alcaparrones y línea ecológica","C. del Pilar 25, 14548 Montalbán de Córdoba, Córdoba","Empresa familiar fundada en 1973 que elabora, condimenta y envasa aceitunas de mesa y encurtidos artesanos bajo las marcas El Mesto, El Mesto Gourmet, El Mesto Ecológico y Cortijo de los Infantes.",lunes: 8:00–14:00 | martes: 8:00–14:00 | miércoles: 8:00–14:00 | jueves: 8:00–14:00 | viernes: 8:00–14:00 | sábado: Cerrado | domingo: Cerrado,+34957310174,correo@elmesto.com,https://aceitunaselmesto.com/,https://www.facebook.com/aceitunaselmesto,https://www.instagram.com/aceitunaselmesto,https://www.google.com/maps/search/?api=1&query=Aceitunas%20El%20Mesto%2C%20C.%20del%20Pilar%2C%2025%2C%2014548%20Montalb%C3%A1n%20de%20C%C3%B3rdoba%2C%20C%C3%B3rdoba%2C%20Espa%C3%B1a&query_place_id=ChIJu7Mbp8o_bQ0Rml8Jj2frF-I,37.5851177,-4.7485276,/productores/es/andalucia/cordoba/aceitunas-el-mesto-montalban-de-cordoba.webp,verificado,no,,,236,es
heladeria-de-montalban-fabrica-montalban-de-cordoba,Heladería de Montalbán - Fábrica,Montalbán de Córdoba,Helados,Helados artesanos,"C. las Eras, 15, 14548 Montalbán de Córdoba, Córdoba",Fábrica familiar de Montalbán de Córdoba dedicada desde 1955 a helados y dulces artesanos.,lunes: 7:00–15:00 | martes: 7:00–15:00 | miércoles: 7:00–15:00 | jueves: 7:00–15:00 | viernes: 7:00–15:00 | sábado: Cerrado | domingo: Cerrado,+34957310652,info@heladeriamontalban.es,https://heladeriamontalban.es/,https://www.facebook.com/HeladeriadeMontalban/,https://www.instagram.com/heladeriademontalban/,https://www.google.com/maps/search/?api=1&query=Helader%C3%ADa%20de%20Montalb%C3%A1n%20-%20F%C3%A1brica%2C%20C.%20las%20Eras%2C%2015%2C%2014548%20Montalb%C3%A1n%20de%20C%C3%B3rdoba%2C%20C%C3%B3rdoba%2C%20Espa%C3%B1a&query_place_id=ChIJb5zbgrc_bQ0RX6wT9vhMDmY,37.5760538,-4.7505476,/productores/es/andalucia/cordoba/heladeria-de-montalban-fabrica-montalban-de-cordoba.webp,verificado,sí,ecommerce,,6716,es
legumbres-baena-s-l-montemayor,Legumbres Baena S.L.,Montemayor,Legumbres,"garbanzos, alubias, lentejas y arroces ecológicos y convencionales","Carr. Córdoba - Málaga, km. 32, 4, 14530 Montemayor, Córdoba",Productor y envasador de Montemayor con legumbres secas y cocidas en formatos domésticos y profesionales bajo las gamas El Segador y Gourmet.,lunes: 8:00–14:00 | martes: 8:00–14:00 | miércoles: 8:00–14:00 | jueves: 8:00–14:00 | viernes: 8:00–14:00 | sábado: Cerrado | domingo: Cerrado,+34957332145,info@legumbresbaena.com,https://legumbresbaena.com/es/,,,https://www.google.com/maps/search/?api=1&query=LEGUMBRES%20BAENA%20S.L.%2C%20Carr.%20C%C3%B3rdoba%20-%20M%C3%A1laga%2C%20km.%2032%2C%204%2C%2014530%20Montemayor%2C%20C%C3%B3rdoba%2C%20Espa%C3%B1a&query_place_id=ChIJL3n6O2wWbQ0RBQ5NN_cngZY,37.6571826,-4.7106983,/productores/es/andalucia/cordoba/legumbres-baena-s-l-montemayor.webp,verificado,no,,,8070,es
juan-colin-montilla,Juan Colín,Montilla,Aceite,AOVE,"316A Carretera A3130 KM 27,5. Montilla- Nueva Carteya, 14550 Montilla, Córdoba","La familia de Juan Colín cultiva olivos desde 1982 y elabora en Montilla AOVE de Picual, Picuda y Arbequina procedentes de varios olivares tradicionales propios.",,+34620796647,aceites@juancolin.com,https://www.juancolin.com/,,https://www.instagram.com/aceites_juancolin/,https://www.google.com/maps/search/?api=1&query=Juan%20Col%C3%ADn%2C%20316A%20Carretera%20A3130%20KM%2027%2C5.%20Montilla-%20Nueva%20Carteya%2C%2014550%20Montilla%2C%20C%C3%B3rdoba%2C%20Espa%C3%B1a&query_place_id=ChIJj8bd5ngTbQ0RV2XBHks78GQ,37.577914,-4.585040999999999,/productores/es/andalucia/cordoba/juan-colin-montilla.webp,verificado,sí,ecommerce,,7406,es
bodega-alvear-montilla,Bodega Alvear,Montilla,Vino,Vinos de Córdoba,"Av. de María Auxiliadora, 1, 14550 Montilla, Córdoba","Bodegas Alvear fue fundada en Montilla en 1729 y continúa en manos de la octava generación familiar; trabaja Pedro Ximénez para elaborar vinos dulces, finos, olorosos y amontillados.",lunes: 7:30–15:00 | martes: 7:30–15:00 | miércoles: 7:30–15:00 | jueves: 7:30–15:00 | viernes: 7:30–15:00 | sábado: Cerrado | domingo: Cerrado,+34957650100,direccionmarketing@alvear.es,https://www.alvear.es/,https://www.facebook.com/BodegasAlvear,https://www.instagram.com/bodegas_alvear/,https://www.google.com/maps/search/?api=1&query=Bodega%20Alvear%2C%20Av.%20de%20Mar%C3%ADa%20Auxiliadora%2C%201%2C%2014550%20Montilla%2C%20C%C3%B3rdoba%2C%20Espa%C3%B1a&query_place_id=ChIJp-RHHXMTbQ0R8k5DObJduaw,37.5823278,-4.6435821,/productores/es/andalucia/cordoba/bodega-alvear-montilla.webp,verificado,sí,ecommerce,,1284,es
bodegas-robles-montilla,Bodegas Robles,Montilla,Vino,"Vinos, vinagres y vermut","Carr. Córdoba - Málaga, 5, N-331, Km 47, 14550 Montilla, Córdoba","Bodegas Robles mantiene en Montilla una tradición familiar orientada a vinos y productos ecológicos; elabora Pedro Ximénez, finos y generosos, además de vermut, agraz y vinagres.","lunes: 8:30–13:30, 15:00–18:00 | martes: 8:30–13:30, 15:00–18:00 | miércoles: 8:30–13:30, 15:00–18:00 | jueves: 8:30–13:30, 15:00–18:00 | viernes: 8:30–13:30, 15:00–18:00 | sábado: Cerrado | domingo: Cerrado",+34957650063,export@bodegasrobles.com,https://bodegasrobles.es/,https://www.facebook.com/bodegasroblesvinos,https://www.instagram.com/bodegasrobles/,https://www.google.com/maps/search/?api=1&query=Bodegas%20Robles%2C%20Carr.%20C%C3%B3rdoba%20-%20M%C3%A1laga%2C%205%2C%20N-331%2C%20Km%2047%2C%2014550%20Montilla%2C%20C%C3%B3rdoba%2C%20Espa%C3%B1a&query_place_id=ChIJXf6PcKUUbQ0RYvalxnNwqIQ,37.558567,-4.653229,/productores/es/andalucia/cordoba/bodegas-robles-montilla.webp,verificado,sí,ecommerce,,2340,es
cooperativa-la-aurora-montilla,Bodegas La Aurora S.C.A.,Montilla,Vino,Vermut y aceites,"Av. de Europa, 7, 14550 Montilla, Córdoba","La Aurora nació en Montilla en 1964 como cooperativa de agricultores y produce vinos Montilla-Moriles, vermut Amanecer, vinagres de Pedro Ximénez y aceites extraídos en frío.",lunes: 9:00–20:00 | martes: 9:00–20:00 | miércoles: 9:00–20:00 | jueves: 9:00–20:00 | viernes: 9:00–20:00 | sábado: 9:00–14:00 | domingo: Cerrado,+34957650362,administracion@bodegaslaaurora.com,https://bodegaslaaurora.com/,https://www.facebook.com/BodegasLaAurora,https://www.instagram.com/bodegaslaaurora/,https://www.google.com/maps/search/?api=1&query=Cooperativa%20La%20Aurora%2C%20Av.%20de%20Europa%2C%207%2C%2014550%20Montilla%2C%20C%C3%B3rdoba%2C%20Espa%C3%B1a&query_place_id=ChIJIaUH2IQUbQ0RsyZOpML0Bb0,37.5842755,-4.6571467,/productores/es/andalucia/cordoba/cooperativa-la-aurora-montilla.webp,verificado,sí,ecommerce,,2101,es
lagar-los-raigones-montilla,Lagar Los Raigones,Montilla,Vino,Vinos y aceites,"Carretera Montilla - Llano del Espinar, km 5, 14550 Montilla, Córdoba, Córdoba","Lagar Los Raigones elabora en Montilla vinos, AOVE como Aviary y productos propios como El Caballo Cordobés y Vermut Raigones.",lunes: 9:00–14:00 | martes: 9:00–14:00 | miércoles: 9:00–14:00 | jueves: 9:00–14:00 | viernes: 9:00–14:00 | sábado: 10:30–14:00 | domingo: 10:30–14:00,+34630101675,losraigones@losraigones.com,https://losraigones.com/,,https://www.instagram.com/lagarlosraigones/,https://www.google.com/maps/search/?api=1&query=Lagar%20Los%20Raigones%2C%20Carretera%20Montilla%20-%20Llano%20del%20Espinar%2C%20km%205%2C%2014550%20Montilla%2C%20C%C3%B3rdoba%2C%20C%C3%B3rdoba%2C%20Espa%C3%B1a&query_place_id=ChIJ50vRQ3kTbQ0RogzIc1yHJRY,37.5531643,-4.5551642,/productores/es/andalucia/cordoba/lagar-los-raigones-montilla.webp,verificado,sí,ecommerce,,8007,es
pago-las-monjas-aceite-oliva-virgen-extra-montoro-montoro,Pago Las Monjas,Montoro,Aceite,Aceite de oliva virgen extra,"Almazara Pago las Monjas, N-420, Salida 54, 14600 Montoro, Córdoba",La familia de Pago Las Monjas cultiva aceitunas autóctonas en Montoro desde 1810 y controla el proceso de su AOVE desde la recolección hasta el envasado.,lunes: 9:00–21:00 | martes: 9:00–21:00 | miércoles: 9:00–21:00 | jueves: 9:00–21:00 | viernes: 9:00–21:00 | sábado: 9:00–21:00 | domingo: 9:00–21:00,+34606045307,info@pagolasmonjas.com,https://www.pagolasmonjas.com/,,https://www.instagram.com/pagolasmonjas,https://www.google.com/maps/search/?api=1&query=PAGO%20LAS%20MONJAS%20%7C%20Aceite%20Oliva%20Virgen%20Extra%20Montoro%2C%20Almazara%20Pago%20las%20Monjas%2C%20N-420%2C%20Salida%2054%2C%2014600%20Montoro%2C%20C%C3%B3rdoba%2C%20Espa%C3%B1a&query_place_id=ChIJnWGMXotXbA0R0tiEGNPBXIY,38.0618822,-4.376365499999999,/productores/es/andalucia/cordoba/pago-las-monjas-aceite-oliva-virgen-extra-montoro-montoro.webp,verificado,sí,ecommerce,,9402,es
carnes-montoro-montoro,Carnes Montoro,Montoro,Carne,"embutidos ibéricos, elaborados de quinta gama, carnes y AOVE","Polígono industrial Atalaya y Morrón, parc. 2 nave 11, 14600 Montoro, Córdoba","Fábrica cárnica familiar de Montoro con elaboración propia de ibéricos y platos de quinta gama, incluida una línea sin alérgenos.","lunes: 6:00–13:00, 17:00–20:00 | martes: 6:00–13:00, 17:00–20:00 | miércoles: 6:00–13:00, 17:00–20:00 | jueves: 6:00–13:00, 17:00–20:00 | viernes: 6:00–14:30 | sábado: 7:00–13:00 | domingo: Cerrado",+34957162112,info@carnesmontoro.com,https://carnesmontoro.com/,https://facebook.com/carnesmontoro,https://www.instagram.com/carnesmontoro,https://www.google.com/maps/search/?api=1&query=Carnes%20Montoro%2C%20Pol%C3%ADgono%20industrial%20Atalaya%20y%20Morr%C3%B3n%2C%20parc.%202%20nave%2011%2C%2014600%20Montoro%2C%20C%C3%B3rdoba%2C%20Espa%C3%B1a&query_place_id=ChIJ89G3xztWbA0R8O-n_Ut8R2c,38.0099604,-4.3833423,/productores/es/andalucia/cordoba/carnes-montoro-montoro.webp,verificado,no,,,3138,es
bodegas-el-monte-moriles,Bodegas El Monte,Moriles,Vino,"Fino Cebolla, Fino Los Naranjos y gama Ximenium","Carretera Moriles-Aguilar, km 1, 14510 Moriles, Córdoba","Bodega familiar fundada en 1994 en Moriles Alto, con viñedo propio y crianza biológica; elabora Fino Cebolla, Los Naranjos y la gama de alta expresión Ximenium.",lunes: 7:00–18:00 | martes: 7:00–18:30 | miércoles: 7:00–18:30 | jueves: 7:00–18:30 | viernes: 7:00–18:30 | sábado: 9:00–14:00 | domingo: 12:00–14:00,+34655867960,info@bodegaselmonte.com,https://bodegaselmonte.com/,,https://www.instagram.com/bodegaselmonte/,https://www.google.com/maps/search/?api=1&query=Bodegas%20EL%20MONTE%2C%20A-3132%2C%2035%2C%2014510%20Moriles%2C%20C%C3%B3rdoba%2C%20Espa%C3%B1a&query_place_id=ChIJo2jrcutubQ0R-futk4SO2Fw,37.4400075,-4.6209687,/productores/es/andalucia/cordoba/bodegas-el-monte-moriles.webp,verificado,sí,ecommerce,,1984,es
bodegas-hathor-moriles,Bodegas Hathor,Moriles,Vino,"Vinos, vermut y rebujito","finca el corcho, polígono 14, parcela 43, 14510 Moriles, Córdoba","Bodegas Hathor elabora en Moriles vinos jóvenes y una gama singular de gasificados de fresa, naranja y ciruelas negra y amarilla, junto con las marcas Burvin y Montepilas.",lunes: 8:00–16:00 | martes: 8:00–18:00 | miércoles: 8:00–18:00 | jueves: 8:00–18:00 | viernes: 8:00–18:00 | sábado: 8:00–18:00 | domingo: Cerrado,,info@bodegashathor.com,https://www.bodegashathor.com/,,https://www.instagram.com/bodegashathor/,https://www.google.com/maps/search/?api=1&query=Bodegas%20Hathor%2C%20finca%20el%20corcho%2C%20pol%C3%ADgono%2014%2C%20parcela%2043%2C%2014510%20Moriles%2C%20C%C3%B3rdoba%2C%20Espa%C3%B1a&query_place_id=ChIJZUILNDFvbQ0R0884TFKIfF0,37.4404521,-4.5992102,/productores/es/andalucia/cordoba/bodegas-hathor-moriles.webp,verificado,sí,ecommerce,,2051,es
mielsico,Mielsico,Córdoba,Miel,"mieles, polen, caramelos y cosmética apícola","Av. Agrupación Córdoba, 23, Polígono Industrial Los Pedroches, 14014 Córdoba","Empresa apícola familiar fundada en 1993 que trabaja colmenas de la Sierra Norte de Córdoba y elabora miel, polen y derivados artesanos.",,+34957764522,comercial@mielsico.com,,,https://www.instagram.com/mielsico/,https://www.google.com/maps/search/?api=1&query=Mielsico%2C%20Av.%20Agrupaci%C3%B3n%20C%C3%B3rdoba%2C%2023%2C%20Pol%C3%ADgono%20Industrial%20Los%20Pedroches%2C%2014014%20C%C3%B3rdoba&query_place_id=ChIJF1Cp4XYgbQ0RJQ5QmnvyHOs,37.9039996,-4.7606434,,parcial,no comprobado,,,8838,es
castillo-de-moriles-moriles,Castillo de Moriles,Moriles,Pan y cereal,"Pastelería, panadería y cremas","Calle 28 de Febrero, S/N, 14510 Moriles, Córdoba","Castillo de Moriles nació en 2004 para recuperar elaborados de mosto como gachas, arrope y Pedro Ximénez sin alcohol; después amplió su obrador a postres y productos lácteos.","lunes: 8:00–14:00, 17:00–20:00 | martes: 8:00–14:00, 17:00–20:00 | miércoles: 8:00–14:00, 17:00–20:00 | jueves: 8:00–14:00, 17:00–20:00 | viernes: 8:00–14:00, 17:00–20:00 | sábado: Cerrado | domingo: Cerrado",+34957537783,,https://www.castillodemoriles.es/,,https://www.instagram.com/castillodemoriles/,https://www.google.com/maps/search/?api=1&query=Castillo%20de%20Moriles%2C%20Calle%2028%20de%20Febrero%2C%20S%2FN%2C%2014510%20Moriles%2C%20C%C3%B3rdoba%2C%20Espa%C3%B1a&query_place_id=ChIJ7_99HZNubQ0RycAwhuaZFrc,37.4380361,-4.6158134,,verificado,sí,ecommerce,,3503,es
carnicas-moriles-navas-del-selpillar,Cárnicas Moriles,Navas del Selpillar,Carne,Embutidos,"A-3132, km 14, 14511 Navas del Selpillar, Córdoba","Cárnicas Moriles elabora artesanalmente en Navas del Selpillar chorizo Rosario y Herradura, morcilla de cebolla, salchichón casero y platos preparados.",lunes: 8:00–15:00 | martes: 8:00–15:00 | miércoles: 8:00–15:00 | jueves: 8:00–15:00 | viernes: 8:00–15:00 | sábado: Cerrado | domingo: Cerrado,+34957536272,info@carnicasdemoriles.com,https://carnicasdemoriles.com/,https://www.facebook.com/carnicasdemoriles,https://www.instagram.com/carnicasdemoriles/,https://www.google.com/maps/search/?api=1&query=C%C3%A1rnicas%20Moriles%2C%20A-3132%2C%20km%2014%2C%2014511%20Navas%20del%20Selpillar%2C%20C%C3%B3rdoba%2C%20Espa%C3%B1a&query_place_id=ChIJZ8B8abNvbQ0RcDvSAs0ztog,37.4155847,-4.5807807,/productores/es/andalucia/cordoba/carnicas-moriles-navas-del-selpillar.webp,verificado,sí,ecommerce,,3171,es
arteoliva-palma-del-rio,Arteoliva,Palma del Río,Aceite,"Aceite, aceitunas, gazpacho y salsas","C. Industrial Matache, 39, 14700 Palma del Río, Córdoba","Arteoliva elabora en Palma del Río aceite de oliva y una gama de productos mediterráneos que incluye aceitunas, gazpacho y salsas.","lunes: 8:00–14:30, 15:30–17:00 | martes: 8:00–14:30, 15:30–17:00 | miércoles: 8:00–14:30, 15:30–17:00 | jueves: 8:00–14:30, 15:30–17:00 | viernes: 8:00–14:30, 15:30–17:00 | sábado: Cerrado | domingo: Cerrado",,arteoliva@arteoliva.com,https://arteoliva.com/,https://www.facebook.com/arteoliva/,https://www.instagram.com/arteoliva/,https://www.google.com/maps/search/?api=1&query=Arteoliva%2C%20C.%20Industrial%20Matache%2C%2039%2C%2014700%20Palma%20del%20R%C3%ADo%2C%20C%C3%B3rdoba%2C%20Espa%C3%B1a&query_place_id=ChIJ4aUvFgDbEg0R8CF21_Hbm50,37.703596,-5.2531473,/productores/es/andalucia/cordoba/arteoliva-palma-del-rio.webp,verificado,sí,ecommerce,,968,es
oleopalma-aceite-de-oliva-virgen-extra-palma-del-rio,Oleopalma Aceite de Oliva Virgen Extra,Palma del Río,Aceite,Aceite de oliva virgen extra,"Carretera de la Campana, Km 5, 14700 Palma del Río, Córdoba","Oleopalma produce en Palma del Río el AOVE Oropalma de Picual y el multivarietal Adalid, además de combinarlos en formatos de nueva cosecha.","lunes: 8:30–13:30, 16:00–19:00 | martes: 8:30–13:30, 16:00–19:00 | miércoles: 8:30–13:30, 16:00–19:00 | jueves: 8:30–13:30, 16:00–19:00 | viernes: 8:30–13:30, 16:00–19:00 | sábado: Cerrado | domingo: Cerrado",+34957644936,info@oleopalma.com,https://oleopalma.com/,https://www.facebook.com/satoleopalma/,,https://www.google.com/maps/search/?api=1&query=Oleopalma%20Aceite%20de%20Oliva%20Virgen%20Extra%2C%20Carretera%20de%20la%20Campana%2C%20Km%205%2C%2014700%20Palma%20del%20R%C3%ADo%2C%20C%C3%B3rdoba%2C%20Espa%C3%B1a&query_place_id=ChIJz6JYZi3bEg0RbAsXylEX8uI,37.683165,-5.305039,/productores/es/andalucia/cordoba/oleopalma-aceite-de-oliva-virgen-extra-palma-del-rio.webp,verificado,sí,ecommerce,,9208,es
miel-apioliva-palma-del-rio,Miel Apioliva,Palma del Río,Miel,Miel y productos apícolas,"Av. del Greco, nº 8, Bajo D, 14700 Palma del Río, Córdoba",Apicultores de Palma del Río dedicados a miel 100% natural y artesanal de la campiña cordobesa y Sierra Morena.,lunes: 8:00–20:00 | martes: 8:00–20:00 | miércoles: 8:00–20:00 | jueves: 8:00–20:00 | viernes: 8:00–20:00 | sábado: 8:00–20:00 | domingo: Cerrado,+34699360468,info@mielapioliva.es,https://www.mielapioliva.es/,https://www.facebook.com/apiolivamiel/,https://www.instagram.com/miel_apioliva/,https://www.google.com/maps/search/?api=1&query=Miel%20Apioliva%2C%20Av.%20del%20Greco%2C%20n%C2%BA%208%2C%20Bajo%20D%2C%2014700%20Palma%20del%20R%C3%ADo%2C%20C%C3%B3rdoba%2C%20Espa%C3%B1a&query_place_id=ChIJKz-PbHPbEg0RDNw72dmGgeY,37.7005238,-5.2773552,/productores/es/andalucia/cordoba/miel-apioliva-palma-del-rio.webp,verificado,sí,ecommerce,,8665,es
caprichos-del-guadalquivir-palma-del-rio,Caprichos del Guadalquivir,Palma del Río,Miel,Mermelada y miel,"Pol. Ind. Garrotal, C/ F - Naranja Mandarina, 3, 14700 Palma del Río, Córdoba",Obrador de Palma del Río especializado en mermeladas artesanas de cítricos y miel de azahar.,lunes: 10:00–14:00 | martes: 10:00–14:00 | miércoles: 10:00–14:00 | jueves: 10:00–14:00 | viernes: 10:00–14:00 | sábado: Cerrado | domingo: Cerrado,+34649047694,info@caprichosdelguadalquivir.com,https://caprichosdelguadalquivir.com/,https://www.facebook.com/Caprichos-del-guadalquivir-636768283076748/,https://www.instagram.com/caprichosdelguadalquivir/,https://www.google.com/maps/search/?api=1&query=Caprichos%20del%20Guadalquivir%2C%20Pol.%20Ind.%20Garrotal%2C%20C%2F%20F%20-%20Naranja%20Mandarina%2C%203%2C%2014700%20Palma%20del%20R%C3%ADo%2C%20C%C3%B3rdoba%2C%20Espa%C3%B1a&query_place_id=ChIJ7_-XntfaEg0RSbt6ae3TbkQ,37.703334,-5.2550972,/productores/es/andalucia/cordoba/caprichos-del-guadalquivir-palma-del-rio.webp,verificado,sí,telefono,,3093,es
queseria-fuente-la-sierra-pedroche,Quesería Fuente La Sierra,Pedroche,Lácteos y quesos,Queso artesanal,"Pol. Ind. La Tejera, Ctra de Circunvalación, s/n, 14412 Pedroche, Córdoba",Quesería familiar de Pedroche que elabora quesos y yogures de oveja con leche de ganadería propia.,lunes: 8:30–14:30 | martes: 8:30–14:30 | miércoles: 8:30–14:30 | jueves: 8:30–14:30 | viernes: 8:30–14:30 | sábado: 10:00–13:30 | domingo: Cerrado,+34957137564,info@fuentelasierra.com,https://fuentelasierra.com/,https://www.facebook.com/quesosfuentelasierra,https://www.instagram.com/queseriafuentelasierra/,https://www.google.com/maps/search/?api=1&query=Queser%C3%ADa%20Fuente%20La%20Sierra%2C%20Pol.%20Ind.%20La%20Tejera%2C%20Ctra%20de%20Circunvalaci%C3%B3n%2C%20s%2Fn%2C%2014412%20Pedroche%2C%20C%C3%B3rdoba%2C%20Espa%C3%B1a&query_place_id=ChIJZ3lYYfqibA0R_htHRHCqU2w,38.4226571,-4.7597429,/productores/es/andalucia/cordoba/queseria-fuente-la-sierra-pedroche.webp,verificado,sí,ecommerce,,10531,es
apicola-malena-posadas,Apícola Malena,Posadas,Miel,Miel y productos apícolas,"Av. de La Muralla, 2, COCHERA, 14730 Posadas, Córdoba",Apicultura artesanal de Posadas dedicada a miel natural recolectada en entorno rural.,lunes: Abierto 24 horas | martes: Abierto 24 horas | miércoles: Abierto 24 horas | jueves: Abierto 24 horas | viernes: Abierto 24 horas | sábado: Abierto 24 horas | domingo: Abierto 24 horas,+34641249743,,,https://www.facebook.com/Apiculturarural/,https://www.instagram.com/apicolamalena/,https://www.google.com/maps/search/?api=1&query=APICOLA%20MALENA%2C%20Av.%20de%20La%20Muralla%2C%202%2C%20COCHERA%2C%2014730%20Posadas%2C%20C%C3%B3rdoba%2C%20Espa%C3%B1a&query_place_id=ChIJHQo8q_jVEg0R1lUB7cjy-yI,37.7996769,-5.1026314,,verificado,no comprobado,,,835,es
gomeoliva-priego-de-cordoba,Gomeoliva,Priego de Córdoba,Aceite,"AOVE, vinagre, aceitunas y almendras","Av. de Granada, s/n, 14800 Priego de Córdoba, Córdoba","Gomeoliva produce, elabora y envasa en Priego de Córdoba desde 1956 AOVE DOP convencional y ecológico, además de vinagre, aceitunas y almendras.","lunes: 9:00–14:30, 16:00–20:00 | martes: 9:00–14:30, 16:00–20:00 | miércoles: 9:00–14:30, 16:00–20:00 | jueves: 9:00–14:30, 16:00–20:00 | viernes: 9:00–14:30, 16:00–20:00 | sábado: 10:00–14:00 | domingo: Cerrado",+34957700584,info@gomeoliva.com,https://gomeoliva.es/tienda,,,https://www.google.com/maps/search/?api=1&query=Gomeoliva%2C%20Av.%20de%20Granada%2C%20s%2Fn%2C%2014800%20Priego%20de%20C%C3%B3rdoba%2C%20C%C3%B3rdoba%2C%20Espa%C3%B1a&query_place_id=ChIJm3E92v2QbQ0R5kNFs-rwoh4,37.4424195,-4.1941643,/productores/es/andalucia/cordoba/gomeoliva-priego-de-cordoba.webp,verificado,sí,ecommerce,,6492,es
snack-adara-priego-de-cordoba,Snack Adara Gourmet,Priego de Córdoba,Aperitivos,Patatas fritas gourmet,"C. Quiroga, 29, 14800 Priego de Córdoba, Córdoba",Marca de Priego de Córdoba de patatas fritas y snacks gourmet elaborados artesanalmente en la Subbética.,lunes: 10:00–14:00 | martes: 10:00–14:00 | miércoles: 10:00–14:00 | jueves: 10:00–14:00 | viernes: 10:00–14:00 | sábado: Cerrado | domingo: Cerrado,+34601903771,info@snackadara.com,https://snackadara.com/,https://www.facebook.com/PatatasFritasAdara/,https://www.instagram.com/snack_adara,https://www.google.com/maps/search/?api=1&query=Snack%20Adara%2C%20C.%20Quiroga%2C%2029%2C%2014800%20Priego%20de%20C%C3%B3rdoba%2C%20C%C3%B3rdoba%2C%20Espa%C3%B1a&query_place_id=ChIJo8xbEbKRbQ0RuQClv7hKDj4,37.4430972,-4.2243107,/productores/es/andalucia/cordoba/snack-adara-priego-de-cordoba.webp,verificado,sí,whatsapp,,11598,es
cortijo-la-calzada-priego-de-cordoba,Cortijo La Calzada,Priego de Córdoba,Lácteos y quesos,"quesos de cabra frescos, semicurados y curados, rulo y requesón","Paraje Las Paradejas, s/n, Ctra. A-339, 14800 Priego de Córdoba, Córdoba",Quesería familiar de la Subbética con ganadería propia que transforma leche recién ordeñada en quesos de cabra y requesón artesanos.,"lunes: 8:00–14:00, 18:00–20:30 | martes: 8:00–14:00, 18:00–20:30 | miércoles: 8:00–14:00, 18:00–20:30 | jueves: 8:00–14:00, 18:00–20:30 | viernes: 8:00–14:00, 18:00–20:30 | sábado: 8:00–14:00 | domingo: 8:00–14:00",+34699954596,pedidos@cortijolacalzada.es,https://cortijolacalzada.es/,https://www.facebook.com/cortijolacalzada/,https://www.instagram.com/cortijolacalzada/,https://www.google.com/maps/search/?api=1&query=Cortijo%20La%20Calzada%2C%20Paraje%20Las%20Paradejas%2C%20Ctra.%20A-339%2C%2014800%20Priego%20de%20C%C3%B3rdoba%2C%20Espa%C3%B1a&query_place_id=ChIJO_yqmVSSbQ0RjrXgqCCCU2E,37.437897,-4.1152491,/productores/es/andalucia/cordoba/cortijo-la-calzada-priego-de-cordoba.webp,verificado,no comprobado,,,4651,es
verdemiel-miel-ecologica-de-andalucia-priego-de-cordoba,VerdeMiel Miel Ecológica de Andalucía,Priego de Córdoba,Miel,Miel y productos apícolas,"Calle Luis Braille, s/n, 14800 Priego de Córdoba, Córdoba",Productor de Priego de Córdoba especializado en miel cruda ecológica de Andalucía.,lunes: 12:30–14:00 | martes: 12:30–14:00 | miércoles: 12:30–14:00 | jueves: 12:30–14:00 | viernes: 12:30–14:00 | sábado: Cerrado | domingo: Cerrado,+34688654508,info@verdemiel.es,https://www.verdemiel.es/,https://www.facebook.com/verdemiel.es/,https://www.instagram.com/verdemiel.es/,https://www.google.com/maps/search/?api=1&query=VerdeMiel%20Miel%20Ecol%C3%B3gica%20de%20Andaluc%C3%ADa%2C%20Calle%20Luis%20Braille%2C%20s%2Fn%2C%2014800%20Priego%20de%20C%C3%B3rdoba%2C%20C%C3%B3rdoba%2C%20Espa%C3%B1a&query_place_id=ChIJnb2YOYKRbQ0RJ3J10UxYwLY,37.439452,-4.1965796,/productores/es/andalucia/cordoba/verdemiel-miel-ecologica-de-andalucia-priego-de-cordoba.webp,verificado,sí,ecommerce,,12111,es
aceite-cortijo-el-canal-puente-genil,Aceite Cortijo El Canal,Puente Genil,Aceite,Aceite de oliva virgen extra,"ALMAZARA CORTIJO EL CANAL, A-3133, KM 2, 5, 14500 Puente Genil, Córdoba","Cortijo El Canal elabora en Puente Genil AOVE sin filtrar y lo envasa en latas, garrafas, botellas, jarras, frascas y formatos mini de nueva cosecha.",lunes: 8:00–15:00 | martes: 8:00–15:00 | miércoles: 8:00–15:00 | jueves: 8:00–15:00 | viernes: 8:00–15:00 | sábado: 8:00–14:00 | domingo: Cerrado,+34626572585,,https://aceitecortijoelcanal.com/,https://www.facebook.com/cortijoelcanal,https://www.instagram.com/cortijo_elcanal/,https://www.google.com/maps/search/?api=1&query=Aceite%20Cortijo%20El%20Canal%2C%20ALMAZARA%20CORTIJO%20EL%20CANAL%2C%20A-3133%2C%20KM%202%2C%205%2C%2014500%20Puente%20Genil%2C%20C%C3%B3rdoba%2C%20Espa%C3%B1a&query_place_id=ChIJ744mI1BCbQ0RxekNe0oQyiI,37.4251823,-4.7602734,/productores/es/andalucia/cordoba/aceite-cortijo-el-canal-puente-genil.webp,verificado,sí,ecommerce,,92,es
aceite-de-las-valdesas-puente-genil,Aceite de las Valdesas,Puente Genil,Aceite,Aceite de oliva virgen extra,"Carretera de Puente Genil a Badolatosa, CO-9039, km 7, 14500 Puente Genil, Córdoba","Las Valdesas cultiva en su finca de Puente Genil olivos Picual, Arbequina, Hojiblanca, Manzanilla y Frantoio y trabaja con un modelo de huella de carbono negativa.",lunes: 8:00–14:00 | martes: 8:00–14:00 | miércoles: 8:00–14:00 | jueves: 8:00–14:00 | viernes: 8:00–14:00 | sábado: Cerrado | domingo: Cerrado,+34957093000,,https://www.aceitedelasvaldesas.com/,,,https://www.google.com/maps/search/?api=1&query=Aceite%20de%20las%20Valdesas%2C%20Carretera%20de%20Puente%20Genil%20a%20Badolatosa%2C%20CO-9039%2C%20km%207%2C%2014500%20Puente%20Genil%2C%20C%C3%B3rdoba%2C%20Espa%C3%B1a&query_place_id=ChIJ7ciZnd5CbQ0RGRO_lxMWlKk,37.3435363,-4.734165099999999,/productores/es/andalucia/cordoba/aceite-de-las-valdesas-puente-genil.webp,verificado,sí,ecommerce,,95,es
aceitunas-lanzas-s-l-puente-genil,Aceitunas Lanzas S.L.,Puente Genil,Conservas,Aceitunas y encurtidos,"C. Frente Pasaje San Andrés, 7, 14500 Puente Genil, Córdoba",Empresa familiar de Puente Genil dedicada a elaborar aceitunas y encurtidos de manera artesanal.,lunes: 7:00–15:00 | martes: 7:00–15:00 | miércoles: 7:00–15:00 | jueves: 7:00–15:00 | viernes: 7:00–15:00 | sábado: Cerrado | domingo: Cerrado,+34957604557,,,,,https://www.google.com/maps/search/?api=1&query=Aceitunas%20Lanzas%20S.%20L.%2C%20C.%20San%20Andr%C3%A9s%2C%207%2C%2014500%20Puente%20Genil%2C%20C%C3%B3rdoba%2C%20Espa%C3%B1a&query_place_id=ChIJ-7IUy-tCbQ0RPZyfRKlTgMI,37.3975202,-4.7529545,,parcial,no comprobado,,,251,es
membrillo-el-quijote-puente-genil,Membrillo El Quijote,Puente Genil,Dulces y repostería,Dulce de membrillo,"Polígono Industrial San Pancracio, 16, 14500 Puente Genil, Córdoba","Fabricante histórico de Puente Genil especializado en membrillo, mermeladas, dulces de frutas y productos sin azúcar añadido.",lunes: 8:00–15:00 | martes: 8:00–15:00 | miércoles: 8:00–15:00 | jueves: Cerrado | viernes: Cerrado | sábado: Cerrado | domingo: Cerrado,+34957609096,pedidos@quijotefood.com,https://quijotefood.com/,https://www.facebook.com/MembrilloElQuijote,https://www.instagram.com/membrilloelquijote_oficial/,https://www.google.com/maps/search/?api=1&query=Membrillo%20El%20Quijote%2C%20Pol%C3%ADgono%20Industrial%20San%20Pancracio%2C%2016%2C%2014500%20Puente%20Genil%2C%20C%C3%B3rdoba%2C%20Espa%C3%B1a&query_place_id=ChIJb7aR7CJDbQ0RqlIAWJnIlZA,37.3950157,-4.7427172,/productores/es/andalucia/cordoba/membrillo-el-quijote-puente-genil.webp,verificado,sí,ecommerce,,8612,es
membrillo-la-gondola-puente-genil,Membrillo La Góndola,Puente Genil,Dulces y repostería,Dulce de membrillo,"C. Bailén, 9, 14500 Puente Genil, Córdoba","Fábrica artesana de Puente Genil dedicada al membrillo desde 1914, con catálogo y tienda online propia.",lunes: 9:30–13:00 | martes: 9:30–13:00 | miércoles: 9:30–13:00 | jueves: 9:30–13:00 | viernes: 9:30–13:00 | sábado: Cerrado | domingo: Cerrado,+34957600329,comercial@membrillo-lagondola.com,https://www.membrillo-lagondola.com/,https://www.facebook.com/membrillolagondola/,https://www.instagram.com/membrillolagondola/,https://www.google.com/maps/search/?api=1&query=Membrillo%20La%20G%C3%B3ndola%2C%20C.%20Bail%C3%A9n%2C%209%2C%2014500%20Puente%20Genil%2C%20C%C3%B3rdoba%2C%20Espa%C3%B1a&query_place_id=ChIJD9SaTztDbQ0Re90qkiyHH_s,37.3937092,-4.7887647,/productores/es/andalucia/cordoba/membrillo-la-gondola-puente-genil.webp,verificado,sí,ecommerce,,8613,es
anis-de-raza-rute,Anís de Raza,Rute,Destilados y licores,Anís y licores,"Rda. de Priego, 7, 14960 Rute, Córdoba","La familia de Anís de Raza destila en Rute desde 1876; la marca nació en 1943 y su catálogo reúne anises, licores y ginebra.","lunes: 8:15–14:15, 16:00–18:30 | martes: 8:15–14:15, 16:00–18:30 | miércoles: 8:15–14:15, 16:00–18:30 | jueves: 8:15–14:15, 16:00–18:30 | viernes: 8:15–14:15 | sábado: Cerrado | domingo: Cerrado",+34957538650,administracion@anisraza.com,https://www.anisraza.com/,,https://www.instagram.com/destileriasraza/,https://www.google.com/maps/search/?api=1&query=Anis%20de%20Raza%2C%20Rda.%20de%20Priego%2C%207%2C%2014960%20Rute%2C%20C%C3%B3rdoba%2C%20Espa%C3%B1a&query_place_id=ChIJ-_voVT6DbQ0R0apgSKnFWlI,37.3282868,-4.3652887,/productores/es/andalucia/cordoba/anis-de-raza-rute.webp,verificado,sí,ecommerce,,773,es
anis-machaquito-destileria-rute,Anís Machaquito Destilería,Rute,Destilados y licores,"anís Machaquito dulce, seco y bidestilado; licores Reyes","C. P.º del Fresno, 7, 14960 Rute, Córdoba",Destilería de Rute que elabora anís Machaquito y licores artesanos mediante destilación de matalahúga en alambiques centenarios de cobre calentados con leña.,lunes: 7:00–15:00 | martes: 7:00–15:00 | miércoles: 7:00–15:00 | jueves: 7:00–15:00 | viernes: 7:00–15:00 | sábado: Cerrado | domingo: Cerrado,+34957538040,turismoindustrial@machaquito.com,https://machaquito.com/,,https://www.instagram.com/machaquito_anis_y_licores/,https://www.google.com/maps/search/?api=1&query=An%C3%ADs%20Machaquito%20Destiler%C3%ADa%2C%20C.%20P.%C2%BA%20del%20Fresno%2C%207%2C%2014960%20Rute%2C%20C%C3%B3rdoba%2C%20Espa%C3%B1a&query_place_id=ChIJdXUfGEmCbQ0RMRzqHMCHoVE,37.32788559999999,-4.3636077,/productores/es/andalucia/cordoba/anis-machaquito-destileria-rute.webp,verificado,sí,ecommerce,,777,es
destilerias-altamirano-sa-rute,Destilerías Altamirano S.A.,Rute,Destilados y licores,Anís y licores,"C. Cortijuelos, 18, 14960 Rute, Córdoba","La familia Altamirano elabora en Rute anises y licores al estilo tradicional desde 1909, continuando marcas históricas como Anís del Indio, Anís Chispa y Anís Altamirano.","lunes: 9:00–14:00, 16:00–19:00 | martes: 9:00–14:00, 16:00–19:00 | miércoles: 9:00–14:00, 16:00–19:00 | jueves: 9:00–14:00 | viernes: 9:00–14:00, 16:00–19:00 | sábado: Cerrado | domingo: Cerrado",+34957538093,info@anisaltamirano.com,https://www.anisaltamirano.com/,,https://www.instagram.com/anisaltamirano/,https://www.google.com/maps/search/?api=1&query=DESTILERIAS%20ALTAMIRANO%2C%20SA%2C%20C.%20Cortijuelos%2C%2018%2C%2014960%20Rute%2C%20C%C3%B3rdoba%2C%20Espa%C3%B1a&query_place_id=ChIJo6rea26DbQ0RYCYRDS-9Zxg,37.3291881,-4.3639356,/productores/es/andalucia/cordoba/destilerias-altamirano-sa-rute.webp,verificado,sí,ecommerce,,4846,es
la-flor-de-rute-rute,La Flor de Rute,Rute,Pan y cereal,Dulces de Navidad,"C. de Blas Infante, 22, 14960 Rute, Córdoba","La Flor de Rute elabora dulces navideños artesanos como turrones, mazapanes, mantecados, polvorones y alfajores, además de líneas sin gluten o sin azúcares añadidos.","lunes: 9:00–14:00, 16:00–19:00 | martes: 9:00–14:00, 16:00–19:00 | miércoles: 9:00–14:00, 16:00–19:00 | jueves: 9:00–14:00, 16:00–19:00 | viernes: 9:00–14:00, 16:00–19:00 | sábado: 9:00–14:00, 16:00–19:00 | domingo: 9:00–14:00, 16:00–19:00",+34957538661,web@laflorderute.es,https://www.laflorderute.es/,https://www.facebook.com/La.Flor.de.Rute/,https://www.instagram.com/florderute/,https://www.google.com/maps/search/?api=1&query=La%20Flor%20de%20Rute%2C%20C.%20de%20Blas%20Infante%2C%2022%2C%2014960%20Rute%2C%20C%C3%B3rdoba%2C%20Espa%C3%B1a&query_place_id=ChIJ96YnDUGCbQ0RcLSPDkbLJFc,37.327421,-4.374141,/productores/es/andalucia/cordoba/la-flor-de-rute-rute.webp,verificado,sí,ecommerce,,7673,es
finca-duernas-santa-cruz,Finca Duernas,Santa Cruz,Aceite,"AOVE, almendras, sal y miel","Ctra Nac 432 km 301, 14820 Santa Cruz, Córdoba","Finca olivarera familiar con 200 años de tradición, cuarta generación al frente, cultivo ecológico y almazara propia que controla la aceituna desde el árbol hasta la bodega.",lunes: 9:00–16:00 | martes: 9:00–16:00 | miércoles: 9:00–16:00 | jueves: 9:00–16:00 | viernes: 9:00–16:00 | sábado: 9:00–16:00 | domingo: Cerrado,+34957290449,ventas@fincaduernas.com,https://fincaduernas.com/,https://www.facebook.com/fincaduernas,https://www.instagram.com/fincaduernas/,https://www.google.com/maps/search/?api=1&query=Finca%20Duernas%2C%20Ctra%20Nac%20432%20km%20301%2C%2014820%20Santa%20Cruz%2C%20C%C3%B3rdoba%2C%20Espa%C3%B1a&query_place_id=ChIJ2Z4MQo0QbQ0Rfmje0rgBkAs,37.6983757,-4.6131033,/productores/es/andalucia/cordoba/finca-duernas-santa-cruz.webp,verificado,sí,ecommerce,,5824,es
mielinizate-villa-del-rio,Mielinizate,Villa del Río,Miel,Miel y productos apícolas,"C. Fuentes de Andalucia, 31, 14640 Villa del Río, Córdoba","Proyecto apícola de Villa del Río dedicado a miel artesana, polen y productos derivados de la colmena.","lunes: 10:00–13:30, 17:00–19:30 | martes: 10:00–13:30, 17:00–19:30 | miércoles: 10:00–13:30, 17:00–19:30 | jueves: 10:00–13:30, 17:00–19:30 | viernes: 10:00–13:30 | sábado: Cerrado | domingo: Cerrado",+34695978996,sales@mielinizate.com,https://mielinizate.com/,https://www.facebook.com/Mielinizate/,https://www.instagram.com/mielinizatehoneyandbeeproducts/,https://www.google.com/maps/search/?api=1&query=Mielinizate%2C%20C.%20Fuentes%20de%20Andalucia%2C%2031%2C%2014640%20Villa%20del%20R%C3%ADo%2C%20C%C3%B3rdoba%2C%20Espa%C3%B1a&query_place_id=ChIJ8VfNi95TbA0R-_2Jv5LcwYk,37.9895198,-4.3060053,/productores/es/andalucia/cordoba/mielinizate-villa-del-rio.webp,verificado,sí,ecommerce,,8837,es
chacinas-de-villanueva-s-l-villanueva-de-cordoba,Chacinas de Villanueva S.L.,Villanueva de Córdoba,Carne,"Jamón, embutidos y chacinas","C. Moreno de Pedrajas, 36, 14440 Villanueva de Córdoba, Córdoba",Chacinas de Villanueva lleva más de 20 años seleccionando ibéricos en Villanueva de Córdoba y cura lentamente con poca sal en secaderos naturales su jamón ibérico de bellota y otras piezas.,"lunes: 9:00–13:30, 16:30–20:00 | martes: 9:00–13:30, 16:30–20:00 | miércoles: 9:00–13:30, 16:30–20:00 | jueves: 9:00–13:30, 16:30–20:00 | viernes: 9:00–13:30, 16:30–20:00 | sábado: 9:00–13:30 | domingo: Cerrado",+34627942884,info@chacinasvillanueva.es,https://chacinasvillanueva.es/,,,https://www.google.com/maps/search/?api=1&query=Chacinas%20De%20Villanueva%20S%20L%2C%20C.%20Moreno%20de%20Pedrajas%2C%2036%2C%2014440%20Villanueva%20de%20C%C3%B3rdoba%2C%20C%C3%B3rdoba%2C%20Espa%C3%B1a&query_place_id=ChIJWQnyul2RbA0R1Euuq3tqAiQ,38.3192182,-4.6301201,/productores/es/andalucia/cordoba/chacinas-de-villanueva-s-l-villanueva-de-cordoba.webp,verificado,sí,ecommerce,,3985,es
ibesa-villanueva-de-cordoba,IBESA - Ibérico de Bellota S.A.,Villanueva de Córdoba,Carne,"Jamón, embutidos y chacinas","Polígono Industrial Carnico, s/n, 14440 Villanueva de Córdoba, Córdoba","IBESA agrupa a ganaderos de Villanueva de Córdoba que crían cerdo ibérico puro en la dehesa de Los Pedroches, alimentado con bellota y curado bajo el microclima del valle.",lunes: 8:00–15:00 | martes: 8:00–15:00 | miércoles: 8:00–15:00 | jueves: 8:00–15:00 | viernes: 8:00–15:00 | sábado: Cerrado | domingo: Cerrado,+34957122000,info@ibesa.es,https://www.ibesa.es/,,,https://www.google.com/maps/search/?api=1&query=IBESA%2C%20Pol%C3%ADgono%20Industrial%20Carnico%2C%20s%2Fn%2C%2014440%20Villanueva%20de%20C%C3%B3rdoba%2C%20C%C3%B3rdoba%2C%20Espa%C3%B1a&query_place_id=ChIJs7CtmkORbA0RLL0nsWkRBwU,38.332096,-4.617429,/productores/es/andalucia/cordoba/ibesa-villanueva-de-cordoba.webp,verificado,sí,ecommerce,,7081,es
jamivi-jamon-iberico-de-villanueva-de-cordoba-villanueva-de-cordoba,Jamivi - Jamón Ibérico de Villanueva de Córdoba,Villanueva de Córdoba,Carne,"Jamón, embutidos y chacinas","Calle San Blas s/n, 14440 Villanueva de Córdoba, Córdoba","Jamivi prepara en Villanueva de Córdoba jamones y paletas de bellota, cebo de campo y cebo, incluido 100 % ibérico, además de lomo, lomito, chorizo y salchichón.",lunes: 9:00–13:30 | martes: 9:00–13:30 | miércoles: 9:00–13:30 | jueves: 9:00–13:30 | viernes: 9:00–13:30 | sábado: Cerrado | domingo: Cerrado,+34669458263,info@jamondecordoba.es,https://jamondecordoba.es/,https://www.facebook.com/jamonibericodevillanueva/,https://www.instagram.com/jamonesibericosjamivi/,https://www.google.com/maps/search/?api=1&query=JAMIVI%2C%20Jam%C3%B3n%20Ib%C3%A9rico%20de%20Villanueva%20de%20C%C3%B3rdoba%2C%20Calle%20San%20Blas%20s%2Fn%2C%2014440%20Villanueva%20de%20C%C3%B3rdoba%2C%20C%C3%B3rdoba%2C%20Espa%C3%B1a&query_place_id=ChIJBWSH1GeRbA0R9AY8kvx_xJ8,38.3177061,-4.6201097,/productores/es/andalucia/cordoba/jamivi-jamon-iberico-de-villanueva-de-cordoba-villanueva-de-cordoba.webp,verificado,sí,ecommerce,,7194,es
jamones-la-encina-secadero-de-jamones-y-embutidos-villanueva-de-cordoba,Jamones La Encina,Villanueva de Córdoba,Carne,"Jamón, embutidos y chacinas","Polígono Industrial UI2, calle C, naves 4-5, 14440 Villanueva de Córdoba, Córdoba","Jamones La Encina elabora en Villanueva de Córdoba jamones, paletas, loncheados y embutidos propios y los distribuye mediante una red de once tiendas.","lunes: 9:00–13:00, 16:00–18:00 | martes: 9:00–13:00, 16:00–18:00 | miércoles: 9:00–13:00, 16:00–18:00 | jueves: 9:00–13:00, 16:00–18:00 | viernes: 9:00–13:00, 16:00–18:00 | sábado: 10:00–13:00 | domingo: Cerrado",+34957121844,info@jamoneslaencina.com,https://jamoneslaencina.com/,https://www.facebook.com/jamones.laencina,https://www.instagram.com/latiber2010/,https://www.google.com/maps/search/?api=1&query=Jamones%20La%20Encina.%20Secadero%20de%20Jamones%20y%20embutidos.%2C%20Pol%C3%ADgono%20Industrial%20UI2%2C%20calle%20C%2C%20naves%204-5%2C%2014440%20Villanueva%20de%20C%C3%B3rdoba%2C%20C%C3%B3rdoba%2C%20Espa%C3%B1a&query_place_id=ChIJV0XUjbZgbA0RuhORK01b3wc,38.32822549999999,-4.6175098,/productores/es/andalucia/cordoba/jamones-la-encina-secadero-de-jamones-y-embutidos-villanueva-de-cordoba.webp,verificado,sí,marketplace,,7254,es
jamones-majada-pedroche-villanueva-de-cordoba,Jamones Majada Pedroche,Villanueva de Córdoba,Carne,"Jamón, embutidos y chacinas","C. A, 60, 62, 14440 Villanueva de Córdoba, Córdoba","Majada Pedroche es una empresa familiar de Villanueva de Córdoba con más de cuatro generaciones de tradición cárnica, constituida en 2001 y especializada en ibéricos de bellota 100 % puros.","lunes: 9:00–14:00, 16:30–20:30 | martes: 9:00–14:00, 16:30–20:30 | miércoles: 9:00–14:00, 16:30–20:30 | jueves: 9:00–14:00, 16:30–20:30 | viernes: 9:00–14:00, 16:30–20:30 | sábado: 9:00–14:00 | domingo: Cerrado",+34957129070,jamonesmajadapedroche.mariajose@gmail.com,https://jamonesmajadapedroche.es/,https://www.facebook.com/majadapedroche/,https://www.instagram.com/majadapedroche/,https://www.google.com/maps/search/?api=1&query=Jamones%20Majada%20Pedroche%2C%20C.%20A%2C%2060%2C%2062%2C%2014440%20Villanueva%20de%20C%C3%B3rdoba%2C%20C%C3%B3rdoba%2C%20Espa%C3%B1a&query_place_id=ChIJzR9NfmuRbA0RhyStz8bvxbw,38.3285967,-4.619416699999999,/productores/es/andalucia/cordoba/jamones-majada-pedroche-villanueva-de-cordoba.webp,verificado,sí,ecommerce,,7258,es
senorio-de-los-pedroches-villanueva-de-cordoba,Señorío de los Pedroches,Villanueva de Córdoba,Carne,"Jamón, embutidos y chacinas","C. Pozoblanco, 70, 14440 Villanueva de Córdoba, Córdoba","Señorío de Los Pedroches controla en Villanueva de Córdoba todo el proceso de sus ibéricos, desde el nacimiento y alimentación natural de los cerdos en la dehesa hasta la elaboración.","lunes: 9:00–14:00, 17:00–20:00 | martes: 9:00–14:00, 17:00–20:00 | miércoles: 9:00–14:00, 17:00–20:00 | jueves: 9:00–14:00, 17:00–20:00 | viernes: 9:00–14:00, 17:00–20:00 | sábado: 9:30–13:30 | domingo: Cerrado",+34671200649,info@senoriodelospedroches.com,https://senoriodelospedroches.com/,https://www.facebook.com/senoriodelospedroches,https://www.instagram.com/senoriodelospedroches/,https://www.google.com/maps/search/?api=1&query=Se%C3%B1or%C3%ADo%20de%20los%20Pedroches%2C%20C.%20Pozoblanco%2C%2070%2C%2014440%20Villanueva%20de%20C%C3%B3rdoba%2C%20C%C3%B3rdoba%2C%20Espa%C3%B1a&query_place_id=ChIJHyoHlUWRbA0R7EOJh_XTH2I,38.323872,-4.6335529,/productores/es/andalucia/cordoba/senorio-de-los-pedroches-villanueva-de-cordoba.webp,verificado,sí,ecommerce,,11468,es
delicias-artesanas-cris-villanueva-de-cordoba,Delicias Artesanas Cris,Villanueva de Córdoba,Pan y cereal,Dulces caseros típicos de Villanueva de Córdoba,"C. Nieve, 8, 14440 Villanueva de Córdoba, Córdoba",Pastelería de Villanueva de Córdoba dedicada a la elaboración artesanal de dulces caseros y repostería tradicional de la localidad.,"lunes: Cerrado | martes: 9:30–14:00 | miércoles: 9:30–14:00 | jueves: 9:30–14:00 | viernes: 9:30–14:00, 17:30–20:30 | sábado: 9:30–14:00 | domingo: Cerrado",+34617944291,,,https://www.facebook.com/deliciasartesanascris/,,https://www.google.com/maps/search/?api=1&query=Delicias%20Artesanas%20Cris%2C%20C.%20Nieve%2C%208%2C%2014440%20Villanueva%20de%20C%C3%B3rdoba%2C%20C%C3%B3rdoba%2C%20Espa%C3%B1a&query_place_id=ChIJa8VSI0WRbA0RzdpcL1PV7aE,38.3228134,-4.6241936,,verificado,no comprobado,,,4802,es
rosypan-productos-artesanos-villanueva-de-cordoba,Rosypan Productos Artesanos,Villanueva de Córdoba,Pan y cereal,"Pan, dulces, bollos y magdalenas artesanales","C. San Gregorio, 17, 14440 Villanueva de Córdoba, Córdoba","Elabora y vende pan, dulces, bollos y magdalenas tradicionales de forma artesanal, con despacho propio y reparto a domicilio en Villanueva de Córdoba.","lunes: 9:00–14:00, 17:30–20:30 | martes: 9:00–14:00, 17:30–20:30 | miércoles: 9:00–14:00, 17:30–20:30 | jueves: 9:00–14:00, 17:30–20:30 | viernes: 9:00–14:00, 17:30–20:30 | sábado: 9:00–14:00 | domingo: Cerrado",+34957123392,rosypan@hotmail.es,,https://www.facebook.com/p/Rosypan-100063529299662/,,https://www.google.com/maps/search/?api=1&query=Rosypan%20Productos%20Artesanos%2C%20C.%20San%20Gregorio%2C%2017%2C%2014440%20Villanueva%20de%20C%C3%B3rdoba%2C%20C%C3%B3rdoba%2C%20Espa%C3%B1a&query_place_id=ChIJ_8BzKGiRbA0RsxatHeyJo2s,38.3224477,-4.6242781,,verificado,sí,telefono,,11171,es
jamones-blasco-s-l-villanueva-del-duque,Jamones Blasco S.L.,Villanueva del Duque,Carne,"Jamón, embutidos y chacinas","A-422, 2, 14250 Villanueva del Duque, Córdoba","Jamones Blasco cura desde 1980 jamones y paletas en una bodega natural de Villanueva del Duque, con selección de piezas, salado controlado, secado y maduración lenta.","lunes: 8:30–14:30, 16:00–18:00 | martes: 8:30–14:30, 16:00–18:00 | miércoles: 8:30–14:30, 16:00–18:00 | jueves: 8:30–14:30, 16:00–18:00 | viernes: 8:30–14:30, 16:00–18:00 | sábado: Cerrado | domingo: Cerrado",+34957126037,jamonesblasco@hotmail.es,https://jamonesblasco.es/,https://www.facebook.com/JamonesBlascoSL/,,https://www.google.com/maps/search/?api=1&query=Jamones%20Blasco%20S.l.%2C%20A-422%2C%202%2C%2014250%20Villanueva%20del%20Duque%2C%20C%C3%B3rdoba%2C%20Espa%C3%B1a&query_place_id=ChIJ-wmjC5OtbA0RHi1hVqOly_k,38.3942747,-4.9940313,/productores/es/andalucia/cordoba/jamones-blasco-s-l-villanueva-del-duque.webp,verificado,sí,marketplace,,7212,es
quesos-plazuelo-valle-de-los-pedroches-villaralto,Quesos Plazuelo,Villaralto,Lácteos y quesos,Queso artesanal,"Ctra. El Viso, km 0.5, 14490 Villaralto, Córdoba","Quesería artesana de Villaralto, en Los Pedroches, con quesos de cabra, oveja y vaca.",lunes: 8:00–14:00 | martes: 8:00–14:00 | miércoles: 8:00–14:00 | jueves: 8:00–14:00 | viernes: 8:00–14:00 | sábado: 9:30–13:30 | domingo: Cerrado,+34744612291,info@quesosplazuelo.es,https://quesosplazuelo.es/,,https://www.instagram.com/quesosplazuelo/,https://www.google.com/maps/search/?api=1&query=Quesos%20Plazuelo%20-%20Valle%20de%20los%20pedroches%2C%20Ctra.%20El%20Viso%2C%20km%200.5%2C%2014490%20Villaralto%2C%20C%C3%B3rdoba%2C%20Espa%C3%B1a&query_place_id=ChIJO8btwgGsbA0RubPxgrkvt2g,38.4596099,-4.9772052,/productores/es/andalucia/cordoba/quesos-plazuelo-valle-de-los-pedroches-villaralto.webp,verificado,sí,ecommerce,,10940,es
agricola-sierra-morena-almazara-villaviciosa-de-cordoba,Agrícola Sierra Morena - Almazara Puerto Carretas,Villaviciosa de Córdoba,Aceite,AOVE ecológico Puerto Carretas de variedades picual y hojiblanca,"Ctra. A-3075, km 16,5, 14300 Villaviciosa de Córdoba, Córdoba","Mini almazara familiar de Agrícola Sierra Morena que cultiva olivar ecológico sin herbicidas ni insecticidas, recoge a mano y envasa en la finca AOVE de extracción mecánica y producción limitada.","lunes: 9:00–14:00, 16:00–19:00 | martes: 9:00–14:00, 16:00–19:00 | miércoles: 9:00–14:00, 16:00–19:00 | jueves: 9:00–14:00, 16:00–19:00 | viernes: 9:00–14:00, 16:00–19:00 | sábado: 9:00–14:00 | domingo: Cerrado",+34957360760,puertocarretas@hotmail.com,https://www.puertocarretas.com/mini-almazara-familiar/,,,https://www.google.com/maps/search/?api=1&query=Agricola%20Sierra%20Morena.%20ALMAZARA%2C%20A-3075%2C%20Km.%2C%2016%2C%205%2C%2014300%20Villaviciosa%20de%20C%C3%B3rdoba%2C%20C%C3%B3rdoba%2C%20Espa%C3%B1a&query_place_id=ChIJq6jhDbTNbA0RvBSZpFspou8,38.0795059,-5.0020412,/productores/es/andalucia/cordoba/agricola-sierra-morena-almazara-villaviciosa-de-cordoba.webp,verificado,no,,,430,es
productos-de-la-caza-y-del-cerdo-el-canito-s-l-villaviciosa-de-cordoba,Productos de la Caza y del Cerdo El Canito S.L.,Villaviciosa de Córdoba,Carne,"embutidos y elaborados de ciervo, jabalí y cerdo ibérico","Ctra. de Posadas, s/n, 14300 Villaviciosa de Córdoba, Córdoba","Empresa familiar de Villaviciosa que elabora embutidos, carnes y preparados de caza y cerdo ibérico, como hamburguesas y flamenquines de ciervo.",lunes: 7:00–15:00 | martes: 7:00–15:00 | miércoles: 7:00–15:00 | jueves: 7:00–15:00 | viernes: 7:00–15:00 | sábado: 9:00–13:30 | domingo: 11:00–13:30,+34957360779,info@elcanito.com,https://www.elcanito.com/,,,https://www.google.com/maps/search/?api=1&query=El%20Canito%2C%20Ctra.%20de%20Posadas%2C%20s%2Fn%2C%2014300%20Villaviciosa%20de%20C%C3%B3rdoba%2C%20Espa%C3%B1a&query_place_id=ChIJVTEacajNbA0RaJKsYWrYy40,38.07306,-5.01649,,verificado,sí,ecommerce,,10311,es
quesos-los-balanchares-zuheros,Quesos Los Balanchares,Zuheros,Lácteos y quesos,Quesos de cabra y oveja,"A-318, Km 68, 14870 Zuheros, Córdoba","Quesería de Zuheros, maestros queseros desde 1995, especializada en quesos de cabra y oveja.",lunes: 7:30–15:00 | martes: 7:30–15:00 | miércoles: 7:30–15:00 | jueves: 7:30–15:00 | viernes: 7:30–15:00 | sábado: 10:00–18:00 | domingo: 10:00–18:00,+34957694714,info@losbalanchares.es,https://www.losbalanchares.es/,https://www.facebook.com/losbalanchares,https://www.instagram.com/losbalanchares/,https://www.google.com/maps/search/?api=1&query=Quesos%20Los%20Balanchares%2C%20A-318%2C%20Km%2068%2C%2014870%20Zuheros%2C%20C%C3%B3rdoba%2C%20Espa%C3%B1a&query_place_id=ChIJnRzNME2fbQ0R9zWZmg53lyg,37.5598963,-4.3195366,/productores/es/andalucia/cordoba/quesos-los-balanchares-zuheros.webp,verificado,sí,ecommerce,,10903,es
quesos-los-pena-baena,Quesería Artesanal Los Peña,Baena,Lácteos y quesos,"Queso fresco, semicurado y curado de leche cruda de cabra, requesón y postres lácteos","14850 Baena, Córdoba, España","Quesería artesanal de Baena fundada en 2003, con 1.500 cabras de raza malagueña propias alimentadas con cultivos de la explotación familiar; quesos al pimentón, al romero, en aceite y postres lácteos.",Consultar contacto directo,,,,,,,37.61444,-4.32556,,parcial,no comprobado,,,10444,es
queseria-comocabras-adamuz,Quesería ComoCabras,Adamuz,Lácteos y quesos,"Nero di Capra, Jano semicurado, Cuña Violeta, Caprichos de leche cruda de cabra","Finca en Sierra Morena, 14430 Adamuz, Córdoba, España","Granja y quesería artesanal en la Sierra Morena cordobesa (proyecto Yandanera, obrador desde 2017): cabras en manejo extensivo ecológico sobre 40 ha de dehesa y quesos madurados solo de leche cruda.",Consultar contacto directo,,,,https://www.facebook.com/queseriacomocabras,,,38.02778,-4.52222,,parcial,no comprobado,,,10478,es
el-cerrillo-de-los-pastores-fuente-carreteros,Quesería El Cerrillo de los Pastores,Fuente Carreteros,Lácteos y quesos,"Queso fresco de cabra, requesón, curados y semicurados de temporada, queso en aceite de oliva","14110 Fuente Carreteros, Córdoba, España",Pequeña quesería familiar de Fuente Carreteros que elabora quesos puros de cabra de pasta prensada con leche de su propia explotación ganadera.,Consultar contacto directo,+34686410253,,,,,https://www.google.com/maps/search/?api=1&query=Queser%C3%ADa%20El%20Cerrillo%20de%20los%20Pastores%2C%2014110%20Fuente%20Carreteros%2C%20C%C3%B3rdoba%2C%20Espa%C3%B1a&query_place_id=ChIJAaSsdgDPEg0RsgQ4Snsapqg,37.670000,-5.155000,,parcial,no comprobado,,,10509,es
dehesa-las-tobosas-hinojosa-del-duque,Quesos Dehesa Las Tobosas,Hinojosa del Duque,Lácteos y quesos,Queso de oveja de leche cruda semicurado y curado (formatos 1-3 kg),"Finca Dehesa Las Tobosas, 14270 Hinojosa del Duque, Córdoba, España","Quesería familiar de Los Pedroches que transforma la leche cruda de su propio rebaño de ovejas merinas y lacaune, criadas en la dehesa de la finca que da nombre a los quesos.",Consultar contacto directo,,,,,,,38.49836,-5.14504,,parcial,no comprobado,,,10790,es
quesos-natalia-la-carlota,Quesos Natalia,La Carlota,Lácteos y quesos,Queso fresco de cabra artesano,"Monte Alto, 14111 La Carlota, Córdoba, España","Quesería de la aldea de Monte Alto (La Carlota) dirigida por la ganadera Natalia Estévez: queso fresco de cabra de elaboración diaria con leche de su propio rebaño, distribuido por Andalucía y Extremadura.",Consultar contacto directo,+34658334263,,,,,,37.67493,-4.92965,,parcial,no comprobado,,,10927,es
quesos-el-molino-la-carlota,Quesos El Molino,La Carlota,Lácteos y quesos,"Queso fresco de mezcla de vaca y cabra, quesos clásicos","Avenida Carlos III, 13, 14100 La Carlota, Córdoba, España",Quesería cooperativa de La Carlota fundada en 1996 por dos hermanos y sus socios; queso fresco tradicional de mezcla de vaca y cabra con leche de ganaderos locales.,Consultar contacto directo,+34957301781,,,,,https://www.google.com/maps/search/?api=1&query=Quesos%20El%20Molino%2C%20Avenida%20Carlos%20III%2C%2013%2C%2014100%20La%20Carlota%2C%20C%C3%B3rdoba%2C%20Espa%C3%B1a&query_place_id=ChIJB2uBbFIwbQ0REHmNZ71MH4c,37.67493,-4.92965,,parcial,no comprobado,,,10815,es
quesos-quinkana-fuente-palmera,Quesos Quinkana,Fuente Palmera,Lácteos y quesos,"Queso fresco, tierno, semicurado, curados en aceite de oliva, rulo cremoso, reserva de leche cruda","Calle Antonio Machado, 2, 14120 Fuente Palmera, Córdoba, España","Quesería artesanal de Fuente Palmera nacida en 2003 de un proyecto familiar de recogida de leche; quesos de cabra de tradición europea premiados, con la marca hermana La Abuela Valle.",Consultar contacto directo,,,https://quinkana.es,,,https://www.google.com/maps/search/?api=1&query=Quesos%20Quinkana%2C%20Calle%20Antonio%20Machado%2C%202%2C%2014120%20Fuente%20Palmera%2C%20C%C3%B3rdoba%2C%20Espa%C3%B1a&query_place_id=ChIJr-L5vKLTEg0RHnz9eYbv8Uw,37.70323,-5.10413,,parcial,no comprobado,,,10943,es
reina-cabra-la-carlota,Quesos Reina Cabra,La Carlota,Lácteos y quesos,Queso curado y semicurado de cabra,"14100 La Carlota, Córdoba, España",Quesería de La Carlota especializada en quesos curados y semicurados de cabra de sabor equilibrado y materia prima de gran pureza.,Consultar contacto directo,+34647698321,,,,,,37.67493,-4.92965,,parcial,no comprobado,,,10945,es
bodegas-perez-barquero-montilla,Bodegas Pérez Barquero,Montilla,Vino,"Gran Barquero, Series 1905 y 1955, finos y Pedro Ximénez","Avda. Andalucía, 27, 14550 Montilla, Córdoba","Bodega familiar de Montilla fundada en 1905 que cultiva Pedro Ximénez y cría finos, amontillados, olorosos y vinos dulces mediante criaderas y soleras.",lunes: 8:00–15:00 | martes: 8:00–15:00 | miércoles: 8:00–15:00 | jueves: 8:00–15:00 | viernes: 8:00–15:00 | sábado: Cerrado | domingo: Cerrado,+34957650500,info@perezbarquero.com,https://perezbarquero.com/,https://www.facebook.com/perezbarquero,https://www.instagram.com/perezbarquero,https://www.google.com/maps/search/?api=1&query=Bodegas%20P%C3%A9rez%20Barquero%2C%20Avda.%20Andaluc%C3%ADa%2C%2027%2C%2014550%20Montilla%2C%20C%C3%B3rdoba&query_place_id=ChIJm7Cwk4IUbQ0RvCF5YZE3Qcw,37.583701,-4.642817,/productores/es/andalucia/cordoba/bodegas-perez-barquero-montilla.webp,verificado,no,,,2288,es
bodegas-cruz-conde-montilla,Bodegas Cruz Conde,Montilla,Vino,"Vinos generosos DO Montilla-Moriles (fino, PX)","Ronda del Canillo, 4, 14550 Montilla, Córdoba","Bodega histórica de Montilla, DO Montilla-Moriles; elabora vinos generosos. Web propia con fallos técnicos de conexión en la revisión.",,+34957651250,,https://www.bodegascruzconde.es,,,https://www.google.com/maps/search/?api=1&query=Bodegas%20Cruz%20Conde%2C%20Ronda%20del%20Canillo%2C%204%2C%2014550%20Montilla%2C%20C%C3%B3rdoba&query_place_id=ChIJRc_nuXwTbQ0R55b4R3AqGPE,37.579725,-4.641045,,parcial,no comprobado,,,1933,es
bodegas-toro-albala-aguilar-de-la-frontera,Bodegas Toro Albalá,Aguilar de la Frontera,Vino,"Don PX, Poley, Eléctrico, vinos y vinagres de crianza","Av. Antonio Sánchez, 1, 14920 Aguilar de la Frontera, Córdoba","Bodega familiar fundada en 1922 que elabora vinos de Pedro Ximénez, finos y vinagres envejecidos en Aguilar de la Frontera, además de ofrecer enoturismo.",,+34957660046,oficina@toroalbala.com,https://www.toroalbala.es/,,,https://www.google.com/maps/search/?api=1&query=Bodegas%20Toro%20Albal%C3%A1%2C%20Av.%20Antonio%20S%C3%A1nchez%2C%201%2C%2014920%20Aguilar%20de%20la%20Frontera%2C%20C%C3%B3rdoba&query_place_id=ChIJA1PcsXprbQ0Rf81_ld7OVFo,37.514697,-4.656717,/productores/es/andalucia/cordoba/bodegas-toro-albala-aguilar-de-la-frontera.webp,verificado,sí,ecommerce,,2411,es
bodegas-doblas-moriles,Bodegas Doblas,Moriles,Vino,"Trece Lagares, Envero, Gran Doblas, Pedro Ximénez","Calle 28 de Febrero, 25, 14510 Moriles, Córdoba","Bodega familiar de Moriles (razón social A. Doblas Martos), DO Montilla-Moriles; elabora finos, amontillados y PX con marcas propias y tienda online.",,+34957537942,info@bodegasdoblas.com,https://www.bodegasdoblas.com,https://www.facebook.com/bodegasdoblas,https://www.instagram.com/bodegas_doblas,https://www.google.com/maps/search/?api=1&query=Bodegas%20Doblas%2C%20Calle%2028%20de%20Febrero%2C%2025%2C%2014510%20Moriles%2C%20C%C3%B3rdoba&query_place_id=ChIJI8CSRPJubQ0RXXG0C3TJ-68,37.435645,-4.611739,/productores/es/andalucia/cordoba/bodegas-doblas-moriles.webp,verificado,sí,ecommerce,,1964,es
lagar-blanco-montilla,Lagar Blanco,Montilla,Vino,Vinos y vinagres DO Montilla-Moriles,"Sierra de Montilla, 14550 Montilla, Córdoba","Lagar familiar (OTAIMCRUZ, S.L.) en la Sierra de Montilla, DO Montilla-Moriles; elabora vinos y vinagres con enoturismo y venta.",,+34628319977,,https://www.lagarblanco.es,https://www.facebook.com/bodegas.lagarblanco,https://www.instagram.com/lagarblanco,,37.58659,-4.63862,/productores/es/andalucia/cordoba/lagar-blanco-montilla.webp,verificado,sí,telefono|whatsapp,,7993,es
lagar-de-santa-magdalena-moriles,Lagar de Santa Magdalena,Moriles,Vino,"Fino, Oloroso, Palo Cortado, Blanco Orgánico","Moriles Alto, 14510 Moriles, Córdoba","Lagar de Moriles Alto, DO Montilla-Moriles; vinos de crianza biológica bajo velo de flor en botas de roble americano, con tienda online.",,+34683357546,info@vinoslagardesantamagdalena.com,https://www.vinoslagardesantamagdalena.com,https://www.facebook.com/MorilesAlto,https://www.instagram.com/lagarsantamagdalena,,37.435358,-4.609590,/productores/es/andalucia/cordoba/lagar-de-santa-magdalena-moriles.webp,verificado,sí,ecommerce,,8003,es
bodegas-delgado-puente-genil,Bodegas Delgado,Puente Genil,Vino,"Fino Segunda Bota, Manolo, Pedro Ximénez","Calle Cosano, 2, 14500 Puente Genil, Córdoba","Bodega histórica de Puente Genil (fundada 1874), DO Montilla-Moriles; finos de crianza bajo velo de flor (marca Segunda Bota) y PX, con enoturismo.",,+34957600085,fino@bodegasdelgado.com,https://bodegasdelgado.com,,,https://www.google.com/maps/search/?api=1&query=Bodegas%20Delgado%2C%20Calle%20Cosano%2C%202%2C%2014500%20Puente%20Genil%2C%20C%C3%B3rdoba&query_place_id=ChIJv0w6kCNDbQ0R9MMZtoToUHU,37.388899,-4.775782,/productores/es/andalucia/cordoba/bodegas-delgado-puente-genil.webp,verificado,sí,ecommerce,,1960,es
bodegas-jesus-nazareno-baena,Bodegas Jesús Nazareno (BJN),Baena,Vino,"Fino Cancionero, Vino Nuevo de Tinaja, vinagres","Avda. Cañete de las Torres, 33, 14850 Baena, Córdoba","Cooperativa vinícola de Baena (fundada 1963), DO Montilla-Moriles; elabora vinos y vinagres con la marca BJN y tienda online propia.",,+34957670225,bjn@bjn1963.com,https://bjn1963.com,https://www.facebook.com/BJN1963,https://www.instagram.com/bodegasjesus,https://www.google.com/maps/search/?api=1&query=Bodegas%20Jes%C3%BAs%20Nazareno%20%28BJN%29%2C%20Avda.%20Ca%C3%B1ete%20de%20las%20Torres%2C%2033%2C%2014850%20Baena%2C%20C%C3%B3rdoba&query_place_id=ChIJOaajoWihbQ0RJZmRIRAsyF0,37.619360,-4.325820,/productores/es/andalucia/cordoba/bodegas-jesus-nazareno-baena.webp,verificado,sí,ecommerce,,2089,es
olivarera-del-rosario-nueva-carteya,S.C.A. Olivarera Ntra. Sra. del Rosario,Nueva Carteya,Aceite,"AOVE 58 Agricultores, Del Rosario, El Cañuelo","Polígono Industrial Los Postigos, parcela 60, 14857 Nueva Carteya, Córdoba","Cooperativa olivarera de Nueva Carteya (DOP Baena) que elabora AOVE con marcas propias (58 Agricultores, Del Rosario, El Cañuelo) y tienda online.",,+34957678118,,https://aceitedelrosario.es,https://www.facebook.com/aceitedelrosario,,https://www.google.com/maps/search/?api=1&query=S.C.A.%20Olivarera%20Ntra.%20Sra.%20del%20Rosario%2C%20Pol%C3%ADgono%20Industrial%20Los%20Postigos%2C%20parcela%2060%2C%2014857%20Nueva%20Carteya%2C%20C%C3%B3rdoba&query_place_id=ChIJvQtxV4cMbQ0RHGBwuiOcfJc,37.596092,-4.484958,/productores/es/andalucia/cordoba/olivarera-del-rosario-nueva-carteya.webp,verificado,sí,ecommerce,,11235,es
olivarera-el-henazar-dona-mencia,Olivarera Ntra. Sra. de la Consolación (El Henazar),Doña Mencía,Aceite,"AOVE El Henazar, Sierra Abrevia, El Laderón","Calle La Molinera, 6, 14860 Doña Mencía, Córdoba","Cooperativa olivarera de Doña Mencía (DOP Baena); elabora AOVE con marcas propias (El Henazar, Sierra Abrevia) y tienda online.",,+34957676146,pedidos@elhenazar.es,https://www.elhenazar.es,https://www.facebook.com/elhenazar,https://www.instagram.com/elhenazar,https://www.google.com/maps/search/?api=1&query=Olivarera%20Ntra.%20Sra.%20de%20la%20Consolaci%C3%B3n%20%28El%20Henazar%29%2C%20Calle%20La%20Molinera%2C%206%2C%2014860%20Do%C3%B1a%20Menc%C3%ADa%2C%20C%C3%B3rdoba&query_place_id=ChIJCVPoU4GfbQ0RvzycXU1emxo,37.552564,-4.360607,/productores/es/andalucia/cordoba/olivarera-el-henazar-dona-mencia.webp,verificado,sí,ecommerce,,9271,es
almazara-de-luque,Almazara de Luque,Luque,Aceite,"AOVE Albenzaide, Los Montes de Luque","Calle Glorieta del Convento, 3, 14880 Luque, Córdoba","Almazara de Luque (DOP Baena) que controla el proceso desde la recolección a la extracción en frío; marcas Albenzaide y Los Montes de Luque, con tienda online.",,+34957667063,albenzaide@albenzaide.es,https://almazaradeluque.com,,,https://www.google.com/maps/search/?api=1&query=Almazara%20de%20Luque%2C%20Calle%20Glorieta%20del%20Convento%2C%203%2C%2014880%20Luque%2C%20C%C3%B3rdoba&query_place_id=ChIJL15U7YaYbQ0R5hsjmeJWYLE,37.55768,-4.2784,/productores/es/andalucia/cordoba/almazara-de-luque.webp,verificado,sí,ecommerce,,634,es
sucesores-de-hermanos-lopez-luque,Sucesores de Hnos. López,Luque,Aceite,"AOVE La Laguna, Morellana","Calle Los Molinos, 9, 14880 Luque, Córdoba","Almazara familiar de Luque (DOP Baena) con almazara propia; elabora AOVE con las marcas La Laguna y Morellana, con tienda online.",,+34957667202,info@aceiteshl.com,https://sucesoreshl.com,,,https://www.google.com/maps/search/?api=1&query=Sucesores%20de%20Hnos.%20L%C3%B3pez%2C%20Calle%20Los%20Molinos%2C%209%2C%2014880%20Luque%2C%20C%C3%B3rdoba&query_place_id=ChIJnfkxQIGYbQ0Rd887eb68QN0,37.556066,-4.278445,/productores/es/andalucia/cordoba/sucesores-de-hermanos-lopez-luque.webp,verificado,sí,ecommerce,,11714,es
zuheroliva-zuheros,Zuheroliva (Olivarera Perpetuo Socorro),Zuheros,Aceite,AOVE Zuheroliva,"Zuheros, 14870 Córdoba",Cooperativa olivarera de Zuheros (DOP Baena); elabora AOVE con la marca Zuheroliva y tienda online.,,+34957694552,coopzuheros@hotmail.com,https://zuheroliva.com,https://www.facebook.com/zuheroliva,,https://www.google.com/maps/search/?api=1&query=Zuheroliva%20%28Olivarera%20Perpetuo%20Socorro%29%2C%20Zuheros%2C%2014870%20C%C3%B3rdoba&query_place_id=ChIJ06pdykyfbQ0REi-MQYXL7cs,37.543409,-4.314876,,verificado,sí,ecommerce,,12431,es
orobaena-baena,Orobaena,Baena,Aceite,"AOVE OroBaena, OroNovus","Baena, 14850 Córdoba","Almazara de Baena (S.A.T., DOP Baena); elabora AOVE con las marcas OroBaena y la línea premium OroNovus, con tienda online.",,+34957670706,,https://orobaena.es,,,https://www.google.com/maps/search/?api=1&query=Orobaena%2C%20Baena%2C%2014850%20C%C3%B3rdoba&query_place_id=ChIJ0-H5cLakbQ0RBbiHfD4EsZo,37.617303,-4.324371,,verificado,sí,ecommerce,,9333,es
olivarera-san-isidro-castro-del-rio,S.C.A. Olivarera San Isidro,Castro del Río,Aceite,"AOVE Oleo Castro, Oleoguadajoz","Castro del Río, 14840 Córdoba","Cooperativa olivarera de Castro del Río inscrita en la DOP Baena; elabora AOVE con las marcas Oleo Castro y Oleoguadajoz, con tienda online.",,+34957370113,,https://olivarerasanisidro.es,https://www.facebook.com/olivarerasanisidro,https://www.instagram.com/olivarerasanisidro,https://www.google.com/maps/search/?api=1&query=S.C.A.%20Olivarera%20San%20Isidro%2C%20Castro%20del%20R%C3%ADo%2C%2014840%20C%C3%B3rdoba&query_place_id=ChIJwZy7H24LbQ0RqYzkoqZDZ3c,37.691160,-4.482695,/productores/es/andalucia/cordoba/olivarera-san-isidro-castro-del-rio.webp,verificado,sí,ecommerce,,11236,es
nunez-de-prado-baena,Núñez de Prado,Baena,Aceite,"Flor de Aceite, AOVE ecológico Núñez de Prado","Avenida Francisco Núñez de Prado, 5, 14850 Baena, Córdoba","Almazara histórica de Baena (tradición desde 1795, DOP Baena); AOVE ecológico y su célebre Flor de Aceite, con tienda online.",,+34957670141,administracion@nunezdeprado.com,https://nunezdeprado.com,https://www.facebook.com/nunezdeprado,,https://www.google.com/maps/search/?api=1&query=N%C3%BA%C3%B1ez%20de%20Prado%2C%20Avenida%20Francisco%20N%C3%BA%C3%B1ez%20de%20Prado%2C%205%2C%2014850%20Baena%2C%20C%C3%B3rdoba&query_place_id=ChIJk4jPbwChbQ0RAFsQvkwGzI8,37.61444,-4.32556,,verificado,sí,ecommerce,,9106,es
olivarera-german-baena,S.C.A. Olivarera Germán Baena,Baena,Aceite,"AOVE Germán Baena, Duque de Baena, Hacienda Real","Avenida Padre Villoslada, 57, 14850 Baena, Córdoba","Cooperativa olivarera de Baena (DOP Baena); elabora AOVE con tres marcas propias (Germán Baena, Duque de Baena, Hacienda Real) y tienda online.",,+34957670110,germanbaena@germanbaena.com,https://germanbaenascoa.es,https://www.facebook.com/germanbaena,,https://www.google.com/maps/search/?api=1&query=S.C.A.%20Olivarera%20Germ%C3%A1n%20Baena%2C%20Avenida%20Padre%20Villoslada%2C%2057%2C%2014850%20Baena%2C%20C%C3%B3rdoba&query_place_id=ChIJVzHtIYimbQ0R72bd27dJTfk,37.620374,-4.314200,,verificado,sí,ecommerce,,11233,es
aceites-albendin-baena,Aceites Albendín (S.C.A. Labradores y Ganaderos),Baena,Aceite,"AOVE Olivares & Albendín, Santa María de Albendín, La Noria","Carretera de Martos, s/n, 14859 Albendín, Baena, Córdoba","Cooperativa olivarera de Albendín (Baena), DOP Baena, desde 1969; elabora AOVE con las marcas Olivares & Albendín, Santa María de Albendín y La Noria, con tienda online.",,+34957694233,oficina@aceitesalbendin.es,https://aceitesalbendin.es,https://www.facebook.com/aceitesalbendin,https://www.instagram.com/aceitesalbendin,https://www.google.com/maps/search/?api=1&query=Aceites%20Albend%C3%ADn%20%28S.C.A.%20Labradores%20y%20Ganaderos%29%2C%20Carretera%20de%20Martos%2C%20s%2Fn%2C%2014859%20Albend%C3%ADn%2C%20Baena%2C%20C%C3%B3rdoba&query_place_id=ChIJUyHNADW7bQ0Rp-ZJk34LgCc,37.669749,-4.237703,/productores/es/andalucia/cordoba/aceites-albendin-baena.webp,verificado,sí,ecommerce,,138,es
olivarera-de-la-salud-castro-del-rio,S.C.A. Nuestra Sra. de la Salud,Castro del Río,Aceite,"AOVE Ars Olea, Castro Salud","Calle Tercia, 30, 14840 Castro del Río, Córdoba","Cooperativa olivarera de Castro del Río (DOP Baena); elabora AOVE con las marcas Ars Olea y Castro Salud, con tienda online.",,+34957370272,comercial@aceitesdelasalud.com,https://aceitesdelasalud.com,https://www.facebook.com/aceiteslasalud,https://www.instagram.com/aceiteslasalud,https://www.google.com/maps/search/?api=1&query=S.C.A.%20Nuestra%20Sra.%20de%20la%20Salud%2C%20Calle%20Tercia%2C%2030%2C%2014840%20Castro%20del%20R%C3%ADo%2C%20C%C3%B3rdoba&query_place_id=ChIJ_0SXsS0PbQ0Rc6Em8fSz0gU,37.688994,-4.482986,/productores/es/andalucia/cordoba/olivarera-de-la-salud-castro-del-rio.webp,verificado,sí,ecommerce,,11231,es
cortijo-de-suerte-alta-baena,Cortijo de Suerte Alta,Baena,Aceite,"AOVE ecológico Cortijo de Suerte Alta (Picual, Arbequina, Coupage)","Albendín, 14850 Baena, Córdoba","Almazara de finca ecológica en Albendín (Baena), DOP Baena, 255 ha de olivar 100% ecológico desde 1996; AOVE Cortijo de Suerte Alta con tienda online.",,+34620458354,pedidos@suertealta.es,https://suertealta.es,https://www.facebook.com/SuerteAlta,https://www.instagram.com/suertealta,,37.669749,-4.237703,,verificado,sí,ecommerce,,4649,es
mueloliva-priego-de-cordoba,Mueloliva (Almazara de Muela),Priego de Córdoba,Aceite,"AOVE Venta del Barón, Mueloliva","Ctra. A-339, km 24,5, 14800 Priego de Córdoba, Córdoba",Almazara de Priego de Córdoba (DOP Priego); elabora AOVE con la premiada marca Venta del Barón y tienda online.,,+34957547017,mueloliva@mueloliva.es,https://www.mueloliva.es,https://www.facebook.com/mueloliva,https://www.instagram.com/mueloliva_picuda,https://www.google.com/maps/search/?api=1&query=Mueloliva%20%28Almazara%20de%20Muela%29%2C%20Ctra.%20A-339%2C%20km%2024%2C5%2C%2014800%20Priego%20de%20C%C3%B3rdoba%2C%20C%C3%B3rdoba&query_place_id=ChIJNxvvzv6QbQ0RYQqUPgMkqYU,37.43843,-4.19804,/productores/es/andalucia/cordoba/mueloliva-priego-de-cordoba.webp,verificado,sí,ecommerce,,8999,es
aceites-manuel-molina-almedinilla,Manuel Molina Muñoz e Hijos,Almedinilla,Aceite,AOVE Fuente Ribera (DOP Priego),"Almedinilla, 14812 Córdoba",Almazara familiar de Almedinilla (DOP Priego de Córdoba) con más de 170 años; elabora AOVE con tienda online.,,,,https://www.aceitesmanuelmolina.com,https://www.facebook.com/aceitesmanuelmolina,https://www.instagram.com/aceitesmanuelmolina,https://www.google.com/maps/search/?api=1&query=Manuel%20Molina%20Mu%C3%B1oz%20e%20Hijos%2C%20Almedinilla%2C%2014812%20C%C3%B3rdoba&query_place_id=ChIJC7s8X9-SbQ0RXMxrXcoNqhw,37.440525,-4.096143,/productores/es/andalucia/cordoba/aceites-manuel-molina-almedinilla.webp,verificado,sí,ecommerce,,8341,es
marin-serrano-el-lagar-carcabuey,Marín Serrano El Lagar,Carcabuey,Aceite,AOVE El Lagar (DOP Priego),"Calle del Carmen, 24, 14810 Carcabuey, Córdoba","Almazara de Carcabuey (DOP Priego de Córdoba, Parque Natural Sierras Subbéticas) fundada en 1978; elabora AOVE con tienda online.",,+34957553045,info@ellagar.es,https://www.ellagar.es,https://www.facebook.com/marinserranoellagar,https://www.instagram.com/marinserranoellagar,https://www.google.com/maps/search/?api=1&query=Mar%C3%ADn%20Serrano%20El%20Lagar%2C%20Calle%20del%20Carmen%2C%2024%2C%2014810%20Carcabuey%2C%20C%C3%B3rdoba&query_place_id=ChIJC3we4bKbbQ0Rst9TQvm1AuQ,37.446675,-4.275395,/productores/es/andalucia/cordoba/marin-serrano-el-lagar-carcabuey.webp,verificado,sí,ecommerce,,8368,es
olibracana-almedinilla,OliBrácana (Olivarera Ntra. Sra. del Carmen),Almedinilla,Aceite,AOVE OliBrácana (DOP Priego),"Brácana, 14812 Almedinilla, Córdoba","Cooperativa olivarera de Almedinilla (aldeas de Fuente Grande y Brácana), DOP Priego de Córdoba; elabora AOVE con la marca OliBrácana y tienda online.",,+34957702380,informacion@olibracana.es,https://www.olibracana.es,https://www.facebook.com/olibracana,https://www.instagram.com/olibracana,https://www.google.com/maps/search/?api=1&query=OliBr%C3%A1cana%20%28Olivarera%20Ntra.%20Sra.%20del%20Carmen%29%2C%20Br%C3%A1cana%2C%2014812%20Almedinilla%2C%20C%C3%B3rdoba&query_place_id=ChIJr_OyaM6SbQ0RegeqVBX9yPQ,37.416153,-4.056883,/productores/es/andalucia/cordoba/olibracana-almedinilla.webp,verificado,sí,ecommerce,,9244,es
cooperativa-zamoranos-priego-de-cordoba,Olivarera Ntra. Sra. del Carmen (Zamoranos),Priego de Córdoba,Aceite,"AOVE El Gayumbal, Llanos de Villalba","Calle Médico, s/n, 14814 Zamoranos, Priego de Córdoba, Córdoba","Cooperativa olivarera de Zamoranos (Priego de Córdoba), DOP Priego, desde 1950; elabora AOVE con las marcas El Gayumbal y Llanos de Villalba, con tienda online.",,+34957556201,coop_zamoranos@hotmail.com,https://www.cooperativazamoranos.com,,,https://www.google.com/maps/search/?api=1&query=Olivarera%20Ntra.%20Sra.%20del%20Carmen%20%28Zamoranos%29%2C%20Calle%20M%C3%A9dico%2C%20s%2Fn%2C%2014814%20Zamoranos%2C%20Priego%20de%20C%C3%B3rdoba%2C%20C%C3%B3rdoba&query_place_id=ChIJKw5oxGKWbQ0R2mdBuxNOJIo,37.524955,-4.163779,,verificado,sí,ecommerce,,9272,es
olivarera-san-isidro-toxar-fuente-tojar,S.C.A. Olivarera San Isidro (Toxar),Fuente-Tójar,Aceite,AOVE de la DOP Priego de Córdoba,"Fuente-Tójar, 14815 Córdoba",Cooperativa olivarera de Fuente-Tójar (DOP Priego de Córdoba). Web propia con certificado caducado en la revisión. Distinta de la Olivarera San Isidro de Castro del Río (DOP Baena).,,,,https://www.cooperativatoxar.es,,,https://www.google.com/maps/search/?api=1&query=S.C.A.%20Olivarera%20San%20Isidro%20%28Toxar%29%2C%20Fuente-T%C3%B3jar%2C%2014815%20C%C3%B3rdoba&query_place_id=ChIJOSacSC6UbQ0RnuGvFvK758s,37.510743,-4.145896,,parcial,no comprobado,,,11237,es
olivarera-la-purisima-priego-de-cordoba,S.C.A. Olivarera La Purísima,Priego de Córdoba,Aceite,"AOVE El Empiedro, Bajondillo, Prados de Olivo","Ctra. Priego-Luque, km 1,6, 14800 Priego de Córdoba, Córdoba","Cooperativa olivarera de Priego de Córdoba (DOP Priego) desde 1945; elabora AOVE con las marcas El Empiedro, Bajondillo y Prados de Olivo, con tienda online.",,+34957540341,pedidos@coopurisimapriego.com,https://www.coopurisimapriego.com,,,https://www.google.com/maps/search/?api=1&query=S.C.A.%20Olivarera%20La%20Pur%C3%ADsima%2C%20Ctra.%20Priego-Luque%2C%20km%201%2C6%2C%2014800%20Priego%20de%20C%C3%B3rdoba%2C%20C%C3%B3rdoba&query_place_id=ChIJu4k47BmUbQ0RcpJCrW2jI4k,37.43843,-4.19804,/productores/es/andalucia/cordoba/olivarera-la-purisima-priego-de-cordoba.webp,verificado,sí,ecommerce,,11234,es
sucesores-de-morales-priego-de-cordoba,Sucesores de Morales Morales,Priego de Córdoba,Aceite,"AOVE Señorío de la Mesa, Oro del Mediterráneo y Bio Marqués de Priego","Ctra. N-321, km 118,2, Zamoranos, 14814 Priego de Córdoba, Córdoba","Almazara de Zamoranos activa desde 1996 que combina picuda, picual y hojiblanca para elaborar AOVE convencional, ecológico y amparado por la DOP Priego de Córdoba.",,+34957705326,comercial@sucesoresdemorales.com,https://www.sucesoresdemorales.com/,,,,37.43843,-4.19804,/productores/es/andalucia/cordoba/sucesores-de-morales-priego-de-cordoba.webp,verificado,no,,,11715,es
aroden-carcabuey,Aroden (D3Olivo Biotechnology),Carcabuey,Aceite,"AOVE CLADIVM, La Aldea de Don Gil","Ctra. A-339, km 19,5, 14810 Carcabuey, Córdoba","Almazara de Carcabuey (DOP Priego de Córdoba); D3Olivo Biotechnology elabora AOVE con las marcas CLADIVM y La Aldea de Don Gil (muy premiadas), con tienda online.",,+34957720120,general@aroden.com,https://www.aroden.com,https://www.facebook.com/cladivm,https://www.instagram.com/cladivm,https://www.google.com/maps/search/?api=1&query=Aroden%20%28D3Olivo%20Biotechnology%29%2C%20Ctra.%20A-339%2C%20km%2019%2C5%2C%2014810%20Carcabuey%2C%20C%C3%B3rdoba&query_place_id=ChIJF6mTGkGabQ0R-zEQJcE-E0k,37.44372,-4.27342,,verificado,sí,ecommerce,,921,es
cooperativa-virgen-de-la-sierra-monteoliva-cabra,Olivarera Virgen de la Sierra (Monteoliva),Cabra,Aceite,AOVE Monteoliva (DOP Baena),"Av. Belén, 1, 14940 Cabra, Córdoba",Cooperativa olivarera de Cabra inscrita en la DOP Baena; elabora AOVE con la marca Monteoliva y tienda online. Distinta de Monteoliva Cordobesa (Montilla) ya en el CSV.,,+34682037303,pedidos@monteoliva.com,https://monteoliva.com,https://www.facebook.com/monteoliva,https://www.instagram.com/monteoliva,https://www.google.com/maps/search/?api=1&query=Olivarera%20Virgen%20de%20la%20Sierra%20%28Monteoliva%29%2C%20Av.%20Bel%C3%A9n%2C%201%2C%2014940%20Cabra%2C%20C%C3%B3rdoba&query_place_id=ChIJV8tB8gNybQ0RpWHIqu5HdIY,37.47210,-4.44214,/productores/es/andalucia/cordoba/cooperativa-virgen-de-la-sierra-monteoliva-cabra.webp,verificado,sí,ecommerce,,9275,es
capricho-andaluz-baena,Capricho Andaluz,Baena,Aceite,AOVE Capricho Andaluz,"Baena, 14850 Córdoba",Productor y comercializador de AOVE en Baena (DOP Baena) con la marca Capricho Andaluz y tienda online propia.,,+34957529200,,https://caprichoandaluz.com,,,,37.617303,-4.324371,/productores/es/andalucia/cordoba/capricho-andaluz-baena.webp,verificado,sí,ecommerce,,3089,es
cooperativa-olivarera-de-lucena,Cooperativa Olivarera de Lucena,Lucena,Aceite,AOVE La Lucentina (DOP Aceite de Lucena),"Avda. de la Infancia, 15, 14900 Lucena, Córdoba",Cooperativa olivarera de Lucena (DOP Aceite de Lucena); elabora AOVE con la marca La Lucentina y tienda online (también vinos Montilla-Moriles y AOVE Priego).,,+34957500419,,https://cooperativalucena.es,https://www.facebook.com/cooperativalucena,https://www.instagram.com/cooperativalucena,https://www.google.com/maps/search/?api=1&query=Cooperativa%20Olivarera%20de%20Lucena%2C%20Avda.%20de%20la%20Infancia%2C%2015%2C%2014900%20Lucena%2C%20C%C3%B3rdoba&query_place_id=ChIJObcnNs1wbQ0R9Jc-8NMXnDM,37.414534,-4.482766,/productores/es/andalucia/cordoba/cooperativa-olivarera-de-lucena.webp,verificado,sí,ecommerce,,4560,es
cooperativa-araceli-lucena,Cooperativa Olivarera Ntra. Sra. de Araceli,Lucena,Aceite,"AOVE Araceli, Pagos de Aras (DOP Aceite de Lucena)","Lucena, 14900 Córdoba",Cooperativa olivarera de Lucena (DOP Aceite de Lucena); elabora AOVE con las marcas Araceli y Pagos de Aras (gourmet). Web propia con fallo técnico de TLS en la revisión.,,,,https://www.cooperativaaraceli.es,,,,37.409133,-4.486013,/productores/es/andalucia/cordoba/cooperativa-araceli-lucena.webp,parcial,no comprobado,,,4561,es
cooperativa-la-union-de-montilla,Cooperativa Agrícola La Unión de Montilla,Montilla,Aceite,"AOVE Los Omeya (DOP Lucena), vinos Montilla-Moriles","Avda. de Italia, 1, 14550 Montilla, Córdoba","Cooperativa de Montilla (fundada 1979) inscrita en la DOP Aceite de Lucena y en Montilla-Moriles; elabora AOVE (marca Los Omeya) y vinos, con tienda online propia.",,+34957651855,,https://www.cooperativalaunion.com,,,https://www.google.com/maps/search/?api=1&query=Cooperativa%20Agr%C3%ADcola%20La%20Uni%C3%B3n%20de%20Montilla%2C%20Avda.%20de%20Italia%2C%201%2C%2014550%20Montilla%2C%20C%C3%B3rdoba&query_place_id=ChIJ_RMmb3sTbQ0RY_NNOVipMD0,37.579905,-4.637172,/productores/es/andalucia/cordoba/cooperativa-la-union-de-montilla.webp,verificado,sí,ecommerce,,4442,es
olivarera-madre-del-sol-adamuz,S.C.A. Agrícola Ntra. Madre del Sol,Adamuz,Aceite,AOVE Olivar de Sierra (DOP Montoro-Adamuz),"Adamuz, 14430 Córdoba","Cooperativa olivarera de Adamuz, la mayor y más premiada de la DOP Montoro-Adamuz; elabora AOVE con la marca de consumo Olivar de Sierra. Comercializa a través del grupo Cordoliva/DCOOP.",,,,https://madredelsol.sbportal.es,,,https://www.google.com/maps/search/?api=1&query=S.C.A.%20Agr%C3%ADcola%20Ntra.%20Madre%20del%20Sol%2C%20Adamuz%2C%2014430%20C%C3%B3rdoba&query_place_id=ChIJ17K_mvj6bA0Rql0uxv1nsRU,38.027000,-4.524527,,verificado,no comprobado,,,11212,es
jamones-era-alta-villanueva-de-cordoba,Jamones Era Alta,Villanueva de Córdoba,Carne,Jamón de bellota 100% ibérico DOP Los Pedroches,"Calle Génova, 5, 14440 Villanueva de Córdoba, Córdoba","Charcutería de Villanueva de Córdoba (DOP Los Pedroches) que controla el ciclo completo, de la cría al loncheado a cuchillo; jamón de bellota 100% ibérico con tienda online.",,+34690077462,jamones@eraalta.com,https://jamoneseraalta.com,https://www.facebook.com/jamoneseraalta,https://www.instagram.com/jamoneseraalta,https://www.google.com/maps/search/?api=1&query=Jamones%20Era%20Alta%2C%20Calle%20G%C3%A9nova%2C%205%2C%2014440%20Villanueva%20de%20C%C3%B3rdoba%2C%20C%C3%B3rdoba&query_place_id=ChIJy_OTsyeRbA0RO1xSTaoUsvk,38.320953,-4.631749,,verificado,sí,ecommerce,,7236,es
navalpedroche-villanueva-de-cordoba,Navalpedroche,Villanueva de Córdoba,Carne,Jamón ibérico DOP Los Pedroches,"Carretera de Conquista, s/n, 14440 Villanueva de Córdoba, Córdoba",Charcutería de Villanueva de Córdoba (DOP Los Pedroches) con bodega y secadero de ventilación natural; jamón ibérico con tienda online.,,+34957123369,info@navalpedroche.com,https://navalpedroche.com,,,https://www.google.com/maps/search/?api=1&query=Navalpedroche%2C%20Carretera%20de%20Conquista%2C%20s%2Fn%2C%2014440%20Villanueva%20de%20C%C3%B3rdoba%2C%20C%C3%B3rdoba&query_place_id=ChIJX3Vs1RKRbA0R8y_miIqZcgo,38.329773,-4.618059,,verificado,sí,ecommerce,,9052,es
dehesa-de-campo-alto-espiel,Dehesa de Campo Alto,Espiel,Carne,Jamón y embutidos de bellota 100% ibérico DOP Los Pedroches,"Pol. Ind. El Caño III, parcelas 5-8, 14220 Espiel, Córdoba",Charcutería ibérica de Espiel (DOP Los Pedroches); elabora jamón y embutidos de bellota 100% ibérico con marca propia y tienda online.,,+34957363357,info@dehesadecampoalto.es,https://dehesadecampoalto.es,,,,38.18772,-5.02041,/productores/es/andalucia/cordoba/dehesa-de-campo-alto-espiel.webp,verificado,sí,ecommerce,,4768,es
jamon-jarote-villanueva-de-cordoba,Jamón Jarote,Villanueva de Córdoba,Carne,Jamón de bellota 100% ibérico DOP Los Pedroches,"Avenida del Matadero, 40, 14440 Villanueva de Córdoba, Córdoba","Charcutería familiar de Villanueva de Córdoba (DOP Los Pedroches) desde 1992; elabora productos de cerdo ibérico de forma artesanal, con tienda online.",,+34957120834,pedidos@jamonjarote.com,https://www.jamonjarote.com,https://www.facebook.com/jamonjarote,https://www.instagram.com/jamonjarote_s.l.,https://www.google.com/maps/search/?api=1&query=Jam%C3%B3n%20Jarote%2C%20Avenida%20del%20Matadero%2C%2040%2C%2014440%20Villanueva%20de%20C%C3%B3rdoba%2C%20C%C3%B3rdoba&query_place_id=ChIJg9N8gWiRbA0Raw1G3FWCN-o,38.321202,-4.621792,/productores/es/andalucia/cordoba/jamon-jarote-villanueva-de-cordoba.webp,verificado,sí,ecommerce,,7196,es
mio-1898-pozoblanco,MIO 1898,Pozoblanco,Carne,Jamón de bellota 100% ibérico DOP Los Pedroches,"Calle León Herrero, 9, 14400 Pozoblanco, Córdoba","Charcutería de Pozoblanco (DOP Los Pedroches) de Rafael Muñoz, ganadero; jamón de bellota 100% ibérico con marca propia (desde 1898) y tienda online.",,+34601635990,,https://mio1898.com,https://www.facebook.com/MIO1898,https://www.instagram.com/MIO_1898,https://www.google.com/maps/search/?api=1&query=MIO%201898%2C%20Calle%20Le%C3%B3n%20Herrero%2C%209%2C%2014400%20Pozoblanco%2C%20C%C3%B3rdoba&query_place_id=ChIJncVJOCm7bA0Ry5Ucbr-o63g,38.376883,-4.848745,/productores/es/andalucia/cordoba/mio-1898-pozoblanco.webp,verificado,sí,ecommerce,,8861,es
agroiberica-de-pozoblanco,Agroibérica de Pozoblanco,Pozoblanco,Carne,Jamón ibérico DOP Los Pedroches,"Pozoblanco, 14400 Córdoba",Charcutería ibérica de Pozoblanco (DOP Los Pedroches). Web propia con certificado TLS mal configurado en la revisión.,,,,https://agroibericadepozoblanco.es,,,https://www.google.com/maps/search/?api=1&query=Agroib%C3%A9rica%20de%20Pozoblanco%2C%20Pozoblanco%2C%2014400%20C%C3%B3rdoba&query_place_id=ChIJmW0GQiy7bA0RFxRV3Xt_cis,38.378020,-4.848573,,parcial,no comprobado,,,448,es
bodegas-navarro-montilla,Bodegas Navarro,Montilla,Vino,"Fino Andalucía, PX Exvoto, Flor de los Patios","Avda. Antonio y Miguel Navarro, 1, 14550 Montilla, Córdoba","Bodega histórica de Montilla (fundada 1830, de las más antiguas de la DO Montilla-Moriles), hoy de la familia Herrador Veredas; finos, PX y vinagres con tienda online.",,,,https://bodegasnavarro.com,https://www.facebook.com/p/Bodegas-Navarro-100055115782333/,,https://www.google.com/maps/search/?api=1&query=Bodegas%20Navarro%2C%20Avda.%20Antonio%20y%20Miguel%20Navarro%2C%201%2C%2014550%20Montilla%2C%20C%C3%B3rdoba&query_place_id=ChIJGV8Cq4IUbQ0RVc7umYIQnus,37.575733,-4.647409,/productores/es/andalucia/cordoba/bodegas-navarro-montilla.webp,verificado,sí,ecommerce,,2236,es
bodegas-del-pino-montalban-de-cordoba,Bodegas del Pino,Montalbán de Córdoba,Vino,"Pedro Ximénez, generosos, moscatel, vermut","Calle Llano del Calvario, 8, 14548 Montalbán de Córdoba, Córdoba","Bodega familiar de Montalbán de Córdoba (fundada 1935), DO Montilla-Moriles; elabora PX, generosos y vermut, con tienda online.",,+34957310014,info@bodegasdelpino.com,https://bodegasdelpino.com,,,https://www.google.com/maps/search/?api=1&query=Bodegas%20del%20Pino%2C%20Calle%20Llano%20del%20Calvario%2C%208%2C%2014548%20Montalb%C3%A1n%20de%20C%C3%B3rdoba%2C%20C%C3%B3rdoba&query_place_id=ChIJpytkVbY_bQ0RkCj1NLpjotY,37.577975,-4.751017,/productores/es/andalucia/cordoba/bodegas-del-pino-montalban-de-cordoba.webp,verificado,sí,ecommerce,,1953,es
bodegas-galan-portero-montilla,Bodegas Galán Portero,Montilla,Vino,"Pedro Ximénez Marqués de la Vega, Pack 5 Essences","Avda. Marqués de la Vega de Armijo, 76b, 14550 Montilla, Córdoba","Bodega familiar de Montilla con lagar propio (desde 1950), DO Montilla-Moriles; especializada en Pedro Ximénez 100% de pasas, con tienda online.",,+34957664237,info@bodegasgalanportero.com,https://bodegasgalanportero.com,https://www.facebook.com/bodegasgalanportero,https://www.instagram.com/bodegasgalanportero,https://www.google.com/maps/search/?api=1&query=Bodegas%20Gal%C3%A1n%20Portero%2C%20Avda.%20Marqu%C3%A9s%20de%20la%20Vega%20de%20Armijo%2C%2076b%2C%2014550%20Montilla%2C%20C%C3%B3rdoba&query_place_id=ChIJgW_6y3gTbQ0RTQS68ASCW9w,37.583321,-4.632930,/productores/es/andalucia/cordoba/bodegas-galan-portero-montilla.webp,verificado,sí,ecommerce,,2025,es
bodegas-luque-dona-mencia,Bodegas Luque,Doña Mencía,Vino,"Fino El Pato, Los Luques Imperial, Solera Andaluza, PX","Calle Trocha de la Molinera, 3, 14860 Doña Mencía, Córdoba","Bodega familiar de Doña Mencía (fundada 1920), DO Montilla-Moriles; finos, amontillados y PX con soleras antiguas, con tienda online y bar-bodega.",,+34957676029,finoelpato@bodegasluque.es,https://www.bodegasluque.es,https://www.facebook.com/bodegasluque,https://www.instagram.com/bodegasluque,https://www.google.com/maps/search/?api=1&query=Bodegas%20Luque%2C%20Calle%20Trocha%20de%20la%20Molinera%2C%203%2C%2014860%20Do%C3%B1a%20Menc%C3%ADa%2C%20C%C3%B3rdoba&query_place_id=ChIJHZ4E-oOfbQ0RUTgg6QPsF8g,37.55222,-4.35556,/productores/es/andalucia/cordoba/bodegas-luque-dona-mencia.webp,verificado,sí,ecommerce,,2153,es
bodegas-el-gallo,Bodegas El Gallo,Córdoba,Vino,Fino Amargoso (DO Montilla-Moriles),"Calle Buen Suceso, 3, 14001 Córdoba","Bodega familiar cordobesa inscrita en la DOP Montilla-Moriles, fundada en 1936 y conocida por el Fino Amargoso; elabora también generosos, Pedro Ximénez y vermut.",,+34957482953,administracion@bodegaselgallo.es,https://bodegaselgallo.es,,,https://www.google.com/maps/search/?api=1&query=Bodegas%20El%20Gallo%2C%20Calle%20Buen%20Suceso%2C%203%2C%2014001%20C%C3%B3rdoba&query_place_id=ChIJgdOV0HjfbA0RFGBwTc-b7kM,37.887902,-4.771360,/productores/es/andalucia/cordoba/bodegas-el-gallo.webp,verificado,sí,ecommerce,,1978,es
bodegas-bonilla-aguilar-de-la-frontera,Bodegas Bonilla (Aragón Bonilla),Aguilar de la Frontera,Vino,Fino Estoeño; aceitunas La Aguilareña,"Calle Ancha, 127, 14920 Aguilar de la Frontera, Córdoba","Bodega familiar de Aguilar de la Frontera (Aragón Bonilla Hnos.), DO Montilla-Moriles; elabora vino (Fino Estoeño) y aceitunas de mesa. Sin web propia localizada.",,+34957660760,bodegasbonilla@hotmail.com,,,,https://www.google.com/maps/search/?api=1&query=Bodegas%20Bonilla%20%28Arag%C3%B3n%20Bonilla%29%2C%20Calle%20Ancha%2C%20127%2C%2014920%20Aguilar%20de%20la%20Frontera%2C%20C%C3%B3rdoba&query_place_id=ChIJYS6_q3ZrbQ0RDd5Oq1O77oE,37.510620,-4.659564,,parcial,no comprobado,,,1851,es
aceites-rosan-montoro,Aceites Rosán,Montoro,Aceite,AOVE Rosán,"Ctra. Madrid-Cádiz, km 357, 14600 Montoro, Córdoba","Almazara familiar de Montoro (zona de la DOP Montoro-Adamuz); elabora aceite de oliva virgen extra Rosán por extracción en frío, con tienda online propia.",,+34957162171,administracion@aceitesrosan.es,https://aceitesrosan.es,,,https://www.google.com/maps/search/?api=1&query=Aceites%20Ros%C3%A1n%2C%20Ctra.%20Madrid-C%C3%A1diz%2C%20km%20357%2C%2014600%20Montoro%2C%20C%C3%B3rdoba&query_place_id=ChIJ7yV08qr4bA0R7tlnb0sJvH4,38.02167,-4.38281,/productores/es/andalucia/cordoba/aceites-rosan-montoro.webp,verificado,sí,ecommerce,,205,es
aceites-campolio-montoro,Aceites Campolio,Montoro,Aceite,"AOVE Frutado Intenso, Frutado Suave, Arbequina","Calle Calvario, 56, 14600 Montoro, Córdoba","Almazara familiar de Montoro (razón social Industria Aceitera de Montoro, S.A., fundada en 1973), marca Campolio; elabora AOVE por molturación diaria y extracción en frío, con tienda online propia (venta por caja).",,,,https://aceitecampolio.com,,,https://www.google.com/maps/search/?api=1&query=Aceites%20Campolio%2C%20Calle%20Calvario%2C%2056%2C%2014600%20Montoro%2C%20C%C3%B3rdoba&query_place_id=ChIJAf5QZjVWbA0RSMRsislicRg,38.0250292,-4.3781161,/productores/es/andalucia/cordoba/aceites-campolio-montoro.webp,verificado,sí,ecommerce,,148,es
lagar-de-quiros-montoro,Lagar de Quirós,Montoro,Aceite,"AOVE Lagar de Quirós (Picual, Arbequina)","Carretera N-420, km 52, 14600 Montoro, Córdoba","Almazara de finca en Montoro (Lagar de Quirós, S.L., desde 2002); unos 120 ha de olivar Picual y Arbequina con producción integrada certificada; elabora aceite de oliva virgen extra y ecológico.",,,,,,,https://www.google.com/maps/search/?api=1&query=Lagar%20de%20Quir%C3%B3s%2C%20Carretera%20N-420%2C%20km%2052%2C%2014600%20Montoro%2C%20C%C3%B3rdoba&query_place_id=ChIJ6Zp1fFJYbA0Rb9wiqiEd1AI,38.0128926,-4.3705691,,parcial,no comprobado,,,8002,es
legatum-aove-priego-de-cordoba,Legatum AOVE,Priego de Córdoba,Aceite,AOVE picuda (cosecha temprana y coupage) DOP Priego de Córdoba,"Priego de Córdoba, Córdoba","Productor de AOVE de la Subbética (Priego de Córdoba; DOP Priego de Córdoba) que explota de forma sostenible su propio olivar de montaña con olivos centenarios y milenarios de variedad picuda; elabora un cosecha temprana 100% picuda y un coupage, con tienda online propia.",,+34957547275,,https://www.legatumaove.com,,,https://www.google.com/maps/search/?api=1&query=Legatum%20AOVE%2C%20Priego%20de%20C%C3%B3rdoba%2C%20C%C3%B3rdoba&query_place_id=ChIJOXsujI2RbQ0RudCQAC2Ponw,37.43843,-4.19804,/productores/es/andalucia/cordoba/legatum-aove-priego-de-cordoba.webp,verificado,sí,ecommerce,,8067,es
xy-aceite-37-grados-norte-priego-de-cordoba,XY Aceite de Oliva (X 37 Grados Norte),Priego de Córdoba,Aceite,AOVE picudo XY DOP Priego de Córdoba,"Calle Obispo Caballero, 10, 14800 Priego de Córdoba, Córdoba","Empresa familiar de Priego de Córdoba (X 37 Grados Norte, S.L.; DOP Priego de Córdoba) con olivar tradicional de montaña de picudo (olivos centenarios y milenarios); marca XY, con tienda online propia (multilingüe).",,+34684166274,,https://www.xyaceitedeoliva.com,,,https://www.google.com/maps/search/?api=1&query=XY%20Aceite%20de%20Oliva%20%28X%2037%20Grados%20Norte%29%2C%20Calle%20Obispo%20Caballero%2C%2010%2C%2014800%20Priego%20de%20C%C3%B3rdoba%2C%20C%C3%B3rdoba&query_place_id=ChIJOS1Y5v-QbQ0R-0GJchaWprE,37.43843,-4.19804,/productores/es/andalucia/cordoba/xy-aceite-37-grados-norte-priego-de-cordoba.webp,verificado,sí,ecommerce,,12397,es
aceites-vizcantar-priego-de-cordoba,Aceites Vizcántar (Señorío de Vizcántar),Priego de Córdoba,Aceite,AOVE ecológico Señorío de Vizcántar DOP Priego de Córdoba,"Carretera Zagrilla, s/n, 14800 Priego de Córdoba, Córdoba","Marca de AOVE ecológico de Priego de Córdoba (Señorío de Vizcántar; DOP Priego de Córdoba) con olivar de montaña y oleoturismo (Salón del Gusto, Ruta de los Olivos Milenarios); AOVE, patés y conservas de aceituna y cosmética con AOVE ecológico. La molturación se hace en almazaras de la comarca.",,+34957540266,vizcantar@vizcantar.com,https://aceitesvizcantar.com,https://www.facebook.com/vizcantarpriego/,,https://www.google.com/maps/search/?api=1&query=Aceites%20Vizc%C3%A1ntar%20%28Se%C3%B1or%C3%ADo%20de%20Vizc%C3%A1ntar%29%2C%20Carretera%20Zagrilla%2C%20s%2Fn%2C%2014800%20Priego%20de%20C%C3%B3rdoba%2C%20C%C3%B3rdoba&query_place_id=ChIJM_hNAoyQbQ0Rc1Se4BiaMFY,37.43843,-4.19804,/productores/es/andalucia/cordoba/aceites-vizcantar-priego-de-cordoba.webp,verificado,sí,ecommerce,,222,es
bodegas-gracia-montilla,Bodegas Gracia,Montilla,Vino,"Tauromaquia, Montearruit, María del Valle, Viñaverde, Corredera","Avda. Luis de Góngora y Argote, s/n, 14550 Montilla, Córdoba","Bodega de Montilla inscrita en la DO Montilla-Moriles bajo la razón social Gracia Hnos., S.A.U. Su web propia expone seis líneas de marca propia (Viñaverde, Corredera, María del Valle, PX Dulce Viejo, Tauromaquia y Montearruit) además de brandy y vermut.",,+34957650162,comercial@bodegasgracia.com,https://bodegasgracia.com,,,,37.586590,-4.638620,/productores/es/andalucia/cordoba/bodegas-gracia-montilla.webp,verificado,no comprobado,,,2045,es
unico-vinagres-y-salsas-dona-mencia,UniCo Vinagres y Salsas,Doña Mencía,Condimentos,"Vinagre balsámico de Pedro Ximénez, cremas de vinagre, reducciones","C/ Baena, 25, 14860 Doña Mencía, Córdoba","Elaboradora de vinagres de Doña Mencía inscrita en la DOP Montilla-Moriles. Fue la primera empresa en lanzar al mercado el vinagre balsámico de Pedro Ximénez, con soleras que arrancan en 1923, y envasa con las marcas UniCo, Sotolongo, Sol & Tierra y Sacristía.",,+34957747040,comercial@unicovinagresysalsas.com,https://unicovinagresysalsas.com,,,,37.554291,-4.360016,,verificado,sí,ecommerce,,12011,es
bodegas-sillero-la-rambla,Bodegas Sillero,La Rambla,Vino,Vinos DO Montilla-Moriles,"C/ Fernán Gómez, 9, 14540 La Rambla, Córdoba","Bodega de La Rambla inscrita en el registro de bodegas de la DO Montilla-Moriles, con contacto propio publicado por el consejo regulador.",,+34957684464,sillerolovera@hotmail.com,,,,,37.606744,-4.738232,,parcial,no comprobado,,,2387,es
bodegas-el-pujio-puente-genil,Bodegas El Pujío,Puente Genil,Vino,Vinos DO Montilla-Moriles,"Finca El Pujío, 14500 Puente Genil, Córdoba","Bodega fundada en 2002 por Agustín Reina Galán en la finca El Pujío, sobre una ladera rocosa asomada al valle del río Anzur, en Puente Genil. Elabora vinos de la DO Montilla-Moriles y abre a visitas.",,,,,,,,37.388640,-4.769850,,parcial,no comprobado,,,1985,es
bodegas-maillo-e-hijos-montilla,Bodegas Maillo e Hijos,Montilla,Vino,Vinos DO Montilla-Moriles,"C/ Ancha, 4, 14550 Montilla, Córdoba","Bodega de la calle Ancha, en Montilla, inscrita en el registro de bodegas de la DO Montilla-Moriles, con contacto propio publicado por el consejo regulador.",,+34957650651,bodegasmaillo@telefonica.net,,,,,37.584300,-4.637886,,parcial,no comprobado,,,2158,es
mora-chacon-de-lucena-lucena,Mora Chacón de Lucena,Lucena,Vino,"Fino, amontillado, oloroso, pale cream y solera de Montilla-Moriles; anisados","Lucena, Córdoba","Bodega familiar de Lucena amparada por la DO Montilla-Moriles. La fundó en 1891 José de Mora y Madroñero sobre una bodega anterior a 1840, y desde 1864 fue proveedora de vinos de Montilla-Moriles para la Casa Real. Elabora también anisados.",,,,,,,,37.408890,-4.485280,,parcial,no comprobado,,,8957,es
lagar-canada-navarro-montilla,Lagar Cañada Navarro,Montilla,Vino,Los Insensatos de la Antehojuela (Pedro Ximénez),"Sierra de Montilla, 14550 Montilla, Córdoba","Lagar de la Sierra de Montilla, al sur de la provincia de Córdoba, inscrito en la DO Montilla-Moriles. Elabora vinos de pedro ximénez y firma el proyecto Los Insensatos de la Antehojuela.",,+34957470239,santiago@canadanavarro.es,https://canadanavarro.es,,,,37.586590,-4.638620,/productores/es/andalucia/cordoba/lagar-canada-navarro-montilla.webp,parcial,no comprobado,,,7994,es
bodegas-cabrinana-montilla,Bodegas Cabriñana,Montilla,Vino,Vinos DO Montilla-Moriles,"Vereda Cerro Macho, s/n, 14550 Montilla, Córdoba","Lagar-bodega de la Vereda Cerro Macho, en la Sierra de Montilla, inscrito en el registro de bodegas de la DO Montilla-Moriles con contacto propio publicado por el consejo regulador.",,+34957335386,bodegascabrillana@gmail.com,,,,,37.532151,-4.558094,,parcial,no comprobado,,,1859,es
la-embajada-del-jamon-villanueva-de-cordoba,La Embajada del Jamón,Villanueva de Córdoba,Carne,"Jamón de bellota 100% ibérico DOP Los Pedroches, loncheados ibéricos","Polígono Industrial Cárnico, s/n, 14440 Villanueva de Córdoba, Córdoba","Marca de Delicias Ibéricas por el Mundo, S.L., que cura sus ibéricos del Valle de Los Pedroches en secadero natural propio con solera, en Villanueva de Córdoba. Ganó el premio Encina de Oro al mejor jamón de bellota 100% ibérico DOP Los Pedroches en la Feria del Jamón de Villanueva de Córdoba.",,+34957732844,info@laembajadadeljamon.com,https://www.laembajadadeljamon.com,https://www.facebook.com/laembajadadeljamon/,,,38.327675,-4.617947,/productores/es/andalucia/cordoba/la-embajada-del-jamon-villanueva-de-cordoba.webp,verificado,sí,ecommerce,,7655,es
