slug,nombre,municipio,categoria,productos estrella,direccion,descripcion,horario,telefono,correo,web,Facebook,Instagram,Google Maps,lat,lon,imagen,verificacion,Venta online,Canal de venta,categorias adicionales,producer_id,descripcion_locale,visitas guiadas,mensaje a la comunidad,mensaje_comunidad_locale,enlace destacado 1,enlace destacado 2,country,region,area
unolivo-alcala-la-real,Unolivo,Alcalá la Real,Aceite,"Dulce de AOVE Ecológico Premium, Caviar de AOVE Ecológico Premium","Polígono Industrial Retamal, Calle Romero 10, 23680 Alcalá la Real, Jaén, España","Unolivo produce aceite de oliva virgen extra ecológico monovarietal de picual, extraído en frío. En Alcalá la Real también elabora un dulce y caviar de AOVE ecológico premium.",Consultar web o venta directa,+34953587180,info@unolivo.com,https://unolivo.com/,,https://www.instagram.com/unolivoaove/,https://www.google.com/maps/search/?api=1&query=Unolivo%2C%20Pol%C3%ADgono%20Industrial%20Retamal%2C%20Calle%20Romero%2010%2C%2023680%20Alcal%C3%A1%20la%20Real%2C%20Ja%C3%A9n%2C%20Espa%C3%B1a&query_place_id=ChIJyYvInG7vbQ0RV-PfPCGZ7kI,37.4410975,-3.9112759,/productores/es/andalucia/jaen/unolivo-alcala-la-real.webp,,sí,ecommerce,,12021,es,,,,,,es,andalucia,jaen
patatas-fritas-anabella-alcala-la-real,Patatas fritas Anabella,Alcalá la Real,Aperitivos,"Patatas fritas Anabella Natural, Patatas fritas Anabella en aceite de oliva, Patatas fritas Anabella al ajillo","Ctra. Alcaudete, 7, 23684 La Rábita, Jaén, España",Fabricante familiar de La Rábita (Alcalá la Real) con medio siglo de tradición; elabora patatas fritas artesanas en aceite de oliva o vegetal y una gama de snacks sin gluten.,Consultar web o venta directa,+34953580150,comercial@productosanabella.com,https://www.productosanabella.com,,,https://www.google.com/maps/search/?api=1&query=Patatas%20fritas%20Anabella%2C%20Ctra.%20Alcaudete%2C%207%2C%2023684%20La%20R%C3%A1bita%2C%20Ja%C3%A9n%2C%20Espa%C3%B1a&query_place_id=ChIJNwG7-UfrbQ0R6_YgIyksZUw,37.5050312,-4.058795,/productores/es/andalucia/jaen/patatas-fritas-anabella-alcala-la-real.webp,,no,,,10054,es,,,,,,es,andalucia,jaen
casa-montanes-embutidos-artesanales-desde-1918-alcala-la-real,"Casa Montañés, embutidos artesanales desde 1918",Alcalá la Real,Carne,"Pavo trufado, Lomo mechado Casa Montañés, Paté de pavo trufado, Lomo mechado con salsa Casa Montañés","C. Alonso Alcalá, 26, 23680 Alcalá la Real, Jaén, España","Casa Montañés es una empresa familiar de Alcalá la Real dedicada desde 1918 a la elaboración de embutidos y recetas tradicionales. Su catálogo incluye pavo trufado, rellenos, lomo mechado, patés, flamenquines, croquetas y San Jacobos.",Consultar web o venta directa,+34953580070,info@casamontanes.es,https://casamontanes.es/,,https://www.instagram.com/casamontanes/,https://www.google.com/maps/search/?api=1&query=Casa%20Monta%C3%B1%C3%A9s%2C%20embutidos%20artesanales%20desde%201918%2C%20C.%20Alonso%20Alcal%C3%A1%2C%2026%2C%2023680%20Alcal%C3%A1%20la%20Real%2C%20Ja%C3%A9n%2C%20Espa%C3%B1a&query_place_id=ChIJKcCWF2vvbQ0RVnPGoKyQ6f8,37.463906257895,-3.9253195177116,/productores/es/andalucia/jaen/casa-montanes-embutidos-artesanales-desde-1918-alcala-la-real.webp,,sí,ecommerce,,3420,es,,,,,,es,andalucia,jaen
jamones-de-la-jurada-alcala-la-real,Jamones de la Jurada,Alcalá la Real,Carne,Jamones y paletillas de la Jurada,"C. Rosario, 7, 23680 Alcalá la Real, Jaén, España","Jamones de la Jurada es una empresa familiar que se dedica a la elaboración de jamones de alta calidad. Los jamones y paletas, se curan de forma natural en secadero propio, para garantizar el máximo de sabor.",Consultar web o venta directa,+34953581658,jamonesdelajurada@hotmail.com,,,,https://www.google.com/maps/search/?api=1&query=Jamones%20de%20la%20Jurada%2C%20C.%20Rosario%2C%207%2C%2023680%20Alcal%C3%A1%20la%20Real%2C%20Ja%C3%A9n%2C%20Espa%C3%B1a&query_place_id=ChIJdd2JtBTvbQ0R40JG2QBt_Ww,37.4628479,-3.9267624,,pendiente,no comprobado,,,7225,es,,,,,,es,andalucia,jaen
esencia-andalusi-gourmet-alcala-la-real,Esencia Andalusi Gourmet,Alcalá la Real,Aceite,"AOVE Esencia Andalusí, perlas y polvo de AOVE, aceitunas y patés","Av. República Argentina, 4, 23680 Alcalá la Real, Jaén, España","Empresa familiar de Alcalá la Real con más de 50 años de olivicultura; produce AOVE y una gama propia de aceitunas, patés y formatos gastronómicos de aceite.",Consultar web o venta directa,+34953011784,info@virgenextra.com,https://www.virgenextra.com,,https://www.instagram.com/esenciaandalusi/,https://www.google.com/maps/search/?api=1&query=Esencia%20Andalusi%20Gourmet%2C%20Av.%20Rep%C3%BAblica%20Argentina%2C%204%2C%2023680%20Alcal%C3%A1%20la%20Real%2C%20Ja%C3%A9n%2C%20Espa%C3%B1a&query_place_id=ChIJyWdMi23vbQ0RWxhvYmQr4FE,37.4566604,-3.9229329,/productores/es/andalucia/jaen/esencia-andalusi-gourmet-alcala-la-real.webp,,sí,ecommerce,,5623,es,,,,,,es,andalucia,jaen
cervezas-artesanas-tierra-de-frontera-alcala-la-real,Cervezas artesanas «Tierra de Frontera»,Alcalá la Real,Cerveza,"Cerveza artesanal Piconera Tierra de Frontera, Botellín 1/3 Cerveza ""Tierra de Frontera"", Cerveza ""Tierra de Frontera"" envase especial para bodas, Cerveza Tierra de Frontera 1/3","23680 Alcalá la Real, Jaén, España","Tierra de Frontera elabora cerveza artesanal en Alcalá la Real, con una capacidad indicada de 3.000 litros mensuales. Trabaja estilos como Bitter y Golden Ale y dispone de instalaciones en Santa Ana, dentro del municipio.",Tienda online; precios con envío incluido,+34953040000,info@tierradefrontera.es,https://www.tierradefrontera.es,,https://www.instagram.com/tierradefrontera/,https://www.google.com/maps/search/?api=1&query=Cervezas%20artesanas%20%C2%ABTierra%20de%20Frontera%C2%BB%2C%2023680%20Alcal%C3%A1%20la%20Real%2C%20Ja%C3%A9n%2C%20Espa%C3%B1a&query_place_id=ChIJdSjzy2zvbQ0R08CBzcbQBCM,37.466085,-3.921958,/productores/es/andalucia/jaen/cervezas-artesanas-tierra-de-frontera-alcala-la-real.webp,,sí,ecommerce,,3934,es,,,,,,es,andalucia,jaen
vinedos-y-bodega-marcelino-serrano-alcala-la-real,Viñedos y Bodega Marcelino Serrano,Alcalá la Real,Vino,"Vino Rosado con IGP Sierra Sur ""Blanca María"", Vino Blanco ""Blanca María"" fermentado en barrica, Vino Blanco con IGP Sierra Sur ""Blanca María"", Vino espumoso brut nature ""Blanca María""","Av. Iberoamérica, 27, 23680 Alcalá la Real, Jaén, España","Viñedos y Bodega Marcelino Serrano produce vinos propios en Alcalá la Real junto a su hija, la enóloga Blanca María Serrano. Elabora vinos blancos, rosados y espumosos y trabaja en la recuperación de variedades de vid históricas de la zona.",Consultar web o venta directa,+34647626955,info@marcelinoserrano.com,https://www.marcelinoserrano.com/,,https://www.instagram.com/bodegamarcelinoserrano/,https://www.google.com/maps/search/?api=1&query=Vi%C3%B1edos%20y%20Bodega%20Marcelino%20Serrano%2C%20Av.%20Iberoam%C3%A9rica%2C%2027%2C%2023680%20Alcal%C3%A1%20la%20Real%2C%20Ja%C3%A9n%2C%20Espa%C3%B1a&query_place_id=ChIJwwikwHLvbQ0R_3qrTMbDhj0,37.455312320369,-3.9256768142918,,,sí,ecommerce,,12226,es,,,,,,es,andalucia,jaen
embutidos-y-jamones-rm-canales-alcaudete,Embutidos y Jamones RM Canales,Alcaudete,Carne,"Jamón curado Embutidos y Jamones RM Canales, Salchichón Cocido a las Finas Hierbas con Pistachos, Relleno Casero Embutidos y Jamones R. Canales, Chorizo sarta Embutidos y Jamones RM Canales","Av. Andalucía, 56, 23660 Alcaudete, Jaén, España","Embutidos y Jamones RM Canales elabora en Alcaudete jamones, embutidos y productos cárnicos de cordero, ternera, pollo y cerdo. Su secadero y sala de elaboración producen también salchichón, rellenos y chorizo.",Consultar web o venta directa,+34953560919,contacto@embutidosyjamonesrmcanales.com,https://www.embutidosyjamonesrmcanales.com/,https://www.facebook.com/embutidosyjamonesrmcanales/,,https://www.google.com/maps/search/?api=1&query=Embutidos%20y%20Jamones%20RM%20Canales%2C%20Av.%20Andaluc%C3%ADa%2C%2056%2C%2023660%20Alcaudete%2C%20Ja%C3%A9n%2C%20Espa%C3%B1a&query_place_id=ChIJNXhAqI2_bQ0RxX0-jy7bpjM,37.5924684,-4.0777629,/productores/es/andalucia/jaen/embutidos-y-jamones-rm-canales-alcaudete.webp,,sí,ecommerce,,5563,es,,,,,,es,andalucia,jaen
el-gazpacho-de-carmeli-alcaudete,El Gazpacho de Carmeli,Alcaudete,Conservas,Gazpacho - El Gazpacho de Carmeli,"Carr. de la Fuensanta, 60, 23660 Alcaudete, Jaén, España","Gazpacho artesano, ingredientes naturales",Consultar web o venta directa,+34953708974,lacazuelaandaluza@hotmail.com,,https://www.facebook.com/gazpachocarmeli/,https://www.instagram.com/elgazpachodecarmeli/,https://www.google.com/maps/search/?api=1&query=El%20Gazpacho%20de%20Carmeli%2C%20Carr.%20de%20la%20Fuensanta%2C%2060%2C%2023660%20Alcaudete%2C%20Ja%C3%A9n%2C%20Espa%C3%B1a&query_place_id=ChIJUUJmW_O_bQ0RPtsRUN_sosc,37.5888125,-4.0751225,,,no comprobado,,,5171,es,,,,,,es,andalucia,jaen
productos-mata-alcaudete,Productos Mata,Alcaudete,Conservas,"Conservas de habitas baby, tomate frito y espárragos Mata","C. Córdoba, 23660 Alcaudete, Jaén, España","Empresa familiar de Alcaudete fundada en 1897 que elabora conservas gourmet y dulces; destacan las habitas baby, el tomate frito y la Hojaldrina.",Consultar web o venta directa,+34953561200,maria.martinez@productosmata.com,https://www.productosmata.com,https://www.facebook.com/productosmata/,https://www.instagram.com/productosmata/,https://www.google.com/maps/search/?api=1&query=Productos%20Mata%2C%20C.%20C%C3%B3rdoba%2C%2023660%20Alcaudete%2C%20Ja%C3%A9n%2C%20Espa%C3%B1a&query_place_id=ChIJmfevS_K_bQ0RAKPSE_dNSOA,37.5859674,-4.0774206,,,sí,ecommerce,,10325,es,,,,,,es,andalucia,jaen
aceitunas-andujar-andujar,Aceitunas Andújar,Andújar,Aperitivos,"Banderillas, Guindillas, Zanahoria Rayada, Ajos Blancos","Ctra. Antigua Madrid-Cádiz, 23740 Andújar, Jaén, España","Aceitunas Andújar, activa desde 1957, elabora aceitunas de mesa y encurtidos en Andújar. Sus instalaciones tienen una capacidad indicada de más de 750.000 kilos anuales y trabajan banderillas, guindillas, zanahoria y ajos blancos.",Consultar web o venta directa,+34953501939,contacto@aceitunasandujar.com,https://www.aceitunasandujar.com,https://www.facebook.com/AceitunasMoya/,,https://www.google.com/maps/search/?api=1&query=Aceitunas%20And%C3%BAjar%2C%20Ctra.%20Antigua%20Madrid-C%C3%A1diz%2C%2023740%20And%C3%BAjar%2C%20Ja%C3%A9n%2C%20Espa%C3%B1a&query_place_id=EjlDdHJhLiBBbnRpZ3VhIE1hZHJpZC1Dw6FkaXosIDIzNzQwIEFuZMO6amFyLCBKYcOpbiwgU3BhaW4iLiosChQKEgmPCRy-NDZsDRFVcrTNqyS58xIUChIJm26XBmA_bA0RYDl94XvSAxw,38.040400795697,-4.0197679276826,/productores/es/andalucia/jaen/aceitunas-andujar-andujar.webp,,sí,ecommerce,,226,es,,,,,,es,andalucia,jaen
aromas-de-jaen-andujar,Aromas de Jaén,Andújar,Condimentos,"Pirámides de té Aromas de Jaén, Tisanas Aromas de Jaén, Azafrán de hebra Aromas de Jaén, Botes mini para alimentación Aromas de Jaén","C. Cristo Rey, 6, 23740 Andújar, Jaén, España","Aromas de Jaén mantiene en Andújar el trabajo familiar de recolección y transformación de plantas aromáticas y medicinales. Su oferta incluye tés, tisanas, azafrán y formatos para alimentación.",Consultar web o venta directa,+34690198013,aromasdejaen@gmail.com,https://aromasdejaen.com/,,,https://www.google.com/maps/search/?api=1&query=Aromas%20de%20Ja%C3%A9n%2C%20C.%20Cristo%20Rey%2C%206%2C%2023740%20And%C3%BAjar%2C%20Ja%C3%A9n%2C%20Espa%C3%B1a&query_place_id=ChIJi0-N9Mk3bA0RgseU46Ri8wo,38.04146,-4.05024,/productores/es/andalucia/jaen/aromas-de-jaen-andujar.webp,,sí,ecommerce,,924,es,,,,,,es,andalucia,jaen
carnes-criado-andujar,Carnes Criado,Andújar,Carne,"Pechuga de pollo empanada, SanJacobo de York y queso, Croquetas de pollo, Lomo de orza Carnes Criado","Cjón. Prta Córdoba, 3, 23740 Andújar, Jaén, España","Carnes Criado trabaja en Andújar como sala de despiece, fábrica de embutidos y elaborados cárnicos, tras más de 40 años de actividad. Produce chorizos, morcillas, callos, flamenquines, croquetas y lomo de orza.",Consultar web o venta directa,+34953511618,,https://www.carnescriado.es/,,https://www.instagram.com/carnescriado/,https://www.google.com/maps/search/?api=1&query=Carnes%20Criado%2C%20Cj%C3%B3n.%20Prta%20C%C3%B3rdoba%2C%203%2C%2023740%20And%C3%BAjar%2C%20Ja%C3%A9n%2C%20Espa%C3%B1a&query_place_id=ChIJPRs8ndI3bA0R3Fjnbg5dnRo,38.037648974036,-4.0594114600276,/productores/es/andalucia/jaen/carnes-criado-andujar.webp,,sí,ecommerce,,3133,es,,,,,,es,andalucia,jaen
producarne-andujar,Producarne,Andújar,Carne,"Chuletón de Añojo - Producarne, Caña de lomo bellota - Producarne","A-4, Jaén, España","Producarne combina tradición y calidad en la producción y comercialización de carne de alta calidad, ofreciendo una experiencia gastronómica auténtica. Todo comenzó con un sueño de tradición ganadera.",Consultar web o venta directa,+34615259059,producarne@producarne.com,https://producarne.com/,,https://www.instagram.com/producarne.alabrasa/,https://www.google.com/maps/search/?api=1&query=Producarne%2C%20A-4%2C%20Ja%C3%A9n%2C%20Espa%C3%B1a&query_place_id=EhFBLTQsIEphw6luLCBTcGFpbiIuKiwKFAoSCbUPIPaLJkINEQA4fQ9hfIPLEhQKEgmTb8QazDdsDRHSX068lT3qwg,38.0393159,-4.0269197,/productores/es/andalucia/jaen/producarne-andujar.webp,,sí,ecommerce,,10293,es,,,,,,es,andalucia,jaen
productos-la-morenita-andujar,Productos «La Morenita»,Andújar,Pan y cereal,"Regañás Virgen de la Cabeza ""La Morenita""","C. Cam. del Pino, 44, 23740 Andújar, Jaén, España","Productos La Morenita, de Andújar, comercializa alimentos bajo las marcas La Morenita y Virgen de la Cabeza. Su primera línea incluye regañás elaboradas con aceite de oliva virgen extra y también ha comercializado vino de reserva con denominación de origen.",Consultar web o venta directa,+34953511222,info@productoslamorenita.com,,,,https://www.google.com/maps/search/?api=1&query=Productos%20%C2%ABLa%20Morenita%C2%BB%2C%20C.%20Cam.%20del%20Pino%2C%2044%2C%2023740%20And%C3%BAjar%2C%20Ja%C3%A9n%2C%20Espa%C3%B1a&query_place_id=ChIJw-Gon7A3bA0ReHLWzbEW3Qw,38.046798529579,-4.0426013565167,,pendiente,no comprobado,,,10317,es,,,,,,es,andalucia,jaen
cortijo-de-la-torre-arjona,Cortijo de la Torre,Arjona,Aceite,"Aceite de oliva virgen extra Cortijo la Torre bag in box, Aceite de oliva virgen extra Premium Cortijo la Torre","Cortijo de la Torre, s/n, Camino de la Torre km 3, 23760 Arjona, Jaén, España",Cortijo de la Torre es una almazara de Arjona instalada en un edificio del siglo XIX restaurado en 1982 por la familia Bueno Fernández. Elabora aceite de oliva virgen extra con aceituna de sus olivares y pertenece a la IGP Aceite de Jaén.,Consultar web o venta directa,+34953190700,info@cortijolatorre.es,https://www.cortijolatorre.com/,,https://www.instagram.com/cortijolatorreaove/,https://www.google.com/maps/search/?api=1&query=Cortijo%20de%20la%20Torre%2C%20Cortijo%20de%20la%20Torre%2C%20s%2Fn%2C%20Camino%20de%20la%20Torre%20km%203%2C%2023760%20Arjona%2C%20Ja%C3%A9n%2C%20Espa%C3%B1a&query_place_id=ChIJCaEBBifLbQ0R7Jufyf8HuUM,37.90160789999999,-4.0079338,/productores/es/andalucia/jaen/cortijo-de-la-torre-arjona.webp,,sí,ecommerce,,4648,es,,,,,,es,andalucia,jaen
productos-campos-arjona,Productos Campos,Arjona,Pan y cereal,"Dulce sefardí, HojaCampos, mantecados y polvorones","A-321, Arjona, Jaén, España","Obrador familiar de Arjona con tres generaciones de pastelería artesanal; elabora HojaCampos, dulces sefardíes y especialidades navideñas.",Consultar web o venta directa,+34953523275,campos@productoscampos.com,https://productoscampos.com/,,,https://www.google.com/maps/search/?api=1&query=Productos%20Campos%2C%20A-321%2C%20Arjona%2C%20Ja%C3%A9n%2C%20Espa%C3%B1a&query_place_id=EhtBLTMyMSwgQXJqb25hLCBKYcOpbiwgU3BhaW4iLiosChQKEgnLHgcx88ptDRFu3w6Qv2dsHxIUChIJu8K4LW81bA0Rb_R7oAWppBw,37.935886699419,-4.0565441446894,/productores/es/andalucia/jaen/productos-campos-arjona.webp,,sí,ecommerce,,10303,es,,,,,,es,andalucia,jaen
cooperativa-agraria-san-roque-arjonilla-s-c-a-arjonilla,Cooperativa Agraria San Roque Arjonilla S.C.A.,Arjonilla,Aceite,"AOVE El Trovador Cosecha Temprana, AOVE El Trovador Premium","C. Marmolejo, 23750 Arjonilla, Jaén, España","La Cooperativa Agraria San Roque, fundada en Arjonilla en 1949, reúne a más de 1.000 agricultores y elabora aceite de oliva virgen extra. Sus procesos siguen la producción de las aceitunas de los socios desde el olivar hasta el envasado.",Consultar web o venta directa,+34953520056,sanroque@sca-sanroque.com,https://www.aceiteseltrovador.com/virgen-de-la-campina/,,https://www.instagram.com/virgendelacampi/,https://www.google.com/maps/search/?api=1&query=Cooperativa%20Agraria%20San%20Roque%20Arjonilla%20S.C.A.%2C%20C.%20Marmolejo%2C%2023750%20Arjonilla%2C%20Ja%C3%A9n%2C%20Espa%C3%B1a&query_place_id=EitDLiBNYXJtb2xlam8sIDIzNzUwIEFyam9uaWxsYSwgSmHDqW4sIFNwYWluIi4qLAoUChIJsRCo4MxLbA0ReHAx8L5a7WMSFAoSCceU7Do0SmwNEdjoCEsHzzsJ,37.97862,-4.11686,/productores/es/andalucia/jaen/cooperativa-agraria-san-roque-arjonilla-s-c-a-arjonilla.webp,,sí,ecommerce,,4425,es,,,,,,es,andalucia,jaen
haza-la-centenosa-baeza,Haza La Centenosa,Baeza,Aceite,Aceite de oliva virgen extra Haza La Centenosa,"Ctra. de Baeza a La Yedra s/n, 23440 Baeza, Jaén, España",Haza La Centenosa es una empresa familiar de Baeza dedicada al cultivo del olivar y a la elaboración de aceite de oliva virgen extra. Trabaja con cultivo ecológico y produce también un AOVE obtenido tras deshuesar la aceituna y extraer solo su pulpa.,Consultar web o venta directa,+34685491356,info@hazalacentenosa.com,https://www.hazalacentenosa.com,,https://www.instagram.com/haza_la_centenosa/,https://www.google.com/maps/search/?api=1&query=Haza%20La%20Centenosa%2C%20Ctra.%20Baeza%20a%20la%20Yedra%2C%2023411%2C%20Ja%C3%A9n%2C%20Espa%C3%B1a&query_place_id=ChIJo07RZ5KMbg0Rhvqn_RBKjl4,38.010658049231,-3.3721241158524,/productores/es/andalucia/jaen/haza-la-centenosa-baeza.webp,,sí,ecommerce,,6707,es,,,,,,es,andalucia,jaen
garrapinadas-vega-baeza,Garrapiñadas Vega,Baeza,Aperitivos,Almendras y pipas garrapiñadas,"C. Granada, 6, 23440 Baeza, Jaén, España","Garrapiñadas Vega elabora en Baeza, desde hace más de tres décadas, almendras y otros frutos secos garrapiñados. Entre sus productos figuran pipas de girasol y calabaza, cacahuetes y nueces preparados de forma artesanal.",Consultar web o venta directa,+34687967699,vivis_21@hotmail.com,,https://www.facebook.com/p/Garrapi%C3%B1adas-Vega-100069881524007/,,https://www.google.com/maps/search/?api=1&query=Garrapi%C3%B1adas%20Vega%2C%20C.%20Granada%2C%206%2C%2023440%20Baeza%2C%20Ja%C3%A9n%2C%20Espa%C3%B1a&query_place_id=ChIJj1s7ZZGLbg0Rk_Us803mShU,37.9980533,-3.4745501,,,no comprobado,,,6431,es,,,,,,es,andalucia,jaen
artechoc-baeza,Artechoc,Baeza,Chocolate,"Tableta de Chocolate con aove relleno de miel Artechoc, Tableta de Chocolate negro con aove Artechoc, Tableta de Chocolate negro con aove sin azúcar Artechoc, Tableta de Chocolate con aove relleno de mora Artechoc","C. Sta. Ana Vieja, 10, 23440 Baeza, Jaén, España","Artechoc es un obrador familiar de Baeza especializado en chocolates elaborados con aceite de oliva virgen extra. Produce tabletas con AOVE y rellenos de miel o mora, incluidos formatos sin azúcar, principalmente por encargo.",Consultar web o venta directa,+34660353905,artechoc@hotmail.es,https://artechoc.com/,,https://www.instagram.com/artechoc1/,https://www.google.com/maps/search/?api=1&query=Artechoc%2C%20C.%20Sta.%20Ana%20Vieja%2C%2010%2C%2023440%20Baeza%2C%20Ja%C3%A9n%2C%20Espa%C3%B1a&query_place_id=ChIJz52H6pmLbg0RnOfUH2s3JAI,37.9950227,-3.4689495,/productores/es/andalucia/jaen/artechoc-baeza.webp,,sí,ecommerce,,963,es,,,,,,es,andalucia,jaen
pradolivo-aceite-de-oliva-virgen-extra-baeza,"Pradolivo, Aceite de oliva virgen extra",Baeza,Aceite,"Pradolivo cosecha temprana Hojiblanca, Mermelada de aceite de oliva virgen extra picual, Pradolivo Tradición Familiar, Pradolivo Selecto","Av. Alcalde Eusebio Ortega Molina, 17, 23440 Baeza, Jaén, España","Pradolivo es una marca familiar de Baeza que controla el proceso desde el cultivo de la aceituna hasta la comercialización del aceite de oliva virgen extra. Su catálogo incluye aceites de cosecha temprana, hojiblanca, picual, mermelada de AOVE y distintas presentaciones de la marca.",Consultar web o venta directa,+34953898864,info@pradolivo.com,https://www.pradolivo.com/,,,https://www.google.com/maps/search/?api=1&query=Pradolivo%2C%20Aceite%20de%20oliva%20virgen%20extra%2C%20Av.%20Alcalde%20Eusebio%20Ortega%20Molina%2C%2017%2C%2023440%20Baeza%2C%20Ja%C3%A9n%2C%20Espa%C3%B1a&query_place_id=ChIJ40I3z5eLbg0RRJNpvbnjsmY,37.9917579,-3.4762739,/productores/es/andalucia/jaen/pradolivo-aceite-de-oliva-virgen-extra-baeza.webp,,sí,ecommerce,,10273,es,,,,,,es,andalucia,jaen
invicto-aove-bailen,Invicto AOVE,Bailén,Aceite,"Aove Premium Arbosana, INVICTO AOVE VARIEDAD FRANTOIO, INVICTO AOVE VARIEDAD PICUAL, INVICTO AOVE VARIEDAD PICUAL ECOLÓGICO","C. Juan Ramón Jiménez, 4, 23710 Bailén, Jaén, España","INVICTO AOVE combina olivares centenarios y plantaciones en seto y trabaja distintas variedades de aceituna, entre ellas arbequina, frantoio y picual. La marca elabora aceites con perfiles dulces, amargos y picantes y ofrece también una referencia ecológica.",Consultar web o venta directa,+34629819217,info@invictoaove.com,https://www.invictoaove.com/,,https://www.instagram.com/invictoaove/,https://www.google.com/maps/search/?api=1&query=Invicto%20AOVE%2C%20C.%20Juan%20Ram%C3%B3n%20Jim%C3%A9nez%2C%204%2C%2023710%20Bail%C3%A9n%2C%20Ja%C3%A9n%2C%20Espa%C3%B1a&query_place_id=ChIJOzXVk9InbA0RBQDyw9TaluE,38.09668,-3.78239,/productores/es/andalucia/jaen/invicto-aove-bailen.webp,,sí,ecommerce,,7145,es,,,,,,es,andalucia,jaen
arte-oleum-beas-de-segura,Arte Oleum,Beas de Segura,Aceite,,"C. Angosto, 80 C 4, 23280 Beas de Segura, Jaén, España",AOVE con denominación de origen Sierra de Segura.,Consultar web o venta directa,+34675162379,j.carrasco28@hotmail.es,,https://www.facebook.com/aoveArteOleum/,,,38.2535983,-2.8941648,,,no comprobado,,,962,es,,,,,,es,andalucia,jaen
productos-paqui-beas-de-segura,Productos Paqui,Beas de Segura,Aperitivos,"bolas al queso 100gr Productos Paqui, Almendras fritas en aceite de oliva Productos Paqui, Mix de snacks, cacahuetes/mani frito con piel 180 gr Productos Paqui","23280 Beas de Segura, Jaén, España","Productos Paqui, de Beas de Segura, elabora patatas fritas, frutos secos y snacks en una empresa familiar que alcanza la segunda generación. Su catálogo incluye garbanzos tostados, almendras fritas, bolas al queso y mezclas de aperitivos.",Tienda online; envíos a Península,+34953424895,productospaqui@hotmail.es,https://www.productospaqui.es,,https://www.instagram.com/productos_paqui/,https://www.google.com/maps/search/?api=1&query=Productos%20Paqui%2C%2023280%20Beas%20de%20Segura%2C%20Ja%C3%A9n%2C%20Espa%C3%B1a&query_place_id=ChIJN_af-k4Wbw0RbdPss7KFLpw,38.267513018655,-2.9484500023518,/productores/es/andalucia/jaen/productos-paqui-beas-de-segura.webp,,sí,ecommerce,,10329,es,,,,,,es,andalucia,jaen
oleicola-san-francisco-begijar,Oleícola San Francisco,Begíjar,Aceite,"Aceitunas Rellenas de Piña - Oleícola San Francisco, Aceite de Oliva Virgen Extra - Oleícola San Francisco","C. Pedro Pérez s/n, 23520 Begíjar, Jaén, España",Oleícola San Francisco fue fundada en 1927 y mantiene en Begíjar su actividad oleícola familiar. Produce aceite de oliva virgen extra y aceitunas rellenas y cuenta con una referencia amparada por la IGP Aceite de Jaén.,Consultar web o venta directa,+34953763415,info@oleicolasanfrancisco.com,https://oleicolasanfrancisco.com/,,https://www.instagram.com/oleicolaSanFrancisco/,https://www.google.com/maps/search/?api=1&query=Ole%C3%ADcola%20San%20Francisco%2C%20C.%20Pedro%20P%C3%A9rez%20s%2Fn%2C%2023520%20Beg%C3%ADjar%2C%20Ja%C3%A9n%2C%20Espa%C3%B1a&query_place_id=ChIJbzwrAxqJbg0RjTJ3BAcOtbI,37.9836431,-3.5312253,/productores/es/andalucia/jaen/oleicola-san-francisco-begijar.webp,,sí,ecommerce,,9194,es,,,,,,es,andalucia,jaen
s-c-a-nuestra-senora-de-la-paz-belmez-de-la-moraleda,S.C.A. Nuestra Señora de la Paz,Bélmez de la Moraleda,Aceite,AOVE La Perla de Mágina de S.C.A. Ntra. Sra. de la Paz,"Pol. 3 Parcela 242, Paraje La Vega, 23568 Bélmez de la Moraleda, Jaén, España","La S.C.A. Nuestra Señora de la Paz, fundada en 1963 en Bélmez de la Moraleda, reúne a 88 socios y elabora aceite de oliva de variedad picual. Su marca La Perla de Mágina pertenece desde 1999 a la Denominación de Origen Sierra Mágina.",Consultar web o venta directa,+34953394052,domingo@laperlademagina.es,https://laperlademagina.es/,,https://www.instagram.com/aovelaperlademagina/,https://www.google.com/maps/search/?api=1&query=S.C.A.%20Nuestra%20Se%C3%B1ora%20de%20la%20Paz%2C%20Pol.%203%20Parcela%20242%2C%20Paraje%20La%20Vega%2C%2023568%20B%C3%A9lmez%20de%20la%20Moraleda%2C%20Ja%C3%A9n%2C%20Espa%C3%B1a&query_place_id=ChIJPXEL3_1Cbg0RUk-miE4aNYo,37.72211,-3.38155,/productores/es/andalucia/jaen/s-c-a-nuestra-senora-de-la-paz-belmez-de-la-moraleda.webp,,sí,ecommerce,,11225,es,,,,,,es,andalucia,jaen
aove-aceites-sierra-sur-cabra-del-santo-cristo,AOVE Aceites Sierra Sur,Cabra del Santo Cristo,Aceite,ORO DE SIERRA SUR,"23550 Cabra del Santo Cristo, Jaén, España",Aceites Sierra Sur nació en 1990 y cuenta con una almazara en Cabra del Santo Cristo dedicada a la elaboración de aceites de oliva. También transforma subproductos de la aceituna y trabaja con explotaciones agrícolas propias.,Consultar web o venta directa,+34958450211,info@aceitessierrasur.es,https://aceitessierrasur.es/,,https://www.instagram.com/aceitessierrasur/,https://www.google.com/maps/search/?api=1&query=AOVE%20Aceites%20Sierra%20Sur%2C%2023550%20Cabra%20del%20Santo%20Cristo%2C%20Ja%C3%A9n%2C%20Espa%C3%B1a&query_place_id=ChIJbyOykrlFbg0Rxzf8Lxb20rE,37.65899,-3.28691,/productores/es/andalucia/jaen/aove-aceites-sierra-sur-cabra-del-santo-cristo.webp,,sí,ecommerce,,807,es,,,,,,es,andalucia,jaen
carniceria-gallardo-cabra-del-santo-cristo,Carnicería Gallardo,Cabra del Santo Cristo,Carne,Hamburguesas - Carnicería Gallardo,"C. Málaga, 2, 23550 Cabra del Santo Cristo, Jaén, España",En Carnicería Gallardo somos productores de carne fresca y embutidos,Consultar web o venta directa,+34953397369,embutidosgallardo@yahoo.es,,,,https://www.google.com/maps/search/?api=1&query=Carnicer%C3%ADa%20Gallardo%2C%20C.%20M%C3%A1laga%2C%202%2C%2023550%20Cabra%20del%20Santo%20Cristo%2C%20Ja%C3%A9n%2C%20Espa%C3%B1a&query_place_id=ChIJI63pSLhFbg0RtgkLeqjlWxg,37.7014772,-3.2870595,,pendiente,no comprobado,,,3225,es,,,,,,es,andalucia,jaen
sca-trujal-del-magina-cambil,SCA Trujal del Mágina,Cambil,Aceite,"Aceite de Oliva Virgen Extra Ecológico Eretru, Caviar de AOVE ecológico Trujal de Mágina","Paraje Llanos de Ochoa s/n, 23120 Cambil, Jaén, España","SCA Trujal del Mágina es una cooperativa ecológica de Cambil fundada en 1998, con 90 socios, unas 510 hectáreas y alrededor de 55.000 olivos. Elabora las marcas Verde Salud Selección y EreTru, además de caviar de oliva ecológico.",Consultar web o venta directa,+34953300567,info@scatrujaldemagina.com,https://www.scatrujaldemagina.com,,https://www.instagram.com/scatrujaldemagina/,https://www.google.com/maps/search/?api=1&query=SCA%20Trujal%20del%20M%C3%A1gina%2C%20Paraje%20Llanos%20de%20Ochoa%20s%2Fn%2C%2023120%20Cambil%2C%20Ja%C3%A9n%2C%20Espa%C3%B1a&query_place_id=ChIJg5mHE5Nxbg0RrYrvd8jj7-8,37.6786907,-3.5654535,/productores/es/andalucia/jaen/sca-trujal-del-magina-cambil.webp,,sí,ecommerce,,11436,es,,,,,,es,andalucia,jaen
el-torito-bravo-aceite-de-oliva-virgen-extra-campillo-de-arenas,"El Torito bravo, aceite de oliva virgen extra",Campillo de Arenas,Aceite,Aceite de oliva virgen extra El Torito Bravo,"23130 Campillo de Arenas, Jaén, España","El Torito Bravo es un aceite de oliva virgen extra producido en Campillo de Arenas, en la zona de Sierra Mágina. La marca toma su nombre de un olivo centenario situado en el paraje de Los Praillos.",Consultar web o venta directa,+34660904777,aceiteeltoritobravo@gmail.com,https://www.aceiteeltoritobravo.com/,https://www.facebook.com/aceiteeltoritobravo/,,https://www.google.com/maps/search/?api=1&query=El%20Torito%20bravo%2C%20aceite%20de%20oliva%20virgen%20extra%2C%2023130%20Campillo%20de%20Arenas%2C%20Ja%C3%A9n%2C%20Espa%C3%B1a&query_place_id=ChIJsdDPIkRzbg0RQDp94XvSAxw,37.5717095,-3.6521849,,,no comprobado,,,5299,es,,,,,,es,andalucia,jaen
embutidos-delgado-y-gonzalez-campillo-de-arenas,Embutidos Delgado y González,Campillo de Arenas,Carne,"Morcilla Delgado y González, Salchichón Extra Delgado y González, Morcilla picante Delgado y González, Butifarra Delgado y González","Av. de Jaén, 94, 23130 Campillo de Arenas, Jaén, España","Embutidos Delgado y González mantiene en Campillo de Arenas una tradición familiar iniciada en 1903. Actualmente trabaja con cerdo blanco y elabora salchichón, chorizo, morcilla, butifarra y jamones.",Consultar web o venta directa,+34626858877,maria_delgado95@hotmail.com,,,,https://www.google.com/maps/search/?api=1&query=Embutidos%20Delgado%20y%20Gonz%C3%A1lez%2C%20Av.%20de%20Ja%C3%A9n%2C%2094%2C%2023130%20Campillo%20de%20Arenas%2C%20Ja%C3%A9n%2C%20Espa%C3%B1a&query_place_id=ChIJ14O6k-4Mbg0R53c9sBUphAo,37.5547,-3.63592,,pendiente,no comprobado,,,5423,es,,,,,,es,andalucia,jaen
la-canenera-canena,La Canenera,Canena,Aperitivos,"Nueces ECOLÓGICAS cáscara - La Canenera, Nueces peladas La Canenera","Calle Central, 29A, 23420 Canena, Jaén, España","La Canenera cultiva nogales en Canena desde 2006 y dispone de unas 16 hectáreas con variedades Howard y Chandler. Procesa y comercializa nueces en cáscara y peladas, procedentes de cultivos en conversión a ecológico.",Consultar web o venta directa,+34649547791,nuezlacanenera@gmail.com,https://www.lacanenera.es,,https://www.instagram.com/lacanenera_nuez/,https://www.google.com/maps/search/?api=1&query=La%20Canenera%2C%20Calle%20Central%2C%2029A%2C%2023420%20Canena%2C%20Ja%C3%A9n%2C%20Espa%C3%B1a&query_place_id=ChIJp7yq1zaMbg0RYQwozRmWQTU,38.046593902473,-3.4845294023571,/productores/es/andalucia/jaen/la-canenera-canena.webp,,sí,ecommerce,,7581,es,,,,,,es,andalucia,jaen
s-c-a-san-antonio-abad-arquillos,S.C.A. San Antonio Abad,Arquillos,Aceite,"AOVE picual de recolección temprana en formatos de 5 L, 3 L, 750 ml y 500 ml","Av. de Linares, 23230 Arquillos, Jaén, España",Cooperativa de Arquillos que produce AOVE picual de producción integrada y envasa distintos formatos para consumo y hostelería.,Consultar web o venta directa,+34953633002,scasanantonioabad@gmail.com,https://scasanantonioabad.es/,,,https://www.google.com/maps/search/?api=1&query=S.C.A.%20San%20Antonio%20Abad%2C%20Av.%20de%20Linares%2C%2023230%20Arquillos%2C%20Ja%C3%A9n%2C%20Espa%C3%B1a&query_place_id=ChIJSwdA2ViTbg0Rcpq_cPUuWNU,38.1799625,-3.4335821,/productores/es/andalucia/jaen/s-c-a-san-antonio-abad-arquillos.webp,,no,,,11240,es,,,,,,es,andalucia,jaen
sociedad-cooperativa-andaluza-san-roque-carcheles,Sociedad Cooperativa Andaluza San Roque,Cárcheles,Aceite,"Emblema Gran Selección, Tierras del Marquesado Selección","C. Belenes Altos, 6, 23192 Carchelejo, Jaén, España","La Sociedad Cooperativa Andaluza San Roque, ubicada en Cárcheles, reúne a unos 650 socios tras fusionar dos cooperativas locales. Elabora AOVE de las variedades picual y manzanillo de Jaén bajo las marcas Tierras del Marquesado y Emblema.",Consultar web o venta directa,+34953302009,info@scasanroque.com,https://tierrasdelmarquesado.com/,https://www.facebook.com/tierrasdelmarquesado/,,https://www.google.com/maps/search/?api=1&query=Sociedad%20Cooperativa%20Andaluza%20San%20Roque%2C%20C.%20Belenes%20Altos%2C%206%2C%2023192%20Carchelejo%2C%20Ja%C3%A9n%2C%20Espa%C3%B1a&query_place_id=ChIJiWFbIL1zbg0RWwrSjqrF9K0,37.6371797,-3.6401253,/productores/es/andalucia/jaen/sociedad-cooperativa-andaluza-san-roque-carcheles.webp,,sí,ecommerce,,11633,es,,,,,,es,andalucia,jaen
aceites-vadolivo-s-l-cazorla,Aceites Vadolivo S.L.,Cazorla,Aceite,"Aceite de Oliva Virgen Extra Ecológico ""Sierraoliva"", Aceite de Oliva Virgen Extra ""Sierra de Cazorla"" Gourmet, Aceite de Oliva Virgen Extra ""Sierra de Cazorla"", Aceites de Oliva Virgen Extra Ahumados y Sabores","Ctra. Santo Tomé km 1, 23469 El Molar, Cazorla, Jaén, España",Aceites Vadolivo es una empresa familiar de Cazorla dedicada desde hace tres generaciones a seleccionar y envasar aceite de oliva virgen extra de la Sierra de Cazorla. También desarrolla cosmética ecológica con AOVE bajo la marca Sensolive.,Consultar web o venta directa,+34953730733,ventas@vadolivo.com,https://www.vadolivo.com/,,,,37.980278,-3.146667,/productores/es/andalucia/jaen/aceites-vadolivo-s-l-cazorla.webp,,sí,ecommerce,,218,es,,,,,,es,andalucia,jaen
nuestro-aroma-cazorla,Nuestro Aroma,Cazorla,Aceite,Aceite de oliva virgen extra premium - Nuestro Aroma,"Av. del Guadalquivir, 48, 23470 Cazorla, Jaén, España",En Nuestro Aroma producimos AOVE temprano.,Consultar web o venta directa,+34615067757,ombumaria@hotmail.com,,,,https://www.google.com/maps/search/?api=1&query=Nuestro%20Aroma%2C%20Av.%20del%20Guadalquivir%2C%2048%2C%2023470%20Cazorla%2C%20Ja%C3%A9n%2C%20Espa%C3%B1a&query_place_id=ChIJ_5SzwZKpbw0RJhGTMS6J7kw,37.9177977,-3.0061431,,pendiente,no comprobado,,,9101,es,,,,,,es,andalucia,jaen
cervezas-la-yedra-cazorla,Cervezas La Yedra,Cazorla,Cerveza,"Oropéndola - Tropical IPA, Serrana - Amber Ahumada, La Quebranta - American Pale Ale, Cazorlensis - Blonde Ale","C. Levante, 50B, 23470 Cazorla, Jaén, España","Cervezas La Yedra es una fábrica independiente de Cazorla creada en 2023. Elabora cervezas artesanales sin pasteurizar ni filtrar con agua del Parque Natural de las Sierras de Cazorla, Segura y Las Villas.",Consultar web o venta directa,+34644194423,contacto@cervezaslayedra.es,https://www.cervezaslayedra.es,,https://www.instagram.com/cervezaslayedra/,https://www.google.com/maps/search/?api=1&query=Cervezas%20La%20Yedra%2C%20C.%20Levante%2C%2050B%2C%2023470%20Cazorla%2C%20Ja%C3%A9n%2C%20Espa%C3%B1a&query_place_id=ChIJ_6hG-iGqbw0RvuGtzi2wQHE,37.9180482,-3.0221656,/productores/es/andalucia/jaen/cervezas-la-yedra-cazorla.webp,,sí,ecommerce,,3960,es,,,,,,es,andalucia,jaen
panaderia-armenteros-lopez-escanuela,Panadería Armenteros López,Escañuela,Pan y cereal,"Pan y dulces Panadería Armenteros López, Roscos de canela Panadería Armenteros López, Regañás de pipas de girasol de Panadería Armenteros López","23657 Escañuela, Jaén, España","Panadería Armenteros López mantiene en Escañuela la elaboración artesanal de pan, dulces y productos de repostería. Produce mantecados, tortas tradicionales, palmeras de hojaldre y otros dulces de temporada.",Consultar web o venta directa,+34679610510,,,,https://www.instagram.com/panaderia_armenteros_lopez/,https://www.google.com/maps/search/?api=1&query=Panader%C3%ADa%20Armenteros%20L%C3%B3pez%2C%2023657%20Esca%C3%B1uela%2C%20Ja%C3%A9n%2C%20Espa%C3%B1a&query_place_id=ChIJnTW6meTKbQ0RQCSF9VXDBkg,37.87946,-4.03268,,,no comprobado,,,9451,es,,,,,,es,andalucia,jaen
embutidos-artesanos-la-abuela-laura-frailes,Embutidos Artesanos La Abuela Laura,Frailes,Carne,"Morcilla al estilo de la abuela Laura, Chorizo de Orza, Chorizo artesanal extra Embutidos La abuela Laura, Crema de lomo","C. Campo, 23690 Frailes, Jaén, España","Embutidos Artesanos La Abuela Laura es una empresa familiar de Frailes fundada en 2011 que elabora embutidos artesanos con cerdo blanco de la Sierra Sur de Jaén. Su catálogo incluye morcilla, chorizo, chorisalchichón, crema de lomo y otros productos curados.",,+34677879381,laabuelalaura@gmail.com,,,,https://www.google.com/maps/search/?api=1&query=Embutidos%20Artesanos%20La%20Abuela%20Laura%2C%20C.%20Campo%2C%2023690%20Frailes%2C%20Ja%C3%A9n%2C%20Espa%C3%B1a&query_place_id=EiVDLiBDYW1wbywgMjM2OTAgRnJhaWxlcywgSmHDqW4sIFNwYWluIi4qLAoUChIJxT6SmR7kbQ0RhfhywsqfpXASFAoSCVFFdpIc5G0NEZH1Dc0KMLVR,37.4875215,-3.8407305000001,,pendiente,sí,marketplace,,5390,es,,,,https://www.mercoliva.es/shop/laabuelalaura,,es,andalucia,jaen
bodegas-campoameno-frailes,Bodegas Campoameno,Frailes,Vino,"Campoameno Syrah Barrica, Espumoso Semiseco Matahermosa, Espumoso Matahermosa Brut Nature, Campoameno Chardonnay","Frailes, 23690 Frailes, Jaén, España","Bodegas Campoameno produce vinos en Frailes a partir de distintas variedades de uva y cuenta con instalaciones de elaboración, envasado y crianza en barrica. Su catálogo incluye vinos tranquilos y espumosos como Syrah, Chardonnay y Matahermosa.",Consultar web o venta directa,+34953593563,info@bodegascampoameno.es,https://bodegascampoameno.es/,,https://www.instagram.com/bodegascampoameno/,https://www.google.com/maps/search/?api=1&query=Bodegas%20Campoameno%2C%20Frailes%2C%2023690%20Frailes%2C%20Ja%C3%A9n%2C%20Espa%C3%B1a&query_place_id=ChIJkwNcPRnkbQ0RpcWm9Dxcnew,37.47045733533,-3.8367570023708,/productores/es/andalucia/jaen/bodegas-campoameno-frailes.webp,,sí,ecommerce,,1868,es,,,,,,es,andalucia,jaen
pates-mari-rueda-guarroman,Patés Mari Rueda,Guarromán,Carne,Paté con Perdiz - Patés Mari Rueda,"C. Buenavista, 23210 Guarromán, Jaén, España",En Patés Mari Rueda realizamos patés artesanos de perdiz,Consultar web o venta directa,+34608698776,mariruedasantamaria52@gmail.com,,,,https://www.google.com/maps/search/?api=1&query=Pat%C3%A9s%20Mari%20Rueda%2C%20C.%20Buenavista%2C%2023210%20Guarrom%C3%A1n%2C%20Ja%C3%A9n%2C%20Espa%C3%B1a&query_place_id=Ei1DLiBCdWVuYXZpc3RhLCAyMzIxMCBHdWFycm9tw6FuLCBKYcOpbiwgU3BhaW4iLiosChQKEgmvKBjlmJ5uDRExHCOj0L000BIUChIJwZBS7Zmebg0RLcL38zxdoQM,38.1810205,-3.6855573,,pendiente,no comprobado,,,10077,es,,,,,,es,andalucia,jaen
hojaldres-artesanos-gonzalez-ferrer-guarroman,Hojaldres Artesanos González-Ferrer,Guarromán,Pan y cereal,"Hojaldre inglés o ""bayonesas"", Hojaldre de chocolate, Hojaldre blanco o alemán","Av. de Andalucia, 23210 Guarromán, Jaén, España","Hojaldres Artesanos González-Ferrer elabora en Guarromán hojaldres rellenos de crema, cabello de ángel o chocolate. La empresa, de segunda generación familiar, produce también hojaldre inglés, de chocolate y blanco o alemán.",Consultar web o venta directa,+34953615502,manuelgonzalezferrer@gmail.com,,https://www.facebook.com/p/Hojaldres-Artesanos-Gonz%C3%A1lez-Ferrer-100063458231380/,,https://www.google.com/maps/search/?api=1&query=Hojaldres%20Artesanos%20Gonz%C3%A1lez-Ferrer%2C%20Av.%20de%20Andalucia%2C%2023210%20Guarrom%C3%A1n%2C%20Ja%C3%A9n%2C%20Espa%C3%B1a&query_place_id=EjBBdi4gZGUgQW5kYWx1Y2lhLCAyMzIxMCBHdWFycm9tw6FuLCBKYcOpbiwgU3BhaW4iLiosChQKEglRAVbMm55uDRECD8aSJDUPaBIUChIJwZBS7Zmebg0RLcL38zxdoQM,38.184658095469,-3.6893309448437,,,no comprobado,,,6841,es,,,,,,es,andalucia,jaen
mieles-del-rumblar-guarroman,Mieles del Rumblar,Guarromán,Miel,"Miel Natural Milflores - Reina del Rumblar, Miel Natural de Azahar - Reina del Rumblar, Miel Natural de Tomillo - Reina del Rumblar","23210 Guarromán, Jaén, España","Mieles del Rumblar obtiene miel de colmenas situadas en Sierra Morena y la envasa sin calentar ni pasteurizar, con un filtrado grueso. Su catálogo incluye miel de milflores, azahar y tomillo, además de productos de la colmena.",Consultar web o venta directa,+34609630782,felix.lopezsoria@gmail.com,https://www.reinadelrumblar.com,,https://www.instagram.com/reina.delrumblar/,https://www.google.com/maps/search/?api=1&query=Mieles%20del%20Rumblar%2C%2023210%20Guarrom%C3%A1n%2C%20Ja%C3%A9n%2C%20Espa%C3%B1a&query_place_id=ChIJwZBS7Zmebg0RLcL38zxdoQM,38.1837566,-3.6864121,,,sí,ecommerce,,8829,es,,,,,,es,andalucia,jaen
sca-san-isidro-labrador-huelma,SCA San Isidro Labrador,Huelma,Aceite,"Aceite de Oliva Virgen Extra ""El Santuario de Mágina""","Ctra. Córdoba-Almería A-324 km 26, 23560 Huelma, Jaén, España","La SCA San Isidro Labrador, fundada en Huelma en 1953, elabora, envasa y comercializa aceite de oliva virgen extra de variedad picual. La cooperativa cuenta con más de 1.600 socios y pertenece a la Denominación de Origen Sierra Mágina.",Consultar web o venta directa,+34953390110,,https://www.scasanisidro.es/,,,https://www.google.com/maps/search/?api=1&query=SCA%20San%20Isidro%20Labrador%2C%2023560%20Huelma%2C%20Ja%C3%A9n%2C%20Espa%C3%B1a&query_place_id=ChIJEbZi5Etqbg0Rq05NQUHcTqU,37.6480579,-3.4561456,,,sí,ecommerce,,11435,es,,,,,,es,andalucia,jaen
plantacar-ibros,Plantacar,Ibros,Condimentos,"Capsucar Ginkgo Biloba, Jugo de Noni, Car-Ner, Capsucar Cola de Caballo y Alcachofa","Av. de la Loma, 23450 Ibros, Jaén, España","Plantacar trabaja en Ibros con plantas medicinales y las comercializa en infusiones, cápsulas y concentrados fluidos. La empresa, activa desde 2002, ofrece productos como Capsucar Ginkgo Biloba, Jugo de Noni y preparados de cola de caballo y alcachofa.",Consultar web o venta directa,+34953766451,plantacaroficina@gmail.com,https://www.plantacar.es,,,https://www.google.com/maps/search/?api=1&query=Plantacar%2C%20Av.%20de%20la%20Loma%2C%2023450%20Ibros%2C%20Ja%C3%A9n%2C%20Espa%C3%B1a&query_place_id=ChIJDYzBlAOMbg0R-jqiiL6aZy4,38.0190484,-3.4973037,/productores/es/andalucia/jaen/plantacar-ibros.webp,,sí,ecommerce,,10238,es,,,,,,es,andalucia,jaen
aires-de-jaen-jabalquinto,Aires de Jaén,Jabalquinto,Aceite,Aceite de oliva virgen extra Aires de Jaén,"23712 Jabalquinto, Jaén, España","Aires de Jaén es una empresa familiar de Jabalquinto dedicada al cultivo, elaboración, envasado y comercialización de aceite de oliva. La tercera y cuarta generación trabajan en la Finca Los Badenes y producen el AOVE Aires de Jaén.",Consultar web o venta directa,+34953552928,marketing@airesdejaen.com,https://www.airesdejaen.com/,,https://www.instagram.com/airesdejaen/,https://www.google.com/maps/search/?api=1&query=Aires%20de%20Ja%C3%A9n%2C%2023712%20Jabalquinto%2C%20Ja%C3%A9n%2C%20Espa%C3%B1a&query_place_id=ChIJkeZikBaCbg0RQqXwS7PJ5Ow,37.981385503803,-3.7657946581828,/productores/es/andalucia/jaen/aires-de-jaen-jabalquinto.webp,,sí,ecommerce,,525,es,,,,,,es,andalucia,jaen
midialser-alimentacion-y-carnicas-s-l-don-verde-vida,Midialser alimentación y cárnicas S.L. Don Verde Vida,Jaén,Aceite,"Don Verde Vida AOVE, Don Verde Vida NOVIEMBRE, Don Verde Vida TEMPRANO","C. Castellar, 49, Polígono de los Olivares, 23009 Jaén, España","Don Verde Vida es un AOVE de una empresa familiar que trabaja con aceitunas de Sierra Mágina, incluido el entorno de Cabra del Santo Cristo. La marca ofrece varias presentaciones y referencias de cosecha temprana y de noviembre.",Consultar web o venta directa,+34635574489,info@aovedonverdevida.com,https://aovedonverdevida.com/,,,https://www.google.com/maps/search/?api=1&query=Midialser%20alimentaci%C3%B3n%20y%20c%C3%A1rnicas%20S.L.%20Don%20Verde%20Vida%2C%20Calle%20Espeluy%2C%2050%2C%2023009%20Ja%C3%A9n%2C%20Espa%C3%B1a&query_place_id=ChIJSxX_N_nWbQ0R9vdMF6RU1J0,37.795138944295,-3.7875720311982,,,sí,ecommerce|whatsapp,,8652,es,,,,,,es,andalucia,jaen
mo-molina-olivares,MO Molina Olivares,Jaén,Aceite,"MO Molina Olivares Couoage, MO Molina Olivares Picual","C/ Encinas 34, 23006 Jaén, España",MO Molina Olivares nació en 2015 a partir de una familia con tradición centenaria en el olivar. Selecciona aceitunas de la Sierra de Cazorla para elaborar aceite de oliva virgen extra de cosecha temprana y madura.,Consultar web o venta directa,+34648022209,hola@mo-oliveoil.com,https://www.mo-oliveoil.com/,,,https://www.google.com/maps/search/?api=1&query=MO%20Molina%20Olivares%2C%20C%2F%20Encinas%2034%2C%2023006%20Ja%C3%A9n%2C%20Espa%C3%B1a&query_place_id=ChIJs4nYYiXXbQ0RNgx42NC_ZKU,37.585466776854,-4.0757141957828,/productores/es/andalucia/jaen/mo-molina-olivares.webp,,sí,ecommerce,,8868,es,,,,,,es,andalucia,jaen
olivar-de-castro,Olivar de Castro,Jaén,Aceite,"Mermelada de AOVE, Emulsión de AOVE, Caviar de AOVE, Polvo de AOVE","Jaén, España","Olivar de Castro, de Jaén, elabora productos a partir de aceite de oliva virgen extra, como mermelada, mantequillas, emulsiones y polvo de AOVE. También fabrica para otras marcas utilizando la materia prima de sus clientes.",Consultar web o venta directa,+34953892020,olivardecastro@olivardecastro.es,https://www.olivardecastro.es/,,https://www.instagram.com/olivardecastro/,https://www.google.com/maps/search/?api=1&query=Olivar%20de%20Castro%2C%20Ja%C3%A9n%2C%20Espa%C3%B1a&query_place_id=ChIJxwJTyxPXbQ0RAldAi4Us-5w,37.683633680821,-3.8136191588995,,,no,,,9266,es,,,,,,es,andalucia,jaen
aceitunera-jiennense,Aceitunera Jiennense,Jaén,Aperitivos,"Pepinillos XXL, Aceituna Negra Rajada, Aceituna manzanilla deshuesada, Banderillas picantes","C. Cazalilla, 39, 23009 Jaén, España","Aceitunera Jiennense trabaja en Jaén desde hace más de 30 años en la elaboración y distribución de aceitunas de aliño y encurtidos. Sus instalaciones pueden gestionar más de 700.000 kilos anuales y producen pepinillos, aceitunas y banderillas.",Consultar web o venta directa,+34953281264,aceitunera@aceitunerajiennense.com,https://www.aceitunerajiennense.com,,,https://www.google.com/maps/search/?api=1&query=Aceitunera%20Jiennense%2C%20C.%20Cazalilla%2C%2039%2C%2023009%20Ja%C3%A9n%2C%20Espa%C3%B1a&query_place_id=ChIJC72D_PvWbQ0R8te0BNNDDAM,37.7960286,-3.7855279,,,sí,ecommerce,,276,es,,,,,,es,andalucia,jaen
grupo-apex-patatas-fritas-santo-reino,Grupo Apex-Patatas Fritas Santo Reino,Jaén,Aperitivos,"Patatas Fritas sabores Santo Reino, Patatas a la paja Santo Reino, Pasas Thompson Santo Reino, Anacardos con AOVE Santo Reino","Parque Empresarial Nuevo, C. Beatriz Núñez, 41, 23009 Jaén, España","Marca jiennense de patatas fritas, frutos secos y snacks fundada en 1965. Desde 2023 forma parte de Grupo Apex, que mantiene la fábrica y el equipo de Santo Reino en Jaén.",Consultar web o venta directa,+34953239468,cmartinezl@grupoapex.es,https://www.grupoapex.es/marcas/,,,https://www.google.com/maps/search/?api=1&query=Grupo%20Apex-Patatas%20Fritas%20Santo%20Reino%2C%20Parque%20Empresarial%20Nuevo%2C%20C.%20Beatriz%20N%C3%BA%C3%B1ez%2C%2041%2C%2023009%20Ja%C3%A9n%2C%20Espa%C3%B1a&query_place_id=ChIJ904u5mTWbQ0RE75-6zvJmrE,37.82141,-3.77765,/productores/es/andalucia/jaen/grupo-apex-patatas-fritas-santo-reino.webp,,no,,,6641,es,,,,,,es,andalucia,jaen
la-mar-sala,La Mar Salá,Jaén,Pescado,"Langostino cocido de Huelva - La Mar Salá, Pechos Medianos Cocidos - La Mar Salá, Buque de marisco - La Mar Salá","Q6X2+8M, 23639 Jaén, España","La Mar Salá es un cocedero y elaborador de marisco creado en Jaén en 2020 por la segunda generación de una empresa familiar de congelados. Su oferta incluye langostino cocido, marisco cocido y otros elaborados para reparto.",Consultar web o venta directa,+34630559550,jimenezpaulano@gmail.com,https://cocederolamarsala.es/,,https://www.instagram.com/cocederolamarsala/,https://www.google.com/maps/search/?api=1&query=La%20Mar%20Sal%C3%A1%2C%20Q6X2%2B8M%2C%2023639%20Ja%C3%A9n%2C%20Espa%C3%B1a&query_place_id=ChIJAR8Hy-XWbQ0R-bpCo6S6tKc,37.7983125,-3.7983125,,,sí,ecommerce,,7748,es,,,,,,es,andalucia,jaen
carnicas-mellado,Cárnicas mellado,Jaén,Carne,Piernas de Cordero - Cárnicas Mellado,"Calle Maria Matea Perez, 10, 23009 Jaén, España",En Cárnicas mellado somos productores de carne fresca,Consultar web o venta directa,+34953284216,contabilidadmellado@gmail.com,,,,https://www.google.com/maps/search/?api=1&query=C%C3%A1rnicas%20mellado%2C%20Calle%20Maria%20Matea%20Perez%2C%2010%2C%2023009%20Ja%C3%A9n%2C%20Espa%C3%B1a&query_place_id=ChIJacRQh4rWbQ0ROBoxWkKVB3U,37.8136901,-3.7817747,,pendiente,no comprobado,,,3170,es,,,,,,es,andalucia,jaen
embutidos-y-precocinados-toledano,Embutidos y precocinados Toledano,Jaén,Carne,"Chorizo fresco Embutidos y precocinados Toledano, Saludable de pavo, Hamburguesas de pollo Embutidos y precocinados Toledano, Morcilla","C. Baños de la Encina, 3, 23009 Jaén, España","Embutidos y precocinados Toledano elabora en Jaén embutidos tradicionales, referencias bajas en grasa y alimentos precocinados. La empresa mantiene sistemas de trazabilidad y control de la cadena de frío durante la elaboración y conservación.",Consultar web o venta directa,+34953280140,administracion@embutidostoledano.com,https://lafabricacarnicerias.com/,,https://www.instagram.com/embutidostoledanojaen/,https://www.google.com/maps/search/?api=1&query=Embutidos%20y%20precocinados%20Toledano%2C%20C.%20Ba%C3%B1os%20de%20la%20Encina%2C%203%2C%2023009%20Ja%C3%A9n%2C%20Espa%C3%B1a&query_place_id=ChIJofGRUfrWbQ0RpAgUq09c3XU,37.79876,-3.79124,,,sí,ecommerce,,5568,es,,,,,,es,andalucia,jaen
martinez-premium,Martínez Premium,Jaén,Carne,"Jamones Martínez, deshuesados curados gran rendimiento, Jamón cruzado con Duroc, Productos Ibéricos","C. Huelma, 46, 23009 Jaén, España","Martínez Premium produce jamones y embutidos con una tradición familiar de más de 60 años en el sector porcino. La elaboración y curación se realizan en el valle de los Pedroches, mientras que la sede central y el centro logístico están en Jaén.",Consultar web o venta directa,+34953281472,comercial@martinezpremium.com,https://martinezpremium.com/,,https://www.instagram.com/martinezpremium/,https://www.google.com/maps/search/?api=1&query=Mart%C3%ADnez%20Premium%2C%20C.%20Huelma%2C%2046%2C%2023009%20Ja%C3%A9n%2C%20Espa%C3%B1a&query_place_id=ChIJP23FbfjWbQ0RPUM94k7-VI4,37.799757061921,-3.7849107430662,,,no comprobado,,,8403,es,,,,,,es,andalucia,jaen
confiteria-barranco,Confitería Barranco,Jaén,Pan y cereal,"Magdalenas de aceite de oliva virgen y cacao, Magdalenas de aceite de oliva virgen sin lactosa","C. San Clemente, 38, 23004 Jaén, España","Confitería Barranco fue fundada en 1936 y mantiene en Jaén cuatro generaciones de elaboración artesanal. Produce magdalenas con aceite de oliva virgen, incluidas referencias con cacao y sin lactosa.",Consultar web o venta directa,+34953241334,confiteriabarranco@gmail.com,,https://www.facebook.com/ConfiteriaBarranco/,,https://www.google.com/maps/search/?api=1&query=Confiter%C3%ADa%20Barranco%2C%20C.%20San%20Clemente%2C%2038%2C%2023004%20Ja%C3%A9n%2C%20Espa%C3%B1a&query_place_id=ChIJWQ9DV3PXbQ0RY3mKVvv61bY,37.7686565,-3.7894881,,pendiente,no comprobado,,,4153,es,,,,,,es,andalucia,jaen
family-biscuits,Family Biscuits,Jaén,Pan y cereal,María del Sur Canela - Family Biscuits,"Carr. de Madrid, Jaén, España",En Family Biscuits nuestro objetivo es concentrar la mejor tradición milenaria repostera Andaluza en nuestros productos para llevarlos al resto del mundo.,Consultar web o venta directa,+34607310485,contacto@familybiscuits.com,https://familybiscuits.com/,,https://www.instagram.com/family_biscuits_/,https://www.google.com/maps/search/?api=1&query=Family%20Biscuits%2C%20Carr.%20de%20Madrid%2C%20Ja%C3%A9n%2C%20Espa%C3%B1a&query_place_id=Eh1DYXJyLiBkZSBNYWRyaWQsIEphw6luLCBTcGFpbiIuKiwKFAoSCaFcDQxN1m0NEd73OiiaySa7EhQKEgnHAlPLE9dtDRECV0CLhSz7nA,37.794927497984,-3.7797897365689,/productores/es/andalucia/jaen/family-biscuits.webp,,sí,ecommerce,,5768,es,,,,,,es,andalucia,jaen
la-cremeria-de-jaen,La Cremería de Jaén,Jaén,Helados,Helados artesanos La Cremería de Jaén,"P.º de la Estación, 35, 23007 Jaén, España",Creamos Experiencias Heladas. Espacio dedicado a la Cultura del Helado Artesano y del Café.,Consultar web o venta directa,+34626523023,lacremeriajaen35@gmail.com,,,,https://www.google.com/maps/search/?api=1&query=La%20Cremer%C3%ADa%20de%20Ja%C3%A9n%2C%20P.%C2%BA%20de%20la%20Estaci%C3%B3n%2C%2035%2C%2023007%20Ja%C3%A9n%2C%20Espa%C3%B1a&query_place_id=ChIJR3djsg7XbQ0RmMczjuN-U40,37.77536,-3.78931,,pendiente,no comprobado,,,7634,es,,,,,,es,andalucia,jaen
obrador-la-panaderia,Obrador la Panadería,Jaén,Pan y cereal,"Pan Obrador La Panadería, Pasteles Obrador La Panadería","C. Miguel Castillejo, 6c, 23009 Jaén, España","Obrador familiar de Jaén especializado en pan artesano ecológico, bollería y pastelería elaborados con fermentaciones y materias primas cuidadas.",Consultar web o venta directa,+34659429604,hola@obradorlapanaderia.com,https://www.obradorlapanaderia.es/,,,https://www.google.com/maps/search/?api=1&query=Obrador%20la%20Panader%C3%ADa%2C%20C.%20Miguel%20Castillejo%2C%206c%2C%2023009%20Ja%C3%A9n%2C%20Espa%C3%B1a&query_place_id=ChIJLSJCLgbXbQ0R3wwNw7HKg0U,37.7805131,-3.7870941,/productores/es/andalucia/jaen/obrador-la-panaderia.webp,,no comprobado,,,9154,es,,,,,,es,andalucia,jaen
panificadora-bigopan,Panificadora Bigopan,Jaén,Pan y cereal,"Pan, bollería, tartas y piononos Bigopan","C. Mancha Real, 10, 23009 Jaén, España","Panadería y pastelería familiar fundada en Jaén en 1994, con obrador propio y una red de establecimientos El Paraíso; está especializada en pan, bollería y tartas.",Consultar web o venta directa,+34953101161,administracion@bigopan.com,https://www.bigopan.com/,,https://www.instagram.com/bigopan_jaen/,https://www.google.com/maps/search/?api=1&query=Panificadora%20Bigopan%2C%20C.%20Mancha%20Real%2C%2010%2C%2023009%20Ja%C3%A9n%2C%20Espa%C3%B1a&query_place_id=ChIJX4hy2FnWbQ0Rr1uFc54_m44,37.8013516,-3.7807869,,,sí,ecommerce,,9708,es,,,,,,es,andalucia,jaen
salinas-don-diego,Salinas Don Diego,Jaén,Condimentos,"Sal líquida de manantial, Sal de manantial virgen, Pétalos de Flor de Sal de Manantial","A-44, España","Empresa familiar que recupera en las salinas de interior de Jaén métodos tradicionales para producir sal de manantial virgen, flor de sal y sal líquida ecológica.",Consultar web o venta directa,+34661671019,info@salinasdondiego.com,https://www.salinasdondiego.com,,,https://www.google.com/maps/search/?api=1&query=Salinas%20Don%20Diego%2C%20A-44%2C%20Espa%C3%B1a&query_place_id=EgtBLTQ0LCBTcGFpbiIuKiwKFAoSCZkKGoQ8kXENEc5qelbSTXobEhQKEgnHAlPLE9dtDRECV0CLhSz7nA,37.777456880722,-3.896517,/productores/es/andalucia/jaen/salinas-don-diego.webp,,no comprobado,,,11338,es,,,,,,es,andalucia,jaen
ajos-el-nene-jamilena,Ajos El Nene,Jamilena,Fruta y verdura,"Ajo blanco, castaño, morado y pelado en distintos formatos","C. Jacinto Benavente, 12, 23658 Jamilena, Jaén, España","Empresa de Jamilena fundada en 2016 que clasifica, envasa y distribuye ajos frescos para profesionales y consumidores en todo el territorio nacional.",Consultar web o venta directa,+34654657025,ajosycebollaselnene@hotmail.com,https://ajoselnene.com/,,,https://www.google.com/maps/search/?api=1&query=Ajos%20El%20Nene%2C%20C.%20Jacinto%20Benavente%2C%2012%2C%2023658%20Jamilena%2C%20Ja%C3%A9n%2C%20Espa%C3%B1a&query_place_id=ChIJrTHo__vPbQ0RHyfjAH8e4oc,37.749591053456,-3.9113970870235,/productores/es/andalucia/jaen/ajos-el-nene-jamilena.webp,,sí,email|telefono,,539,es,,,,,,es,andalucia,jaen
oro-de-canava-jimena,Oro de Cánava,Jimena,Aceite,"AOVE Oro de Cánava cosecha temprana, AOVE Oro de Cánava","Carr. Mancha Real a Cazorla, 23537, Jaén, España",,Consultar web o venta directa,+34953357437,info@orodecanava.com,https://www.orodecanava.com/es/oro-de-canava,,https://www.instagram.com/orodecanava/,https://www.google.com/maps/search/?api=1&query=Oro%20de%20C%C3%A1nava%2C%20Carr.%20Mancha%20Real%20a%20Cazorla%2C%2023537%2C%20Ja%C3%A9n%2C%20Espa%C3%B1a&query_place_id=ChIJV2ln8Itdbg0R49fJ3OccF5o,37.91730881297,-3.5625601337486,,,sí,ecommerce,,9325,,,,,,,es,andalucia,jaen
casa-perillo-jodar,Casa Perillo,Jódar,Aperitivos,Patatas Fritas Casa Perillo,"C. Joaquín Galván, 72, 23500 Jódar, Jaén, España",Fabricante de patatas fritas artesanas y snacks,,+34633532594,pedromartso@gmail.com,,,,https://www.google.com/maps/search/?api=1&query=Casa%20Perillo%2C%20C.%20Joaqu%C3%ADn%20Galv%C3%A1n%2C%2072%2C%2023500%20J%C3%B3dar%2C%20Ja%C3%A9n%2C%20Espa%C3%B1a&query_place_id=ChIJOwm5Uxlcbg0R0XnDApkD9ag,37.84051700000001,-3.3544297,,pendiente,sí,marketplace,,3428,es,,,,https://www.mercamayor.es/shop/csaperillo,,es,andalucia,jaen
casa-bigote-jodar,Casa Bigote,Jódar,Carne,"PICADILLO DE CHORIZO, CHORIZO FRESCO, MORCILLA DE CEBOLLA CASERA, EMBUTIDO COCIDO DE CARNE (BUTIFARRA)","C. José Beltrán, 31, 23500 Jódar, Jaén, España","Casa Bigote es una empresa familiar de Jódar que mantiene desde hace dos generaciones la elaboración de embutidos artesanos. Produce chorizo, morcilla y embutido cocido de carne con recetas familiares, especias naturales y sin conservantes artificiales.",Tienda online; envíos a toda España,+34675738449,juanmajodar@gmail.com,https://casabigote.jimdofree.com/,,,https://www.google.com/maps/search/?api=1&query=Casa%20Bigote%2C%20C.%20Jos%C3%A9%20Beltr%C3%A1n%2C%2031%2C%2023500%20J%C3%B3dar%2C%20Ja%C3%A9n%2C%20Espa%C3%B1a&query_place_id=ChIJJQtwVhxcbg0RdXbBbCG167I,37.8431121,-3.3516044,,,sí,ecommerce,,3380,es,,,,,,es,andalucia,jaen
panaderia-y-pasteleria-benitez-jodar,Panadería y Pastelería Benítez,Jódar,Pan y cereal,Pan y dulces Panadería Benítez,"C. Juan Martín, 68, 23500 Jódar, Jaén, España",Nuestra panadería y pastelería artesana en Jódar (Jaén) es el reflejo de la tradición y el buen hacer transmitido de generación en generación. Elaboramos a diario pan artesanal y productos de pastelería utilizando ingredientes de primera calidad y respetando los procesos tradicionales que garantizan el auténtico sabor de siempre.,Consultar web o venta directa,+34687579807,benitespyp@gmail.com,,https://www.facebook.com/pypbenitez/,,https://www.google.com/maps/search/?api=1&query=Panader%C3%ADa%20y%20Pasteler%C3%ADa%20Ben%C3%ADtez%2C%20C.%20Juan%20Mart%C3%ADn%2C%2068%2C%2023500%20J%C3%B3dar%2C%20Ja%C3%A9n%2C%20Espa%C3%B1a&query_place_id=ChIJkTB1b6debg0R8owPQittdUY,37.84685899999999,-3.3522801,,,no comprobado,,,9681,es,,,,,,es,andalucia,jaen
productos-la-real-carolina-la-carolina,Productos La Real Carolina,La Carolina,Carne,"Cigarrillos de Morcilla, Caramelitos de paté, Cremoso de queso con salmón Productos la Real Carolina, Paté de morcilla","C. Francia, 23200 La Carolina, Jaén, España","Productos La Real Carolina elabora en La Carolina recetas y productos cárnicos vinculados a la gastronomía jiennense, como paté de perdiz, paté de morcilla, elaborados de ciervo y confituras. Sus instalaciones combinan procesos artesanales y tecnología de producción.",Consultar web o venta directa,+34953680261,comercial.andalucia@realcarolina.es,https://www.realcarolina.es,,https://www.instagram.com/realcarolinagourmet/,https://www.google.com/maps/search/?api=1&query=Productos%20La%20Real%20Carolina%2C%20C.%20Francia%2C%2023200%20La%20Carolina%2C%20Ja%C3%A9n%2C%20Espa%C3%B1a&query_place_id=ChIJtWyYWJWibg0RaNUraglGe9A,38.2819975,-3.6007423,/productores/es/andalucia/jaen/productos-la-real-carolina-la-carolina.webp,,sí,ecommerce,,10318,es,,,,,,es,andalucia,jaen
tierras-de-tavara-la-puerta-de-segura,Tierras de Tavara,La Puerta de Segura,Aceite,"Aceite de oliva virgen extra Premium Recolección Temprana Tierras de Tavara, Aceite de oliva virgen extra Selección Tierras de Tavara, Aceite de oliva virgen extra Ecológico Tierras de Tavara","A-310, La Puerta de Segura, Jaén, España","Tierras de Tavara es una empresa familiar de La Puerta de Segura que controla la elaboración del aceite desde la plantación de olivos hasta el envasado y la comercialización. Trabaja con la finca Los Barrancos y ofrece aceites de oliva virgen extra, ecológicos y productos gourmet.",Consultar web o venta directa,+34953487173,contacto@oleofer.com,https://www.tierrasdetavara.com/,,https://www.instagram.com/tierrasdetavara_aove/,https://www.google.com/maps/search/?api=1&query=Tierras%20de%20Tavara%2C%20A-310%2C%20La%20Puerta%20de%20Segura%2C%20Ja%C3%A9n%2C%20Espa%C3%B1a&query_place_id=EihBLTMxMCwgTGEgUHVlcnRhIGRlIFNlZ3VyYSwgSmHDqW4sIFNwYWluIi4qLAoUChIJATdl_mFDbw0Rei5kCNwY-PESFAoSCVEaL5IgQW8NEaUM-uDNJMl-,38.3605611156,-2.7469221914428,/productores/es/andalucia/jaen/tierras-de-tavara-la-puerta-de-segura.webp,,sí,marketplace,,11834,es,,,,,,es,andalucia,jaen
miel-oro-del-yelmo-la-puerta-de-segura,Miel Oro del Yelmo,La Puerta de Segura,Miel,"Polen de Oro del Yelmo, Miel mil flores Oro del Yelmo, Miel de tomillo","Calle Dr Martinez Ruiz, 5, 23360 La Puerta de Segura, Jaén, España","Miel Oro del Yelmo es una pequeña empresa dedicada a cosechar y envasar productos naturales propios, envasados en formatos gourmet",Consultar web o venta directa,+34651969461,orodelyelmo@gmail.com,https://orodelyelmo.es/,https://www.facebook.com/orodelyelmo/,https://www.instagram.com/orodelyelmo_/,https://www.google.com/maps/search/?api=1&query=Miel%20Oro%20del%20Yelmo%2C%20Calle%20Dr%20Martinez%20Ruiz%2C%205%2C%2023360%20La%20Puerta%20de%20Segura%2C%20Ja%C3%A9n%2C%20Espa%C3%B1a&query_place_id=ChIJbQDCkCBBbw0RoCcR5nGNCIM,38.3514735,-2.7373489,/productores/es/andalucia/jaen/miel-oro-del-yelmo-la-puerta-de-segura.webp,,sí,ecommerce,,8783,es,,,,,,es,andalucia,jaen
aceite-diego-angulo-villanueva-de-la-reina,Aceite Diego Angulo,Villanueva de la Reina,Aceite,Aceite de oliva virgen extra premium Diego Angulo,"Fincas Cerro Palomino y Artesones, Villanueva de la Reina, Jaén","Proyecto familiar que cultiva unos 1.500 olivos picuales en las fincas Cerro Palomino y Artesones, en Villanueva de la Reina, para elaborar AOVE premium de cosecha temprana.",Consultar web o venta directa,+34690915616,info@aceitediegoangulo.com,https://aceitediegoangulo.com/,,,,38.02961,-3.90906,/productores/es/andalucia/jaen/aceite-diego-angulo-villanueva-de-la-reina.webp,,no,,,105,es,,,,,,es,andalucia,jaen
s-c-a-santa-clara-lahiguera,S.C.A. Santa Clara,Lahiguera,Aceite,"AOVE OCTUBRE 5 LITROS PICUAL, ECOLOGICO COSECHA TEMPRANA, AOVE OCTUBRE 2 LITROS PICUAL, AOVE NOVIEMBRE 5 LITROS PICUAL","Av. Sebastian Fuentes, 12, 23746 Lahiguera, Jaén, España","En Cooperativa Santa Clara destacamos por ofrecer aceites de Oliva Virgen Extra de alta calidad en Lahiguera. Contamos con especialistas en el sector, los cuales se pondrán a disposición de sus necesidades y atenderán cualquier duda sobre nuestros productos y servicios.",Consultar web o venta directa,+34953350005,administracion@alcuzasantaclara.com,https://alcuzasantaclara.com/,,https://www.instagram.com/alcuza_santaclara/,https://www.google.com/maps/search/?api=1&query=S.C.A.%20Santa%20Clara%2C%20Av.%20Sebastian%20Fuentes%2C%2012%2C%2023746%20Lahiguera%2C%20Ja%C3%A9n%2C%20Espa%C3%B1a&query_place_id=ChIJiXhkgIozbA0R1IMi7w1Qy0A,37.97173,-3.98761,/productores/es/andalucia/jaen/s-c-a-santa-clara-lahiguera.webp,,sí,ecommerce,,11245,es,,,,,,es,andalucia,jaen
gourmet-cazorla-linares,Gourmet Cazorla,Linares,Carne,"Paté de Secreto Ibérico, Morcilla de Caldera, Salsa brava Gourmet Cazorla, Paté Ibérico Picante","Pl. los Rubiales, 23700, Jaén, España","Gourmet Cazorla, de Linares, elabora conservas y productos cárnicos inspirados en la cocina tradicional de la comarca de Cazorla. Su catálogo incluye patés, morcilla de caldera y salsas en conserva.",Consultar web o venta directa,+34953717080,info@gourmetcazorla.com,https://www.gourmetcazorla.es,,https://www.instagram.com/gourmetcazorla/,https://www.google.com/maps/search/?api=1&query=Gourmet%20Cazorla%2C%20Pl.%20los%20Rubiales%2C%2023700%2C%20Ja%C3%A9n%2C%20Espa%C3%B1a&query_place_id=ChIJVTyiaauEbg0RYU9vzGtN-q8,38.008932,-3.65788,/productores/es/andalucia/jaen/gourmet-cazorla-linares.webp,,sí,ecommerce,,6508,es,,,,,,es,andalucia,jaen
churro-facil-linares,Churro Fácil,Linares,Dulces y repostería,"Kit de Churros en casa, KIT CHURROS EN CASA SIN GLUTEN","C. Mina la Graciosa, 23700, Jaén, España","Churro Fácil es una empresa asociada a Churrería La Parada, con más de 30 años de actividad en Linares. Desarrolla y suministra masa para churros que se prepara añadiendo agua y amasando durante dos minutos.",Consultar web o venta directa,+34953693688,gerencia@churrofacil.com,https://www.churrofacil.com/,,https://instagram.com/churrofacil/,https://www.google.com/maps/search/?api=1&query=Churro%20F%C3%A1cil%2C%20C.%20Mina%20la%20Graciosa%2C%2023700%2C%20Ja%C3%A9n%2C%20Espa%C3%B1a&query_place_id=ChIJ1fdlOVWbbg0RUmhj1u6QeH8,38.093345601731,-3.6575225311911,/productores/es/andalucia/jaen/churro-facil-linares.webp,,sí,ecommerce,,4052,es,,,,,,es,andalucia,jaen
panaderia-medina-linares,Panadería Medina,Linares,Pan y cereal,Pan artesanal - Panadería Medina,"C. Joaquín Ruano, 23700 Linares, Jaén, España",Panadería artesana de Linares con obrador de pan diario y especialidades dulces tradicionales.,Consultar web o venta directa,+34953693525,martitoby@yahoo.es,,https://www.facebook.com/Panaderia.Cristobal.Medina/,https://www.instagram.com/panaderia_medina/,https://www.google.com/maps/search/?api=1&query=Panader%C3%ADa%20Medina%2C%20C.%20Joaqu%C3%ADn%20Ruano%2C%2023700%20Linares%2C%20Ja%C3%A9n%2C%20Espa%C3%B1a&query_place_id=ChIJdS9VQDKbbg0RxM-qzOTe05Q,38.0954334,-3.6334732,,,no comprobado,,,9588,es,,,,,,es,andalucia,jaen
panaderia-y-bolleria-ortega-linares,Panadería y Bollería Ortega,Linares,Pan y cereal,"Pan Íbero, Barra Linarense","C. Fuente Ayala, 6, 23700 Linares, Jaén, España","Panadería y Bollería Ortega elabora en Linares pan, bollería, tartas, pasteles, productos salados y empanadas. Entre sus referencias están la Barra Linarense y el Pan Íbero, preparado con masa madre.",Consultar web o venta directa,+34953602691,panaderiaortega@hotmail.com,https://www.panaderiabolleriaortega.com/,,,https://www.google.com/maps/search/?api=1&query=Panader%C3%ADa%20y%20Boller%C3%ADa%20Ortega%2C%20C.%20Fuente%20Ayala%2C%206%2C%2023700%20Linares%2C%20Ja%C3%A9n%2C%20Espa%C3%B1a&query_place_id=ChIJ69G7qMuEbg0RzJCvOJaAT74,38.088799323294,-3.6389908465319,/productores/es/andalucia/jaen/panaderia-y-bolleria-ortega-linares.webp,,no,,,9678,es,,,,,,es,andalucia,jaen
pasteleria-excelsior-linares,Pastelería Excelsior,Linares,Pan y cereal,Chachepó,"Av. de Andalucía, 2, 23700 Linares, Jaén, España",Pastelería Excelsior es una empresa familiar de Linares que elabora la mayor parte de sus productos y produce el dulce típico Chachepó. También prepara tostadas de jamón y queso y desarrolla nuevas referencias de pastelería y bebidas.,Consultar web o venta directa,+34695452926,nazaret.moris@gmail.com,,,https://www.instagram.com/chachepo_dulcetipicolinares/,https://www.google.com/maps/search/?api=1&query=Pasteler%C3%ADa%20Excelsior%2C%20Av.%20de%20Andaluc%C3%ADa%2C%202%2C%2023700%20Linares%2C%20Ja%C3%A9n%2C%20Espa%C3%B1a&query_place_id=ChIJ6Q_ulDSbbg0RTnn9DzQirSk,38.093259557701,-3.6373624717049,,,no comprobado,,,9804,es,,,,,,es,andalucia,jaen
aceites-monva-mancha-real,Aceites Monva,Mancha Real,Aceite,"Aceite de oliva virgen extra Valle Mágina, Aceite de oliva virgen extra Dominus Cosecha Familiar, Aceite de oliva virgen extra Dominus cosecha temprana","Ctra. Jaén, 23100, Jaén, España","Montabes Vañó, S.L. - Monva, es una empresa familiar que elabora y envasa Aceite de Oliva Virgen Extra de Cosecha Propia y con Denominación de Origen, en las estribaciones del Parque Natural de Sierra Mágina, Jaén y certificada bajo las normas de Calidad ISO 9001, ISO 14001 e IFS entre otras.",Consultar web o venta directa,+34915351232,info@monva.es,https://www.monva.es/,,https://www.instagram.com/dominus_aove/,https://www.google.com/maps/search/?api=1&query=Aceites%20Monva%2C%20Ctra.%20Ja%C3%A9n%2C%2023100%2C%20Ja%C3%A9n%2C%20Espa%C3%B1a&query_place_id=ChIJRZLiH7F7bg0R4cW56Dsnij8,37.861096264993,-3.6143000042077,/productores/es/andalucia/jaen/aceites-monva-mancha-real.webp,,sí,marketplace,,192,es,,,,,,es,andalucia,jaen
pintarre-bio-mancha-real,Pintarré Bio,Mancha Real,Aceite,"Aceite de oliva virgen extra Pintarré Nido, Aceite de oliva virgen extra Pintarré verde, Chocolate bio Pintarré, Miel Pintarré","C. América, 8, 23100 Mancha Real, Jaén, España","Pintarré Bio, productos ecológicos (AOVE, Chocolate, etc)",Consultar web o venta directa,+34607548295,pintarre@campoantano.com,https://www.campoantano.com/,,https://www.instagram.com/pintarrebio/,https://www.google.com/maps/search/?api=1&query=Pintarr%C3%A9%20Bio%2C%20C.%20Am%C3%A9rica%2C%208%2C%2023100%20Mancha%20Real%2C%20Ja%C3%A9n%2C%20Espa%C3%B1a&query_place_id=ChIJFeXvrO16bg0RKIf9QzGVpII,37.778203990932,-3.6091945446932,/productores/es/andalucia/jaen/pintarre-bio-mancha-real.webp,,sí,ecommerce,,10208,es,,,,,,es,andalucia,jaen
la-cantona-aceite-de-oliva-tradicional-marmolejo,La Cantona Aceite de Oliva Tradicional,Marmolejo,Aceite,"Mermelada (Jalea) de Aceite de Oliva Virgen Extra Picual Ecológico, Mermelada (Jalea) de Aceite de Oliva Virgen Extra Frantoio","C. San Juan, 2, 23770 Marmolejo, Jaén, España",La Cantona elabora en Marmolejo mermeladas o jaleas a partir de aceite de oliva virgen extra ecológico. Su catálogo incluye referencias de aceite picual y frantoio.,Consultar web o venta directa,+34603015873,cantonaolive@gmail.com,https://lacantona.com/,,,https://www.google.com/maps/search/?api=1&query=La%20Cantona%20Aceite%20de%20Oliva%20Tradicional%2C%20C.%20San%20Juan%2C%202%2C%2023770%20Marmolejo%2C%20Ja%C3%A9n%2C%20Espa%C3%B1a&query_place_id=ChIJtd_J4WlObA0R0MM5le26sI8,38.00920869999999,-4.2066193,/productores/es/andalucia/jaen/la-cantona-aceite-de-oliva-tradicional-marmolejo.webp,,sí,ecommerce,,7585,es,,,,,,es,andalucia,jaen
patatas-fritas-el-artesano-de-martos-martos,Patatas Fritas «El Artesano» de Martos,Martos,Aperitivos,"Alemendras fritas, Pistachos, Ruedas de patata mini, Almendras tostadas","Polígono Industrial Cañada de la Fuente, C. Vilches, 32, 23600 Martos, Jaén, España","Patatas Fritas El Artesano de Martos prepara patatas fritas, frutos secos y aperitivos. Entre sus productos figuran almendras fritas y tostadas, pistachos y ruedas de patata mini.",Consultar web o venta directa,+34953702878,info@elartesanodemartos.com,https://elartesanodemartos.com/,,https://www.instagram.com/elartesanodemartos/,https://www.google.com/maps/search/?api=1&query=Patatas%20Fritas%20%C2%ABEl%20Artesano%C2%BB%20de%20Martos%2C%20Pol%C3%ADgono%20Industrial%20Ca%C3%B1ada%20de%20la%20Fuente%2C%20C.%20Vilches%2C%2032%2C%2023600%20Martos%2C%20Ja%C3%A9n%2C%20Espa%C3%B1a&query_place_id=ChIJydpy1sXFbQ0RhUSIiNND_Qk,37.7003353,-3.9710671,/productores/es/andalucia/jaen/patatas-fritas-el-artesano-de-martos-martos.webp,,sí,ecommerce,,10058,es,,,,,,es,andalucia,jaen
gonver-martos,Gonver,Martos,Pan y cereal,"Pan artesano, milhojas, pasteles y elaboraciones sin gluten","23600 Martos, Jaén, España","En Panadería y pastelería Gonver somos la tercera generación de panaderos y pasteleros cuyos orígenes se remontan al año 1972. Nos esforzamos cada madrugada para hacer unos panes saludables, de calidad y unos pasteles naturales, con las mejores materias primas. Nuestro compromiso: hacerte feliz mientras disfrutas de nuestros productos. Disponemos de productos SIN GLUTEN.",Consultar web o venta directa,+34953570063,info@panaderiapasteleriagonver.es,https://panaderiapasteleriagonver.es,,https://www.instagram.com/panaderiapasteleriagonver/,https://www.google.com/maps/search/?api=1&query=Gonver%2C%2023600%20Martos%2C%20Ja%C3%A9n%2C%20Espa%C3%B1a&query_place_id=ChIJWcx5i8DFbQ0RBI2GRQLYhZE,37.7182399,-3.9699874,/productores/es/andalucia/jaen/gonver-martos.webp,,no comprobado,,,6496,es,,,,,,es,andalucia,jaen
pasteleria-principe-martos,Pastelería Principe,Martos,Pan y cereal,"Magdalenas, Ochíos","Av. Príncipe Felipe, 38, 23600 Martos, Jaén, España","Pastelería Príncipe elabora en Martos productos de panadería y pastelería, entre ellos magdalenas y ochíos. La empresa mantiene una trayectoria familiar ligada a la elaboración artesanal.",Consultar web o venta directa,+34953553919,maxiserrano40@gmail.com,,,,https://www.google.com/maps/search/?api=1&query=Pasteler%C3%ADa%20Principe%2C%20Av.%20Pr%C3%ADncipe%20Felipe%2C%2038%2C%2023600%20Martos%2C%20Ja%C3%A9n%2C%20Espa%C3%B1a&query_place_id=ChIJWyir58DFbQ0R8LkNKyHOimA,37.7170472,-3.9694837,,pendiente,no comprobado,,,9869,es,,,,,,es,andalucia,jaen
biopostres-montizon,Biopostres,Montizón,Pan y cereal,"Galletas de almendra BIO con AOVE, Rosquillas de Avena BIO con semillas y AOVE, Galletas de Espelta BIO con Cúrcuma y AOVE, Cookies de Trigo","23267 Aldeahermosa, Jaén, España","Biopostres es una empresa familiar de Montizón dedicada a la elaboración de repostería ecológica. Produce galletas y rosquillas BIO de almendra, avena y espelta, además de referencias con AOVE y semillas.",Consultar web o venta directa,+34619873996,info@biopostres.com,https://www.biopostres.com,https://www.facebook.com/biopostres/,https://www.instagram.com/biopostres_sl/,https://www.google.com/maps/search/?api=1&query=Biopostres%2C%2023267%20Aldeahermosa%2C%20Ja%C3%A9n%2C%20Espa%C3%B1a&query_place_id=ChIJebKqBRDfbg0RtwjeLhLJt3o,38.325925,-3.133213,/productores/es/andalucia/jaen/biopostres-montizon.webp,,sí,ecommerce,,1231,es,,,,,,es,andalucia,jaen
stevia-del-condado-santisteban-del-puerto,Stevia del Condado,Santisteban del Puerto,Condimentos,"Stevia rebaudiana BIO, infusiones y tés BIO, moringa y formatos a granel","Pol. Ind. El Condado, C. Vilches, 6, 23250 Santisteban del Puerto, Jaén","Industria Agroalimentaria del Condado Jaén produce, envasa y comercializa stevia, infusiones y otros productos vegetales BIO desde sus instalaciones de Santisteban del Puerto.","Lunes a sábado, 08:00-20:00",+34953401605,atencionalcliente@steviadelcondado.com,https://www.steviadelcondado.com/,,https://www.instagram.com/stevia_del_condado/,,38.249000,-3.204960,/productores/es/andalucia/jaen/stevia-del-condado-santisteban-del-puerto.webp,,sí,email|telefono,,11704,es,,,,,,es,andalucia,jaen
pasteleria-pascuala-navas-de-san-juan,Pastelería Pascuala,Navas de San Juan,Pan y cereal,Dulces y panadería,"23240 Navas de San Juan, Jaén, España",Pastelería Pascuala mantiene en Navas de San Juan una tradición de elaboración de dulces y productos de panadería. La empresa trabaja referencias de repostería ligadas a su trayectoria familiar.,Consultar web o venta directa,+34953689067,info@pasteleriapascuala.es,https://pasteleriapascuala.es/,,,https://www.google.com/maps/search/?api=1&query=Pasteler%C3%ADa%20Pascuala%2C%2023240%20Navas%20de%20San%20Juan%2C%20Ja%C3%A9n%2C%20Espa%C3%B1a&query_place_id=ChIJtYC5IMvubg0R0ami9CCSn2Q,38.187268,-3.3164409999999,,pendiente,sí,ecommerce,,9865,es,,,,,,es,andalucia,jaen
potosi-10-orcera,Potosí 10,Orcera,Aceite,"AOVE Fuenroble Picual frasca 500ml Cosecha Temprana Campaña 24/25, AOVE Fuenroble Picual PET 2 Lt, AOVE Fuenroble Picual lata 3lt, AOVE Fuenroble Picual frasca 250ml Cosecha Temprana Campaña 24/25","Calle Carr. de Hornos, 23293, Jaén, España","Potosí 10 elabora en Orcera el AOVE Fuenroble Picual en formatos de frasca, botella PET y lata, con referencias de cosecha temprana. La empresa trabaja con aceite de oliva virgen extra de la variedad picual.",Consultar web o venta directa,+34626811528,marketing@potosi10.com,https://potosi10.com/potosi-10-aove-de-jaen/,,https://www.instagram.com/potosi.10_fuenroble/,https://www.google.com/maps/search/?api=1&query=Potos%C3%AD%2010%2C%20Calle%20Carr.%20de%20Hornos%2C%2023293%2C%20Ja%C3%A9n%2C%20Espa%C3%B1a&query_place_id=ChIJadTfu01qbw0Rz8juVqphNpM,38.31645,-2.67157,/productores/es/andalucia/jaen/potosi-10-orcera.webp,,sí,ecommerce,,10269,es,,,,,,es,andalucia,jaen
sca-encarnacion-peal-de-becerro,SCA Encarnación,Peal de Becerro,Aceite,"Esencial Picual Ecológico AOVE D.O.P. Temprano, Aceite de Oliva Virgen Extra ""Castillo de Toya"", LEGADO DE SIERRA AOVE D.O.P.","A-315, Peal de Becerro, Jaén, España","La SCA Encarnación, de Peal de Becerro, produce aceite de oliva virgen extra picual, ecológico y amparado por la DOP. Su catálogo incluye Esencial Picual, Castillo de Toya y Legado de Sierra.",Tienda online; envío gratis a Península desde 10 €,+34953730109,info@scaencarnacion.es,https://scaencarnacion.es/,,https://www.instagram.com/scaencarnacion/,https://www.google.com/maps/search/?api=1&query=SCA%20Encarnaci%C3%B3n%2C%20A-315%2C%20Peal%20de%20Becerro%2C%20Ja%C3%A9n%2C%20Espa%C3%B1a&query_place_id=EiRBLTMxNSwgUGVhbCBkZSBCZWNlcnJvLCBKYcOpbiwgU3BhaW4iLiosChQKEglTi0F7iVRuDREfgMKr7J-3yBIUChIJW9_K4BRVbg0RyfO8RuV6Jq4,37.919486565261,-3.1323695565394,/productores/es/andalucia/jaen/sca-encarnacion-peal-de-becerro.webp,,sí,ecommerce,,11432,es,,,,,,es,andalucia,jaen
verde-ibero-peal-de-becerro,Verde Íbero,Peal de Becerro,Aceite,Verde Íbero Aceite de oliva virgen extra Primer día de cosecha,"23460 Peal de Becerro, Jaén, España",Verde Íbero trabaja en Peal de Becerro con una microalmazara que procesa por separado la aceituna de cada cliente y puede molturar hasta 2.000 kilos por hora. También elabora su propio AOVE de cosecha temprana y ofrece asesoramiento sobre envasado y marcas.,Consultar web o venta directa,+34675129951,info@verdeibero.com,https://verdeibero.com/,,https://www.instagram.com/verdeibero_aove/,https://www.google.com/maps/search/?api=1&query=Verde%20%C3%8Dbero%2C%2023460%20Peal%20de%20Becerro%2C%20Ja%C3%A9n%2C%20Espa%C3%B1a&query_place_id=ChIJW9_K4BRVbg0RyfO8RuV6Jq4,37.9132725,-3.1252777,/productores/es/andalucia/jaen/verde-ibero-peal-de-becerro.webp,,sí,ecommerce,,12109,es,,,,,,es,andalucia,jaen
pistachos-del-guadiana-peal-de-becerro,Pistachos del Guadiana,Peal de Becerro,Aperitivos,"Pistacho crudo, mondado, repelado y seleccionado","C. Artesania, 18, 23460 Peal de Becerro, Jaén, España","Producimos y comercializamos pistachos de cualidades exclusivas. Su sabor diferenciado, su especial textura y su elegante presencia son el resultado de un complejo proceso de selección realizado sobre los mas estrictos controles de calidad y que se extiende desde la recolección del fruto en el campo hasta su proceso de envasado.",Consultar web o venta directa,+34722174431,info@pistachosdelguadiana.es,https://pistachosdelguadiana.es/,,,https://www.google.com/maps/search/?api=1&query=Pistachos%20del%20Guadiana%2C%20C.%20Artesania%2C%2018%2C%2023460%20Peal%20de%20Becerro%2C%20Ja%C3%A9n%2C%20Espa%C3%B1a&query_place_id=ChIJH9UmlwtVbg0RAG5uaOzH6jA,37.91224,-3.13368,/productores/es/andalucia/jaen/pistachos-del-guadiana-peal-de-becerro.webp,,no comprobado,,,10220,es,,,,,,es,andalucia,jaen
embutidos-torrefrio-peal-de-becerro,Embutidos Torrefrío,Peal de Becerro,Carne,"Chorizo Embutidos Torrefrío, Morcilla de cebolla Embutidos Torrefrío, Salchichón, Butifarra blanca","C. Blas Infante, 23460 Peal de Becerro, Jaén, España","Embutidos Torrefrío elabora en Peal de Becerro chorizo, morcilla de cebolla, salchichón y butifarra blanca. La empresa trabaja productos cárnicos de elaboración tradicional.",Consultar web o venta directa,+34953731188,torrefrio@torrefrio.com,https://www.torrefrio.com/,https://www.facebook.com/torrefrio/,,https://www.google.com/maps/search/?api=1&query=Embutidos%20Torrefr%C3%ADo%2C%20C.%20Blas%20Infante%2C%2023460%20Peal%20de%20Becerro%2C%20Ja%C3%A9n%2C%20Espa%C3%B1a&query_place_id=ChIJtR0ChBJVbg0RoZlEmMf3tfw,37.912924018146,-3.1339533007164,/productores/es/andalucia/jaen/embutidos-torrefrio-peal-de-becerro.webp,,no,,,5540,es,,,,,,es,andalucia,jaen
hermanos-nieto-delgado-peal-de-becerro,Hermanos Nieto Delgado,Peal de Becerro,Carne,Carnes y embutidos,"C. del Cerrillo, 70, 23460 Peal de Becerro, Jaén, España","En Hermanos Nieto Delgado somos productores de carne fresca y embutidos, preparados cárnicos.",Consultar web o venta directa,+34953716064,jomanide@gmail.com,,,,https://www.google.com/maps/search/?api=1&query=Hermanos%20Nieto%20Delgado%2C%20C.%20del%20Cerrillo%2C%2070%2C%2023460%20Peal%20de%20Becerro%2C%20Ja%C3%A9n%2C%20Espa%C3%B1a&query_place_id=EjhDLiBkZWwgQ2VycmlsbG8sIDcwLCAyMzQ2MCBQZWFsIGRlIEJlY2Vycm8sIEphw6luLCBTcGFpbiIwEi4KFAoSCeWlCaUSVW4NEUb1KiqIz9_rEEYqFAoSCeWlCaUSVW4NEdOwaurc4yBk,37.9151301,-3.1275443,,pendiente,no comprobado,,,6797,es,,,,,,es,andalucia,jaen
el-horno-de-dulka-mara-peal-de-becerro,El horno de Dulka-Mara,Peal de Becerro,Pan y cereal,Tartas personalizadas - El horno de Dulka-Mara,"C. Dionisio Martín, 43, 23460 Peal de Becerro, Jaén, España",El horno de Dulka-Mara es una panadería y pastelería que elabora sus productos de manera artesana.,Consultar web o venta directa,+34625581485,elhornodedulkamara@yahoo.es,,https://www.facebook.com/p/Pasteleria-el-horno-de-dulka-mara-100063770881073/,,https://www.google.com/maps/search/?api=1&query=El%20horno%20de%20Dulka-Mara%2C%20C.%20Dionisio%20Mart%C3%ADn%2C%2043%2C%2023460%20Peal%20de%20Becerro%2C%20Ja%C3%A9n%2C%20Espa%C3%B1a&query_place_id=ChIJJSDpmhVVbg0R_1SBq6d4G-8,37.9129036,-3.1184755,,,no comprobado,,,5183,es,,,,,,es,andalucia,jaen
panaderia-y-pasteleria-la-plaza-peal-de-becerro,Panadería y pastelería La Plaza,Peal de Becerro,Pan y cereal,Dulces Panadería La Plaza,"Plaza Primero de Mayo, 16, 23460 Peal de Becerro, Jaén","Panadería familiar fundada en 1970 que elabora en Peal de Becerro pan de sierra, chapatas, roscos de baño, empanadillas y dulces tradicionales.","Lunes a viernes, 08:00-14:00 y 17:00-20:00",+34953730648,laplaza@panaderialaplaza.com,https://panaderialaplaza.com/,,,https://www.google.com/maps/search/?api=1&query=Panader%C3%ADa%20y%20pasteler%C3%ADa%20La%20Plaza%2C%2023460%20Peal%20de%20Becerro%2C%20Ja%C3%A9n%2C%20Espa%C3%B1a&query_place_id=ChIJW9_K4BRVbg0RyfO8RuV6Jq4,37.9123,-3.13234,/productores/es/andalucia/jaen/panaderia-y-pasteleria-la-plaza-peal-de-becerro.webp,,no,,,9682,es,,,,,,es,andalucia,jaen
llano-la-venta-peal-de-becerro,Llano la venta,Peal de Becerro,Fruta y verdura,Espárrago verde Llano la venta,"C. Espartería, 8, 23460 Peal de Becerro, Jaén, España","Llano la Venta es una empresa de reciente creación, que se dedica a la elaboración y venta de espárrago verde. La venta de espárrago directamente evita los intermediarios, pudiendo ofrecer un producto de más calidad y mejor precio, repercutiendo en mayores beneficios para el agricultor y el consumidor.",Consultar web o venta directa,+34646920997,fidelarco@llanolaventa.com,,,,,37.9114548,-3.1343181,,pendiente,no comprobado,,,8177,es,,,,,,es,andalucia,jaen
heladeria-artesanal-lalola-peal-de-becerro,Heladería artesanal «Lalola»,Peal de Becerro,Helados,"Bombón de coco - Helados artesanos ""Lalola""","Pl. del Ayuntamiento, 12, 23460 Peal de Becerro, Jaén, España",La heladería artesanal Lalola elabora helados en Peal de Becerro y ofrece referencias como el bombón de coco. Su actividad se centra en helados artesanos.,Consultar web o venta directa,+34646302778,DAVID25866@hotmail.com,,,,https://www.google.com/maps/search/?api=1&query=Helader%C3%ADa%20artesanal%20%C2%ABLalola%C2%BB%2C%20Pl.%20del%20Ayuntamiento%2C%2012%2C%2023460%20Peal%20de%20Becerro%2C%20Ja%C3%A9n%2C%20Espa%C3%B1a&query_place_id=ChIJIaB0fhNVbg0RyWG3M1r1eus,37.91363,-3.1229499999999,,pendiente,no comprobado,,,6712,es,,,,,,es,andalucia,jaen
sensolive-pozo-alcon,Sensolive,Pozo Alcón,Aceite,"Aceite de oliva virgen extra Picual Temprano Sensolive Premium, Aceite de oliva virgen extra Royal Temprano Sensolive Premium, Aceite de oliva virgen extra Sensolive","C. Juan Sebastián el Cano, 12, Pozo Alcón, Jaén, España","Nuestra historia se remonta desde hace 3 generaciones respectivamente, cuando nuestros ancestros comenzaron a morturar las aceitunas de nuestra tierra, en el Parque Natural de Sierra de Cazorla, siendo el segundo parque natural más grande de Europa el cual pertenece a la provincia de Jaén.",Consultar web o venta directa,+34693503516,info@sensolive.com,https://sensolive.com/,,https://www.instagram.com/aceitesensolive/,https://www.google.com/maps/search/?api=1&query=Sensolive%2C%20C.%20Juan%20Sebasti%C3%A1n%20el%20Cano%2C%2012%2C%20Pozo%20Alc%C3%B3n%2C%20Ja%C3%A9n%2C%20Espa%C3%B1a&query_place_id=EjlDLiBKdWFuIFNlYmFzdGnDoW4gZWwgQ2FubywgMTIsIFBvem8gQWxjw7NuLCBKYcOpbiwgU3BhaW4iMBIuChQKEgkPh9AfD7pvDREMY11srgFGXBAMKhQKEgkPh9AfD7pvDREupJ0xH3wk3Q,37.700851677185,-2.9312539114557,/productores/es/andalucia/jaen/sensolive-pozo-alcon.webp,,sí,ecommerce,,11485,es,,,,,,es,andalucia,jaen
apisierra-miel-y-chocolates-pozo-alcon,Apisierra Miel y Chocolates,Pozo Alcón,Miel,"Miel de mil flores, romero, azahar y encina; chocolates y mermeladas artesanas","Av. Jaén, 72, 23485 Pozo Alcón, Jaén, España","Obrador familiar de Pozo Alcón nacido de la actividad apícola de María José Gámez. Elabora mieles de la Sierra de Cazorla, chocolates, mermeladas y otros productos artesanos, y fue reconocido como Mejor Empresa Degusta Jaén 2025.",Tienda online; envío gratis a Península desde 60 €,+34628809020,apisierra@hotmail.com,https://apisierra.com/,,https://www.instagram.com/apisierramielychocolates/,https://www.google.com/maps/search/?api=1&query=Apisierra%20Miel%20y%20Chocolates%2C%20Av.%20Ja%C3%A9n%2C%2072%2C%2023485%20Pozo%20Alc%C3%B3n%2C%20Ja%C3%A9n%2C%20Espa%C3%B1a&query_place_id=ChIJvQ9kOKCwbw0RelWIQRwwJ_s,37.70738,-2.93935,/productores/es/andalucia/jaen/apisierra-miel-y-chocolates-pozo-alcon.webp,,sí,ecommerce,,863,es,,,,,,es,andalucia,jaen
productos-artesanos-confi-pozo-alcon,Productos Artesanos CONFI,Pozo Alcón,Pan y cereal,Tartas Personalizadas - Productos artesanos CONFI,"Av. Jaén, 3, 23486 Pozo Alcón, Jaén, España","Productos Artesanos CONFI elabora en Pozo Alcón productos de panadería y repostería, incluidas tartas personalizadas. La empresa trabaja encargos de pastelería artesanal.",Consultar web o venta directa,+34953738218,cafeteriaconfi@gmail.com,,,,https://www.google.com/maps/search/?api=1&query=Productos%20Artesanos%20CONFI%2C%20Av.%20Ja%C3%A9n%2C%203%2C%2023486%20Pozo%20Alc%C3%B3n%2C%20Ja%C3%A9n%2C%20Espa%C3%B1a&query_place_id=ChIJewOvdQq6bw0R2qoD_czdWpI,37.7046599,-2.93744,,pendiente,no comprobado,,,10302,es,,,,,,es,andalucia,jaen
cafes-sierra-de-segura-puente-de-genave,Cafés Sierra de Segura,Puente de Génave,Café,"Café Selección Superior 5 Orígenes, Café mezcla natural y torrefacto tueste diario, Café Arábica Blend nº 10, Descafeinado mezcla natural y torrefacto","A-317, Jaén, España","Cafés Sierra de Segura tuesta y comercializa café en Puente de Génave desde 1980. Su oferta incluye mezclas naturales y torrefactas, café de cinco orígenes, arábica y descafeinado.",Consultar web o venta directa,+34953435443,cafessierrasegura@gmail.com,https://cafessierrasegura.com/,https://www.facebook.com/cafessierrasegura/,https://www.instagram.com/cafessierrasegura/,https://www.google.com/maps/search/?api=1&query=Caf%C3%A9s%20Sierra%20de%20Segura%2C%20A-317%2C%20Ja%C3%A9n%2C%20Espa%C3%B1a&query_place_id=EhNBLTMxNywgSmHDqW4sIFNwYWluIi4qLAoUChIJTdAWdI6AZQ0R5d3m_xXVT9USFAoSCcWkvfq-9W4NEaDKdaV40gMD,38.359636989777,-2.7945450023496,/productores/es/andalucia/jaen/cafes-sierra-de-segura-puente-de-genave.webp,,sí,ecommerce,,2742,es,,,,,,es,andalucia,jaen
embutidos-penolite-puente-de-genave,Embutidos Peñolite,Puente de Génave,Carne,"Morcilla blanca Embutidos Peñolite, Salchichón casero Embutidos Peñolite, Chorizo fresco ristra rosario Embutidos Peñolite, Chorizo fresco en ristra Embutidos Peñolite","Ctra. Tamaral, 12, 23359 Peñolite, Jaén, España","Embutidos Peñolite elabora en Puente de Génave embutidos como morcilla blanca, salchichón y chorizo fresco. La empresa trabaja presentaciones en ristra y recetas de elaboración casera.",Consultar web o venta directa,+34636036266,embutidospeñolite@hotmail.es,,,,https://www.google.com/maps/search/?api=1&query=Embutidos%20Pe%C3%B1olite%2C%20Ctra.%20Tamaral%2C%2012%2C%2023359%20Pe%C3%B1olite%2C%20Ja%C3%A9n%2C%20Espa%C3%B1a&query_place_id=ChIJ2dz2_58_bw0RCKChvDnzT6I,38.325434687179,-2.7968289390754,,pendiente,no comprobado,,,5516,es,,,,,,es,andalucia,jaen
queseria-cortijo-la-vicaria-puente-de-genave,Quesería Cortijo La Vicaría,Puente de Génave,Lácteos y quesos,"Queso Jenabe, Queso Yelmo, Queso Trujal, Queso Moruno","P.º la Vicaria, 23350, Jaén, España","Quesería Cortijo La Vicaría elabora en Puente de Génave quesos de distintas recetas y curaciones. Su catálogo incluye Jenabe, Yelmo, Trujal y Moruno.",Consultar web o venta directa,+34635564592,queserialavicaria@gmail.com,https://www.queserialavicaria.com,https://www.facebook.com/queseriacortijolavicaria/,,https://www.google.com/maps/search/?api=1&query=Queser%C3%ADa%20Cortijo%20La%20Vicar%C3%ADa%2C%20P.%C2%BA%20la%20Vicaria%2C%2023350%2C%20Ja%C3%A9n%2C%20Espa%C3%B1a&query_place_id=ChIJUd4A-BE_bw0RoiYc9RC1t1w,38.349148982406,-2.8112810735146,,,no comprobado,,,10482,es,,,,,,es,andalucia,jaen
la-betica-aceitera-quesada,La Bética Aceitera,Quesada,Aceite,"Pico Cabañas Royal, Pico Cabañas PRIMUS Royal, AOVE Olivar de Quesada cosecha temprana Picual, AOVE Olivar de Quesada cosecha temprana Royal","C. Pedro Hidalgo, 53, 23480 Quesada, Jaén, España","La Bética Aceitera, de Quesada, produce AOVE de las variedades picual y royal, incluida la cosecha temprana. Su catálogo incluye las referencias Pico Cabañas y Olivar de Quesada.",Consultar web o venta directa,+34953733282,info@labetica.com,https://picocabanas.es/,,https://www.instagram.com/olivardequesada/,https://www.google.com/maps/search/?api=1&query=La%20B%C3%A9tica%20Aceitera%2C%20C.%20Pedro%20Hidalgo%2C%2053%2C%2023480%20Quesada%2C%20Ja%C3%A9n%2C%20Espa%C3%B1a&query_place_id=ChIJDfhm_o-sbw0R7kGmRk_h5ns,37.84299,-3.06751,/productores/es/andalucia/jaen/la-betica-aceitera-quesada.webp,,sí,ecommerce,,7546,es,,,,,,es,andalucia,jaen
pasteleria-dulce-deleite-sabiote,Pastelería Dulce Deleite,Sabiote,Pan y cereal,Pasteles Dulce Deleite,"C. Mota, 23410 Sabiote, Jaén, España",Pasteleria artesana en Sabiote,Consultar web o venta directa,+34622622954,cristinasdeleites@gmail.com,,https://www.facebook.com/p/Dulce-deleite-100087986948298/,,https://www.google.com/maps/search/?api=1&query=Pasteler%C3%ADa%20Dulce%20Deleite%2C%20C.%20Mota%2C%2023410%20Sabiote%2C%20Ja%C3%A9n%2C%20Espa%C3%B1a&query_place_id=ChIJJ5y1zK_xbg0Rfi3yTtu5_Rg,38.06895,-3.30586,,,no comprobado,,,9795,es,,,,,,es,andalucia,jaen
chocolivate-sabiote,Chocolivate,Sabiote,Chocolate,Chocolate artesano elaborado con aceite de oliva,"C. Virgen de la Estrella, 2, A, 23410 Sabiote, Jaén, España","Obrador de Sabiote fundado en 2021 por Antonia Sevilla Medina, especializado en chocolate artesano elaborado con aceite de oliva.",Consultar web o venta directa,+34651707464,tonifupolo@gmail.com,,,,https://www.google.com/maps/search/?api=1&query=Chocolivate%2C%20C.%20Virgen%20de%20la%20Estrella%2C%202%2C%20A%2C%2023410%20Sabiote%2C%20Ja%C3%A9n%2C%20Espa%C3%B1a&query_place_id=ChIJcegnpqXxbg0RYwNEakRFTrY,38.0667067,-3.3105611,,pendiente,no comprobado,,,4043,es,,,,,,es,andalucia,jaen
aires-de-la-sierra-santiago-pontones,Aires de la Sierra,Santiago-Pontones,Carne,"Lomo al romero Aires de la Sierra, Lomo embuchado, Aires de la Sierra, Cabeza de lomo a la pimienta, Aires de la Sierra, Panceta curada, Aires de la Sierra","C. Sierra de Segura, 2, 23290 Santiago de la Espada, Jaén, España","Aires de la Sierra elabora en Santiago-Pontones embutidos y productos cárnicos como lomo al romero, lomo embuchado, cabeza de lomo a la pimienta y panceta curada.",Consultar web o venta directa,+34953438259,airesdelasierrajm@gmail.com,,,,https://www.google.com/maps/search/?api=1&query=Aires%20de%20la%20Sierra%2C%20C.%20Sierra%20de%20Segura%2C%202%2C%2023290%20Santiago%20de%20la%20Espada%2C%20Ja%C3%A9n%2C%20Espa%C3%B1a&query_place_id=ChIJ9xFKlk97bw0R-bq7edA705k,38.110886133872,-2.5510797134338,,pendiente,no comprobado,,,526,es,,,,,,es,andalucia,jaen
carniceria-el-pilla-santiago-pontones,Carnicería «El Pilla»,Santiago-Pontones,Carne,"Cordero Segureño, Chorizo patatero Carnicería El Pilla""","C. San Antonio, 21, 23290 Santiago de la Espada, Jaén, España",Carnicería El Pilla trabaja en Santiago-Pontones con carne y elaborados cárnicos. Entre sus productos figuran el cordero segureño y el chorizo patatero.,Consultar web o venta directa,+34953438478,carniceriaelpilla@hotmail.com,,,,https://www.google.com/maps/search/?api=1&query=Carnicer%C3%ADa%20%C2%ABEl%20Pilla%C2%BB%2C%20C.%20San%20Antonio%2C%2021%2C%2023290%20Santiago%20de%20la%20Espada%2C%20Ja%C3%A9n%2C%20Espa%C3%B1a&query_place_id=ChIJN4A4mU97bw0R9TJ3Q9XaAPA,38.110849121638,-2.5517222735204,,pendiente,no comprobado,,,3219,es,,,,,,es,andalucia,jaen
embutidos-angelita-santiago-pontones,Embutidos Angelita,Santiago-Pontones,Carne,"Chorizo Embutidos Angelita, Salchichón Embutidos Angelita, Morcilla de cebolla Embutidos Angelita, Chuletas cordero segureño Embutidos Angelita","23290 Santiago de la Espada, Jaén, España","Embutidos Angelita elabora en Santiago-Pontones chorizo, salchichón, morcilla de cebolla y productos de cordero segureño. La empresa trabaja embutidos de elaboración tradicional.",Consultar web o venta directa,+34953438326,nati_martineziba@hotmail.com,,,,https://www.google.com/maps/search/?api=1&query=Embutidos%20Angelita%2C%2023290%20Santiago%20de%20la%20Espada%2C%20Ja%C3%A9n%2C%20Espa%C3%B1a&query_place_id=ChIJDQ8Sqk97bw0RagEAe8d99XA,38.1115165,-2.5526079,,pendiente,no comprobado,,,5384,es,,,,,,es,andalucia,jaen
enjambres-y-miel-valle-del-zumeta-santiago-pontones,Enjambres y Miel Valle del Zumeta,Santiago-Pontones,Miel,Miel de romero y mil flores Valle del Zumeta,"JF-7038, 23297, Jaén, España",Enjambres y Miel Valle del Zumeta produce en Santiago-Pontones miel de romero y milflores a partir de sus colmenas. Su actividad combina apicultura y elaboración de productos de la colmena.,Consultar web o venta directa,+34649789948,valledelzumeta@gmail.com,,,,https://www.google.com/maps/search/?api=1&query=Enjambres%20y%20Miel%20Valle%20del%20Zumeta%2C%20JF-7038%2C%2023297%2C%20Ja%C3%A9n%2C%20Espa%C3%B1a&query_place_id=EhxKRi03MDM4LCAyMzI5NywgSmHDqW4sIFNwYWluIi4qLAoUChIJy-FT0zRhbw0RYRV1OF3JUesSFAoSCV_YoRoVZG8NESA0fuF70gMc,38.1819288,-2.5628618,,pendiente,no comprobado,,,5587,es,,,,,,es,andalucia,jaen
bioandalus-y-bihortal-santisteban-del-puerto,Bioandalus y Bihortal,Santisteban del Puerto,Conservas,"Conservas vegetales ecológicas: gazpacho, aceitunas, encurtidos, salsas y bebidas vegetales","Pol. Ind. Condado de Santisteban, C. Santisteban, naves 4-6, 23250 Santisteban del Puerto, Jaén","SCA Cortijo del Gavilán transforma en Santisteban del Puerto conservas vegetales ecológicas bajo las marcas Bioandalus y Bihortal: gazpacho, aceitunas, encurtidos, salsas y bebidas vegetales.",Consultar web o venta directa,+34953490260,administracion@cortijogavilan.com,https://cortijogavilan.com/,,,https://www.google.com/maps/search/?api=1&query=Bioandalus%20y%20Bihortal%2C%20C.%20Santisteban%2C%2023240%20Navas%20de%20San%20Juan%2C%20Ja%C3%A9n%2C%20Espa%C3%B1a&query_place_id=ChIJK-vuQDPpbg0RQv7CDDVY8wY,38.25746,-3.17788,,,no,,,1211,es,,,,,,es,andalucia,jaen
panaderia-panciencia-genave,Panadería Panciencia,Génave,Pan y cereal,"Roscos de manteca y anís - Panadería Panciencia, Pan blanco artesanal - Panadería Panciencia","C. del Horno, 1, 23392 Génave, Jaén, España",Panadería de Génave con tienda online que elabora pan blanco artesano y roscos de manteca y anís.,Consultar web o venta directa,+34630951855,pancienciapanaderia@gmail.com,https://panciencia.com/,,https://www.instagram.com/panaderia.panciencia/,https://www.google.com/maps/search/?api=1&query=Panader%C3%ADa%20Panciencia%2C%20C.%20del%20Horno%2C%201%2C%2023392%20G%C3%A9nave%2C%20Ja%C3%A9n%2C%20Espa%C3%B1a&query_place_id=EixDLiBkZWwgSG9ybm8sIDEsIDIzMzkyIEfDqW5hdmUsIEphw6luLCBTcGFpbiIwEi4KFAoSCb1kyyhKRm8NEXCG1NM9RvhMEAEqFAoSCRfLPyNKRm8NESdOZcL8ZaZb,38.4300382,-2.7334966,/productores/es/andalucia/jaen/panaderia-panciencia-genave.webp,,sí,ecommerce,,9612,es,,,,,,es,andalucia,jaen
carnicas-la-celestina-siles,Cárnicas La Celestina,Siles,Carne,"Carnes, embutidos y caza, Quesos y lácteos","A-310, Siles, Jaén, España","Cárnicas La Celestina, de Siles, trabaja carnes, embutidos, productos de caza, quesos y lácteos. Su catálogo reúne elaborados cárnicos y productos de alimentación de la Sierra de Segura.",Consultar web o venta directa,+34953490399,carnicaslacelestina@gmail.com,https://embutidoscelestina.com/,,https://www.instagram.com/seguraactiva/,https://www.google.com/maps/search/?api=1&query=C%C3%A1rnicas%20La%20Celestina%2C%20A-310%2C%20Siles%2C%20Ja%C3%A9n%2C%20Espa%C3%B1a&query_place_id=EhpBLTMxMCwgU2lsZXMsIEphw6luLCBTcGFpbiIuKiwKFAoSCQE3Zf5hQ28NEXouZAjcGPjxEhQKEglr7mzadVtvDRGxqNDJV0bklg,38.3890827,-2.5846425,/productores/es/andalucia/jaen/carnicas-la-celestina-siles.webp,,sí,ecommerce,,3164,es,,,,,,es,andalucia,jaen
aceites-del-moral-verde-divino-torredelcampo,"Aceites del Moral, Verde Divino",Torredelcampo,Aceite,"Verde Divino AOVE Royal Cosecha Temprana, Verde Divino Bag in Box 3 Litros Aceite de Oliva Virgen Extra Picual, Verde Divino AOVE Picual Cosecha Temprana, Verde Divino AOVE Ecológico - Picual Cosecha Temprana","A-316, Torredelcampo, Jaén, España","Aceites del Moral elabora en Torredelcampo los AOVE Verde Divino, incluidos formatos de cosecha temprana, picual y ecológico. La empresa familiar trabaja desde una almazara adquirida en 1994.",Consultar web o venta directa,,info@verdedivino.com,https://www.verdedivino.com/,,,https://www.google.com/maps/search/?api=1&query=Aceites%20del%20Moral%2C%20Verde%20Divino%2C%20A-316%2C%20Torredelcampo%2C%20Ja%C3%A9n%2C%20Espa%C3%B1a&query_place_id=EiJBLTMxNiwgVG9ycmVkZWxjYW1wbywgSmHDqW4sIFNwYWluIi4qLAoUChIJ5wDPXFPEbQ0RpUZ-I9InvXcSFAoSCSMlVngj0G0NEQFdQem-8ZFu,37.7729595,-3.9070497,/productores/es/andalucia/jaen/aceites-del-moral-verde-divino-torredelcampo.webp,,sí,ecommerce,,160,es,,,,,,es,andalucia,jaen
oleocampo-torredelcampo,Oleocampo,Torredelcampo,Aceite,"Oleocampo Premium - Aceites de oliva virgen extra, Oleocampo Ecológico Premium - Aceites de oliva virgen extra ecológicos","Urb. Megatín, 23640 Torredelcampo, Jaén, España",Oleocampo es una cooperativa de Torredelcampo que integra varias almazaras y produce aceites de oliva virgen extra. Su catálogo incluye referencias premium y ecológicas.,Consultar web o venta directa,+34953410111,info@oleocampo.com,https://www.oleocampo.com/,,https://instagram.com/oleocampo/,https://www.google.com/maps/search/?api=1&query=Oleocampo%2C%20Urb.%20Megat%C3%ADn%2C%2023640%20Torredelcampo%2C%20Ja%C3%A9n%2C%20Espa%C3%B1a&query_place_id=ChIJw3h8nYHQbQ0R14GZNRgda5g,37.7779,-3.88143,/productores/es/andalucia/jaen/oleocampo-torredelcampo.webp,,sí,ecommerce,,9201,es,,,,,,es,andalucia,jaen
productos-san-jose-torredelcampo,Productos San José,Torredelcampo,Aperitivos,"Almendras tostadas Productos San José, Patatas fritas San José, Nueces Productos San José, Anacardos fritos Productos San José","Av. los Llanos, 5, 23640 Torredelcampo, Jaén, España","Productos San José elabora en Torredelcampo patatas fritas, frutos secos y aperitivos. Entre sus productos figuran almendras tostadas, nueces, anacardos fritos y patatas fritas.",Consultar web o venta directa,+34953567928,sanjose@productossanjose.es,https://productossanjose.es/,,https://www.instagram.com/patatassanjose/,https://www.google.com/maps/search/?api=1&query=Productos%20San%20Jos%C3%A9%2C%20Av.%20los%20Llanos%2C%205%2C%2023640%20Torredelcampo%2C%20Ja%C3%A9n%2C%20Espa%C3%B1a&query_place_id=EjRBdi4gbG9zIExsYW5vcywgNSwgMjM2NDAgVG9ycmVkZWxjYW1wbywgSmHDqW4sIFNwYWluIjASLgoUChIJbyI2tTDQbQ0R2vOxOhYmbcEQBSoUChIJQawANTfQbQ0RxdWRHcjnpyQ,37.778184771113,-3.8895250023635,/productores/es/andalucia/jaen/productos-san-jose-torredelcampo.webp,,sí,ecommerce,,10335,es,,,,,,es,andalucia,jaen
patatas-fritas-supli-torredonjimeno,Patatas fritas Supli,Torredonjimeno,Aperitivos,,"Av. de Jaén, Torredonjimeno, Jaén, España",En Patatas fritas Supli realizamos patatas fritas artesanas.,Consultar web o venta directa,+34626174970,maikel-jj@hotmail.com,,,,https://www.google.com/maps/search/?api=1&query=Patatas%20fritas%20Supli%2C%20Av.%20de%20Ja%C3%A9n%2C%20Torredonjimeno%2C%20Ja%C3%A9n%2C%20Espa%C3%B1a&query_place_id=EipBdi4gZGUgSmHDqW4sIFRvcnJlZG9uamltZW5vLCBKYcOpbiwgU3BhaW4iLiosChQKEgnts1xLn89tDRFRiPP1c_7ijRIUChIJRUMMkAzPbQ0RWt6mSU7Xd2Y,37.7637179,-3.9489116,,pendiente,no comprobado,,,10066,es,,,,,,es,andalucia,jaen
aceites-sola-romero-torreperogil,Aceites Sola Romero,Torreperogil,Aceite,"AOVE Verdóleo Picual Cosecha Temprana white edition Sola Romero, AOVE Verdóleo Picual Cosecha Temprana Black edition Sola Romero, AOVE verdóleo Picual Premium 500 ml Cosecha temprana Sola Romero","C. Cervantes, 7, 2º, 23320 Torreperogil, Jaén, España","Aceites Sola Romero es una empresa familiar de Torreperogil dedicada al cultivo de sus olivares y a la elaboración de AOVE. Produce la gama Verdóleo en variedades picual, cosecha temprana y presentaciones premium.",Tienda online; envío gratis desde 80 €,+34611003976,info@aceitessolaromero.es,https://aceitessolaromero.es/,,https://www.instagram.com/aceitessolaromero/,https://www.google.com/maps/search/?api=1&query=Aceites%20Sola%20Romero%2C%20C.%20Cervantes%2C%207%2C%202%C2%BA%2C%2023320%20Torreperogil%2C%20Ja%C3%A9n%2C%20Espa%C3%B1a&query_place_id=EjZDLiBDZXJ2YW50ZXMsIDcsIDLCuiwgMjMzMjAgVG9ycmVwZXJvZ2lsLCBKYcOpbiwgU3BhaW4iHxodChYKFAoSCS0r2Fbb8G4NEV00kZiKCZ-2EgMywro,38.0328783,-3.2890075,/productores/es/andalucia/jaen/aceites-sola-romero-torreperogil.webp,,sí,ecommerce,,211,es,,,,,,es,andalucia,jaen
carniceria-charcuteria-tony-torreperogil,Carnicería Charcuteria Tony,Torreperogil,Carne,"Chorizo fresco casero, Morcilla blanca Carnicería Tony, Salchichón extra casero Carnicería Charcutería Tony, Morcilla negra en tripa o en tarrina","C. Obispo Basulto, 53, 23320 Torreperogil, Jaén, España","Carnicería Charcuteria Tony es una pequeña empresa familiar que dió sus primeros pasos a comienzos del año 1998, fundada por Antonio Fonta Torres con el fin de rescatar los sabores de antaño y para que no se extinga una tradición centenaria de artesanos del embutido, con la maquinaria de hoy y el proceso y sabor de hace más de 100 años con una meta... satisfacer los paladares de sus clientes.",Consultar web o venta directa,+34625310424,tonycarnicero@hotmail.es,https://carniceriatony.es/,,https://www.instagram.com/carniceria_tony/,https://www.google.com/maps/search/?api=1&query=Carnicer%C3%ADa%20Charcuteria%20Tony%2C%20C.%20Obispo%20Basulto%2C%2053%2C%2023320%20Torreperogil%2C%20Ja%C3%A9n%2C%20Espa%C3%B1a&query_place_id=ChIJN9XZO93wbg0RK0N-WzJV9u4,38.0366982,-3.2893718,/productores/es/andalucia/jaen/carniceria-charcuteria-tony-torreperogil.webp,,sí,ecommerce,,3206,es,,,,,,es,andalucia,jaen
carniceria-y-charcuteria-pedro-roa-torreperogil,Carnicería y charcutería Pedro Roa,Torreperogil,Carne,Morcilla Blanca - Carnicería Pedro Roa,"C. Virgen, 23, 23320 Torreperogil, Jaén, España","Carnicería y charcutería Pedro Roa. Situado en C/ Virgen, 23 y en el Mercado de Abastos puesto nº 10 de Torreperogil, encontraras una gran selección en carnes frescas, elaborados cárnicos y embutidos caseros sin gluten",Consultar web o venta directa,+34626718815,pg70gallego@gmail.com,,,,https://www.google.com/maps/search/?api=1&query=Carnicer%C3%ADa%20y%20charcuter%C3%ADa%20Pedro%20Roa%2C%20C.%20Virgen%2C%2023%2C%2023320%20Torreperogil%2C%20Ja%C3%A9n%2C%20Espa%C3%B1a&query_place_id=ChIJSQQoW8Lwbg0RkFTEpauekxw,38.036823996619,-3.2856963246891,,pendiente,no comprobado,,,3276,es,,,,,,es,andalucia,jaen
cervezas-aceitunera-torreperogil,Cervezas Aceitunera,Torreperogil,Cerveza,Cerveza - Cervezas Aceitunera,"C. María Lejarrega, 52, 23320 Torreperogil, Jaén, España","Cerveza Artesana de Jaén, desarrollada con creatividad, tiempo y sobre todo, PASIÓN. Fabricamos nuestras cervezas con las técnicas tradicionales, pero incorporando en cada elaboración una historia propia que la hace diferente y le otorga sensaciones únicas.",Consultar web o venta directa,+34699180840,cervezaslaaceitunera@gmail.com,https://www.cervezasaceitunera.com/,,https://www.instagram.com/aceitunerabeers/,https://www.google.com/maps/search/?api=1&query=Cervezas%20Aceitunera%2C%20C.%20Mar%C3%ADa%20Lejarrega%2C%2052%2C%2023320%20Torreperogil%2C%20Ja%C3%A9n%2C%20Espa%C3%B1a&query_place_id=ChIJLbt9x9_wbg0RA_xsu22O8fA,38.0369005,-3.2969905,/productores/es/andalucia/jaen/cervezas-aceitunera-torreperogil.webp,,no comprobado,,,3928,es,,,,,,es,andalucia,jaen
cooperativa-la-misericordia-torreperogil,Cooperativa La Misericordia,Torreperogil,Vino,"Blanco Joven Don pedro Gil IGP ""Vino de la Tierra de Torreperogil"", Tinto ""El Lentiscar"" IGP ""Vino de la Tierra de Torreperogil"", Tinto Joven Don Pedro Gil IGP ""Vino de la Tierra de Torreperogil"", Tinto Torre Hamdón IGP ""Vino de la Tierra de Torreperogil""","Cam. Genarete, 2, 23320 Torreperogil, Jaén, España","La Cooperativa La Misericordia produce en Torreperogil vinos blancos y tintos de la IGP Vino de la Tierra de Torreperogil. Su catálogo incluye Don Pedro Gil, El Lentiscar y Torre Hamdón.",Consultar web o venta directa,+34953776162,lamisericordia@wanadoo.es,https://cooperativalamisericordia.es,,,https://www.google.com/maps/search/?api=1&query=Cooperativa%20La%20Misericordia%2C%20Cam.%20Genarete%2C%202%2C%2023320%20Torreperogil%2C%20Ja%C3%A9n%2C%20Espa%C3%B1a&query_place_id=ChIJASfluuvwbg0R5ONscW-Kt9o,38.04230430871,-3.2817056023572,/productores/es/andalucia/jaen/cooperativa-la-misericordia-torreperogil.webp,,sí,ecommerce,,4527,es,,,,,,es,andalucia,jaen
vermut-papatan-torreperogil,Vermut Papatán,Torreperogil,Vermut,"Vermut Papatán, Vino naranja Papatán","C. Obispo Basulto, 159, 23320 Torreperogil, Jaén, España",Vermut Papatán elabora y embotella en Torreperogil vermut y vino naranja a partir de uva Jaén Blanca y botánicos de la provincia. La empresa trabaja con proveedores locales siempre que es posible.,Consultar web o venta directa,+34619560993,papatanvermut@gmail.com,https://www.papatan.es/,,https://www.instagram.com/papatanvermut/,https://www.google.com/maps/search/?api=1&query=Vermut%20Papat%C3%A1n%2C%20C.%20Obispo%20Basulto%2C%20159%2C%2023320%20Torreperogil%2C%20Ja%C3%A9n%2C%20Espa%C3%B1a&query_place_id=ChIJnX3OBsLwbg0RYNQsy-J_DSk,38.038374,-3.2838819,/productores/es/andalucia/jaen/vermut-papatan-torreperogil.webp,,sí,ecommerce,,12137,es,,,,,,es,andalucia,jaen
senorio-de-camarasa-torres,Señorío de camarasa,Torres,Aceite,AOVE Señorío de Camarasa,"23540 Torres, Jaén, España",Señorío de Camarasa es una marca de aceite de oliva virgen extra producida en Torres por una cooperativa de pequeños agricultores. Su AOVE procede de olivares de montaña y de la variedad picual.,Consultar web o venta directa,+34953363030,info@santaisabeldetorres.com,https://www.santaisabeldetorres.es/,,https://www.instagram.com/senorio_de_camarasa/,https://www.google.com/maps/search/?api=1&query=Se%C3%B1or%C3%ADo%20de%20camarasa%2C%2023540%20Torres%2C%20Ja%C3%A9n%2C%20Espa%C3%B1a&query_place_id=ChIJefqCGdtlbg0R2gsnulNVEqw,37.827491849586,-3.5297349898545,/productores/es/andalucia/jaen/senorio-de-camarasa-torres.webp,,sí,ecommerce,,11465,es,,,,,,es,andalucia,jaen
cooperativa-hortofruticola-san-marcos-torres,Cooperativa Hortofrutícola San Marcos,Torres,Fruta y verdura,Cerezas de Torres,"C. Jesus Castillo Solis, 23540 Torres, Jaén, España","La Cooperativa Hortofrutícola San Marcos comercializa en Torres cerezas cultivadas por sus socios. Trabaja varias variedades, entre ellas Summit, Sunburst y picota, para consumo fresco y para la industria conservera.",Consultar web o venta directa,+34953363155,horsanmarcos@cerzas.e.telefonica.net,,,,https://www.google.com/maps/search/?api=1&query=Cooperativa%20Hortofrut%C3%ADcola%20San%20Marcos%2C%20C.%20Jesus%20Castillo%20Solis%2C%2023540%20Torres%2C%20Ja%C3%A9n%2C%20Espa%C3%B1a&query_place_id=ChIJKRHU0tplbg0RleyNEZHnavY,37.783721696325,-3.5095196277283,,pendiente,no comprobado,,,4516,es,,,,,,es,andalucia,jaen
embutidos-caseros-aires-de-magina-torres,Embutidos Caseros Aires de Mágina,Torres,Carne,"Morcilla de caldera, Lomo de Orza, Chorizo Fresco, Relleno de carnaval Aires de Mágina","C. Cerrillo, 16, 23540 Torres, Jaén, España","Embutidos Caseros Aires de Mágina es una empresa familiar de Torres dedicada desde hace más de un siglo a los productos derivados del cerdo. Elabora morcilla de caldera, lomo de orza, chorizo fresco y relleno de carnaval.",Consultar web o venta directa,+34656849694,embutidostorres@hotmail.com,,,,https://www.google.com/maps/search/?api=1&query=Embutidos%20Caseros%20Aires%20de%20M%C3%A1gina%2C%20C.%20Cerrillo%2C%2016%2C%2023540%20Torres%2C%20Ja%C3%A9n%2C%20Espa%C3%B1a&query_place_id=ChIJYSVfG9tlbg0RdpDAJhA1r5A,37.785729381569,-3.5085985565631,,pendiente,no comprobado,,,5408,es,,,,,,es,andalucia,jaen
senorio-de-las-almenas-ubeda,Señorío de las Almenas,Úbeda,Aceite,Aceite de oliva virgen extra - Señorío de las Almenas,"C. Ancha, 11, 23400 Úbeda, Jaén, España",,Consultar web o venta directa,+34953750595,sevillatejada@gmail.com,,,,https://www.google.com/maps/search/?api=1&query=Se%C3%B1or%C3%ADo%20de%20las%20Almenas%2C%20C.%20Ancha%2C%2011%2C%2023400%20%C3%9Abeda%2C%20Ja%C3%A9n%2C%20Espa%C3%B1a&query_place_id=ChIJLUeS4Hv0bg0RzSFm0pJKOYY,38.0094645,-3.3729283,,pendiente,no comprobado,,,11466,,,,,,,es,andalucia,jaen
productos-urbano-ubeda,Productos Urbano,Úbeda,Aperitivos,"Cortezas de maíz, Snack de pajitas, Almendras con piel, Cubo cócktail frutos secos","Ctra. Úbeda-Sabiote, 23400 Úbeda, Jaén, España","Productos Urbano elabora en Úbeda patatas fritas, frutos secos y aperitivos desde una empresa familiar iniciada en los años setenta. Su catálogo incluye cortezas de maíz, snacks, almendras y mezclas de frutos secos.",Tienda online; envíos a Península,+34953752119,purbano@eresmas.com,https://productosurbano.com/,,https://www.instagram.com/productosurbano/,https://www.google.com/maps/search/?api=1&query=Productos%20Urbano%2C%20Ctra.%20%C3%9Abeda-Sabiote%2C%2023400%20%C3%9Abeda%2C%20Ja%C3%A9n%2C%20Espa%C3%B1a&query_place_id=EjBDdHJhLiDDmmJlZGEtU2FiaW90ZSwgMjM0MDAgw5piZWRhLCBKYcOpbiwgU3BhaW4iLiosChQKEgmBxIE5hPRuDREFkTu7g4iX2xIUChIJJXZOkHj0bg0RIttkL2LFLEc,38.0066552,-3.3849253999999,,,sí,ecommerce,,10340,es,,,,,,es,andalucia,jaen
carnes-j-madrid-ubeda,Carnes J. Madrid,Úbeda,Carne,"Picadillo de chorizo Carnicería J. Madrid Muñoz e Hijos, Morcilla en caldera con piñones","Av. de la Constitución, 6, 23400 Úbeda, Jaén, España","Carnes J. Madrid es una empresa familiar de Úbeda con actividad desde 1920 en carne, embutidos y elaborados cárnicos. Produce picadillo de chorizo, morcilla en caldera con piñones y otros preparados.",Consultar web o venta directa,+34953753903,info@carnesjmadrid.com,https://morcillaencaldera.com/,,https://www.instagram.com/carniceriaandresmadrid/,https://www.google.com/maps/search/?api=1&query=Carnes%20J.%20Madrid%2C%20Av.%20de%20la%20Constituci%C3%B3n%2C%206%2C%2023400%20%C3%9Abeda%2C%20Ja%C3%A9n%2C%20Espa%C3%B1a&query_place_id=ChIJWYFAXX70bg0RB2RsYIPhE9k,38.0092442,-3.3772513,/productores/es/andalucia/jaen/carnes-j-madrid-ubeda.webp,,sí,ecommerce|whatsapp,,3135,es,,,,,,es,andalucia,jaen
embutidos-gomez-ubeda,Embutidos Gómez,Úbeda,Carne,"Morcilla en caldera Embutidos Gómez, Morcilla en tripa Embutidos Gómez, Chorizo Embutidos Gómez, Butifarra Embutidos Gómez","C. San Nicolás, 15, 23400 Úbeda, Jaén, España","En Embutidos Gómez concentramos en el sabor de nuestros embutidos la tradición y el saber hacer de una familia dedicada a la fabricación con más de 75 años de experiencia, con recetas familiares centenarias de muchas generaciones. Nuestros embutidos son un referente en la gastronomía ubetense y nacional como uno de los mejores.",Consultar web o venta directa,+34953750726,info@embutidosartesanos.com,https://embutidosartesanos.com/,,https://www.instagram.com/morcillagomez/,https://www.google.com/maps/search/?api=1&query=Embutidos%20G%C3%B3mez%2C%20C.%20San%20Nicol%C3%A1s%2C%2015%2C%2023400%20%C3%9Abeda%2C%20Ja%C3%A9n%2C%20Espa%C3%B1a&query_place_id=ChIJjeKSJ3j0bg0R7R-AMj-GTf8,38.013327683072,-3.3691623735227,/productores/es/andalucia/jaen/embutidos-gomez-ubeda.webp,,sí,ecommerce|whatsapp,,5451,es,,,,,,es,andalucia,jaen
la-boutique-del-dulce-ubeda,La Boutique del Dulce,Úbeda,Pan y cereal,"Galletas de jengibre ""JENGIS""","C. Trinidad, 1, 23400 Úbeda, Jaén, España",La Boutique del Dulce es un obrador de Úbeda especializado en pastelería y galletas artesanas. Su marca JENGIS produce galletas de jengibre y también prepara productos personalizados para celebraciones.,Consultar web o venta directa,+34953046534,laboutiquedeldulce@gmail.com,,https://www.facebook.com/LaBoutiqueDelDulce/,,https://www.google.com/maps/search/?api=1&query=La%20Boutique%20del%20Dulce%2C%20C.%20Trinidad%2C%201%2C%2023400%20%C3%9Abeda%2C%20Ja%C3%A9n%2C%20Espa%C3%B1a&query_place_id=ChIJdQVypnn0bg0RvlBLvHpNo3Y,38.011837385985,-3.3713732430284,,,no comprobado,,,7564,es,,,,,,es,andalucia,jaen
vermut-loa-ubeda,Vermut LOA,Úbeda,Vermut,"Vermut LOA Blanco, Vermut LOA Rojo","C. Arbequina, 10, 23400 Úbeda, Jaén, España","Vermut LOA elabora en Úbeda vermut blanco y rojo mediante una receta artesanal con vinos seleccionados, botánicos y fruto, tallo y hoja de aceituna picual ecológica.",Consultar web o venta directa,+34672385113,hola@vermutloa.com,https://vermutloa.com/,,https://www.instagram.com/vermutloa/,https://www.google.com/maps/search/?api=1&query=Vermut%20LOA%2C%20C.%20Arbequina%2C%2010%2C%2023400%20%C3%9Abeda%2C%20Ja%C3%A9n%2C%20Espa%C3%B1a&query_place_id=ChIJp9ctr4X0bg0R_F0aqC2Qduc,38.0061346,-3.3864973,/productores/es/andalucia/jaen/vermut-loa-ubeda.webp,,sí,ecommerce,,12135,es,,,,,,es,andalucia,jaen
quesos-cortijo-carbonerillos-valdepenas-de-jaen,Quesos Cortijo Carbonerillos,Valdepeñas de Jaén,Lácteos y quesos,"Requesón Cortijo Carbonerillos, Queso de cabra fresco Cortijo Carbonerillos, Queso de cabra curado Quesos Cortijo Carbonerillos, Queso de cabra Semicurado Quesos Cortijo Carbonerillos","A-1103, Valdepeñas de Jaén, Jaén, España","Quesos Cortijo Carbonerillos produce en Valdepeñas de Jaén quesos de cabra a partir de la leche de su propia ganadería. Su catálogo incluye requesón y quesos frescos, curados y semicurados.",Consultar web o venta directa,+34953310793,cortijocarbonerillos@gmail.com,https://www.quesoscarbonerillos.com/,https://www.facebook.com/cotijocarbonerillos/,,https://www.google.com/maps/search/?api=1&query=Quesos%20Cortijo%20Carbonerillos%2C%20A-1103%2C%20Valdepe%C3%B1as%20de%20Ja%C3%A9n%2C%20Ja%C3%A9n%2C%20Espa%C3%B1a&query_place_id=EipBLTExMDMsIFZhbGRlcGXDsWFzIGRlIEphw6luLCBKYcOpbiwgU3BhaW4iLiosChQKEglDFLPyv-dtDREZashEOWYbYhIUChIJE953_g7ebQ0RKkiBfuKOLt0,37.591195027154,-3.8088731565975,/productores/es/andalucia/jaen/quesos-cortijo-carbonerillos-valdepenas-de-jaen.webp,,sí,marketplace,,10769,es,,,,,,es,andalucia,jaen
guardian-de-los-trofeos-vilches,Guardián de los Trofeos,Vilches,Aceite,"Aceite de oliva virgen extra Frantoio temprano Guardián de los Trofeos, Aceite de oliva virgen extra Picual temprano Guardián de los Trofeos","23220 Vilches, Jaén, España",Guardián de los Trofeos es una marca de AOVE vinculada a Vilches. Selecciona aceites de cosecha temprana de las variedades frantoio y picual.,Consultar web o venta directa,+34676236857,,https://guardiandelostrofeos.com/,,https://www.instagram.com/guardiandelostrofeos_aove/,https://www.google.com/maps/search/?api=1&query=Guardi%C3%A1n%20de%20los%20Trofeos%2C%2023220%20Vilches%2C%20Ja%C3%A9n%2C%20Espa%C3%B1a&query_place_id=ChIJ4b3heZCWbg0RSqD-uYV8d74,38.2089812,-3.5079264,/productores/es/andalucia/jaen/guardian-de-los-trofeos-vilches.webp,,sí,ecommerce,,6659,es,,,,,,es,andalucia,jaen
aceite-de-oliva-virgen-extra-puerta-de-las-villas-villacarrillo,Aceite de oliva virgen extra Puerta de las Villas,Villacarrillo,Aceite,"Aceite de oliva virgen extra Puerta de las Villas, picual pet, Aceite de oliva virgen extra picual Puerta de las Villas, lata, Aceite de oliva virgen extra Puerta de las Villas Ecológico","Ctra. Mogón, 23300, Jaén, España","Puerta de las Villas es la marca de la S.C.A. San Vicente de Mogón, fundada en 1966, que elabora aceite de oliva virgen extra en Villacarrillo. Su catálogo incluye referencias picual y ecológica en distintos formatos.",Consultar web o venta directa,+34953434003,gerente@puertadelasvillas.com,https://www.puertadelasvillas.com/,,https://www.instagram.com/puertadelasvillas/,https://www.google.com/maps/search/?api=1&query=Aceite%20de%20oliva%20virgen%20extra%20Puerta%20de%20las%20Villas%2C%20Ctra.%20Mog%C3%B3n%2C%2023300%2C%20Ja%C3%A9n%2C%20Espa%C3%B1a&query_place_id=ChIJaaci6Ukdbw0RdfPPgcPRaAo,38.065787242222,-3.0434140934622,/productores/es/andalucia/jaen/aceite-de-oliva-virgen-extra-puerta-de-las-villas-villacarrillo.webp,,sí,ecommerce,,104,es,,,,,,es,andalucia,jaen
patatas-fritas-domi-villacarrillo,Patatas Fritas Domi,Villacarrillo,Aperitivos,"Frutos secos varios Patatas fritas Domi, Palomitas de chocolate o caramelo, Patatas Fritas Domi","23300 Villacarrillo, Jaén, España","Patatas Fritas Domi, de Villacarrillo, elabora patatas fritas, frutos secos y otros aperitivos desde 1987. La empresa mantiene una actividad familiar y distribuye referencias como garbanzos tostados, almendras, pistachos y patatas fritas.",Tienda online,+34953454414,frutossecosdomi@gmail.com,https://www.patatasfritasdomi.com,,https://www.instagram.com/patatasfritasdomi/,https://www.google.com/maps/search/?api=1&query=Patatas%20Fritas%20Domi%2C%2023300%20Villacarrillo%2C%20Ja%C3%A9n%2C%20Espa%C3%B1a&query_place_id=ChIJBWc9GFwDbw0R8D994XvSAxw,38.1196247,-3.0786158,/productores/es/andalucia/jaen/patatas-fritas-domi-villacarrillo.webp,,sí,ecommerce,,10056,es,,,,,,es,andalucia,jaen
aceites-guadalquivir-aceite-buensalud-villanueva-de-la-reina,Aceites Guadalquivir-Aceite Buensalud,Villanueva de la Reina,Aceite,"Aceite Buensalud gama 100% picual, Aceite Buensalud Gama coupage, Aceite Buensalud Gama Selección cosecha temprana, Aceite Buensalud Gama Ecológico","Ctra. de Espeluy, Villanueva de la Reina, Jaén, España","Aceites Guadalquivir elabora en Villanueva de la Reina aceites de oliva virgen extra a partir de la aceituna de sus 600 olivareros. Su oferta incluye las gamas Buensalud picual, coupage, cosecha temprana y ecológica.",Consultar web o venta directa,,,https://buensalud.es/,,https://www.instagram.com/buensalud/,https://www.google.com/maps/search/?api=1&query=Aceites%20Guadalquivir-Aceite%20Buensalud%2C%20Ctra.%20de%20Espeluy%2C%20Villanueva%20de%20la%20Reina%2C%20Ja%C3%A9n%2C%20Espa%C3%B1a&query_place_id=EjZDdHJhLiBkZSBFc3BlbHV5LCBWaWxsYW51ZXZhIGRlIGxhIFJlaW5hLCBKYcOpbiwgU3BhaW4iLiosChQKEgmfRkK6FS5sDRHOP4P-NuTHkBIUChIJMd0y5PAxbA0R43yTHyXVlR4,38.006520903512,-3.9114588533925,/productores/es/andalucia/jaen/aceites-guadalquivir-aceite-buensalud-villanueva-de-la-reina.webp,,sí,ecommerce,,173,es,,,,,,es,andalucia,jaen
aceites-oro-bailen-villanueva-de-la-reina,Aceites Oro Bailén,Villanueva de la Reina,Aceite,AOVE Picual cosecha temprana Oro Bailén,"Casa del Agua, 23730 Villanueva de la Reina, Jaén, España","Aceites Oro Bailén produce AOVE picual de cosecha temprana a partir de aceitunas de explotaciones familiares. La empresa integra elaboración, envasado y comercialización del aceite de oliva virgen extra.",Consultar web o venta directa,+34953548038,info@orobailén.com,https://www.orobailen.com/,,https://instagram.com/orobailen/,https://www.google.com/maps/search/?api=1&query=Aceites%20Oro%20Bail%C3%A9n%2C%20Casa%20del%20Agua%2C%2023730%20Villanueva%20de%20la%20Reina%2C%20Ja%C3%A9n%2C%20Espa%C3%B1a&query_place_id=ChIJGzhbiycwbA0Rll53dTOmdCQ,38.0527,-3.90667,/productores/es/andalucia/jaen/aceites-oro-bailen-villanueva-de-la-reina.webp,,sí,ecommerce,,200,es,,,,,,es,andalucia,jaen
aguas-sierra-cazorla-villanueva-del-arzobispo,Aguas Sierra Cazorla,Villanueva del Arzobispo,Bebidas sin alcohol,"Agua mineral natural Sierra Cazorla, Bebidas funcionales Sierra Cazorla","JV-7041, Villanueva del Arzobispo, Jaén, España","Aguas Sierra Cazorla obtiene y envasa agua mineral natural y produce bebidas funcionales en Villanueva del Arzobispo. El manantial se localiza en el Parque Natural de las Sierras de Cazorla, Segura y Las Villas.",Tienda online,+34916493750,antonio@aguasierracazorla.es,https://www.aguasierracazorla.com/,,https://www.instagram.com/agua.sierracazorla/,https://www.google.com/maps/search/?api=1&query=Aguas%20Sierra%20Cazorla%2C%20JV-7041%2C%20Villanueva%20del%20Arzobispo%2C%20Ja%C3%A9n%2C%20Espa%C3%B1a&query_place_id=Ei9KVi03MDQxLCBWaWxsYW51ZXZhIGRlbCBBcnpvYmlzcG8sIEphw6luLCBTcGFpbiIuKiwKFAoSCfFxHPzOHW8NEf0NAG1ppMomEhQKEgmjGh8FkxtvDREnF19gvGapuA,38.19946993402,-2.8662339870127,/productores/es/andalucia/jaen/aguas-sierra-cazorla-villanueva-del-arzobispo.webp,,sí,ecommerce,,498,es,,,,,,es,andalucia,jaen
aceites-hacienda-el-palo-bravoleum-villatorres,Aceites Hacienda El Palo-Bravoleum,Villatorres,Aceite,"Aceites Hacienda El Palo Premium, Aceites Bravoleum Selección especial","Cortijo Villaconchita, Ctra. A-6000 km 16,35, 23630 Villargordo, Villatorres, Jaén, España",Aceites Hacienda El Palo y Bravoleum producen aceite de oliva virgen extra en Villatorres. La almazara trabaja referencias premium y de selección especial a partir de aceituna de sus olivares.,Consultar web o venta directa,+34953377190,contacto@bravoleum.com,https://www.bravoleum.com/es/,,https://www.instagram.com/bravoleum_haciendaelpalo/,https://www.google.com/maps/search/?api=1&query=Aceites%20Hacienda%20El%20Palo-Bravoleum%2C%20P.%C2%BA%20de%20la%20Estaci%C3%B3n%2C%2013%2C%208a%2C%2023007%20Ja%C3%A9n%2C%20Espa%C3%B1a&query_place_id=EjBQLsK6IGRlIGxhIEVzdGFjacOzbiwgMTMsIDhhLCAyMzAwNyBKYcOpbiwgU3BhaW4iHhocChYKFAoSCTsns2UL120NET7Lig0x7gjTEgI4YQ,37.951729298275,-3.7471837390041,/productores/es/andalucia/jaen/aceites-hacienda-el-palo-bravoleum-villatorres.webp,,sí,ecommerce|whatsapp,,174,es,,,,,,es,andalucia,jaen
ibanez-y-valverde-quesos-sierra-sur-alcala-la-real,Ibáñez y Valverde - Quesos Sierra Sur,Alcalá la Real,Lácteos y quesos,"Sierra Sur mezcla, Peña Quebrada, queso curado de cabra Del Premio","C. Ventorrillo, 55, Aldea Ermita Nueva, 23686 Alcalá la Real, Jaén","Quesería artesanal de la Sierra Sur de Jaén que elabora quesos y yogures de cabra, oveja y mezcla desde Ermita Nueva.",Consultar web o venta directa,+34953597584,info@quesosierrasur.com,https://quesosierrasur.com/,https://www.facebook.com/QUESOSIERRASUR,https://www.instagram.com/quesossierrasur/,https://www.google.com/maps/search/?api=1&query=Ib%C3%A1%C3%B1ez%20y%20Valverde%20-%20Quesos%20Sierra%20Sur%2C%20C.%20Ventorrillo%2C%2055%2C%20Aldea%20Ermita%20Nueva%2C%2023686%20Alcal%C3%A1%20la%20Real%2C%20Ja%C3%A9n&query_place_id=ChIJZasEvCnlbQ0Rsk9Fx71vW_A,37.4067212,-3.8684412,/productores/es/andalucia/jaen/ibanez-y-valverde-quesos-sierra-sur-alcala-la-real.webp,,sí,ecommerce,,7037,es,,,,,,es,andalucia,jaen
quesos-y-besos-lacteos-romero-pelaez-guarroman,Quesos y Besos (Lácteos Romero Peláez),Guarromán,Lácteos y quesos,"Olavidia, Valleclaro, Valleoscuro, Fuero","Polígono Industrial Los Llanos, parcela M5 P3, 23210 Guarromán, Jaén",Quesería artesana de Lácteos Romero Peláez con ganadería propia de cabra y referencias premiadas como Olavidia y Valleclaro.,Consultar web o visitas,+34679632189,s.pelaez@quesosybesos.es,https://www.quesosybesos.es/,https://www.facebook.com/quesosybesos/,https://www.instagram.com/quesosybesos_/,https://www.google.com/maps/search/?api=1&query=Quesos%20y%20Besos%20%28L%C3%A1cteos%20Romero%20Pel%C3%A1ez%29%2C%20Pol%C3%ADgono%20Industrial%20Los%20Llanos%2C%20parcela%20M5%20P3%2C%2023210%20Guarrom%C3%A1n%2C%20Ja%C3%A9n&query_place_id=ChIJvYFiA7uebg0RritQuyqok2I,38.1837551,-3.6855149,/productores/es/andalucia/jaen/quesos-y-besos-lacteos-romero-pelaez-guarroman.webp,,sí,ecommerce,,10995,es,,,,,,es,andalucia,jaen
quesos-artesanos-de-frailes,Quesos Artesanos de Frailes,Frailes,Lácteos y quesos,"Queso fresco de cabra, Queso curado de cabra, Queso semicurado de cabra, Queso en aceite de oliva","Carretera Alcalá Km 8.800, 23690 Frailes, Jaén, España",Quesería artesana familiar ubicada en la comarca de la Sierra Sur que elabora quesos tradicionales hechos a mano con leche de cabra de raza Malagueña y filtrado tradicional.,Consultar web o venta directa,+34953593014,quesosartesanosdefrailes@hotmail.com,http://www.quesosartesanosdefrailes.com/,https://www.facebook.com/quesosfrailes/,,https://www.google.com/maps/search/?api=1&query=Quesos%20Artesanos%20de%20Frailes%2C%20Carretera%20Alcal%C3%A1%20Km%208.800%2C%2023690%20Frailes%2C%20Ja%C3%A9n%2C%20Espa%C3%B1a&query_place_id=ChIJa1O-u_PlbQ0R2-tK4Ya0IlM,37.4770750,-3.8394217,,,no comprobado,,,10736,es,,,,,,es,andalucia,jaen
queseria-artesanal-serrania-de-noalejo,Quesería Artesanal Serranía de Noalejo,Noalejo,Lácteos y quesos,"Quesos La Pasiega, Queso fresco de cabra, Queso semicurado, Queso curado en aceite","Calle Montilla, s/n, 23140 Noalejo, Jaén, España",Quesería artesanal que elabora quesos tradicionales bajo la marca La Pasiega utilizando leche de cabra seleccionada de rebaños de la comarca de Sierra Mágina.,Consultar venta directa,+34619686226,,,,,https://www.google.com/maps/search/?api=1&query=Queser%C3%ADa%20Artesanal%20Serran%C3%ADa%20de%20Noalejo%2C%20Calle%20Montilla%2C%20s%2Fn%2C%2023140%20Noalejo%2C%20Ja%C3%A9n%2C%20Espa%C3%B1a&query_place_id=ChIJyxOZn3oMbg0RZ_raMQeAs0E,37.5273,-3.6534,,pendiente,no comprobado,,,10448,es,,,,,,es,andalucia,jaen
quesos-levasa-lacteos-de-jaen,Quesos Levasa (Lácteos de Jaén),Jaén,Lácteos y quesos,"Queso de cabra curado, Queso de oveja semicurado, Leche en bolsa Levasa","Carretera Bailén-Motril KM 32, 23639 Jaén, España","Empresa láctea familiar de referencia en la provincia fundada en 1975 que produce leche de proximidad y quesos artesanos de vaca, oveja y cabra.",Consultar web o venta directa,+34953281723,levasa@levasa.com,https://levasa.com,,https://www.instagram.com/levasajaen/,,37.7692,-3.7903,/productores/es/andalucia/jaen/quesos-levasa-lacteos-de-jaen.webp,,no,,,10896,es,,,,,,es,andalucia,jaen
los-tres-manantiales-marmolejo,Los Tres Manantiales (Caanvioliva),Marmolejo,Aceite,"Aceite de Oliva Virgen Extra, Estuche de regalo AOVE, Jalea de Aceite de Oliva Virgen Extra","Polígono Industrial Las Calañas, 23770 Marmolejo, Jaén, España","Productor de Aceite de Oliva Virgen Extra (AOVE) en Marmolejo, bajo la marca Los Tres Manantiales de la empresa familiar Caanvioliva. Selecciona la aceituna en su momento óptimo de recolección y muele en frío dentro de las 24 horas; vende AOVE en varios formatos y jalea de aceite de oliva a través de su tienda online.",Consultar web o venta directa,+34620180509,caanvioliva@gmail.com,https://lostresmanantiales.es/,https://www.facebook.com/caanvioliva,,,38.07972,-4.16466,/productores/es/andalucia/jaen/los-tres-manantiales-marmolejo.webp,,sí,ecommerce,,8233,es,,,,,,es,andalucia,jaen
quesos-cumbres-del-segura-santiago-pontones,Quesos Cumbres del Segura,Santiago-Pontones,Lácteos y quesos,"Queso curado de cabra de leche cruda, semicurado, queso de oveja","23290 Santiago-Pontones, Jaén, España","Quesería artesanal fundada en 2013 por Carmen Luque y Javier Ruiz a 1.400 m de altitud, en pleno Parque Natural de Cazorla, Segura y Las Villas; quesos de leche cruda de cabra sin aditivos.",Consultar contacto directo,,,,https://www.facebook.com/quesocumbres/,https://www.instagram.com/quesocumbres/,,38.09875,-2.65655,,pendiente,no comprobado,,,10773,es,,,,,,es,andalucia,jaen
delicapra-lacteos-caprinos-campillo-de-arenas,Delicapra (Lácteos Caprinos),Campillo de Arenas,Lácteos y quesos,"Rulo de cabra fresco y madurado, queso de cabra con moho blanco, medallones","23130 Campillo de Arenas, Jaén, España","Fábrica quesera de Campillo de Arenas, en la falda de Sierra Mágina, que transforma leche de cabra de la comarca en rulos y quesos madurados bajo la marca Delicapra; certificada BRC/IFS.",Consultar contacto directo,+34953307237,,https://www.lacteoscaprinos.es,,,https://www.google.com/maps/search/?api=1&query=Delicapra%20%28L%C3%A1cteos%20Caprinos%29%2C%2023130%20Campillo%20de%20Arenas%2C%20Ja%C3%A9n%2C%20Espa%C3%B1a&query_place_id=ChIJw1B02eYMbg0RmRVfEuBT9Pw,37.55531,-3.63546,,,no,,,4793,es,,,,,,es,andalucia,jaen
lacteos-la-nora-alcala-la-real,Lácteos La Ñora,Alcalá la Real,Lácteos y quesos,"Queso añejo de cabra de leche cruda, queso de cabra curado en aceite de oliva","23680 Alcalá la Real, Jaén, España",Empresa familiar de Alcalá la Real que desde 1989 elabora a mano quesos de leche cruda de su propia ganadería con cuajo vegetal; distintivo Degusta Jaén Calidad.,Consultar contacto directo,,,,,,,37.4625,-3.92278,,pendiente,no comprobado,,,7966,es,,,,,,es,andalucia,jaen
quesos-sierra-de-la-hoya-noalejo,Quesos Artesanos Sierra de la Hoya,Noalejo,Lácteos y quesos,"Queso fresco, semicurado, curado y en aceite de oliva","23658 Noalejo, Jaén, España","Quesería artesanal de Noalejo, entre la Sierra Sur y Sierra Mágina, que elabora quesos de cabra frescos, semicurados, curados y en aceite.",Consultar contacto directo,+34692219780,,,,,,37.52944,-3.65361,,pendiente,no comprobado,,,10742,es,,,,,,es,andalucia,jaen
cooperativa-la-quinta-esencia-jodar,Coop. Stmo. Cristo de la Misericordia (La Quinta Esencia),Jódar,Aceite,AOVE La Quinta Esencia (DOP Sierra Mágina),"Camino del Canónigo, s/n, 23500 Jódar, Jaén","Cooperativa olivarera de Jódar (desde 1952), DOP Sierra Mágina; elabora AOVE con la marca La Quinta Esencia y tienda online.",,+34953785031,info@laquintaesencia.com,https://laquintaesencia.com,,,https://www.google.com/maps/search/?api=1&query=Coop.%20Stmo.%20Cristo%20de%20la%20Misericordia%20%28La%20Quinta%20Esencia%29%2C%20Camino%20del%20Can%C3%B3nigo%2C%20s%2Fn%2C%2023500%20J%C3%B3dar%2C%20Ja%C3%A9n&query_place_id=ChIJZ4OyAPRbbg0RlpsW_lufsCg,37.84068,-3.35487,/productores/es/andalucia/jaen/cooperativa-la-quinta-esencia-jodar.webp,,sí,ecommerce,,4416,es,,,,,,es,andalucia,jaen
cooperativa-bedmarense-magnasur-bedmar,Coop. Bedmarense (Magnasur),Bedmar y Garcíez,Aceite,"AOVE Magnasur, Oro Magnasur (DOP Sierra Mágina)","Polígono Industrial Los Llanos, s/n, 23537 Bedmar, Jaén","Cooperativa olivarera de Bedmar (desde 1950), DOP Sierra Mágina; elabora AOVE con las marcas Magnasur y Oro Magnasur, con tienda online.",,+34953760057,comercial@magnasur.com,https://magnasur.com,,,https://www.google.com/maps/search/?api=1&query=Coop.%20Bedmarense%20%28Magnasur%29%2C%20Pol%C3%ADgono%20Industrial%20Los%20Llanos%2C%20s%2Fn%2C%2023537%20Bedmar%2C%20Ja%C3%A9n&query_place_id=ChIJQaVEw_Vdbg0R3AJtn9AGUac,37.827790,-3.417520,/productores/es/andalucia/jaen/cooperativa-bedmarense-magnasur-bedmar.webp,,sí,ecommerce,,4387,es,,,,,,es,andalucia,jaen
oleozumo-mancha-real,Oleozumo (Orozumo),Mancha Real,Aceite,AOVE Orozumo (DOP Sierra Mágina),"C/ Camino Ancho, s/n, 23100 Mancha Real, Jaén","Almazara de Mancha Real, DOP Sierra Mágina; elabora AOVE con la marca Orozumo y tienda online.",,+34953350086,info@oleozumo.com,https://www.oleozumo.com,,,https://www.google.com/maps/search/?api=1&query=Oleozumo%20%28Orozumo%29%2C%20C%2F%20Camino%20Ancho%2C%20s%2Fn%2C%2023100%20Mancha%20Real%2C%20Ja%C3%A9n&query_place_id=ChIJ25gMi_p6bg0RphXjFeQkeiw,37.795587,-3.612681,/productores/es/andalucia/jaen/oleozumo-mancha-real.webp,,sí,ecommerce,,9215,es,,,,,,es,andalucia,jaen
cooperativa-san-francisco-albanchez-de-magina,Coop. San Francisco (Reino de Jaén),Albanchez de Mágina,Aceite,"AOVE Reino de Jaén, Aznaitín (DOP Sierra Mágina)","Plaza de la Constitución, 5, 23538 Albanchez de Mágina, Jaén","Cooperativa centenaria (1919) de Albanchez de Mágina, DOP Sierra Mágina; AOVE elaborado íntegramente en el municipio (marcas Reino de Jaén, Aznaitín), con tienda online.",,+34953358353,,https://www.aovesierramagina.com,,,https://www.google.com/maps/search/?api=1&query=Coop.%20San%20Francisco%20%28Reino%20de%20Ja%C3%A9n%29%2C%20Plaza%20de%20la%20Constituci%C3%B3n%2C%205%2C%2023538%20Albanchez%20de%20M%C3%A1gina%2C%20Ja%C3%A9n&query_place_id=ChIJIY_DW1Bmbg0RnHZ7h4FDoMc,37.792146,-3.468318,/productores/es/andalucia/jaen/cooperativa-san-francisco-albanchez-de-magina.webp,,sí,ecommerce,,4404,es,,,,,,es,andalucia,jaen
cooperativa-esmeralda-de-magina-cambil,Coop. Unión Oleícola Cambil (Esmeralda de Mágina),Cambil,Aceite,AOVE Esmeralda de Mágina (DOP Sierra Mágina),"Ctra. A-324, km 138, 23120 Cambil, Jaén","Cooperativa de Cambil, DOP Sierra Mágina; elabora AOVE de forma respetuosa (marca Esmeralda de Mágina) con tienda online.",,+34953300355,info@esmeraldamagina.es,https://esmeraldamagina.es,,,https://www.google.com/maps/search/?api=1&query=Coop.%20Uni%C3%B3n%20Ole%C3%ADcola%20Cambil%20%28Esmeralda%20de%20M%C3%A1gina%29%2C%20Ctra.%20A-324%2C%20km%20138%2C%2023120%20Cambil%2C%20Ja%C3%A9n&query_place_id=ChIJ494L3hZubg0ReRfaEtfFetA,37.67685,-3.56492,,,sí,ecommerce,,4418,es,,,,,,es,andalucia,jaen
cooperativa-salud-sierra-cabra-del-santo-cristo,Coop. La Unión del Santo Cristo (Salud Sierra),Cabra del Santo Cristo,Aceite,AOVE Salud Sierra (DOP Sierra Mágina),"Cabra del Santo Cristo, 23320 Jaén","Cooperativa olivarera de Cabra del Santo Cristo, DOP Sierra Mágina; elabora AOVE con la marca Salud Sierra y tienda online.",,+34953397027,,https://saludsierra.es,,,https://www.google.com/maps/search/?api=1&query=Coop.%20La%20Uni%C3%B3n%20del%20Santo%20Cristo%20%28Salud%20Sierra%29%2C%20Cabra%20del%20Santo%20Cristo%2C%2023320%20Ja%C3%A9n&query_place_id=ChIJTZ-RvblFbg0RF0qK7WBYeWw,37.703622,-3.286707,/productores/es/andalucia/jaen/cooperativa-salud-sierra-cabra-del-santo-cristo.webp,,sí,ecommerce,,4392,es,,,,,,es,andalucia,jaen
cooperativa-virgen-de-la-cabeza-campillo-de-arenas,Coop. Ntra. Sra. de la Cabeza (Vergilia),Campillo de Arenas,Aceite,"AOVE Vergilia, Oro Puerta de Arenas (DOP Sierra Mágina)","A-44, km 74, 23130 Campillo de Arenas, Jaén","Cooperativa de Campillo de Arenas, DOP Sierra Mágina; elabora íntegramente su AOVE (marcas Vergilia y Oro Puerta de Arenas) con tienda online.",,+34953309027,info@cooperativacampillodearenas.com,https://cooperativacampillodearenas.com,,,,37.613577,-3.600997,,,sí,ecommerce,,4396,es,,,,,,es,andalucia,jaen
cooperativa-sierra-de-arbuniel-cambil,Coop. Ntra. Sra. del Rosario (Sierra de Arbuniel),Cambil,Aceite,AOVE Sierra de Arbuniel (DOP Sierra Mágina),"Arbuniel, 23193 Cambil, Jaén","Cooperativa olivarera de Arbuniel (Cambil), DOP Sierra Mágina (marca Sierra de Arbuniel). Web propia con error de servidor en la revisión.",,+34953304407,,https://www.aceitesierradearbuniel.com,,,https://www.google.com/maps/search/?api=1&query=Coop.%20Ntra.%20Sra.%20del%20Rosario%20%28Sierra%20de%20Arbuniel%29%2C%20Arbuniel%2C%2023193%20Cambil%2C%20Ja%C3%A9n&query_place_id=ChIJ9TBvpP9sbg0RlEFSqMKtbbk,37.628263,-3.538091,,pendiente,no comprobado,,,4398,es,,,,,,es,andalucia,jaen
cooperativa-solana-de-carchel-carcheles,Coop. San Antonio Abad (Solana de Cárchel),Cárcheles,Aceite,AOVE Solana de Cárchel (DOP Sierra Mágina),"Cárchel, 23192 Cárcheles, Jaén","Cooperativa olivarera de Cárchel (Cárcheles), inscrita en la DOP Sierra Mágina, que elabora AOVE con la marca Solana de Cárchel.",,+34953302332,,,,,,37.653620,-3.636515,,pendiente,no comprobado,,,4401,es,,,,,,es,andalucia,jaen
cooperativa-senorio-de-mesia-la-guardia-de-jaen,Coop. San Sebastián (Señorío de Mesía),La Guardia de Jaén,Aceite,AOVE ecológico Señorío de Mesía (DOP Sierra Mágina),"Ctra. de Jaén, km 5,8, 23170 La Guardia de Jaén","Cooperativa de La Guardia de Jaén, DOP Sierra Mágina; AOVE ecológico con la marca Señorío de Mesía y tienda online.",,+34953327123,info@senoriodemesia.es,https://senoriodemesia.es,,,https://www.google.com/maps/search/?api=1&query=Coop.%20San%20Sebasti%C3%A1n%20%28Se%C3%B1or%C3%ADo%20de%20Mes%C3%ADa%29%2C%20Ctra.%20de%20Ja%C3%A9n%2C%20km%205%2C8%2C%2023170%20La%20Guardia%20de%20Ja%C3%A9n&query_place_id=ChIJjbCQrCt4bg0ROWb48SydnF0,37.758503,-3.718874,,,sí,ecommerce,,4414,es,,,,,,es,andalucia,jaen
finca-alamillos-del-prior-jimena,Finca Alamillos del Prior,Jimena,Aceite,"AOVE ediciones limitadas DOP Sierra Mágina, mermeladas de higo","Jimena, 23530 Jaén","Almazara de finca en Jimena (finca de 1892, al pie del Aznaitín), DOP Sierra Mágina; ediciones limitadas de AOVE y mermeladas de higo, con tienda online.",,+34686480128,info@fincaalamillosdelprior.com,https://www.fincaalamillosdelprior.com,,,,37.840927,-3.476363,/productores/es/andalucia/jaen/finca-alamillos-del-prior-jimena.webp,,sí,ecommerce,,5811,es,,,,,,es,andalucia,jaen
aceites-cazorla-cazorla,S.C.A. Aceites Cazorla (Azorla),Cazorla,Aceite,AOVE DOP Sierra de Cazorla,"Ctra. de Peal a Cazorla, km 10,5, 23470 Cazorla, Jaén",Cooperativa de Cazorla; AOVE con la marca Azorla y tienda online.,,+34953724031,cazorla@aceitescazorla.com,https://aceitescazorla.com,,,,37.918354,-3.083143,/productores/es/andalucia/jaen/aceites-cazorla-cazorla.webp,,sí,ecommerce,,11210,es,,,,,,es,andalucia,jaen
cooperativa-la-union-de-chilluevar,S.C.A. La Unión de Chilluévar (Cañamares),Chilluévar,Aceite,AOVE DOP Sierra de Cazorla,"Chilluévar, 23486 Jaén",Cooperativa de Chilluévar; elabora AOVE de sus olivos (marca Cañamares) con tienda online.,,,,https://www.scalauniondechilluevar.com,,,https://www.google.com/maps/search/?api=1&query=S.C.A.%20La%20Uni%C3%B3n%20de%20Chillu%C3%A9var%20%28Ca%C3%B1amares%29%2C%20Chillu%C3%A9var%2C%2023486%20Ja%C3%A9n&query_place_id=ChIJrTcKHkABbw0RW3GUqBTs6lc,38.001856,-3.031418,/productores/es/andalucia/jaen/cooperativa-la-union-de-chilluevar.webp,,sí,ecommerce,,11222,es,,,,,,es,andalucia,jaen
caseria-de-santa-julia-aceitex-peal-de-becerro,Casería de Santa Julia (Aceitex),Peal de Becerro,Aceite,AOVE DOP Sierra de Cazorla,"Peal de Becerro, 23460 Jaén",Empresa familiar de Peal de Becerro (desde 1920) con almazara propia (Casería de Santa Julia); AOVE DOP Sierra de Cazorla con tienda online.,,+34953243195,comercial@aceitexp.com,https://aceitexp.com,,,https://www.google.com/maps/search/?api=1&query=Caser%C3%ADa%20de%20Santa%20Julia%20%28Aceitex%29%2C%20Peal%20de%20Becerro%2C%2023460%20Ja%C3%A9n&query_place_id=ChIJ_____w9Vbg0R8jYSiWRPUcE,37.912140,-3.124060,/productores/es/andalucia/jaen/caseria-de-santa-julia-aceitex-peal-de-becerro.webp,,sí,ecommerce,,3469,es,,,,,,es,andalucia,jaen
almazara-rotalaya-quesada,Almazara Rotalaya (Trame),Quesada,Aceite,AOVE DOP Sierra de Cazorla,"Quesada, 23480 Jaén","Almazara de Quesada (Explotaciones Agroalimentarias Trame), a la entrada del Parque de Cazorla; AOVE DOP Sierra de Cazorla con tienda online.",,+34953281584,,https://www.aceitesrotalaya.com,,,,37.842982,-3.066921,,,sí,ecommerce,,668,es,,,,,,es,andalucia,jaen
cooperativa-santo-tomas-apostol-santo-tome,S.C.A. Santo Tomás Apóstol,Santo Tomé,Aceite,AOVE DOP Sierra de Cazorla,"Santo Tomé, 23350 Jaén","Cooperativa de Santo Tomé, DOP Sierra de Cazorla (marcas La Vega Santo Tomé, Estados Santo Tomé). Web propia con error de certificado en la revisión.",,+34953736010,,https://www.cooperativasantotomas.es,,,https://www.google.com/maps/search/?api=1&query=S.C.A.%20Santo%20Tom%C3%A1s%20Ap%C3%B3stol%2C%20Santo%20Tom%C3%A9%2C%2023350%20Ja%C3%A9n&query_place_id=ChIJRS8IZ_v9bg0RmlwvNtuhSd4,38.027377,-3.099933,,pendiente,no comprobado,,,11246,es,,,,,,es,andalucia,jaen
aceites-guadalentin-olizumo-pozo-alcon,Aceites Guadalentín (Olizumo),Pozo Alcón,Aceite,AOVE DOP Sierra de Cazorla,"Pozo Alcón, 23485 Jaén","Almazara de Pozo Alcón, DOP Sierra de Cazorla (marca Olizumo). Web propia con acceso restringido (403) en la revisión.",,+34953738035,,https://www.aceitesguadalentin.com,,,https://www.google.com/maps/search/?api=1&query=Aceites%20Guadalent%C3%ADn%20%28Olizumo%29%2C%20Pozo%20Alc%C3%B3n%2C%2023485%20Ja%C3%A9n&query_place_id=ChIJbVfcnQm6bw0RL2Zmb0-UNl8,37.702695,-2.935057,/productores/es/andalucia/jaen/aceites-guadalentin-olizumo-pozo-alcon.webp,pendiente,no comprobado,,,172,es,,,,,,es,andalucia,jaen
cooperativa-hueoliva-huesa,S.C.A. Ntra. Sra. de la Cabeza (Hueoliva),Huesa,Aceite,AOVE DOP Sierra de Cazorla,"Huesa, 23492 Jaén","Cooperativa de Huesa, DOP Sierra de Cazorla (marca Hueoliva), con tienda online. Web con certificado mal configurado en la revisión.",,+34953715403,,https://tienda.aceitehueoliva.es,,,https://www.google.com/maps/search/?api=1&query=S.C.A.%20Ntra.%20Sra.%20de%20la%20Cabeza%20%28Hueoliva%29%2C%20Huesa%2C%2023492%20Ja%C3%A9n&query_place_id=ChIJIQUw5aGybw0RCSS2i9HSYYg,37.764267,-3.077323,,pendiente,no comprobado,,,11223,es,,,,,,es,andalucia,jaen
oro-tradicional-beas-de-segura,Oro Tradicional,Beas de Segura,Aceite,AOVE DOP Sierra de Segura,"Pol. Ind. El Cornicabral, parcela 301, 23280 Beas de Segura, Jaén","Almazara de Beas de Segura (DOP Sierra de Segura); AOVE de cosecha temprana de olivar de montaña, con tienda online.",,+34657090960,,https://orotradicional.com,,,https://www.google.com/maps/search/?api=1&query=Oro%20Tradicional%2C%20Pol.%20Ind.%20El%20Cornicabral%2C%20parcela%20301%2C%2023280%20Beas%20de%20Segura%2C%20Ja%C3%A9n&query_place_id=ChIJGwhJrOwZbw0R6zHd5TYb5HU,38.267839,-2.948074,/productores/es/andalucia/jaen/oro-tradicional-beas-de-segura.webp,,sí,ecommerce,,9332,es,,,,,,es,andalucia,jaen
sierra-de-genave-genave,Sierra de Génave,Génave,Aceite,AOVE DOP Sierra de Segura,"JV-7053, 43, 23392 Génave, Jaén","Cooperativa ecológica (CAAE) de Génave, DOP Sierra de Segura; AOVE con las marcas Oro de Génave, Sierra de Génave y Olivero, con tienda online.",,+34953493153,cooperativa@sierradegenave.com,https://www.sierradegenave.com,,,https://www.google.com/maps/search/?api=1&query=Sierra%20de%20G%C3%A9nave%2C%20JV-7053%2C%2043%2C%2023392%20G%C3%A9nave%2C%20Ja%C3%A9n&query_place_id=ChIJyafgWzRGbw0RvfJ-N7FQK6A,38.429952,-2.733030,,,sí,ecommerce,,11569,es,,,,,,es,andalucia,jaen
cooperativa-chorro-de-oro-torres-de-albanchez,S.C.A. Virgen del Campo (Chorro de Oro),Torres de Albanchez,Aceite,AOVE DOP Sierra de Segura,"23391 Torres de Albanchez, Jaén","Cooperativa de Torres de Albanchez, DOP Sierra de Segura (marca Chorro de Oro, premio Ardilla 2023-2024); venta directa de almazara con tienda online.",,+34953494065,info@aceiteschorrodeoro.es,https://aceiteschorrodeoro.es,,,https://www.google.com/maps/search/?api=1&query=S.C.A.%20Virgen%20del%20Campo%20%28Chorro%20de%20Oro%29%2C%2023391%20Torres%20de%20Albanchez%2C%20Ja%C3%A9n&query_place_id=ChIJx_xSistFbw0RMsxcNeSTBCM,38.415368,-2.676730,/productores/es/andalucia/jaen/cooperativa-chorro-de-oro-torres-de-albanchez.webp,,sí,ecommerce,,11249,es,,,,,,es,andalucia,jaen
cortijo-la-zarza-arroyo-del-ojanco,Cortijo La Zarza,Arroyo del Ojanco,Aceite,AOVE DOP Sierra de Segura,"Arroyo del Ojanco, 23340 Jaén","Almazara de finca en Arroyo del Ojanco, DOP Sierra de Segura; AOVE picual de olivar tradicional propio, con tienda online.",,+34651505486,hola@cortijolazarza.com,https://cortijolazarza.com,,,https://www.google.com/maps/search/?api=1&query=Cortijo%20La%20Zarza%2C%20Arroyo%20del%20Ojanco%2C%2023340%20Ja%C3%A9n&query_place_id=ChIJR0cqfUI9bw0R1MJdJkr33ig,38.321792,-2.893453,,,sí,ecommerce,,4652,es,,,,,,es,andalucia,jaen
the-green-gold-oh-hornos-de-segura,The Green Gold Olive Oil Company (Oh!),Hornos,Aceite,AOVE DOP Sierra de Segura,"Calle Eras, 2, 23292 Hornos de Segura, Jaén","Almazara premium de Hornos de Segura, DOP Sierra de Segura; AOVE de cosecha temprana con la marca Oh!, con tienda online.",,+34628980266,greengold@ggoliveoilcompany.com,https://ggoliveoilcompany.com,,,https://www.google.com/maps/search/?api=1&query=The%20Green%20Gold%20Olive%20Oil%20Company%20%28Oh%21%29%2C%20Calle%20Eras%2C%202%2C%2023292%20Hornos%20de%20Segura%2C%20Ja%C3%A9n&query_place_id=ChIJVW44jRZrbw0RXDHzxKV7inA,38.21674,-2.71918,,,sí,ecommerce,,11818,es,,,,,,es,andalucia,jaen
oleofer-tierras-de-tavara-la-puerta-de-segura,Oleofer (Tierras de Tavara),La Puerta de Segura,Aceite,"AOVE picual Tierras de Tavara (convencional y ecológico), aceitunas gourmet","Ctra. Puente de Génave-La Puerta de Segura, km 0,3, 23360 La Puerta de Segura, Jaén","Almazara familiar de La Puerta de Segura (Oleofer, S.L., +50 años; DOP Sierra de Segura) con marca propia Tierras de Tavara (aceite, aceitunas gourmet y línea ecológica desde 2012); primera almazara de la comarca especializada en oleoturismo, con tienda online propia.",,+34953487173,,https://www.oleofer.com,,,,38.34968,-2.73662,,,sí,ecommerce,,9206,es,,,,,,es,andalucia,jaen
aceites-el-carrascal-torres-de-albanchez,Aceites El Carrascal,Torres de Albanchez,Aceite,AOVE picual DOP Sierra de Segura,"Ctra. Siles a Torres de Albanchez, s/n, 23391 Torres de Albanchez, Jaén","Almazara de Torres de Albanchez (Aceites El Carrascal de la Sierra de Segura, S.A., desde 1988; DOP Sierra de Segura), AOVE de picual reconocido con el premio Reino de Jaén, con web propia.",Tienda online; envío gratis a Península,+34656904570,,https://aceiteselcarrascal.com,,,https://www.google.com/maps/search/?api=1&query=Aceites%20El%20Carrascal%2C%20Ctra.%20Siles%20a%20Torres%20de%20Albanchez%2C%20s%2Fn%2C%2023391%20Torres%20de%20Albanchez%2C%20Ja%C3%A9n&query_place_id=ChIJ4b6VaBtFbw0RQdd5CwCkcBQ,38.41503,-2.67721,/productores/es/andalucia/jaen/aceites-el-carrascal-torres-de-albanchez.webp,,sí,ecommerce,,165,es,,,,,,es,andalucia,jaen
cooperativa-san-juan-de-la-cruz-orobeas-beas-de-segura,Coop. San Juan de la Cruz (Orobeas),Beas de Segura,Aceite,AOVE picual Orobeas y Saqura DOP Sierra de Segura,"Ctra. Beas de Segura-Cortijos Nuevos, km 3, 23280 Beas de Segura, Jaén","Cooperativa olivarera de Beas de Segura (fundada en 1950, 900 socios; DOP Sierra de Segura), miembro del grupo Olivar de Segura pero con marca de consumo propia (Orobeas, Saqura) y tienda online sin intermediarios.",,+34953424803,info@orobeas.com,https://orobeas.com,,,,38.25194,-2.89167,,,sí,ecommerce,,4409,es,,,,,,es,andalucia,jaen
cooperativa-la-vicaria-puente-de-genave,Coop. La Vicaría,Puente de Génave,Aceite,AOVE picual y ecológico DOP Sierra de Segura,"Pol. Ind. La Vicaría, N-322 km 222, 23350 Puente de Génave, Jaén",Cooperativa olivarera de Puente de Génave (DOP Sierra de Segura); elabora y envasa AOVE de picual y ecológico con web propia. No confundir con la Quesería Cortijo La Vicaría del mismo municipio.,Tienda online,+34953435129,contacto@aceiteslavicaria.com,https://www.aceiteslavicaria.com/,,,https://www.google.com/maps/search/?api=1&query=Coop.%20La%20Vicar%C3%ADa%2C%20Pol.%20Ind.%20La%20Vicar%C3%ADa%2C%20N-322%20km%20222%2C%2023350%20Puente%20de%20G%C3%A9nave%2C%20Ja%C3%A9n&query_place_id=ChIJjcj4RmE_bw0RRNlITZGM2rU,38.35457,-2.8032,,,sí,ecommerce,,4393,es,,,,,,es,andalucia,jaen
cooperativa-san-marcos-natao-beas-de-segura,Coop. San Marcos (Natao),Beas de Segura,Aceite,AOVE picual Natao (incl. cosecha temprana) DOP Sierra de Segura,"La Ventilla de Beas, 23280 Beas de Segura, Jaén","Cooperativa olivarera de Beas de Segura (desde 1961; DOP Sierra de Segura) con marca propia Natao; AOVE de picual de la Sierra de Segura, con tienda online propia (envío gratis desde 150 €). Distinta de la Coop. Hortofrutícola San Marcos de Torres.",,+34953424805,sanmarcos@almazaras.com,https://www.aceitesnatao.com,,,,38.25194,-2.89167,,,sí,ecommerce,,4410,es,,,,,,es,andalucia,jaen
cooperativa-santa-teresa-de-jesus-aceibes-beas-de-segura,Coop. Santa Teresa de Jesús (Aceibes),Beas de Segura,Aceite,AOVE picual Aceibes DOP Sierra de Segura,"Ctra. Beas de Segura-Cortijos Nuevos, km 0,5, 23280 Beas de Segura, Jaén","Cooperativa olivarera de Beas de Segura (fundada a finales de los años 60; DOP Sierra de Segura) con marca propia Aceibes; AOVE de picual del parque natural Cazorla-Segura-Las Villas, con tienda online propia.",,+34953424757,info@aceibes.com,https://aceibes.com,,,https://www.google.com/maps/search/?api=1&query=Coop.%20Santa%20Teresa%20de%20Jes%C3%BAs%20%28Aceibes%29%2C%20Ctra.%20Beas%20de%20Segura-Cortijos%20Nuevos%2C%20km%200%2C5%2C%2023280%20Beas%20de%20Segura%2C%20Ja%C3%A9n&query_place_id=ChIJf5WEYwEYbw0R2Qyg7z_ime0,38.25194,-2.89167,/productores/es/andalucia/jaen/cooperativa-santa-teresa-de-jesus-aceibes-beas-de-segura.webp,,sí,ecommerce,,4415,es,,,,,,es,andalucia,jaen
cooperativa-virgen-del-campo-genave,Coop. Virgen del Campo (Génave),Génave,Aceite,AOVE picual DOP Sierra de Segura (Aceite de Génave),"Avenida de Andalucía, 17, 23392 Génave, Jaén","Cooperativa olivarera de Génave (S.C.A. Ntra. Sra. Virgen del Campo; DOP Sierra de Segura), AOVE de picual con web propia (aceitedegenave.es). Distinta de la Coop. Sierra de Génave (marca Oro de Génave) y de la Virgen del Campo de Torres de Albanchez (Chorro de Oro).",,+34953493224,,https://www.aceitedegenave.es,,,https://www.google.com/maps/search/?api=1&query=Coop.%20Virgen%20del%20Campo%20%28G%C3%A9nave%29%2C%20Avenida%20de%20Andaluc%C3%ADa%2C%2017%2C%2023392%20G%C3%A9nave%2C%20Ja%C3%A9n&query_place_id=ChIJsfsrqUtGbw0R2pnhkbPy8vw,38.42995,-2.73303,,,no comprobado,,,4419,es,,,,,,es,andalucia,jaen
cooperativa-san-francisco-arroyo-del-ojanco,Coop. San Francisco (Arroyo del Ojanco),Arroyo del Ojanco,Aceite,AOVE picual DOP Sierra de Segura,"Ctra. N-322, PK 215, 23340 Arroyo del Ojanco, Jaén","Cooperativa olivarera de Arroyo del Ojanco (fundada en 1947, 858 socios; DOP Sierra de Segura); elabora AOVE de picual con tienda online propia. Distinta de Oleícola San Francisco (Begíjar) y de la S.C.A. San Francisco de Mancha Real.",,+34953420104,cooperativasanfrancisco@hotmail.com,https://scasanfrancisco.es,,,https://www.google.com/maps/search/?api=1&query=Coop.%20San%20Francisco%20%28Arroyo%20del%20Ojanco%29%2C%20Ctra.%20N-322%2C%20PK%20215%2C%2023340%20Arroyo%20del%20Ojanco%2C%20Ja%C3%A9n&query_place_id=ChIJh-ZnyRw9bw0Rc-uaVHWy8vc,38.32083,-2.89472,/productores/es/andalucia/jaen/cooperativa-san-francisco-arroyo-del-ojanco.webp,,sí,ecommerce,,4403,es,,,,,,es,andalucia,jaen
cooperativa-agrosegura-la-puerta-de-segura,Agrosegura Aceites,La Puerta de Segura,Aceite,AOVE picual de montaña Agrolea DOP Sierra de Segura,"La Puerta de Segura, Jaén","Cooperativa olivarera de La Puerta de Segura (Agrosegura, desde 1998, fusión de Agrolea, Asunción y El Molinete; DOP Sierra de Segura), la mayor de la comarca; AOVE de picual de montaña con marca propia Agrolea y tienda online propia (extracción en frío, premios en Japón y Dubái).",,+34953486423,,https://agroseguraaceites.com,https://www.facebook.com/agroseguraaceites/,,https://www.google.com/maps/search/?api=1&query=Agrosegura%20Aceites%2C%20La%20Puerta%20de%20Segura%2C%20Ja%C3%A9n&query_place_id=ChIJgVYlsM1Abw0RpPRcw-Pnhaw,38.34968,-2.73662,/productores/es/andalucia/jaen/cooperativa-agrosegura-la-puerta-de-segura.webp,,sí,ecommerce,,469,es,,,,,,es,andalucia,jaen
cooperativa-san-isidro-el-puntal-de-siles-siles,Coop. San Isidro de Siles (El Puntal de Siles),Siles,Aceite,AOVE picual El Puntal de Siles DOP Sierra de Segura,"Ctra. de la Puerta, 28, 23380 Siles, Jaén","Cooperativa olivarera de Siles (San Isidro, desde 1953, +900 socios; única almazara del pueblo, DOP Sierra de Segura), a más de 840 m de altitud; AOVE de picual con marca propia El Puntal de Siles y tienda online propia.",,+34953490054,sanisidrosiles@gmail.com,https://elpuntaldesiles.com,,,https://www.google.com/maps/search/?api=1&query=Coop.%20San%20Isidro%20de%20Siles%20%28El%20Puntal%20de%20Siles%29%2C%20Ctra.%20de%20la%20Puerta%2C%2028%2C%2023380%20Siles%2C%20Ja%C3%A9n&query_place_id=ChIJD8AqP3Fbbw0RwnZ6cNLkSBo,38.38786,-2.58264,/productores/es/andalucia/jaen/cooperativa-san-isidro-el-puntal-de-siles-siles.webp,,sí,ecommerce,,4406,es,,,,,,es,andalucia,jaen
cooperativa-san-isidro-labrador-benatae,Coop. San Isidro Labrador (Benatae),Benatae,Aceite,AOVE picual DOP Sierra de Segura,"El Aceral, 23370 Benatae, Jaén","Cooperativa olivarera de Benatae (S.C.A. San Isidro Labrador; DOP Sierra de Segura); elabora aceite de oliva virgen extra de picual. Distinta de las otras cooperativas homónimas «San Isidro» de la provincia (Huelma, Siles).",,+34953482010,sanisidrobenatae@yahoo.es,,,,https://www.google.com/maps/search/?api=1&query=Coop.%20San%20Isidro%20Labrador%20%28Benatae%29%2C%20El%20Aceral%2C%2023370%20Benatae%2C%20Ja%C3%A9n&query_place_id=ChIJe9EA0HNDbw0RKhPrShtJnzY,38.35287,-2.65177,,pendiente,no comprobado,,,4407,es,,,,,,es,andalucia,jaen
cooperativa-san-juan-bautista-puente-de-genave,Coop. San Juan Bautista (Puente de Génave),Puente de Génave,Aceite,AOVE picual DOP Sierra de Segura,"Ctra. Peñolite, 1, 23359 Puente de Génave, Jaén","Cooperativa del campo de Puente de Génave (Peñolite; S.C.A. San Juan Bautista, DOP Sierra de Segura), miembro del grupo Olivar de Segura; elabora aceite de oliva virgen extra de picual.",,+34953435316,,,,,,38.35457,-2.8032,,pendiente,no comprobado,,,4408,es,,,,,,es,andalucia,jaen
cooperativa-san-bartolome-villarrodrigo,Coop. San Bartolomé (Villarrodrigo),Villarrodrigo,Aceite,AOVE picual DOP Sierra de Segura,"C/ Cuesta del Álamo, 1, 23393 Villarrodrigo, Jaén",Cooperativa almazara de Villarrodrigo (S.C.A. San Bartolomé; DOP Sierra de Segura); elabora aceite de oliva virgen extra de picual.,,+34953484158,coopsanbartolome@hotmail.com,,,,https://www.google.com/maps/search/?api=1&query=Coop.%20San%20Bartolom%C3%A9%20%28Villarrodrigo%29%2C%20C%2F%20Cuesta%20del%20%C3%81lamo%2C%201%2C%2023393%20Villarrodrigo%2C%20Ja%C3%A9n&query_place_id=ChIJKd-CV8hPbw0RjB5gmsBvJe0,38.4871,-2.63611,,pendiente,no comprobado,,,4402,es,,,,,,es,andalucia,jaen
gutamarta-entreyelmos-segura-de-la-sierra,Gutamarta — Entreyelmos,Segura de la Sierra,Aceite,"AOVE Entreyelmos, Saqura, Mar de Olivos, Señorío de Segura","Ctra. del Ojuelo, s/n, 23293 Cortijos Nuevos, Segura de la Sierra, Jaén","Cooperativa de Cortijos Nuevos que produce, envasa y comercializa AOVE de montaña con DOP Sierra de Segura y aceite ecológico bajo la marca Entreyelmos y otras referencias propias.",,+34953496279,contacto@entreyelmos.es,https://entreyelmos.es/,,,https://www.google.com/maps/search/?api=1&query=Gutamarta%20%E2%80%94%20Entreyelmos%2C%20Ctra.%20del%20Ojuelo%2C%20s%2Fn%2C%2023293%20Cortijos%20Nuevos%2C%20Segura%20de%20la%20Sierra%2C%20Ja%C3%A9n&query_place_id=ChIJuaRxGUxqbw0R0t6b3iO8VT0,38.2518706,-2.7181021,/productores/es/andalucia/jaen/gutamarta-entreyelmos-segura-de-la-sierra.webp,,sí,ecommerce,,6669,es,,,,,,es,andalucia,jaen
embutidos-carchelejo-s-l-u,EMBUTIDOS CARCHELEJO S.L.U.,Cárcheles,Carne,embutidos y carnes de cerdo,"Cárcheles, Jaén, España",,,,,https://www.embutidoscarchelejo.com/home-food,,,,37.64459,-3.63858,/productores/es/andalucia/jaen/embutidos-carchelejo-s-l-u.webp,pendiente,no comprobado,,,12444,,,,,,,es,andalucia,jaen
soler-romero,Soler Romero,Alcaudete,Aceite,"aceite de oliva, aceitunas y vinagres","Alcaudete, Jaén, España",,,,,https://soler-romero.com,,,,37.58814,-4.08129,,pendiente,no comprobado,,Despensa artesanal,12445,,,,,,,es,andalucia,jaen
