slug,nombre,municipio,categoria,productos estrella,direccion,descripcion,horario,telefono,correo,web,Facebook,Instagram,Google Maps,lat,lon,imagen,verificacion,Venta online,Canal de venta
bodega-solana-de-la-bernarda-solana-de-la-bernarda-alanis,Bodega Solana de la Bernarda,Alanís,Vino,"Vinos artesanales rosado, blanco y tinto","Camino de los Guindales, s/n, 41380 Alanís, Sevilla","Proyecto familiar de viticultores de Alanís que elabora vinos singulares y organiza visitas y catas en su viñedo y bodega.",Consultar,+34637530804,bodegasolanadelabernarda@gmail.com,,https://www.facebook.com/people/Bodega-Solana-de-la-Bernarda/100083016912876/,https://www.instagram.com/bodegasolanadelabernarda/,https://www.google.com/maps/search/?api=1&query=Bodega%20Solana%20de%20la%20Bernarda%20Solana%20de%20la%20Bernarda%2C%20Cam.%20los%20Guindales%2C%2041380%20Alan%C3%ADs%2C%20Sevilla&query_place_id=ChIJt9vndUEJEw0R8wfP7GbLB0I,38.0448076,-5.7176312,,parcial,no comprobado,
los-romeros-de-alanis-romero-alvarez-alanis,Los Romeros de Alanís,Alanís,Carne,"Jamones, paletas, embutidos y loncheados ibéricos","Carretera Fuenteovejuna, 0, 41380 Alanís, Sevilla","Ganadería y fábrica familiar que controla en Alanís la cría, el despiece, la elaboración y la curación de productos del cerdo ibérico.",Consultar web o venta directa,+34954885912,pedidos@losromerosdealanis.com,https://losromerosdealanis.com,,,https://www.google.com/maps/search/?api=1&query=Los%20Romeros%20de%20Alan%C3%ADs%20Romero%20%C3%81lvarez%2C%20Carretera%20Fuenteovejuna%2C%200%2C%2041380%20Alan%C3%ADs%2C%20Sevilla&query_place_id=ChIJxULryjkIEw0RCQXPRrYgggQ,38.0390892,-5.7074675,/productores/es/andalucia/sevilla/los-romeros-de-alanis-romero-alvarez-alanis.webp,verificado,sí,ecommerce
la-sabrosita-olivaida-albaida-del-aljarafe,La Sabrosita,Albaida del Aljarafe,Conservas,"Aceitunas manzanilla y gordal aliñadas, rellenas y marinadas","C. Sevilla, 23, 41809 Albaida del Aljarafe, Sevilla","Marca de producción propia de Olivaida que elabora en Albaida del Aljarafe aceitunas sevillanas con aliños tradicionales y combinaciones innovadoras.",Tienda online,+34955719075,lasabrosita@lasabrosita.es,https://www.lasabrosita.es/,,,https://www.google.com/maps/search/?api=1&query=La%20Sabrosita%2C%20Albaida%20del%20Aljarafe%2C%20Sevilla,37.4283196,-6.1646459,/productores/es/andalucia/sevilla/la-sabrosita-olivaida-albaida-del-aljarafe.webp,verificado,sí,ecommerce
cafe-ab-sevillana-de-cafe-alcala-de-guadaira,Café AB,Alcalá de Guadaíra,Café,"Café de especialidad, blends, cápsulas e infusiones","C. Hacienda Dolores Siete, 35, 41500 Alcalá de Guadaíra, Sevilla","Tostadero familiar de Sevillana de Café que selecciona café en origen y controla su tueste en Alcalá de Guadaíra.",Consultar web,+34955631562,hola@cafeab.com,https://cafeab.com,https://www.facebook.com/ABcafeAB/,https://www.instagram.com/abcafeab/,https://www.google.com/maps/search/?api=1&query=Caf%C3%A9%20AB%20Sevillana%20de%20Caf%C3%A9%2C%20C.%20Hacienda%20Dolores%20Siete%2C%2035%2C%2041500%20Alcal%C3%A1%20de%20Guada%C3%ADra%2C%20Sevilla&query_place_id=ChIJAQAAAEB7Eg0RRKTpvzlfLeo,37.3604573,-5.8838816,/productores/es/andalucia/sevilla/cafe-ab-sevillana-de-cafe-alcala-de-guadaira.webp,verificado,sí,ecommerce
capon-de-galera-alcala-de-guadaira,Capón de Galera,Alcalá de Guadaíra,Conservas,"Gazpacho, salmorejo y cremas frescas de verduras","C. Cristalería Diez, nave 56, 41500 Alcalá de Guadaíra, Sevilla","Pequeña empresa de Alcalá de Guadaíra que fabrica gazpacho, salmorejo y cremas vegetales frescas sin conservantes ni tratamientos térmicos.",Consultar venta directa,+34658851373,capondegalera@gmail.com,,,,https://www.google.com/maps/search/?api=1&query=Cap%C3%B3n%20de%20Galera%2C%20Alcal%C3%A1%20de%20Guada%C3%ADra%2C%20Sevilla,37.3551024,-5.8765706,,parcial,no comprobado,
frutos-secos-san-blas-sucesores-de-frutos-secos-san-blas-alcala-de-guadaira,Frutos Secos San Blas,Alcalá de Guadaíra,Aperitivos,"Frutos secos tostados y fritos, frutas deshidratadas, semillas y aperitivos","Polígono Industrial Los Palillos, C. 5, nave 3, 41500 Alcalá de Guadaíra, Sevilla","Empresa familiar que fabrica y envasa frutos secos y aperitivos en Alcalá de Guadaíra, con gamas tradicionales, ecológicas y gourmet.",Tienda online,+34955631721,pedidos@frutossecossanblas.com,https://frutossecossanblas.com/,,https://www.instagram.com/frutossecos_sanblas/,https://www.google.com/maps/search/?api=1&query=Frutos%20Secos%20San%20Blas%2C%20Pol%C3%ADgono%20Los%20Palillos%2C%20Alcal%C3%A1%20de%20Guada%C3%ADra%2C%20Sevilla,37.3685483,-5.877039,/productores/es/andalucia/sevilla/frutos-secos-san-blas-sucesores-de-frutos-secos-san-blas-alcala-de-guadaira.webp,verificado,sí,ecommerce
salysol-sal-y-sol-alcala-de-guadaira,Salysol,Alcalá de Guadaíra,Aperitivos,"Frutos secos tostados, cócteles, snacks y golosinas","Polígono Industrial Fridex, C. Fridex Seis, parcela 79, 41500 Alcalá de Guadaíra, Sevilla","Fabricante sevillano de frutos secos y snacks enlatados que elabora y envasa sus productos en Alcalá de Guadaíra.",Tienda online,+34955631013,tiendaonline@salysol.com,https://salysol.com/,https://www.facebook.com/SalysolOficial/,https://www.instagram.com/salysol_oficial/,https://www.google.com/maps/search/?api=1&query=Salysol%2C%20Alcal%C3%A1%20de%20Guada%C3%ADra%2C%20Sevilla,37.3744019,-5.8961204,/productores/es/andalucia/sevilla/salysol-sal-y-sol-alcala-de-guadaira.webp,verificado,sí,ecommerce
tragus-obrador-camacho-sanchez-alcala-de-guadaira,Tragus,Alcalá de Guadaíra,Pan y cereal,"Pastelería, bollería, panadería y tartas","Poligono Industrial La Red, C. la Red Cinco, 13, 41500 Alcalá de Guadaíra, Sevilla","Obrador Camacho Sánchez elabora en Alcalá de Guadaíra pastelería, bollería, panes y tartas bajo la marca Tragus.",Consultar web o venta directa,+34625688898,pedidos@tragus.es,https://tragus.es,https://www.facebook.com/traguspasteleria/,https://www.instagram.com/tragus.pasteleria/,https://www.google.com/maps/search/?api=1&query=Tragus%20Obrador%20Camacho%20S%C3%A1nchez%2C%20Poligono%20Industrial%20La%20Red%2C%20C.%20la%20Red%20Cinco%2C%2013%2C%2041500%20Alcal%C3%A1%20de%20Guada%C3%ADra%2C%20Sevilla&query_place_id=ChIJG1bnK5xlEg0R9M0pdeGAfRw,37.3674945,-5.8831204,/productores/es/andalucia/sevilla/tragus-obrador-camacho-sanchez-alcala-de-guadaira.webp,verificado,sí,email|telefono
vermut-florum-alonso-jimenez-miguel-angel-alcala-de-guadaira,Vermut Florum,Alcalá de Guadaíra,Vermut,"Vermut rojo, blanco y vino aromatizado de naranja","Pol. Ind. La Red, C. La Red Veintisiete, 26, 41500 Alcalá de Guadaíra, Sevilla","Obrador de Miguel Ángel Alonso dedicado a la elaboración artesanal de vermut sevillano con vino, botánicos, cítricos, flores y especias.",Consultar web,+34637853595,vermutflorum@vermutflorum.com,https://www.vermutflorum.com/,,,https://www.google.com/maps/search/?api=1&query=Vermut%20Florum%20Alonso%20Jim%C3%A9nez%20Miguel%20%C3%81ngel%2C%20Pol.%20Ind.%20La%20Red%2C%20Calle%20la%20Red%20Veintisiete%2C%20n%C2%B0%2026%2C%2041500%20Alcal%C3%A1%20de%20Guada%C3%ADra%2C%20Sevilla&query_place_id=ChIJc2ZzSoZlEg0R5l5VSPfhvfI,37.3731325,-5.891293999999999,/productores/es/andalucia/sevilla/vermut-florum-alonso-jimenez-miguel-angel-alcala-de-guadaira.webp,verificado,sí,whatsapp
catering-hermanos-gonzalez-alcolea-del-rio,Catering Hermanos González,Alcolea del Río,Comida preparada,"Menús para colectividades, platos tradicionales y línea ecológica","C. D, 41449 Alcolea del Río, Sevilla","Empresa familiar con cocinas centrales en Alcolea del Río que elabora menús y platos preparados para colegios, residencias, empresas y hostelería.",Contratación bajo consulta,+34955644648,direccion@cateringhgonzalez.com,https://colectividadeshgonzalez.com/,,,https://www.google.com/maps/search/?api=1&query=Catering%20Hermanos%20Gonz%C3%A1lez%2C%20Alcolea%20del%20R%C3%ADo%2C%20Sevilla,37.6177085,-5.6616283,,verificado,no comprobado,
queseria-artesanal-rancho-villalba-concepcion-saldana-navarro-alcolea-del-rio,Quesería Artesanal Rancho Villalba,Alcolea del Río,Lácteos y quesos,"Quesos artesanos de cabra frescos, semicurados y curados","C. Colón, 10, 41449 Alcolea del Río, Sevilla","Quesería artesana de Alcolea del Río que elabora quesos de cabra con leche de su propio rebaño en pastoreo.",Venta directa bajo consulta,+34625528870,conchitasal74@gmail.com,https://www.facebook.com/QueseriaRanchoVillalba/,https://www.facebook.com/QueseriaRanchoVillalba/,,https://www.google.com/maps/search/?api=1&query=Queser%C3%ADa%20Artesanal%20Rancho%20Villalba%2C%20Alcolea%20del%20R%C3%ADo%2C%20Sevilla,37.61524,-5.66911,,parcial,no comprobado,
jamones-caballero-jamones-y-embutidos-caballero-almaden-de-la-plata,Jamones y Embutidos Caballero,Almadén de la Plata,Carne,"Jamones, paletas y embutidos ibéricos","Av. Andalucía, 35, 41240 Almadén de la Plata, Sevilla","Empresa familiar de Almadén de la Plata dedicada desde 1964 a elaborar y curar jamones, paletas y embutidos ibéricos.",Consultar web o venta directa,+34954735039,jamonescaballero@jamonescaballero.com,https://jamonescaballero.com,,https://www.instagram.com/jamonescaballero/,https://www.google.com/maps/search/?api=1&query=Jamones%20Caballero%20Jamones%20y%20Embutidos%20Caballero%2C%20Av.%20Andaluc%C3%ADa%2C%2035%2C%2041240%20Almad%C3%A9n%20de%20la%20Plata%2C%20Sevilla&query_place_id=ChIJt9gzpWXKEw0RYlZ-06DCFO4,37.8727226,-6.081830999999999,/productores/es/andalucia/sevilla/jamones-caballero-jamones-y-embutidos-caballero-almaden-de-la-plata.webp,verificado,sí,ecommerce
la-prieta-de-oro-antonio-sanchez-flores-arahal,La Prieta de Oro,Arahal,Conservas,"Aceituna prieta de Arahal, paté de aceituna y derivados","C. Chapistas, 17, 41600 Arahal, Sevilla","Productor de Arahal que recupera y elabora artesanalmente la aceituna prieta negra natural y otros productos derivados.",Consultar web o venta directa,+34645926940,info@aceitunaslaprieta.com,https://laprietadeoro.es/,,,https://www.google.com/maps/search/?api=1&query=La%20Prieta%20de%20Oro%2C%20Arahal%2C%20Sevilla,37.2468674,-5.547666,,verificado,sí,marketplace
el-macaco-productos-agricolas-y-transformados-arahal,El Macaco,Arahal,Aceite,"AOVE de manzanilla fina sevillana","Av. Virgen de Montemayor, 56, 41600 Arahal, Sevilla","Productor y envasador familiar de AOVE obtenido de aceituna manzanilla fina de la Campiña sevillana, con almazara propia en Finca Cameros.",Consultar web,+34954840733,info@elmacaco.com,https://elmacaco.com,https://www.facebook.com/AceiteDeOlivaVirgenExtraElMacaco/,,https://www.google.com/maps/search/?api=1&query=El%20Macaco%20Productos%20Agr%C3%ADcolas%20y%20Transformados%2C%20Av.%20Virgen%20de%20Montemayor%2C%2056%2C%2041600%20Arahal%2C%20Sevilla&query_place_id=ChIJuYo1XrCcEg0R9grLBU62rD0,37.2396852,-5.5540596,/productores/es/andalucia/sevilla/el-macaco-productos-agricolas-y-transformados-arahal.webp,verificado,sí,email|telefono
ibericos-benito-arahal,Ibéricos Benito,Arahal,Carne,"Jamones, paletas, embutidos y loncheados ibéricos","Ctra. Arahal - El Coronil Km 1.5, 41600 Arahal, Sevilla","Empresa familiar de Arahal que selecciona, elabora y cura productos ibéricos y mantiene instalaciones propias de producción.",Consultar web o venta directa,+34954840500,hola@ibericosbenito.com,https://ibericosbenito.com,,https://www.instagram.com/ibericos_benito/,https://www.google.com/maps/search/?api=1&query=Ib%C3%A9ricos%20Benito%2C%20Ctra.%20Arahal%20-%20El%20Coronil%20Km%201.5%2C%2041600%20Arahal%2C%20Sevilla&query_place_id=ChIJ_7zN0a-cEg0RbsxD41GBBcw,37.2427177,-5.5528588,/productores/es/andalucia/sevilla/ibericos-benito-arahal.webp,verificado,sí,ecommerce
labradores-de-la-campina-arahal,Labradores de la Campiña,Arahal,Conservas,"Aceitunas manzanilla y gordal; aceite de oliva virgen extra","Carretera Villamartín, km 2,4, 41600 Arahal, Sevilla","Cooperativa de 350 agricultores de Arahal que produce y envasa aceitunas de mesa manzanilla y gordal y elabora aceite de oliva.",Tienda online,+34954841301,pedidos@xn--labradoresdelacampia-m7b.com,https://xn--labradoresdelacampia-m7b.com/es/,,,https://www.google.com/maps/search/?api=1&query=Labradores%20de%20la%20Campi%C3%B1a%2C%20Arahal%2C%20Sevilla,37.234544,-5.554775,/productores/es/andalucia/sevilla/labradores-de-la-campina-arahal.webp,verificado,sí,ecommerce
los-artesanos-arahal,Los Artesanos (DFS Food),Arahal,Comida preparada,"Platos preparados, pastelería, postres y tartas","C. Chapistas, 8, Polígono Industrial Huertordoñez, 41600 Arahal, Sevilla","DFS Food produce en Arahal platos preparados, postres y pastelería para horeca, colectividades y retail bajo la marca Los Artesanos.",Consultar web o venta directa,+34955841956,,https://dfsfood.es/los-artesanos/,,,https://www.google.com/maps/search/?api=1&query=DFS%20Food%2C%20Calle%20Chapistas%208%2C%2041600%20Arahal%2C%20Sevilla,37.2469943,-5.5475589,/productores/es/andalucia/sevilla/los-artesanos-arahal.webp,verificado,no comprobado,
embutidos-el-romeral-aznalcollar,Embutidos El Romeral,Aznalcóllar,Carne,"Chorizos, morcillas, morcón, caña de lomo, jamones y paletas","C. Espronceda, 14, 41870 Aznalcóllar, Sevilla","Obrador de Aznalcóllar dedicado a la elaboración artesanal de embutidos y otros productos cárnicos desde 1988.",Consultar web o venta directa,+34675678425,embutidoselromeral@gmail.com,,,,https://www.google.com/maps/search/?api=1&query=Embutidos%20El%20Romeral%2C%20C.%20Espronceda%2C%2014%2C%2041870%20Aznalc%C3%B3llar%2C%20Sevilla&query_place_id=ChIJC-dMZQMjEg0R4yUJdxIj-SI,37.51976,-6.271470000000001,,parcial,sí,telefono
aljaoliva-bollullos-de-la-mitacion,AljaOliva,Bollullos de la Mitación,Aceite,"AOVE familiar, gourmet, ecológico y sin filtrar","Ctra. Bormujos-Bollullos, km 9, Hacienda Torreblanca, 41110 Bollullos de la Mitación, Sevilla","Almazara del Aljarafe que controla el cultivo, extracción, envasado y trazabilidad de su AOVE y lo envía directamente al consumidor.",Consultar web,+34955766902,almazara@aljaoliva.com,https://aljaoliva.com,https://www.facebook.com/Aceite.Oliva.AljaOliva/,https://www.instagram.com/aljaoliva/,https://www.google.com/maps/search/?api=1&query=Aljaoliva%2C%20Carretera%20Bormujos-Bollullos%20de%20la%20Mitaci%C3%B3n%2C%20km%209%2C%20Salida%20Urb.%20Entre%20caminos%2C%2041110%20Bollullos%20de%20la%20Mitaci%C3%B3n%2C%20Sevilla&query_place_id=ChIJfbX9yC0TEg0RoOaJlKjFK_I,37.3445712,-6.1064308,/productores/es/andalucia/sevilla/aljaoliva-bollullos-de-la-mitacion.webp,verificado,sí,ecommerce|whatsapp
chocolates-mama-goye-eoh-eoh-negocios-bollullos-de-la-mitacion,Chocolates Mamá Goye,Bollullos de la Mitación,Chocolate,"Chocolate artesano, bombones y elaboraciones a medida","Av. Mairena del Aljarafe, 41, nave 2E, 41110 Bollullos de la Mitación, Sevilla","Fábrica y obrador de chocolate con tienda física, talleres, catas y elaboraciones personalizadas.",Consultar web,+34954661060,info@chocolatesmamagoye.es,https://www.chocolatesmamagoye.es/,,,https://www.google.com/maps/search/?api=1&query=Chocolates%20Mam%C3%A1%20Goye%2C%20Av.%20Mairena%20del%20Aljarafe%2C%2041%2C%2041110%20Bollullos%20de%20la%20Mitaci%C3%B3n%2C%20Sevilla&query_place_id=ChIJ28TR0MsTEg0RuQI2ZEYJlYE,37.3552127,-6.1405715,,verificado,no,
kombucha-t-handcrafted-drinks-joseph-kyle-graham-bollullos-de-la-mitacion,Kombucha-T Handcrafted Drinks,Bollullos de la Mitación,Bebidas sin alcohol,"Kombucha artesanal de té ecológico: Original, Hops, Rooibos, Sevilla y ediciones especiales","Avenida de Albaida 108, Polígono Industrial PIBO, Local, 12, 41110 Bollullos de la Mitación, Sevilla","Fábrica artesanal de Bollullos de la Mitación que elabora kombucha premium fermentada con tés ecológicos de especialidad.",Consultar web o venta directa,+34633734530,holakombuchate@gmail.com,https://kombuchatsevilla.com/,https://www.facebook.com/kombuchahandcrafteddrinks,https://www.instagram.com/kombuchatsevilla/,https://www.google.com/maps/search/?api=1&query=Kombucha-T%20Handcrafted%20Drinks%20Joseph%20Kyle%20Graham%2C%20Avenida%20de%20Albaida%20108%2C%20Pol%C3%ADgono%20Industrial%20PIBO%2C%20Local%2C%2012%2C%2041110%20Bollullos%20de%20la%20Mitaci%C3%B3n%2C%20Sevilla&query_place_id=ChIJDcPPm10TEg0RCyYhwJfsUQg,37.3533784,-6.141970499999999,/productores/es/andalucia/sevilla/kombucha-t-handcrafted-drinks-joseph-kyle-graham-bollullos-de-la-mitacion.webp,verificado,sí,ecommerce
helados-la-valenciana-productos-giralda-jose-gomez-alcaraz-brenes,Helados La Valenciana,Brenes,Helados,"Helados, granizados, postres helados y tartas","C. Ntra. Sra. del Rosario, 12, 41310 Brenes, Sevilla","Heladería y obrador familiar de Brenes que elabora helados artesanos con recetas de tres generaciones e ingredientes naturales.",Consultar web o venta directa,+34635603026,info@heladoslavalenciana.com,https://heladoslavalenciana.com,https://www.facebook.com/HeladosLaValenciana/,https://www.instagram.com/heladeria_la_valenciana/,https://www.google.com/maps/search/?api=1&query=Helados%20La%20Valenciana%20Productos%20Giralda%20Jos%C3%A9%20G%C3%B3mez%20Alcaraz%2C%20Calle%20Ntra.%20Sra.%20del%20Rosario%2C%2012%2C%2041310%20Brenes%2C%20Sevilla&query_place_id=ChIJl8P82ehcEg0RdxblmVZQWLM,37.5485027,-5.8730398,/productores/es/andalucia/sevilla/helados-la-valenciana-productos-giralda-jose-gomez-alcaraz-brenes.webp,verificado,no,
productos-la-soledad-brenes,Productos La Soledad,Brenes,Pan y cereal,"Piñonate, alfajores, pestiños, roscos y gañotes","C. Antonio Machado, 14, 41310 Brenes, Sevilla","Obrador familiar de Brenes dedicado desde 1920 a dulces tradicionales como piñonate, alfajores, pestiños, roscos y gañotes.",Consultar web o venta directa,+34954796992,productoslasoledad@outlook.com,,,,https://www.google.com/maps/search/?api=1&query=Productos%20La%20Soledad%2C%20Calle%20Antonio%20Machado%2014%2C%2041310%20Brenes%2C%20Sevilla,37.5492972,-5.8727595,,parcial,no comprobado,
artesanos-mendez-canada-rosal,Artesanos Méndez,Cañada Rosal,Pan y cereal,"Picos, regañás, especialidades con AOVE y pastelería","P I El Rosal, C. Galileo Galilei, 1, 41439 Cañada Rosal, Sevilla","Empresa familiar de Cañada Rosal que elabora desde 1961 picos, regañás, especialidades con AOVE y productos de pastelería.",Consultar web o venta directa,+34954839040,marketing@artesanosmendez.com,https://artesanosmendez.com,https://www.facebook.com/artesanosmendez/,https://www.instagram.com/artesanosmendez/,https://www.google.com/maps/search/?api=1&query=Artesanos%20M%C3%A9ndez%2C%20P%20I%20El%20Rosal%2C%20C.%20Galileo%20Galilei%2C%201%2C%2041439%20Ca%C3%B1ada%20Rosal%2C%20Sevilla&query_place_id=ChIJjx3WDrfIEg0RQU6J79ptE-c,37.5903854,-5.1982111,,verificado,sí,ecommerce
aloe-vera-las-coronas-exa-las-coronas-carmona,Aloe Vera Las Coronas,Carmona,Condimentos,"Zumo y taquitos de aloe vera, hojas, aceites y cosmética","Carretera Carmona, SE-4107, km 10,5, 41410 Guadajoz, Sevilla","Finca de Carmona que cultiva, recolecta y transforma aloe vera ecológico para alimentación, aceites esenciales y cosmética.",Consultar web,+34657667710,eventos@aloeveralascoronas.es,https://aloeveralascoronas.com/,https://www.facebook.com/aloelascoronas/,https://www.instagram.com/aloelascoronas/,https://www.google.com/maps/search/?api=1&query=Aloe%20Vera%20Las%20Coronas%20Exa%20Las%20Coronas%2C%20Carretera%20Carmona%2C%20SE-4107%2C%20km%2010.5%2C%2041410%20Guadajoz%2C%20Sevilla&query_place_id=ChIJi09RnWPfbA0RjmVF2gB3cVg,37.5680103,-5.6434033,/productores/es/andalucia/sevilla/aloe-vera-las-coronas-exa-las-coronas-carmona.webp,verificado,sí,ecommerce
pantesano-panaderia-garcia-martin-carmona,Pantesano – Panadería García Martín,Carmona,Pan y cereal,"Pan artesano, pan tradicional, picos y dulces","Rda. León de San Francisco, 10, 41410 Carmona, Sevilla",Panadería familiar de Carmona que elabora pan artesano y tradicional; Pantesano es su línea de panes de masa madre y harinas ecológicas.,Consultar web o venta directa,+34696751267,panaderiagm@gmail.com,,,,https://www.google.com/maps/search/?api=1&query=Pantesano%20Panader%C3%ADa%20Garc%C3%ADa%20Mart%C3%ADn%2C%20Rda.%20Le%C3%B3n%20de%20San%20Francisco%2C%2010%2C%2041410%20Carmona%2C%20Sevilla&query_place_id=ChIJeZYnR32LEg0R_evpRHfB3yA,37.4711031,-5.6469125,,parcial,no comprobado,
puerto-de-indias-los-alcores-de-carmona-carmona,Puerto de Indias,Carmona,Vino,"Ginebras Puerto de Indias y experiencias de destilería","Carretera de Carmona, s/n, 41410 Carmona, Sevilla","Destilería histórica de Carmona que elabora ginebras en alambiques de cobre mediante técnicas tradicionales y mantiene tienda física y visitas.",Visita o tienda física,+34954191366,info@ginpuertodeindias.com,https://ginpuertodeindias.com,,https://www.instagram.com/ginpuertodeindias/,https://www.google.com/maps/search/?api=1&query=Puerto%20de%20Indias%20Los%20Alcores%20de%20Carmona%2C%20Carretera%20Carmona%2C%20s%2Fn%2C%2041410%20El%20Viso%20del%20Alcor%2C%20Sevilla&query_place_id=ChIJVyubwYKLEg0ROwlzakjPpf8,37.4593236,-5.6550112,/productores/es/andalucia/sevilla/puerto-de-indias-los-alcores-de-carmona-carmona.webp,verificado,no comprobado,
queseria-dehesa-castilblanco-antonio-felix-fernandez-perez-castilblanco-de-los-arroyos,Quesería Dehesa Castilblanco,Castilblanco de los Arroyos,Lácteos y quesos,"Quesos frescos y cuajadas artesanas de leche de cabra","Carretera Sevilla-Castilblanco, km 29, 41230 Castilblanco de los Arroyos, Sevilla","Quesería familiar que transforma leche de su propia ganadería caprina y elabora a diario queso fresco y cuajada.",Consultar web o venta directa,+34615177506,info@quesosdehesacastilblanco.es,https://quesosdehesacastilblanco.es/,,https://www.instagram.com/quesosdehesacastilblanco/,https://www.google.com/maps/search/?api=1&query=Queser%C3%ADa%20Dehesa%20Castilblanco%2C%20Carretera%20Sevilla-Castilblanco%20km%2029%2C%20Sevilla,37.6584362,-5.9978232,/productores/es/andalucia/sevilla/queseria-dehesa-castilblanco-antonio-felix-fernandez-perez-castilblanco-de-los-arroyos.webp,verificado,no comprobado,
sierras-andaluzas-castilblanco-de-los-arroyos,Sierras Andaluzas,Castilblanco de los Arroyos,Miel,"Miel cruda, miel ecológica, polen y jalea real","P.I. Cruz Alta, C. Huerto del Cura, 10-12, 41230 Castilblanco de los Arroyos, Sevilla","Cooperativa de más de 180 apicultores andaluces que recolecta, controla y envasa miel cruda y ecológica sin intermediarios.",Consultar web o venta directa,+34650910910,pedidos@sierrasandaluzas.com,https://sierrasandaluzas.com/,,,https://www.google.com/maps/search/?api=1&query=Sierras%20Andaluzas%2C%20P.I.%20CRUZ%20ALTA%2C%20C%2F%20HUERTO%20DEL%20CURA%2C%2010-12%2C%2041230%20Castilblanco%20de%20los%20Arroyos%2C%20Sevilla&query_place_id=ChIJ0bkXuK9IEg0RZY61VxyP4rg,37.6659784,-5.9921281,/productores/es/andalucia/sevilla/sierras-andaluzas-castilblanco-de-los-arroyos.webp,verificado,sí,ecommerce
upita-de-los-reyes-castilleja-de-la-cuesta,Upita de los Reyes,Castilleja de la Cuesta,Pan y cereal,"Tortas de aceite, pestiños y dulces artesanos","C. Real, 111, 41950 Castilleja de la Cuesta, Sevilla",Empresa familiar de Castilleja de la Cuesta dedicada a elaborar tortas de aceite de oliva y repostería tradicional.,Consultar web o venta directa,+34954160313,tiendaupitadelosreyes@gmail.com,https://www.upitadelosreyes.com/,https://www.facebook.com/UpitaDeLosReyes/,https://www.instagram.com/upitadelosreyes/,https://www.google.com/maps/search/?api=1&query=Upita%20de%20Los%20Reyes%2C%20C.%20Real%2C%20111%2C%2041950%20Castilleja%20de%20la%20Cuesta%2C%20Sevilla&query_place_id=ChIJAf1D_LpsEg0R4pC5SgTh02Y,37.38581509999999,-6.0549127,/productores/es/andalucia/sevilla/upita-de-los-reyes-castilleja-de-la-cuesta.webp,verificado,sí,ecommerce
la-noria-castilleja-del-campo,Lácteos La Noria,Castilleja del Campo,Lácteos y quesos,"Quesos, tartas, postres y cremas untables","Av. Andalucía, 50, bajo, 41810 Castilleja del Campo, Sevilla","Industria láctea de Castilleja del Campo dedicada a elaborar quesos, postres, tartas y cremas untables.",Consultar venta directa,+34954755842,avazquez@lacteoslanoria.com,https://lacteoslanoria.com,,,https://www.google.com/maps/search/?api=1&query=L%C3%A1cteos%20La%20Noria%2C%20Castilleja%20del%20Campo%2C%20Sevilla,37.38715,-6.33963,,parcial,no comprobado,
bodega-colonias-de-galeon-vina-las-colonias-de-galeon-cazalla-de-la-sierra,Bodega Colonias de Galeón,Cazalla de la Sierra,Vino,"Vinos tranquilos, espumosos y dulces","Pol. Ind. Los Manantiales, fase II, nave 16, 41370 Cazalla de la Sierra, Sevilla","Bodega de la Sierra Norte que cultiva viñedo y elabora vinos de Cazalla de la Sierra con variedades locales y recuperadas.",Consultar web,+34682281001,pedidos@coloniasdegaleon.com,https://www.coloniasdegaleon.com/,https://www.facebook.com/VinosColoniasdeGaleon/,https://www.instagram.com/colonias_galeon/,https://www.google.com/maps/search/?api=1&query=Bodega%20Colonias%20de%20Gale%C3%B3n%20Vi%C3%B1a%20Las%20Colonias%20de%20Gale%C3%B3n%2C%20Pol.%20Los%20Manantiales%20Fase%20II%2C%20Nave%2016%2C%20Carr.%20de%20Alanis%2C%2016%2C%2041370%20Cazalla%20de%20la%20Sierra%2C%20Sevilla&query_place_id=ChIJCS3T8pepEw0Rtp4XD0cTEIg,37.9422105,-5.7610487,/productores/es/andalucia/sevilla/bodega-colonias-de-galeon-vina-las-colonias-de-galeon-cazalla-de-la-sierra.webp,verificado,sí,ecommerce
bodegas-tierra-savia-cazalla-de-la-sierra,Bodegas Tierra Savia,Cazalla de la Sierra,Vino,"Vinos naturales y ecológicos de la Sierra Norte","C. San Benito, 20, 41370 Cazalla de la Sierra, Sevilla","Proyecto de viticultores y bodegueros que elabora vinos naturales en Cazalla y ofrece bodega, vinoteca, visitas y catas.",Consultar web,+34623068615,bodegastierrasavia@gmail.com,https://www.bodegastierrasavia.com/,,https://www.instagram.com/bodegastierrasavia/,https://www.google.com/maps/search/?api=1&query=Bodegas%20Tierra%20Savia%2C%20C.%20San%20Benito%2C%2020%2C%2041370%20Cazalla%20de%20la%20Sierra%2C%20Sevilla&query_place_id=ChIJx-OJlzEIEw0RLzAbfRMV1As,37.92814,-5.76161,/productores/es/andalucia/sevilla/bodegas-tierra-savia-cazalla-de-la-sierra.webp,verificado,sí,ecommerce
cazallaoliva-cazalla-de-la-sierra,CazallaOliva,Cazalla de la Sierra,Aceite,"AOVE tradicional y ecológico de variedades autóctonas","Ctra. Alanís, 3, 41370 Cazalla de la Sierra, Sevilla","Cooperativa Olivarera La Purísima, con 315 socios y más de 60 años elaborando AOVE de olivos de sierra, también certificado ecológico.",Consultar web,+34954884336,cazallaoliva@cazallaoliva.es,https://www.cazallaoliva.es/,,,https://www.google.com/maps/search/?api=1&query=Cazallaoliva%2C%20Carretera%20Alanis%2C%203%2C%2041370%20Cazalla%20de%20la%20Sierra%2C%20Sevilla&query_place_id=ChIJ0eEZnZepEw0R2HAdsUuHfA0,37.941268,-5.759668,/productores/es/andalucia/sevilla/cazallaoliva-cazalla-de-la-sierra.webp,verificado,sí,ecommerce
confiteria-ortiz-herederos-de-manuel-ortiz-mateo-cazalla-de-la-sierra,Confitería Ortiz,Cazalla de la Sierra,Pan y cereal,"Besitos de almendra, polvorones, tartas y bollería","C. la Plazuela, 10, 41370 Cazalla de la Sierra, Sevilla","Confitería centenaria de Cazalla de la Sierra que elabora besitos de almendra, polvorones, tartas y bollería con recetas tradicionales.",Consultar web o venta directa,+34954884240,contacto@confiteriaortiz.com,https://confiteriaortiz.com,,https://www.instagram.com/confiteriaortiz/,https://www.google.com/maps/search/?api=1&query=Confiter%C3%ADa%20Ortiz%20Herederos%20de%20Manuel%20Ortiz%20Mateo%2C%20C.%20la%20Plazuela%2C%2010%2C%2041370%20Cazalla%20de%20la%20Sierra%2C%20Sevilla&query_place_id=ChIJneIYu4-pEw0R44ZPnV-fJ7g,37.93107,-5.759819999999999,/productores/es/andalucia/sevilla/confiteria-ortiz-herederos-de-manuel-ortiz-mateo-cazalla-de-la-sierra.webp,verificado,sí,ecommerce
corsevilla-el-pedroso,CorSevilla,El Pedroso,Lácteos y quesos,"Quesos artesanos de cabra frescos, semicurados y curados","Finca Las Viñas, polígono 104, parcela 4, 41360 El Pedroso, Sevilla","Cooperativa ganadera de la Sierra Morena sevillana que elabora a diario quesos artesanos de cabra en su fábrica de El Pedroso.",Tienda online y venta directa,+34954889400,comercial@corsevilla.es,https://corsevilla.es,,https://www.instagram.com/corsevilla/,https://www.google.com/maps/search/?api=1&query=CorSevilla%20Queser%C3%ADa%2C%20Finca%20Las%20Vi%C3%B1as%2C%20El%20Pedroso%2C%20Sevilla,37.8415995,-5.775559,/productores/es/andalucia/sevilla/corsevilla-el-pedroso.webp,verificado,sí,ecommerce
el-clavel-alquitaras-de-cazalla-cazalla-de-la-sierra,El Clavel,Cazalla de la Sierra,Vino,"Anís de Cazalla, aguardientes y licores","C. San Benito, 8, 41370 Cazalla de la Sierra, Sevilla","Destilería fundada en 1896 que mantiene la elaboración tradicional en alambiques de cobre de anises, aguardientes y licores de Cazalla.",Consultar web,+34954884019,destileria@delclavel.com,https://www.delclavel.com/,,,https://www.google.com/maps/search/?api=1&query=El%20Clavel%20Alquitaras%20de%20Cazalla%2C%20C.%20San%20Benito%2C%208%2C%20BAJO%2C%2041370%20Cazalla%20de%20la%20Sierra%2C%20Sevilla&query_place_id=ChIJ1fKzWo-pEw0RdjceiUdtCHw,37.9286333,-5.760759,/productores/es/andalucia/sevilla/el-clavel-alquitaras-de-cazalla-cazalla-de-la-sierra.webp,verificado,sí,ecommerce
embutidos-y-quesos-corral-nuria-maguillo-venegas-cazalla-de-la-sierra,Embutidos y Quesos Corral,Cazalla de la Sierra,Lácteos y quesos,"Quesos artesanos, chacinas y lotes de productos serranos","C. Virgen del Monte, 26, 41370 Cazalla de la Sierra, Sevilla","Empresa familiar de Cazalla de la Sierra que elabora y comercializa quesos, chacinas y otros productos de la Sierra Norte.",Tienda online y venta directa,+34647582364,administracion@embutidosyquesoscorral.es,https://embutidosyquesoscorral.es/es/,,,https://www.google.com/maps/search/?api=1&query=Embutidos%20y%20Quesos%20Corral%2C%20Cazalla%20de%20la%20Sierra%2C%20Sevilla,37.9310679,-5.7590011,/productores/es/andalucia/sevilla/embutidos-y-quesos-corral-nuria-maguillo-venegas-cazalla-de-la-sierra.webp,verificado,sí,ecommerce
iberico-sierra-de-cazalla-rivero-francisco-rivero-venegas-cazalla-de-la-sierra,Ibérico Sierra de Cazalla “Rivero”,Cazalla de la Sierra,Carne,"Embutidos de cerdo ibérico y ternera retinta, jamones y paletas","C. Virgen del Monte, 41, 41370 Cazalla de la Sierra, Sevilla","Empresa familiar con ganadería propia de cerdo ibérico y ternera retinta que elabora embutidos artesanos y vende directamente en Cazalla.",Consultar web o venta directa,+34660420486,ibericosierradecazalla-rivero@hotmail.com,,,,https://www.google.com/maps/search/?api=1&query=Ib%C3%A9rico%20Sierra%20de%20Cazalla%20%E2%80%9CRivero%E2%80%9D%20Francisco%20Rivero%20Venegas%2C%20C.%20Virgen%20del%20Monte%2C%2041%2C%2041370%20Cazalla%20de%20la%20Sierra%2C%20Sevilla&query_place_id=ChIJjQjgs4-pEw0RhgNJaf5fTks,37.9314445,-5.7593499,,parcial,sí,telefono
mantecados-trigo-cazalla-de-la-sierra,Mantecados Trigo,Cazalla de la Sierra,Pan y cereal,"Mantecados, polvorones y especialidades navideñas","Carretera de la Estación, 3, 41370 Cazalla de la Sierra, Sevilla","Obrador de Cazalla de la Sierra que elabora mantecados, polvorones y especialidades navideñas desde 1930.",Consultar web o venta directa,+34954883395,oficina@mantecadostrigo.es,https://mantecadostrigo.es,https://www.facebook.com/MantecadosTrigo/,https://www.instagram.com/mantecadostrigo/,https://www.google.com/maps/search/?api=1&query=Mantecados%20Trigo%2C%20Carretera%20de%20la%20Estaci%C3%B3n%2C%203%2C%2041370%20Cazalla%20de%20la%20Sierra%2C%20Sevilla&query_place_id=ChIJp8Z329KqEw0RQ7M0FRPSZ1U,37.9378936,-5.757557600000001,/productores/es/andalucia/sevilla/mantecados-trigo-cazalla-de-la-sierra.webp,verificado,sí,ecommerce
pergara-cazalla-de-la-sierra,Cervezas Pergara,Cazalla de la Sierra,Cerveza,"Pergara Lager y cerveza artesana de la Sierra Norte","Ermita de San Sebastián, Llano de San Sebastián, 41370 Cazalla de la Sierra, Sevilla","Fábrica de Cazalla de la Sierra que elabora cerveza artesana propia con procesos tradicionales y agua de la Sierra Norte.",Consultar web o venta directa,+34624457199,quiero@pergara.es,https://pergara.es/,https://www.facebook.com/CervezasPergara/,https://www.instagram.com/cervezaspergara/,https://www.google.com/maps/search/?api=1&query=Pergara%2C%20Ermita%20de%20San%20Sebastian%2C%20Llano%20de%20San%20Sebastian%2C%2041370%20Cazalla%20de%20la%20Sierra%2C%20Sevilla&query_place_id=ChIJ2SxFVo-pEw0RyztcZmbw0F4,37.9256858,-5.769707599999999,/productores/es/andalucia/sevilla/pergara-cazalla-de-la-sierra.webp,verificado,sí,ecommerce
queseria-artesanal-flor-de-cazalla-eduvigis-del-monte-martin-abril-cazalla-de-la-sierra,Quesería Artesanal Flor de Cazalla,Cazalla de la Sierra,Lácteos y quesos,"Quesos artesanos de cabra de leche cruda y pasteurizada","Finca San José, 41370 Cazalla de la Sierra, Sevilla","Pequeña quesería artesanal que cría su propio rebaño caprino y transforma su leche en la finca San José de Cazalla de la Sierra.",Venta directa bajo consulta,+34667075251,flordecazalla@gmail.com,,,,https://www.google.com/maps/search/?api=1&query=Queser%C3%ADa%20Artesanal%20Flor%20de%20Cazalla%2C%20Finca%20San%20Jos%C3%A9%2C%20Cazalla%20de%20la%20Sierra%2C%20Sevilla,37.9326011,-5.8245174,/productores/es/andalucia/sevilla/queseria-artesanal-flor-de-cazalla-eduvigis-del-monte-martin-abril-cazalla-de-la-sierra.webp,parcial,no comprobado,
anis-la-violetera-m-amparo-garcia-mendez-constantina,Anís La Violetera,Constantina,Destilados y licores,"Anís dulce y semidulce y crema de guindas","C. Mentidero, 2, 41450 Constantina, Sevilla","Destilería familiar activa desde 1961 que elabora anises y licores en Constantina con sus calderas de cobre alimentadas con leña de encina.",Consultar web,+34955880763,anislavioletera@hotmail.com,https://anislavioletera.com/,,,https://www.google.com/maps/search/?api=1&query=An%C3%ADs%20La%20Violetera%20M%C2%AA%20Amparo%20Garc%C3%ADa%20M%C3%A9ndez%2C%20C.%20Mentidero%2C%202%2C%2041450%20Constantina%2C%20Sevilla&query_place_id=ChIJIWw4nEECEw0RH9cNwkieGfk,37.868196,-5.620418,/productores/es/andalucia/sevilla/anis-la-violetera-m-amparo-garcia-mendez-constantina.webp,verificado,sí,ecommerce
bodegas-cazallo-david-cazallo-gomez-constantina,Bodegas Cazallo,Constantina,Vino,"Vino tinto, vino blanco y mosto","C. Pablo Iglesias, 3, 41450 Constantina, Sevilla","Pequeña bodega familiar de Constantina que elabora vinos jóvenes y mosto con variedades tintas y blancas de la Sierra Norte.",Consultar,+34600474725,bodegascazallo@gmail.com,,https://www.facebook.com/BODEGASCAZALLO/,,https://www.google.com/maps/search/?api=1&query=Bodegas%20Cazallo%20David%20Cazallo%20G%C3%B3mez%2C%20C.%20Pablo%20Iglesias%2C%203%2C%2041450%20Constantina%2C%20Sevilla&query_place_id=ChIJ0f7qOaEDEw0RZluKqUpNKjg,37.8770531,-5.6220694,,parcial,no comprobado,
bodega-la-margarita-juan-fernandez-grado-constantina,Bodega La Margarita,Constantina,Vino,"Vinos Zancúo tintos, blancos, rosados y espumosos","Ctra. Constantina-San Nicolás del Puerto, km 5, 41450 Constantina, Sevilla","Bodega familiar instalada en un antiguo lagar del Pago El Zancúo, donde elabora vinos de edición limitada con viñedo propio.",Consultar web,+34676848570,tintozancuo@gmail.com,https://bodegalamargarita.es/,,https://www.instagram.com/bodegalamargarita/,https://www.google.com/maps/search/?api=1&query=Bodega%20La%20Margarita%20Juan%20Fern%C3%A1ndez%20Grado%2C%20Carretera%20Constantina%20-%20San%20Nicol%C3%A1s%20del%20Puerto%2C%20Km%205%2C%2041451%2C%20Sevilla&query_place_id=ChIJy1QhUUJvEg0RjIuPUqrSuQg,37.906683,-5.6159022,/productores/es/andalucia/sevilla/bodega-la-margarita-juan-fernandez-grado-constantina.webp,verificado,sí,ecommerce
finca-dehesa-frias-sucum-dehesa-frias-constantina,Finca Dehesa Frías / Sucum,Constantina,Lácteos y quesos,"Queso curado artesano de leche de cabra y productos de la finca","Carretera Lora del Río-El Pedroso (SE-197), km 7, 41450 Constantina, Sevilla","Finca ganadera de Constantina que elabora queso artesano con leche de sus propias cabras y comercializa sus productos directamente.",Tienda online y venta directa,+34955954074,direccion@dehesafrias.com,https://www.fincadehesafrias.com/,,,https://www.google.com/maps/search/?api=1&query=Finca%20Dehesa%20Fr%C3%ADas%2C%20SE-197%20km%207%2C%20Constantina%2C%20Sevilla,37.7726506,-5.6606808,/productores/es/andalucia/sevilla/finca-dehesa-frias-sucum-dehesa-frias-constantina.webp,verificado,sí,ecommerce
fuente-fria-constantina,Fuente Fría,Constantina,Vino,"Vinos Fuente Fría y Escudo de Constantina","Ctra. Constantina-San Nicolás del Puerto, km 2, Finca El Rancho, 41450 Constantina, Sevilla","Bodega familiar de Constantina dedicada a recuperar el cultivo de la vid y elaborar vinos tintos y blancos de la Sierra Norte.",Consultar,+34678457653,contacto@bodegafuentefria.es,https://bodegafuentefria.es,,,https://www.google.com/maps/search/?api=1&query=Fuente%20Fr%C3%ADa%2C%20Carretera%20Constantina%20San%20Nicol%C3%A1s%20del%20Puerto%20Km%202%20Finca%20%22El%20Rancho%22%2C%2041450%20Constantina%2C%20Sevilla&query_place_id=ChIJS9Z6M8ADEw0RWHWjvZkQXDE,37.906772,-5.627269999999999,/productores/es/andalucia/sevilla/fuente-fria-constantina.webp,parcial,no comprobado,
obrador-valle-de-la-osa-constantina,Obrador Valle de la Osa,Constantina,Conservas,"Mermeladas artesanas, membrillo y confituras","P.º de la Alameda, 38 A, 41450 Constantina, Sevilla","Obrador familiar de Constantina con tradición desde 1940, especializado en mermeladas y dulces elaborados con frutas de la Sierra Norte.",Consultar,+34954963029,obradorvalledelaosa@hotmail.com,,https://www.facebook.com/valledelaosaobrador/,,https://www.google.com/maps/search/?api=1&query=Obrador%20Valle%20de%20la%20Osa%2C%20P.%C2%BA%20de%20la%20Alameda%2C%2038%2C%20A%2C%2041450%20Constantina%2C%20Sevilla&query_place_id=ChIJ15q85qQDEw0RICwmd_nwJ54,37.8782091,-5.621891799999999,/productores/es/andalucia/sevilla/obrador-valle-de-la-osa-constantina.webp,verificado,no comprobado,
el-capellan-productos-el-capellan-constantina,El Capellán,Constantina,Carne,"Jamones, paletas, embutidos y carnes de cerdo ibérico","C. Alamos, 18, 41450 Constantina, Sevilla","Empresa familiar de Constantina con ganadería extensiva propia y elaboración de carnes frescas, jamones, paletas y embutidos ibéricos.",Consultar web o venta directa,+34633461641,info@embutidoscapellan.com,https://embutidoscapellan.com,,https://www.instagram.com/productoselcapellan/,https://www.google.com/maps/search/?api=1&query=El%20Capell%C3%A1n%20Productos%20El%20Capell%C3%A1n%2C%20C.%20Alamos%2C%2018%2C%2041450%20Constantina%2C%20Sevilla&query_place_id=ChIJP1JzLEQCEw0RunmrbBnES_Q,37.8737982,-5.6192302,/productores/es/andalucia/sevilla/el-capellan-productos-el-capellan-constantina.webp,verificado,sí,ecommerce
arroces-y-salsas-dona-elena-dona-elena-alimentaria-coria-del-rio,Arroces y Salsas Doña Elena,Coria del Río,Conservas,"Preparados de arroz, caldos, fumet, pisto y salsas gourmet","C. Electricista, 15, Polígono Industrial La Estrella, 41100 Coria del Río, Sevilla","Elaborador de Coria del Río especializado en bases para arroces, caldos, pisto, salsas y otros platos preparados.",Venta directa bajo consulta,+34640706424,info@salsasdonaelena.com,https://salsasdonaelena.com/,,,https://www.google.com/maps/search/?api=1&query=Arroces%20y%20Salsas%20Do%C3%B1a%20Elena%2C%20Coria%20del%20R%C3%ADo%2C%20Sevilla,37.2965968,-6.0571191,,parcial,no comprobado,
angel-lopez-sanz-gisur-coripe,Gisur / Embutidos Ángel López Sanz,Coripe,Carne,"Chicharrones, morcillas, chorizos, butifarras, morcones y loncheados","C. las Onzas, 47, 41780 Coripe, Sevilla","Fábrica de Coripe que continúa la tradición de Embutidos Ángel López Sanz y comercializa más de treinta referencias cárnicas bajo la gestión de Gisur.",Consultar web o venta directa,+34955858507,pedidos@gisur.es,https://gisur.es,,,https://www.google.com/maps/search/?api=1&query=%C3%81ngel%20L%C3%B3pez%20Sanz%20Gisur%2C%20C.%20las%20Onzas%2C%2042%2C%2041780%20Coripe%2C%20Sevilla&query_place_id=ChIJcRuVOvRpDQ0R_wUS8XKF-uQ,36.9722901,-5.441070499999999,/productores/es/andalucia/sevilla/angel-lopez-sanz-gisur-coripe.webp,verificado,sí,email
panceliac-horno-virgen-de-los-reyes-dos-hermanas,Panceliac,Dos Hermanas,Pan y cereal,"Panadería, bollería, regañás y harinas sin gluten","C. Etesio, 12, Polígono Industrial Ciudad Blanca, 41702 Dos Hermanas, Sevilla",Horno Virgen de los Reyes elabora en Dos Hermanas productos Panceliac de panadería y bollería sin gluten y libres de alérgenos.,Consultar web o venta directa,+34955669395,pedidos@panceliac.com,https://panceliac.com,,,https://www.google.com/maps/search/?api=1&query=Panceliac%20Horno%20Virgen%20de%20los%20Reyes%2C%20C%2F%20Etesio%20%26%20Tramontana%20Street%2C%2012%2C%2041700%20Dos%20Hermanas%2C%20Sevilla&query_place_id=ChIJDQnh5exwEg0RPnwTWuW6gts,37.2638015,-5.9216494,,verificado,sí,ecommerce
picole-artesanos-miguel-angel-aguado-sanchez-dos-hermanas,Picolé Artesanos,Dos Hermanas,Pan y cereal,Picos artesanos y regañás,"Av. de Adolfo Suárez, 32, 41704 Dos Hermanas, Sevilla",Marca de Miguel Ángel Aguado Sánchez en Dos Hermanas dedicada a la elaboración de picos artesanos y regañás.,Consultar web o venta directa,+34954910765,info@picole.es,https://picole.es,,,https://www.google.com/maps/search/?api=1&query=Picol%C3%A9%20Artesanos%20Miguel%20%C3%81ngel%20Aguado%20S%C3%A1nchez%2C%20Av.%20de%20Adolfo%20Su%C3%A1rez%2C%2032%2C%2041704%20Dos%20Hermanas%2C%20Sevilla&query_place_id=ChIJ-3c3xElwEg0R3JG-oXWUzvo,37.2977193,-5.933413499999999,/productores/es/andalucia/sevilla/picole-artesanos-miguel-angel-aguado-sanchez-dos-hermanas.webp,parcial,no comprobado,
apilore-ecija,Apilore,Écija,Miel,"Miel natural, polen, cera y productos apícolas","Pol. Quinta de Machado s/n (Ctra. Nacional IV - Km. 451), 41400 Écija, Sevilla","Empresa apícola familiar fundada en 1880, con colmenares propios e instalaciones para envasar miel, polen, cera y derivados.","Fábrica: lunes a viernes, 07:00-15:00",+34954833314,info@apilore.com,https://apilore.com,,,https://www.google.com/maps/search/?api=1&query=Apilore%2C%20Pol.%20Quinta%20de%20Machado%20s%2Fn%20(Ctra.%20Nacional%20IV%20-%20Km.%20451)%2C%2041400%20%C3%89cija%2C%20Sevilla&query_place_id=ChIJm7_qkUU1bQ0RyaxgGxloAu0,37.545218,-5.048732999999999,/productores/es/andalucia/sevilla/apilore-ecija.webp,verificado,sí,ecommerce
ibericos-la-union-1890-union-chacinera-ecija,La Unión 1890,Écija,Carne,"Jamones, paletas, lomos y embutidos ibéricos","Ctra. Écija-Marchena, km 0.8, 41400 Écija, Sevilla","Empresa fabricante que controla la cría, el sacrificio, el despiece, la elaboración y la curación de sus productos ibéricos en Écija.",Consultar web o venta directa,+34955905512,info@uniondejabugo.com,https://jamoneslaunion.com,https://www.facebook.com/Jamones-Ib%C3%A9ricos-La-Uni%C3%B3n-1890-179418915438337/,https://www.instagram.com/jamones_la_union_de_jabugo/,https://www.google.com/maps/search/?api=1&query=La%20Uni%C3%B3n%201890%2C%20Ctra.%20%C3%89cija-Marchena%2C%20km%200.8%2C%2041400%20%C3%89cija%2C%20Sevilla&query_place_id=ChIJkY3XLIG1Eg0RH67AZFVEZeI,37.5246338,-5.10568,/productores/es/andalucia/sevilla/ibericos-la-union-1890-union-chacinera-ecija.webp,verificado,sí,ecommerce
1948-oleum-aove-eco-premium-maria-miro-arias-ecija,1948 Óleum,Écija,Aceite,"AOVE ecológico temprano picual, arbequina y coupage","Plaza de Puerta Osuna, 15A, 41400 Écija, Sevilla","Proyecto de María Miró Arias dedicado a AOVE ecológico de cosecha temprana, con variedades picual, arbequina y coupage.",Consultar web,+34651522383,info@1948oleum.es,https://1948oleum.es,https://www.facebook.com/1948oleum/,https://www.instagram.com/1948oleumaceiteolivaecologico/,https://www.google.com/maps/search/?api=1&query=1948%20Oleum%20Aove%20Eco%20Premium%20Mar%C3%ADa%20Mir%C3%B3%20Arias%2C%20Plazuela%20de%20Puerta%20Osuna%2C%2015%2C%2041400%20%C3%89cija%2C%20Sevilla&query_place_id=ChIJbdrZv5W6Eg0Rc4Bojow9wu4,37.5381798,-5.0800953,/productores/es/andalucia/sevilla/1948-oleum-aove-eco-premium-maria-miro-arias-ecija.webp,verificado,sí,ecommerce
molino-del-genil-ecija,Molino del Genil,Écija,Aceite,"AOVE premium picual, arbequina y coupage","Ctra. A-453, km 18,7, 41400 Écija, Sevilla","Almazara fundada en 2007 para molturar las aceitunas de las fincas de sus socios y producir, envasar y comercializar AOVE de alta calidad.",Consultar web,+34955134481,mariadelmar@molinodelgenil.com,https://www.molinodelgenil.com/,,https://www.instagram.com/molinodelgenil/,https://www.google.com/maps/search/?api=1&query=Molino%20del%20Genil%2C%20Palma%20del%20R%C3%ADo%20-%20%C3%89cija%2C%20A-453%2C%20Km%2018%2C%20700%2C%2041400%2C%20Sevilla&query_place_id=ChIJQzpUV8TKEg0R-4WDqcHaSjs,37.6299949,-5.132943099999999,/productores/es/andalucia/sevilla/molino-del-genil-ecija.webp,verificado,sí,ecommerce
san-martin-de-porres-ecija,Repostería San Martín de Porres,Écija,Pan y cereal,"Tortas de aceite, cortadillos, hojaldres y colines","C. Navarra, 5, parcela 67, Polígono Industrial La Campiña, 41400 Écija, Sevilla","Obrador de Écija que elabora repostería tradicional andaluza, tortas de aceite, cortadillos, hojaldres, colines y rosquillas.",Consultar web o venta directa,+34954830596,comercial@smporres.com,https://smporres.com,https://www.facebook.com/smporressl/,https://www.instagram.com/reposteriasmporres/,https://www.google.com/maps/search/?api=1&query=San%20Mart%C3%ADn%20de%20Porres%2C%2067%2C%20Parque%20Industrial%20La%20Campi%C3%B1a%2C%2041400%20%C3%89cija%2C%20Sevilla&query_place_id=ChIJ4ZdVQHPKEg0Rj8rbV2pEA8s,37.5343038,-5.1209394,/productores/es/andalucia/sevilla/san-martin-de-porres-ecija.webp,verificado,sí,ecommerce
el-obrador-de-chelin-antonio-j-salinas-moreno-el-castillo-de-las-guardas,El Obrador de Chelín,El Castillo de las Guardas,Pan y cereal,Pestiños y dulces artesanos,"C. Roman Garcia, 7, 41890 El Castillo de las Guardas, Sevilla",Obrador de El Castillo de las Guardas dedicado a pestiños y otros dulces artesanos.,Consultar web o venta directa,+34615613572,elobradordechelin@gmail.com,,,,https://www.google.com/maps/search/?api=1&query=El%20Obrador%20de%20Chel%C3%ADn%20Antonio%20J.%20Salinas%20Moreno%2C%20C.%20Roman%20Garcia%2C%207%2C%2041890%20El%20Castillo%20de%20las%20Guardas%2C%20Sevilla&query_place_id=ChIJSQfVpVcvEg0R4IsB8q94tzs,37.6913399,-6.31562,,parcial,no comprobado,
sierra-del-castillo-el-castillo-de-las-guardas,Sierra del Castillo,El Castillo de las Guardas,Miel,"Miel y mermeladas artesanas","41890 El Castillo de las Guardas, Sevilla","Proyecto de Yolanda Muñoz Punta dedicado a la elaboración de miel y mermeladas en El Castillo de las Guardas.",Consultar,+34669303866,apianferlo@gmail.com,,,,https://www.google.com/maps/search/?api=1&query=Sierra%20del%20Castillo%2C%2041890%20El%20Castillo%20de%20las%20Guardas%2C%20Sevilla&query_place_id=ChIJx0I09kgvEg0R4t4KHiX0mwA,37.6937871,-6.3135628,,parcial,no comprobado,
la-tahona-de-luis-luis-eduardo-bejarano-sanchez-el-pedroso,La Tahona de Luis,El Pedroso,Pan y cereal,Pan de pueblo y panes artesanos,"Polígono Industrial Sierra Norte, nave 6, 41360 El Pedroso, Sevilla",Panadería de El Pedroso que elabora pan artesano y pan de pueblo respetando los procesos de fermentación y ofrece reparto bajo pedido.,Consultar web o venta directa,+34609721748,luiseduardo_besa@hotmail.com,https://panaderialatahona.jimdofree.com/,,,https://www.google.com/maps/search/?api=1&query=La%20Tahona%20de%20Luis%20Luis%20Eduardo%20Bejarano%20S%C3%A1nchez%2C%20C.%20Poligono%20Industrial%2C%20Sierra%20Norte%2C%2041360%20El%20Pedroso%2C%20Sevilla&query_place_id=ChIJMYxghdVVEg0Rw7RajfRlOw8,37.83633630000001,-5.7648572,,verificado,sí,telefono
nortecaza-el-pedroso,Nortecaza,El Pedroso,Carne,"Chacinas, carnes, patés y derivados de caza y cerdo","Carretera Sevilla-El Pedroso, km 60, 41360 El Pedroso, Sevilla","Empresa de El Pedroso dedicada al despiece, transformación y comercialización de carnes cinegéticas, chacinas y patés, con despacho de venta directa.",Consultar web o venta directa,+34615511797,nortecazasl@gmail.com,,,,https://www.google.com/maps/search/?api=1&query=Nortecaza%2C%20A-432%2C%2060%2C%2041360%20El%20Pedroso%2C%20Sevilla&query_place_id=ChIJ-y3OmyxVEg0RfVqxMBPilfw,37.8359534,-5.7664272,,parcial,sí,telefono
anda-la-oveja-agroeco-san-miguel-el-real-de-la-jara,Anda la Oveja / Agroeco San Miguel,El Real de la Jara,Lácteos y quesos,"Quesos y lácteos artesanos de oveja","Camino del Batrocal, s/n, 41250 El Real de la Jara, Sevilla","Ganadería y quesería de El Real de la Jara dedicada a elaborar quesos y lácteos de oveja.",Venta directa bajo consulta,+34671580770,finca@andalaoveja.es,https://andalaoveja.es,,,https://www.google.com/maps/search/?api=1&query=Anda%20la%20Oveja%2C%20El%20Real%20de%20la%20Jara%2C%20Sevilla,37.9310171,-6.1622097,,parcial,no comprobado,
quesos-aguilar-fabrica-aguilar-coronado-el-real-de-la-jara,Quesos Aguilar,El Real de la Jara,Lácteos y quesos,"Quesos artesanos de cabra de leche cruda","Av. La Encina, 10, 41250 El Real de la Jara, Sevilla","Quesería familiar de El Real de la Jara que elabora quesos artesanos con leche cruda de su propio rebaño caprino.",Pedidos por teléfono,+34605675986,quesosdelreal@gmail.com,https://quesosaguilar.com/,,,https://www.google.com/maps/search/?api=1&query=Quesos%20Aguilar%2C%20El%20Real%20de%20la%20Jara%2C%20Sevilla,37.9449617,-6.1558055,/productores/es/andalucia/sevilla/quesos-aguilar-fabrica-aguilar-coronado-el-real-de-la-jara.webp,verificado,sí,telefono
antojo-del-sur-agroganadera-perez-racero-el-saucejo,Antojo del Sur,El Saucejo,Aceite,"AOVE ecológico hojiblanca y picual","Ctra. El Saucejo-Osuna, km 17, Cortijo Gordillo, 41650 El Saucejo, Sevilla","Productor de AOVE ecológico de cosecha temprana y extracción en frío, obtenido directamente de sus olivares de El Saucejo.",Consultar web,+34649982386,juanpr@antojodelsur.com,https://www.antojodelsur.com/,https://www.facebook.com/aceiteantojodelsur/,,https://www.google.com/maps/search/?api=1&query=Antojo%20del%20Sur%20Agroganadera%20P%C3%A9rez%20Racero%2C%2041650%20El%20Saucejo%2C%20Sevilla&query_place_id=ChIJ85nQgW9TDQ0Rag-orbaQFiQ,37.091762,-5.088528999999999,/productores/es/andalucia/sevilla/antojo-del-sur-agroganadera-perez-racero-el-saucejo.webp,verificado,sí,ecommerce
quesos-la-saucedilla-explotaciones-ganadera-la-saucedilla-el-saucejo,Quesos La Saucedilla,El Saucejo,Lácteos y quesos,"Quesos artesanos de cabra, oveja y vaca; chacinas","C. Lechín, 9, 41650 El Saucejo, Sevilla","Quesería de El Saucejo con una amplia gama de quesos artesanos y otros productos ganaderos, comercializados desde su propia tienda.",Tienda online y venta directa,+34675808843,quesoslasaucedilla@gmail.com,https://quesoslasaucedilla.com/,,https://www.instagram.com/quesoslasaucedilla/,https://www.google.com/maps/search/?api=1&query=Quesos%20La%20Saucedilla%2C%20El%20Saucejo%2C%20Sevilla,37.06995,-5.08865,/productores/es/andalucia/sevilla/quesos-la-saucedilla-explotaciones-ganadera-la-saucedilla-el-saucejo.webp,verificado,sí,ecommerce
basilippo-oleomorillo-el-viso-del-alcor,Basilippo,El Viso del Alcor,Aceite,"AOVE gourmet, picual, arbequina, ecológico y aromatizado","Ctra. El Viso-Tocina, km 2, 41520 El Viso del Alcor, Sevilla","Oleomorillo elabora AOVE gourmet en la Hacienda Merrha y ofrece oleoturismo y formación sobre el olivar y la almazara.",Consultar web,+34955740695,info@basilippo.com,https://basilippo.com,https://www.facebook.com/basilippovirgenextra/,https://www.instagram.com/basilippo/,https://www.google.com/maps/search/?api=1&query=Basilippo%20Oleomorillo%2C%20Ctra-%20Viso%2C%20Ctra.%20Tocina%2C%20km%202%2C%2041520%20El%20Viso%20del%20Alcor%2C%20Sevilla&query_place_id=ChIJXen8NtqJEg0Rqzx7ZIBcXk4,37.402974,-5.7355152,/productores/es/andalucia/sevilla/basilippo-oleomorillo-el-viso-del-alcor.webp,verificado,sí,ecommerce
andalusi-destilerias-carmona,Andalusí Destilerías,Carmona,Destilados y licores,"Vodka Beremot, ginebras, anises, vermut y licores","Parque Logístico de Carmona, C. Mercurio, 5, módulo B, 41410 Carmona, Sevilla","Andalusí Beverages desarrolla y elabora bebidas alcohólicas en sus destilerías sevillanas, con sede principal y fábrica en Carmona.",Consultar web,+34955278883,info@beremot.com,https://andalusidestilerias.com/,https://www.facebook.com/beremotvodka/,https://www.instagram.com/beremotvodka/,https://www.google.com/maps/search/?api=1&query=Andalus%C3%AD%20Destiler%C3%ADas%20Andalusi%20Beverages%2C%20PARQUE%20LOGISTICO%20DE%20CARMONA%2C%20CALLE%20MERCURIO%2C%205%2C%20MODULO%20B%2C%2041410%20Carmona%2C%20Sevilla&query_place_id=ChIJtbtXzu2JEg0R40VwJiB054A,37.4417196,-5.781571599999999,/productores/es/andalucia/sevilla/andalusi-destilerias-carmona.webp,verificado,sí,ecommerce
dietaecologica-com-bioalcores-el-viso-del-alcor,Bioalcores / Dieta Ecológica,El Viso del Alcor,Fruta y verdura,"Cítricos, frutas, hortalizas, AOVE y huevos ecológicos","Huerta Cesáreo. Vereda de Alcaudete s/n., 41520 Viso del Alcor (El), Sevilla","Empresa familiar agroecológica de El Viso del Alcor que cultiva frutas y hortalizas en Huerta Cesáreo y las comercializa por canal corto.",Consultar web o venta directa,+34687563979,ventas@dietaecologica.com,https://dietaecologica.com/,https://www.facebook.com/bioalcores/,https://www.instagram.com/dietaecologica/,https://www.google.com/maps/search/?api=1&query=Dietaecologica.com%20Bioalcores%2C%20Huerta%20Ces%C3%A1reo.%20Vereda%20de%20Alcaudete%20s%2Fn.%2C%2041520%20Viso%20del%20Alcor%20(El)%2C%20Sevilla&query_place_id=ChIJuV7xa9eJEg0RszShEebhqu8,37.4165914,-5.711631,/productores/es/andalucia/sevilla/dietaecologica-com-bioalcores-el-viso-del-alcor.webp,verificado,sí,ecommerce
campo-alcor-diego-pavon-palacios-el-viso-del-alcor,Campo Alcor,El Viso del Alcor,Huevos,"Huevos ecológicos de gallinas criadas en libertad","41520 El Viso del Alcor, Sevilla","Granja y centro de envasado manual certificado ecológico, con gallinas criadas en libertad entre olivares y naranjos de Los Alcores y envíos publicados a toda España.",Consultar,+34615540954,campoalcor@hotmail.com,https://huevosecologicos.net/,,,https://www.google.com/maps/search/?api=1&query=Campo%20Alcor%20Diego%20Pav%C3%B3n%20Palacios%2C%2041520%20El%20Viso%20del%20Alcor%2C%20Sevilla&query_place_id=ChIJecWt-e9hEg0Rq_p-jy4Y3Pc,37.4182001,-5.741511900000001,/productores/es/andalucia/sevilla/campo-alcor-diego-pavon-palacios-el-viso-del-alcor.webp,verificado,sí,email|telefono
talafoods-transformados-agricolas-los-alcores-el-viso-del-alcor,Tala Foods,El Viso del Alcor,Conservas,"Derivados de cebolla, pimiento y cítricos; zumos y concentrados","Ctra. Tocina, Km 2, 41520 El Viso del Alcor, Sevilla","Industria alimentaria de El Viso del Alcor que cultiva, transforma y envasa derivados de frutas y hortalizas en instalaciones propias.",Consultar web o venta directa,+34955743800,talafoods@talafoods.com,https://talafoods.com/,,,https://www.google.com/maps/search/?api=1&query=Talafoods%20Transformados%20Agr%C3%ADcolas%20Los%20Alcores%2C%20Ctra.%20Tocina%2C%20Km%202%2C%2041520%20El%20Viso%20del%20Alcor%2C%20Sevilla&query_place_id=ChIJ-fe_ed2JEg0R-i-B9zp8HH8,37.4011877,-5.7312264,/productores/es/andalucia/sevilla/talafoods-transformados-agricolas-los-alcores-el-viso-del-alcor.webp,verificado,no comprobado,
pepelnary-espartinas,Pepelnary,Espartinas,Pan y cereal,"Pan artesano, pasteles, tartas y dulces","Av. Alcaldesa María Regla Jiménez, 41, 41807 Espartinas, Sevilla","Obrador de Espartinas con más de 40 años de experiencia en pan, pasteles, tartas y dulces artesanos.",Consultar web o venta directa,+34954329290,pepelnary@pepelnary.com,https://pepelnary.com,https://www.facebook.com/pepelnary/,https://www.instagram.com/pepelnary/,https://www.google.com/maps/search/?api=1&query=Pepelnary%2C%20Av.%20Alcaldesa%20Mar%C3%ADa%20Regla%20Jim%C3%A9nez%2C%2041%2C%2041807%20Espartinas%2C%20Sevilla&query_place_id=ChIJjykZ5ZITEg0RDb9D0iVx34g,37.38212499999999,-6.1296284,/productores/es/andalucia/sevilla/pepelnary-espartinas.webp,verificado,sí,ecommerce
tortas-andres-gavino-ruiz-torreno-espartinas,Tortas Andrés Gaviño,Espartinas,Pan y cereal,"Tortas de aceite dulces, saladas y especialidades","Calle Dr. Andres Gaviño, 2, 41807 Espartinas, Sevilla",Empresa familiar de Espartinas con tradición centenaria en la elaboración manual de tortas de aceite y dulces sevillanos.,Consultar web o venta directa,+34955950284,administracion@tortasaceite.es,https://tortasaceite.es,https://www.facebook.com/tortasdeaceite/,https://www.instagram.com/tortasandresgavino/,https://www.google.com/maps/search/?api=1&query=Tortas%20Andr%C3%A9s%20Gavi%C3%B1o%20Ruiz%20Torre%C3%B1o%2C%20Calle%20Dr.%20Andres%20Gavi%C3%B1o%2C%202%2C%2041807%20Espartinas%2C%20Sevilla&query_place_id=ChIJccaugIwTEg0R4pOSVNmJLJ0,37.38575,-6.12667,/productores/es/andalucia/sevilla/tortas-andres-gavino-ruiz-torreno-espartinas.webp,verificado,sí,ecommerce
welldone-lacticos-rodolfo-del-rio-lameyer-espartinas,wellDone Lácticos,Espartinas,Lácteos y quesos,"Quesos artesanos de cabra frescos, curados y con especias","C. Camilo José Cela, 2, 41807 Espartinas, Sevilla","Quesería artesana de Espartinas que elabora distintas variedades de queso de cabra y acepta pedidos directos por WhatsApp.",Pedidos por WhatsApp,+34655131074,welldone_quesos@yahoo.com,https://welldone-lacticos.webnode.es/,,,https://www.google.com/maps/search/?api=1&query=wellDone%20L%C3%A1cticos%2C%20Espartinas%2C%20Sevilla,37.3873609,-6.097084,,verificado,sí,whatsapp
antiguo-obrador-san-joaquin-panaderia-los-manolos-manuel-fernandez-arteaga-estepa,Antiguo Obrador San Joaquín – Panadería Los Manolos,Estepa,Pan y cereal,"Mantecados, polvorones, roscos, magdalenas y hojaldres","Av. de Andalucía, 127, 41560 Estepa, Sevilla","Obrador creado en Estepa en 2024 para elaborar panadería y pastelería tradicional, incluidos mantecados, polvorones, roscos y magdalenas.",Consultar web o venta directa,+34611995142,obradorsanjoaquin1956@gmail.com,,,,https://www.google.com/maps/search/?api=1&query=Antiguo%20obrador%20San%20Joaqu%C3%ADn%20-%20Panader%C3%ADa%20%22Los%20Manolos%22%20Manuel%20Fern%C3%A1ndez%20Arteaga%2C%20Av.%20de%20Andaluc%C3%ADa%2C%20127%2C%2041560%20Estepa%2C%20Sevilla&query_place_id=ChIJ0dDC2TVbbQ0RazE8az1YOtE,37.2953042,-4.87976,,parcial,no comprobado,
confiteria-julia-avalos-julia-maria-avalos-carmona-estepa,Confitería Julia Ávalos,Estepa,Pan y cereal,"Mantecados, magdalenas, ochíos, mostachones y tortas de aceite","C. Almendra, Nº 11, 41560 Estepa, Sevilla",Confitería familiar de Estepa que elabora dulces artesanos durante todo el año y especialidades navideñas y de Cuaresma.,Consultar web o venta directa,+34662281497,confiteriajuliaavalos@gmail.com,,,,https://www.google.com/maps/search/?api=1&query=Confiter%C3%ADa%20Julia%20%C3%81valos%20Julia%20Mar%C3%ADa%20%C3%81valos%20Carmona%2C%20C.%20Almendra%2C%20N%C2%BA%2011%2C%2041560%20Estepa%2C%20Sevilla&query_place_id=ChIJqzk5ox9bbQ0REk2eyhQas6M,37.2993925,-4.8756259,,parcial,no comprobado,
convento-de-santa-clara-de-jesus-estepa-clarisas-convento-de-santa-clara-en-estepa-estepa,Convento de Santa Clara de Jesús de Estepa,Estepa,Pan y cereal,"Magdalenas, mantecados y dulces conventuales","Convento de Santa Clara, 41560 Estepa, Sevilla",La comunidad de clarisas del Convento de Santa Clara de Jesús de Estepa elabora repostería y dulces conventuales.,Consultar web o venta directa,+34667539525,santaclaraestepa@gmail.com,https://www.santaclaraestepa.com/,,,https://www.google.com/maps/search/?api=1&query=Convento%20de%20Santa%20Clara%20de%20Jes%C3%BAs-Estepa%20Clarisas%20Convento%20de%20Santa%20Clara%20en%20Estepa%2C%20Convento%20de%20Santa%20Clara%2C%2041560%20Estepa%2C%20Sevilla&query_place_id=ChIJF7HeuLZbbQ0RIwXu97wNso4,37.2884975,-4.8754841,,verificado,no comprobado,
e-moreno-somos-los-artesanitos-e-moreno-estepa,E. Moreno – Somos los Artesanitos,Estepa,Pan y cereal,"Mantecados, polvorones, roscos de vino y alfajores","Av. Badía Polesine, 26, 41560 Estepa, Sevilla","Fábrica familiar de Estepa fundada en los años cincuenta que elabora mantecados, polvorones y especialidades navideñas.",Consultar web o venta directa,+34955912696,emoreno@emoreno.com,https://emoreno.com,https://www.facebook.com/artesanitos/,https://www.instagram.com/mantecadosmoreno/,https://www.google.com/maps/search/?api=1&query=E.%20Moreno%20Somos%20Los%20Artesanitos%20E.%20Moreno%2C%20Av.%20Bad%C3%ADa%20Polesine%2C%2026%2C%2041560%20Estepa%2C%20Sevilla&query_place_id=ChIJHxQLyxpabQ0Rtgd4L2q2yB0,37.2994175,-4.8825425,/productores/es/andalucia/sevilla/e-moreno-somos-los-artesanitos-e-moreno-estepa.webp,verificado,sí,ecommerce
el-bodegon-estepa,El Bodegón de Estepa,Estepa,Vino,"Finos, añejos, Pedro Ximénez, mistela y vermut","C. Écija, 19, 41560 Estepa, Sevilla","Bodega familiar de Estepa que elabora vinos tradicionales, mantiene crianza en barrica y comercializa además vinagres y productos gourmet.",Consultar web,+34954820195,info@elbodegondeestepa.com,https://elbodegondeestepa.com,,,https://www.google.com/maps/search/?api=1&query=El%20Bodeg%C3%B3n%2C%20C.%20%C3%89cija%2C%2019%2C%2041560%20Estepa%2C%20Sevilla&query_place_id=ChIJ0UMHixBabQ0RL1L7nvA98ks,37.2940043,-4.8803715,/productores/es/andalucia/sevilla/el-bodegon-estepa.webp,verificado,sí,ecommerce
el-mesias-estepa,El Mesías,Estepa,Pan y cereal,"Mantecados, polvorones, turrones y especialidades navideñas","Av. de Andalucía, 24, 41560 Estepa, Sevilla","Fábrica de Estepa fundada en 1958 que elabora mantecados, polvorones, turrones y otras especialidades navideñas.",Consultar web o venta directa,+34955912818,elmesias@elmesias.es,https://www.elmesias.es/,,https://www.instagram.com/elmesias1958/,https://www.google.com/maps/search/?api=1&query=El%20Mesias%2C%20Av.%20de%20Andaluc%C3%ADa%2C%2024%2C%2041560%20Estepa%2C%20Sevilla&query_place_id=ChIJGx6aMwVabQ0RjlyIMo3Cgtw,37.2911849,-4.8837893,/productores/es/andalucia/sevilla/el-mesias-estepa.webp,verificado,sí,ecommerce
helados-estepa-obrador-helados-estepa-estepa,Obrador Helados Estepa,Estepa,Helados,"Helados tradicionales, sorbetes y opciones sin azúcar o lactosa","Pol. Ind. Sierra Sur, C. Anisados, 7, 41560 Estepa, Sevilla","Fabricante y proveedor de más de 50 sabores de helado artesano, elaborados con materias primas naturales sin conservantes, colorantes ni aromas artificiales.",Consultar web,+34637423814,comunicacion@heladosestepa.com,https://heladosestepa.com,,https://www.instagram.com/obradorheladosestepa/,https://www.google.com/maps/search/?api=1&query=Helados%20Estepa%20Obrador%20Helados%20Estepa%2C%20C.%20Anisados%2C%207%2C%2041560%20Estepa%2C%20Sevilla&query_place_id=ChIJ-UWhgRNabQ0RrM0jdU3TnNw,37.3009874,-4.8782223,/productores/es/andalucia/sevilla/helados-estepa-obrador-helados-estepa-estepa.webp,verificado,sí,ecommerce
la-colmena-de-teo-estepa,La Colmena de Teo,Estepa,Miel,"Miel cruda, polen, propóleo e hidromiel","Plaza Miguel Hernández, local 10, 41560 Estepa, Sevilla","Empresa familiar de apicultura regenerativa que cosecha, envasa y vende miel cruda sin filtrar procedente de sus colmenas.",Consultar web o llamar antes de visitar,+34655774044,hola@lacolmenadeteo.com,https://lacolmenadeteo.com,https://www.facebook.com/lacolmenadeteo/,https://www.instagram.com/lacolmenadeteo/,https://www.google.com/maps/search/?api=1&query=La%20Colmena%20de%20Teo%2C%20Plaza%20Miguel%20Hernandez%20n%C2%B010%2C%2041560%20Estepa%2C%20Sevilla&query_place_id=ChIJdZeMsBpabQ0RF7yEpIZTO1w,37.2921948,-4.883011499999999,/productores/es/andalucia/sevilla/la-colmena-de-teo-estepa.webp,verificado,sí,ecommerce
la-despensa-de-palacio-confiteria-familia-rivero-fernandez-estepa,La Despensa de Palacio,Estepa,Pan y cereal,"Mantecados, polvorones, pralinés y canalillos","Polígono Industrial, C. Alfajor, 14, 41560 Estepa, Sevilla","Confitería familiar de Estepa que elabora dulces navideños y especialidades de chocolate, praliné y almendra.",Consultar web o venta directa,+34955914525,info@ladespensadepalacio.com,https://ladespensadepalacio.com/,https://www.facebook.com/LaDespensaDePalacio/,https://www.instagram.com/ladespensadepalacio/,https://www.google.com/maps/search/?api=1&query=La%20Despensa%20de%20Palacio%20Confiteria%20Familia%20Rivero%20Fern%C3%A1ndez%2C%20Pol%C3%ADgono%20Industrial%2C%20C.%20Alfajor%2C%2014%2C%2041560%20Estepa%2C%20Sevilla&query_place_id=ChIJb127EhRabQ0R68neDsD_Xxo,37.2997842,-4.877302999999999,/productores/es/andalucia/sevilla/la-despensa-de-palacio-confiteria-familia-rivero-fernandez-estepa.webp,verificado,sí,ecommerce
la-flor-de-estepa-estepa,La Flor de Estepa,Estepa,Pan y cereal,"Mantecados, polvorones, roscos, alfajores y turrones","Av. de Andalucía, 170, 41560 Estepa, Sevilla","Fábrica familiar fundada en 1961 que elabora en Estepa mantecados, polvorones, roscos, alfajores, turrones y especialidades de chocolate.",Consultar web o venta directa,+34955913218,info@laflordeestepa.com,https://laflordeestepa.com/,,,https://www.google.com/maps/search/?api=1&query=La%20Flor%20de%20Estepa%2C%20Av.%20de%20Andaluc%C3%ADa%2C%20170%2C%2041560%20Estepa%2C%20Sevilla&query_place_id=ChIJh9BICRhabQ0RaMIMzvO_VFw,37.292392,-4.8730831,/productores/es/andalucia/sevilla/la-flor-de-estepa-estepa.webp,verificado,sí,ecommerce
la-fortaleza-fortadul-estepa,La Fortaleza,Estepa,Pan y cereal,"Mantecados, polvorones, hojaldradas y surtidos","Polígono Industrial, Av. de la Canela, 38, 41560 Estepa, Sevilla","Fábrica de Estepa activa desde 1928 que elabora mantecados, polvorones, hojaldradas, alfajores y surtidos navideños.",Consultar web o venta directa,+34955915737,info@lafortaleza.net,https://lafortaleza.net,https://www.facebook.com/polvoroneslafortaleza/,https://www.instagram.com/la_fortaleza_estepa/,https://www.google.com/maps/search/?api=1&query=La%20Fortaleza%20Fortadul%2C%20Pol%C3%ADgono%20Industrial%2C%20Av.%20de%20la%20Canela%2C%2038%2C%2041560%20Estepa%2C%20Sevilla&query_place_id=ChIJz3bHQxJabQ0R30lC_E7NnuM,37.300292,-4.8815775,/productores/es/andalucia/sevilla/la-fortaleza-fortadul-estepa.webp,verificado,sí,ecommerce
la-ponderosa-estepa,La Ponderosa,Estepa,Pan y cereal,"Mantecados, polvorones, alfajores, bombones y turrones","Av. de Andalucía, 227, 41560 Estepa, Sevilla","Fábrica de Estepa que elabora mantecados, polvorones, alfajores, bombones, turrones y dulces navideños, incluidos productos sin azúcar y sin gluten.",Consultar web o venta directa,+34955912720,info@dulces-laponderosa.com,https://www.dulces-laponderosa.com/,https://www.facebook.com/DulcesLaPonderosaSL/,https://www.instagram.com/dulces_la_ponderosa/,https://www.google.com/maps/search/?api=1&query=La%20Ponderosa%2C%20Av.%20de%20Andaluc%C3%ADa%2C%20227%2C%2041560%20Estepa%2C%20Sevilla&query_place_id=ChIJz5F49RdabQ0RlVJ3_HieoNc,37.2907266,-4.8702019,/productores/es/andalucia/sevilla/la-ponderosa-estepa.webp,verificado,sí,ecommerce|whatsapp
mantecados-el-dulce-nombre-rafael-arias-arias-estepa,Mantecados El Dulce Nombre,Estepa,Pan y cereal,"Mantecados, polvorones, alfajores y bombones","C. Corrientes, 12, 41560 Estepa, Sevilla","Obrador centenario de Estepa que elabora en horno de leña mantecados, polvorones y otras especialidades navideñas.",Consultar web o venta directa,+34955913199,infoeldulcenombre@gmail.com,https://www.eldulcenombre.com/,https://www.facebook.com/mantecadoseldulcenombre/,https://www.instagram.com/eldulcenombre_/,https://www.google.com/maps/search/?api=1&query=Mantecados%20El%20Dulce%20Nombre%20Rafael%20Arias%20Arias%2C%20C.%20Corrientes%2C%2012%2C%2041560%20Estepa%2C%20Sevilla&query_place_id=ChIJx81HyxtabQ0Rt4w-tyaUotU,37.2904925,-4.879042,/productores/es/andalucia/sevilla/mantecados-el-dulce-nombre-rafael-arias-arias-estepa.webp,verificado,sí,ecommerce
mantecados-el-gamo-e-moreno-estepa,Antigua Fábrica de Mantecados El Gamo,Estepa,Pan y cereal,"Mantecados de horno de leña, polvorones y alfajores","C. Écija, 12, 41560 Estepa, Sevilla",Obrador histórico de E. Moreno en la calle Écija de Estepa que elabora mantecados artesanos en horno de leña y ofrece visitas de fabricación.,Consultar web o venta directa,+34674229610,info@mantecadoselgamo.com,https://mantecadoselgamo.com/,,,https://www.google.com/maps/search/?api=1&query=Mantecados%20El%20Gamo%20E.%20Moreno%2C%20C.%20%C3%89cija%2C%2012%2C%2041560%20Estepa%2C%20Sevilla&query_place_id=ChIJBYGGjhBabQ0RBBlAnZyA5Tk,37.2941597,-4.8802105,/productores/es/andalucia/sevilla/mantecados-el-gamo-e-moreno-estepa.webp,verificado,sí,ecommerce
mantecados-el-santo-manzano-gamito-hnos-estepa,Mantecados El Santo,Estepa,Pan y cereal,"Mantecados, polvorones, alfajores y dulces navideños","Av. de la Canela, 15, 41560 Estepa, Sevilla","Empresa familiar de Estepa que elabora desde 1966 mantecados, polvorones, alfajores y especialidades navideñas.",Consultar web o venta directa,+34955912763,mantecados@el-santo.com,https://el-santo.com,https://www.facebook.com/MantecadosElSanto/,https://www.instagram.com/elsantomantecados/,https://www.google.com/maps/search/?api=1&query=Mantecados%20El%20Santo%20Manzano%20Gamito%20Hnos%2C%20Av.%20de%20la%20Canela%2C%2015%2C%2041560%20Estepa%2C%20Sevilla&query_place_id=ChIJm6R_lBNabQ0RqjS9rX7ZbrM,37.2999507,-4.8789761,/productores/es/andalucia/sevilla/mantecados-el-santo-manzano-gamito-hnos-estepa.webp,verificado,sí,ecommerce
obrador-real-de-confiteria-a-olmedo-e-hijos-estepa,Obrador Real de Confitería,Estepa,Pan y cereal,"Mantecados, polvorones y confitería artesana","Av. de Andalucía, 193, 41560 Estepa, Sevilla","Confitería artesana y familiar de A. Olmedo e Hijos en Estepa, dedicada a mantecados, polvorones y otras elaboraciones tradicionales.",Consultar web o venta directa,+34955913121,info@obradorreal.es,https://www.obradorreal.com/,https://www.facebook.com/obradorreal/,https://www.instagram.com/obradorreal/,https://www.google.com/maps/search/?api=1&query=Obrador%20Real%20de%20Confiter%C3%ADa%20A%20Olmedo%20e%20Hijos%2C%20Av.%20de%20Andaluc%C3%ADa%2C%20195%2C%2041560%20Estepa%2C%20Sevilla&query_place_id=ChIJM0qQjxdabQ0RtN6AR3B8xko,37.2941842,-4.875119,/productores/es/andalucia/sevilla/obrador-real-de-confiteria-a-olmedo-e-hijos-estepa.webp,verificado,sí,ecommerce
obrador-san-jeronimo-la-confiteria-de-la-cruz-hermanos-estepa,La Confitera – Obrador San Jerónimo,Estepa,Pan y cereal,"Mantecados, polvorones, hojaldres, turrones y bombones","C. Vivero, 3, 41560 Estepa, Sevilla","De la Cruz Hermanos fabrica en Estepa mantecados, polvorones, hojaldres, turrones, bombones y especialidades bajo La Confitera y Obrador San Jerónimo.",Consultar web o venta directa,+34955912728,info@laconfitera.com,https://laconfitera.com/,,,https://www.google.com/maps/search/?api=1&query=Obrador%20San%20Jer%C3%B3nimo-La%20Confiter%C3%ADa%20De%20la%20Cruz%20Hermanos%2C%20C.%20Vivero%2C%203%2C%2041560%20Estepa%2C%20Sevilla&query_place_id=ChIJTaLWKgRabQ0R4CUquWruwsE,37.2904256,-4.8882485,/productores/es/andalucia/sevilla/obrador-san-jeronimo-la-confiteria-de-la-cruz-hermanos-estepa.webp,verificado,sí,ecommerce
picos-atanet-panificadora-atanet-estepa,Picos Atanet,Estepa,Pan y cereal,Palitos de pan y picos,"C. Dehesa, 30, 41560 Estepa, Sevilla",Panificadora Atanet elabora en Estepa palitos de pan y picos bajo la marca Picos Atanet.,Consultar web o venta directa,+34954820788,info@picoselgato.com,https://www.picoselgato.com/,,,https://www.google.com/maps/search/?api=1&query=Picos%20Atanet%20Panificadora%20Atanet%2C%20C.%20Dehesa%2C%2030%2C%2041560%20Estepa%2C%20Sevilla&query_place_id=ChIJD9rvUwNabQ0RfbqnT3uhosg,37.2872878,-4.8836586,,verificado,no comprobado,
san-enrique-jose-toro-cejudo-estepa,San Enrique,Estepa,Pan y cereal,"Deliciosas de almendra, mantecados y polvorones","Av. de Andalucía, 39, 41560 Estepa, Sevilla","Fábrica histórica de José Toro Cejudo en Estepa, especializada en mantecados, polvorones y sus Deliciosas de almendra.",Consultar web o venta directa,+34954820384,info@sanenrique.com,https://sanenrique.com,,https://www.instagram.com/delisanenrique/,https://www.google.com/maps/search/?api=1&query=San%20Enrique%20Jos%C3%A9%20Toro%20Cejudo%2C%20Av.%20de%20Andaluc%C3%ADa%2C%2039%2C%2041560%20Estepa%2C%20Sevilla&query_place_id=ChIJQVcDowVabQ0Rr0yaB0jikDw,37.29160419999999,-4.882801,/productores/es/andalucia/sevilla/san-enrique-jose-toro-cejudo-estepa.webp,verificado,sí,ecommerce
confiteria-cabrera-pedro-cabrera-rodriguez-fuentes-de-andalucia,Confitería Cabrera,Fuentes de Andalucía,Pan y cereal,"Tocinos de cielo, tartas y figuras de mazapán","C. Flores, 37, 41420 Fuentes de Andalucía, Sevilla","Confitería fundada en 1944 en Fuentes de Andalucía, donde Pedro Cabrera elabora pastelería artesana y figuras de mazapán.",Consultar web o venta directa,+34954837809,confiteriacabrera@gmail.com,,,,https://www.google.com/maps/search/?api=1&query=Confiter%C3%ADa%20Cabrera%20Pedro%20Cabrera%20Rodr%C3%ADguez%2C%20C.%20Flores%2C%2037%2C%2041420%20Fuentes%20de%20Andaluc%C3%ADa%2C%20Sevilla&query_place_id=ChIJ7xaKrvC-Eg0RHN62QGgow3A,37.46424620000001,-5.346464699999999,,parcial,no comprobado,
destilerias-rigo-fuentes-de-andalucia,Destilerías Rigo,Fuentes de Andalucía,Destilados y licores,"Ginebras, anís y crema de anís","C. La Lantejuela, 41420 Fuentes de Andalucía, Sevilla","Destilería familiar fundada en 1947 que mantiene la elaboración artesanal de anises, licores y ginebras en Fuentes de Andalucía.",Consultar,+34678735740,anisrigo@hotmail.com,https://www.ginde.es/productor/destilerias-rigo/,https://www.facebook.com/1947gin/,https://www.instagram.com/ginrigo/,https://www.google.com/maps/search/?api=1&query=Destiler%C3%ADas%20Rigo%2C%20C.%20la%20Lantejuela%2C%2041420%20Fuentes%20de%20Andaluc%C3%ADa%2C%20Sevilla&query_place_id=ChIJtUOhcsK-Eg0R3tXPQc0vNbo,37.464721,-5.3372261,/productores/es/andalucia/sevilla/destilerias-rigo-fuentes-de-andalucia.webp,parcial,no comprobado,
quesos-la-verea-andaluza-fontaleva-quesera-fuentes-de-andalucia,La Verea Andaluza,Fuentes de Andalucía,Lácteos y quesos,"Quesos artesanos de leche cruda curados y semicurados","C. Ronda, 1, 41420 Fuentes de Andalucía, Sevilla","Pequeña quesería familiar de Fuentes de Andalucía que elabora a mano quesos naturales de producción limitada.",Pedidos por WhatsApp,+34695558892,contacto@fontaleva.com,https://aceiteecologicolavereaandaluza.com/quesos/,,,https://www.google.com/maps/search/?api=1&query=La%20Verea%20Andaluza%2C%20Fuentes%20de%20Andaluc%C3%ADa%2C%20Sevilla,37.4603021,-5.3486956,,verificado,sí,whatsapp
patisserie-tokyo-irene-morcillo-martinez-gerena,Pâtisserie Tokyo,Gerena,Pan y cereal,"Tartas, entremets, baklavas, mochis y helados","C. de Goya, 18, B, 41860 Gerena, Sevilla","Microobrador de Irene Morcillo y Arnau Agan en Gerena dedicado a pastelería de autor, tartas, baklavas, mochis y helados naturales.",Consultar web o venta directa,+34686103664,patisserietokyo@gmail.com,https://www.patisserietokyo.es/,,,https://www.google.com/maps/search/?api=1&query=P%C3%A2tisserie%20Tokyo%20Irene%20Morcillo%20Mart%C3%ADnez%2C%20C.%20de%20Goya%2C%2018%2C%20B%2C%2041860%20Gerena%2C%20Sevilla&query_place_id=ChIJJRJcq3k9Eg0REBM0Yd9hg6Y,37.5320011,-6.1564231,/productores/es/andalucia/sevilla/patisserie-tokyo-irene-morcillo-martinez-gerena.webp,verificado,sí,whatsapp
sierra-guadalcanal-y-guadalimon-guadalcanal,Sierra de Guadalcanal y Guadalimón,Guadalcanal,Aceite,"AOVE coupage, monovarietal pico-limón y ecológico","C. Coso Bajo, 13, 41390 Guadalcanal, Sevilla","Marcas de la Cooperativa Olivarera Andaluza San Sebastián, que elabora AOVE con variedades tradicionales de la Sierra Norte.",Consultar web,+34954886111,pedidos@sierradeguadalcanal.com,https://sierradeguadalcanal.com,https://www.facebook.com/sierradeguadalcanal/,,https://www.google.com/maps/search/?api=1&query=Sierra%20Guadalcanal%20y%20Guadalim%C3%B3n%2C%20Calle%20del%2C%20C.%20Coso%20Bajo%2C%2013%2C%2041390%20Guadalcanal%2C%20Sevilla&query_place_id=ChIJadnqxv-jEw0RCCpyYGONJZY,38.0898129,-5.8147155,/productores/es/andalucia/sevilla/sierra-guadalcanal-y-guadalimon-guadalcanal.webp,verificado,sí,ecommerce
la-alacena-del-tinao-guillena,La Alacena del Tinao,Guillena,Pan y cereal,"Pan, pasteles, tartas y helados artesanos","Pl. Diprasa, 2, bajo, 41210 Guillena, Sevilla","Obrador propio de Guillena que elabora artesanalmente pan, pasteles, tartas y helados para las cafeterías La Alacena del Tinao.",Consultar web o venta directa,+34656706602,info@eltinao.com,https://pastelerialaalacenasevilla.com/,,,https://www.google.com/maps/search/?api=1&query=Obrador%20La%20Alacena%2C%20Plaza%20Diprasa%202%2C%2041210%20Guillena%2C%20Sevilla,37.5455665,-6.0567438,,verificado,no,
torrelareina-quesos-torrelareina-guillena,Quesos Torrelareina,Guillena,Lácteos y quesos,"Quesos tradicionales frescos, semicurados y curados","Av. de la Vega, s/n, 41210 Guillena, Sevilla","Quesería de Guillena dedicada a fabricar quesos tradicionales en distintos formatos y grados de curación.",Consultar web o venta directa,+34616038499,contacto@quesostorrelareina.es,https://quesostorrelareina.es/,,,https://www.google.com/maps/search/?api=1&query=Quesos%20Torrelareina%2C%20Guillena%2C%20Sevilla,37.5461772,-6.0525482,/productores/es/andalucia/sevilla/torrelareina-quesos-torrelareina-guillena.webp,verificado,no comprobado,
special-food-factory-herrera,Special Food Factory,Herrera,Aperitivos,Barritas energéticas y snacks proteicos,"C. Duero, 9, 41567 Herrera, Sevilla","Fábrica de Herrera especializada en formular y producir barritas energéticas y snacks proteicos, veganos o sin gluten para otras marcas.",Consultar web o venta directa,+34679086984,info@specialfoodfactory.com,https://specialfoodfactory.com,,,https://www.google.com/maps/search/?api=1&query=Special%20Food%20Factory%2C%20C.%20Duero%2C%209%2C%2041567%20Herrera%2C%20Sevilla&query_place_id=ChIJAUF9MQBbbQ0R-UNJV7NogfU,37.3628762,-4.8385814,/productores/es/andalucia/sevilla/special-food-factory-herrera.webp,verificado,no,
framoliva-huevar-del-aljarafe,Framoliva,Huévar del Aljarafe,Aceite,"AOVE Framoliva, Muruve, El Molino de Gines y Molino de Huévar","Ctra. SE-639 Huévar-Sanlúcar, Vereda de los Esparragales, s/n, 41830 Huévar del Aljarafe, Sevilla","Almazara San Cristóbal de Framoliva, productora, envasadora y distribuidora de varias marcas elaboradas con aceitunas del Aljarafe.",Consultar web,+34954757080,framoliva@framoliva.com,https://framoliva.com,,https://www.instagram.com/aceitesframoliva/,https://www.google.com/maps/search/?api=1&query=Framoliva%2C%20Ctra.%20SE-639%20Hu%C3%A9var-Sanl%C3%BAcar-%20Vereda%20de%20los%20Esparragales%2C%20s%2Fn%2C%2041830%20Hu%C3%A9var%20del%20Aljarafe%2C%20Sevilla&query_place_id=ChIJYZhzjkcaEg0RgiZmcOC5RaE,37.366611,-6.268352,/productores/es/andalucia/sevilla/framoliva-huevar-del-aljarafe.webp,verificado,sí,email
jolca-huevar-del-aljarafe,Jolca,Huévar del Aljarafe,Conservas,"Aceitunas manzanilla y gordal, rellenas y aliñadas","Autovía A-49, km 22,5, 41830 Huévar del Aljarafe, Sevilla","Empresa aceitunera sevillana que elabora en Huévar aceitunas de mesa manzanilla y gordal en formatos rellenos, aliñados y sin hueso.",Consultar web o venta directa,+34954154032,info@jolca.es,https://jolca.es/,https://www.facebook.com/aceitunasjolca/,https://www.instagram.com/aceitunasjolca/,https://www.google.com/maps/search/?api=1&query=Jolca%2C%20Hu%C3%A9var%20del%20Aljarafe%2C%20Sevilla,37.3619256,-6.2785012,/productores/es/andalucia/sevilla/jolca-huevar-del-aljarafe.webp,verificado,no,
ines-rosales-huevar-del-aljarafe,Inés Rosales,Huévar del Aljarafe,Pan y cereal,Tortas de aceite y especialidades andaluzas,"PE Vereda de la Herrería, S/N, 41830 Huévar del Aljarafe, Sevilla",Fábrica de Huévar del Aljarafe que elabora a mano tortas de aceite desde 1910 y otras especialidades de repostería andaluza.,Consultar web o venta directa,+34954756427,telefono30@inesrosales.com,https://inesrosales.com/,,https://www.instagram.com/inesrosales/,https://www.google.com/maps/search/?api=1&query=In%C3%A9s%20Rosales%2C%20PE%20Vereda%20de%20la%20Herrer%C3%ADa%2C%20S%2FN%2C%2041830%20Hu%C3%A9var%20del%20Aljarafe%2C%20Sevilla&query_place_id=ChIJd-zMlU4aEg0RZAj0aTLwcz0,37.3675716,-6.2565158,/productores/es/andalucia/sevilla/ines-rosales-huevar-del-aljarafe.webp,verificado,sí,ecommerce
arroz-dona-ana-arrozua-isla-mayor,Arroz Doña Ana,Isla Mayor,Pan y cereal,"Arroz Marisma, bomba, largo y vaporizado","Finca Veta la Mora, s/n, 41140 Isla Mayor, Sevilla","Marca de Arrozúa S.C.A., cooperativa de Isla Mayor con más de treinta años dedicada al cultivo, envasado y comercialización de arroz de las Marismas del Guadalquivir.",Consultar web,+34954777564,arrozua@arrozua.com,https://www.arrozua.com/,,https://www.instagram.com/arrozdonaana/,https://www.google.com/maps/search/?api=1&query=Arroz%20Do%C3%B1a%20Ana%20Arrozua%2C%20Finca%20Veta%20la%20Mora%2C%20s%2Fn%2C%2041140%20Isla%20Mayor%2C%20Sevilla&query_place_id=ChIJVVVVVZX2DQ0RlA12XiPGNtg,37.1245324,-6.164949699999999,/productores/es/andalucia/sevilla/arroz-dona-ana-arrozua-isla-mayor.webp,verificado,sí,ecommerce
emfacar-isla-mayor,Emfacar,Isla Mayor,Comida preparada,"Precocinados de pescado, marisco, cangrejo de río y tempuras","Polígono Industrial El Puntal, C. Arroz Bahía, 15-17, 41140 Isla Mayor, Sevilla","Empresa familiar de Isla Mayor que transforma productos de la pesca y elabora precocinados con recetas vinculadas a las marismas.",Consultar catálogo o venta directa,+34954777791,info@emfacar.com,https://emfacar.com/,https://www.facebook.com/emfacar/,https://www.instagram.com/emfacar/,https://www.google.com/maps/search/?api=1&query=Emfacar%2C%20Isla%20Mayor%2C%20Sevilla,37.139004,-6.159137,/productores/es/andalucia/sevilla/emfacar-isla-mayor.webp,verificado,no,
picos-artesanos-castilla-artecasti-la-luisiana,Picos Artesanos Castilla,La Luisiana,Pan y cereal,"Picos, ochitos, colines, regañás y rosquillas","Los Motillos, C. Zaragoza, 22, 41430 La Luisiana, Sevilla","Empresa familiar de La Luisiana que fabrica desde 1968 picos, ochitos, colines, regañás, rosquillas y otros panes secos artesanos.",Consultar web o venta directa,+34955909022,empresa@picoslaluisiana.com,https://www.picoslaluisiana.com/,,,https://www.google.com/maps/search/?api=1&query=Picos%20Artesanos%20Castilla%20Artecasti%2C%20Los%20Motillos%2C%20C.%20Zaragoza%2C%2022%2C%2041430%20La%20Luisiana%2C%20Sevilla&query_place_id=ChIJqz1P9_DHEg0R2nCiNJe_CJg,37.530612,-5.238975,/productores/es/andalucia/sevilla/picos-artesanos-castilla-artecasti-la-luisiana.webp,verificado,no comprobado,
puebla-oliva-la-puebla-de-cazalla,Puebla Oliva,La Puebla de Cazalla,Aceite,"AOVE Puebla Oliva","Autovía A-92, km 66, vía de servicio, 41540 La Puebla de Cazalla, Sevilla","Marca de AOVE de Oleand Manzanilla Olive, cooperativa formada por más de 6.000 familias olivareras tras la fusión de las cooperativas locales.",Consultar,+34954847233,pedidos@omolive.es,https://www.oleandmanzanillaolive.es/,,,https://www.google.com/maps/search/?api=1&query=Puebla%20Oliva%2C%20AUTOV%20A-92%20KM%2066%2C%2041540%20La%20Puebla%20de%20Cazalla%2C%20Sevilla&query_place_id=ChIJa0WrlI6nEg0RURo70YRDqlU,37.2234039,-5.2890796,,verificado,no comprobado,
soberbio-la-puebla-de-cazalla,Soberbio,La Puebla de Cazalla,Aceite,"AOVE monovarietal manzanilla, picual y arbequina","Autovía A-92, km 66, vía de servicio, 41540 La Puebla de Cazalla, Sevilla","Marca premium de AOVE de Oleand Manzanilla Olive, elaborada con aceitunas de sus socios y vinculada a la tradición olivarera de La Puebla de Cazalla.",Consultar,+34954847031,pedidos@omolive.es,https://www.oleandmanzanillaolive.es/,,,https://www.google.com/maps/search/?api=1&query=Soberbio%2C%20AUTOV%20A-92%20KM%2066%2C%2041540%20La%20Puebla%20de%20Cazalla%2C%20Sevilla&query_place_id=ChIJa0WrlI6nEg0RURo70YRDqlU,37.2234039,-5.2890796,,verificado,no comprobado,
miel-la-puebla-de-los-infantes-la-puebla-de-los-infantes,Miel La Puebla de los Infantes,La Puebla de los Infantes,Miel,"Miel y productos derivados","C. Hermanos Álvarez Quintero, 54, 41479 La Puebla de los Infantes, Sevilla","Proyecto de Antonio Santana Jiménez, quinta generación de una familia dedicada a la apicultura y a los productos de la colmena.",Consultar,+34606046502,2antonioysantana@gmail.com,,,,,,,,parcial,no comprobado,
cervezas-mond-la-rinconada,Cervezas Mond,La Rinconada,Cerveza,"Cervezas ecológicas Mond, Tripel Abadía, Mond Negra y ediciones estacionales","Calle Torrepavas, 4, Cortijo Torrepavas, 41309 La Rinconada, Sevilla","Fábrica de cerveza artesana de La Rinconada con elaboración y embotellado propio, variedades ecológicas y visitas con cata.",Consultar web o venta directa,+34955283885,pedidos@cervezasmond.com,https://cervezasmond.com/,https://www.facebook.com/Cervezas-Mond-620265678013041/,https://www.instagram.com/cervezasmond/,https://www.google.com/maps/search/?api=1&query=Cervezas%20Mond%2C%20Calle%20Torrepavas%204%2C%20Cortijo%20Torrepavas%2C%2041309%20La%20Rinconada%2C%20Sevilla&query_place_id=ChIJY6gCDSloEg0R8U81bgnzWzc,37.4741955,-5.9732188,/productores/es/andalucia/sevilla/cervezas-mond-la-rinconada.webp,verificado,sí,ecommerce
hacienda-guzman-aceites-del-sur-coosur-s-a-la-rinconada,Hacienda Guzmán,La Rinconada,Aceite,"AOVE premium hojiblanca, manzanilla y coupage","Ctra. de Mairena del Alcor, s/n, 41309 La Rinconada, Sevilla","Hacienda olivarera con 340 hectáreas de cultivo ecológico, almazara propia y elaboración artesanal de AOVE premium, además de oleoturismo.",Consultar web,+34955511777,info@haciendaguzman.com,https://haciendaguzman.com,https://www.facebook.com/HaciendaGuzman/,https://www.instagram.com/haciendaguzman/,https://www.google.com/maps/search/?api=1&query=Hacienda%20Guzm%C3%A1n%20Aceites%20del%20Sur-Coosur%2CS.A%2C%20Carretera%20de%20Mairena%20del%20Alcor%2C%20S%2FN%2C%2041309%20La%20Rinconada%2C%20Sevilla&query_place_id=ChIJm7YRVCRkEg0RZlPSRTvT_SQ,37.4019984,-5.8420578,/productores/es/andalucia/sevilla/hacienda-guzman-aceites-del-sur-coosur-s-a-la-rinconada.webp,verificado,sí,ecommerce
la-hogaza-la-rinconada,Obrador La Hogaza,La Rinconada,Pan y cereal,Panes ecológicos de masa madre,"C. Johann Gutenberg, 50, 41300 San José de la Rinconada, Sevilla","Obrador de San José de la Rinconada que elabora panes artesanos ecológicos con masa madre propia, harinas, semillas y frutos secos.",Consultar web o venta directa,+34685824536,info@obradorlahogaza.com,https://obradorlahogaza.com/,https://www.facebook.com/obradorlahogazasevilla/,https://www.instagram.com/obrador.lahogaza/,https://www.google.com/maps/search/?api=1&query=La%20Hogaza%2C%20C.%20Johann%20Gutenberg%2C%2050%2C%2041300%20San%20Jos%C3%A9%20de%20la%20Rinconada%2C%20Sevilla&query_place_id=ChIJFyK3bCloEg0R82LeB6ioXQI,37.4905688,-5.9290482,/productores/es/andalucia/sevilla/la-hogaza-la-rinconada.webp,verificado,sí,email|telefono
we-the-legend-palacio-oliaxi-la-roda-de-andalucia,We The Legend,La Roda de Andalucía,Aceite,"AOVE ecológico We The Legend y Oliventus","C. del Horno, 8, 41590 La Roda de Andalucía, Sevilla","Marca de Palacio Oliaxi dedicada a AOVE ecológico de cosecha temprana y extracción en frío, elaborado en variedades picual y hojiblanca.",Consultar web,+34954015144,info@palacioliaxi.com,https://palacioliaxi.es/,,,https://www.google.com/maps/search/?api=1&query=We%20The%20Legend%20Palacio%20Oliaxi%2C%20C.%20del%20Horno%2C%208%2C%2041590%20La%20Roda%20de%20Andaluc%C3%ADa%2C%20Sevilla&query_place_id=ChIJAXpBsoKgcg0RL0EHaHqTV4c,37.2002953,-4.7792737,,verificado,sí,ecommerce
carniceria-manoli-manuela-sanchez-alvarez-las-navas-de-la-concepcion,Carnicería Manoli,Las Navas de la Concepción,Carne,"Chorizo rojo y blanco, morcilla, chorizo de venado y de jabalí","Calle Daoiz, 5, 41460 Las Navas de la Concepción, Sevilla","Carnicería y obrador de Manuela Sánchez Álvarez que elabora embutidos tradicionales y de caza en Las Navas de la Concepción.",Consultar web o venta directa,+34615116915,sierra48@gmx.es,,,,https://www.google.com/maps/search/?api=1&query=Carnicer%C3%ADa%20Manoli%20Manuela%20S%C3%A1nchez%20%C3%81lvarez%2C%20Calle%20Daoiz%2C%205%2C%2041460%20Las%20Navas%20de%20la%20Concepci%C3%B3n%2C%20Sevilla&query_place_id=ChIJPXPwAk8fEw0Rm58hiMSj6_4,37.9337505,-5.4648772,,parcial,no comprobado,
dehesa-navera-las-navas-de-la-concepcion,Dehesa Navera,Las Navas de la Concepción,Carne,"Jamones, paletas y embutidos ibéricos de bellota","C. Castelar, 39 y C. Velarde, 40, 41460 Las Navas de la Concepción, Sevilla","Ganadería familiar que cría cerdo ibérico en dehesa y elabora de forma artesanal jamones, paletas, lomos, chorizos y salchichones.",Consultar web o venta directa,+34689706996,info@dehesanavera.com,https://dehesanavera.com/,,,https://www.google.com/maps/search/?api=1&query=Dehesa%20Navera%2C%2041460%20Las%20Navas%20de%20la%20Concepci%C3%B3n%2C%20Sevilla&query_place_id=ChIJEb2ZWLQeEw0RHGogAhbYzts,37.933506,-5.4600329,/productores/es/andalucia/sevilla/dehesa-navera-las-navas-de-la-concepcion.webp,verificado,sí,ecommerce
hnos-gutierrez-bermejo-hermanos-gutierrez-bermejo-las-navas-de-la-concepcion,Hnos. Gutiérrez Bermejo,Las Navas de la Concepción,Carne,"Embutidos ibéricos y de caza sin gluten ni lactosa","C. Nueva, 70, 41460 Las Navas de la Concepción, Sevilla","Tienda y fábrica familiar que elabora y cura en Las Navas embutidos ibéricos y de caza mediante métodos artesanales.",Consultar web o venta directa,+34678470061,embutidoshermanosgutierrez@gmail.com,,,,https://www.google.com/maps/search/?api=1&query=Hnos.%20Guti%C3%A9rrez%20Bermejo%20Hermanos%20Guti%C3%A9rrez%20Bermejo%2C%20C.%20Nueva%2C%2070%2C%2041460%20Las%20Navas%20de%20la%20Concepci%C3%B3n%2C%20Sevilla&query_place_id=ChIJY91LRbEeEw0R5zPTk2mbtrQ,37.9307817,-5.4628534,,parcial,no comprobado,
bodegas-gonzalez-palacios-lebrija,Bodegas González Palacios,Lebrija,Vino,"Vinos DOP Lebrija generosos, blancos, tintos y dulces","C. Virgen de Consolación, 60, 41740 Lebrija, Sevilla","Bodega familiar fundada en 1960 con viñedo propio y dos bodegas de elaboración y crianza de vinos amparados por la DOP Lebrija.",Consultar web,+34658905044,felix@gonzalezpalacios.com,https://gonzalezpalacios.com,https://www.facebook.com/BodegasGonzalezPalacios/,https://www.instagram.com/lebrijavinos/,https://www.google.com/maps/search/?api=1&query=Bodegas%20Gonz%C3%A1lez%20Palacios%2C%20C.%20Virgen%20de%20Consolaci%C3%B3n%2C%2060%2C%2041740%20Lebrija%2C%20Sevilla&query_place_id=ChIJQ8zJaMPsDQ0R3NYlMpvsRO0,36.9150416,-6.0846478,/productores/es/andalucia/sevilla/bodegas-gonzalez-palacios-lebrija.webp,verificado,sí,ecommerce
bodegas-halcon-lebrija,Bodegas Halcón,Lebrija,Vino,"El Marqués, Zamarrita, Conchita, Bigotillo y vinagre de Jerez","C. Adán y Eva, 4, 41740 Lebrija, Sevilla","Hacienda bodega histórica de Lebrija que cría vinos generosos por el sistema de criaderas y soleras y conserva vinos de sacristía de larga vejez.",Consultar,+34616671212,hola@bodegashalcon.es,https://bodegashalcon.es,https://www.facebook.com/bodegashalconoficial/,https://www.instagram.com/bodegas_halcon/,https://www.google.com/maps/search/?api=1&query=Bodegas%20Halc%C3%B3n%2C%20C.%20Ad%C3%A1n%20y%20Eva%2C%204%2C%2041740%20Lebrija%2C%20Sevilla&query_place_id=ChIJxw2Sv9ntDQ0RoFdjT4jcl90,36.9201885,-6.0806244,/productores/es/andalucia/sevilla/bodegas-halcon-lebrija.webp,verificado,sí,ecommerce
confiteria-dovi-andres-dominguez-vidal-lebrija,Confitería Dovi,Lebrija,Pan y cereal,"Bollería, pasteles, tartas, roscones y helados","C. Filipinas, 14, 41740 Lebrija, Sevilla","Obrador y confitería de Lebrija fundado en 1991 que elabora bollería, pasteles, tartas, roscones y helados artesanos.",Consultar web o venta directa,+34955975014,info@confiteriadovi.es,https://confiteriadovi.es,,,https://www.google.com/maps/search/?api=1&query=Confiter%C3%ADa%20Dovi%20Andr%C3%A9s%20Dom%C3%ADnguez%20Vidal%2C%20C.%20Filipinas%2C%2014%2C%2041740%20Lebrija%2C%20Sevilla&query_place_id=ChIJKeyaI9TsDQ0RA3918kvOM68,36.9242248,-6.0727251,/productores/es/andalucia/sevilla/confiteria-dovi-andres-dominguez-vidal-lebrija.webp,verificado,sí,telefono
lagrimas-de-nebrija-lebrija,Lágrimas de Nebrija,Lebrija,Pan y cereal,"Bombones de higo, rocas de chocolate, mermeladas, pan de higo y turrones","C. Cristóbal Colón, 34, 41740 Lebrija, Sevilla","Obrador de Lebrija especializado en bombones de higo, chocolates, mermeladas, pan de higo y turrones.",Consultar web o venta directa,+34616404967,nivelacioneselmimi@gmail.com,https://lagrimasdenebrija.com/,,https://www.instagram.com/lagrimas_de_nebrija/,https://www.google.com/maps/search/?api=1&query=L%C3%A1grimas%20de%20Nebrija%2C%20C.%20Crist%C3%B3bal%20Col%C3%B3n%2C%2034%2C%2041740%20Lebrija%2C%20Sevilla&query_place_id=ChIJN3q5GFXtDQ0R2nox_p7xWOA,36.923954,-6.0770623,/productores/es/andalucia/sevilla/lagrimas-de-nebrija-lebrija.webp,verificado,sí,ecommerce
marismas-salud-las-marismas-de-lebrija-lebrija,Marismas Salud / Las Marismas de Lebrija,Lebrija,Conservas,"Tomate concentrado y productos hortícolas","Polígono Industrial Las Marismas, parcela 1.029-BB, 41740 Lebrija, Sevilla","Cooperativa agroindustrial de Lebrija que cultiva tomate con sus socios y lo transforma en concentrado en una fábrica propia.",Contacto comercial,+34955977011,infoweb@marismas.com,https://www.marismas.es/,,,https://www.google.com/maps/search/?api=1&query=Las%20Marismas%20de%20Lebrija%2C%20Sevilla,36.944807,-6.0960912,/productores/es/andalucia/sevilla/marismas-salud-las-marismas-de-lebrija-lebrija.webp,verificado,no comprobado,
panaderia-jose-dorantes-lebrija,Panadería José Dorantes,Lebrija,Pan y cereal,"Pan artesano, picos, regañás y dulces típicos de Lebrija","C. San Isidro, 38, 41740 Lebrija, Sevilla","Panadería familiar de Lebrija con más de noventa años de oficio que elabora pan, picos, regañás y dulces tradicionales.",Consultar web o venta directa,+34600474831,panypicosartesanos@gmail.com,,,,https://www.google.com/maps/search/?api=1&query=Panader%C3%ADa%20Jos%C3%A9%20Dorantes%2C%20C.%20San%20Isidro%2C%2038%2C%2041740%20Lebrija%2C%20Sevilla&query_place_id=ChIJYQrGmNrsDQ0R07nZxI58-68,36.9206319,-6.0683986,,parcial,sí,telefono
patatas-fritas-bandera-productos-hermanos-sojo-lora-de-estepa,Patatas Fritas Bandera,Lora de Estepa,Aperitivos,"Patatas fritas artesanas clásicas, al ajillo y con sabores","C. Cueva Peñarrubia, s/n, 41564 Lora de Estepa, Sevilla","Empresa familiar de Lora de Estepa que fríe patatas artesanas desde 1968 y las ofrece en distintos formatos y sabores.",Tienda online,+34676004874,info@patatasbandera.com,https://patatasbandera.com/,https://www.facebook.com/patatasfritasbandera/,https://www.instagram.com/patatas_fritas_bandera/,https://www.google.com/maps/search/?api=1&query=Patatas%20Fritas%20Bandera%2C%20Lora%20de%20Estepa%2C%20Sevilla,37.2732759,-4.8152079,/productores/es/andalucia/sevilla/patatas-fritas-bandera-productos-hermanos-sojo-lora-de-estepa.webp,verificado,sí,ecommerce
cortijo-el-puerto-ingeoliva-lora-del-rio,Cortijo El Puerto,Lora del Río,Aceite,"AOVE ecológico y biodinámico de finca propia","A-456, km 18,6, 41440 Lora del Río, Sevilla","Finca y almazara de Ingeoliva que cultiva, elabora y envasa AOVE ecológico y biodinámico de distintas variedades.",Consultar web,+34677953264,info@cortijoelpuerto.com,https://cortijoelpuerto.com,,https://www.instagram.com/cortijoelpuerto/,https://www.google.com/maps/search/?api=1&query=Cortijo%20El%20Puerto%20Ingeoliva%2C%20A-456%2C%20km%2018%2C%206%2C%2041440%20Lora%20del%20R%C3%ADo%2C%20Sevilla&query_place_id=ChIJ6_PV4_DuEg0Ryt-ysQzW4nM,37.6258104,-5.5045819,/productores/es/andalucia/sevilla/cortijo-el-puerto-ingeoliva-lora-del-rio.webp,verificado,sí,ecommerce
frutos-secos-alfer-manuel-alvarez-y-fernandez-lora-del-rio,Frutos Secos Alfer,Lora del Río,Aperitivos,"Frutos secos elaborados y envasados, golosinas, pimentón y especias","Carretera de Alcolea, 26, 41440 Lora del Río, Sevilla","Empresa de Lora del Río dedicada a fabricar y envasar frutos secos y a preparar otras gamas de aperitivos, especias y golosinas.",Consultar catálogo o venta directa,+34606967805,info@frutossecosalfer.es,https://frutossecosalfer.es/,https://www.facebook.com/alferfrutossecos/,https://www.instagram.com/frutossecosalfer/,https://www.google.com/maps/search/?api=1&query=Frutos%20Secos%20Alfer%2C%20Lora%20del%20R%C3%ADo%2C%20Sevilla,37.6598182,-5.5372457,/productores/es/andalucia/sevilla/frutos-secos-alfer-manuel-alvarez-y-fernandez-lora-del-rio.webp,verificado,no comprobado,
hacienda-valdivieso-josefa-claro-villa-lora-del-rio,Hacienda Valdivieso,Lora del Río,Aceite,AOVE arbequina de finca propia,"C. Roda Arriba, 99, 3º C, 41440 Lora del Río, Sevilla","Proyecto olivarero de la Vega del Guadalquivir que controla el cultivo y la elaboración de su AOVE arbequina.",Consultar web,+34628579698,pedrovaldivieso@haciendavaldivieso.com,https://www.haciendavaldivieso.com/,,,https://www.google.com/maps/search/?api=1&query=Hacienda%20Valdivieso%20Josefa%20Claro%20Villa%2C%20C.%20Roda%20Arriba%2C%2099%2C%203%C2%BA%20C%2C%2041440%20Lora%20del%20R%C3%ADo%2C%20Sevilla&query_place_id=ChIJxesyO3LvEg0RAZeIpQrnvmw,37.65766,-5.52566,/productores/es/andalucia/sevilla/hacienda-valdivieso-josefa-claro-villa-lora-del-rio.webp,verificado,sí,ecommerce
loramiel-juan-ignacio-lopez-martinez-lora-del-rio,Loramiel,Lora del Río,Miel,"Miel cruda, polen, propóleo, cera e hidromiel","Pol. Ind. Matallana, C. Arriería, 6, 41440 Lora del Río, Sevilla","Empresa apícola familiar de quinta generación que produce y envasa miel cruda, productos de la colmena e hidromiel.",Visitas solo con cita previa,+34692637491,mundoabeja@gmail.com,https://loramiel.es,https://www.facebook.com/LoramielMA/,https://www.instagram.com/loramiel_/,https://www.google.com/maps/search/?api=1&query=Loramiel%20Juan%20Ignacio%20L%C3%B3pez%20Mart%C3%ADnez%2C%20poligono%20industrial%20matallana%2C%20calle%20arrieria%20n%C2%BA6%2C%2041440%20Lora%20del%20R%C3%ADo%2C%20Sevilla&query_place_id=ChIJe7AIbErvEg0RdBN1VCoFRQI,37.6521213,-5.5487791,/productores/es/andalucia/sevilla/loramiel-juan-ignacio-lopez-martinez-lora-del-rio.webp,verificado,sí,ecommerce
blanca-parejo-bodega-maria-luisa-ponce-mayo-los-palacios-y-villafranca,Bodega Blanca Parejo,Los Palacios y Villafranca,Vino,"Vinos varietales ecológicos blancos y tintos","C. Iniciativa, 4, 41720 Los Palacios y Villafranca, Sevilla","Bodega familiar que elabora desde 2019 vinos artesanales de mínima intervención con uvas de viñedos propios cultivados en ecológico.",Consultar web,+34610371611,bodegablancaparejo@hotmail.com,https://blancaparejo.com,,https://www.instagram.com/blancaparejo.bodega/,https://www.google.com/maps/search/?api=1&query=Blanca%20Parejo%20Bodega%20Mar%C3%ADa%20Luisa%20Ponce%20Mayo%2C%20C.%20Iniciativa%2C%204%2C%2041720%20Los%20Palacios%20y%20Villafranca%2C%20Sevilla&query_place_id=ChIJUwRLJKR3Eg0RQP0qxP8tVEQ,37.1641763,-5.9381661,/productores/es/andalucia/sevilla/blanca-parejo-bodega-maria-luisa-ponce-mayo-los-palacios-y-villafranca.webp,verificado,sí,email|whatsapp
el-distinguido-confiteria-distinguido-los-palacios-y-villafranca,Confitería Distinguido,Los Palacios y Villafranca,Pan y cereal,"Pasteles, tartas, bollería y helados","C. Diego Llorente, 36, 41720 Los Palacios y Villafranca, Sevilla","Obrador artesanal de Los Palacios y Villafranca fundado en 1984 que elabora pastelería, tartas, bollería y helados.",Consultar web o venta directa,+34955814733,cdistinguido@gmail.com,,,,https://www.google.com/maps/search/?api=1&query=El%20Distinguido%20Confiter%C3%ADa%20Distinguido%2C%20C.%20Diego%20Llorente%2C%2036%2C%2041720%20Los%20Palacios%20y%20Villafranca%2C%20Sevilla&query_place_id=ChIJ_TZ4qcR3Eg0RiuY20rWIM5E,37.1605095,-5.9254218,,parcial,no comprobado,
la-tomateria-palaciega-frescampo-la-union-los-palacios-y-villafranca,La Tomatería Palaciega,Los Palacios y Villafranca,Conservas,"Gazpacho y salmorejo frescos, naturales y sin conservantes","C. Iniciativa, 2, 41720 Los Palacios y Villafranca, Sevilla","Obrador de Los Palacios que elabora gazpacho y salmorejo frescos con receta tradicional, sin aditivos ni conservantes.",Consultar puntos de venta,+34722313483,info@tomateria-palaciega.es,https://tomateria-palaciega.es/,,,https://www.google.com/maps/search/?api=1&query=La%20Tomater%C3%ADa%20Palaciega%2C%20Los%20Palacios%20y%20Villafranca%2C%20Sevilla,37.1642887,-5.9379551,,verificado,no comprobado,
las-nieves-los-palacios-y-villafranca,Cooperativa Las Nieves,Los Palacios y Villafranca,Vino,"Vinos Señorío de las Nieves, frizzante y vinagre","Av. Utrera, s/n, 41720 Los Palacios y Villafranca, Sevilla","Cooperativa agrícola, hortofrutícola y vinícola con 60 años de historia que produce vinos y vinagre de elaboración y crianza propias.",Supermercado de la cooperativa,+34955810360,ventas@cooperativalasnieves.com,https://cooperativalasnieves.com,https://www.facebook.com/cooperativalasnieves/,https://www.instagram.com/cooperativalasnieves/,https://www.google.com/maps/search/?api=1&query=Las%20Nieves%2C%20Av.%20Utrera%2C%20s%2Fn%2C%2041720%20Los%20Palacios%20y%20Villafranca%2C%20Sevilla&query_place_id=ChIJcbr0le93Eg0RGzY4xLCLK_E,37.1625,-5.910833299999999,/productores/es/andalucia/sevilla/las-nieves-los-palacios-y-villafranca.webp,verificado,no comprobado,
tierra-palaciega-los-palacios-y-villafranca,Tierra Palaciega,Los Palacios y Villafranca,Conservas,"Tomate frito, pisto, sofrito y mermeladas de tomate","C. Cooperación, 51, nave 1, 41720 Los Palacios y Villafranca, Sevilla","Productor de conservas vegetales elaboradas con tomates de cosecha propia y verduras de temporada, cocinadas a fuego lento sin conservantes ni aditivos.",Consultar web,+34854605426,info@tierrapalaciega.com,https://tierrapalaciega.com,,https://www.instagram.com/tierrapalaciega/,https://www.google.com/maps/search/?api=1&query=Tierra%20Palaciega%2C%20C.%20Cooperacion%2C%2051%2C%201%2C%2041720%20Los%20Palacios%20y%20Villafranca%2C%20Sevilla&query_place_id=ChIJHQKAnsx3Eg0RpMkJ8dfW8GI,37.1645169,-5.939267999999999,/productores/es/andalucia/sevilla/tierra-palaciega-los-palacios-y-villafranca.webp,verificado,sí,ecommerce
campolea-campos-de-olea-mairena-del-alcor,Campolea,Mairena del Alcor,Aceite,"AOVE premium, ecológico y aromatizado","C. Benajete, 2B, 41510 Mairena del Alcor, Sevilla","Campos de Olea elabora AOVE Campolea en distintas variedades y selecciones, incluida una línea ecológica.",Consultar web,+34955746860,info@campolea.com,https://campolea.com,,,https://www.google.com/maps/search/?api=1&query=Campolea%20Campos%20de%20Olea%2C%20C.%20Benajete%2C%202B%2C%2041510%20Mairena%20del%20Alcor%2C%20Sevilla&query_place_id=ChIJReJUoPViEg0Ry03LQ4sEYjs,37.3696831,-5.7538858,/productores/es/andalucia/sevilla/campolea-campos-de-olea-mairena-del-alcor.webp,verificado,sí,ecommerce
pimientos-casa-garcia-mairena-del-alcor,Pimientos Casa García,Mairena del Alcor,Conservas,"Pimientos y batatas asados, caracoles y cabrillas en salsa","C. Carpinteros, 13-15, Polígono Industrial Gandul, 41510 Mairena del Alcor, Sevilla","Empresa de Mairena del Alcor que elabora y envasa pimientos y batatas asados y platos tradicionales de caracoles y cabrillas.",Contacto comercial,+34955747012,pimientoscasagarcia@pimientoscasagarcia.com,https://pimientoscasagarcia.com/,,,https://www.google.com/maps/search/?api=1&query=Pimientos%20Casa%20Garc%C3%ADa%2C%20Mairena%20del%20Alcor%2C%20Sevilla,37.3631251,-5.7564687,/productores/es/andalucia/sevilla/pimientos-casa-garcia-mairena-del-alcor.webp,verificado,no,
salazones-gonzalez-e-hijos-mairena-del-alcor,Salazones González e Hijos,Mairena del Alcor,Carne,"Espinazos, rabos, costillas y pancetas saladas, tocinos y preparados de puchero","C. Corbones, 2, 41510 Mairena del Alcor, Sevilla","Empresa familiar de segunda y tercera generación dedicada en Mairena del Alcor a la fabricación artesanal de salazones cárnicas.",Consultar web o venta directa,+34609562096,cristinagonza92@gmail.com,https://salazonesgonzalez.com/,,,https://www.google.com/maps/search/?api=1&query=Salazones%20Gonz%C3%A1lez%20e%20Hijos%2C%20C.%20Corbones%2C%202%2C%2041510%20Mairena%20del%20Alcor%2C%20Sevilla&query_place_id=ChIJ_2EmGHxiEg0RKje_IlP-rQM,37.3760979,-5.735889299999999,/productores/es/andalucia/sevilla/salazones-gonzalez-e-hijos-mairena-del-alcor.webp,verificado,no comprobado,
desiderata-beer-and-dreams-company-mairena-del-aljarafe,Desiderata / Beer & Dreams Company,Mairena del Aljarafe,Cerveza,"Pilsen aromática, trigo y naranja, doble malta, café y chocolate e IPA","Calle Congreso, 61, Parque Industrial PISA, 41927 Mairena del Aljarafe, Sevilla","Marca y fábrica de cerveza artesana de Mairena del Aljarafe respaldada por el directorio agroalimentario provincial.",Consultar web o venta directa,+34665676769,info@beeranddreams.com,,https://www.facebook.com/desideratabeer/,https://www.instagram.com/desideratabeer/,https://www.google.com/maps/search/?api=1&query=Desiderata%20Beer%20And%20Dreams%20Company%2C%20C.%20Congreso%2C%20N%C2%BA61%2C%2041927%20Mairena%20del%20Aljarafe%2C%20Sevilla&query_place_id=ChIJYXvIHwYBMhURU6Yg530DFek,37.3528164,-6.0629041,,parcial,no comprobado,
majao-new-way-foods-mairena-del-aljarafe,Majao,Mairena del Aljarafe,Conservas,"Gazpacho, salmorejo y cremas vegetales frescas","C. Artesanía, 5-7, 41927 Mairena del Aljarafe, Sevilla","Fabricante de Mairena del Aljarafe especializado en gazpachos, salmorejos y cremas vegetales frescas en distintos formatos.",Tienda online,+34955925537,pedidos@majao.es,https://majao.es/,,https://www.instagram.com/gazpachomajao/,https://www.google.com/maps/search/?api=1&query=Majao%2C%20Mairena%20del%20Aljarafe%2C%20Sevilla,37.355806,-6.0602341,/productores/es/andalucia/sevilla/majao-new-way-foods-mairena-del-aljarafe.webp,verificado,sí,ecommerce
industria-aceitunera-marciense-marchena,Industria Aceitunera Marciense,Marchena,Conservas,"Aceitunas de mesa aderezadas, rellenas y envasadas","Travesía San Ignacio, s/n, 41620 Marchena, Sevilla","Empresa familiar fundada en 1923 que adereza, envasa y comercializa aceitunas de mesa desde sus instalaciones de Marchena.",Consultar web o venta directa,+34955845400,iamar@marciense.es,https://www.marciense.es/,,https://www.instagram.com/marciense/,https://www.google.com/maps/search/?api=1&query=Industria%20Aceitunera%20Marciense%2C%20Marchena%2C%20Sevilla,37.3268525,-5.4091995,/productores/es/andalucia/sevilla/industria-aceitunera-marciense-marchena.webp,verificado,no comprobado,
lacase-plantaroma-marchena,Lacase,Marchena,Condimentos,"Garbanzos, orégano, romero, infusiones y condimentos","C. la Cilla, 10, 41620 Marchena, Sevilla","Marca de Plantaroma dedicada al envasado y elaboración de garbanzos y plantas aromáticas cultivados en la Campiña sevillana.",Consultar,+34661755220,plantaroma.sl@hotmail.com,,,,https://www.google.com/maps/search/?api=1&query=Lacase%20Plantaroma%2C%20C.%20la%20Cilla%2C%2010%2C%2041620%20Marchena%2C%20Sevilla&query_place_id=ChIJI9wspz2YEg0R3raZl4n2RYU,37.3310341,-5.4165886,,parcial,no comprobado,
maria-de-miel-maria-isabel-carmona-pazos-marchena,María de Miel,Marchena,Miel,"Miel natural y polen","C. Carpintería, 8, 41620 Marchena, Sevilla","Empresa familiar de tercera generación que recolecta miel y polen de sus colmenas en Andalucía y los envasa sin aditivos.",Consultar web o venta directa,+34630010540,info@mariademiel.es,https://mariademiel.es,https://www.facebook.com/mariademiel.mariademiel/,https://www.instagram.com/mariademiel/,https://www.google.com/maps/search/?api=1&query=Mar%C3%ADa%20de%20Miel%20Maria%20Isabel%20Carmona%20Pazos%2C%20C.%20Carpinter%C3%ADa%2C%208%2C%2041620%20Marchena%2C%20Sevilla&query_place_id=ChIJxVFlN2CZEg0RNGxKMh1Wo0Y,37.3222108,-5.4096848,/productores/es/andalucia/sevilla/maria-de-miel-maria-isabel-carmona-pazos-marchena.webp,verificado,sí,ecommerce
monasterio-de-la-purisima-concepcion-marchena,Clarisas de Marchena – Monasterio de la Purísima Concepción,Marchena,Pan y cereal,"Dulces de convento, hojaldres, chocolates, roscos y membrillo","C. Palacio Ducal, 16, 41620 Marchena, Sevilla","La comunidad franciscana clarisa de Marchena elabora dulces artesanos en el obrador del Monasterio de la Purísima Concepción.",Consultar web o venta directa,+34954843983,clarisas@clarisas.es,https://clarisas.es/,https://www.facebook.com/clarisasmarchena/,,https://www.google.com/maps/search/?api=1&query=Monasterio%20de%20la%20Pur%C3%ADsima%20Concepci%C3%B3n%2C%20C.%20Palacio%20Ducal%2C%2016%2C%2041620%20Marchena%2C%20Sevilla&query_place_id=ChIJx5T8ND2YEg0ReYQ0zsR0ydI,37.33356029999999,-5.4164598,/productores/es/andalucia/sevilla/monasterio-de-la-purisima-concepcion-marchena.webp,verificado,sí,ecommerce
panaderia-azucena-juan-luis-gutierrez-jimenez-marchena,Panadería Azucena,Marchena,Pan y cereal,"Mollete de Marchena, hogazas, doras y panes integrales","C. Agricultura, 5, Pol. Ind. La Ventilla, 41620 Marchena, Sevilla","Fábrica de pan fundada en 2007 que elabora el mollete tradicional de Marchena, hogazas y otros panes artesanos.",Consultar web o venta directa,+34659056235,azucena@molletesdemarchena.es,http://www.molletesdemarchena.es/,,,https://www.google.com/maps/search/?api=1&query=Panader%C3%ADa%20Azucena%2C%20C.%20Agricultura%2C%205%2C%20Pol.%20Ind.%20La%20Ventilla%2C%2041620%20Marchena%2C%20Sevilla,,,/productores/es/andalucia/sevilla/panaderia-azucena-juan-luis-gutierrez-jimenez-marchena.webp,parcial,no comprobado,
panaderia-el-chispa-isaac-jimenez-segovia-marchena,Panadería El Chispa,Marchena,Pan y cereal,"Molletes marcheneros, pan de pueblo y panes artesanos","C. Manzanilla, 11, 41620 Marchena, Sevilla","Obrador familiar de Marchena fundado en 1950 que elabora a mano molletes marcheneros y panes de fermentación lenta.",Consultar web o venta directa,+34654447605,anitatjj1@gmail.com,,,,https://www.google.com/maps/search/?api=1&query=Panader%C3%ADa%20El%20Chispa%20Isaac%20Jim%C3%A9nez%20Segovia%2C%20C.%20Manzanilla%2C%2011%2C%2041620%20Sevilla&query_place_id=ChIJUxIx5G2ZEg0R_5zDHRIdt7I,37.3209478,-5.4128063,,parcial,sí,telefono
panaderia-la-cuesta-marchena,Panadería La Cuesta,Marchena,Pan y cereal,"Molletes, pan moreno, torrijas, empanadas y tortas de manteca","C. Xaheriz, 12, 41620 Marchena, Sevilla","Panadería Espíritu Santo elabora en Marchena molletes, panes tradicionales, torrijas, empanadas y tortas de manteca.",Consultar web o venta directa,+34629286386,administracion@panaderialacuesta.com,,,,https://www.google.com/maps/search/?api=1&query=Panader%C3%ADa%20La%20Cuesta%2C%20C.%20Xaheriz%2C%2012%2C%2041620%20Marchena%2C%20Sevilla&query_place_id=ChIJJQSjyySYEg0RoyZ0YZq-T1I,37.3336801,-5.421819999999999,/productores/es/andalucia/sevilla/panaderia-la-cuesta-marchena.webp,parcial,no comprobado,
procavi-marchena,Procavi,Marchena,Carne,"Carne de pavo fresca, congelada, marinada y envasada","Ctra. Comarcal 339, km 23.6, 41620 Marchena, Sevilla","Empresa agroalimentaria dedicada a la producción integral de carne de pavo, con centro de procesado, envasado y expedición en Marchena.",Consultar web o venta directa,+34955847879,procavi@procavi.es,https://procavi.es,,,https://www.google.com/maps/search/?api=1&query=Procavi%2C%20Ctra.%20Carmona%2C%20339%2C%2041620%20Marchena%2C%20Sevilla&query_place_id=ChIJzT45VT2YEg0Rq8XE302waT4,37.344422,-5.4358599,/productores/es/andalucia/sevilla/procavi-marchena.webp,verificado,no,
los-angeles-montellano,Los Ángeles,Montellano,Aceite,"AOVE ecológico, monovarietal y coupage","C. Ronda, 34, 41770 Montellano, Sevilla","Cooperativa olivarera fundada en 1961 que produce y envasa AOVE de agricultores de Montellano y la Sierra Sur.",Consultar web,+34954875335,admon@oleoangeles.com,https://oleoangeles.com,,,https://www.google.com/maps/search/?api=1&query=Los%20%C3%81ngeles%2C%20Calle%20Rda.%2C%2034%2C%2041770%20Montellano%2C%20Sevilla&query_place_id=ChIJ8VtdPgZwDQ0RlE3wBWL2KDc,36.9930888,-5.5671709,/productores/es/andalucia/sevilla/los-angeles-montellano.webp,verificado,sí,ecommerce
molino-el-palancar-ferti-fersal-montellano,Molino El Palancar,Montellano,Aceite,"AOVE monovarietal y de acebuche","A-375, km 36,9, Paraje El Palancar, 41170 El Coronil, Sevilla","Almazara de Ferti Fersal que moltura, envasa y comercializa AOVE de variedades picual, arbequina, manzanilla, hojiblanca y acebuche.",Consultar web,+34954029020,fertifersal@gmail.com,https://www.molinoelpalancar.com/,,,https://www.google.com/maps/search/?api=1&query=Molino%20El%20Palancar%20Ferti%20Fersal%2C%20A-375%2C%2036%2C%2041760%20El%20Coronil%2C%20Sevilla&query_place_id=ChIJr9a-uGhlDQ0Rn75KnZfTC0o,36.9516983,-5.5837702,/productores/es/andalucia/sevilla/molino-el-palancar-ferti-fersal-montellano.webp,verificado,sí,ecommerce
panaderia-confiteria-juan-garcia-david-gallego-garcia-montellano,Panadería Confitería Juan García,Montellano,Pan y cereal,"Pan de leña, molletes, tortas de aceite, perrunas y tartas","Pl. Sacristán Juan de la Rocha, 4, 41770 Montellano, Sevilla","Panadería y confitería de Montellano que elabora pan y molletes de horno de leña, tortas de aceite, perrunas y tartas.",Consultar web o venta directa,+34634213020,pan.confiteria-juangarcia@hotmail.com,,,,https://www.google.com/maps/search/?api=1&query=Panader%C3%ADa%20Confiter%C3%ADa%20Juan%20Garc%C3%ADa%2C%20Pl.%20Sacrist%C3%A1n%20Juan%20de%20la%20Rocha%2C%204%2C%2041770%20Montellano%2C%20Sevilla,,,,parcial,no comprobado,
la-choza-del-abuelo-almazara-el-pinalejo-moron-de-la-frontera,La Choza del Abuelo,Morón de la Frontera,Aceite,"AOVE ecológico de cosecha propia","Ctra. Morón-Pruna, km 10, 41530 Morón de la Frontera, Sevilla","Almazara familiar El Pinalejo, que cultiva olivar ecológico y elabora en la propia finca AOVE de distintas variedades autóctonas.",Consultar web,+34678372623,almazaraelpinalejo@gmail.com,https://lachozadelabuelo.com/,,,https://www.google.com/maps/search/?api=1&query=La%20Choza%20del%20Abuelo%20Almazara%20El%20Pinalejo%2C%20Pruna%2C%20Carr.%20Mor%C3%B3n%2C%2041530%20Mor%C3%B3n%20de%20la%20Frontera%2C%20Sevilla&query_place_id=ChIJj7aRXHtfDQ0R7bYKWRao8ss,37.0926805,-5.3825313,/productores/es/andalucia/sevilla/la-choza-del-abuelo-almazara-el-pinalejo-moron-de-la-frontera.webp,verificado,sí,ecommerce
monasterio-de-santa-clara-clarisas-convento-de-santa-clara-moron-de-la-frontera,Clarisas de Morón – Monasterio de Santa Clara,Morón de la Frontera,Pan y cereal,"Pestiños, magdalenas, almendrados, tortas y bizcochos","C. Utrera, 1, 41530 Morón de la Frontera, Sevilla","La comunidad clarisa de Morón de la Frontera elabora repostería conventual artesana para el sostenimiento del monasterio.",Consultar web o venta directa,+34954850591,clarisasmoron@yahoo.es,https://3wpc.es/clarisasdemoron/clarisas/Inicio.php,,,https://www.google.com/maps/search/?api=1&query=Monasterio%20de%20Santa%20Clara%20Clarisas%20Convento%20de%20Santa%20Clara%2C%20C.%20Utrera%2C%201%2C%2041530%20Mor%C3%B3n%20de%20la%20Frontera%2C%20Sevilla&query_place_id=ChIJZWNl2HJhDQ0RQJtZvRvUWIs,37.12080479999999,-5.456478499999999,,verificado,sí,email|telefono
quesos-mena-ismael-mena-perez-moron-de-la-frontera,Quesos Mena,Morón de la Frontera,Lácteos y quesos,"Quesos frescos y curados de cabra","Vereda Congosto o Pozo Amargo, 41530 Morón de la Frontera, Sevilla","Productor de Morón de la Frontera incluido en el programa provincial Sabores de la Provincia por sus quesos frescos y curados de cabra.",Consultar web o venta directa,+34660605656,ismaelmena575@gmail.com,https://quesosmena.com/,,,https://www.google.com/maps/search/?api=1&query=Quesos%20Mena%2C%20Mor%C3%B3n%20de%20la%20Frontera%2C%20Sevilla,37.112793,-5.4537472,/productores/es/andalucia/sevilla/quesos-mena-ismael-mena-perez-moron-de-la-frontera.webp,parcial,no comprobado,
aceitunas-la-andaluza-olivares,Aceitunas La Andaluza,Olivares,Conservas,"Aceitunas de mesa con aliños y rellenos variados","Carretera Olivares-Gerena, 12, 41804 Olivares, Sevilla","Empresa familiar de Olivares que elabora y distribuye quince variantes de aceitunas con distintos aliños y rellenos.",Consultar web o venta directa,+34955701716,ventas@aceitunaslaandaluza.com,https://aceitunaslaandaluza.com/,,,https://www.google.com/maps/search/?api=1&query=Aceitunas%20La%20Andaluza%2C%20Olivares%2C%20Sevilla,37.4237085,-6.1532144,/productores/es/andalucia/sevilla/aceitunas-la-andaluza-olivares.webp,verificado,no comprobado,
patatas-hijas-de-castulo-encarnacion-garcia-rodriguez-olivares,Patatas Artesanales Hijas de Cástulo,Olivares,Aperitivos,"Patatas fritas artesanas y churros","C. Perpetuo Socorro, 24, 41804 Olivares, Sevilla","Obrador familiar de Olivares que elabora patatas fritas artesanas desde 1982 y mantiene despacho en el propio taller.",Venta directa bajo consulta,+34954111179,patatasdecastulohijas@gmail.com,,,,https://www.google.com/maps/search/?api=1&query=Patatas%20Artesanales%20Hijas%20de%20C%C3%A1stulo%2C%20Olivares%2C%20Sevilla,37.4173563,-6.1609939,,parcial,no comprobado,
1881-sat-1941-santa-teresa-osuna,1881,Osuna,Aceite,"AOVE 1881, aceitunas de mesa y vinagre","Ctra. de Lantejuela, 1, 41640 Osuna, Sevilla","SAT 1941 Santa Teresa produce y elabora en su almazara AOVE 1881, un coupage de manzanilla, lechín y hojiblanca de Osuna.",Consultar web,+34954810950,1881@1881.es,https://aceite1881.com/,,,https://www.google.com/maps/search/?api=1&query=1881%20SAT%201941%20Santa%20Teresa%2C%20Carretera%20Lantejuela%2C%201%2C%20Ctra.%20Lantejuela%2C%205%2C%2041640%20Osuna%2C%20Sevilla&query_place_id=ChIJoWFV3qSrEg0RxZYL6RiMrm8,37.2431423,-5.1105588,,verificado,sí,ecommerce
convento-purisima-concepcion-concepcionistas-franciscanas-convento-de-la-purisima-concepcion-osuna,Convento de la Purísima Concepción de Osuna,Osuna,Pan y cereal,"Bizcocho marroquí, roscos y torrijas de Cuaresma","C. Sevilla, 1, 41640 Osuna, Sevilla","La comunidad concepcionista franciscana de Osuna elabora bizcochos marroquíes, roscos y torrijas en su obrador conventual.",Consultar web o venta directa,+34610992806,concoposuna@hotmail.com,,,,https://www.google.com/maps/search/?api=1&query=Convento%20Pur%C3%ADsima%20Concepci%C3%B3n%20Concepcionistas%20Franciscanas%20Convento%20de%20la%20Pur%C3%ADsima%20Concepci%C3%B3n%2C%20C.%20Sevilla%2C%201%2C%2041640%20Osuna%2C%20Sevilla&query_place_id=ChIJszznCamrEg0RefLxefI-Tk4,37.237337,-5.1041512,,parcial,no comprobado,
herriza-de-la-lobilla-oleico-pallares-osuna,Herriza de la Lobilla,Osuna,Aceite,"AOVE ecológico premium hojiblanca, picual y coupage","Pol. Ind. Las Vegas, C. Carraca Europea, 23, 41640 Osuna, Sevilla","Microalmazara de Oleico Pallarés que elabora AOVE ecológico premium de secano a partir de olivos centenarios de la campiña de Osuna.",Consultar web,+34854561313,alvaro@pallares.es,https://www.lalobilla.es/,,,https://www.google.com/maps/search/?api=1&query=Herriza%20de%20la%20Lobilla%20Oleico%20Pallares%2C%20P.I%2C%20C.%20Carraca%20Europea%2C%2023%2C%2041640%20Las%20Vegas%2C%20Sevilla&query_place_id=ChIJecC9yU2rEg0RWT2mKjYFtxc,37.23933,-5.129259999999999,,verificado,sí,ecommerce
mercedarias-descalzas-convento-de-la-encarnacion-osuna,Mercedarias Descalzas – Monasterio de la Encarnación,Osuna,Pan y cereal,"Bartolos, roscos de vino, tortas de limón, bolas de coco y yemas de San Ramón","Pl. la Encarnación, 2, 41640 Osuna, Sevilla","La comunidad mercedaria descalza de Osuna mantiene un obrador monástico de pastas y dulces para su sostenimiento.",Consultar web o venta directa,+34954811121,mercedariasdescalzasosuna@hotmail.com,,,,https://www.google.com/maps/search/?api=1&query=Mercedarias%20Descalzas%20Convento%20de%20la%20Encarnaci%C3%B3n%2C%20Pl.%20la%20Encarnaci%C3%B3n%2C%202%2C%2041640%20Osuna%2C%20Sevilla&query_place_id=ChIJUaXkdgerEg0R1t246zSNqIk,37.2382698,-5.1006975,,parcial,no comprobado,
monasterio-de-san-pedro-carmelitas-de-la-a-o-convento-de-san-pedro-osuna,Carmelitas de Osuna – Monasterio de San Pedro,Osuna,Pan y cereal,"Torrijas, ochíos, bizcocho pardo, magdalenas y bizcochos","C. Cristo, 19, 41640 Osuna, Sevilla","La comunidad carmelita del Monasterio de San Pedro elabora repostería conventual que vende a través del torno de la calle Cristo.",Consultar web o venta directa,+34673439539,carmelosanpedro@gmail.com,,,,https://www.google.com/maps/search/?api=1&query=Monasterio%20de%20San%20Pedro%20Carmelitas%20de%20la%20A%20O%20Convento%20de%20San%20Pedro%2C%20C.%20Cristo%2C%2019%2C%2041640%20Osuna%2C%20Sevilla&query_place_id=ChIJa1nmIK-rEg0RF9VgSFbya84,37.2381041,-5.1078291,,parcial,no comprobado,
senorio-del-sabinal-grupo-foods-olive-osuna-osuna,Señorío del Sabinal,Osuna,Aceite,"AOVE picual, lechín y hojiblanca","Ctra. Osuna-El Saucejo, km 1,5, 41640 Osuna, Sevilla","Oleosabinal elabora en su fábrica de Osuna AOVE de molturación en frío y sin aditivos, con selecciones picual y coupage.",Consultar web,+34854563506,info@senoriodelsabinal.com,https://senoriodelsabinal.com,https://www.facebook.com/senoriodelsabinal/,https://www.instagram.com/aceitesenoriodelsabinal/,https://www.google.com/maps/search/?api=1&query=Se%C3%B1or%C3%ADo%20del%20Sabinal%20Grupo%20Foods%20Olive%20Osuna%2C%2041640%20Osuna%2C%20Sevilla&query_place_id=ChIJfe56buqrEg0RU37DRejBnxU,37.2145633,-5.1109851,/productores/es/andalucia/sevilla/senorio-del-sabinal-grupo-foods-olive-osuna-osuna.webp,verificado,sí,ecommerce
fermentados-artesanales-del-aljarafe-palomares-del-rio,Fermentados Artesanales del Aljarafe,Palomares del Río,Cerveza,"Cerveza La Palomareña, kombucha, hidromiel, braggot y vinos de fruta","Avenida de Coria, 31 C, 41928 Palomares del Río, Sevilla","Centro de elaboración de Palomares del Río dedicado a bebidas fermentadas artesanales en pequeños lotes, con marcas propias y fabricación por contrato.",Consultar web o venta directa,+34614376312,fermentados.info@gmail.com,https://fermentaljarafe.com/,https://www.facebook.com/fermentaljarafe/,https://www.instagram.com/fermentaljarafe/,https://www.google.com/maps/search/?api=1&query=Fermentados%20Artesanales%20del%20Aljarafe%2C%20Av.%20Coria%2C%2031%2C%20C%2C%2041928%20Palomares%20del%20R%C3%ADo%2C%20Sevilla&query_place_id=ChIJx6WBnVNtEg0RJ_5yRfSTPjo,37.3204739,-6.059755300000001,/productores/es/andalucia/sevilla/fermentados-artesanales-del-aljarafe-palomares-del-rio.webp,verificado,sí,ecommerce
el-descansillo-agrocarnes-barrera-paradas,El Descansillo / Agrocarnes Barrera,Paradas,Carne,"Carnes selectas, chacinas ibéricas y elaborados de quinta gama","A-361, km 4, 41610 Paradas, Sevilla","Industria familiar de Paradas que produce, transforma y comercializa carnes de cerdo ibérico, vacuno y cordero, chacinas y platos cocinados al vacío.",Consultar web o venta directa,+34623397717,info@agromoron.com,,,,https://www.google.com/maps/search/?api=1&query=El%20Descansillo%20Agrocarnes%20Barrera%2C%20A-361%2C%20Km%204%2C%2041610%20Paradas%2C%20Sevilla&query_place_id=ChIJ8ze2OeaeEg0RuhZtXEJx5GQ,37.2334994,-5.4453906,,parcial,no comprobado,
altramuces-saladitos-hermabar-paradas,Altramuces Saladitos / Hermabar,Paradas,Aperitivos,"Altramuces en salmuera, secos y harina de altramuz","Autovía A-92, km 46,2, 41610 Paradas, Sevilla","Empresa familiar de Paradas dedicada al cultivo, elaboración y envasado de altramuces en múltiples formatos.",Tienda online,+34954849149,info@saladitos.com,https://saladitos.com/,,https://www.instagram.com/a.saladitos/,https://www.google.com/maps/search/?api=1&query=Altramuces%20Saladitos%2C%20Paradas%2C%20Sevilla,37.276935,-5.484382,/productores/es/andalucia/sevilla/altramuces-saladitos-hermabar-paradas.webp,verificado,sí,ecommerce
la-pedrerena-la-pedrerena-olivas-pedrera,La Pedrereña,Pedrera,Conservas,"Aceitunas aliñadas, partidas, rellenas y encurtidos","Carretera Pedrera-Gilena, Cerro del Ojo, s/n, 41566 Pedrera, Sevilla","Empresa de Pedrera que elabora aceitunas y encurtidos con recetas tradicionales y aliños propios.",Tienda online,+34645624140,aceitunas@lapedrerena.com,https://lapedrerena.com/,https://www.facebook.com/lapedrerenaaceitunas/,https://www.instagram.com/lapedrerena/,https://www.google.com/maps/search/?api=1&query=La%20Pedrere%C3%B1a%2C%20Pedrera%2C%20Sevilla,37.2317897,-4.8966924,/productores/es/andalucia/sevilla/la-pedrerena-la-pedrerena-olivas-pedrera.webp,verificado,sí,ecommerce
panflor-juan-bautista-riejos-ortega-penaflor,Panflor,Peñaflor,Pan y cereal,"Panes artesanos, tortas de pan y barquitos","C. San Pedro, 2, 41470 Peñaflor, Sevilla","Obrador tradicional de Peñaflor que elabora panes artesanos, tortas de pan y barquitos y conserva la tradición panadera local.",Consultar web o venta directa,+34690695156,jbriejos@gmail.com,,,,https://www.google.com/maps/search/?api=1&query=Panflor%20Juan%20Bautista%20Riejos%20Ortega%2C%20C.%20San%20Pedro%2C%202%2C%2041470%20Pe%C3%B1aflor%2C%20Sevilla&query_place_id=ChIJecME6wfdEg0RGODPdEreuiA,37.707,-5.34772,,parcial,no comprobado,
bodega-y-vinedo-dehesa-del-zarco-juan-diego-moreno-rodriguez-pilas,Dehesa del Zarco,Pilas,Vino,"Vinos ecológicos tinto, blanco y rosado","Ctra. Circunvalación, 399, 41840 Pilas, Sevilla","Bodega y viñedo familiar de Pilas que cultiva en ecológico y elabora vinos de mínima intervención con vendimia nocturna y crianza en roble.",Consultar web,+34600781279,bodegadehesadelzarco@gmail.com,https://vinosdehesadelzarco.com/,,https://www.instagram.com/bodegadehesadelzarco/,https://www.google.com/maps/search/?api=1&query=Bodega%20y%20Vi%C3%B1edo%20Dehesa%20del%20Zarco%20Juan%20Diego%20Moreno%20Rodr%C3%ADguez%2C%20Ctra.%20Circunvalaci%C3%B3n%2C%20399%2C%2041840%20Pilas%2C%20Sevilla&query_place_id=ChIJO5WwQa0FEg0RBOinZIpo01k,37.29699919999999,-6.3201938,/productores/es/andalucia/sevilla/bodega-y-vinedo-dehesa-del-zarco-juan-diego-moreno-rodriguez-pilas.webp,verificado,sí,ecommerce
campos-carnes-ecologicas-pilas,Campos Carnes Ecológicas,Pilas,Carne,"Carnes, elaborados, embutidos y jamones de producción ecológica","Av. el Aljarafe, 29, 41840 Pilas, Sevilla","Productor y elaborador de Pilas con una gama certificada de pollo, pavo, cerdo, vacuno y cordero ecológicos, además de preparados y embutidos.",Consultar web o venta directa,+34955752521,consultas@camposcarneecologica.com,https://camposcarneecologica.com,https://www.facebook.com/camposcarnesecologicas/,https://www.instagram.com/campos_carnes/,https://www.google.com/maps/search/?api=1&query=Campos%20Carnes%20Ecol%C3%B3gicas%2C%20Av.%20el%20Aljarafe%2C%2029%2C%2041840%20Pilas%2C%20Sevilla&query_place_id=ChIJtSkVFTMbEg0RTSt3mgYwrVI,37.3026639,-6.2945937,/productores/es/andalucia/sevilla/campos-carnes-ecologicas-pilas.webp,verificado,sí,ecommerce
cobelen-pilas,Cobelén,Pilas,Conservas,"Aceitunas manzanilla y gordal enteras, rellenas y en rodajas","Av. del Aljarafe, 94-96, 41840 Pilas, Sevilla","Cooperativa de Pilas formada por 800 socios que produce, rellena y envasa aceitunas de mesa bajo marcas propias como Preciosa y Mediodía.",Tienda online,+34954750100,cobelen@cobelen.es,https://www.cobelen.es/es/,,,https://www.google.com/maps/search/?api=1&query=Cobel%C3%A9n%2C%20Pilas%2C%20Sevilla,37.3026809,-6.2890648,/productores/es/andalucia/sevilla/cobelen-pilas.webp,verificado,sí,ecommerce
prunaoliva-pruna,Prunaoliva,Pruna,Aceite,AOVE de olivar tradicional de montaña,"Av. de los Emigrantes, 12, 41670 Pruna, Sevilla","Cooperativa Agraria San Antón que elabora AOVE con variedades lechín, picual, manzanilla, hojiblanca y verdial de los olivares de Pruna.",Consultar web,+34954858530,comercial@prunaoliva.com,https://prunaoliva.com,,,https://www.google.com/maps/search/?api=1&query=Prunaoliva%2C%20Av.%20de%20los%20Emigrantes%2C%2012%2C%2041670%20Pruna%2C%20Sevilla&query_place_id=ChIJKdjR5oZPDQ0R6UzdwPKpPd4,36.97511,-5.223619999999999,/productores/es/andalucia/sevilla/prunaoliva-pruna.webp,verificado,sí,ecommerce
la-alqueria-de-pruna-salvador-marquez-chacon-pruna,La Alquería de Pruna,Pruna,Vino,"Vinos tintos ecológicos Petit Verdot, Syrah y Tintilla de Rota","Camino del Rancho, s/n, 41670 Pruna, Sevilla","Proyecto vitícola de Pruna que cultiva viñedo ecológico de altura y comercializa vinos tintos jóvenes y con crianza elaborados con sus uvas.",Consultar web,+34617551575,info@alqueriadepruna.com,https://alqueriadepruna.com/,,,https://www.google.com/maps/search/?api=1&query=La%20Alqueria%20de%20Pruna%20Salvador%20M%C3%A1rquez%20Chac%C3%B3n%2C%20Camino%20del%20Rancho%2C%20s%2Fn%2C%2041670%20Pruna%2C%20Sevilla&query_place_id=ChIJMw9gRenyy0ERohHUuBJLjXM,36.9796348,-5.2323286,,verificado,sí,ecommerce
patatas-fritas-las-de-pruna-grande-y-ponce-pruna,Patatas Fritas Las de Pruna,Pruna,Aperitivos,"Patatas fritas artesanas","Polígono Industrial La Quinta, nave 3, 41670 Pruna, Sevilla","Fabricante local de Pruna dedicado a elaborar patatas fritas artesanas y distribuirlas desde su nave del polígono La Quinta.",Venta directa bajo consulta,+34681267353,lasdepruna@gmail.com,,,,https://www.google.com/maps/search/?api=1&query=Patatas%20Fritas%20Las%20de%20Pruna%2C%20Pruna%2C%20Sevilla,36.9765602,-5.2249416,,parcial,no comprobado,
queseria-cabanil-agroalimentaria-cabanil-salteras,Quesería Cabañil,Salteras,Lácteos y quesos,"Quesos artesanos de oveja curados y semicurados","C. Cristo de la Vera Cruz, 34, 41909 Salteras, Sevilla","Quesería familiar de Salteras que transforma la leche de sus propias ovejas y vende sus quesos artesanos directamente.",Tienda online,+34633509881,info@cabanil.es,https://cabanil.es/,https://www.facebook.com/queseriacabanil/,https://www.instagram.com/queseriacabanil/,https://www.google.com/maps/search/?api=1&query=Queser%C3%ADa%20Caba%C3%B1il%2C%20Salteras%2C%20Sevilla,37.416204,-6.110659,/productores/es/andalucia/sevilla/queseria-cabanil-agroalimentaria-cabanil-salteras.webp,verificado,sí,ecommerce
salsas-moja-matias-romero-diaz-salteras,Salsas Moja,Salteras,Conservas,"Salsa al whisky, mojo verde y otras salsas de mesa","C. Luis Cernuda, 32, 41909 Salteras, Sevilla","Elaborador de Salteras que fabrica salsas y condimentos bajo la marca Moja, incluidas recetas sevillanas como la salsa al whisky.",Venta directa bajo consulta,+34654235527,salsasmoja@gmail.com,,,,https://www.google.com/maps/search/?api=1&query=Salsas%20Moja%2C%20Calle%20Luis%20Cernuda%2032%2C%20Salteras%2C%20Sevilla,37.4163228,-6.1086999,,parcial,no comprobado,
tu-otra-cocina-tu-otra-cocina-spain-salteras,Tu Otra Cocina,Salteras,Comida preparada,"Platos preparados, catering y soluciones gastronómicas para hogar y hostelería","Av. de la Industria, 44B, 41909 Salteras, Sevilla","Empresa de Salteras que diseña y elabora platos y productos gastronómicos para hogares, tiendas, hostelería y eventos.",Contratación bajo consulta,+34600233558,info@tuotracocina.com,https://tuotracocina.com/,,https://www.instagram.com/tuotracocina/,https://www.google.com/maps/search/?api=1&query=Tu%20Otra%20Cocina%2C%20Salteras%2C%20Sevilla,37.4209615,-6.1204119,/productores/es/andalucia/sevilla/tu-otra-cocina-tu-otra-cocina-spain-salteras.webp,verificado,no comprobado,
embutidos-el-manantial-jose-antonio-garcia-rocho-san-nicolas-del-puerto,Embutidos El Manantial,San Nicolás del Puerto,Carne,"Chorizos, salchichones, morcones, lomos, mantecas y loncheados de cerdo y ciervo","Av. de Hueznar, 30, 41388 San Nicolás del Puerto, Sevilla","Obrador de José Antonio García Rocho que cría y elabora en la Sierra Norte chacinas y salazones de cerdo ibérico y especies cinegéticas.",Consultar web o venta directa,+34617041560,sierraadentro@gmail.com,,,,https://www.google.com/maps/search/?api=1&query=Embutidos%20El%20Manantial%20Jos%C3%A9%20Antonio%20Garc%C3%ADa%20Rocho%2C%20Av.%20de%20Hueznar%2C%2030%2C%2041388%20San%20Nicol%C3%A1s%20del%20Puerto%2C%20Sevilla&query_place_id=ChIJoxcGjgwGEw0RElhTiP3lgNM,37.9928199,-5.6520801,,parcial,no comprobado,
l-andalusi-panaderia-sanlucar-la-mayor,L'Andalusí Panadería,Sanlúcar la Mayor,Pan y cereal,"Panes ecológicos, picos, regañás, galletones, bizcochos y brownies","C. Isaac Peral, 8, 41800 Sanlúcar la Mayor, Sevilla","Panadería artesana de Sanlúcar la Mayor que trabaja cereales ecológicos y variedades tradicionales para elaborar panes y repostería.",Consultar web o venta directa,+34955703578,contacto@panaderialaandalusi.com,https://panaderialaandalusi.com/,,https://www.instagram.com/landalusi_panaderia/,https://www.google.com/maps/search/?api=1&query=L'Andalus%C3%AD%20Panader%C3%ADa%2C%20C.%20Isaac%20Peral%2C%208%2C%2041800%20Sanl%C3%BAcar%20la%20Mayor%2C%20Sevilla&query_place_id=ChIJfZGGQdQQEg0Rtj-BPQ_4pSY,37.3655508,-6.198441600000001,/productores/es/andalucia/sevilla/l-andalusi-panaderia-sanlucar-la-mayor.webp,verificado,sí,ecommerce
la-gloria-la-gloria-de-sanlucar-sanlucar-la-mayor,La Gloria de Sanlúcar,Sanlúcar la Mayor,Pan y cereal,"Pasteles, tartas, bollería y dulces artesanos","C. Pinta, 3, 41800 Sanlúcar la Mayor, Sevilla","Obrador de confitería de Sanlúcar la Mayor dedicado a pastelería, tartas, bollería y dulces artesanos.",Consultar web o venta directa,+34622726786,lagloriadesanlucar@gmail.com,,,,https://www.google.com/maps/search/?api=1&query=La%20Gloria%20La%20Gloria%20de%20Sanlucar%2C%20C.%20Pinta%2C%203%2C%2041800%20Sanl%C3%BAcar%20la%20Mayor%2C%20Sevilla&query_place_id=ChIJK3tQ10AREg0RodfcYU-x_Yk,37.38731,-6.2004133,,parcial,no comprobado,
d-cabo-chicharrones-sevilla,D'Cabo Chicharrones,Sevilla,Carne,"Chicharrón sevillano y chicharrón confitado","Complejo Mercasevilla, nave 4, 41020 Sevilla","Elaborador y distribuidor sevillano de chicharrones y productos cárnicos artesanales para hostelería y particulares.",Consultar web o venta directa,+34625975705,dcabochicharrones@gmail.com,https://chicharronesdesevilla.blogspot.com/,,,https://www.google.com/maps/search/?api=1&query=D%27Cabo%20Chicharrones%2C%20Complejo%20Mercasevilla%2C%20nave%204%2C%2041020%20Sevilla&query_place_id=ChIJxVLy_CNvEg0RTenhIzQhxo8,37.388239,-5.935452,/productores/es/andalucia/sevilla/d-cabo-chicharrones-sevilla.webp,parcial,no comprobado,
enboca-aove-ecologico-la-puebla-de-cazalla,Enboca AOVE Ecológico,La Puebla de Cazalla,Aceite,"AOVE ecológico picual de cosecha temprana, selección y reserva","Carretera de la Presa SE-452, km 6,5, 41540 La Puebla de Cazalla, Sevilla","Productor de AOVE ecológico picual de finca propia, con recolección nocturna y extracción en frío en menos de seis horas.",Consultar puntos de venta,+34651384566,info@aoveenboca.com,https://aoveenboca.com,,https://www.instagram.com/aoveenboca/,https://www.google.com/maps/search/?api=1&query=Enboca%20AOVE%20Ecol%C3%B3gico%2C%20Carretera%20de%20la%20Presa%20SE-452%2C%20km%206%2C5%2C%2041540%20La%20Puebla%20de%20Cazalla%2C%20Sevilla&query_place_id=ChIJv057xFanEg0R6_La4UeXs0M,37.1964337,-5.2324379,/productores/es/andalucia/sevilla/enboca-aove-ecologico-la-puebla-de-cazalla.webp,verificado,sí,ecommerce
la-papa-que-llevas-patatas-artesanas-del-sur-sevilla,La Papa que Llevas,Sevilla,Aperitivos,"Patatas fritas artesanas a perol","C. Juan de Mesa, 4, 41003 Sevilla, Sevilla","Obrador y despacho del centro de Sevilla que elabora a diario patatas fritas artesanas a perol y las vende en distintos formatos.",Tienda online y venta directa,+34955121038,info@lapapaquellevas.es,https://lapapaquellevas.es/,,,https://www.google.com/maps/search/?api=1&query=La%20Papa%20que%20Llevas%2C%20Sevilla,37.3928501,-5.9883173,/productores/es/andalucia/sevilla/la-papa-que-llevas-patatas-artesanas-del-sur-sevilla.webp,verificado,sí,ecommerce
mariscos-espinosa-manuel-espinosa-alonso-sevilla,Mariscos Espinosa,Sevilla,Comida preparada,"Mariscos cocidos y precocinados de pescado y marisco","C. Vereda de Poco Aceite, 15, 41020 Sevilla, Sevilla","Cocedero familiar de Sevilla con 45 años de experiencia que cuece mariscos y elabora productos precocinados de la pesca.",Tienda online y venta directa,+34670881975,cocedero@mariscosespinosa.es,https://www.mariscosespinosa.es/,https://www.facebook.com/MariscosEspinosaSevilla/,https://www.instagram.com/mariscosespinosa/,https://www.google.com/maps/search/?api=1&query=Mariscos%20Espinosa%2C%20Sevilla,37.4298426,-5.9300503,/productores/es/andalucia/sevilla/mariscos-espinosa-manuel-espinosa-alonso-sevilla.webp,verificado,sí,ecommerce
orangitas-de-sevilla-y-drawings-amparo-morales-fernandez-sevilla,Orangitas de Sevilla & Drawings,Sevilla,Pan y cereal,Orangitas y dulces elaborados con naranja y azahar de Sevilla,"C. Mezquita, 6 Acc, Casco Antiguo, 41004 Sevilla","Pequeño obrador y tienda sevillana especializada en dulces naturales elaborados con naranja amarga y azahar de la ciudad.",Consultar web o venta directa,+34955603181,sevilla@orangitas.com,,,,https://www.google.com/maps/search/?api=1&query=Orangitas%20de%20Sevilla%20%26%20Drawings%20Amparo%20Morales%20Fern%C3%A1ndez%2C%20C.%20Mezquita%2C%206%20Acc%2C%20Casco%20Antiguo%2C%2041004%20Sevilla&query_place_id=ChIJobKzCSVtEg0Rb1wjST1BJE0,37.3853495,-5.9880857,,parcial,sí,telefono
salsas-quietud-sevilla,Salsas Quietud,Sevilla,Conservas,"Salsas picantes fermentadas con productos andaluces","Paseo de las Delicias, 1, 41001 Sevilla, Sevilla","Productor sevillano de salsas picantes que combina chiles con naranja amarga, vinos y vinagres de Jerez y otros ingredientes mediterráneos.",Tienda online,+34600964602,julio.estalella@salsasquietud.com,https://salsasquietud.com/,,https://www.instagram.com/salsasquietud/,https://www.google.com/maps/search/?api=1&query=Salsas%20Quietud%2C%20Sevilla,37.3821595,-5.9955164,/productores/es/andalucia/sevilla/salsas-quietud-sevilla.webp,verificado,sí,ecommerce
bodegas-f-salado-umbrete,Bodegas F. Salado,Umbrete,Vino,"Espumosos Umbretum, mosto y vinos de Garrido Fino","Camino de Mérida, 14, 41806 Umbrete, Sevilla","Bodega familiar del Aljarafe dedicada desde 1810 al cultivo y elaboración de vinos, hoy dirigida por la quinta y sexta generación.",Consultar web,+34955715601,bodega@bodegassalado.es,https://bodegassalado.com/,,,https://www.google.com/maps/search/?api=1&query=Bodegas%20F.%20Salado%2C%20Cam.%20de%20Merida%2C%2014%2C%2041806%20Umbrete%2C%20Sevilla&query_place_id=ChIJqb7R4GAREg0RdNHaxDGsQ7o,37.372587,-6.159594999999999,/productores/es/andalucia/sevilla/bodegas-f-salado-umbrete.webp,verificado,sí,ecommerce
escamilla-aceituna-sevillana-escamilla-sat-2080-umbrete,Aceitunas Escamilla,Umbrete,Conservas,"Aceitunas manzanilla y gordal propias, aliñadas y rellenas","C. Domingo Martínez, 32, 41806 Umbrete, Sevilla","Empresa de Umbrete dedicada a producir, aderezar y envasar aceituna de mesa sevillana recolectada manualmente en sus propios olivares.",07:00-15:00,+34955715600,info@escamilla.es,https://escamilla.es/es_es/,,https://www.instagram.com/aceitunasescamilla/,https://www.google.com/maps/search/?api=1&query=Aceitunas%20Escamilla%2C%20Umbrete%2C%20Sevilla,37.36448,-6.15647,/productores/es/andalucia/sevilla/escamilla-aceituna-sevillana-escamilla-sat-2080-umbrete.webp,verificado,sí,telefono
patatas-fritas-umbrete-umbrete,Patatas Fritas Umbrete,Umbrete,Aperitivos,"Patatas fritas artesanas a perol","C. Leñadores, s/n, Polígono Industrial La Era Empedrada, 41806 Umbrete, Sevilla","Empresa familiar de Umbrete que fabrica patatas fritas artesanas a perol con aceite de girasol y un ligero punto de sal.",Consultar web o venta directa,+34955716241,info@patatasfritasumbrete.es,https://patatasfritasumbrete.es/,https://www.facebook.com/patatasfritasumbrete/,,https://www.google.com/maps/search/?api=1&query=Patatas%20Fritas%20Umbrete%2C%20Calle%20Le%C3%B1adores%2C%20Umbrete%2C%20Sevilla,37.3632326,-6.167774,/productores/es/andalucia/sevilla/patatas-fritas-umbrete-umbrete.webp,verificado,no,
cafes-mocaibo-diego-panal-sanchez-utrera,Cafés Mocaibo,Utrera,Café,"Café en grano y molido, especialidad y cápsulas","Pol. Ind. la Morera, C. Carreros, 23, 41710 Utrera, Sevilla","Tostadero familiar fundado en 1988 que elabora café artesanal para hostelería, especialidad y consumo doméstico.","Lunes a viernes, 07:00-15:00",+34687088531,tienda@mocaibo.es,https://mocaibo.com/,,,https://www.google.com/maps/search/?api=1&query=Caf%C3%A9s%20Mocaibo%20Diego%20Panal%20S%C3%A1nchez%2C%20Pol.%20Ind.%20la%20Morera%2C%20C.%20Carreros%2C%2019-23%2C%2041710%20Utrera%2C%20Sevilla&query_place_id=ChIJaa1prtB-Eg0Rc-iK0SIjMOY,37.20134,-5.80699,,verificado,no comprobado,
destileria-la-flor-de-utrera-utrera,Destilería La Flor de Utrera,Utrera,Destilados y licores,"Anís, licores y elixires artesanales","C. Industria, 20, 41710 Utrera, Sevilla","Destilería centenaria de Utrera que elabora artesanalmente anises y licores con recetas tradicionales y mantiene una gama propia premiada.",Consultar web,+34954860159,info@flordeutrera.es,https://flordeutrera.es,https://www.facebook.com/flordeutrera/,https://www.instagram.com/flordeutrera/,https://www.google.com/maps/search/?api=1&query=Destiler%C3%ADa%20La%20Flor%20de%20Utrera%2C%20C.%20Industria%2C%2020%2C%2041710%20Utrera%2C%20Sevilla&query_place_id=ChIJS7V3Nx9_Eg0ROjs6AdO2Xb8,37.1939726,-5.7916449,/productores/es/andalucia/sevilla/destileria-la-flor-de-utrera-utrera.webp,verificado,sí,ecommerce
manzanilla-olive-oleand-utrera,Oleand Manzanilla Olive,Utrera,Conservas,"Aceitunas manzanilla y gordal de Sevilla, aliñadas y rellenas","Carretera Utrera-Los Palacios (A-362), km 3,5, 41710 Utrera, Sevilla","Cooperativa de 6.000 familias olivareras que produce, adereza y envasa aceitunas manzanilla y gordal sevillanas en su planta de Utrera.",Tienda online,+34954863395,info@oleand.es,https://oleand.es/,https://www.facebook.com/manzanillaolive/,https://www.instagram.com/manzanillaolive/,https://www.google.com/maps/search/?api=1&query=Oleand%20Manzanilla%20Olive%2C%20Utrera%2C%20Sevilla,37.1814729,-5.8407473,/productores/es/andalucia/sevilla/manzanilla-olive-oleand-utrera.webp,verificado,sí,ecommerce
panaderia-obando-utrera,Panadería Obando,Utrera,Pan y cereal,"Picos utreranos, regañás, piquitos, láminas y tejas de pan","Ctra. Utrera-Carmona, nave 13, 41710 Utrera, Sevilla","Empresa familiar de Utrera fundada en 1965 que fabrica picos, regañás y especialidades crujientes de pan.",Consultar web o venta directa,+34954860743,info@panaderiaobando.com,https://www.panaderiaobando.com/,,https://www.instagram.com/panaderiaobando/,https://www.google.com/maps/search/?api=1&query=Panader%C3%ADa%20Obando%2C%20Ctra.%20Utrera-Carmona%2C%20nave%2013%2C%2041710%20Utrera%2C%20Sevilla&query_place_id=ChIJ4w-lonJ_Eg0Ra-nJukz7RfA,37.1923183,-5.7890609,/productores/es/andalucia/sevilla/panaderia-obando-utrera.webp,verificado,sí,ecommerce
cervezas-vandalia-utrera,Cervezas Vandalia,Utrera,Cerveza,"Alazán Pale Ale, Porter Azabache y Perla Blonde Ale","Polígono Industrial La Morera, Calle Vendimiadores, 10, 41710 Utrera, Sevilla","Fábrica de Utrera que elabora y embotella cervezas artesanas de alta fermentación con segunda fermentación en botella.",Consultar web o venta directa,+34955212673,info@cervezasvandalia.com,https://cervezasvandalia.com/,,https://www.instagram.com/cervezasvandalia/,https://www.google.com/maps/search/?api=1&query=Cervezas%20Vandalia%2C%20Pol%C3%ADgono%20Industrial%20La%20Morera%2C%20Calle%20Vendimiadores%2010%2C%2041710%20Utrera%2C%20Sevilla&query_place_id=ChIJIy6-icd_Eg0Rog75hpTMKbE,37.200118,-5.8058175,,verificado,sí,ecommerce
bodegas-gongora-villanueva-del-ariscal,Bodegas Góngora,Villanueva del Ariscal,Vino,"Vinos, vermut, bebidas aromatizadas y vinagre","C. Cristo de la Vera Cruz, 59, 41808 Villanueva del Ariscal, Sevilla","Bodega familiar fundada en 1682 que conserva un lagar del siglo XVI y elabora vinos tradicionales y nuevas referencias en el Aljarafe.",Consultar web,+34954113700,atencionalcliente@bodegasgongora.com,https://www.bodegasgongora.com/,https://www.facebook.com/BodegasGongora/,https://www.instagram.com/bodegasgongora/,https://www.google.com/maps/search/?api=1&query=Bodegas%20G%C3%B3ngora%2C%20Calle%20Beato%20Jos%C3%A9%20Lim%C3%B3n%2C%20SE-512%2C%20n%C2%BA%201%2C%203%2C%2041808%20Villanueva%20del%20Ariscal%2C%20Sevilla&query_place_id=ChIJNw46AQcUEg0RssAoMILwLlk,37.3956633,-6.1442543,/productores/es/andalucia/sevilla/bodegas-gongora-villanueva-del-ariscal.webp,verificado,sí,ecommerce
horno-herederos-de-hermenegildo-martin-villaverde-del-rio,Horno Herederos de Hermenegildo Martín,Villaverde del Río,Pan y cereal,"Piñonates, gañotes, pestiños, roscos y tortas de aceite","C. Polvillo, 18, 41318 Villaverde del Río, Sevilla","Horno familiar de Villaverde del Río fundado en 1908 que elabora panes, picos y dulces tradicionales de forma artesana.",Consultar web o venta directa,+34955736743,panpandero31@gmail.com,,,,https://www.google.com/maps/search/?api=1&query=Horno%20Herederos%20de%20Hermenegildo%20Mart%C3%ADn%2C%20C.%20Polvillo%2C%2018%2C%2041318%20Villaverde%20del%20R%C3%ADo%2C%20Sevilla&query_place_id=ChIJd0wZnmhbEg0RXlwAVRWF8BY,37.58862999999999,-5.87383,,parcial,no comprobado,
productos-alimentarios-quesi-s-l-osuna,Quesería Artesanal Quesí,Osuna,Lácteos y quesos,"Quesos frescos y curados de cabra; El Quesí con Oro","Av. de Málaga, 22, 41640 Osuna, Sevilla","Quesería familiar de Osuna que elabora artesanalmente quesos con leche procedente de su propia ganadería caprina.",Venta directa bajo consulta,+34623015759,productosalimentariosquesi@gmail.com,,,,https://www.google.com/maps/search/?api=1&query=Queser%C3%ADa%20Artesanal%20Ques%C3%AD%2C%20Av.%20de%20M%C3%A1laga%2022%2C%20Osuna%2C%20Sevilla,37.23307864621,-5.0889636272198,,parcial,no comprobado,
quesos-los-vazquez-castilleja-del-campo,Quesos Los Vázquez,Castilleja del Campo,Lácteos y quesos,"Quesos de cabra Antaño y Hogaño","Carretera Sevilla-Huelva, km 580, 41810 Castilleja del Campo, Sevilla","Quesería familiar fundada en 1972 que elabora quesos de cabra en su fábrica de Castilleja del Campo.",Consultar venta directa,+34954755631,info@losvazquez.es,https://losvazquez.es/,,https://www.instagram.com/quesoslosvazquez/,https://www.google.com/maps/search/?api=1&query=Quesos%20Los%20V%C3%A1zquez%2C%20Carretera%20Sevilla-Huelva%20km%20580%2C%20Castilleja%20del%20Campo%2C%20Sevilla,37.3898916,-6.3282224,,verificado,no comprobado,
cervezas-rio-azul-sevilla,Cervezas Río Azul,Sevilla,Cerveza,"Cerveza artesana, estilos IPA y Pale Ale","Calle Lana, 6, Polígono Hytasa, 41006 Sevilla","Fábrica y taproom de cerveza artesana en el Polígono Hytasa de Sevilla, con tienda propia y venta directa de sus referencias.",Consultar web o venta directa,+34955022773,eloy@cervezasrioazul.com,https://cervezasrioazul.com/,,https://www.instagram.com/cervezasrioazul/,"https://www.google.com/maps/place/Cervezas+R%C3%ADo+Azul/@37.369689,-5.960692,17z/",37.369689,-5.960692,/productores/es/andalucia/sevilla/cervezas-rio-azul-sevilla.webp,verificado,sí,ecommerce
guadalquibeer-valencina-de-la-concepcion,Guadalquibeer,Valencina de la Concepción,Cerveza,"Cerveza artesana Cream Ale, Cerveza artesana Red Ale","Calle Carpinteros, 34, 41907 Valencina de la Concepción, Sevilla","Fábrica de cerveza artesana de Valencina de la Concepción con elaboración propia, visitas, catas y tienda en línea.",Consultar web o venta directa,+34687604560,info@guadalquibeer.com,https://www.guadalquibeer.com/,,,"https://www.google.com/maps/place/Cervezas+Guadalquibeer/@37.411915,-6.068978,17z/",37.411915,-6.068978,/productores/es/andalucia/sevilla/guadalquibeer-valencina-de-la-concepcion.webp,verificado,sí,ecommerce
cerveza-rancia-sevilla,Cerveza Rancia,Sevilla,Cerveza,"Cerveza artesana, homenajes culturales locales","Calle Imaginero Castillo Lastrucci, 8, 41002 Sevilla","Marca sevillana de cerveza artesana con ediciones de identidad local, disponible actualmente mediante distribuidores especializados.",Consultar web o venta directa,,,,,https://www.instagram.com/soyrancia/,https://www.google.com/maps/search/?api=1&query=Calle+Imaginero+Castillo+Lastrucci+8+Sevilla,37.397632,-5.996542,,verificado,sí,marketplace
cerveza-41420-fuentes-de-andalucia,Cerveza 41420,Fuentes de Andalucía,Cerveza,Cerveza artesana estilo Lager Premium Checa,"Calle Ganaderos, 2, 41420 Fuentes de Andalucía, Sevilla",Marca de cerveza artesana de Fuentes de Andalucía incluida en el directorio agroalimentario provincial vigente.,Consultar web o venta directa,+34654487399,sejimu@gmail.com,,,,https://www.google.com/maps/search/?api=1&query=Calle+Ganaderos+2+Fuentes+de+Andalucia,37.4631,-5.3486,,parcial,no comprobado,
cartujana-cerveza-artesana-fuentes-de-andalucia,Cartujana Cerveza Artesana,Fuentes de Andalucía,Cerveza,"Cerveza artesana, estilos Pale Ale y Stout","Calle La Lantejuela, 26, 41420 Fuentes de Andalucía, Sevilla",Marca cervecera familiar documentada en Fuentes de Andalucía; se conserva como parcial al no hallarse una fuente propia actual que confirme actividad.,Consultar web o venta directa,,,,,,https://www.google.com/maps/search/?api=1&query=Fuentes+de+Andalucia+Sevilla,37.4627,-5.3458,,parcial,no comprobado,
cerveceria-artesana-insitu-sanlucar-la-mayor,Cervecería Artesana Insitu,Sanlúcar la Mayor,Cerveza,"Cerveza artesana Insitu Rubia, Cerveza artesana Insitu Tostada","Avenida de las Doblas, 15, 41800 Sanlúcar la Mayor, Sevilla",Brewpub de Sanlúcar la Mayor con fábrica visible y varios estilos de cerveza artesana de elaboración propia.,Consultar web o venta directa,+34955702775,,https://www.facebook.com/cervezasinsitu,https://www.facebook.com/cervezasinsitu,,"https://www.google.com/maps/place/Avenida+de+las+Doblas+15+Sanlucar+la+Mayor+Sevilla/@37.3804,-6.1965,17z/",37.3804,-6.1965,,verificado,no comprobado,
cervezas-fuegoverde-alcala-de-guadaira,Cervezas Fuegoverde,Alcalá de Guadaíra,Cerveza,"Cerveza artesana, ingredientes 100% naturales","Plaza Almotamid, 1, 41500 Alcalá de Guadaíra, Sevilla","Fábrica independiente de Alcalá de Guadaíra que elabora cervezas naturales con maltas, lúpulo, agua y levadura.",Consultar web o venta directa,,,https://fuegoverde.es,,https://www.instagram.com/cervezafuegoverde/,https://www.google.com/maps/search/?api=1&query=Plaza+Almotamid+1+Alcala+de+Guadaira,37.3331,-5.8502,/productores/es/andalucia/sevilla/cervezas-fuegoverde-alcala-de-guadaira.webp,verificado,no comprobado,
cervezas-bamba-alcala-de-guadaira,Cervezas Bamba,Alcalá de Guadaíra,Cerveza,"Cerveza artesana Hoppy Rye Lager, Cerveza artesana IPA","Camino de las Aceñas, 23, 41500 Alcalá de Guadaíra, Sevilla",Marca nómada de cerveza artesana documentada en Alcalá de Guadaíra; queda parcial por falta de una fuente propia reciente que confirme actividad.,Consultar web o venta directa,,,,,,https://www.google.com/maps/search/?api=1&query=Alcala+de+Guadaira+Sevilla,37.335,-5.845,,parcial,no comprobado,
cervezas-larosa-marchena,Cervezas LaRosa,Marchena,Cerveza,"Cerveza artesana Blonde Ale, Cerveza artesana IPA","Calle Padre Isaac Morillo, 14, 41620 Marchena, Sevilla","Productor de cerveza artesana de Marchena con referencias propias, catas y tienda en línea activa.",Consultar web o venta directa,+34623269301,cervezaslarosa@gmail.com,https://cervezaslarosa.es/,,https://www.instagram.com/cervezaslarosa/,https://www.google.com/maps/search/?api=1&query=Calle+Padre+Isaac+Morillo+14+Marchena,37.3297,-5.4168,/productores/es/andalucia/sevilla/cervezas-larosa-marchena.webp,verificado,sí,ecommerce
cerveza-artesana-nazarena-dos-hermanas,Cerveza Artesana Nazarena,Dos Hermanas,Cerveza,"Cerveza artesana, hidromiel, sidra artesanal","Dos Hermanas, 41700 Dos Hermanas, Sevilla","Productor de Dos Hermanas que elabora cerveza artesana, hidromiel y sidra bajo el distintivo Sabores de la Provincia de Sevilla.",Consultar web o venta directa,+34646432991,cervezaartesananazarena@gmail.com,,,,https://www.google.com/maps/search/?api=1&query=Dos+Hermanas+Sevilla,37.2831,-5.9223,,parcial,no comprobado,
cervezania-bnkr-beer-sevilla,Cervezanía / Cervezas Albero,Sevilla,Cerveza,"Cerveza artesana BNKR Beer, kits de elaboración de cerveza","Avenida Parsi, 2, Nave 5, 41016 Sevilla","Empresa sevillana vinculada a los kits Cervezanía y a las marcas de cerveza Albero y BNKR Beer, conservada con respaldo institucional actual.",Consultar web o venta directa,+34955154545,info@cervezania.com,,,,"https://www.google.com/maps/place/Avenida+Parsi+2+Nave+5+Sevilla/@37.3789,-5.9256,17z/",37.3789,-5.9256,/productores/es/andalucia/sevilla/cervezania-bnkr-beer-sevilla.webp,parcial,no comprobado,
cerveza-luna-del-sur-constantina,Cerveza Luna del Sur,Constantina,Cerveza,Cerveza artesana tipo Lager rubia,"Constantina, 41450 Constantina, Sevilla","Cerveza artesana elaborada en pequeños lotes y vinculada a Constantina, disponible en una tienda rural especializada.",Consultar web o venta directa,,,,,,https://www.google.com/maps/search/?api=1&query=Constantina+Sevilla,37.8681,-5.6204,,parcial,no comprobado,
lacteos-mare-nostrum-castilblanco-de-los-arroyos,Lácteos Mare Nostrum,Castilblanco de los Arroyos,Lácteos y quesos,"Quesos de autor de pasta blanda, Caprí afinado","Carretera SE-5405, Km 17, 41230 Castilblanco de los Arroyos, Sevilla","Quesería artesanal de Castilblanco de los Arroyos, origen del proyecto Casa Orzáez y especializada en quesos de leche cruda.",Consultar web o venta directa,+34955131876,contabilida@lacteos-mare-nostrum.es,,,,https://www.google.com/maps/search/?api=1&query=Lacteos%20Mare%20Nostrum%2C%20Carretera%20SE-5405%2C%20Km%2017%2C%2041230%20Castilblanco%20de%20los%20Arroyos%2C%20Sevilla,37.700278,-5.989564,,parcial,no comprobado,
once-grados-el-real-de-la-jara,Once Grados,El Real de la Jara,Lácteos y quesos,"Queso semicurado de cabra, queso curado de cabra, queso en aceite","Finca Las Hermanas, carretera SE-3424, km 23, 41854 El Real de la Jara, Sevilla","Quesería de granja de El Real de la Jara con ganadería caprina propia, elaboración artesanal y tienda en línea.",Consultar web o venta directa,+34606318244,hola@oncegrados.es,https://oncegrados.es/,,https://www.instagram.com/oncegrados/,https://www.google.com/maps/search/?api=1&query=Queseria%20Once%20Grados%2C%20El%20Real%20de%20la%20Jara%2C%20Sevilla,37.950,-6.155,/productores/es/andalucia/sevilla/once-grados-el-real-de-la-jara.webp,verificado,sí,ecommerce
bodegas-fuente-reina-constantina,Bodegas Fuente Reina,Constantina,Vino,"Vinos tintos de altura, vino Fundus, Pagos de Fuente Reina","Calle Yedra, 2, 41450 Constantina, Sevilla",Bodega histórica de Constantina que elabora vinos tintos de altura con uvas cultivadas en la Sierra Morena sevillana.,Consultar web o venta directa,+34955880017,oz@bodegasfuentereina.com,https://bodegasfuentereina.com/,https://www.facebook.com/pages/Bodegas-De-Fuente-REINA/504894392890333,,https://www.google.com/maps/search/?api=1&query=Bodegas%20Fuente%20Reina%2C%20Calle%20Yedra%2C%202%2C%2041450%20Constantina%2C%20Sevilla,37.868426,-5.619783,,verificado,no comprobado,
destileria-miura-cazalla-de-la-sierra,Destilería Miura,Cazalla de la Sierra,Destilados y licores,"Crema de guindas Miura, anises secos y dulces, crema de Cazalla","Calle Virgen del Monte, 54, 41370 Cazalla de la Sierra, Sevilla","Destilería histórica de Cazalla de la Sierra que elabora licor de guindas, anís y crema de Cazalla, integrada en Grupo Caballero.",Consultar web o venta directa,+34954884013,visitamiura@caballero.es,https://caballero.es/marcas/miura/,,,https://www.google.com/maps/search/?api=1&query=Destileria%20Miura%2C%20Calle%20Virgen%20del%20Monte%2C%2054%2C%2041370%20Cazalla%20de%20la%20Sierra%2C%20Sevilla,37.930,-5.758,/productores/es/andalucia/sevilla/destileria-miura-cazalla-de-la-sierra.webp,verificado,sí,ecommerce
destilerias-de-constantina-constantina,Destilerías de Constantina,Constantina,Destilados y licores,"Ginebra 1890 Exótica, anises tradicionales, crema de guindas, crema de whisky Sublime","Calle Pino de Oro, 19, 41450 Constantina, Sevilla",Destilería de Constantina que elabora ginebra Exótica y otros destilados tradicionales en alambiques de cobre.,Consultar web o venta directa,+34955880407,info@ginebraexotica.com,https://ginebraexotica.com/,,https://www.instagram.com/exoticagin/,https://www.google.com/maps/search/?api=1&query=Destilerias%20de%20Constantina%2C%20Calle%20Pino%20de%20Oro%2C%2019%2C%2041450%20Constantina%2C%20Sevilla,37.867,-5.617,/productores/es/andalucia/sevilla/destilerias-de-constantina-constantina.webp,verificado,no comprobado,
pilares-aceite-de-autor-lantejuela,Pilares Aceite de Autor,Lantejuela,Aceite,Aceite de oliva virgen extra ecológico y biodinámico,"Lantejuela, 41630 Sevilla",Proyecto familiar de olivar ecológico y biodinámico entre Lantejuela y Marchena que elabora AOVE certificado Demeter.,Consultar web o venta directa,+34670307766,david@pilaresaceitedeautor.com,https://pilaresaceitedeautor.com/,,https://www.instagram.com/pilares_aceitesdeautor,https://www.google.com/maps/search/?api=1&query=Pilares%20Aceite%20de%20Autor%2C%20Lantejuela%2C%20Sevilla,37.3537,-5.2215,/productores/es/andalucia/sevilla/pilares-aceite-de-autor-lantejuela.webp,verificado,sí,email
los-garranchales-martin-de-la-jara,Los Garranchales,Martín de la Jara,Aceite,Aceite de oliva virgen extra sin filtrar Los Garranchales,"Carretera Martín de la Jara-Pedrera, km 2, 41658 Martín de la Jara, Sevilla","Cooperativa de Martín de la Jara con olivar y almazara propios que elabora, envasa y vende directamente AOVE Los Garranchales.",Consultar web o venta directa,+34649958941,info@losgarranchales.com,https://losgarranchales.com/,,,https://www.google.com/maps/search/?api=1&query=Los%20Garranchales%2C%20Carretera%20Mart%C3%ADn%20de%20la%20Jara-Pedrera%2C%20km%202%2C%2041658%20Mart%C3%ADn%20de%20la%20Jara%2C%20Sevilla,37.100,-4.950,,verificado,sí,ecommerce
oleoestepa-estepa,Oleoestepa S.C.A.,Estepa,Aceite,"Aceite de oliva virgen extra DOP Estepa, Selección, Hojiblanca, Arbequina, Ecológico, Egregio","Polígono Industrial Sierra Sur, Calle El Olivo, s/n, 41560 Estepa, Sevilla",Cooperativa de segundo grado con sede y envasadora en Estepa que agrupa 19 almazaras y comercializa AOVE certificado por la DOP Estepa.,Consultar web o venta directa,+34955913154,oleo@oleoestepa.com,https://www.oleoestepa.com/,https://www.facebook.com/oleoestepa,https://www.instagram.com/oleoestepa,https://www.google.com/maps/search/?api=1&query=Oleoestepa%20S.C.A.%2C%20Poligono%20Industrial%20Sierra%20Sur%2C%20Calle%20El%20Olivo%2C%20s%2Fn%2C%2041560%20Estepa%2C%20Sevilla,37.300639,-4.877238,/productores/es/andalucia/sevilla/oleoestepa-estepa.webp,verificado,sí,ecommerce
sca-nuestra-senora-de-la-paz-estepa,SCA Nuestra Señora de la Paz,Estepa,Aceite,"Aceite de oliva virgen extra DOP Estepa, aceituna de mesa","Avenida Badía Polesine, 24, 41560 Estepa, Sevilla",Cooperativa de Estepa que produce AOVE y aceituna de mesa con certificación de Producción Integrada y comercializa el aceite mediante la cooperativa de segundo grado Oleoestepa.,Consultar web o venta directa,+34954820326,lapaz@oleoestepa.com,https://lapazestepa.com/,https://www.facebook.com/oleoestepa,https://www.instagram.com/oleoestepa,https://www.google.com/maps/search/?api=1&query=SCA%20Nuestra%20Se%C3%B1ora%20de%20la%20Paz%2C%20Avenida%20Bad%C3%ADa%20Polesine%2C%2024%2C%2041560%20Estepa%2C%20Sevilla,37.298667,-4.883389,/productores/es/andalucia/sevilla/sca-nuestra-senora-de-la-paz-estepa.webp,verificado,sí,marketplace
olivarera-sor-angela-de-la-cruz-estepa,Olivarera Sor Ángela de la Cruz,Estepa,Aceite,Aceite de oliva virgen extra DOP Estepa,"Avenida de Andalucía, 26, 41560 Estepa, Sevilla",Cooperativa de primer grado de Estepa que produce AOVE con certificación de Producción Integrada y lo comercializa mediante la cooperativa de segundo grado Oleoestepa.,Consultar web o venta directa,+34954820187,direccion@sorangela.es,https://sorangela.es/,,,https://www.google.com/maps/search/?api=1&query=Olivarera%20Sor%20Angela%20de%20la%20Cruz%2C%20Avenida%20de%20Andalucia%2C%2026%2C%2041560%20Estepa%2C%20Sevilla,37.2917,-4.8792,/productores/es/andalucia/sevilla/olivarera-sor-angela-de-la-cruz-estepa.webp,verificado,sí,marketplace
cooperativa-parque-norte-los-palacios-y-villafranca,Cooperativa Parque Norte,Los Palacios y Villafranca,Fruta y verdura,"Tomate de Los Palacios, uva de mesa","Calle Agricultura, 1 (Polígono Industrial Santa Lucía), 41720 Los Palacios y Villafranca, Sevilla","Cooperativa de Los Palacios y Villafranca que agrupa agricultores, selecciona y comercializa hortalizas y aceitunas de sus explotaciones.",Consultar web o venta directa,+34955814666,administracion@parquenortesca.com,https://parquenortesca.com/,,,https://www.google.com/maps/search/?api=1&query=Cooperativa%20Parque%20Norte%20S.C.A.%2C%20Calle%20Agricultura%2C%201%2C%2041720%20Los%20Palacios%20y%20Villafranca%2C%20Sevilla,37.1690,-5.9295,/productores/es/andalucia/sevilla/cooperativa-parque-norte-los-palacios-y-villafranca.webp,verificado,no comprobado,
sat-frupal-los-palacios-y-villafranca,S.A.T. Frupal,Los Palacios y Villafranca,Fruta y verdura,"Tomate de Los Palacios, espárragos, sandías, melones, judías verdes, calabacín","Carretera Nacional IV, Km 564.1, 41720 Los Palacios y Villafranca, Sevilla","Empresa agraria de Los Palacios y Villafranca con producción propia y asociada de tomates, uvas, sandías, melones y otras hortalizas.",Punto de venta en las instalaciones,+34955810366,frupal@frupal.es,https://frupal.es/,,,https://www.google.com/maps/search/?api=1&query=SAT%20Frupal%2C%20Carretera%20Nacional%20IV%2C%20Km%20564.1%2C%2041720%20Los%20Palacios%20y%20Villafranca%2C%20Sevilla,37.1700,-5.9200,/productores/es/andalucia/sevilla/sat-frupal-los-palacios-y-villafranca.webp,verificado,no,
cooperativa-agricola-san-sebastian-lora-del-rio,Cooperativa Agrícola San Sebastián,Lora del Río,Fruta y verdura,"Naranjas, mandarinas, caquis, melocotones, cereales","Carretera de Alcolea, s/n, 41440 Lora del Río, Sevilla","Cooperativa de Lora del Río que produce, acondiciona y exporta cítricos, fruta fresca y cereales de sus agricultores asociados.","L-V 07:30-14:30 y 16:00-19:00; S 08:30-13:30",+34955802335,info@sansebas.es,https://sansebas.es/,,,https://www.google.com/maps/search/?api=1&query=Cooperativa%20Agricola%20San%20Sebastian%2C%20Carretera%20de%20Alcolea%2C%20s%2Fn%2C%2041440%20Lora%20del%20Rio%2C%20Sevilla,37.659,-5.526,/productores/es/andalucia/sevilla/cooperativa-agricola-san-sebastian-lora-del-rio.webp,verificado,no,
alcafruit-alcala-del-rio,Alcafruit,Alcalá del Río,Fruta y verdura,"Cítricos, mandarinas, kakis, melocotones, ciruelas","Finca La Caridad, Ctra. A-8006, km 15, 41200 Alcalá del Río, Sevilla","Sección hortofrutícola de Productores del Campo S.C.A. que produce, selecciona y exporta cítricos, caqui y fruta de hueso.",Consultar web o venta directa,+34954780810,info@alcafruit.es,https://www.alcafruit.es/,,,https://www.google.com/maps/search/?api=1&query=Alcafruit%20S.C.A.%2C%20Finca%20La%20Caridad%2C%20Ctra.%20A-8006%2C%20km%2015%2C%2041200%20Alcala%20del%20Rio%2C%20Sevilla,37.527,-5.975,/productores/es/andalucia/sevilla/alcafruit-alcala-del-rio.webp,verificado,no comprobado,
embutidos-reina-de-los-angeles-el-real-de-la-jara,Embutidos Reina de los Ángeles,El Real de la Jara,Carne,"Jamones ibéricos, paletas ibéricas, cañas de lomo, chorizo, morcón, morcilla","Plaza de Andalucía, 12, 41250 El Real de la Jara, Sevilla",Fábrica familiar de El Real de la Jara que cría cerdo ibérico y elabora jamones y embutidos con tienda en línea.,Consultar web o venta directa,+34954733261,hola@jamondelreal.com,https://jamondelreal.com/,https://www.facebook.com/fábrica-de-embutidos-reina-de-los-ángeles,https://www.instagram.com/embutidosibericosreina,https://www.google.com/maps/search/?api=1&query=Fabrica%20de%20Embutidos%20Reina%20de%20los%20Angeles%2C%20Plaza%20de%20Andalucia%2C%2012%2C%2041250%20El%20Real%20de%20la%20Jara%2C%20Sevilla,37.950422,-6.154720,,verificado,sí,ecommerce
ibericos-de-constantina-constantina,Ibéricos de Constantina,Constantina,Carne,"Jamones ibéricos, paletas ibéricas, lomos embuchados, embutidos curados, carnes frescas","Calle Feria, 19-21, 41450 Constantina, Sevilla","Empresa familiar de Constantina con ganadería propia y elaboración artesanal de jamones, embutidos y otras carnes.",Consultar web o venta directa,+34696696851,,,,,https://www.google.com/maps/search/?api=1&query=Ibericos%20de%20Constantina%2C%20Calle%20Feria%2C%2021%2C%2041450%20Constantina%2C%20Sevilla,37.867,-5.617,,parcial,no comprobado,
miel-deaz-aznalcollar,Miel Deaz,Aznalcóllar,Miel,"Miel de mil flores 100% orgánica, velas de cera de abeja artesanales","Calle Granada, 1, 41870 Aznalcóllar, Sevilla",Proyecto apícola familiar de Aznalcóllar que envasa miel artesanal de producción limitada procedente de sus propias colmenas.,Consultar web o venta directa,+34628512335,julmacdom@gmail.com,https://www.mieldeaz.es/,,,https://www.google.com/maps/search/?api=1&query=Miel%20Deaz%2C%20Calle%20Granada%2C%201%2C%2041870%20Aznalcollar%2C%20Sevilla,37.5330,-6.2625,,verificado,sí,ecommerce
la-alamena-el-madrono,La Alameña,El Madroño,Miel,"Miel cruda de mil flores, miel de azahar, cera de abeja, jalea real","Calle Peral, 10, 41897 El Madroño, Sevilla","Explotación apícola de El Álamo, en El Madroño, que recolecta y envasa de forma artesanal miel, polen y meloja.",Consultar web o venta directa,+34636466033,laalamena9@hotmail.es,,,,https://www.google.com/maps/search/?api=1&query=Miel%20La%20Alamena%2C%20Calle%20Peral%2C%2010%2C%2041897%20El%20Madrono%2C%20Sevilla,37.6452,-6.5106,,parcial,no comprobado,
domi-velez-lebrija,Domi Vélez,Lebrija,Pan y cereal,"Pan de masa madre, pan romano Panis Quadratus, bollería artesanal, Domittone","Calle Suecia, 24, 41740 Lebrija, Sevilla","Domi Vélez es un obrador de alta panadería en Lebrija liderado por el galardonado como Mejor Panadero del Mundo 2021, especializado en panes saludables de masa madre.",Consultar web o venta directa,+34955970577,pedidos@domivelezbakery.com,https://domivelezbakery.com,https://www.facebook.com/domivelezbakery,https://www.instagram.com/domivelezbakery,https://www.google.com/maps/search/?api=1&query=Domi%20Velez%20Bakery%2C%20Calle%20Suecia%2C%2024%2C%2041740%20Lebrija%2C%20Sevilla,36.919789,-6.075862,/productores/es/andalucia/sevilla/domi-velez-lebrija.webp,verificado,sí,ecommerce
angel-puchi-coria-del-rio,Ángel Puchi,Coria del Río,Pan y cereal,"Pan lento, molletes de autor, regañás artesanales, bollería de hojaldre","Calle Mimbre, 11, 41100 Coria del Río, Sevilla","El Pan de Ángel Puchi es un obrador de tradición familiar en Coria del Río, especializado en pan lento, molletes de autor, regañás y bollería artesanal.",Consultar web o venta directa,+34622910233,info@elpandeangelpuchi.com,https://elpandeangelpuchi.com,https://www.facebook.com/elPanDeAngelPuchi,https://www.instagram.com/elpandeangelpuchi,https://www.google.com/maps/search/?api=1&query=El%20Pan%20de%20%C3%81ngel%20Puchi%2C%20Calle%20Mimbre%2C%2011%2C%2041100%20Coria%20del%20R%C3%ADo%2C%20Sevilla,37.2915420,-6.0589385,/productores/es/andalucia/sevilla/angel-puchi-coria-del-rio.webp,verificado,sí,ecommerce
la-esencia-mairena-del-aljarafe,La Esencia,Mairena del Aljarafe,Pan y cereal,"Pan de masa madre salvaje, boliñas, croissant artesanal, pan de chocolate","Calle Horizonte, 8, Edificio Forum, Naves 15 y 16, Polígono PISA, 41927 Mairena del Aljarafe, Sevilla",La Esencia es una panadería artesanal en el Polígono PISA de Mairena del Aljarafe que elabora panes con harinas ecológicas de piedra y fermentaciones lentas.,Consultar web o venta directa,+34665439722,administracion@panlaesencia.com,https://panlaesencia.com,https://es-es.facebook.com/LaEsenciaPanArtesanal/,https://www.instagram.com/laesenciapanartesanal/,https://www.google.com/maps/search/?api=1&query=La%20Esencia%20Pan%20Artesanal%2C%20Calle%20Horizonte%2C%208%2C%20Poligono%20PISA%2C%2041927%20Mairena%20del%20Aljarafe%2C%20Sevilla,37.354024,-6.056510,,verificado,sí,whatsapp
la-colchona-estepa,La Colchona,Estepa,Pan y cereal,"Mantecados de horno de leña, polvorones de almendra, roscos de vino, alfajores","Calle Santa Ana, 28, 41560 Estepa, Sevilla","La Colchona es la fábrica de mantecados y polvorones tradicionales más antigua de Estepa, elaborados a mano y horneados con leña de olivo desde 1850.",Consultar web o venta directa,+34954820228,info@lacolchona.es,https://lacolchona.es,,https://www.instagram.com/lacolchonamantecados/,https://www.google.com/maps/search/?api=1&query=La%20Colchona%2C%20Calle%20Santa%20Ana%2C%2028%2C%2041560%20Estepa%2C%20Sevilla,37.2915,-4.8785,/productores/es/andalucia/sevilla/la-colchona-estepa.webp,verificado,sí,ecommerce
bodega-hacienda-el-duende-cazalla-de-la-sierra,Bodega Hacienda El Duende,Cazalla de la Sierra,Vino,"Vinos tintos, blancos y mosto tradicional de la Sierra Norte","Ctra. de Cazalla a Guadalcanal, km 3,5, 41370 Cazalla de la Sierra, Sevilla",Bodega familiar de Cazalla de la Sierra dedicada a la elaboración tradicional de mosto y vino y a las visitas enoturísticas.,Consultar web o venta directa,+34954884610,,,https://es-es.facebook.com/pages/Bodega-Hacienda-El-Duende/173203232711774,https://www.instagram.com/bodega_elduende/,https://www.google.com/maps/search/?api=1&query=Bodega%20Hacienda%20El%20Duende%2C%20Ctra.%20de%20Cazalla%20a%20Guadalcanal%2C%20km%203%2C5%2C%2041370%20Cazalla%20de%20la%20Sierra%2C%20Sevilla,37.9321880,-5.7595396,,parcial,no comprobado,
destilerias-reguera-pruna,Destilerías Reguera,Pruna,Destilados y licores,"Anís dulce y seco, pacharán, licor de guindas, ginebra","Calle Nueva, 13-15, 41670 Pruna, Sevilla","Destilería familiar de Pruna dedicada a la elaboración de anís, aguardientes, brandy, ginebra y licores.",Consultar web o venta directa,+34954858014,destileriasreguera@gmail.com,,https://www.facebook.com/p/Destiler%C3%ADas-Reguera-100067010911437/,,https://www.google.com/maps/search/?api=1&query=Destiler%C3%ADas%20Reguera%2C%20Calle%20Nueva%2C%2013-15%2C%2041670%20Pruna%2C%20Sevilla,36.9745260,-5.2198822,,verificado,no comprobado,
senorio-de-pazino-carmona,Señorío de Pazino,Carmona,Vino,Vino de naranja ecológico artesanal,"Callejones del Valle, s/n, 41410 Carmona, Sevilla",Bodega de Carmona que elabora de forma artesanal vino y vermut de naranja ecológica de la campiña sevillana.,Consultar web o venta directa,+34624814589,info@senoriodepazino.com,https://senoriodepazino.com/,,https://www.instagram.com/senoriodepazino/,https://www.google.com/maps/search/?api=1&query=Se%C3%B1or%C3%ADo%20de%20Pazino%2C%20Callejones%20del%20Valle%2C%20s/n%2C%2041410%20Carmona%2C%20Sevilla,37.4717882,-5.6412910,,verificado,no comprobado,
bodegas-busto-los-palacios-y-villafranca,Bodegas Busto,Los Palacios y Villafranca,Vino,"Mosto de uva, finos, mistela y vino de naranja","Avenida de Utrera, 27, 41720 Los Palacios y Villafranca, Sevilla","Lagar tradicional de Los Palacios y Villafranca, fundado en 1945, que prensa uva y elabora mosto, mistela y otros vinos.",Consultar web o venta directa,+34955815988,,,,,https://www.google.com/maps/search/?api=1&query=Bodegas%20Busto%2C%20Avenida%20de%20Utrera%2C%2027%2C%2041720%20Los%20Palacios%20y%20Villafranca%2C%20Sevilla,37.1622583,-5.9143244,,parcial,no comprobado,
bodega-joaquin-busto-ayala-los-palacios-y-villafranca,Bodega Joaquín Busto Ayala,Los Palacios y Villafranca,Vino,"Mosto del Aljarafe, mistela de pasas, vinos finos a granel","Calle Menéndez Pelayo, 2, 41720 Los Palacios y Villafranca, Sevilla",Bodega tradicional de Los Palacios y Villafranca vinculada a la elaboración y venta local de mosto y vinos a granel.,Consultar web o venta directa,+34955810855,,,,,https://www.google.com/maps/search/?api=1&query=Bodega%20Joaqu%C3%ADn%20Busto%20Ayala%2C%20Calle%20Men%C3%A9ndez%20Pelayo%2C%202%2C%2041720%20Los%20Palacios%20y%20Villafranca%2C%20Sevilla,37.1601601,-5.9226134,,parcial,no comprobado,
cooperativa-nuestra-senora-de-las-angustias-alanis,Cooperativa Agrícola Nuestra Señora de las Angustias,Alanís,Aceite,Aceite de oliva virgen extra Castillo de Alanís,"Extramuros, S/N, 41380 Alanís, Sevilla",Cooperativa olivarera de Alanís que produce y envasa AOVE de variedad principalmente pico limón bajo la marca Castillo de Alanís.,Consultar web o venta directa,+34954885126,scaalanis@gmail.com,,https://www.facebook.com/p/Cooperativa-Agricola-y-Caja-Rural-Nuestra-Se%C3%B1ora-de-las-Angustias-100066649507438/,,https://www.google.com/maps/search/?api=1&query=Cooperativa%20Agr%C3%ADcola%20Nuestra%20Se%C3%B1ora%20de%20las%20Angustias%2C%20Extramuros%2C%20S/N%2C%2041380%20Alan%C3%ADs%2C%20Sevilla,38.0365938,-5.7132497,,parcial,no comprobado,
sca-inmaculada-concepcion-la-roda-de-andalucia,S.C.A. Inmaculada Concepción,La Roda de Andalucía,Aceite,Aceite de oliva virgen extra de producción integrada y ecológica,"Ctra. de Pedrera, Km 1, 41590 La Roda de Andalucía, Sevilla",Cooperativa fundada en 1963 en La Roda de Andalucía que transforma la aceituna de sus socios y comercializa el AOVE mediante la cooperativa de segundo grado Oleoestepa.,Consultar web o venta directa,+34954016113,info@lainmaculadadelaroda.com,https://lainmaculadadelaroda.com/,,https://www.instagram.com/coopeinmaculada/,https://www.google.com/maps/search/?api=1&query=S.C.A.%20Inmaculada%20Concepci%C3%B3n%2C%20Ctra.%20de%20Pedrera%2C%20Km%201%2C%2041590%20La%20Roda%20de%20Andaluc%C3%ADa%2C%20Sevilla,37.2003677,-4.7772857,,verificado,sí,marketplace
sca-san-jose-lora-de-estepa,S.C.A. San José,Lora de Estepa,Aceite,Aceite de oliva virgen extra amparado por la DOP Estepa,"Calle Eduardo Pérez Pérez, 1 (esquina C/ Estepa, 12), 41564 Lora de Estepa, Sevilla",Cooperativa de Lora de Estepa que produce AOVE amparado por la DOP Estepa y elabora también aceituna de mesa.,Consultar web o venta directa,+34954829098,sanjose@olivarerasanjose.com,https://www.olivarerasanjose.es/,,,https://www.google.com/maps/search/?api=1&query=S.C.A.%20San%20Jos%C3%A9%2C%20Calle%20Eduardo%20P%C3%A9rez%20P%C3%A9rez%2C%201%20%28esquina%20C/%20Estepa%2C%2012%29%2C%2041564%20Lora%20de%20Estepa%2C%20Sevilla,37.2715737,-4.8275619,,verificado,sí,whatsapp
sca-olivarera-san-placido-badolatosa,S.C.A. Olivarera San Plácido,Badolatosa,Aceite,Aceite de oliva virgen extra de la DOP Estepa,"Paraje Isla Quemada «Los Bermejales», 41570 Badolatosa, Sevilla",Cooperativa de primer grado de Badolatosa que produce AOVE con certificación de Producción Integrada y amparo de la DOP Estepa.,Consultar web o venta directa,+34954017210,sanplacido@oleoestepa.com,,,,https://www.google.com/maps/search/?api=1&query=S.C.A.%20Olivarera%20San%20Pl%C3%A1cido%2C%20Paraje%20Isla%20Quemada%20%C2%ABLos%20Bermejales%C2%BB%2C%2041570%20Badolatosa%2C%20Sevilla,37.3062674,-4.6724930,,parcial,no comprobado,
sca-nuestra-senora-de-la-fuensanta-corcoya,S.C.A. Nuestra Señora de la Fuensanta,Badolatosa,Aceite,Aceite de oliva virgen extra DOP Estepa,"Extramuros S/N, 41500 Corcoya, Badolatosa, Sevilla","Cooperativa de Corcoya que moltura AOVE de la DOP Estepa y lo comercializa mediante la cooperativa de segundo grado Oleoestepa.",Consultar web o venta directa,+34954011057,info@olivarerafuensanta.com,https://olivarerafuensanta.com/,,,https://www.google.com/maps/search/?api=1&query=S.C.A.%20Nuestra%20Se%C3%B1ora%20de%20la%20Fuensanta%2C%20Extramuros%20S/N%2C%2041500%20Corcoya%2C%20Badolatosa%2C%20Sevilla,37.2709354,-4.6882819,,verificado,sí,marketplace
sca-san-juan-bautista-villanueva-de-san-juan,S.C.A. San Juan Bautista,Villanueva de San Juan,Aceite,Aceite de oliva virgen extra hojiblanco,"Carretera El Saucejo, s/n, 41660 Villanueva de San Juan, Sevilla",Cooperativa y almazara de Villanueva de San Juan que produce AOVE para sus socios y lo comercializa mediante la cooperativa de segundo grado Oleoestepa.,Consultar web o venta directa,+34955916526,info@oleosanjuan.com,https://oleosanjuan.com/,,,https://www.google.com/maps/search/?api=1&query=S.C.A.%20San%20Juan%20Bautista%2C%20Carretera%20El%20Saucejo%2C%20s/n%2C%2041660%20Villanueva%20de%20San%20Juan%2C%20Sevilla,37.0502525,-5.1752275,,verificado,sí,marketplace
miel-egregia-sevilla,Miel Egregia,Sevilla,Miel,"Miel cruda y ecológica de azahar, eucalipto, monte y milflores",41010 Sevilla,Proyecto de un apicultor y biólogo que mantiene colmenas en la Sierra Norte de Sevilla y elabora miel de monte mediterráneo.,Consultar web o venta directa,+34678276593,info@mielegregia.es,https://www.mielegregia.es/,,,https://www.google.com/maps/search/?api=1&query=Miel%20Egregia%2C%2041010%20Sevilla,37.3802892,-6.0044765,,verificado,no comprobado,
apinazar-dos-hermanas,Apinazar,Dos Hermanas,Miel,"Miel natural de flores, polen, propóleo y jalea real","Calle Sierra de Gata, 31, Polígono Las Norietas, 41702 Dos Hermanas, Sevilla","Empresa apícola de Dos Hermanas con producción limitada y control directo de miel, polen, propóleo, jalea real y otros productos de colmena.",Consultar web o venta directa,+34627882430,pedidos@apinazar.es,https://apinazar.es/,https://es-es.facebook.com/apinazar/,https://www.instagram.com/apinazar/,https://www.google.com/maps/search/?api=1&query=Apinazar%2C%20Calle%20Sierra%20de%20Gata%2C%2031%2C%20Pol%C3%ADgono%20Las%20Norietas%2C%2041702%20Dos%20Hermanas%2C%20Sevilla,37.2956159,-5.9113487,,verificado,sí,ecommerce
cabana-apicola-casta-bollullos-de-la-mitacion,Cabaña Apícola Casta,Bollullos de la Mitación,Miel,"Miel ecológica de azahar y milflores, núcleos de abejas","Apartado de correos n.º 43, 41110 Bollullos de la Mitación, Sevilla",Explotación apícola de Bollullos de la Mitación dedicada a la cría de abejas reinas y a la producción artesanal de miel ecológica.,Consultar web o venta directa,+34617041471,info@apicolacasta.es,https://apicolacasta.es/,,https://www.instagram.com/ApicolaCasta/,https://www.google.com/maps/search/?api=1&query=Caba%C3%B1a%20Ap%C3%ADcola%20Casta%2C%20Apartado%20de%20correos%20n.%C2%BA%2043%2C%2041110%20Bollullos%20de%20la%20Mitaci%C3%B3n%2C%20Sevilla,37.3399004,-6.1376821,,verificado,sí,ecommerce
la-latera-constantina,La Latera,Constantina,Otros,"Mermelada artesanal de castaña, cremas de frutos y mermeladas de temporada","Paseo de la Alameda, 52, 41450 Constantina, Sevilla","Obrador de Constantina que elabora mermeladas artesanales, cremas de castaña, marron glacé y otros productos de la Sierra Morena.",Consultar web o venta directa,+34679935805,info@lalatera.com,https://lalatera.com/,,,https://www.google.com/maps/search/?api=1&query=La%20Latera%2C%20Paseo%20de%20la%20Alameda%2C%2052%2C%2041450%20Constantina%2C%20Sevilla,37.8771998,-5.6215562,,verificado,no comprobado,
la-estepena-estepa,La Estepeña,Estepa,Pan y cereal,"Mantecados, polvorones, chocolates, alfajores e higos de chocolate","Calle Almendra, s/n (Polígono Industrial Sierra Sur), 41560 Estepa, Sevilla","Uno de los fabricantes de mantecados más tradicionales e históricos de Estepa, fundado en 1858, que mantiene obrador propio e instalaciones museísticas.",Consultar web o venta directa,+34955912648,info@laestepena.com,https://laestepena.es,,https://www.instagram.com/la_estepena_oficial/,https://www.google.com/maps/search/?api=1&query=La%20Estepe%C3%B1a%2C%20Calle%20Almendra%2C%20s/n%20%28Pol%C3%ADgono%20Industrial%20Sierra%20Sur%29%2C%2041560%20Estepa%2C%20Sevilla,37.2920400,-4.8781876,,verificado,sí,ecommerce
la-vicaria-estepa,La Vicaría,Estepa,Pan y cereal,Mantecados y polvorones tradicionales de Estepa,"Av. de Andalucía, 193, 41560 Estepa, Sevilla","Fábrica familiar que elabora mantecados y polvorones tradicionales en Estepa siguiendo recetas heredadas, con venta online directa.",Consultar web o venta directa,+34955912938,,https://lavicaria.com,https://www.facebook.com/dulceslavicaria/,https://www.instagram.com/lavicaria_/,https://www.google.com/maps/search/?api=1&query=La%20Vicar%C3%ADa%2C%20Av.%20de%20Andaluc%C3%ADa%2C%20193%2C%2041560%20Estepa%2C%20Sevilla,37.2934005,-4.8814886,,verificado,sí,ecommerce
el-patriarca-estepa,El Patriarca,Estepa,Pan y cereal,"Mantecados, polvorones, alfajores y dulces de Navidad","Avenida de Úbeda, 4, 41560 Estepa, Sevilla",Empresa familiar de larga tradición en la comarca de Estepa dedicada a la pastelería navideña artesana.,Consultar web o venta directa,+34955912664,pedidos@elpatriarca.com,https://www.elpatriarca.com,,https://www.instagram.com/dulces_el_patriarca/,https://www.google.com/maps/search/?api=1&query=El%20Patriarca%2C%20Avenida%20de%20%C3%9Abeda%2C%204%2C%2041560%20Estepa%2C%20Sevilla,37.2960857,-4.8723385,,verificado,sí,ecommerce
la-aurora-estepa,La Aurora,Estepa,Pan y cereal,"Mantecados tradicionales, polvorones y especialidades sin azúcar","Avenida de Andalucía, 229, 41560 Estepa, Sevilla","Marca histórica de dulces de Estepa, vinculada al fabricante local Aurora y con despacho de mantecados, polvorones y especialidades navideñas en la Avenida de Andalucía.",Consultar web o venta directa,+34955544979,laaurora@laaurora.es,https://www.laaurora.es,https://www.facebook.com/mantecadosypolvoroneslaaurora/,https://www.instagram.com/mantecadoslaaurora/,https://www.google.com/maps/search/?api=1&query=La%20Aurora%2C%20Avenida%20de%20Andaluc%C3%ADa%2C%20229%2C%2041560%20Estepa%2C%20Sevilla,37.2934005,-4.8814886,,parcial,no comprobado,
la-biblia-estepa,La Biblia,Estepa,Pan y cereal,"Mantecados de aceite, polvorones de almendra, roscos de vino y hojaldres","C/ Huerta de Peña, 4, 41560 Estepa, Sevilla",Fábrica estepeña tradicional que elabora dulces de Navidad artesanales con obrador propio y catálogo público de especialidades.,Consultar web o venta directa,+34955913100,info@dulceslabiblia.com,https://dulceslabiblia.com,,https://www.instagram.com/labibliadulces/,https://www.google.com/maps/search/?api=1&query=La%20Biblia%2C%20C/%20Huerta%20de%20Pe%C3%B1a%2C%204%2C%2041560%20Estepa%2C%20Sevilla,37.2920400,-4.8781876,,verificado,no,
picos-marchapan-utrera,Picos Marchapan,Utrera,Pan y cereal,"Picos camperos, colines, regañás y panes especiales","Polígono El Torno, Ronda de los Torneros, 33, 41710 Utrera, Sevilla",Panificadora tradicional de Utrera muy conocida por la elaboración artesanal de sus picos camperos y colines.,Consultar web o venta directa,+34954873529,marchapan@marchapan.com,https://marchapan.com,,,https://www.google.com/maps/search/?api=1&query=Picos%20Marchapan%2C%20Pol%C3%ADgono%20El%20Torno%2C%20Ronda%20de%20los%20Torneros%2C%2033%2C%2041710%20Utrera%2C%20Sevilla,37.1824646,-5.7817506,,verificado,no comprobado,
horno-nueva-florida-alcala-de-guadaira,Horno Nueva Florida,Alcalá de Guadaíra,Pan y cereal,"Pan artesano de masa madre, mollete de Alcalá, bollo de Alcalá","Calle La Red Cinco, 1, 41500 Alcalá de Guadaíra, Sevilla","Obrador central de una panadería familiar fundada en 1979 en Alcalá de Guadaíra, que elabora pan de masa madre, bollería y pastelería artesana para sus despachos propios.",Consultar web o venta directa,+34955680481,panydulce@outlook.com,https://hornonuevaflorida.es,https://www.facebook.com/hornonuevaflorida/,https://www.instagram.com/hornonuevaflorida/,https://www.google.com/maps/search/?api=1&query=Horno%20Nueva%20Florida%2C%20Calle%20La%20Red%20Cinco%2C%201%2C%2041500%20Alcal%C3%A1%20de%20Guada%C3%ADra%2C%20Sevilla,37.3683668,-5.8837394,,verificado,sí,marketplace
panaderia-santa-virginia-alcala-de-guadaira,Panadería Santa Virginia,Alcalá de Guadaíra,Pan y cereal,"Pan artesanal de fermentación lenta, repostería y pastelería tradicional","Calle Madrid, 8, 41500 Alcalá de Guadaíra, Sevilla","Establecimiento fundado en 1976 en Alcalá de Guadaíra, especializado en panadería artesanal de fermentación lenta y repostería local.",Consultar web o venta directa,+34955682605,,,https://www.facebook.com/PanaderiaSantaVirginia/,https://www.instagram.com/panaderiasantavirginia/,https://www.google.com/maps/search/?api=1&query=Panader%C3%ADa%20Santa%20Virginia%2C%20Calle%20Madrid%2C%208%2C%2041500%20Alcal%C3%A1%20de%20Guada%C3%ADra%2C%20Sevilla,37.3362039,-5.8405229,,parcial,no comprobado,
confiteria-cordero-utrera,Confitería Cordero,Utrera,Pan y cereal,"Mostachones de Utrera tradicionales y rellenos de nata, lenguas de nata","Plaza de la Constitución, 2, 41710 Utrera, Sevilla","Confitería fundada en 1936 en Utrera, pionera de las lenguas de nata y dedicada a elaborar mostachones artesanos tradicionales y rellenos.",Consultar web o venta directa,+34954860199,info@confiteriacordero.com,https://confiteriacordero.com,https://www.facebook.com/confiteriacordero/,https://www.instagram.com/confiteriacordero/,https://www.google.com/maps/search/?api=1&query=Confiter%C3%ADa%20Cordero%2C%20Plaza%20de%20la%20Constituci%C3%B3n%2C%202%2C%2041710%20Utrera%2C%20Sevilla,37.1815650,-5.7826080,,verificado,no,
confiteria-diego-vazquez-utrera,Confitería Diego Vázquez,Utrera,Pan y cereal,"Mostachones de Utrera tradicionales, bizcotelas, lenguas de nata","Plaza del Altozano, 5, 41710 Utrera, Sevilla",Establecimiento histórico fundado en 1880 que mantiene la receta centenaria del mostachón de Utrera heredada de las monjas clarisas.,Consultar web o venta directa,+34954860897,,https://www.diegovazquez.es,https://www.facebook.com/mostachonesdiegovazquez/,https://www.instagram.com/mostachonesdiegovazquez/,https://www.google.com/maps/search/?api=1&query=Confiter%C3%ADa%20Diego%20V%C3%A1zquez%2C%20Plaza%20del%20Altozano%2C%205%2C%2041710%20Utrera%2C%20Sevilla,37.1815199,-5.7812323,,verificado,sí,ecommerce
confiteria-la-campana-sevilla,Confitería La Campana,Sevilla,Pan y cereal,"Yemas de San Leandro, tartas, canapés y pastelería mini","Calle Sierpes, 1-3, 41004 Sevilla",Legendaria pastelería sevillana fundada en 1885 que elabora repostería artesana en su obrador del centro de Sevilla.,"Pedidos 09:00-14:00; entrega a domicilio 10:00-14:00",+34954223570,info@confiterialacampana.com,https://www.confiterialacampana.com,https://www.facebook.com/confiterialacampana/,https://www.instagram.com/confiterialacampana/,https://www.google.com/maps/search/?api=1&query=Confiter%C3%ADa%20La%20Campana%2C%20Calle%20Sierpes%2C%201-3%2C%2041004%20Sevilla,37.3925450,-5.9948336,,verificado,sí,telefono
quesos-sierra-de-el-real-el-real-de-la-jara,Quesos Sierra de El Real,El Real de la Jara,Lácteos y quesos,"Queso curado de oveja, queso semicurado de cabra","Calle Mogoña, s/n, 41250 El Real de la Jara, Sevilla",Quesería artesanal de El Real de la Jara que elabora quesos de leche cruda de oveja y cabra sin aditivos.,Consultar web o venta directa,+34954733120,,,,,https://www.google.com/maps/search/?api=1&query=Quesos%20Sierra%20de%20El%20Real%2C%20Calle%20Mogo%C3%B1a%2C%20s%2Fn%2C%2041250%20El%20Real%20de%20la%20Jara%2C%20Sevilla,,,,parcial,no comprobado,
montealbor-alimentacion-alcala-de-guadaira,Montealbor Alimentación,Alcalá de Guadaíra,Carne,"Salsa verde, embutidos, salchichas, platos preparados y cremas vegetales","Calle Polysol Cinco, n.º 11, Polígono Industrial Polysol, 41500 Alcalá de Guadaíra, Sevilla","Industria alimentaria de Alcalá de Guadaíra con elaboración propia de embutidos, platos cárnicos, salsas y cremas vegetales.",Consultar web o venta directa,+34955630103,info@montealbor.com,https://montealbor.com/,,https://www.instagram.com/montealbor/,https://www.google.com/maps/search/?api=1&query=Montealbor%20Alimentaci%C3%B3n%2C%20Calle%20Polysol%20Cinco%2C%20n.%C2%BA%2011%2C%20Pol%C3%ADgono%20Industrial%20Polysol%2C%2041500%20Alcal%C3%A1%20de%20Guada%C3%ADra%2C%20Sevilla,37.3397709,-5.8408396,,verificado,sí,ecommerce
cerveza-debla-utrera,Cerveza Debla,Utrera,Cerveza,Cerveza artesana natural (estilos Rubia y Pale Ale),"Polígono Industrial La Morera, Calle Escribanos, n.º 3, 41710 Utrera, Sevilla",Marca histórica de cerveza artesana de Utrera documentada en la calle Escribanos; queda parcial al no contar con un canal propio actual revisable.,Consultar web o venta directa,+34622764316,cervezasdebla@gmail.com,,https://www.facebook.com/CervezaArtesanaDebla/,,https://www.google.com/maps/search/?api=1&query=Cerveza%20Debla%2C%20Pol%C3%ADgono%20Industrial%20La%20Morera%2C%20Calle%20Escribanos%2C%20n.%C2%BA%203%2C%2041710%20Utrera%2C%20Sevilla,37.1824646,-5.7817506,,parcial,no comprobado,
cervezas-8-huellas-los-palacios-y-villafranca,Cervezas 8 Huellas,Los Palacios y Villafranca,Cerveza,"Pale Ale Ibérica, Amber Ale e IPA","Calle Creación, 18, Polígono Industrial El Muro, 41720 Los Palacios y Villafranca, Sevilla","Microcervecería de Los Palacios y Villafranca conservada con respaldo empresarial y local, pendiente de una fuente propia accesible que confirme producción actual.",Consultar web o venta directa,+34665370567,8huellascervezaartesana@gmail.com,https://8huellas.es/,https://www.facebook.com/8huellasCervezaArtesana/,https://www.instagram.com/8huellascerveza/,https://www.google.com/maps/search/?api=1&query=Cerveza%20Artesana%208%20Huellas%2C%20C.%20Creaci%C3%B3n%2C%2018%2C%2041720%20Los%20Palacios%20y%20Villafranca%2C%20Sevilla&query_place_id=ChIJmaCee8t3Eg0R_IiWibXAl7w,37.1650982,-5.938808,,parcial,no comprobado,
aceitunas-losada-carmona,Aceitunas Losada,Carmona,Conservas,Aceitunas de mesa gordal y manzanilla aliñadas tradicionales,"Carretera A-398, km 21,3, 41410 Carmona, Sevilla","Empresa familiar de Carmona que cultiva, adereza y envasa aceitunas gordales y manzanillas procedentes de fincas propias.",Consultar web o venta directa,+34954140068,administracion@aceitunaslosada.com,https://www.aceitunaslosada.com/,,https://www.instagram.com/losadaolives/,https://www.google.com/maps/search/?api=1&query=Aceitunas%20Losada%2C%20Carretera%20A-398%2C%20km%2021%2C3%2C%2041410%20Carmona%2C%20Sevilla,37.4717882,-5.6412910,,verificado,no comprobado,
aceitunas-la-tinaja-marinaleda,Aceitunas La Tinaja,Marinaleda,Conservas,"Aceitunas aliñadas gordales, manzanillas y encurtidos","Calle Padre Leonardo, 27, 41569 Marinaleda, Sevilla","Obrador de Marinaleda que elabora desde 2004 aceitunas aliñadas y encurtidos artesanos, incluidos pimientos asados a leña.",Consultar web o venta directa,+34678277597,joaquinvelajurado@gmail.com,,https://www.facebook.com/aceitunasyencurtidoslatinaja/,,https://www.google.com/maps/search/?api=1&query=Aceitunas%20La%20Tinaja%2C%20Calle%20Padre%20Leonardo%2C%2027%2C%2041569%20Marinaleda%2C%20Sevilla,37.3721834,-4.9615074,,verificado,sí,marketplace
cooperativa-de-marinaleda-sca-marinaleda,Cooperativa de Marinaleda S.C.A.,Marinaleda,Conservas,"Conservas de alcachofas, pimientos y aceite de oliva virgen extra Humildad","Calle Utopía, s/n, Zona Industrial Z-1, 41569 Marinaleda, Sevilla",Cooperativa agraria de Marinaleda que transforma hortalizas y legumbres en conservas y comercializa también AOVE propio.,Consultar web o venta directa,+34955143987,info@marinaleda.coop,https://marinaleda.coop/,https://www.facebook.com/marinaledacoop/,,https://www.google.com/maps/search/?api=1&query=Cooperativa%20de%20Marinaleda%20S.C.A.%2C%20Calle%20Utop%C3%ADa%2C%20s/n%2C%20Zona%20Industrial%20Z-1%2C%2041569%20Marinaleda%2C%20Sevilla,37.3761916,-4.9363304,,verificado,sí,ecommerce
citran-sat-brenes,Citran S.A.T.,Brenes,Fruta y verdura,"Naranjas, mandarinas y fruta de hueso de la vega del Guadalquivir","Ctra. Camino del Bodegón de las Cañas, Km. 1, 41310 Brenes, Sevilla","SAT familiar de Brenes con 1.300 hectáreas de producción propia de cítricos, fruta de hueso, caqui, patata y sandía.",Consultar web o venta directa,+34955031250,comercial@citransat.com,https://citransat.com/,https://www.facebook.com/naranjeroweb/,,https://www.google.com/maps/search/?api=1&query=Citran%20S.A.T.%2C%20Ctra.%20Camino%20del%20Bodeg%C3%B3n%20de%20las%20Ca%C3%B1as%2C%20Km.%201%2C%2041310%20Brenes%2C%20Sevilla,37.5494873,-5.8724046,,verificado,no comprobado,
sca-hortofruticola-naranjales-del-guadalquivir-cantillana,S.C.A. Hortofrutícola Naranjales del Guadalquivir,Cantillana,Fruta y verdura,Naranjas y mandarinas locales de la vega del Guadalquivir,"Carretera Córdoba - Sevilla, Km 106,5, 41320 Cantillana, Sevilla",Cooperativa hortofrutícola de Cantillana dedicada a cítricos y cultivos tropicales de sus agricultores asociados.,Consultar web o venta directa,+34955731299,hng.administracion@telefonica.net,,,,https://www.google.com/maps/search/?api=1&query=S.C.A.%20Hortofrut%C3%ADcola%20Naranjales%20del%20Guadalquivir%2C%20Carretera%20C%C3%B3rdoba%20-%20Sevilla%2C%20Km%20106%2C5%2C%2041320%20Cantillana%2C%20Sevilla,37.6088766,-5.8244449,,parcial,no comprobado,
islanova-isla-mayor,Islanova,Isla Mayor,Comida preparada,"Tortillitas de camarón, croquetas, rebozados y platos cocinados artesanos","Polígono Industrial El Puntal, Calle Arroz Puntal, 23, 41140 Isla Mayor, Sevilla","Obrador de Isla Mayor que prepara de forma artesanal tortillitas, croquetas, buñuelos y otros elaborados de pescado y marisco.",Consultar web o venta directa,+34955220152,administracion@islanova.info,https://www.islanova.es,,https://www.instagram.com/islanova_congeladosymariscos/,https://www.google.com/maps/search/?api=1&query=Islanova%2C%20Pol%C3%ADgono%20Industrial%20El%20Puntal%2C%20Calle%20Arroz%20Puntal%2C%2023%2C%2041140%20Isla%20Mayor%2C%20Sevilla,37.1324663,-6.1648075,,verificado,sí,email|telefono
caracoles-nunez-coria-del-rio,Caracoles Núñez,Coria del Río,Otros,"Caracoles en conserva, caracoles cocinados, caracol Helix Aspersa fresco","Calle Molineros, 18, 41100 Coria del Río, Sevilla","Empresa de Coria del Río dedicada a elaborar caracoles en conserva, cocidos, guisados y refrigerados preelaborados.",Consultar web o venta directa,+34616545767,direccion@caracolesnunez.com,,,,https://www.google.com/maps/search/?api=1&query=Caracoles%20N%C3%BA%C3%B1ez%2C%20Calle%20Molineros%2C%2018%2C%2041100%20Coria%20del%20R%C3%ADo%2C%20Sevilla,37.2876577,-6.0669466,,parcial,no comprobado,
heligemas-benacazon,Heligemas S.L.,Benacazón,Otros,"Alevines de caracol, caracoles Helix Aspersa de cría propia","Polígono Industrial La Choza, Calle Innovación, 14, 41849 Benacazón, Sevilla",Empresa surgida de la Universidad de Sevilla dedicada a la cría de caracoles y al desarrollo de sistemas de helicicultura comercial.,Consultar web o venta directa,+34628294073,heligemas@gmail.com,,,,https://www.google.com/maps/search/?api=1&query=Heligemas%20S.L.%2C%20Pol%C3%ADgono%20Industrial%20La%20Choza%2C%20Calle%20Innovaci%C3%B3n%2C%2014%2C%2041849%20Benacaz%C3%B3n%2C%20Sevilla,37.3544497,-6.1961281,,parcial,no comprobado,
setas-y-hongos-del-sur-sevilla,Setas y Hongos del Sur,Sevilla,Setas,"Setas frescas cultivadas (Shiitake, Melena de León, Ostra) y sustratos","Calle Huerto del Maestre s/n (antigua Hytasal), 41006 Sevilla","Empresa sevillana que produce sustratos esterilizados y cultiva setas frescas, con fabricación bajo pedido en sus instalaciones.",Consultar web o venta directa,,contacto@setasyhongosdelsur.com,https://setasyhongosdelsur.com/,,,https://www.google.com/maps/search/?api=1&query=Setas%20y%20Hongos%20del%20Sur%2C%20Calle%20Huerto%20del%20Maestre%20s/n%20%28antigua%20Hytasal%29%2C%2041006%20Sevilla,37.3709064,-5.9654820,,verificado,sí,email
bioalverde-dos-hermanas,Bioalverde,Dos Hermanas,Fruta y verdura,"Hortalizas y verduras ecológicas de temporada, cestas agroecológicas","Avenida Condes de Ibarra, s/n (Montequinto), 41702 Dos Hermanas, Sevilla",Empresa de inserción de Dos Hermanas que cultiva una huerta ecológica y comercializa sus hortalizas junto a otros alimentos de proximidad.,Consultar web o venta directa,+34686322595,bioalverde@bioalverde.com,https://bioalverde.com/,https://es-es.facebook.com/Bio-Alverde-431839883671861/,https://www.instagram.com/bioalverde/,https://www.google.com/maps/search/?api=1&query=Bioalverde%2C%20Avenida%20Condes%20de%20Ibarra%2C%20s/n%20%28Montequinto%29%2C%2041702%20Dos%20Hermanas%2C%20Sevilla,37.3421159,-5.9346082,,verificado,sí,ecommerce
jacaranda-agricultura-ecologica-alcala-de-guadaira,Jacaranda Agricultura Ecológica S.L.,Alcalá de Guadaíra,Fruta y verdura,"Frutas, verduras y hortalizas de certificación ecológica","Finca Cerca Los Hierros, Carretera Alcalá de Guadaíra - Dos Hermanas, Km 5,5, 41500 Alcalá de Guadaíra, Sevilla",Proyecto social de agricultura ecológica certificada que cultiva frutas y hortalizas en Alcalá de Guadaíra y reparte cestas a domicilio.,Consultar web o venta directa,+34659413615,info@jacarandaeco.com,https://jacarandaeco.com/,,https://www.instagram.com/jacarandaeco_/,https://www.google.com/maps/search/?api=1&query=Jacaranda%20Agricultura%20Ecol%C3%B3gica%20S.L.%2C%20Finca%20Cerca%20Los%20Hierros%2C%20Carretera%20Alcal%C3%A1%20de%20Guada%C3%ADra%20-%20Dos%20Hermanas%2C%20Km%205%2C5%2C%2041500%20Alcal%C3%A1%20de%20Guada%C3%ADra%2C%20Sevilla,37.3397709,-5.8408396,,verificado,sí,ecommerce|suscripcion
quesos-cuatro-tetas-dos-hermanas,Quesos Cuatro Tetas,Dos Hermanas,Lácteos y quesos,"Queso madurado mezcla en aceite de oliva, quesos artesanos curados","Calle Juan Sebastián Elcano, 11, 41701 Dos Hermanas, Sevilla","Marca de quesos de vaca, cabra y oveja vinculada a Dos Hermanas, conservada como parcial al no hallarse un canal propio actual.",Consultar web o venta directa,+34630821162,,,,,https://www.google.com/maps/search/?api=1&query=Quesos%20Cuatro%20Tetas%2C%20Calle%20Juan%20Sebasti%C3%A1n%20Elcano%2C%2011%2C%2041701%20Dos%20Hermanas%2C%20Sevilla,37.2806099,-5.9306417,,parcial,no comprobado,
ketepico-la-campana,Ketepico,La Campana,Miel,"Miel natural (de matalauva/anís, milflores, azahar), polen y jalea real","Calle Pablo Picasso, 1, 41429 La Campana, Sevilla",Proyecto apícola de La Campana dedicado a la cría de abejas y a la venta local de miel y otros productos de la colmena.,Consultar web o venta directa,+34634471152,,,,,https://www.google.com/maps/search/?api=1&query=Ketepico%2C%20Calle%20Pablo%20Picasso%2C%201%2C%2041429%20La%20Campana%2C%20Sevilla,37.5689326,-5.4276898,,parcial,no comprobado,
mas-que-lechugas-villanueva-del-ariscal,Más Que Lechugas,Villanueva del Ariscal,Fruta y verdura,Cestas de verduras y hortalizas ecológicas de temporada,"C/ Butrón, 9, 41003 Sevilla (huertos de producción en Villanueva del Ariscal)",Huerta de Villanueva del Ariscal que cultiva más de treinta variedades ecológicas certificadas y prepara pedidos semanales recién recolectados.,Consultar web o venta directa,+34954532578,cestasecologicas@masquelechugas.com,https://masquelechugas.com/,,,https://www.google.com/maps/search/?api=1&query=M%C3%A1s%20Que%20Lechugas%2C%20C/%20Butr%C3%B3n%2C%209%2C%2041003%20Sevilla%20%28huertos%20de%20producci%C3%B3n%20en%20Villanueva%20del%20Ariscal%29,37.3966241,-6.1444552,,verificado,sí,whatsapp|email|telefono
finca-agroecologica-la-inmaculada-el-viso-del-alcor,Finca Agroecológica La Inmaculada,El Viso del Alcor,Fruta y verdura,"Verduras, hortalizas y frutas ecológicas de temporada","Carretera El Viso-Tocina, km 2,8, 41520 El Viso del Alcor, Sevilla",Finca de El Viso del Alcor dedicada al cultivo y comercialización de frutas y hortalizas ecológicas.,Consultar web o venta directa,+34636031399,fincalainmaculada@gmail.com,,,,https://www.google.com/maps/search/?api=1&query=Finca%20Agroecol%C3%B3gica%20La%20Inmaculada%2C%20Carretera%20El%20Viso-Tocina%2C%20km%202%2C8%2C%2041520%20El%20Viso%20del%20Alcor%2C%20Sevilla,,,,parcial,no comprobado,
huerta-ecologica-la-soberana-lebrija,Huerta Ecológica La Soberana,Lebrija,Fruta y verdura,Hortalizas y verduras ecológicas certificadas por el CAAE,"Avenida Canga, entre los números 145 y 147, 41740 Lebrija, Sevilla",Huerta de Lebrija que cultiva desde 2006 frutas y hortalizas ecológicas de temporada y realiza reparto semanal.,Consultar web o venta directa,+34624061508,info@huertaecologicalasoberana.es,https://huertaecologicalasoberana.es/,,,https://www.google.com/maps/search/?api=1&query=Huerta%20Ecol%C3%B3gica%20La%20Soberana%2C%20Avenida%20Canga%2C%20145%2C%2041740%20Lebrija%2C%20Sevilla,36.9269677,-6.0685012,,verificado,sí,email|telefono
confiteria-ochoa-sevilla,Confitería Ochoa,Sevilla,Pan y cereal,"Dulces artesanos sevillanos, pastelería fina, tartas, palmeras de chocolate","Calle Sierpes, 45, 41004 Sevilla","Histórica confitería y obrador familiar del centro de Sevilla, conocida por sus elaboraciones tradicionales de pastelería artesana.",Consultar web o venta directa,+34954228223,,https://confiteriaochoa.com,https://www.facebook.com/ConfiteriaOchoa/,https://www.instagram.com/confiteriaochoa/,https://www.google.com/maps/search/?api=1&query=Confiter%C3%ADa%20Ochoa%2C%20Calle%20Sierpes%2C%2045%2C%2041004%20Sevilla,37.3911703,-5.9944780,,verificado,sí,ecommerce
confiteria-los-angeles-sevilla,Confitería Los Ángeles,Sevilla,Pan y cereal,"Dulces tradicionales, lenguas de nata, pasteles de obrador y palmeras","Calle Adriano, 2, 41001 Sevilla",Confiterías fundadas en 1932 con obrador artesanal propio que abastece diariamente a sus tiendas de la capital sevillana.,Consultar web o venta directa,+34954228146,franvega@confiterialosangeles.com,https://confiterialosangeles.com,,https://www.instagram.com/pastelerialosangeles1932/,https://www.google.com/maps/search/?api=1&query=Confiter%C3%ADa%20Los%20%C3%81ngeles%2C%20Calle%20Adriano%2C%202%2C%2041001%20Sevilla,37.3863975,-5.9967570,,verificado,sí,ecommerce
yemas-el-ecijano-ecija,Yemas El Ecijano,Écija,Dulces y repostería,"Yemas de Écija tradicionales, dulces artesanos locales y repostería","Polígono Industrial La Fuensanta, nave 44, 41400 Écija, Sevilla",Obrador familiar de Écija que elabora y envasa las tradicionales Yemas El Ecijano y otros dulces desde mediados del siglo XX.,Consultar web o venta directa,+34955902398,,http://yemaselecijano.es/,,,https://www.google.com/maps/search/?api=1&query=Yemas%20El%20Ecijano%2C%20Pol%C3%ADgono%20Industrial%20La%20Fuensanta%2C%20nave%2044%2C%2041400%20%C3%89cija%2C%20Sevilla,37.531232,-5.0827591,,verificado,no comprobado,
confiteria-la-nevada-carmona,Confitería La Nevada,Carmona,Pan y cereal,"Torta inglesa tradicional de Carmona, pastelería y dulces de temporada","Calle Virgen de los Reyes, 17, 41410 Carmona, Sevilla","Obrador tradicional fundado en 1990 especializado en la torta inglesa, el dulce más típico y emblemático de Carmona, de elaboración artesana.",Consultar web o venta directa,+34954143026,,,,,https://www.google.com/maps/search/?api=1&query=Confiter%C3%ADa%20La%20Nevada%2C%20Calle%20Virgen%20de%20los%20Reyes%2C%2017%2C%2041410%20Carmona%2C%20Sevilla,37.4666145,-5.6461977,,parcial,no comprobado,
la-campina-de-lebrija-sca-lebrija,La Campiña de Lebrija S.C.A.,Lebrija,Fruta y verdura,"Zanahorias, tomates de Lebrija, remolachas y productos agrícolas de la vega","Avenida de las Cabezas, s/n, 41740 Lebrija, Sevilla","Cooperativa de 400 agricultores de Lebrija y su entorno que recoge y comercializa conjuntamente cereales, legumbres, almendras y hortalizas.",Consultar web o venta directa,+34955974244,,https://xn--lacampiadelebrija-lxb.es/,,,https://www.google.com/maps/search/?api=1&query=La%20Campi%C3%B1a%20de%20Lebrija%20S.C.A.%2C%20Avenida%20de%20las%20Cabezas%2C%20s/n%2C%2041740%20Lebrija%2C%20Sevilla,36.9193102,-6.0764057,,verificado,no comprobado,
sca-olivarera-san-isidro-de-gilena-gilena,Cooperativa San Isidro de Gilena,Gilena,Aceite,Aceite de oliva virgen extra de la D.O.P. Estepa,"Carretera Gilena-Pedrera S/N, 41565 Gilena, Sevilla",Cooperativa de Gilena que produce AOVE y aceituna de mesa y comercializa su producción a través de Oleoestepa y Agrosevilla.,Consultar web o venta directa,+34955826564,sanisidrogilena@oleoestepa.com,https://sanisidrogilena.es/,,,https://www.google.com/maps/search/?api=1&query=S.C.A.%20Olivarera%20San%20Isidro%20de%20Gilena%2C%20Carretera%20Gilena-Pedrera%20S/N%2C%2041565%20Gilena%2C%20Sevilla,37.2516267,-4.9154115,,verificado,sí,ecommerce
sca-virgen-de-loreto-umbrete,Cooperativa Virgen de Loreto,Umbrete,Conservas,"Aceitunas de mesa gordal y manzanilla de Sevilla, encurtidos","Carretera SE-629 Umbrete-Benacazón, km 2,7, 41806 Umbrete, Sevilla","Cooperativa de Umbrete dedicada a transformar, seleccionar y comercializar aceitunas de mesa manzanilla y gordal.",Consultar web o venta directa,+34955715528,oficina@virgendeloreto.es,https://virgendeloreto.es/,,,https://www.google.com/maps/search/?api=1&query=S.C.A.%20Virgen%20de%20Loreto%2C%20Carretera%20Umbrete-Benacaz%C3%B3n%2C%20s/n%2C%2041806%20Umbrete%2C%20Sevilla,37.3686650,-6.1573611,,verificado,no,
la-golimbra-cazalla-de-la-sierra,La Golimbra,Cazalla de la Sierra,Miel,"Miel artesana de sierra (romero, milflores) y miel de azahar","Polígono Industrial Los Manantiales II, calle María del Monte, 34-1, 41370 Cazalla de la Sierra, Sevilla",Explotación apícola de Cazalla de la Sierra con colmenas propias que produce miel cruda de sierra y miel de azahar.,Consultar web o venta directa,+34691562383,lagolimbra@gmail.com,,,,https://www.google.com/maps/search/?api=1&query=La%20Golimbra%2C%20Pol%C3%ADgono%20Industrial%20Los%20Manantiales%20II%2C%20calle%20Mar%C3%ADa%20del%20Monte%2C%2034%2C%2041370%20Cazalla%20de%20la%20Sierra%2C%20Sevilla,,,,parcial,no comprobado,
