slug,nombre,municipio,categoria,productos estrella,direccion,descripcion,horario,telefono,correo,web,Facebook,Instagram,Google Maps,lat,lon,imagen,verificacion,Venta online,Canal de venta
hofladen-gaenger-aholfing,Hofladen Gänger,Aholfing,Otros,,"Donaustraße 38, 94345 Aholfing",,Mo-Fr 08:00-18:00; Sa 08:00-13:00,+499429948590,info@spargel-gaenger.de,https://www.spargel-gaenger.de/,,https://www.instagram.com/gaenger_spargel/,,48.921858,12.506053,,pendiente,no comprobado,
friedls-biohof-alling,Friedls Biohof,Alling,Otros,,"Ammerseestraße 9, 82239 Alling",,Th-Sa 09:00-18:00,+498141524899,info@friedls-biohof.de,http://www.friedls-biohof.de/,,,,48.152652,11.257071,,pendiente,no comprobado,
demeter-biohof-walz-amberg,Demeter Biohof Walz,Amberg,Otros,,"In der Schäflohe 4, 92224 Amberg",,Fr 10:00-19:00; Sa 09:00-13:00,+499621470680,info@bio-walz.de,https://www.bio-walz.de/,,,,49.461266,11.809304,,pendiente,no comprobado,
morgentau-spargel-aurachtal,Morgentau Spargel,Aurachtal,Fruta y verdura,,"Königstraße 9, 91086 Aurachtal",,,+499132782610,info@morgentau.de,https://www.morgentau.de/,,,,49.575777,10.825093,,pendiente,no comprobado,
hofladen-familie-huemmer-bad-staffelstein,Hofladen Familie Hümmer,Bad Staffelstein,Pan y cereal,,"Horsdorfer Straße 36, 96231 Bad Staffelstein",,"Tu-Fr 09:00-12:30, 14:00-18:00; Sa 08:00-13:00; Mo,Su,Ph off",+4995735732,hartwighuemmer@t-online.de,,,,,50.098391,11.000820,,pendiente,no comprobado,
unser-bio-ei-baiern,Unser Bio-Ei,Baiern,Huevos,,"Alpenstraße, 85625 Baiern",Self-service eggs and pasta.,"Apr-Sep Mo-Su,PH 07:00-20:00; Oct-Mar Mo-Su,PH 07:00-18:00",+4980931581,,https://www.unser-bio-ei.de,,,,47.951372,11.906210,,pendiente,no comprobado,
gaertnerei-sebastian-niedermaier-bamberg,Gärtnerei Sebastian Niedermaier,Bamberg,Fruta y verdura,,"Mittelstraße 42, 96052 Bamberg",,"Tu,Sa 09:00-13:00; We,Fr 14:00-19:00",+4995112060916,info@sebastian-niedermaier.de,http://www.sebastian-niedermaier.de/,,,,49.899666,10.891982,,pendiente,no comprobado,
penker-obstbrennerei-bayerbach-bei-ergoldsbach,Penker Obstbrennerei,Bayerbach bei Ergoldsbach,Destilados y licores,,"Penk 2a, 84092 Bayerbach bei Ergoldsbach",,,+4987741301,info@penker-obstbrennerei.de,https://www.penker-obstbrennerei.de/,,,,48.720472,12.289107,,pendiente,no comprobado,
wild-berghof-gstettenbauer-bernried,Wild-Berghof Gstettenbauer,Bernried,Carne,,"Buchet 2, 94505 Bernried",Game meat specialties and produce from the district.,,+499905248,wildberghof-buchet@t-online.de,https://wildberghof-shop.de/,,,,48.924174,12.919401,,pendiente,no comprobado,
hofladen-obergrashof-dachau,Hofladen Obergrashof,Dachau,Otros,,"Obergrashof 1, 85221 Dachau",,"Tu,Fr 09:00-19:00; Th 13:00-19:00; Sa 09:00-12:00",+498131539850,hofladen@obergrashof.de,https://obergrashof.de/hofladen,,,,48.255325,11.491219,,pendiente,no comprobado,
zellermuehle-hofladen-deining,Zellermühle Hofladen,Deining,Otros,,"Untere Hauptstraße 7, 92364 Deining",,"Tu,Sa 08:30-12:00, Th,Fr 14:00-18:00; PH off",+499841801384,hofladen@zellermuehle.bayern,https://www.zellermuehle.bayern/bio-hofladen.html,,,,49.223942,11.540707,,pendiente,no comprobado,
florian-schechner-ebersberg,Florian Schechner,Ebersberg,Otros,,"Sigersdorf 1a, 85560 Ebersberg",,Fr 13:00-17:00; Sa 09:00-12:30; PH off,+4980928620775,info@steindlhof.de,https://www.steindlhof.de,,,,48.094262,11.993007,,pendiente,no comprobado,
pfabhof-eching,Pfabhof,Eching,Otros,,"Am Grundfeld 2, 85386 Eching",,Tu 9:00 - 13:30; Th 15:00 - 19:00; Sa 10:00 - 14:00,+49176415229,info@pfabhof.bio,https://pfabhof.bio/,,,,48.319035,11.589272,,pendiente,no comprobado,
verkaufshaus-gut-hollern-eching,Verkaufshaus Gut Hollern,Eching,Otros,,"Gut Hollern 1a, 85386 Eching",,Mo-Su 07:00-20:00,+491704034779,info@hof-guthollern.de,https://www.hof-guthollern.de/,,,,48.290026,11.596839,,pendiente,no comprobado,
biohof-eckert-eckental,Biohof Eckert,Eckental,Miel,,"Färberstraße 3, 90542 Eckental","Cereal, apples, potatoes, vegetables and honey.","We 15:00-19:00, Fr 14:00-19:00, Sa 09:00-13:00",+4991261406,markus.eckert@gmx.de,https://www.biohof-eckert.de/,,,,49.578201,11.258937,,pendiente,no comprobado,
imkerei-feuerstein-elchingen,Imkerei Feuerstein,Elchingen,Miel,,"Lange Straße 1, 89275 Elchingen",,"Mo-Tu 09:00-12:30, Th-Sa 09:00-12:30",+4917620253677,robert.feuerstein@imkerei-feuerstein.de,https://www.imkerei-feuerstein.de/,,,,48.454241,10.102085,,pendiente,no comprobado,
der-dorfladen-erlangen,Der Dorfladen,Erlangen,Lácteos y quesos,,"Hüttendorfer Straße 100, 91056 Erlangen","Village shop with vegetables, fruit, eggs, sausage and cheese, and artisan baking; part of the range is organic and own-grown. Own-harvest asparagus from April to June.","Th 10:00-12:00,16:00-18:00; Fr 10:00-18:00; Sa 09:00-12:00",+49911763651,der.dorfladen@web.de,https://dorfladenebersberger.de/,,,,49.547448,10.961154,,pendiente,no comprobado,
eltersdorfer-hofladen-erlangen,Eltersdorfer Hofladen,Erlangen,Otros,,"Weinstraße 30, 91058 Erlangen","Organic: potatoes and sweet potatoes, pumpkin, zucchini, pick-your-own cut flowers, hay and straw, juices, cheese, roast chicken, soups, seasonal plants, bouquets, cakes, organic wine, beer, gift baskets and firewood.","Th 15:00-18:00, Fr 9:30-18:00, Sa 9:30-13:00",+499131615616,info@hofladen-eltersdorf.de,https://www.hofladen-eltersdorf.de/,,,,49.552614,11.000502,,pendiente,no comprobado,
helms-hofladen-erlangen,Helms Hofladen,Erlangen,Miel,,"Herzogenauracher Straße 20, 91056 Erlangen","Eggs, potatoes, cheese and butter; home-made pasta, sauces, smoked sausage and ham, sausage preserves and pickles, liqueur, spirits, wine, juice, jam, honey and herb oil. Gift baskets to order.","Fr 10:00-13:00, 16:00-18:00; Sa 9:00-12:00",+4991316103868,helms-hofladen@web.de,https://www.nudeln-aus-erlangen.de/,,,,49.568961,10.958322,,pendiente,no comprobado,
hofladen-winkelmann-erlangen,Hofladen Winkelmann,Erlangen,Destilados y licores,,"Häuslinger Straße 1, 91056 Erlangen","Potatoes, fruit spirits, whisky and brandy, several wood-fired sourdough and yeast breads, ancient spelt products and a changing range of baking.","Mo-Sa 09:00-18:00; Fr 11:00-18:30 ""bakery""",+499131990454,info@hofladen-winkelmann.de,https://hofladen-winkelmann.jimdo.com/,,,,49.589179,10.959593,,pendiente,no comprobado,
lern-und-erlebnishof-eichenmueller-erlangen,Lern- und Erlebnishof Eichenmüller,Erlangen,Lácteos y quesos,,"Weinstraße 50, 91058 Erlangen","Raw milk daily from a self-service machine, cheese from its own milk, sausage, butter, jam and apple chips. Beef, veal and chicken from its own rearing, by phone order from March-April to September. Yogurt and iced coffee.","""Herbst/Winter/Frühjahr 07:30-20:00, Sommer 07:30-21:30 auch an Sonn- und Feiertagen""",+499131601233,info@erlebnishof-eichenmueller.de,https://www.erlebnishof-eichenmueller.de/,,,,49.551777,11.008323,,pendiente,no comprobado,
wendlers-hofladen-erlangen,Wendlers Hofladen,Erlangen,Fruta y verdura,,"Sebastianstraße 15, 91058 Erlangen","Direct sales of seasonal fruit and vegetables, asparagus and potatoes from the farm, poultry from its own rearing and eggs from hens in a mobile coop.","Mo,Tu off; We,Th,Fr 10:00-12:30,15:00-18:00; Sa 10:00-13:00",+499131603702,wendler-tennenlohe@t-online.de,https://www.wendlers-hofladen.com/,,,,49.546957,11.031024,,pendiente,no comprobado,
friedelhof-selbstbedienungshofladen-eurasburg,Friedelhof - Selbstbedienungshofladen,Eurasburg,Otros,,"Hergertswiesen 2, 86495 Eurasburg",,Mo-Su 08:00-20:00,+498208240,bestellung@friedelhof.de,http://friedelhof.de,,,,48.330441,11.115736,,pendiente,no comprobado,
hof-pilch-eurasburg,Hof Pilch,Eurasburg,Otros,,"Baierlach 1a, 82547 Eurasburg",,Fr 10:00-15:00; Sa 09:00-12:00,+498179998592,info@pilchmilch.de,https://www.pilchmilch.de/,,,,47.849670,11.411259,,pendiente,no comprobado,
weingut-hoefling-eussenheim,Weingut Höfling,Eußenheim,Vino,,"Kellereigasse 14, 97776 Eußenheim",,"Mo-Fr 09:00-12:00, 13:00-18:00; Sa 09:00-12:00",+4993537632,info@weingut-hoefling.de,https://www.weingut-hoefling.de/,,,,49.989512,9.807249,,pendiente,no comprobado,
irmgaertchen-frasdorf,Irmgärtchen,Frasdorf,Otros,,"Laiming 9, 83112 Frasdorf",,"Tu,Fr 09:00-12:30,15:00-18:00; Sa 09:00-12:30",+498052909428,kontakt@irmgaertchen.de,https://www.irmgaertchen.de/bioladen/,,,,47.806814,12.264776,,pendiente,no comprobado,
biolandhof-braun-freising,Biolandhof Braun,Freising,Otros,,"Dürneck 23, 85354 Freising",Organic dairy.,Mo-Su 17:30-18:30,+49816113249,biolandhof.braun@t-online.de,https://biolandhofbraun.de/,,,,48.368590,11.722998,,pendiente,no comprobado,
bienenhof-engelschall-fuerstenfeldbruck,Bienenhof Engelschall,Fürstenfeldbruck,Miel,,"Brucker Straße 7, 82256 Fürstenfeldbruck",,"Tu,Sa 09:00-13:00",+4981415274622,imkerei.engelschall@googlemail.com,http://www.bienenhof-engelschall.de,,,,48.179532,11.188152,,pendiente,no comprobado,
hofkaeserei-haindl-fuerstenzell,Hofkäserei Haindl,Fürstenzell,Otros,,"Untereichet 2, 94081 Fürstenzell",,Fr 09:00-17:00;Sa 09:00-12:00,+498502922247,info@hofkaeserei-haindl.de,https://www.hofkaeserei-haindl.de,,,,48.539998,13.351889,,pendiente,no comprobado,
laden-gemuenden-am-main,Laden,Gemünden am Main,Otros,,"Hohenroth, 97737 Gemünden am Main",,We-Fr 09:00-17:00; Sa 10:00-17:00; Su 13:00-17:00,+499354909920,dg-hohenroth@sos-kinderdorf.de,https://www.sos-kinderdorf.de/dorfgemeinschaft-hohenroth/angebote/cafe-und-naturkostladen,,,,50.086552,9.662185,,pendiente,no comprobado,
gemuesehof-wetzel-hergatz,Gemüsehof Wetzel,Hergatz,Otros,,"Muthen 1, 88145 Hergatz",,"Tu,Fr 15:30-18:30; PH off",+4983851755,info@biohof-wetzel.de,https://biohof-wetzel.de/,,,,47.648412,9.866709,,pendiente,no comprobado,
eierlaedla-hoechstadt-a-d-aisch,Eierlädla,Höchstadt a.d.Aisch,Miel,,"Bösenbechhofen 1, 91315 Höchstadt a.d.Aisch","Free-range eggs, potatoes and firewood from the farm; pasta, honey and other regional products from nearby suppliers.",24/7,+4991932717,info@forstunternehmen-firnkaes.de,https://forstunternehmen-firnkaes.de/eierlaedla/,,,,49.735288,10.849077,,pendiente,no comprobado,
hofladen-holzhausen-igling,Hofladen Holzhausen,Igling,Otros,,"Magnusstraße 1, 86859 Igling",,Tu-Fr 10:00-18:00; Sa 08:00-12:00,+498241999240,hofladen-holzhausen@regens-wagner.de,https://regens-wagner-holzhausen.de/hp757/Hofladen.htm,,,,48.046972,10.784656,,pendiente,no comprobado,
auenhof-hundszell-ingolstadt,Auenhof Hundszell,Ingolstadt,Huevos,,"Probststraße 7, 85051 Ingolstadt","Organic farm to Bioland standards, centered on eggs and strawberries. Eggs, potatoes and other produce at a self-service stand, and pick-your-own strawberry fields in the town.",We 08:00-13:00; Sa 08:00-19:00; PH off,+498419712636,kontakt@auenhof.bio,https://www.auenhof.bio/,,,,48.727648,11.405382,,pendiente,no comprobado,
wiedenbauer-kuemmersbruck,Wiedenbauer,Kümmersbruck,Miel,,"Penkhofer Weg 35, 92245 Kümmersbruck","Beef, pork and game, sausage and honey.",Fr 11:00-17:00,+4917655202328,wiedenbauer@gmx.de,http://www.der-biometzger.de/,,,,49.412301,11.910135,,pendiente,no comprobado,
die-gruene-ecke-koller-lappersdorf,Die grüne Ecke - Koller,Lappersdorf,Otros,,"Keltenstraße 5, 93138 Lappersdorf",,Fr 13:00-18:00,+499409869698,info@die-gruene-ecke.de,https://www.die-gruene-ecke.de,,,,49.039615,12.080766,,pendiente,no comprobado,
biotop-hofpunkt-lenggries-lenggries,Biotop-Hofpunkt Lenggries,Lenggries,Otros,,"Obergrieser Straße, 83661 Lenggries","More than 400 products from within 100 km, largely organic-certified and with reduced packaging.",Mo-Sa 07:00-21:00,+4915758761947,info@hofpunkt.de,https://hofpunkt.de/,,,,47.694824,11.570153,,pendiente,no comprobado,
spargelhof-stenglein-mainleus,Spargelhof Stenglein,Mainleus,Fruta y verdura,,"Eichberger Straße 6, 95336 Mainleus",Fresh asparagus.,week 18-24 Mo-Fr 08:00-18:00; week 18-24 Sa 08:00-16:00; week 18-24 PH 09:00-14:00 open; week 18-24 Su 09:00-14:00,+4986838948,info@rothwinder-spargel.de,https://www.rothwinder-spargel.de/,,,,50.118530,11.339869,,pendiente,no comprobado,
hofladen-schacherbauerhof-mehring,Hofladen Schacherbauerhof,Mehring,Otros,,"Niederholz 1, 84561 Mehring",,Fr 15:30-18:00,+498677979517,schorsch-st@gmx.de,http://www.schacherbauerhof.de,,,,48.187528,12.809339,,pendiente,no comprobado,
lenzbauer-merching,Lenzbauer,Merching,Otros,,"Münchner Straße 7, 86504 Merching",,"We-Th 09:00-12:00; Fr 09:00-12:00, 14:30-18:00; Sa 09:00-12:00",+4982028350,service@lenzbauer-steinach.de,http://www.lenzbauer-steinach.de/,,,,48.235472,11.016531,,pendiente,no comprobado,
lidls-hof-produkte-gbr-mering,Lidls Hof-Produkte GbR,Mering,Otros,,"Baierberg 15, 86415 Mering",,Mo-Su 06:00-20:00,+4982334524,info@bauernhofeis-lidl.de,https://www.lidls-hofprodukte.de/,,,,48.268600,11.046090,,pendiente,no comprobado,
die-honigsammler-mickhausen,Die Honigsammler,Mickhausen,Miel,,"Alte Wiese 1, 86866 Mickhausen",,Mo-Tu off; Fr 13:00-18:00; Sa 08:00-12:00; Su off,+4982043619908,info@die-honigsammler.de,https://die-honigsammler.de/,,,,48.218370,10.622135,,pendiente,no comprobado,
hofladen-oberlinner-miesbach,Hofladen Oberlinner,Miesbach,Otros,,"Oberlinner 60, 83714 Miesbach",,Mo-Su 06:00-21:00,+498025995754,mail@biohof-oberlinner.de,https://www.biohof-oberlinner.de/hofladen-oberlinner/,,,,47.800765,11.808107,,pendiente,no comprobado,
der-bauernhof-familie-frey-miltenberg,Der Bauernhof Familie Frey,Miltenberg,Huevos,,"Monbrunn 9, 63897 Miltenberg",,We 15:00-18:00; Sa 09:00-12:00; PH off,+49937166368,bio@bauernhof-frey.de,https://www.bauernhof-frey.de,,,,49.678651,9.248770,,pendiente,no comprobado,
steffeshof-oberleichtersbach,Steffeshof,Oberleichtersbach,Otros,,"Kapellenstraße 20, 97789 Oberleichtersbach",,Fr 09:00-18:00,+4997415694,steffeshof@gmx.de,https://www.steffeshof-rhoen.de/angebot,,,,50.267712,9.810387,,pendiente,no comprobado,
biohof-apfelbeck-otzing,Biohof Apfelbeck,Otzing,Otros,,"Kleinweichs 12, 94563 Otzing",,"Mo,Fr 13:00-18:00; Th 09:00-12:00",+4999318658,info@biohof-apfelbeck.de,https://biohof-apfelbeck.de/,,,,48.762400,12.838229,,pendiente,no comprobado,
biohof-pex-otzing,Biohof Pex,Otzing,Otros,,"Kleinweichs 1, 94563 Otzing",,Mo 10:00-19:00; Tu-Sa 08:00-19:00; Su 10:00-14:00,+4999312462,biohof-pex@gmx.de,http://biohof-pex.de/,https://www.facebook.com/Biohof-Pex-107099611934340/,,,48.761996,12.832632,,pendiente,no comprobado,
hofladen-naturlandhof-brandl-pastetten,Hofladen Naturlandhof Brandl,Pastetten,Otros,,"Erdinger Straße 18, 85669 Pastetten",,"We 12:00-18:00; Th 09:00-11:00,19:00-20:30; Fr 08:00-11:00,19:00-20:30; Sa 14:30-16:30; Su,PH off",+498124910268,info@naturlandhofbrandl.de,http://www.naturlandhofbrandl.de/,,,,48.202870,11.962404,,pendiente,no comprobado,
bicklhof-peiting,Bicklhof,Peiting,Otros,,"Hohenbrand 2, 86971 Peiting",,Mo-Sa 08:00-20:00,+4988058733,info@bicklhof.de,https://bicklhof.de/,,,,47.799822,10.967702,,pendiente,no comprobado,
burgharthof-pliening,Burgharthof,Pliening,Otros,,"An der Leiten 24, 85652 Pliening",,Tu 14:00-19:00; Sa 15:30-19:00,+49812181462,hofladen@burgharthof.de,https://burgharthof.de/,,,,48.184013,11.812441,,pendiente,no comprobado,
karg-naturland-poppenhausen,Karg Naturland,Poppenhausen,Otros,,"von-Erthal-Straße 4, 97490 Poppenhausen",,"Tu 09:00-11:00, We,Fr 16:00-18:00; Sa 09:00-13:00",+4917622781726,info@biohof-schweinfurt.de,https://www.biohof-schweinfurt.de,,,,50.082714,10.145113,,pendiente,no comprobado,
der-bunte-bauernladen-ramsthal,Der bunte Bauernladen,Ramsthal,Otros,,"Hauptstraße 11, 97729 Ramsthal",,"Tu 16:00-19:00; Fr 16:00-19:00; Sa 08:00-11:00 || ""nach Vereinbarung""",+4997046983,der-bunte-bauernladen@gmx.de,https://www.regionales-bayern.de/anbieter/der-bunte-bauernladen-11955/,,,,50.139779,10.067730,,pendiente,no comprobado,
buxlhof-rapperszell,Buxlhof,Walting,Otros,,"Jurastraße 8a, 85137 Rapperszell",,24/7,+4984269859855,info@buxlhof.de,https://www.buxlhof.de/,https://www.facebook.com/Buxlhof,,,48.933380,11.284626,,pendiente,no comprobado,
jura-gefluegel-rapperszell,Jura-Geflügel,Walting,Carne,,"Jurastraße 8, 85137 Rapperszell",,Fr 15:00-18:00; Sa 09:00-12:00,+498426988380,info@jura-gefluegel.de,https://jura-gefluegel.de/,,,,48.933328,11.284373,,pendiente,no comprobado,
scheicherhof-rehling,Scheicherhof,Rehling,Destilados y licores,,"Allmering 2, 86508 Rehling","Eggs, ice cream, liqueur, spreads, flour, pasta, spätzle and potatoes.","Mo-Su,PH 07:30-20:00",+4982376051,info@scheicherhof.de,https://www.scheicherhof.de/,,,,48.489241,10.945702,,pendiente,no comprobado,
bio-hofladen-butz-rottenburg-a-d-laaber,Bio-Hofladen Butz,Rottenburg a. d. Laaber,Lácteos y quesos,,"Viehhausen 2, 84056 Rottenburg a. d. Laaber","Cereal, eggs, milk, cheese, potatoes, flour, vegetables, meat and sausage, bread and baking, and a range of organic groceries.","Th,Fr 09:00-18:00; Sa 9:00-12:00",+4987813350,info@biohof-butz.de,https://biohof-butz.de/,,,,48.681413,12.017102,,pendiente,no comprobado,
naturlandhof-derleth-salz,Naturlandhof Derleth,Salz,Otros,,"Hauptstraße 33, 97616 Salz","Sales cabinet with eggs, potatoes and pasta, available 24 hours at the farm gate.","Mo-Th 17:00-19:00; Fr 09:00-19:00; Sa 09:00-13:00; Su,Ph off",+4997714244,michael@derleth-salz.de,https://derleth-salz.de/,,,,50.308995,10.208246,,pendiente,no comprobado,
demeter-hof-winkelmann-schnaittach,Demeter-Hof Winkelmann,Schnaittach,Miel,,"Götzlesberg 6, 91220 Schnaittach",Egg sales point (Die Eier-Box).,24/7,+4991537802,info@hof-winkelmann.de,https://www.hof-winkelmann.de/,,,,49.601691,11.391441,,pendiente,no comprobado,
naturlandhof-peter-schwebheim,Naturlandhof Peter,Schwebheim,Otros,,"Hauptstraße 68, 97525 Schwebheim",,"We 10:00-11:30; Fr 16:00-17:30; Mo,Tu,Th,Sa,Su,PH off",+4997232538,info@naturlandhof-peter.de,https://naturlandhof-peter.de/,,,,49.992738,10.247192,,pendiente,no comprobado,
spargelhof-ludwig-schwebheim,Spargelhof Ludwig,Schwebheim,Té e infusiones,,"Kirchplatz 3, 97525 Schwebheim","Asparagus, strawberries, raspberries, potatoes, rhubarb and herbal tea.","Apr-Aug: Mo-Sa 8:00-19:00; Apr-Aug: Su 8:00-18:00; Sep-Mar: Fr, Sa 8:00-13:00; PH off",+4997232417,minfo@spargelhof-ludwig.de,https://spargelhof-ludwig.de,,,,49.990862,10.248728,,pendiente,no comprobado,
biohof-holzwolf-schweitenkirchen,Biohof Holzwolf,Schweitenkirchen,Otros,,"Hirschhausen 9 1/2, 85301 Schweitenkirchen",,Mo-Su 08:30-20:00,+491717512140,nico.hirsch@me.com,https://www.bio-rinder.de/,,,,48.520956,11.625469,,pendiente,no comprobado,
kronseder-taufkirchen-vils,Kronseder,Taufkirchen (Vils),Miel,,"Wambach 26, 84416 Taufkirchen (Vils)","Farm shop with GMO-free meat and sausage, beef from the district, honey, pasta, flour, free-range eggs and cheese.","Fr 11:00-18:00; Sa 07:30-12:00 || ""nach telefonischer Vereinbarung""",+4980848731,anton.kronseder@freenet.de,https://hofmetzgerei-kronseder.de/,,,,48.388467,12.177063,,pendiente,no comprobado,
hoisseis-hoflanden-teisendorf,Hoißeis Hoflanden,Teisendorf,Miel,,"Egelham 2, 83317 Teisendorf","Farm shop with beef, sausage, cheese, cheese in oil, honey and its own jams, plus a seasonal offer.",Mo-Su 08:00-20:00,+4916097247148,info@hoisseis-biohofladen.de,https://www.hoisseis-biohofladen.de/hofladen/,,,,47.825867,12.849718,,pendiente,no comprobado,
lindauer-biolandhof-trebgast,Lindauer Biolandhof,Trebgast,Carne,,"Lindau 12, 95367 Trebgast","Organic potatoes and eggs from the farm; meat, vegetables and dairy.","Fr 13:00-18:00, Sa 08:00-12:00; PH off",+499203298,lindauer-biohofladen@web.de,http://www.lindauer-biolandhof.de/,,,,50.059115,11.513140,,pendiente,no comprobado,
emlinger-landeier-tuntenhausen,Emlinger Landeier,Tuntenhausen,Miel,,"Emling 1, 83104 Tuntenhausen","Hen and quail eggs, egg pasta, soup hen, cheese, home-made Bavarian sweet mustard, egg liqueur and honey from its own apiary.",Mo-Su 07:30-19:00,+4980671766,info@huehnerhotel-emling.de,https://www.huehnerhotel-emling.de/,,,,47.927203,12.033066,,pendiente,no comprobado,
gaertnerhof-reginswind-uffenheim,Gärtnerhof Reginswind,Uffenheim,Otros,,"Geckenheimer Straße 4, 97215 Uffenheim",,Fr 09:00-14:00,+4998427287,gaertnerhof-reginswind@gmx.de,https://www.reginswind.de,,,,49.548771,10.238276,,pendiente,no comprobado,
biohof-reinhardt-vilshofen-an-der-donau,Biohof Reinhardt,Vilshofen an der Donau,Otros,,"Oberer Galgenberg 4, 94474 Vilshofen an der Donau",,"""nach telefonischer Vereinbarung""",+498541910831,bioreinhardt@yahoo.com,https://www.wolfachtal.com/biohof_reinhardt.html,https://www.facebook.com/BiohofReinhardt,,,48.619371,13.196098,,pendiente,no comprobado,
biohof-rettermayer-vohburg-an-der-donau,Biohof Rettermayer,Vohburg an der Donau,Otros,,"Habichtstraße 40, 85088 Vohburg an der Donau",,"Tu 16:00-18:00; Fr 10:00-12:00,16:00-18:00; Sa 10:00-12:00",+498457930455,biohof-rettermayer@t-online.de,https://www.biohof-rettermayer.de/,,,,48.773532,11.608386,,pendiente,no comprobado,
arche-hof-birk-weitnau,Arche-Hof Birk,Weitnau,Otros,,"Helingerstraße 9, 87480 Weitnau",,Fr 14:30-18:00,+498378932669,archehof@bio-birk.de,https://bio-birk.de,,,,47.662678,10.196790,,pendiente,no comprobado,
schwabs-hofladen-windsbach,Schwabs Hofladen,Windsbach,Otros,,"Suddersdorf 25, 91575 Windsbach",,"Fr 09:00-18:00; Sa 09:00-14:00; ""alternative times only after reservation by phone""; PH off",+499871477,info@demeterhof-schwab.de,https://www.demeterhof-schwab.de/,,,,49.277673,10.861489,,pendiente,no comprobado,
1-zwieseler-dampfbierbrauerei,1. Zwieseler Dampfbierbrauerei,Zwiesel,Cerveza,,,,,+49992284660,,https://www.dampfbier.de,,,https://www.google.com/maps/search/?api=1&query=1.%20Zwieseler%20Dampfbierbrauerei%20Zwiesel,49.0094762,13.2236377,,parcial,no comprobado,
adam-brau,Adam Bräu,Bodenmais,Cerveza,,,,,+49992494000,,https://www.adam-braeu.de,,,https://www.google.com/maps/search/?api=1&query=Adam%20Br%C3%A4u%20Bodenmais,49.0696934,13.1031649,,parcial,no comprobado,
aktienbrauerei-kaufbeuren,Aktienbrauerei Kaufbeuren,Kaufbeuren,Cerveza,,,,,,,http://www.aktien-brauerei.de,,,https://www.google.com/maps/search/?api=1&query=Aktienbrauerei%20Kaufbeuren%20Kaufbeuren,47.8773422,10.6163793,,parcial,no comprobado,
allgauer-brauhaus,Allgäuer Brauhaus,Marktoberdorf,Cerveza,,,,,,,https://www.allgaeuer-brauhaus.de/,,,https://www.google.com/maps/search/?api=1&query=Allg%C3%A4uer%20Brauhaus%20Marktoberdorf,47.7492463,10.5681948,,parcial,no comprobado,
altdorfer-brauverein,Altdorfer Brauverein,Altdorf bei Nürnberg,Cerveza,,,,,,,https://altdorfer-brauverein.de/,,,https://www.google.com/maps/search/?api=1&query=Altdorfer%20Brauverein%20Altdorf%20bei%20N%C3%BCrnberg,49.3858677,11.3580634,,parcial,no comprobado,
altottinger-hell-brau-familienbrauerei,Altöttinger Hell-Bräu Familienbrauerei,Altötting,Cerveza,,,,,,,,,,https://www.google.com/maps/search/?api=1&query=Alt%C3%B6ttinger%20Hell-Br%C3%A4u%20Familienbrauerei%20Alt%C3%B6tting,48.2300459,12.6780068,,parcial,no comprobado,
ambrausianum,Ambräusianum,Bamberg,Cerveza,,,,,+499515090262,,http://www.ambraeusianum.de/,,,https://www.google.com/maps/search/?api=1&query=Ambr%C3%A4usianum%20Bamberg,49.8917724,10.8846347,,parcial,no comprobado,
apostelbrau,Apostelbräu,Hauzenberg,Cerveza,,,,,,,https://www.apostelbraeu.de/,,,https://www.google.com/maps/search/?api=1&query=Apostelbr%C3%A4u%20Hauzenberg,48.6388049,13.6348228,,parcial,no comprobado,
arcobrau-grafliches-brauhaus-gmbh-und-co-kg,Arcobräu Gräfliches Brauhaus GmbH & Co. KG,Moos,Cerveza,,,,,+499938918180,,https://www.arcobraeu.de/,,,https://www.google.com/maps/search/?api=1&query=Arcobr%C3%A4u%20Gr%C3%A4fliches%20Brauhaus%20GmbH%20%26%20Co.%20KG%20Moos,48.7457615,12.9612845,,parcial,no comprobado,
arnsteiner-brauerei-max-bender-gmbh-und-co-kg,Arnsteiner Brauerei Max Bender GmbH & Co. KG,Arnstein,Cerveza,,,,,+49936390910,,https://herzog-von-franken.de/,,,https://www.google.com/maps/search/?api=1&query=Arnsteiner%20Brauerei%20Max%20Bender%20GmbH%20%26%20Co.%20KG%20Arnstein,49.9772016,9.9730027,,parcial,no comprobado,
aubinger-brau,Aubinger Bräu,München,Cerveza,,,,,,,,,,https://www.google.com/maps/search/?api=1&query=Aubinger%20Br%C3%A4u%20M%C3%BCnchen,48.1588627,11.4134333,,parcial,no comprobado,
auerbrau,Auerbräu,Rosenheim,Cerveza,,,,,+49803118050,,http://www.auerbraeu.de,,,https://www.google.com/maps/search/?api=1&query=Auerbr%C3%A4u%20Rosenheim,47.8527714,12.1154562,,parcial,no comprobado,
aufsesser-brauerei,Aufsesser Brauerei,Aufseß,Cerveza,,,,,+4991988282,,https://www.brauereigasthof-rothenbach.de/,,,https://www.google.com/maps/search/?api=1&query=Aufsesser%20Brauerei%20Aufse%C3%9F,49.8835251,11.2283190,,parcial,no comprobado,
baptist-brautigam,Baptist Bräutigam,Eltmann,Cerveza,,,,,,,,,,https://www.google.com/maps/search/?api=1&query=Baptist%20Br%C3%A4utigam%20Eltmann,49.9396031,10.6768516,,parcial,no comprobado,
baren-bier,Bären Bier,Nesselwang,Cerveza,,,,,,,https://www.baerenbier-nesselwang.de/,,,https://www.google.com/maps/search/?api=1&query=B%C3%A4ren%20Bier%20Nesselwang,47.6210686,10.5012274,,parcial,no comprobado,
barenbrau-berching,Bärenbräu,Berching,Cerveza,,,,,,,,,,https://www.google.com/maps/search/?api=1&query=B%C3%A4renbr%C3%A4u%20Berching,49.1067426,11.4396636,,parcial,no comprobado,
barenbrau-pfaffenhofen-an-der-roth,Bärenbräu,Pfaffenhofen an der Roth,Cerveza,,,,,,,,,,https://www.google.com/maps/search/?api=1&query=B%C3%A4renbr%C3%A4u%20Pfaffenhofen%20an%20der%20Roth,,,,parcial,no comprobado,
bavarian-festbeer-brewery,Bavarian Festbeer Brewery,Ebermannstadt,Cerveza,,,,,,,http://www.bavarian-festbeer-brewery.de/,,,https://www.google.com/maps/search/?api=1&query=Bavarian%20Festbeer%20Brewery%20Ebermannstadt,49.7794261,11.1872228,,parcial,no comprobado,
bavarian-gator,Bavarian Gator,Marktredwitz,Cerveza,,,,,+4992317960704,,https://www.bavariangator.de/,,,https://www.google.com/maps/search/?api=1&query=Bavarian%20Gator%20Marktredwitz,,,,parcial,no comprobado,
bayerische-staatsbrauerei-weihenstephan,Bayerische Staatsbrauerei Weihenstephan,Freising,Cerveza,,,,,,,https://www.weihenstephaner.de/unsere-brauerei,,,https://www.google.com/maps/search/?api=1&query=Bayerische%20Staatsbrauerei%20Weihenstephan%20Freising,48.3958521,11.7295752,,parcial,no comprobado,
bayreuther-bierbrauerei-ag-aktien,Bayreuther Bierbrauerei AG (Aktien),Bayreuth,Cerveza,,,,,,,,,,https://www.google.com/maps/search/?api=1&query=Bayreuther%20Bierbrauerei%20AG%20(Aktien)%20Bayreuth,49.9481673,11.5629431,,parcial,no comprobado,
beim-strehern,Beim Strehern,Eslarn,Cerveza,,,,,+4996531355,,http://zoiglstum.de,,,https://www.google.com/maps/search/?api=1&query=Beim%20Strehern%20Eslarn,49.5804108,12.5233513,,parcial,no comprobado,
bele-bierwerkstatt,BELE BIERWERKSTATT,Mainleus,Cerveza,,,,,,,https://www.bele-bierwerkstatt.de/,,,https://www.google.com/maps/search/?api=1&query=BELE%20BIERWERKSTATT%20Mainleus,50.1114563,11.3564125,,parcial,no comprobado,
berabecka-boandl-brau,Berabecka Boandl-Bräu,Aichach,Cerveza,,,,,,,https://www.boandlbraeu.de/,,,https://www.google.com/maps/search/?api=1&query=Berabecka%20Boandl-Br%C3%A4u%20Aichach,48.4706317,11.1269881,,parcial,no comprobado,
bernardibrau,Bernardibräu,Rettenberg,Cerveza,,,,,+4983279326180,,https://www.bernardibraeu.de/,,,https://www.google.com/maps/search/?api=1&query=Bernardibr%C3%A4u%20Rettenberg,47.5742441,10.3106926,,parcial,no comprobado,
bierfabrik-hoehn,bierfabrik hoehn,Herzogenaurach,Cerveza,,,,,,,https://bierfabrikhoehn.de/,,,https://www.google.com/maps/search/?api=1&query=bierfabrik%20hoehn%20Herzogenaurach,49.5701777,10.8781810,,parcial,no comprobado,
brandholz-brauerei,Brandholz Brauerei,Litzendorf,Cerveza,,,,,,,https://www.brandholz-brauerei.de,,,https://www.google.com/maps/search/?api=1&query=Brandholz%20Brauerei%20Litzendorf,49.8996179,11.0316763,,parcial,no comprobado,
brandys-braugarage,Brandy's Braugarage,Wallersdorf,Cerveza,,,,,+4999339527745,,http://www.brandys-braugarage.de,,,https://www.google.com/maps/search/?api=1&query=Brandy's%20Braugarage%20Wallersdorf,48.7405650,12.7471292,,parcial,no comprobado,
brau-im-moos,Bräu im Moos,Tüßling,Cerveza,,,,,,,,,,https://www.google.com/maps/search/?api=1&query=Br%C3%A4u%20im%20Moos%20T%C3%BC%C3%9Fling,48.1872266,12.5949401,,parcial,no comprobado,
brau-zloh,Bräu z'Loh,Dorfen,Cerveza,,,,,+498082442,,https://www.braeuzloh.de/,,,https://www.google.com/maps/search/?api=1&query=Br%C3%A4u%20z'Loh%20Dorfen,48.2654772,12.2176817,,parcial,no comprobado,
brauerei-angermann-rothwind,Brauerei Angermann Rothwind,Mainleus,Cerveza,,,,,,,,,,https://www.google.com/maps/search/?api=1&query=Brauerei%20Angermann%20Rothwind%20Mainleus,50.1187704,11.3399692,,parcial,no comprobado,
brauerei-berghammer,Brauerei Berghammer,Bad Abbach,Cerveza,,,,,+499405962176,,https://brauerei-berghammer.de/,,,https://www.google.com/maps/search/?api=1&query=Brauerei%20Berghammer%20Bad%20Abbach,48.9480652,12.0174315,,parcial,no comprobado,
brauerei-bergmann,Brauerei Bergmann,Glattbach,Cerveza,,,,,,,https://www.biobraumeister.de/,,,https://www.google.com/maps/search/?api=1&query=Brauerei%20Bergmann%20Glattbach,50.0059868,9.1401279,,parcial,no comprobado,
brauerei-bischofshof-e-k,Brauerei Bischofshof e.K.,Regensburg,Cerveza,,,,,+4994120010,,https://www.bischofshof.de/,,,https://www.google.com/maps/search/?api=1&query=Brauerei%20Bischofshof%20e.K.%20Regensburg,49.0145189,12.0743365,,parcial,no comprobado,
brauerei-bruckmuller,Brauerei Bruckmüller,Amberg,Cerveza,,Vilsstraße 4 92224 Amberg,,,+49962148800,,https://www.bruckmueller.de/home/,,,https://www.google.com/maps/search/?api=1&query=Brauerei%20Bruckm%C3%BCller%20Amberg,49.4463818,11.8541155,,parcial,no comprobado,
brauerei-dinkel,Brauerei Dinkel,Bad Staffelstein,Cerveza,,,,,+491703073281,,https://www.brauerei-dinkel.de/brauerei-bad-staffelstein-lichtenfels.html,,,https://www.google.com/maps/search/?api=1&query=Brauerei%20Dinkel%20Bad%20Staffelstein,50.0781338,11.0433206,,parcial,no comprobado,
brauerei-dull-volkach,Brauerei Düll,Volkach,Cerveza,,,,,,,https://krautheimer.com,,,https://www.google.com/maps/search/?api=1&query=Brauerei%20D%C3%BCll%20Volkach,49.8851813,10.2881431,,parcial,no comprobado,
brauerei-falkenstein,Brauerei Falkenstein,Pfronten,Cerveza,,,,,,,https://brauerei-falkenstein.de/,,,https://www.google.com/maps/search/?api=1&query=Brauerei%20Falkenstein%20Pfronten,47.5838334,10.5603162,,parcial,no comprobado,
brauerei-fassla,Brauerei Fässla,Bamberg,Cerveza,,,,,+4995122998,,https://www.faessla.de/faessla-bamberg-gaststaette/,,,https://www.google.com/maps/search/?api=1&query=Brauerei%20F%C3%A4ssla%20Bamberg,49.8971257,10.8927904,,parcial,no comprobado,
brauerei-faust,Brauerei Faust,Miltenberg,Cerveza,,,,,+499371971348,,http://www.brauerei-faust.de,,,https://www.google.com/maps/search/?api=1&query=Brauerei%20Faust%20Miltenberg,49.6991993,9.2490054,,parcial,no comprobado,
brauerei-friedel,Brauerei Friedel,Höchstadt an der Aisch,Cerveza,,Höchstadter Straße 1 91315 Höchstadt an der Aisch,,,,,,,,https://www.google.com/maps/search/?api=1&query=Brauerei%20Friedel%20H%C3%B6chstadt%20an%20der%20Aisch,49.7606537,10.8937629,,parcial,no comprobado,
brauerei-friedmann,Brauerei Friedmann,Gräfenberg,Cerveza,,,,,+499192318,,https://brauerei-friedmann.de/,,,https://www.google.com/maps/search/?api=1&query=Brauerei%20Friedmann%20Gr%C3%A4fenberg,49.6444949,11.2524891,,parcial,no comprobado,
brauerei-friedrich-riemhofer-und-ko-kg,Brauerei Friedrich Riemhofer & Ko. KG,Riedenburg,Cerveza,,,,,+49944291980,,https://www.brauerei-riemhofer.de/,,,https://www.google.com/maps/search/?api=1&query=Brauerei%20Friedrich%20Riemhofer%20%26%20Ko.%20KG%20Riedenburg,48.9668799,11.6791508,,parcial,no comprobado,
brauerei-gasthaus-friedel,Brauerei Gasthaus Friedel,Höchstadt an der Aisch,Cerveza,,,,,+499502209,,,,,https://www.google.com/maps/search/?api=1&query=Brauerei%20Gasthaus%20Friedel%20H%C3%B6chstadt%20an%20der%20Aisch,49.7605871,10.8944449,,parcial,no comprobado,
brauerei-gebr-maisel,Brauerei Gebr. Maisel,Bayreuth,Cerveza,,,,,+499214010,,https://www.maisel.com/,,,https://www.google.com/maps/search/?api=1&query=Brauerei%20Gebr.%20Maisel%20Bayreuth,49.9467873,11.5673225,,parcial,no comprobado,
brauerei-glenk,Brauerei Glenk,Bayreuth,Cerveza,,,,,+49921757190,,http://www.glenk-braeu.de,,,https://www.google.com/maps/search/?api=1&query=Brauerei%20Glenk%20Bayreuth,49.9595702,11.5966728,,parcial,no comprobado,
brauerei-goller,Brauerei Göller,Zeil am Main,Cerveza,,,,,,,https://www.brauerei-goeller.de/,,,https://www.google.com/maps/search/?api=1&query=Brauerei%20G%C3%B6ller%20Zeil%20am%20Main,50.0110035,10.5968751,,parcial,no comprobado,
brauerei-goss,Brauerei Goss,Deuerling,Cerveza,,,,,,,,,,https://www.google.com/maps/search/?api=1&query=Brauerei%20Goss%20Deuerling,49.0350652,11.9081832,,parcial,no comprobado,
brauerei-gradl,Brauerei Gradl,Pegnitz,Cerveza,,Leups 6 91257 Pegnitz,,,,,,,,https://www.google.com/maps/search/?api=1&query=Brauerei%20Gradl%20Pegnitz,49.8125815,11.5254423,,parcial,no comprobado,
brauerei-grasser,Brauerei Grasser,Königsfeld,Cerveza,,,,,+499207270,,https://www.huppendorfer-bier.de/,,,https://www.google.com/maps/search/?api=1&query=Brauerei%20Grasser%20K%C3%B6nigsfeld,49.9323031,11.1499799,,parcial,no comprobado,
brauerei-greif,Brauerei Greif,Forchheim,Cerveza,,,,,,,https://www.brauerei-greif.de,,,https://www.google.com/maps/search/?api=1&query=Brauerei%20Greif%20Forchheim,49.7257186,11.0597845,,parcial,no comprobado,
brauerei-gundel,Brauerei Gundel,Kammerstein,Cerveza,,,,,+4991781504,,https://www.brauerei-gundel.de/,,,https://www.google.com/maps/search/?api=1&query=Brauerei%20Gundel%20Kammerstein,49.2745559,10.9282515,,parcial,no comprobado,
brauerei-gutmann,Brauerei Gutmann,Titting,Cerveza,,,,,+49842399660,,https://www.brauerei-gutmann.de/,,,https://www.google.com/maps/search/?api=1&query=Brauerei%20Gutmann%20Titting,48.9949894,11.2081848,,parcial,no comprobado,
brauerei-hauf-kg,Brauerei Hauf KG,Dinkelsbühl,Cerveza,,,,,+49985157520,,https://www.hauf-bier.de/,,,https://www.google.com/maps/search/?api=1&query=Brauerei%20Hauf%20KG%20Dinkelsb%C3%BChl,49.0675034,10.3442100,,parcial,no comprobado,
brauerei-hebendanz,Brauerei Hebendanz,Forchheim,Cerveza,,,,,,,https://www.brauerei-hebendanz.de,,,https://www.google.com/maps/search/?api=1&query=Brauerei%20Hebendanz%20Forchheim,49.7206642,11.0567390,,parcial,no comprobado,
brauerei-hetzel,Brauerei Hetzel,Bad Staffelstein,Cerveza,,,,,+4995736435,,,,,https://www.google.com/maps/search/?api=1&query=Brauerei%20Hetzel%20Bad%20Staffelstein,50.0709614,11.0614400,,parcial,no comprobado,
brauerei-hofmann,Brauerei Hofmann,Gutenstetten,Cerveza,,,,,+49916399870,,https://hofmannbier.de,,,https://www.google.com/maps/search/?api=1&query=Brauerei%20Hofmann%20Gutenstetten,49.6185391,10.6566396,,parcial,no comprobado,
brauerei-hopfenhacker,Brauerei Hopfenhäcker,München,Cerveza,,Unterhachinger Straße 78 81737 München,,,,,https://hopfenhaecker.de/,,,https://www.google.com/maps/search/?api=1&query=Brauerei%20Hopfenh%C3%A4cker%20M%C3%BCnchen,48.094252,11.6247855,,parcial,no comprobado,
brauerei-hopfenhausla,Brauerei Hopfenhäusla,Münchberg,Cerveza,,,,,+4992514371347,,https://hopfenhaeusla.de/,,,https://www.google.com/maps/search/?api=1&query=Brauerei%20Hopfenh%C3%A4usla%20M%C3%BCnchberg,50.1993617,11.7947687,,parcial,no comprobado,
brauerei-horneck,Brauerei Horneck,Horneck,Cerveza,,,,,+498753503,,https://brauerei-horneck.de/,,,https://www.google.com/maps/search/?api=1&query=Brauerei%20Horneck%20Horneck,48.7011362,11.8521108,,parcial,no comprobado,
brauerei-hosl,Brauerei Hösl,Mitterteich,Cerveza,,,,,+49963392220,,https://www.hoeslbraeu.de/,,,https://www.google.com/maps/search/?api=1&query=Brauerei%20H%C3%B6sl%20Mitterteich,49.9499521,12.2423928,,parcial,no comprobado,
brauerei-hummel,Brauerei Hummel,Memmelsdorf,Cerveza,,,,,+4995421247,,http://www.brauerei-hummel.de,,,https://www.google.com/maps/search/?api=1&query=Brauerei%20Hummel%20Memmelsdorf,49.9595448,10.9583168,,parcial,no comprobado,
brauerei-hutten,Brauerei Hütten,Warmensteinach,Cerveza,,,,,+499277312,,https://www.brauerei-huetten.de/,,,https://www.google.com/maps/search/?api=1&query=Brauerei%20H%C3%BCtten%20Warmensteinach,50.0055792,11.8122677,,parcial,no comprobado,
brauerei-junkersdorf,Brauerei Junkersdorf,Königsberg in Bayern,Cerveza,,,,,,,,,,https://www.google.com/maps/search/?api=1&query=Brauerei%20Junkersdorf%20K%C3%B6nigsberg%20in%20Bayern,50.1021309,10.5406822,,parcial,no comprobado,
brauerei-karl-dull,Brauerei Karl Düll,Marktbreit,Cerveza,,Pfarrer-Geyer-Straße 1 97340 Marktbreit,,,,,,,,https://www.google.com/maps/search/?api=1&query=Brauerei%20Karl%20D%C3%BCll%20Marktbreit,49.6376263,10.1212077,,parcial,no comprobado,
brauerei-klett-otto-kienberger,Brauerei Klett Otto Kienberger,Konzell,Cerveza,,,,,,,,,,https://www.google.com/maps/search/?api=1&query=Brauerei%20Klett%20Otto%20Kienberger%20Konzell,49.0722614,12.7131092,,parcial,no comprobado,
brauerei-knoblach,Brauerei Knoblach,Litzendorf,Cerveza,,,,,+499505267,,,,,https://www.google.com/maps/search/?api=1&query=Brauerei%20Knoblach%20Litzendorf,49.9261731,11.0061595,,parcial,no comprobado,
brauerei-kronburg,Brauerei Kronburg,Kronburg,Cerveza,,,,,,,https://www.brauerei-kronburg.de/brauerei/,,,https://www.google.com/maps/search/?api=1&query=Brauerei%20Kronburg%20Kronburg,47.9042699,10.1572937,,parcial,no comprobado,
brauerei-kuhbach,Brauerei Kühbach,Kühbach,Cerveza,,,,,+49825189660,,https://www.brauereikuehbach.de/,,,https://www.google.com/maps/search/?api=1&query=Brauerei%20K%C3%BChbach%20K%C3%BChbach,48.4922266,11.1824258,,parcial,no comprobado,
brauerei-kundmuller,Brauerei Kundmüller,Viereth-Trunstadt,Cerveza,,,,,,,,,,https://www.google.com/maps/search/?api=1&query=Brauerei%20Kundm%C3%BCller%20Viereth-Trunstadt,49.9129169,10.7496388,,parcial,no comprobado,
brauerei-kurzdorfer,Brauerei Kürzdörfer,Creußen,Cerveza,,Brauhausgasse 3 95473 Creußen,,,+4916091978835,,https://www.brauerei-kuerzdoerfer.de,,,https://www.google.com/maps/search/?api=1&query=Brauerei%20K%C3%BCrzd%C3%B6rfer%20Creu%C3%9Fen,49.8302789,11.534282,,parcial,no comprobado,
brauerei-landwehr-brau,Brauerei Landwehr-Bräu,Steinsfeld,Cerveza,,,,,,,https://www.landwehr-braeu.de/,,,https://www.google.com/maps/search/?api=1&query=Brauerei%20Landwehr-Br%C3%A4u%20Steinsfeld,49.4397196,10.2131003,,parcial,no comprobado,
brauerei-lang,Brauerei Lang,Saal an der Saale,Cerveza,,Charlotte-von-Kalb-Straße 13 97633 Saal an der Saale,,,,,,,,https://www.google.com/maps/search/?api=1&query=Brauerei%20Lang%20Saal%20an%20der%20Saale,50.3373587,10.3870774,,parcial,no comprobado,
brauerei-lang-brau,Brauerei Lang-Bräu,Wunsiedel,Cerveza,,,,,+4992322197,,https://www.lang-braeu.de/,,,https://www.google.com/maps/search/?api=1&query=Brauerei%20Lang-Br%C3%A4u%20Wunsiedel,50.0268575,11.9697942,,parcial,no comprobado,
brauerei-lieberth,Brauerei Lieberth,Hallerndorf,Cerveza,,,,,+4995458558,,,,,https://www.google.com/maps/search/?api=1&query=Brauerei%20Lieberth%20Hallerndorf,49.7591183,10.9820915,,parcial,no comprobado,
brauerei-loscher-gmbh-und-co-kg,Brauerei Loscher GmbH & Co. KG,Münchsteinach,Cerveza,,,,,+499166607,,https://www.brauerei-loscher.de/,,,https://www.google.com/maps/search/?api=1&query=Brauerei%20Loscher%20GmbH%20%26%20Co.%20KG%20M%C3%BCnchsteinach,49.6412317,10.5919754,,parcial,no comprobado,
brauerei-maisach,Brauerei Maisach,Maisach,Cerveza,,,,,+498141395570,,https://www.brauerei-maisach.de/,,,https://www.google.com/maps/search/?api=1&query=Brauerei%20Maisach%20Maisach,48.2168738,11.2630983,,parcial,no comprobado,
brauerei-mauerbrecher,Brauerei Mauerbrecher,Lonnerstadt,Cerveza,,,,,+4917641661726,,https://www.brauerei-mauerbrecher.de,,,https://www.google.com/maps/search/?api=1&query=Brauerei%20Mauerbrecher%20Lonnerstadt,49.6991384,10.7659395,,parcial,no comprobado,
brauerei-meyringer-moosham,Brauerei Meyringer Moosham,Mintraching,Cerveza,,,,,+4994061047,,http://www.brauerei-meyringer.de/,,,https://www.google.com/maps/search/?api=1&query=Brauerei%20Meyringer%20Moosham%20Mintraching,48.9280048,12.2676423,,parcial,no comprobado,
brauerei-mittenwald,Brauerei Mittenwald,Mittenwald,Cerveza,,,,,+4988231007,,https://www.brauerei-mittenwald.de/,,,https://www.google.com/maps/search/?api=1&query=Brauerei%20Mittenwald%20Mittenwald,47.4364860,11.2605402,,parcial,no comprobado,
brauerei-molter,Brauerei Molter,Irchenrieth,Cerveza,,,,,+499659666,,https://brauereimolter.de,,,https://www.google.com/maps/search/?api=1&query=Brauerei%20Molter%20Irchenrieth,49.6237129,12.2249090,,parcial,no comprobado,
brauerei-murmann,Brauerei Murmann,Untersiemau,Cerveza,,,,,+499565811,,http://www.brauerei-murmann.de/,,,https://www.google.com/maps/search/?api=1&query=Brauerei%20Murmann%20Untersiemau,50.1945130,10.9732147,,parcial,no comprobado,
brauerei-neder,Brauerei Neder,Forchheim,Cerveza,,,,,,,https://neder-brauerei.de/,,,https://www.google.com/maps/search/?api=1&query=Brauerei%20Neder%20Forchheim,49.7207203,11.0570299,,parcial,no comprobado,
brauerei-nothaft,Brauerei Nothaft,Marktredwitz,Cerveza,,,,,+49923164520,,https://www.brauerei-nothhaft.de/,,,https://www.google.com/maps/search/?api=1&query=Brauerei%20Nothaft%20Marktredwitz,49.9992422,12.0864476,,parcial,no comprobado,
brauerei-ott,Brauerei Ott,Heiligenstadt in Oberfranken,Cerveza,,Oberleinleiter 6 91332 Heiligenstadt in Oberfranken,,,+499198997649,,https://www.brauerei-ott.de/,,,https://www.google.com/maps/search/?api=1&query=Brauerei%20Ott%20Heiligenstadt%20in%20Oberfranken,49.8826925,11.129456,,parcial,no comprobado,
brauerei-penning-zeissler,Brauerei Penning-Zeißler,Pretzfeld,Cerveza,,,,,+499194252,,,,,https://www.google.com/maps/search/?api=1&query=Brauerei%20Penning-Zei%C3%9Fler%20Pretzfeld,49.7280004,11.2027431,,parcial,no comprobado,
brauerei-plank,Brauerei Plank,Laaber,Cerveza,,,,,+4994988707,,https://www.brauerei-plank.de,,,https://www.google.com/maps/search/?api=1&query=Brauerei%20Plank%20Laaber,49.0652085,11.8861112,,parcial,no comprobado,
brauerei-puls-brau-ohg,Brauerei Püls-Bräu OHG,Weismain,Cerveza,,,,,,,,,,https://www.google.com/maps/search/?api=1&query=Brauerei%20P%C3%BCls-Br%C3%A4u%20OHG%20Weismain,50.0894206,11.2377730,,parcial,no comprobado,
brauerei-rapp,Brauerei Rapp,Kutzenhausen,Cerveza,,,,,+4982383090,,https://brauerei-rapp.de,,,https://www.google.com/maps/search/?api=1&query=Brauerei%20Rapp%20Kutzenhausen,48.3419134,10.6984063,,parcial,no comprobado,
brauerei-reh,Brauerei Reh,Litzendorf,Cerveza,,,,,+499505210,,https://reh-bier.de/,,,https://www.google.com/maps/search/?api=1&query=Brauerei%20Reh%20Litzendorf,49.9161533,11.0505349,,parcial,no comprobado,
brauerei-reitinger,Brauerei Reitinger,Oberroth,Cerveza,,,,,,,,,,https://www.google.com/maps/search/?api=1&query=Brauerei%20Reitinger%20Oberroth,48.1737291,10.1912154,,parcial,no comprobado,
brauerei-reuter,Brauerei Reuter,Rügland,Cerveza,,,,,,,http://www.bibert.de/gewerbe/brauerei/index.html,,,https://www.google.com/maps/search/?api=1&query=Brauerei%20Reuter%20R%C3%BCgland,49.4216973,10.5894175,,parcial,no comprobado,
brauerei-riegele,Brauerei Riegele,Augsburg,Cerveza,,,,,,,,,,https://www.google.com/maps/search/?api=1&query=Brauerei%20Riegele%20Augsburg,48.3677358,10.8849135,,parcial,no comprobado,
brauerei-rittmayer,Brauerei Rittmayer,Hallerndorf,Cerveza,,,,,+49954550292,,https://www.rittmayer.de/,,,https://www.google.com/maps/search/?api=1&query=Brauerei%20Rittmayer%20Hallerndorf,49.7597451,10.9827535,,parcial,no comprobado,
brauerei-rohrl-gmbh,Brauerei Röhrl GmbH,Straubing,Cerveza,,,,,+49942199370,,https://www.labertaler.de/unternehmen/brauerei-roehrl/,,,https://www.google.com/maps/search/?api=1&query=Brauerei%20R%C3%B6hrl%20GmbH%20Straubing,48.8814991,12.5786108,,parcial,no comprobado,
brauerei-roppelt,Brauerei Roppelt,Oberaurach,Cerveza,,,,,,,http://www.brauereiroppelt.de/brauerei.html,,,https://www.google.com/maps/search/?api=1&query=Brauerei%20Roppelt%20Oberaurach,49.9247076,10.6644879,,parcial,no comprobado,
brauerei-rothmoos,Brauerei Rothmoos,Halfing,Cerveza,,,,,,,http://www.rothmooser.de/,,,https://www.google.com/maps/search/?api=1&query=Brauerei%20Rothmoos%20Halfing,47.9541184,12.2357888,,parcial,no comprobado,
brauerei-schimpfle,Brauerei Schimpfle,Gessertshausen,Cerveza,,,,,,,https://www.brauerei-schimpfle.de/,,,https://www.google.com/maps/search/?api=1&query=Brauerei%20Schimpfle%20Gessertshausen,48.3305617,10.7335848,,parcial,no comprobado,
brauerei-schleicher,Brauerei Schleicher,Itzgrund,Cerveza,,,,,+499533229,,https://brauerei-schleicher.de/,,,https://www.google.com/maps/search/?api=1&query=Brauerei%20Schleicher%20Itzgrund,50.1244350,10.8785715,,parcial,no comprobado,
brauerei-schmidmayer,Brauerei Schmidmayer,Siegenburg,Cerveza,,,,,,,https://www.schmidmayer.de/,,,https://www.google.com/maps/search/?api=1&query=Brauerei%20Schmidmayer%20Siegenburg,48.7537480,11.8492472,,parcial,no comprobado,
brauerei-schroll,Brauerei Schroll,Waischenfeld,Cerveza,,,,,,,,,,https://www.google.com/maps/search/?api=1&query=Brauerei%20Schroll%20Waischenfeld,49.8648484,11.3377486,,parcial,no comprobado,
brauerei-schubel,Brauerei Schübel,Stadtsteinach,Cerveza,,,,,,,https://www.schuebel-braeu.de/,,,https://www.google.com/maps/search/?api=1&query=Brauerei%20Sch%C3%BCbel%20Stadtsteinach,50.1603399,11.5044525,,parcial,no comprobado,
brauerei-simon,Brauerei Simon,Lauf an der Pegnitz,Cerveza,,,,,+4991232323,,https://www.brauerei-simon.de/,,,https://www.google.com/maps/search/?api=1&query=Brauerei%20Simon%20Lauf%20an%20der%20Pegnitz,49.5153116,11.2797442,,parcial,no comprobado,
brauerei-spezial,Brauerei Spezial,Bamberg,Cerveza,,,,,,,http://www.brauerei-spezial.de,,,https://www.google.com/maps/search/?api=1&query=Brauerei%20Spezial%20Bamberg,49.8968938,10.8928348,,parcial,no comprobado,
brauerei-stadter-brauhaus,Brauerei Stadter (Brauhaus),Aufseß,Cerveza,,,,,,,,,,https://www.google.com/maps/search/?api=1&query=Brauerei%20Stadter%20(Brauhaus)%20Aufse%C3%9F,49.9148691,11.2347557,,parcial,no comprobado,
brauerei-stallbauer,Brauerei Stallbauer,Engelsberg,Cerveza,,,,,,,https://www.brauerei-stallbauer.de/,,,https://www.google.com/maps/search/?api=1&query=Brauerei%20Stallbauer%20Engelsberg,48.1058552,12.5659490,,parcial,no comprobado,
brauerei-stierberg,Brauerei Stierberg,Obertaufkirchen,Cerveza,,,,,+4980821851,,http://www.brauerei-stierberg.de/,,,https://www.google.com/maps/search/?api=1&query=Brauerei%20Stierberg%20Obertaufkirchen,48.2432376,12.2830670,,parcial,no comprobado,
brauerei-stockel,Brauerei Stöckel,Ahorntal,Cerveza,,,,,,,https://stoeckel-braeu.de/,,,https://www.google.com/maps/search/?api=1&query=Brauerei%20St%C3%B6ckel%20Ahorntal,49.8507584,11.4538747,,parcial,no comprobado,
brauerei-streck,Brauerei Streck,Ostheim vor der Rhön,Cerveza,,,,,,,,,,https://www.google.com/maps/search/?api=1&query=Brauerei%20Streck%20Ostheim%20vor%20der%20Rh%C3%B6n,50.4543392,10.2274818,,parcial,no comprobado,
brauerei-thein,Brauerei Thein,Eltmann,Cerveza,,Steinhauserstraße 28 97483 Eltmann,,,,,,,,https://www.google.com/maps/search/?api=1&query=Brauerei%20Thein%20Eltmann,49.9298764,10.6943012,,parcial,no comprobado,
brauerei-thorbrau-augsburg,Brauerei Thorbräu Augsburg,Augsburg,Cerveza,,,,,+4982136561,,https://thorbraeu.de/,,,https://www.google.com/maps/search/?api=1&query=Brauerei%20Thorbr%C3%A4u%20Augsburg%20Augsburg,48.3761055,10.8889246,,parcial,no comprobado,
brauerei-trunk,Brauerei Trunk,Bad Staffelstein,Cerveza,,,,,+4995713488,,https://brauerei-trunk.de,,,https://www.google.com/maps/search/?api=1&query=Brauerei%20Trunk%20Bad%20Staffelstein,50.1148115,11.0556388,,parcial,no comprobado,
brauerei-ubelhack,Brauerei Übelhack,Hummeltal,Cerveza,,Weiglathal 1 95503 Hummeltal,,,,,,,,https://www.google.com/maps/search/?api=1&query=Brauerei%20%C3%9Cbelhack%20Hummeltal,49.8447972,11.5101298,,parcial,no comprobado,
brauerei-ustersbach,Brauerei Ustersbach,Ustersbach,Cerveza,,,,,,,,,,https://www.google.com/maps/search/?api=1&query=Brauerei%20Ustersbach%20Ustersbach,48.3150228,10.6411350,,parcial,no comprobado,
brauerei-wimmer,Brauerei Wimmer,Bruckberg,Cerveza,,,,,,,,,,https://www.google.com/maps/search/?api=1&query=Brauerei%20Wimmer%20Bruckberg,48.5229443,11.9933928,,parcial,no comprobado,
brauerei-windsheimer,Brauerei Windsheimer,Gutenstetten,Cerveza,,,,,+4991612293,,http://brauerei-windsheimer.de,,,https://www.google.com/maps/search/?api=1&query=Brauerei%20Windsheimer%20Gutenstetten,49.6158262,10.6300858,,parcial,no comprobado,
brauerei-wingershof,Brauerei Wingershof,Amberg,Cerveza,,,,,,,,,,https://www.google.com/maps/search/?api=1&query=Brauerei%20Wingershof%20Amberg,49.4389159,11.8581960,,parcial,no comprobado,
brauerei-witzgall,Brauerei Witzgall,Hallerndorf,Cerveza,,,,,+4995457452,,,,,https://www.google.com/maps/search/?api=1&query=Brauerei%20Witzgall%20Hallerndorf,49.7691436,11.0053842,,parcial,no comprobado,
brauerei-wolfshohe,Brauerei Wolfshöhe,Neunkirchen am Sand,Cerveza,,Wolfshöhe 3 91233 Neunkirchen am Sand,,,,,,,,https://www.google.com/maps/search/?api=1&query=Brauerei%20Wolfsh%C3%B6he%20Neunkirchen%20am%20Sand,49.5446866,11.3258876,,parcial,no comprobado,
brauerei-wurm,Brauerei Wurm,Pappenheim,Cerveza,,,,,,,,,,https://www.google.com/maps/search/?api=1&query=Brauerei%20Wurm%20Pappenheim,48.9282419,11.0355020,,parcial,no comprobado,
brauerei-wurth,Brauerei Würth,Windischeschenbach,Cerveza,,,,,,,http://www.brauerei-wuerth.de/,,,https://www.google.com/maps/search/?api=1&query=Brauerei%20W%C3%BCrth%20Windischeschenbach,49.7981310,12.1598484,,parcial,no comprobado,
brauerei-zirndorf,Brauerei Zirndorf,Zirndorf,Cerveza,,,,,,,https://zirndorfer.de,,,https://www.google.com/maps/search/?api=1&query=Brauerei%20Zirndorf%20Zirndorf,49.4428627,10.9549907,,parcial,no comprobado,
brauerei-zum-kuchlbauer,Brauerei zum Kuchlbauer,Abensberg,Cerveza,,,,,+49944391010,,https://kuchlbauer.de/,,,https://www.google.com/maps/search/?api=1&query=Brauerei%20zum%20Kuchlbauer%20Abensberg,48.8169063,11.8428576,,parcial,no comprobado,
brauerei-zum-schiff,Brauerei zum Schiff,Schwabach,Cerveza,,,,,,,,,,https://www.google.com/maps/search/?api=1&query=Brauerei%20zum%20Schiff%20Schwabach,49.3297509,11.0225856,,parcial,no comprobado,
brauerei-zum-silbersteg,Brauerei zum Silbersteg,Fürstenfeldbruck,Cerveza,,,,,+49814121821,,https://schmidtke-design.wixsite.com/zum-silbersteg,,,https://www.google.com/maps/search/?api=1&query=Brauerei%20zum%20Silbersteg%20F%C3%BCrstenfeldbruck,48.1764356,11.2524193,,parcial,no comprobado,
brauerei-zum-wohlherrn,Brauerei Zum Wohlherrn,Pfaffenhofen an der Ilm,Cerveza,,,,,,,,,,https://www.google.com/maps/search/?api=1&query=Brauerei%20Zum%20Wohlherrn%20Pfaffenhofen%20an%20der%20Ilm,48.5294484,11.5080601,,parcial,no comprobado,
brauerei-gasthof-griess,Brauerei-Gasthof Griess,Strullendorf,Cerveza,,,,,+4995051624,,https://www.brauerei-griess.de/,,,https://www.google.com/maps/search/?api=1&query=Brauerei-Gasthof%20Griess%20Strullendorf,49.8805330,11.0115594,,parcial,no comprobado,
brauereigasthof-herrmann,Brauereigasthof Herrmann,Burgebrach,Cerveza,,,,,+499546372,,,,,https://www.google.com/maps/search/?api=1&query=Brauereigasthof%20Herrmann%20Burgebrach,49.8456032,10.7309615,,parcial,no comprobado,
brauereigasthof-sperber-brau,Brauereigasthof Sperber-Bräu,Sulzbach-Rosenberg,Cerveza,,,,,+49966187090,,https://www.sperber-braeu.de/,,,https://www.google.com/maps/search/?api=1&query=Brauereigasthof%20Sperber-Br%C3%A4u%20Sulzbach-Rosenberg,49.5042767,11.7410085,,parcial,no comprobado,
brauereigasthof-wiethaler,Brauereigasthof Wiethaler,Lauf an der Pegnitz,Cerveza,,,,,+4991265460,,http://brauerei-wiethaler.de/,,,https://www.google.com/maps/search/?api=1&query=Brauereigasthof%20Wiethaler%20Lauf%20an%20der%20Pegnitz,49.5546813,11.2300533,,parcial,no comprobado,
brauhaus-dobler,Brauhaus Döbler,Bad Windsheim,Cerveza,,,,,,,https://www.brauhaus-doebler.de,,,https://www.google.com/maps/search/?api=1&query=Brauhaus%20D%C3%B6bler%20Bad%20Windsheim,49.5019264,10.4160814,,parcial,no comprobado,
brauhaus-germering,Brauhaus Germering,Germering,Cerveza,,,,,+498920921348,,https://brauhaus-germering.eu/,,,https://www.google.com/maps/search/?api=1&query=Brauhaus%20Germering%20Germering,48.1373037,11.3580707,,parcial,no comprobado,
brauhaus-heckel-brau,Brauhaus Heckel Bräu,Waischenfeld,Cerveza,,,,,,,,,,https://www.google.com/maps/search/?api=1&query=Brauhaus%20Heckel%20Br%C3%A4u%20Waischenfeld,49.8454771,11.3490308,,parcial,no comprobado,
brauhaus-roth,Brauhaus Roth,Schweinfurt,Cerveza,,,,,,,,,,https://www.google.com/maps/search/?api=1&query=Brauhaus%20Roth%20Schweinfurt,50.0478657,10.2337192,,parcial,no comprobado,
brauhaus-wiesen,Brauhaus Wiesen,Wiesen,Cerveza,,,,,+496096373,,https://www.brauhaus-wiesen.de/,,,https://www.google.com/maps/search/?api=1&query=Brauhaus%20Wiesen%20Wiesen,50.1132661,9.3629068,,parcial,no comprobado,
brauhof-rattelsdorf,Brauhof Rattelsdorf,Rattelsdorf,Cerveza,,,,,,,,,,https://www.google.com/maps/search/?api=1&query=Brauhof%20Rattelsdorf%20Rattelsdorf,50.0142250,10.8845248,,parcial,no comprobado,
braumadl,Braumadl,Lauingen (Donau),Cerveza,,,,,,,https://braumadl.com/oeffnungzeiten/,,,https://www.google.com/maps/search/?api=1&query=Braumadl%20Lauingen%20(Donau),48.5700489,10.4299449,,parcial,no comprobado,
braumanufaktur-hertl,Braumanufaktur Hertl,Schlüsselfeld,Cerveza,,,,,,,https://www.braumanufaktur-hertl.de/,,,https://www.google.com/maps/search/?api=1&query=Braumanufaktur%20Hertl%20Schl%C3%BCsselfeld,49.7509070,10.6286950,,parcial,no comprobado,
braumanufaktur-lindner,Braumanufaktur Lindner,Affing,Cerveza,,,,,,,https://braumanufaktur-lindner.de/,,,https://www.google.com/maps/search/?api=1&query=Braumanufaktur%20Lindner%20Affing,48.4628990,10.9626983,,parcial,no comprobado,
braumanufaktur-lippert,Braumanufaktur Lippert,Lichtenfels,Cerveza,,,,,,,https://braumanufaktur-lippert.de,,,https://www.google.com/maps/search/?api=1&query=Braumanufaktur%20Lippert%20Lichtenfels,50.1390786,11.0517655,,parcial,no comprobado,
braustall,Braustall,Deuerling,Cerveza,,,,,,,http://www.braustall.de/,,,https://www.google.com/maps/search/?api=1&query=Braustall%20Deuerling,49.0371090,11.9049512,,parcial,no comprobado,
braustuberl-zur-kanone,Bräustüberl zur Kanone,Schnaittach,Cerveza,,,,,,,,,,https://www.google.com/maps/search/?api=1&query=Br%C3%A4ust%C3%BCberl%20zur%20Kanone%20Schnaittach,49.5600367,11.3407031,,parcial,no comprobado,
brauverein-hofheimer-land,Brauverein Hofheimer Land,Hofheim in Unterfranken,Cerveza,,,,,+499523502265,,http://www.brauverein-hofheimer-land.de,,,https://www.google.com/maps/search/?api=1&query=Brauverein%20Hofheimer%20Land%20Hofheim%20in%20Unterfranken,50.1094295,10.5121039,,parcial,no comprobado,
brauverein-schwabach-e-v,Brauverein Schwabach e.V.,Schwabach,Cerveza,,,,,,,https://www.brauverein-schwabach.de,,,https://www.google.com/maps/search/?api=1&query=Brauverein%20Schwabach%20e.V.%20Schwabach,49.3321223,11.0236898,,parcial,no comprobado,
brobier,BroBier,Reckendorf,Cerveza,,,,,,,https://brobier-brewing.com/,,,https://www.google.com/maps/search/?api=1&query=BroBier%20Reckendorf,50.0157871,10.8346324,,parcial,no comprobado,
burgerbrau-hersbruck,Bürgerbräu Hersbruck,Hersbruck,Cerveza,,,,,,,https://www.buergerbraeu-hersbruck.de/,,,https://www.google.com/maps/search/?api=1&query=B%C3%BCrgerbr%C3%A4u%20Hersbruck%20Hersbruck,49.5069614,11.4276871,,parcial,no comprobado,
burgersolarbrauhaus-unterelldorf,Bürgersolarbrauhaus Unterelldorf,Seßlach,Cerveza,,,,,,,,,,https://www.google.com/maps/search/?api=1&query=B%C3%BCrgersolarbrauhaus%20Unterelldorf%20Se%C3%9Flach,50.1887860,10.7964438,,parcial,no comprobado,
c-wittmann,C. Wittmann,Landshut,Cerveza,,,,,,,,,,https://www.google.com/maps/search/?api=1&query=C.%20Wittmann%20Landshut,48.5254808,12.1406554,,parcial,no comprobado,
camba-bavaria,Camba Bavaria,Seeon,Cerveza,,,,,+4986244073300,,https://camba-bavaria.de,,,https://www.google.com/maps/search/?api=1&query=Camba%20Bavaria%20Seeon,47.9794100,12.4663110,,parcial,no comprobado,
de-bassus-schlossbrauerei-zu-sandersdorf,de Bassus Schlossbrauerei zu Sandersdorf,Altmannstein,Cerveza,,,,,+499446902930,,https://schlossbrauereisandersdorf.de/,,,https://www.google.com/maps/search/?api=1&query=de%20Bassus%20Schlossbrauerei%20zu%20Sandersdorf%20Altmannstein,48.9035087,11.6063612,,parcial,no comprobado,
deggendorfer-brauhaus,Deggendorfer Brauhaus,Deggendorf,Cerveza,,,,,+4999134472728,,https://deggendorferbrauhaus.de/,,,https://www.google.com/maps/search/?api=1&query=Deggendorfer%20Brauhaus%20Deggendorf,48.8337163,12.9685007,,parcial,no comprobado,
dietl-brau,Dietl-Bräu,Weyarn,Cerveza,,,,,+498020282,,,,,https://www.google.com/maps/search/?api=1&query=Dietl-Br%C3%A4u%20Weyarn,47.8558418,11.8330387,,parcial,no comprobado,
dietz,Dietz,Dietenhofen,Cerveza,,,,,,,,,,https://www.google.com/maps/search/?api=1&query=Dietz%20Dietenhofen,,,,parcial,no comprobado,
dobmann,Dobmann,Kirchenthumbach,Cerveza,,,,,,,,,,https://www.google.com/maps/search/?api=1&query=Dobmann%20Kirchenthumbach,49.7482797,11.7277564,,parcial,no comprobado,
dorfbrauhaus-schonau-a-d-brend,Dorfbrauhaus Schönau a. d. Brend,Schönau an der Brend,Cerveza,,,,,,,,,,https://www.google.com/maps/search/?api=1&query=Dorfbrauhaus%20Sch%C3%B6nau%20a.%20d.%20Brend%20Sch%C3%B6nau%20an%20der%20Brend,50.3797087,10.1031377,,parcial,no comprobado,
dorn-brau,Dorn Bräu,Ammerndorf,Cerveza,,,,,,,https://ammerndorfer-bier.de/,,,https://www.google.com/maps/search/?api=1&query=Dorn%20Br%C3%A4u%20Ammerndorf,49.4206145,10.8523026,,parcial,no comprobado,
dorn-brau-inh-karl-dorn-e-k,Dorn-Bräu Inh. Karl Dorn e.K.,Bruckberg,Cerveza,,,,,+499824326,,https://www.dorn-braeu.de,,,https://www.google.com/maps/search/?api=1&query=Dorn-Br%C3%A4u%20Inh.%20Karl%20Dorn%20e.K.%20Bruckberg,49.3586894,10.6965288,,parcial,no comprobado,
drachselsrieder-schlossbrau,Drachselsrieder Schlossbräu,Drachselsried,Cerveza,,,,,+49994594070,,https://www.schlossbraeu.de/,,,https://www.google.com/maps/search/?api=1&query=Drachselsrieder%20Schlossbr%C3%A4u%20Drachselsried,49.1059635,13.0134210,,parcial,no comprobado,
dreykorn,Dreykorn,Lauf an der Pegnitz,Cerveza,,,,,+4991232424,,,,,https://www.google.com/maps/search/?api=1&query=Dreykorn%20Lauf%20an%20der%20Pegnitz,49.5120244,11.2797163,,parcial,no comprobado,
ebensfelder-brauhaus,Ebensfelder Brauhaus,Ebensfeld,Cerveza,,,,,+499573885,,http://www.ebensfelder-brauhaus.de/,,,https://www.google.com/maps/search/?api=1&query=Ebensfelder%20Brauhaus%20Ebensfeld,50.0663339,10.9592940,,parcial,no comprobado,
eder-und-heylands-brauerei,Eder & Heylands Brauerei,Großostheim,Cerveza,,,,,,,https://www.eders.de/start/,,,https://www.google.com/maps/search/?api=1&query=Eder%20%26%20Heylands%20Brauerei%20Gro%C3%9Fostheim,49.9230737,9.0757271,,parcial,no comprobado,
engelbrau,Engelbräu,Rettenberg,Cerveza,,,,,+49837793000,,https://www.engelbraeu.de,,,https://www.google.com/maps/search/?api=1&query=Engelbr%C3%A4u%20Rettenberg,47.5736830,10.2903110,,parcial,no comprobado,
enzensteiner,Enzensteiner,Schnaittach,Cerveza,,,,,+4991534637,,http://www.enzensteiner.de,,,https://www.google.com/maps/search/?api=1&query=Enzensteiner%20Schnaittach,49.5624837,11.3680339,,parcial,no comprobado,
erl,Erl,Geiselhöring,Cerveza,,,,,,,,,,https://www.google.com/maps/search/?api=1&query=Erl%20Geiselh%C3%B6ring,48.8270994,12.3957025,,parcial,no comprobado,
familienbrauerei-jacob-ohg,Familienbrauerei Jacob oHG,Bodenwöhr,Cerveza,,,,,,,,,,https://www.google.com/maps/search/?api=1&query=Familienbrauerei%20Jacob%20oHG%20Bodenw%C3%B6hr,49.2711630,12.3050786,,parcial,no comprobado,
felsen-brau,Felsen Bräu,Bergen,Cerveza,,Felsenweg 2 91790 Bergen,,,,,https://solarbier-felsenbraeu.de/startseite,,,https://www.google.com/maps/search/?api=1&query=Felsen%20Br%C3%A4u%20Bergen,49.0694781,11.1508018,,parcial,no comprobado,
flotzinger-brau-rosenheim,Flötzinger Bräu Rosenheim,Rosenheim,Cerveza,,,,,+49803136630,,http://www.floetzinger.de/,,,https://www.google.com/maps/search/?api=1&query=Fl%C3%B6tzinger%20Br%C3%A4u%20Rosenheim%20Rosenheim,47.8557658,12.1215006,,parcial,no comprobado,
franken-brau,Franken Bräu,Mitwitz,Cerveza,,,,,,,https://www.frankenbraeu.de/,,,https://www.google.com/maps/search/?api=1&query=Franken%20Br%C3%A4u%20Mitwitz,50.2614529,11.2138871,,parcial,no comprobado,
freibier-cc,Freibier.cc,Regensburg,Cerveza,,,,,,,https://www.freibier.cc,,,https://www.google.com/maps/search/?api=1&query=Freibier.cc%20Regensburg,49.0192327,12.1209916,,parcial,no comprobado,
frischeisen,Frischeisen,Kelheim,Cerveza,,,,,+49944150490,,https://brauerei-frischeisen.de/,,,https://www.google.com/maps/search/?api=1&query=Frischeisen%20Kelheim,48.9060984,11.8969168,,parcial,no comprobado,
furst-wallerstein-brauhaus,Fürst Wallerstein Brauhaus,Wallerstein,Cerveza,,,,,,,https://fuerstwallerstein-brauhaus.de/,,,https://www.google.com/maps/search/?api=1&query=F%C3%BCrst%20Wallerstein%20Brauhaus%20Wallerstein,48.8884207,10.4747453,,parcial,no comprobado,
gampertbrau,Gampertbräu,Weißenbrunn,Cerveza,,,,,+49926160330,,https://www.gampertbraeu.de/,,,https://www.google.com/maps/search/?api=1&query=Gampertbr%C3%A4u%20Wei%C3%9Fenbrunn,50.1994896,11.3466736,,parcial,no comprobado,
gans-brauerei,GANS Brauerei,Neumarkt in der Oberpfalz,Cerveza,,,,,+499181905885,,https://gansbrauerei.de/,,,https://www.google.com/maps/search/?api=1&query=GANS%20Brauerei%20Neumarkt%20in%20der%20Oberpfalz,49.2772387,11.4595064,,parcial,no comprobado,
ganstaller-brau,Gänstaller Bräu,Hallerndorf,Cerveza,,,,,,,,,,https://www.google.com/maps/search/?api=1&query=G%C3%A4nstaller%20Br%C3%A4u%20Hallerndorf,49.7696835,10.9486185,,parcial,no comprobado,
gasthaus-roppelt,Gasthaus Roppelt,Hallerndorf,Cerveza,,,,,+4991957263,,http://brauerei-roppelt.de/gastwirtschaft,,,https://www.google.com/maps/search/?api=1&query=Gasthaus%20Roppelt%20Hallerndorf,49.7554924,10.9471568,,parcial,no comprobado,
gemeinschaftsbrauerei-rossfeld-e-v,Gemeinschaftsbrauerei Roßfeld e.V.,Bad Rodach,Cerveza,,,,,+4995644625,,,,,https://www.google.com/maps/search/?api=1&query=Gemeinschaftsbrauerei%20Ro%C3%9Ffeld%20e.V.%20Bad%20Rodach,50.3484160,10.7453402,,parcial,no comprobado,
gesellschaftsbrauerei-viechtach,Gesellschaftsbrauerei Viechtach,Kollnburg,Cerveza,,,,,,,,,,https://www.google.com/maps/search/?api=1&query=Gesellschaftsbrauerei%20Viechtach%20Kollnburg,49.0377832,12.8810693,,parcial,no comprobado,
giesinger-biermanufaktur-und-spezialitatenbraugesellschaft-mbh,Giesinger Biermanufaktur und Spezialitätenbraugesellschaft mbH,München,Cerveza,,Detmoldstraße 40 80935 München,,,,,https://www.giesinger-braeu.de,,,https://www.google.com/maps/search/?api=1&query=Giesinger%20Biermanufaktur%20und%20Spezialit%C3%A4tenbraugesellschaft%20mbH%20M%C3%BCnchen,48.192028,11.5566193,,parcial,no comprobado,
glentleitner-brauerei,Glentleitner Brauerei,Schlehdorf,Cerveza,,,,,,,,,,https://www.google.com/maps/search/?api=1&query=Glentleitner%20Brauerei%20Schlehdorf,47.6644905,11.2852700,,parcial,no comprobado,
glossnerbrau,Glossnerbräu,Neumarkt in der Oberpfalz,Cerveza,,,,,+49918123440,,https://glossner.de/,,,https://www.google.com/maps/search/?api=1&query=Glossnerbr%C3%A4u%20Neumarkt%20in%20der%20Oberpfalz,49.2783485,11.4617487,,parcial,no comprobado,
goikelbrau,Goikelbräu,Lohr am Main,Cerveza,,,,,+4993599097840,,https://www.goikelbraeu.de/,,,https://www.google.com/maps/search/?api=1&query=Goikelbr%C3%A4u%20Lohr%20am%20Main,50.0121345,9.6559940,,parcial,no comprobado,
gottsmannsgruner-brauerei,Gottsmannsgrüner Brauerei,Berg,Cerveza,,,,,+4992939330112,,https://www.gottsmannsgruener.de,,,https://www.google.com/maps/search/?api=1&query=Gottsmannsgr%C3%BCner%20Brauerei%20Berg,50.3853259,11.8006152,,parcial,no comprobado,
grafliches-hofbrauhaus-freising,Gräfliches Hofbrauhaus Freising,Freising,Cerveza,,,,,,,https://hofbrauhaus-freising.de/,,,https://www.google.com/maps/search/?api=1&query=Gr%C3%A4fliches%20Hofbrauhaus%20Freising%20Freising,48.4064547,11.7470053,,parcial,no comprobado,
haderner-brau,Haderner Bräu,München,Cerveza,,Großhaderner Straße 56a 81375 München,,,,,https://www.haderner.de,,,https://www.google.com/maps/search/?api=1&query=Haderner%20Br%C3%A4u%20M%C3%BCnchen,48.1226131,11.4827755,,parcial,no comprobado,
hausbrauerei-schober,Hausbrauerei Schober,Zirndorf,Cerveza,,,,,,,,,,https://www.google.com/maps/search/?api=1&query=Hausbrauerei%20Schober%20Zirndorf,49.4447227,10.9610692,,parcial,no comprobado,
heberbrau,Heberbräu,Kirchenthumbach,Cerveza,,,,,,,http://www.heberbraeu.de/,,,https://www.google.com/maps/search/?api=1&query=Heberbr%C3%A4u%20Kirchenthumbach,49.7458458,11.7237044,,parcial,no comprobado,
held-brau,Held Bräu,Waischenfeld,Cerveza,,,,,+499242295,,http://www.held-braeu.de/,,,https://www.google.com/maps/search/?api=1&query=Held%20Br%C3%A4u%20Waischenfeld,,,,parcial,no comprobado,
herzoglich-bayerisches-brauhaus-tegernsee,Herzoglich Bayerisches Brauhaus Tegernsee,Tegernsee,Cerveza,,,,,,,,,,https://www.google.com/maps/search/?api=1&query=Herzoglich%20Bayerisches%20Brauhaus%20Tegernsee%20Tegernsee,47.7082429,11.7564275,,parcial,no comprobado,
hinterhofbrau,Hinterhofbräu,Aichach,Cerveza,,,,,+4982518876585,,,,,https://www.google.com/maps/search/?api=1&query=Hinterhofbr%C3%A4u%20Aichach,48.4623848,11.1344525,,parcial,no comprobado,
hofbrau,Hofbräu,Abensberg,Cerveza,,,,,+499443905666,,,,,https://www.google.com/maps/search/?api=1&query=Hofbr%C3%A4u%20Abensberg,48.8170849,11.8515769,,parcial,no comprobado,
hofbrauhaus-berchtesgaden,Hofbrauhaus Berchtesgaden,Berchtesgaden,Cerveza,,,,,,,,,,https://www.google.com/maps/search/?api=1&query=Hofbrauhaus%20Berchtesgaden%20Berchtesgaden,47.6347122,13.0073165,,parcial,no comprobado,
hofbrauhaus-traunstein,Hofbräuhaus Traunstein,Traunstein,Cerveza,,,,,+49861988660,,https://www.hb-ts.de/,,,https://www.google.com/maps/search/?api=1&query=Hofbr%C3%A4uhaus%20Traunstein%20Traunstein,47.8687141,12.6506958,,parcial,no comprobado,
hofmark-brauerei,Hofmark Brauerei,Traitsching,Cerveza,,,,,,,https://hofmark.com/,,,https://www.google.com/maps/search/?api=1&query=Hofmark%20Brauerei%20Traitsching,49.1669654,12.6395361,,parcial,no comprobado,
hohe-wart-brau,Hohe-Wart-Bräu,Mespelbrunn,Cerveza,,,,,,,https://www.hohewart-haus.de/kaffee-brauerei/,,,https://www.google.com/maps/search/?api=1&query=Hohe-Wart-Br%C3%A4u%20Mespelbrunn,,,,parcial,no comprobado,
hohenthanner-schlossbrauerei,Hohenthanner Schloßbrauerei,Hohenthann,Cerveza,,,,,+49878496020,,https://www.hohenthanner.de/,,,https://www.google.com/maps/search/?api=1&query=Hohenthanner%20Schlo%C3%9Fbrauerei%20Hohenthann,48.6582349,12.0921643,,parcial,no comprobado,
honicka-brau,Hönicka-Bräu,Wunsiedel,Cerveza,,,,,+4992322044,,https://www.hoenicka.de/,,,https://www.google.com/maps/search/?api=1&query=H%C3%B6nicka-Br%C3%A4u%20Wunsiedel,,,,parcial,no comprobado,
hopfengarten-bamberg,Hopfengarten Bamberg,Bamberg,Cerveza,,,,,+4995115031940,,https://hopfengarten-bamberg.de,,,https://www.google.com/maps/search/?api=1&query=Hopfengarten%20Bamberg%20Bamberg,,,,parcial,no comprobado,
hopfenkopf,Hopfenkopf,Feichten an der Alz,Cerveza,,Schregl 1 84550 Feichten an der Alz,,,,,https://www.hopfenkopf.de/,,,https://www.google.com/maps/search/?api=1&query=Hopfenkopf%20Feichten%20an%20der%20Alz,48.1105951,12.5997941,,parcial,no comprobado,
hopfenrebell,hopfenrebell,Bad Staffelstein,Cerveza,,,,,+4995733108675,,https://www.hopfenrebell.de/,,,https://www.google.com/maps/search/?api=1&query=hopfenrebell%20Bad%20Staffelstein,50.0935856,10.9932130,,parcial,no comprobado,
hoppebrau,Hoppebräu,Waakirchen,Cerveza,,,,,+4980215077143,,https://www.hoppebraeu.de,,,https://www.google.com/maps/search/?api=1&query=Hoppebr%C3%A4u%20Waakirchen,,,,parcial,no comprobado,
hotel-gasthof-weissbrau,Hotel Gasthof Weißbräu,Freilassing,Cerveza,,,,,+4986549725,,http://weissbraeu-freilassing.de/,,,https://www.google.com/maps/search/?api=1&query=Hotel%20Gasthof%20Wei%C3%9Fbr%C3%A4u%20Freilassing,47.8422093,12.9809963,,parcial,no comprobado,
inselbrau,Inselbräu,Chiemsee,Cerveza,,,,,+498054902088,,https://www.inselbraeu-frauenchiemsee.de,,,https://www.google.com/maps/search/?api=1&query=Inselbr%C3%A4u%20Chiemsee,,,,parcial,no comprobado,
inselbrauerei,Inselbrauerei,Weißensberg,Cerveza,,,,,,,http://www.inselbrauerei.com,,,https://www.google.com/maps/search/?api=1&query=Inselbrauerei%20Wei%C3%9Fensberg,,,,parcial,no comprobado,
joferbrau-hofbraustubn,Joferbräu Hofbräustub´n,Aiglsbach,Cerveza,,,,,+4987538126,,https://www.joferbraeu-hofbraeustueberl.de,,,https://www.google.com/maps/search/?api=1&query=Joferbr%C3%A4u%20Hofbr%C3%A4ustub%C2%B4n%20Aiglsbach,,,,parcial,no comprobado,
juliusbrau,Juliusbräu,Neuburg an der Donau,Cerveza,,,,,+4984312069,,https://juliusbraeu.com,,,https://www.google.com/maps/search/?api=1&query=Juliusbr%C3%A4u%20Neuburg%20an%20der%20Donau,48.7269554,11.1814559,,parcial,no comprobado,
kaiserdom-specialitaten-brauerei,Kaiserdom Specialitäten Brauerei,Bamberg,Cerveza,,,,,+4995160450,,,,,https://www.google.com/maps/search/?api=1&query=Kaiserdom%20Specialit%C3%A4ten%20Brauerei%20Bamberg,49.9042153,10.8518115,,parcial,no comprobado,
kamper-brau,Kämper Bräu,Wang,Cerveza,,,,,,,http://kaemper-braeu.de/,,,https://www.google.com/maps/search/?api=1&query=K%C3%A4mper%20Br%C3%A4u%20Wang,48.4977620,11.9581730,,parcial,no comprobado,
karmeliten-brauerei-karl-sturm-gmbh-und-co-kg,Karmeliten Brauerei Karl Sturm GmbH & Co. KG,Straubing,Cerveza,,,,,+49942178190,,https://www.karmeliten-brauerei.de/,,,https://www.google.com/maps/search/?api=1&query=Karmeliten%20Brauerei%20Karl%20Sturm%20GmbH%20%26%20Co.%20KG%20Straubing,48.8882259,12.6217456,,parcial,no comprobado,
karwendelbrau,Karwendelbräu,Mittenwald,Cerveza,,,,,,,,,,https://www.google.com/maps/search/?api=1&query=Karwendelbr%C3%A4u%20Mittenwald,47.4302670,11.2955727,,parcial,no comprobado,
keesmann-brau,Keesmann Bräu,Bamberg,Cerveza,,,,,+49951981980,,,,,https://www.google.com/maps/search/?api=1&query=Keesmann%20Br%C3%A4u%20Bamberg,,,,parcial,no comprobado,
kellerbrau-dorfen,Kellerbräu Dorfen,Dorfen,Cerveza,,,,,,,https://www.kellerbraeu-bier.de/die-brauerei/,,,https://www.google.com/maps/search/?api=1&query=Kellerbr%C3%A4u%20Dorfen%20Dorfen,48.2758157,12.1518359,,parcial,no comprobado,
kini-brauerei,Kini Brauerei,Gersthofen,Cerveza,,,,,,,,,,https://www.google.com/maps/search/?api=1&query=Kini%20Brauerei%20Gersthofen,48.4190669,10.8649435,,parcial,no comprobado,
kleines-brauhaus-am-hotel-und-landgasthof-sonnenhof,Kleines Brauhaus am Hotel und Landgasthof Sonnenhof,Pleinfeld,Cerveza,,,,,,,,,,https://www.google.com/maps/search/?api=1&query=Kleines%20Brauhaus%20am%20Hotel%20und%20Landgasthof%20Sonnenhof%20Pleinfeld,,,,parcial,no comprobado,
kloster-brauerei-scheyern,Kloster Brauerei Scheyern,Scheyern,Cerveza,,,,,,,,,,https://www.google.com/maps/search/?api=1&query=Kloster%20Brauerei%20Scheyern%20Scheyern,48.5012039,11.4515090,,parcial,no comprobado,
klosterbrauerei,Klosterbrauerei,Gemünden am Main,Cerveza,,,,,,,,,,https://www.google.com/maps/search/?api=1&query=Klosterbrauerei%20Gem%C3%BCnden%20am%20Main,50.0770180,9.7209627,,parcial,no comprobado,
klosterbrauerei-andechs,Klosterbrauerei Andechs,Andechs,Cerveza,,,,,,,,,,https://www.google.com/maps/search/?api=1&query=Klosterbrauerei%20Andechs%20Andechs,47.9763046,11.1849069,,parcial,no comprobado,
klosterbrauerei-baumburg,Klosterbrauerei Baumburg,Altenmarkt an der Alz,Cerveza,,,,,+49862198260,,https://www.baumburger.de/,,,https://www.google.com/maps/search/?api=1&query=Klosterbrauerei%20Baumburg%20Altenmarkt%20an%20der%20Alz,47.9989175,12.5315893,,parcial,no comprobado,
klosterbrauerei-furth,Klosterbrauerei Furth,Furth,Cerveza,,,,,,,https://www.klosterbrauerei-furth.de,,,https://www.google.com/maps/search/?api=1&query=Klosterbrauerei%20Furth%20Furth,48.5913054,12.0280209,,parcial,no comprobado,
klosterbrauerei-weissenohe,Klosterbrauerei Weißenohe,Weißenohe,Cerveza,,,,,+499192591,,https://klosterbrauerei-weissenohe.de,,,https://www.google.com/maps/search/?api=1&query=Klosterbrauerei%20Wei%C3%9Fenohe%20Wei%C3%9Fenohe,49.6295993,11.2527349,,parcial,no comprobado,
klosterbrauerei-weltenburg,Klosterbrauerei Weltenburg,Kelheim,Cerveza,,,,,+4994412040,,https://www.weltenburger.de/,,,https://www.google.com/maps/search/?api=1&query=Klosterbrauerei%20Weltenburg%20Kelheim,48.8985701,11.8194812,,parcial,no comprobado,
knochelsmuhle,Knöchelsmühle,Schaafheim,Cerveza,,,,,,,,,,https://www.google.com/maps/search/?api=1&query=Kn%C3%B6chelsm%C3%BChle%20Schaafheim,,,,parcial,no comprobado,
kobi-konigsbrunner-biermanufaktur,köbi – Königsbrunner Biermanufaktur,Königsbrunn,Cerveza,,,,,,,https://koebi.bayern/,,,https://www.google.com/maps/search/?api=1&query=k%C3%B6bi%20%E2%80%93%20K%C3%B6nigsbrunner%20Biermanufaktur%20K%C3%B6nigsbrunn,48.2423679,10.8768909,,parcial,no comprobado,
kohlmann,Kohlmann,Unterleinleiter,Cerveza,,,,,,,,,,https://www.google.com/maps/search/?api=1&query=Kohlmann%20Unterleinleiter,,,,parcial,no comprobado,
kommunbrau,Kommunbräu,Kulmbach,Cerveza,,,,,,,,,,https://www.google.com/maps/search/?api=1&query=Kommunbr%C3%A4u%20Kulmbach,50.1106868,11.4653732,,parcial,no comprobado,
kommunbrau-sesslach,Kommunbräu Seßlach,Seßlach,Cerveza,,,,,+499569452,,https://www.sesslach.de/index.php/sehenswertes-besonderes/kommunbrauhaus-sesslach,,,https://www.google.com/maps/search/?api=1&query=Kommunbr%C3%A4u%20Se%C3%9Flach%20Se%C3%9Flach,,,,parcial,no comprobado,
kommunbrauhaus,Kommunbrauhaus,Mitterteich,Cerveza,,,,,,,,,,https://www.google.com/maps/search/?api=1&query=Kommunbrauhaus%20Mitterteich,49.9499016,12.2408583,,parcial,no comprobado,
kommunbrauhaus-rossach,Kommunbrauhaus Rossach,Großheirath,Cerveza,,,,,+4995651689,,,,,https://www.google.com/maps/search/?api=1&query=Kommunbrauhaus%20Rossach%20Gro%C3%9Fheirath,,,,parcial,no comprobado,
konig-ludwig-schlossbrauerei-kaltenberg,König Ludwig Schlossbrauerei Kaltenberg,Geltendorf,Cerveza,,,,,,,,,,https://www.google.com/maps/search/?api=1&query=K%C3%B6nig%20Ludwig%20Schlossbrauerei%20Kaltenberg%20Geltendorf,48.1320235,10.9941661,,parcial,no comprobado,
kossel-brau,Kössel Bräu,Eisenberg,Cerveza,,,,,,,https://www.koessel-braeu.de/brauerei.htm,,,https://www.google.com/maps/search/?api=1&query=K%C3%B6ssel%20Br%C3%A4u%20Eisenberg,47.6104045,10.6129985,,parcial,no comprobado,
kreuzberger-klosterbrauerei,Kreuzberger Klosterbrauerei,Sandberg,Cerveza,,,,,,,,,,https://www.google.com/maps/search/?api=1&query=Kreuzberger%20Klosterbrauerei%20Sandberg,,,,parcial,no comprobado,
krug-brau,Krug-Bräu,Plankenfels,Cerveza,,,,,,,https://krug-braeu.de/,,,https://www.google.com/maps/search/?api=1&query=Krug-Br%C3%A4u%20Plankenfels,,,,parcial,no comprobado,
lahma-brau,Lahma Bräu,Langenzenn,Cerveza,,,,,,,https://www.xn--lahmabru-6za.de/,,,https://www.google.com/maps/search/?api=1&query=Lahma%20Br%C3%A4u%20Langenzenn,49.4948335,10.7931895,,parcial,no comprobado,
lammsbrau,Lammsbräu,Neumarkt in der Oberpfalz,Cerveza,,,,,+4991814040,,https://www.lammsbraeu.de/,,,https://www.google.com/maps/search/?api=1&query=Lammsbr%C3%A4u%20Neumarkt%20in%20der%20Oberpfalz,49.2842366,11.4615926,,parcial,no comprobado,
lampl-brau,Lampl-Bräu,Wolnzach,Cerveza,,,,,,,,,,https://www.google.com/maps/search/?api=1&query=Lampl-Br%C3%A4u%20Wolnzach,48.5900460,11.6753945,,parcial,no comprobado,
landgasthof-rockermeier,Landgasthof Rockermeier,Geisenfeld,Cerveza,,,,,+498452608,,https://www.landgasthof-rockermeier.de/,,,https://www.google.com/maps/search/?api=1&query=Landgasthof%20Rockermeier%20Geisenfeld,48.6747156,11.6794596,,parcial,no comprobado,
landshuter-brauhaus,Landshuter Brauhaus,Landshut,Cerveza,,,,,,,https://www.landshuter-brauhaus.de/,,,https://www.google.com/maps/search/?api=1&query=Landshuter%20Brauhaus%20Landshut,48.5383791,12.1676002,,parcial,no comprobado,
lang-brau,Lang Bräu,Freyung,Cerveza,,,,,,,http://www.lang-braeu-freyung.de/,,,https://www.google.com/maps/search/?api=1&query=Lang%20Br%C3%A4u%20Freyung,48.8086655,13.5484475,,parcial,no comprobado,
leikeim,Leikeim,Altenkunstadt,Cerveza,,,,,,,https://www.leikeim.de/,,,https://www.google.com/maps/search/?api=1&query=Leikeim%20Altenkunstadt,50.1245203,11.2380122,,parcial,no comprobado,
leinburger-bier,Leinburger Bier,Leinburg,Cerveza,,,,,,,https://www.leinburger-bier.de/,,,https://www.google.com/maps/search/?api=1&query=Leinburger%20Bier%20Leinburg,49.4500816,11.3091176,,parcial,no comprobado,
lindenbrau,Lindenbräu,Weißenohe,Cerveza,,,,,,,https://lindenbraeu.de/,,,https://www.google.com/maps/search/?api=1&query=Lindenbr%C3%A4u%20Wei%C3%9Fenohe,,,,parcial,no comprobado,
lowen-brau-buttenheim,Löwen Bräu Buttenheim,Buttenheim,Cerveza,,,,,,,,,,https://www.google.com/maps/search/?api=1&query=L%C3%B6wen%20Br%C3%A4u%20Buttenheim%20Buttenheim,49.8011958,11.0311431,,parcial,no comprobado,
lowenbrauerei,Löwenbrauerei,Passau,Cerveza,,,,,,,,,,https://www.google.com/maps/search/?api=1&query=L%C3%B6wenbrauerei%20Passau,48.5706827,13.4542227,,parcial,no comprobado,
maierbier,Maierbier,Nördlingen,Cerveza,,,,,+4990816041246,,http://www.maierbier.com/,,,https://www.google.com/maps/search/?api=1&query=Maierbier%20N%C3%B6rdlingen,48.8623786,10.5073634,,parcial,no comprobado,
maierbrau,Maierbräu,Altomünster,Cerveza,,,,,,,https://maierbraeu.de/,,,https://www.google.com/maps/search/?api=1&query=Maierbr%C3%A4u%20Altom%C3%BCnster,48.3872727,11.2556447,,parcial,no comprobado,
maischerei-mayr-und-muller,Maischerei Mayr & Müller,Würzburg,Cerveza,,,,,,,https://www.maischerei-mayr-mueller.de/,,,https://www.google.com/maps/search/?api=1&query=Maischerei%20Mayr%20%26%20M%C3%BCller%20W%C3%BCrzburg,49.8096097,9.9898072,,parcial,no comprobado,
malzschmied,Malzschmied,Wallenfels,Cerveza,,,,,+491606454632,,https://www.frankenwald-tourismus.de/detail/remoteid=5f69fbd1d964743691c9925b,,,https://www.google.com/maps/search/?api=1&query=Malzschmied%20Wallenfels,50.2663726,11.4750633,,parcial,no comprobado,
meckatzer-lowenbrau,Meckatzer Löwenbräu,Heimenkirch,Cerveza,,,,,,,https://www.meckatzer.de/,,,https://www.google.com/maps/search/?api=1&query=Meckatzer%20L%C3%B6wenbr%C3%A4u%20Heimenkirch,47.6316721,9.8896199,,parcial,no comprobado,
meinel-brau,Meinel Bräu,Hof,Cerveza,,,,,,,,,,https://www.google.com/maps/search/?api=1&query=Meinel%20Br%C3%A4u%20Hof,50.3262828,11.9171319,,parcial,no comprobado,
meister,Meister,Pretzfeld,Cerveza,,,,,,,https://www.xn--meisterbru-y5a.de/mod/Oeffnungszeiten.php,,,https://www.google.com/maps/search/?api=1&query=Meister%20Pretzfeld,49.7376770,11.2232051,,parcial,no comprobado,
metabrewsociety,MetaBrewSociety,Naila,Cerveza,,,,,,,https://www.metabrewsociety.com/,,,https://www.google.com/maps/search/?api=1&query=MetaBrewSociety%20Naila,50.3276372,11.7115964,,parcial,no comprobado,
metzgerbrau,Metzgerbräu,Bad Staffelstein,Cerveza,,,,,+4995736304,,https://www.metzgerbraeu.com/,,,https://www.google.com/maps/search/?api=1&query=Metzgerbr%C3%A4u%20Bad%20Staffelstein,50.0859618,11.0682973,,parcial,no comprobado,
meusel-brau,Meusel Bräu,Buttenheim,Cerveza,,,,,+4995457424,,,,,https://www.google.com/maps/search/?api=1&query=Meusel%20Br%C3%A4u%20Buttenheim,49.8080859,11.0589945,,parcial,no comprobado,
mullerbrau-pfaffenhofen-an-der-ilm,Müllerbräu,Pfaffenhofen an der Ilm,Cerveza,,,,,,,,,,https://www.google.com/maps/search/?api=1&query=M%C3%BCllerbr%C3%A4u%20Pfaffenhofen%20an%20der%20Ilm,48.5307448,11.5048865,,parcial,no comprobado,
mullerbrau-neuotting,Müllerbräu,Neuötting,Cerveza,,,,,,,,,,https://www.google.com/maps/search/?api=1&query=M%C3%BCllerbr%C3%A4u%20Neu%C3%B6tting,48.2398059,12.6918321,,parcial,no comprobado,
museumsbrauerei,Museumsbrauerei,Goldkronach,Cerveza,,,,,,,,,,https://www.google.com/maps/search/?api=1&query=Museumsbrauerei%20Goldkronach,50.0099750,11.6860043,,parcial,no comprobado,
neuschter-brau-altneuscht,Neuschter Bräu - AltNeuscht,Bad Neustadt an der Saale,Cerveza,,,,,+4917657896407,,https://www.altneuscht.de/,,,https://www.google.com/maps/search/?api=1&query=Neuschter%20Br%C3%A4u%20-%20AltNeuscht%20Bad%20Neustadt%20an%20der%20Saale,50.3331833,10.2193254,,parcial,no comprobado,
nirschl-braeu,Nirschl Braeu,Isen,Cerveza,,,,,,,https://nirschlbraeu.wordpress.com/,,,https://www.google.com/maps/search/?api=1&query=Nirschl%20Braeu%20Isen,48.1694206,12.0285118,,parcial,no comprobado,
noam-brauerei-gmbh,NOAM Brauerei GmbH,Unterschleißheim,Cerveza,,,,,+4989411471290,,https://noam.beer,,,https://www.google.com/maps/search/?api=1&query=NOAM%20Brauerei%20GmbH%20Unterschlei%C3%9Fheim,48.2831189,11.5568378,,parcial,no comprobado,
oberaudorfer-privatbrauerei,Oberaudorfer Privatbrauerei,Oberaudorf,Cerveza,,,,,,,,,,https://www.google.com/maps/search/?api=1&query=Oberaudorfer%20Privatbrauerei%20Oberaudorf,47.6473170,12.1778845,,parcial,no comprobado,
orca-brau,Orca Brau,Nürnberg,Cerveza,,,,,,,https://www.orcabrau.de/,,,https://www.google.com/maps/search/?api=1&query=Orca%20Brau%20N%C3%BCrnberg,49.5110164,11.0084122,,parcial,no comprobado,
ottenbrau-abensberg,Ottenbräu Abensberg,Abensberg,Cerveza,,,,,+4994431348,,,,,https://www.google.com/maps/search/?api=1&query=Ottenbr%C3%A4u%20Abensberg%20Abensberg,48.8172642,11.8442000,,parcial,no comprobado,
pax-brau,Pax Bräu,Oberelsbach,Cerveza,,,,,,,,,,https://www.google.com/maps/search/?api=1&query=Pax%20Br%C3%A4u%20Oberelsbach,50.4415821,10.1176736,,parcial,no comprobado,
pfluglerbrau,Pflüglerbräu,Neufahrn b. Freising,Cerveza,,,,,,,,,,https://www.google.com/maps/search/?api=1&query=Pfl%C3%BCglerbr%C3%A4u%20Neufahrn%20b.%20Freising,48.3130542,11.6669606,,parcial,no comprobado,
pillmeier-brauerei,Pillmeier Brauerei,Langquaid,Cerveza,,,,,+4994523216620,,https://www.pillmeier-braeu.de/,,,https://www.google.com/maps/search/?api=1&query=Pillmeier%20Brauerei%20Langquaid,48.8191270,12.0487835,,parcial,no comprobado,
pollinger,Pöllinger,Pfeffenhausen,Cerveza,,,,,,,https://www.brauerei-poellinger.de,,,https://www.google.com/maps/search/?api=1&query=P%C3%B6llinger%20Pfeffenhausen,48.6579017,11.9650162,,parcial,no comprobado,
privatbrauerei-hofmuhl-gmbh,Privatbrauerei Hofmühl GmbH,Eichstätt,Cerveza,,,,,,,https://www.hofmuehl.de/,,,https://www.google.com/maps/search/?api=1&query=Privatbrauerei%20Hofm%C3%BChl%20GmbH%20Eichst%C3%A4tt,48.8932642,11.1683127,,parcial,no comprobado,
privatbrauerei-hoss-gmbh-und-co-kg,Privatbrauerei Höss GmbH & Co KG,Sonthofen,Cerveza,,,,,+49832166330,,https://www.hirschbraeu.de/,,,https://www.google.com/maps/search/?api=1&query=Privatbrauerei%20H%C3%B6ss%20GmbH%20%26%20Co%20KG%20Sonthofen,47.5134252,10.2786548,,parcial,no comprobado,
privatbrauerei-j-b-falter,Privatbrauerei J.B. Falter,Regen,Cerveza,,,,,+49992188230,,https://www.jb-falter.de/,,,https://www.google.com/maps/search/?api=1&query=Privatbrauerei%20J.B.%20Falter%20Regen,48.9690620,13.1242955,,parcial,no comprobado,
privatbrauerei-m-c-wieninger,Privatbrauerei M.C. Wieninger,Teisendorf,Cerveza,,,,,+49866680293,,,,,https://www.google.com/maps/search/?api=1&query=Privatbrauerei%20M.C.%20Wieninger%20Teisendorf,47.8479270,12.8234442,,parcial,no comprobado,
privatbrauerei-raab,Privatbrauerei Raab,Hofheim in Unterfranken,Cerveza,,,,,+49952395270,,https://www.brauerei-raab.de/,,,https://www.google.com/maps/search/?api=1&query=Privatbrauerei%20Raab%20Hofheim%20in%20Unterfranken,50.1402221,10.5249296,,parcial,no comprobado,
privatbrauerei-schnitzlbaumer,Privatbrauerei Schnitzlbaumer,Traunstein,Cerveza,,,,,+49861708670,,https://www.schnitzlbaumer.de/,,,https://www.google.com/maps/search/?api=1&query=Privatbrauerei%20Schnitzlbaumer%20Traunstein,47.8706054,12.6486098,,parcial,no comprobado,
privatbrauerei-schweiger,Privatbrauerei Schweiger,Markt Schwaben,Cerveza,,,,,+4981219290,,https://schweiger-bier.de/,,,https://www.google.com/maps/search/?api=1&query=Privatbrauerei%20Schweiger%20Markt%20Schwaben,48.1874873,11.8682420,,parcial,no comprobado,
privatbrauerei-vasold-und-schmidt,Privatbrauerei Vasold & Schmidt,Neunkirchen am Brand,Cerveza,,,,,+49913499410,,,,,https://www.google.com/maps/search/?api=1&query=Privatbrauerei%20Vasold%20%26%20Schmidt%20Neunkirchen%20am%20Brand,49.6116625,11.1357246,,parcial,no comprobado,
privatbrauerei-zotler-gmbh,Privatbrauerei Zötler GmbH,Rettenberg,Cerveza,,,,,,,https://www.zoetler.de/,,,https://www.google.com/maps/search/?api=1&query=Privatbrauerei%20Z%C3%B6tler%20GmbH%20Rettenberg,47.5753607,10.3001256,,parcial,no comprobado,
private-landbrauerei-scheuerer,Private Landbrauerei Scheuerer,Moosbach,Cerveza,,,,,+499656209,,https://www.moosbacher.com/de,,,https://www.google.com/maps/search/?api=1&query=Private%20Landbrauerei%20Scheuerer%20Moosbach,49.5894969,12.4099899,,parcial,no comprobado,
private-landbrauerei-schonram,Private Landbrauerei Schönram,Petting,Cerveza,,,,,,,https://www.schoenramer.de/,,,https://www.google.com/maps/search/?api=1&query=Private%20Landbrauerei%20Sch%C3%B6nram%20Petting,47.8858252,12.8493759,,parcial,no comprobado,
radbrauerei-gebr-bucher-gmbh-und-co-kg,Radbrauerei Gebr. Bucher GmbH & Co. KG,Günzburg,Cerveza,,,,,,,https://www.guenzburger-weizen.de/,,,https://www.google.com/maps/search/?api=1&query=Radbrauerei%20Gebr.%20Bucher%20GmbH%20%26%20Co.%20KG%20G%C3%BCnzburg,48.4743179,10.2747084,,parcial,no comprobado,
reichelbrau,Reichelbräu,Kulmbach,Cerveza,,,,,,,,,,https://www.google.com/maps/search/?api=1&query=Reichelbr%C3%A4u%20Kulmbach,50.1067389,11.4445669,,parcial,no comprobado,
resis-biermanufaktur,Resi's Biermanufaktur,Obernburg am Main,Cerveza,,,,,,,https://www.bierland-franken.de/brauereien/resis-biermanufaktur-teresa-bisani/,,,https://www.google.com/maps/search/?api=1&query=Resi's%20Biermanufaktur%20Obernburg%20am%20Main,49.8307620,9.1129902,,parcial,no comprobado,
richelbrau,Richelbräu,München,Cerveza,,,,,,,https://www.richelbraeu.de/,,,https://www.google.com/maps/search/?api=1&query=Richelbr%C3%A4u%20M%C3%BCnchen,48.1456896,11.5303913,,parcial,no comprobado,
riedenburger-brauhaus,Riedenburger Brauhaus,Riedenburg,Cerveza,,,,,+49944299160,,https://www.riedenburger.de,,,https://www.google.com/maps/search/?api=1&query=Riedenburger%20Brauhaus%20Riedenburg,,,,parcial,no comprobado,
ritter-st-georgen-brauerei,Ritter St.Georgen-Brauerei,Nennslingen,Cerveza,,,,,,,https://ritter-bier.de,,,https://www.google.com/maps/search/?api=1&query=Ritter%20St.Georgen-Brauerei%20Nennslingen,49.0471371,11.1325997,,parcial,no comprobado,
rook-brau,Rook-Bräu,Schnelldorf,Cerveza,,,,,,,,,,https://www.google.com/maps/search/?api=1&query=Rook-Br%C3%A4u%20Schnelldorf,49.2217423,10.2013327,,parcial,no comprobado,
rotes-pony,Rotes Pony,Augsburg,Cerveza,,,,,+4915906752321,,https://www.rotespony.de/,,,https://www.google.com/maps/search/?api=1&query=Rotes%20Pony%20Augsburg,48.3811402,10.8744667,,parcial,no comprobado,
sager-brau,Säger Bräu,Pottenstein,Cerveza,,,,,,,https://www.saeger-golf.de/neue-seite,,,https://www.google.com/maps/search/?api=1&query=S%C3%A4ger%20Br%C3%A4u%20Pottenstein,49.7491911,11.4033888,,parcial,no comprobado,
saliter-brau,Saliter Bräu,Oberpframmern,Cerveza,,,,,,,,,,https://www.google.com/maps/search/?api=1&query=Saliter%20Br%C3%A4u%20Oberpframmern,48.0212517,11.8137475,,parcial,no comprobado,
sandberg-brau-gbr,sandberg bräu GbR,Bubenreuth,Cerveza,,,,,,,https://www.sandberg-braeu.de/,,,https://www.google.com/maps/search/?api=1&query=sandberg%20br%C3%A4u%20GbR%20Bubenreuth,49.6146843,11.0062875,,parcial,no comprobado,
schaffler-brau,Schäffler Bräu,Missen-Wilhams,Cerveza,,,,,,,https://schaeffler-braeu.de/,,,https://www.google.com/maps/search/?api=1&query=Sch%C3%A4ffler%20Br%C3%A4u%20Missen-Wilhams,47.5974693,10.1275385,,parcial,no comprobado,
schanzenbrau,Schanzenbräu,Nürnberg,Cerveza,,,,,+4991181006910,,https://www.schanzenbraeu.de/,,,https://www.google.com/maps/search/?api=1&query=Schanzenbr%C3%A4u%20N%C3%BCrnberg,49.4484207,11.0029885,,parcial,no comprobado,
schinner,Schinner,Bayreuth,Cerveza,,,,,+4992179780,,https://schinnerbraustuben.de,,,https://www.google.com/maps/search/?api=1&query=Schinner%20Bayreuth,,,,parcial,no comprobado,
schlenkerla,Schlenkerla,Bamberg,Cerveza,,,,,+49951560500,,https://www.schlenkerla.de/,,,https://www.google.com/maps/search/?api=1&query=Schlenkerla%20Bamberg,,,,parcial,no comprobado,
schlossbrauerei-autenried,Schlossbrauerei Autenried,Ichenhausen,Cerveza,,,,,+49822396840,,https://autenrieder.de,,,https://www.google.com/maps/search/?api=1&query=Schlossbrauerei%20Autenried%20Ichenhausen,48.3634682,10.2534928,,parcial,no comprobado,
schlossbrauerei-ebersberg,Schlossbrauerei Ebersberg,Ebersberg,Cerveza,,,,,+49809224702430,,https://schlossbrauerei-ebersberg.de/,,,https://www.google.com/maps/search/?api=1&query=Schlossbrauerei%20Ebersberg%20Ebersberg,48.0782755,11.9711711,,parcial,no comprobado,
schlossbrauerei-ellingen,Schlossbrauerei Ellingen,Höttingen,Cerveza,,,,,,,,,,https://www.google.com/maps/search/?api=1&query=Schlossbrauerei%20Ellingen%20H%C3%B6ttingen,,,,parcial,no comprobado,
schlossbrauerei-friedenfels,Schlossbrauerei Friedenfels,Friedenfels,Cerveza,,,,,,,,,,https://www.google.com/maps/search/?api=1&query=Schlossbrauerei%20Friedenfels%20Friedenfels,49.8837886,12.1042052,,parcial,no comprobado,
schlossbrauerei-grunbach,Schloßbrauerei Grünbach,Bockhorn,Cerveza,,,,,+4981225536070,,https://www.gruenbacher-weissbiere.de/,,,https://www.google.com/maps/search/?api=1&query=Schlo%C3%9Fbrauerei%20Gr%C3%BCnbach%20Bockhorn,48.3306008,12.0035575,,parcial,no comprobado,
schlossbrauerei-hirschau,Schloßbrauerei Hirschau,Hirschau,Cerveza,,,,,+4996222212,,,,,https://www.google.com/maps/search/?api=1&query=Schlo%C3%9Fbrauerei%20Hirschau%20Hirschau,49.5448782,11.9502935,,parcial,no comprobado,
schlossbrauerei-maxlrain,Schlossbrauerei Maxlrain,Tuntenhausen,Cerveza,,,,,+49806190790,,https://www.maxlrain.de/de/,,,https://www.google.com/maps/search/?api=1&query=Schlossbrauerei%20Maxlrain%20Tuntenhausen,47.8998106,11.9876808,,parcial,no comprobado,
schlossbrauerei-naabeck,Schloßbrauerei Naabeck,Schwandorf,Cerveza,,,,,,,,,,https://www.google.com/maps/search/?api=1&query=Schlo%C3%9Fbrauerei%20Naabeck%20Schwandorf,49.2937352,12.0666799,,parcial,no comprobado,
schlossbrauerei-odelzhausen,Schlossbrauerei Odelzhausen,Odelzhausen,Cerveza,,,,,,,,,,https://www.google.com/maps/search/?api=1&query=Schlossbrauerei%20Odelzhausen%20Odelzhausen,48.3143382,11.2033505,,parcial,no comprobado,
schlossbrauerei-reckendorf,Schlossbrauerei Reckendorf,Reckendorf,Cerveza,,,,,+49954494210,,https://recken.de,,,https://www.google.com/maps/search/?api=1&query=Schlossbrauerei%20Reckendorf%20Reckendorf,50.0215790,10.8293129,,parcial,no comprobado,
schlossbrauerei-stelzer,Schloßbrauerei Stelzer,Oberkotzau,Cerveza,,,,,,,https://www.schlossbrauerei-stelzer.de/,,,https://www.google.com/maps/search/?api=1&query=Schlo%C3%9Fbrauerei%20Stelzer%20Oberkotzau,50.2435087,11.9361640,,parcial,no comprobado,
schlossbrauerei-unterbaar,Schlossbrauerei Unterbaar,Baar,Cerveza,,,,,+49827658980,,https://www.schlossbrauerei-unterbaar.de,,,https://www.google.com/maps/search/?api=1&query=Schlossbrauerei%20Unterbaar%20Baar,48.5918987,10.9613845,,parcial,no comprobado,
schneider,Schneider,Essing,Cerveza,,,,,+49944791800,,https://www.brauereigasthof-schneider.de/,,,https://www.google.com/maps/search/?api=1&query=Schneider%20Essing,48.9354155,11.7887301,,parcial,no comprobado,
schneider-weisse,Schneider Weisse,Kelheim,Cerveza,,,,,,,https://www.schneider-weisse.de,,,https://www.google.com/maps/search/?api=1&query=Schneider%20Weisse%20Kelheim,48.9166864,11.8748136,,parcial,no comprobado,
schneider-brau-rohrenfels,Schneider-Bräu Rohrenfels,Rohrenfels,Cerveza,,,,,,,,,,https://www.google.com/maps/search/?api=1&query=Schneider-Br%C3%A4u%20Rohrenfels%20Rohrenfels,48.6866067,11.1543129,,parcial,no comprobado,
schwannen-brau,Schwannen Bräu,Unterschwaningen,Cerveza,,,,,+499836337,,https://zurgoldenenschwanne@gmx.net,,,https://www.google.com/maps/search/?api=1&query=Schwannen%20Br%C3%A4u%20Unterschwaningen,49.0813482,10.6177846,,parcial,no comprobado,
schwarzbrau,Schwarzbräu,Zusmarshausen,Cerveza,,,,,,,https://www.schwarzbraeu.de/,,,https://www.google.com/maps/search/?api=1&query=Schwarzbr%C3%A4u%20Zusmarshausen,48.3996223,10.5980888,,parcial,no comprobado,
schweizerhof,Schweizerhof,Kulmbach,Cerveza,,,,,,,,,,https://www.google.com/maps/search/?api=1&query=Schweizerhof%20Kulmbach,50.1230539,11.4394353,,parcial,no comprobado,
silbernagel,Silbernagel,Hausham,Cerveza,,,,,,,,,,https://www.google.com/maps/search/?api=1&query=Silbernagel%20Hausham,47.7520673,11.8431016,,parcial,no comprobado,
simsseer-braumanufaktur,Simsseer Braumanufaktur,Stephanskirchen,Cerveza,,,,,+491756696890,,https://www.simsseer.de/,,,https://www.google.com/maps/search/?api=1&query=Simsseer%20Braumanufaktur%20Stephanskirchen,47.8500442,12.1901441,,parcial,no comprobado,
spessart-brauerei-gmbh,Spessart-Brauerei GmbH,Kreuzwertheim,Cerveza,,,,,+49934285700,,https://spessart-brauerei.de/,,,https://www.google.com/maps/search/?api=1&query=Spessart-Brauerei%20GmbH%20Kreuzwertheim,49.7633912,9.5161933,,parcial,no comprobado,
st-georgenbrau,St. Georgenbräu,Buttenheim,Cerveza,,,,,+4995454460,,http://www.georgenbraeu.de/,,,https://www.google.com/maps/search/?api=1&query=St.%20Georgenbr%C3%A4u%20Buttenheim,49.8017036,11.0322106,,parcial,no comprobado,
stadtbrauerei-spalt,Stadtbrauerei Spalt,Spalt,Cerveza,,,,,,,https://spalter-bier.de,,,https://www.google.com/maps/search/?api=1&query=Stadtbrauerei%20Spalt%20Spalt,49.1742844,10.9251941,,parcial,no comprobado,
staffelberg-brau,Staffelberg-Bräu,Bad Staffelstein,Cerveza,,,,,+4995735925,,https://www.staffelberg-braeu.de,,,https://www.google.com/maps/search/?api=1&query=Staffelberg-Br%C3%A4u%20Bad%20Staffelstein,50.0786764,11.0238692,,parcial,no comprobado,
stangl,Stangl,Spiegelau,Cerveza,,,,,,,,,,https://www.google.com/maps/search/?api=1&query=Stangl%20Spiegelau,48.9206283,13.3211745,,parcial,no comprobado,
stanglbrau,Stanglbräu,Herrnwahlthann,Cerveza,,,,,+49944891830,,https://www.stanglbraeu.de/,,,https://www.google.com/maps/search/?api=1&query=Stanglbr%C3%A4u%20Herrnwahlthann,48.8449013,11.9861620,,parcial,no comprobado,
starnberger-brauhaus,Starnberger Brauhaus,Feldafing,Cerveza,,,,,,,https://starnberger-brauhaus.de/,,,https://www.google.com/maps/search/?api=1&query=Starnberger%20Brauhaus%20Feldafing,47.9530561,11.2674106,,parcial,no comprobado,
staudenbrau-schorer,Staudenbräu Schorer,Walkertshofen,Cerveza,,,,,+498239507,,https://staudenbraeu.de/,,,https://www.google.com/maps/search/?api=1&query=Staudenbr%C3%A4u%20Schorer%20Walkertshofen,,,,parcial,no comprobado,
stefansbrau,Stefansbräu,Dinkelsbühl,Cerveza,,,,,+499851582393,,http://www.dinkelbrauer.de,,,https://www.google.com/maps/search/?api=1&query=Stefansbr%C3%A4u%20Dinkelsb%C3%BChl,49.0763671,10.3350819,,parcial,no comprobado,
steinbauer,Steinbauer,Neuendettelsau,Cerveza,,,,,,,,,,https://www.google.com/maps/search/?api=1&query=Steinbauer%20Neuendettelsau,49.2890819,10.7882107,,parcial,no comprobado,
stiangbrau,Stiangbräu,Rohrbach,Cerveza,,,,,,,,,,https://www.google.com/maps/search/?api=1&query=Stiangbr%C3%A4u%20Rohrbach,48.6174275,11.5391551,,parcial,no comprobado,
storchenbrau,Storchenbräu,Pfaffenhausen,Cerveza,,,,,+4982657022,,https://www.storchenbraeu.de/,,,https://www.google.com/maps/search/?api=1&query=Storchenbr%C3%A4u%20Pfaffenhausen,48.1204836,10.4547246,,parcial,no comprobado,
taufkirchner-brauerei,Taufkirchner Brauerei,Taufkirchen (Vils),Cerveza,,,,,+4980842377,,http://www.taufkirchner-brauerei.de/,,,https://www.google.com/maps/search/?api=1&query=Taufkirchner%20Brauerei%20Taufkirchen%20(Vils),48.3459369,12.1330117,,parcial,no comprobado,
thomasbrau,ThomasBräu,Ruderting,Cerveza,,,,,+4917655598690,,,,,https://www.google.com/maps/search/?api=1&query=ThomasBr%C3%A4u%20Ruderting,,,,parcial,no comprobado,
unertl-weissbier-gmbh,Unertl Weißbier GmbH,Haag in Oberbayern,Cerveza,,,,,+4980728297,,https://www.unertl.de/,,,https://www.google.com/maps/search/?api=1&query=Unertl%20Wei%C3%9Fbier%20GmbH%20Haag%20in%20Oberbayern,48.1606579,12.1869878,,parcial,no comprobado,
unserdorfbrau,Unserdorfbräu,Seeshaupt,Cerveza,,,,,,,https://www.xn--unserdorfbru-qcb.de/,,,https://www.google.com/maps/search/?api=1&query=Unserdorfbr%C3%A4u%20Seeshaupt,47.8227498,11.2860210,,parcial,no comprobado,
urban-chestnut-hallertauer-brauerei,Urban Chestnut - Hallertauer Brauerei,Wolnzach,Cerveza,,,,,,,https://www.urbanchestnut.de/,,,https://www.google.com/maps/search/?api=1&query=Urban%20Chestnut%20-%20Hallertauer%20Brauerei%20Wolnzach,48.6086583,11.6172985,,parcial,no comprobado,
urbanus-brauerei,Urbanus Brauerei,Pfaffenhofen a.d. Ilm,Cerveza,,,,,,,,,,https://www.google.com/maps/search/?api=1&query=Urbanus%20Brauerei%20Pfaffenhofen%20a.d.%20Ilm,48.5295246,11.5033463,,parcial,no comprobado,
wachtelbrau-gossenberg,Wachtelbräu Gossenberg,Großheirath,Cerveza,,,,,,,https://wachtelbraeu.de,,,https://www.google.com/maps/search/?api=1&query=Wachtelbr%C3%A4u%20Gossenberg%20Gro%C3%9Fheirath,50.1961498,10.9031400,,parcial,no comprobado,
waldschloss-brauerei-frammersbach,Waldschloss-Brauerei Frammersbach,Frammersbach,Cerveza,,,,,+49935597340,,https://www.waldschloss-brauerei.de/,,,https://www.google.com/maps/search/?api=1&query=Waldschloss-Brauerei%20Frammersbach%20Frammersbach,50.0759486,9.4622155,,parcial,no comprobado,
weissbierbrauerei-hopf,Weißbierbrauerei Hopf,Miesbach,Cerveza,,,,,,,https://www.hopfweisse.de/,,,https://www.google.com/maps/search/?api=1&query=Wei%C3%9Fbierbrauerei%20Hopf%20Miesbach,47.7941749,11.8314237,,parcial,no comprobado,
weissbrau-andorfer,Weißbräu Andorfer,Passau,Cerveza,,,,,+49851754444,,https://andorfer-weissbraeu.de/,,,https://www.google.com/maps/search/?api=1&query=Wei%C3%9Fbr%C3%A4u%20Andorfer%20Passau,48.5861612,13.4534151,,parcial,no comprobado,
weissbrau-kosslarn,Weißbräu Kößlarn,Kößlarn,Cerveza,,,,,,,https://weissbraeu-koesslarn.de/,,,https://www.google.com/maps/search/?api=1&query=Wei%C3%9Fbr%C3%A4u%20K%C3%B6%C3%9Flarn%20K%C3%B6%C3%9Flarn,48.3711092,13.1223974,,parcial,no comprobado,
weissbrau-schwendl,Weissbräu Schwendl,Tacherting,Cerveza,,,,,,,,,,https://www.google.com/maps/search/?api=1&query=Weissbr%C3%A4u%20Schwendl%20Tacherting,48.0576448,12.5690750,,parcial,no comprobado,
werksviertel-brau,Werksviertel Bräu,München,Cerveza,,,,,+4989628344300,,https://werksviertelbräu.de/,,,https://www.google.com/maps/search/?api=1&query=Werksviertel%20Br%C3%A4u%20M%C3%BCnchen,48.1242110,11.6062555,,parcial,no comprobado,
wildbrau-grafing,Wildbräu Grafing,Grafing bei München,Cerveza,,,,,+498092700912,,https://www.wildbraeu.de/,,,https://www.google.com/maps/search/?api=1&query=Wildbr%C3%A4u%20Grafing%20Grafing%20bei%20M%C3%BCnchen,48.0472486,11.9714885,,parcial,no comprobado,
will-brau-brauerei,Will Bräu Brauerei,Motten,Cerveza,,,,,,,,,,https://www.google.com/maps/search/?api=1&query=Will%20Br%C3%A4u%20Brauerei%20Motten,50.3953324,9.7701476,,parcial,no comprobado,
wochinger-brau,Wochinger-Bräu,Traunstein,Cerveza,,,,,+49861986060,,http://www.wochingerbraeu.de/,,,https://www.google.com/maps/search/?api=1&query=Wochinger-Br%C3%A4u%20Traunstein,47.8657338,12.6427131,,parcial,no comprobado,
wurzburger-hofbrau,Würzburger Hofbräu,Würzburg,Cerveza,,,,,,,,,,https://www.google.com/maps/search/?api=1&query=W%C3%BCrzburger%20Hofbr%C3%A4u%20W%C3%BCrzburg,49.7920007,9.9129068,,parcial,no comprobado,
zehendner,Zehendner,Schönbrunn im Steigerwald,Cerveza,,,,,+499546380,,https://moenchsambacher.de/,,,https://www.google.com/maps/search/?api=1&query=Zehendner%20Sch%C3%B6nbrunn%20im%20Steigerwald,,,,parcial,no comprobado,
zehmerbrau,Zehmerbräu,Kirchheim bei München,Cerveza,,,,,+498937467596,,https://www.zehmerbraeu.de,,,https://www.google.com/maps/search/?api=1&query=Zehmerbr%C3%A4u%20Kirchheim%20bei%20M%C3%BCnchen,48.1784429,11.7562879,,parcial,no comprobado,
ziegler-brau,Ziegler Bräu,Mainburg,Cerveza,,,,,+4987511470,,http://www.ziegler-braeu-mainburg.de/,,,https://www.google.com/maps/search/?api=1&query=Ziegler%20Br%C3%A4u%20Mainburg,48.6417632,11.7892798,,parcial,no comprobado,
zombrau,Zombräu,Essenbach,Cerveza,,,,,,,https://www.zombraeu.com/,,,https://www.google.com/maps/search/?api=1&query=Zombr%C3%A4u%20Essenbach,48.6155569,12.1873127,,parcial,no comprobado,
zum-neuen-brauhaus-1816,Zum Neuen Brauhaus 1816,Marktheidenfeld,Cerveza,,,,,,,,,,https://www.google.com/maps/search/?api=1&query=Zum%20Neuen%20Brauhaus%201816%20Marktheidenfeld,,,,parcial,no comprobado,
augustiner-brau-munchen,Augustiner Bräu München,München,Cerveza,,,,,,,https://www.augustiner-braeu.de/,,,https://www.google.com/maps/search/?api=1&query=Augustiner%20Br%C3%A4u%20M%C3%BCnchen%20M%C3%BCnchen,48.1388841,11.5438939,,parcial,no comprobado,
ayinger-privatbrauerei,Ayinger Privatbrauerei,Aying,Cerveza,,,,,,,https://www.ayinger.de/,,,https://www.google.com/maps/search/?api=1&query=Ayinger%20Privatbrauerei%20Aying,47.9716697,11.7739360,,parcial,no comprobado,
brauerei-zum-fuchsbeck,"Brauerei ""Zum Fuchsbeck""",Sulzbach-Rosenberg,Cerveza,,,,,+4996614518,,https://www.fuchsbeck.de/,,,https://www.google.com/maps/search/?api=1&query=Brauerei%20%22Zum%20Fuchsbeck%22%20Sulzbach-Rosenberg,49.5054650,11.7369414,,parcial,no comprobado,
brauerei-egerer,Brauerei Egerer,Pilsting,Cerveza,,,,,,,https://www.egerer.de/,,,https://www.google.com/maps/search/?api=1&query=Brauerei%20Egerer%20Pilsting,48.6996276,12.5994756,,parcial,no comprobado,
brauerei-gut-forsting,Brauerei Gut Forsting,Albaching,Cerveza,,,,,,,https://www.brauerei-forsting.de,,,https://www.google.com/maps/search/?api=1&query=Brauerei%20Gut%20Forsting%20Albaching,,,,parcial,no comprobado,
brauerei-kesselring,Brauerei Kesselring,Marktsteft,Cerveza,,,,,,,https://www.kesselring-bier.de/,,,https://www.google.com/maps/search/?api=1&query=Brauerei%20Kesselring%20Marktsteft,49.6999945,10.1368868,,parcial,no comprobado,
brauerei-stottner,Brauerei Stöttner,Mallersdorf-Pfaffenberg,Cerveza,,,,,,,https://www.stoettner.de/,,,https://www.google.com/maps/search/?api=1&query=Brauerei%20St%C3%B6ttner%20Mallersdorf-Pfaffenberg,48.7691168,12.2289930,,parcial,no comprobado,
brauerei-wolferstetter,Brauerei Wolferstetter,Vilshofen an der Donau,Cerveza,,,,,,,,,,https://www.google.com/maps/search/?api=1&query=Brauerei%20Wolferstetter%20Vilshofen%20an%20der%20Donau,48.6087316,13.1743444,,parcial,no comprobado,
eittinger-fischerbrau,Eittinger Fischerbräu,Eitting,Cerveza,,,,,+4981229598960,,http://www.eittinger-fischerbräu.de,,,https://www.google.com/maps/search/?api=1&query=Eittinger%20Fischerbr%C3%A4u%20Eitting,48.3661481,11.8875684,,parcial,no comprobado,
entlas-brau,Entlas Bräu,Erlangen,Cerveza,,,,,,,,,,https://www.google.com/maps/search/?api=1&query=Entlas%20Br%C3%A4u%20Erlangen,49.6078973,11.0040084,,parcial,no comprobado,
grafliche-brauerei-arco-valley,Gräfliche Brauerei Arco-Valley,Eichendorf,Cerveza,,,,,,,https://graf-arco.de/,,,https://www.google.com/maps/search/?api=1&query=Gr%C3%A4fliche%20Brauerei%20Arco-Valley%20Eichendorf,48.6331772,12.8371068,,parcial,no comprobado,
herrnbrau,Herrnbräu,Ingolstadt,Cerveza,,,,,+498416310,,http://www.herrnbraeu.de,,,https://www.google.com/maps/search/?api=1&query=Herrnbr%C3%A4u%20Ingolstadt,48.7484173,11.4654963,,parcial,no comprobado,
kaiser-brau,Kaiser Bräu,Neuhaus a.d.Pegnitz,Cerveza,,,,,+499156880,,https://www.kaiser-braeu.de,,,https://www.google.com/maps/search/?api=1&query=Kaiser%20Br%C3%A4u%20Neuhaus%20a.d.Pegnitz,49.6271054,11.5537429,,parcial,no comprobado,
kauzen-brau,Kauzen-Bräu,Ochsenfurt,Cerveza,,,,,+49933187250,,http://kauzen.de,,,https://www.google.com/maps/search/?api=1&query=Kauzen-Br%C3%A4u%20Ochsenfurt,,,,parcial,no comprobado,
kulmbacher-brauerei-ag,Kulmbacher Brauerei AG,Kulmbach,Cerveza,,,,,,,https://www.kulmbacher.de/,,,https://www.google.com/maps/search/?api=1&query=Kulmbacher%20Brauerei%20AG%20Kulmbach,50.1068070,11.4452690,,parcial,no comprobado,
lowenbrau-ag,Löwenbräu AG,München,Cerveza,,,,,,,https://loewenbraeu.de/,,,https://www.google.com/maps/search/?api=1&query=L%C3%B6wenbr%C3%A4u%20AG%20M%C3%BCnchen,48.1468979,11.5559434,,parcial,no comprobado,
marthabrau,Marthabräu,Fürstenfeldbruck,Cerveza,,,,,,,,,,https://www.google.com/maps/search/?api=1&query=Marthabr%C3%A4u%20F%C3%BCrstenfeldbruck,48.1831892,11.2513435,,parcial,no comprobado,
oettinger-brauerei,Oettinger Brauerei,Oettingen i.Bay.,Cerveza,,,,,,,https://www.oettinger-bier.de/,,,https://www.google.com/maps/search/?api=1&query=Oettinger%20Brauerei%20Oettingen%20i.Bay.,48.9379065,10.5970763,,parcial,no comprobado,
paulaner-brauerei,Paulaner Brauerei,München,Cerveza,,,,,,,https://www.paulaner.de,,,https://www.google.com/maps/search/?api=1&query=Paulaner%20Brauerei%20M%C3%BCnchen,48.1765607,11.4338744,,parcial,no comprobado,
privatbrauerei-erdinger-weissbrau,Privatbrauerei Erdinger Weißbräu,Erding,Cerveza,,,,,,,https://de.erdinger.de/,,,https://www.google.com/maps/search/?api=1&query=Privatbrauerei%20Erdinger%20Wei%C3%9Fbr%C3%A4u%20Erding,48.3153275,11.8913876,,parcial,no comprobado,
pyraser-landbrauerei-gmbh,Pyraser Landbrauerei GmbH,Thalmässing,Cerveza,,,,,,,https://pyraser.de/,,,https://www.google.com/maps/search/?api=1&query=Pyraser%20Landbrauerei%20GmbH%20Thalm%C3%A4ssing,49.1493172,11.2100077,,parcial,no comprobado,
scherdel-brauerei,Scherdel Brauerei,Hof,Cerveza,,,,,,,https://www.scherdelbier.de/,,,https://www.google.com/maps/search/?api=1&query=Scherdel%20Brauerei%20Hof,50.3231099,11.9115217,,parcial,no comprobado,
schlossbrauerei-au-hallertau,Schlossbrauerei Au/Hallertau,Au i.d. Hallertau,Cerveza,,,,,,,http://auer-bier.de/rundgang.htm,,,https://www.google.com/maps/search/?api=1&query=Schlossbrauerei%20Au%2FHallertau%20Au%20i.d.%20Hallertau,48.5586716,11.7416297,,parcial,no comprobado,
spaten-franziskaner-brau-gmbh,Spaten-Franziskaner Bräu GmbH,München,Cerveza,,,,,,,https://spatenbraeu.de/,,,https://www.google.com/maps/search/?api=1&query=Spaten-Franziskaner%20Br%C3%A4u%20GmbH%20M%C3%BCnchen,48.1460858,11.5536366,,parcial,no comprobado,
staatliches-hofbrauhaus-in-munchen,Staatliches Hofbräuhaus in München,Feldkirchen,Cerveza,,,,,,,https://www.hofbraeu-muenchen.de/,,,https://www.google.com/maps/search/?api=1&query=Staatliches%20Hofbr%C3%A4uhaus%20in%20M%C3%BCnchen%20Feldkirchen,,,,parcial,no comprobado,
tucher-brau,Tucher Bräu,Nürnberg,Cerveza,,,,,,,https://tucher.de/,,,https://www.google.com/maps/search/?api=1&query=Tucher%20Br%C3%A4u%20N%C3%BCrnberg,,,,parcial,no comprobado,
s-antla,'s Antla,Kronach,Cerveza,,,,,+4992615045950,,https://www.antla.de/,,,https://www.google.com/maps/search/?api=1&query='s%20Antla%20Kronach,,,,parcial,no comprobado,
1-bier-und-wohlfuhlhotel-gut-riedelsbach,1. Bier- & Wohlfühlhotel Gut Riedelsbach,Neureichenau,Cerveza,,,,,+49858396040,,https://www.gut-riedelsbach.de/,,,https://www.google.com/maps/search/?api=1&query=1.%20Bier-%20%26%20Wohlf%C3%BChlhotel%20Gut%20Riedelsbach%20Neureichenau,,,,parcial,no comprobado,
adler-brau,Adler Bräu,Stettfeld,Cerveza,,,,,+499522369,,https://www.adlerbraeu-stettfeld.de/gaststaette/,,,https://www.google.com/maps/search/?api=1&query=Adler%20Br%C3%A4u%20Stettfeld,,,,parcial,no comprobado,
airbrau,Airbräu,Hallbergmoos,Cerveza,,,,,,,https://www.munich-airport.de/de/micro/airbraeu/index.jsp,,,https://www.google.com/maps/search/?api=1&query=Airbr%C3%A4u%20Hallbergmoos,,,,parcial,no comprobado,
altstadthotel-winkler,Altstadthotel Winkler,Berching,Cerveza,,,,,,,http://www.brauereigasthof-winkler.de/,,,https://www.google.com/maps/search/?api=1&query=Altstadthotel%20Winkler%20Berching,,,,parcial,no comprobado,
auf-der-theta,Auf der Theta,Heinersreuth,Cerveza,,,,,+49920865361,,https://www.auf-der-theta.de/,,,https://www.google.com/maps/search/?api=1&query=Auf%20der%20Theta%20Heinersreuth,,,,parcial,no comprobado,
ban-brau,Ban Bräu,Bad Staffelstein,Cerveza,,,,,,,,,,https://www.google.com/maps/search/?api=1&query=Ban%20Br%C3%A4u%20Bad%20Staffelstein,,,,parcial,no comprobado,
barenwirt-neuhausen,Bärenwirt Neuhausen,Holzheim,Cerveza,,,,,+4973023113,,http://www.baerig-gut.de/,,,https://www.google.com/maps/search/?api=1&query=B%C3%A4renwirt%20Neuhausen%20Holzheim,,,,parcial,no comprobado,
bayrisch-brau-pub,Bayrisch Brau Pub,Augsburg,Cerveza,,,,,,,https://www.bayrisch-brau-pub.de/,,,https://www.google.com/maps/search/?api=1&query=Bayrisch%20Brau%20Pub%20Augsburg,,,,parcial,no comprobado,
beck-brau,Beck-Bräu,Lisberg,Cerveza,,,,,+499549988999,,https://www.beck-braeu.de/,,,https://www.google.com/maps/search/?api=1&query=Beck-Br%C3%A4u%20Lisberg,,,,parcial,no comprobado,
beim-binner,Beim Binner,Windischeschenbach,Cerveza,,,,,+4996811498,,https://zoiglbier.de/die-brauer/windischeschenbach/binner/,,,https://www.google.com/maps/search/?api=1&query=Beim%20Binner%20Windischeschenbach,,,,parcial,no comprobado,
beim-gloser,Beim Gloser,Windischeschenbach,Cerveza,,,,,+4996813170,,https://www.beimgloser.de/,,,https://www.google.com/maps/search/?api=1&query=Beim%20Gloser%20Windischeschenbach,,,,parcial,no comprobado,
beim-olivenbauer,Beim Olivenbauer,Füssen,Cerveza,,,,,+4983626250,,https://beim-olivenbauer.de/,,,https://www.google.com/maps/search/?api=1&query=Beim%20Olivenbauer%20F%C3%BCssen,,,,parcial,no comprobado,
bichlbrau-braukunst,Bichlbräu Braukunst,Teisendorf,Cerveza,,,,,,,,,,https://www.google.com/maps/search/?api=1&query=Bichlbr%C3%A4u%20Braukunst%20Teisendorf,,,,parcial,no comprobado,
bier-alp,Bier Alp,Rettenberg,Cerveza,,,,,+4983279326180,,https://www.bernardibraeu.de/,,,https://www.google.com/maps/search/?api=1&query=Bier%20Alp%20Rettenberg,,,,parcial,no comprobado,
brauda-buchl,Brauda Büchl,Ering,Cerveza,,,,,,,https://braudabuechl.de/wirtshaus/,,,https://www.google.com/maps/search/?api=1&query=Brauda%20B%C3%BCchl%20Ering,,,,parcial,no comprobado,
brauerei-und-gasthof-rittmayer,Brauerei & Gasthof Rittmayer,Adelsdorf,Cerveza,,,,,+4991957222,,http://www.rittmayer-aisch.de/,,,https://www.google.com/maps/search/?api=1&query=Brauerei%20%26%20Gasthof%20Rittmayer%20Adelsdorf,,,,parcial,no comprobado,
brauerei-aschach,Brauerei Aschach,Bad Bocklet,Cerveza,,,,,,,,,,https://www.google.com/maps/search/?api=1&query=Brauerei%20Aschach%20Bad%20Bocklet,,,,parcial,no comprobado,
brauerei-baptist-gunther,Brauerei Baptist Günther,Burgkunstadt,Cerveza,,,,,+4995729261,,https://www.guenther-braeu.de/,,,https://www.google.com/maps/search/?api=1&query=Brauerei%20Baptist%20G%C3%BCnther%20Burgkunstadt,,,,parcial,no comprobado,
brauerei-buttner,Brauerei Büttner,Frensdorf,Cerveza,,,,,+499502342,,https://www.brauerei-buettner.de,,,https://www.google.com/maps/search/?api=1&query=Brauerei%20B%C3%BCttner%20Frensdorf,,,,parcial,no comprobado,
brauerei-dantscher,Brauerei Dantscher,Teugn,Cerveza,,,,,+499405962110,,,,,https://www.google.com/maps/search/?api=1&query=Brauerei%20Dantscher%20Teugn,,,,parcial,no comprobado,
brauerei-drei-kronen,Brauerei Drei Kronen,Scheßlitz,Cerveza,,,,,+4995421564,,http://www.kronabier.de/,,,https://www.google.com/maps/search/?api=1&query=Brauerei%20Drei%20Kronen%20Sche%C3%9Flitz,,,,parcial,no comprobado,
brauerei-dremel,Brauerei Dremel,Wattendorf,Cerveza,,,,,+499504271,,https://www.brauerei-dremel.de/,,,https://www.google.com/maps/search/?api=1&query=Brauerei%20Dremel%20Wattendorf,,,,parcial,no comprobado,
brauerei-dull-martinsheim,Brauerei Düll,Martinsheim,Cerveza,,,,,,,https://www.duell-gnodstadt.de/,,,https://www.google.com/maps/search/?api=1&query=Brauerei%20D%C3%BCll%20Martinsheim,,,,parcial,no comprobado,
brauerei-eller,Brauerei Eller,Untersiemau,Cerveza,,,,,+4995651033,,,,,https://www.google.com/maps/search/?api=1&query=Brauerei%20Eller%20Untersiemau,,,,parcial,no comprobado,
brauerei-gasthaus-schrufer,Brauerei Gasthaus Schrüfer,Priesendorf,Cerveza,,,,,+499549317,,,,,https://www.google.com/maps/search/?api=1&query=Brauerei%20Gasthaus%20Schr%C3%BCfer%20Priesendorf,,,,parcial,no comprobado,
brauerei-gasthaus-seitz-elch-brau,Brauerei Gasthaus Seitz (Elch-Bräu),Egloffstein,Cerveza,,,,,+499197221,,https://www.elchbraeu.de/,,,https://www.google.com/maps/search/?api=1&query=Brauerei%20Gasthaus%20Seitz%20(Elch-Br%C3%A4u)%20Egloffstein,,,,parcial,no comprobado,
brauerei-gasthof-bayer,Brauerei Gasthof Bayer,Rauhenebrach,Cerveza,,,,,+499554293,,https://www.bayer-theinheim.de/,,,https://www.google.com/maps/search/?api=1&query=Brauerei%20Gasthof%20Bayer%20Rauhenebrach,,,,parcial,no comprobado,
brauerei-gasthof-greifenklau,Brauerei Gasthof Greifenklau,Bamberg,Cerveza,,,,,+4995153219,,http://www.greifenklau.de,,,https://www.google.com/maps/search/?api=1&query=Brauerei%20Gasthof%20Greifenklau%20Bamberg,,,,parcial,no comprobado,
brauerei-gasthof-hirsch,Brauerei Gasthof Hirsch,Leipheim,Cerveza,,,,,,,,,,https://www.google.com/maps/search/?api=1&query=Brauerei%20Gasthof%20Hirsch%20Leipheim,,,,parcial,no comprobado,
brauerei-gasthof-hotel-eck,Brauerei Gasthof Hotel Eck,Böbrach,Cerveza,,,,,,,https://www.brauerei-eck.de/,,,https://www.google.com/maps/search/?api=1&query=Brauerei%20Gasthof%20Hotel%20Eck%20B%C3%B6brach,,,,parcial,no comprobado,
brauerei-gasthof-rotter,Brauerei Gasthof Rötter,Gerolfingen,Cerveza,,,,,+499854380,,https://www.roetter-gerolfingen.de,,,https://www.google.com/maps/search/?api=1&query=Brauerei%20Gasthof%20R%C3%B6tter%20Gerolfingen,,,,parcial,no comprobado,
brauerei-gasthof-winkler,Brauerei Gasthof Winkler,Velburg,Cerveza,,,,,+499182170,,https://www.winkler-braeu.de/,,,https://www.google.com/maps/search/?api=1&query=Brauerei%20Gasthof%20Winkler%20Velburg,,,,parcial,no comprobado,
brauerei-gaststatte-schroll,Brauerei Gaststätte Schroll,Reckendorf,Cerveza,,,,,+49954420338,,,,,https://www.google.com/maps/search/?api=1&query=Brauerei%20Gastst%C3%A4tte%20Schroll%20Reckendorf,,,,parcial,no comprobado,
brauerei-haberstumpf,Brauerei Haberstumpf,Trebgast,Cerveza,,,,,+499227351,,https://brauerei-haberstumpf.de/,,,https://www.google.com/maps/search/?api=1&query=Brauerei%20Haberstumpf%20Trebgast,,,,parcial,no comprobado,
brauerei-hartleb,Brauerei Hartleb,Maroldsweisach,Cerveza,,,,,+499532240,,,,,https://www.google.com/maps/search/?api=1&query=Brauerei%20Hartleb%20Maroldsweisach,,,,parcial,no comprobado,
brauerei-hartmann,Brauerei Hartmann,Scheßlitz,Cerveza,,,,,+499542920300,,https://www.brauerei-hartmann.de/,,,https://www.google.com/maps/search/?api=1&query=Brauerei%20Hartmann%20Sche%C3%9Flitz,49.9791625,11.0900086,,parcial,no comprobado,
brauerei-hennemann,Brauerei Hennemann,Pommersfelden,Cerveza,,,,,+4995024307,,http://www.brauerei-hennemann.com/,,,https://www.google.com/maps/search/?api=1&query=Brauerei%20Hennemann%20Pommersfelden,,,,parcial,no comprobado,
brauerei-holzlein,Brauerei Hölzlein,Litzendorf,Cerveza,,,,,+499505357,,https://www.fraenkische-schweiz.com/de/detail/id=5f200f0f35d51e7066533a3e,,,https://www.google.com/maps/search/?api=1&query=Brauerei%20H%C3%B6lzlein%20Litzendorf,,,,parcial,no comprobado,
brauerei-honig-gasthof-zur-post,Brauerei Hönig Gasthof zur Post,Litzendorf,Cerveza,,,,,,,https://brauerei-hoenig.de/,,,https://www.google.com/maps/search/?api=1&query=Brauerei%20H%C3%B6nig%20Gasthof%20zur%20Post%20Litzendorf,,,,parcial,no comprobado,
brauerei-hubner-wattendorf,Brauerei Hübner,Wattendorf,Cerveza,,,,,+499504207,,http://www.brauerei-huebner.de,,,https://www.google.com/maps/search/?api=1&query=Brauerei%20H%C3%BCbner%20Wattendorf,,,,parcial,no comprobado,
brauerei-hubner-stadelhofen,Brauerei Hübner,Stadelhofen,Cerveza,,,,,+499207259,,https://huebner-braeu.de/,,,https://www.google.com/maps/search/?api=1&query=Brauerei%20H%C3%BCbner%20Stadelhofen,,,,parcial,no comprobado,
brauerei-ibel,Brauerei Ibel,Burgwindheim,Cerveza,,,,,+499551295,,,,,https://www.google.com/maps/search/?api=1&query=Brauerei%20Ibel%20Burgwindheim,,,,parcial,no comprobado,
brauerei-kraus,Brauerei Kraus,Hirschaid,Cerveza,,,,,+49954384440,,https://www.brauerei-kraus.de/,,,https://www.google.com/maps/search/?api=1&query=Brauerei%20Kraus%20Hirschaid,,,,parcial,no comprobado,
brauerei-mager,Brauerei Mager,Pottenstein,Cerveza,,,,,+499243333,,https://www.brauerei-mager.de/,,,https://www.google.com/maps/search/?api=1&query=Brauerei%20Mager%20Pottenstein,49.7715452,11.4079544,,parcial,no comprobado,
brauerei-martin,Brauerei Martin,Schonungen,Cerveza,,,,,+499727403011,,http://www.brauerei-martin.de,,,https://www.google.com/maps/search/?api=1&query=Brauerei%20Martin%20Schonungen,,,,parcial,no comprobado,
brauerei-messhofen,Brauerei Messhofen,Roggenburg,Cerveza,,,,,+497300301,,https://www.brauerei-messhofen.de,,,https://www.google.com/maps/search/?api=1&query=Brauerei%20Messhofen%20Roggenburg,,,,parcial,no comprobado,
brauerei-nikl,Brauerei Nikl,Pretzfeld,Cerveza,,,,,+499194725025,,https://www.brauerei-nikl.de/,,,https://www.google.com/maps/search/?api=1&query=Brauerei%20Nikl%20Pretzfeld,,,,parcial,no comprobado,
brauerei-puttner,Brauerei Püttner,Schlammersdorf,Cerveza,,,,,+499205292,,https://brauerei-puettner.de/,,,https://www.google.com/maps/search/?api=1&query=Brauerei%20P%C3%BCttner%20Schlammersdorf,,,,parcial,no comprobado,
brauerei-rudolf-fischer,Brauerei Rudolf Fischer,Rattelsdorf,Cerveza,,,,,+499547488,,https://www.hahnerla.de/,,,https://www.google.com/maps/search/?api=1&query=Brauerei%20Rudolf%20Fischer%20Rattelsdorf,,,,parcial,no comprobado,
brauerei-sauer,Brauerei Sauer,Strullendorf,Cerveza,,,,,+4995431578,,https://www.brauerei-sauer.de/,,,https://www.google.com/maps/search/?api=1&query=Brauerei%20Sauer%20Strullendorf,,,,parcial,no comprobado,
brauerei-scharpf,Brauerei Scharpf,Seßlach,Cerveza,,,,,+4995691232,,https://www.scharpf-heilgersdorf.de/,,,https://www.google.com/maps/search/?api=1&query=Brauerei%20Scharpf%20Se%C3%9Flach,,,,parcial,no comprobado,
brauerei-schwan,Brauerei Schwan,Burgebrach,Cerveza,,,,,+499546306,,https://www.schwanawirt.de/,,,https://www.google.com/maps/search/?api=1&query=Brauerei%20Schwan%20Burgebrach,,,,parcial,no comprobado,
brauerei-simmerberg,Brauerei Simmerberg,Weiler-Simmerberg,Cerveza,,,,,,,,,,https://www.google.com/maps/search/?api=1&query=Brauerei%20Simmerberg%20Weiler-Simmerberg,,,,parcial,no comprobado,
brauerei-sippel,Brauerei Sippel,Baunach,Cerveza,,,,,,,,,,https://www.google.com/maps/search/?api=1&query=Brauerei%20Sippel%20Baunach,,,,parcial,no comprobado,
brauerei-stirnweiss,Brauerei Stirnweiß,Itzgrund,Cerveza,,,,,+4995737919,,http://www.brauerei-stirnweiss.de/,,,https://www.google.com/maps/search/?api=1&query=Brauerei%20Stirnwei%C3%9F%20Itzgrund,,,,parcial,no comprobado,
brauerei-und-gasthof-drummer,Brauerei und Gasthof Drummer,Leutenbach,Cerveza,,,,,+499199403,,https://www.brauerei-gasthof-drummer.de/,,,https://www.google.com/maps/search/?api=1&query=Brauerei%20und%20Gasthof%20Drummer%20Leutenbach,,,,parcial,no comprobado,
brauerei-wagner-memmelsdorf,Brauerei Wagner,Memmelsdorf,Cerveza,,,,,+499542620,,http://www.wagner-merkendorf.de/,,,https://www.google.com/maps/search/?api=1&query=Brauerei%20Wagner%20Memmelsdorf,,,,parcial,no comprobado,
brauerei-wagner-oberhaid,Brauerei Wagner,Oberhaid,Cerveza,,,,,+499503229,,https://www.brauerei-wagner-oberhaid.de/,,,https://www.google.com/maps/search/?api=1&query=Brauerei%20Wagner%20Oberhaid,,,,parcial,no comprobado,
brauerei-weber,Brauerei Weber,Pettstadt,Cerveza,,,,,+4995437882,,,,,https://www.google.com/maps/search/?api=1&query=Brauerei%20Weber%20Pettstadt,,,,parcial,no comprobado,
brauerei-gasthaus-hofmann,Brauerei-Gasthaus Hofmann,Gräfenberg,Cerveza,,,,,+499192251,,,,,https://www.google.com/maps/search/?api=1&query=Brauerei-Gasthaus%20Hofmann%20Gr%C3%A4fenberg,,,,parcial,no comprobado,
brauerei-gasthaus-thomann,Brauerei-Gasthaus Thomann,Bad Staffelstein,Cerveza,,,,,+4995735296,,https://www.brauerei-thomann.de,,,https://www.google.com/maps/search/?api=1&query=Brauerei-Gasthaus%20Thomann%20Bad%20Staffelstein,,,,parcial,no comprobado,
brauerei-gasthaus-will,Brauerei-Gasthaus Will,Stadelhofen,Cerveza,,,,,+499504262,,https://www.schederndorf.de/,,,https://www.google.com/maps/search/?api=1&query=Brauerei-Gasthaus%20Will%20Stadelhofen,,,,parcial,no comprobado,
brauerei-gasthof-hellmuth,Brauerei-Gasthof Hellmuth,Bad Staffelstein,Cerveza,,,,,+4995734395,,https://www.gasthaus-hellmuth.de/,,,https://www.google.com/maps/search/?api=1&query=Brauerei-Gasthof%20Hellmuth%20Bad%20Staffelstein,,,,parcial,no comprobado,
brauerei-gasthof-hennemann,Brauerei-Gasthof Hennemann,Bad Staffelstein,Cerveza,,,,,+49957396100,,http://www.gasthof-hennemann.de/,,,https://www.google.com/maps/search/?api=1&query=Brauerei-Gasthof%20Hennemann%20Bad%20Staffelstein,,,,parcial,no comprobado,
brauerei-gasthof-hohn,Brauerei-Gasthof Höhn,Memmelsdorf,Cerveza,,,,,+49951401640,,http://www.gasthof-hoehn.de,,,https://www.google.com/maps/search/?api=1&query=Brauerei-Gasthof%20H%C3%B6hn%20Memmelsdorf,,,,parcial,no comprobado,
brauerei-gasthof-hotel-post,Brauerei-Gasthof Hotel Post,Nesselwang,Cerveza,,,,,,,https://www.hotel-post-nesselwang.de/,,,https://www.google.com/maps/search/?api=1&query=Brauerei-Gasthof%20Hotel%20Post%20Nesselwang,,,,parcial,no comprobado,
brauerei-gasthof-muller,Brauerei-Gasthof Müller,Stegaurach,Cerveza,,,,,+4995129191,,http://www.debringer-bier.de/,,,https://www.google.com/maps/search/?api=1&query=Brauerei-Gasthof%20M%C3%BCller%20Stegaurach,,,,parcial,no comprobado,
brauerei-gasthof-reblitz,Brauerei-Gasthof Reblitz,Bad Staffelstein,Cerveza,,,,,+49957396500,,http://www.brauerei-gasthof-reblitz.de,,,https://www.google.com/maps/search/?api=1&query=Brauerei-Gasthof%20Reblitz%20Bad%20Staffelstein,,,,parcial,no comprobado,
brauerei-gasthof-zur-alten-muhle,Brauerei-Gasthof Zur alten Mühle,Walsdorf,Cerveza,,,,,+4995129119,,http://www.stegaurach.de/brauerei-gasthof-zur-alten-muehle,,,https://www.google.com/maps/search/?api=1&query=Brauerei-Gasthof%20Zur%20alten%20M%C3%BChle%20Walsdorf,,,,parcial,no comprobado,
brauerei-gaststatte-endres,Brauerei-Gaststätte Endres,Rattelsdorf,Cerveza,,,,,+499547264,,,,,https://www.google.com/maps/search/?api=1&query=Brauerei-Gastst%C3%A4tte%20Endres%20Rattelsdorf,,,,parcial,no comprobado,
brauerei-gaststatte-stockel,Brauerei-Gaststätte Stöckel,Ahorntal,Cerveza,,,,,+499246275,,https://www.stoeckel-braeu.de/,,,https://www.google.com/maps/search/?api=1&query=Brauerei-Gastst%C3%A4tte%20St%C3%B6ckel%20Ahorntal,,,,parcial,no comprobado,
brauereigasthof-geyer,Brauereigasthof Geyer,Oberreichenbach,Cerveza,,,,,+4991042802,,https://brauereigasthof-geyer.de/,,,https://www.google.com/maps/search/?api=1&query=Brauereigasthof%20Geyer%20Oberreichenbach,,,,parcial,no comprobado,
brauereigasthof-goller,Brauereigasthof Göller,Memmelsdorf,Cerveza,,,,,+4995051745,,http://www.goeller-brauerei.de/,,,https://www.google.com/maps/search/?api=1&query=Brauereigasthof%20G%C3%B6ller%20Memmelsdorf,,,,parcial,no comprobado,
brauereigasthof-kaiser,Brauereigasthof Kaiser,Burgebrach,Cerveza,,,,,+499546390,,https://brauerei-kaiser.de/,,,https://www.google.com/maps/search/?api=1&query=Brauereigasthof%20Kaiser%20Burgebrach,,,,parcial,no comprobado,
brauereigasthof-krone,Brauereigasthof Krone,Kronburg,Cerveza,,,,,+498394237,,https://www.brauerei-kronburg.de/gasthof/gasthof.htm,,,https://www.google.com/maps/search/?api=1&query=Brauereigasthof%20Krone%20Kronburg,,,,parcial,no comprobado,
brauereigasthof-pfister,Brauereigasthof Pfister,Eggolsheim,Cerveza,,,,,+49954594260,,https://www.pfister-weigelshofen.de/,,,https://www.google.com/maps/search/?api=1&query=Brauereigasthof%20Pfister%20Eggolsheim,,,,parcial,no comprobado,
brauereigasthof-plank,Brauereigasthof Plank,Schwandorf,Cerveza,,,,,+49943160889,,https://www.brauereigasthof-plank.de/,,,https://www.google.com/maps/search/?api=1&query=Brauereigasthof%20Plank%20Schwandorf,,,,parcial,no comprobado,
brauereigasthof-prechtel,Brauereigasthof Prechtel,Uehlfeld,Cerveza,,,,,+499163228,,https://www.brauerei-prechtel.de/,,,https://www.google.com/maps/search/?api=1&query=Brauereigasthof%20Prechtel%20Uehlfeld,,,,parcial,no comprobado,
brauereigasthof-reichold,Brauereigasthof Reichold,Aufseß,Cerveza,,,,,+499204271,,http://www.reichold.de/,,,https://www.google.com/maps/search/?api=1&query=Brauereigasthof%20Reichold%20Aufse%C3%9F,,,,parcial,no comprobado,
brauereigasthof-rothenbach,Brauereigasthof Rothenbach,Aufseß,Cerveza,,,,,+49919892920,,http://www.brauereigasthof-rothenbach.de/,,,https://www.google.com/maps/search/?api=1&query=Brauereigasthof%20Rothenbach%20Aufse%C3%9F,,,,parcial,no comprobado,
brauereigasthof-schaffler,Brauereigasthof Schäffler,Missen-Wilhams,Cerveza,,,,,+4983209200,,https://www.schaeffler-braeu.de,,,https://www.google.com/maps/search/?api=1&query=Brauereigasthof%20Sch%C3%A4ffler%20Missen-Wilhams,,,,parcial,no comprobado,
brauereigasthof-schneider,Brauereigasthof Schneider,Essing,Cerveza,,,,,+49944791800,,https://www.brauereigasthof-schneider.de/index.php/de/brauereigasthof,,,https://www.google.com/maps/search/?api=1&query=Brauereigasthof%20Schneider%20Essing,,,,parcial,no comprobado,
brauereigasthof-st-afra-im-felde,Brauereigasthof St. Afra im Felde,Friedberg,Cerveza,,,,,+498216089150,,https://www.sankt-afra.eu/,,,https://www.google.com/maps/search/?api=1&query=Brauereigasthof%20St.%20Afra%20im%20Felde%20Friedberg,,,,parcial,no comprobado,
brauereigasthof-stadter,Brauereigasthof Stadter,Aufseß,Cerveza,,,,,+4992748193,,http://www.braulehrer.de/,,,https://www.google.com/maps/search/?api=1&query=Brauereigasthof%20Stadter%20Aufse%C3%9F,,,,parcial,no comprobado,
brauereigasthof-und-pension-zur-sonne,Brauereigasthof und Pension Zur Sonne,Bischberg,Cerveza,,,,,+4995162571,,https://www.sonnenbier.de,,,https://www.google.com/maps/search/?api=1&query=Brauereigasthof%20und%20Pension%20Zur%20Sonne%20Bischberg,,,,parcial,no comprobado,
brauereigasthof-zwanzger,Brauereigasthof Zwanzger,Uehlfeld,Cerveza,,,,,+499163959756,,https://www.brauerei-gasthof-zwanzger.de/,,,https://www.google.com/maps/search/?api=1&query=Brauereigasthof%20Zwanzger%20Uehlfeld,,,,parcial,no comprobado,
brauereigaststatte-hoh,Brauereigaststätte Hoh,Scheßlitz,Cerveza,,,,,+499542627,,,,,https://www.google.com/maps/search/?api=1&query=Brauereigastst%C3%A4tte%20Hoh%20Sche%C3%9Flitz,,,,parcial,no comprobado,
brauereigaststatte-leidmann,Brauereigaststätte Leidmann,Unterneukirchen,Cerveza,,,,,+498634984150,,https://www.brauerei-leidmann.de/,,,https://www.google.com/maps/search/?api=1&query=Brauereigastst%C3%A4tte%20Leidmann%20Unterneukirchen,,,,parcial,no comprobado,
brauereigaststatte-stierberg,Brauereigaststätte Stierberg,Obertaufkirchen,Cerveza,,,,,+4980821851,,https://brauereigaststaette-stierberg.de/,,,https://www.google.com/maps/search/?api=1&query=Brauereigastst%C3%A4tte%20Stierberg%20Obertaufkirchen,,,,parcial,no comprobado,
brauereigastwirtschaft-forst,Brauereigastwirtschaft Först,Eggolsheim,Cerveza,,,,,+4995458583,,https://brauerei-foerst.de/,,,https://www.google.com/maps/search/?api=1&query=Brauereigastwirtschaft%20F%C3%B6rst%20Eggolsheim,,,,parcial,no comprobado,
brauervereinigung-pegnitz,Brauervereinigung Pegnitz,Pegnitz,Cerveza,,,,,+4992414839937,,,,,https://www.google.com/maps/search/?api=1&query=Brauervereinigung%20Pegnitz%20Pegnitz,,,,parcial,no comprobado,
braugasthof-grosch,Braugasthof Grosch,Rödental,Cerveza,,,,,+4995637500,,https://der-grosch.de/,,,https://www.google.com/maps/search/?api=1&query=Braugasthof%20Grosch%20R%C3%B6dental,,,,parcial,no comprobado,
brauhaus-1516,Brauhaus 1516,Ingolstadt,Cerveza,,,,,+498419568777,,https://brauhaus1516-ingolstadt.de,,,https://www.google.com/maps/search/?api=1&query=Brauhaus%201516%20Ingolstadt,,,,parcial,no comprobado,
brauhaus-am-kreuzberg,Brauhaus am Kreuzberg,Hallerndorf,Cerveza,,,,,+4995454736,,https://www.brauhaus-am-kreuzberg.de/,,,https://www.google.com/maps/search/?api=1&query=Brauhaus%20am%20Kreuzberg%20Hallerndorf,49.7589873,10.9556306,,parcial,no comprobado,
brauhaus-barbarossa,Brauhaus Barbarossa,Schöllkrippen,Cerveza,,,,,+4960245454,,https://brauhaus-barbarossa.de/,,,https://www.google.com/maps/search/?api=1&query=Brauhaus%20Barbarossa%20Sch%C3%B6llkrippen,,,,parcial,no comprobado,
brauhaus-budenschuster,Brauhaus Budenschuster,Bad Steben,Cerveza,,,,,,,https://www.brauhaus-budenschuster.de/,,,https://www.google.com/maps/search/?api=1&query=Brauhaus%20Budenschuster%20Bad%20Steben,,,,parcial,no comprobado,
brauhaus-murnau,Brauhaus Murnau,Murnau am Staffelsee,Cerveza,,,,,+4988413920,,https://griesbraeu.de/de/restaurant-braugasthof-murnau/,,,https://www.google.com/maps/search/?api=1&query=Brauhaus%20Murnau%20Murnau%20am%20Staffelsee,,,,parcial,no comprobado,
brauhaus-zu-coburg,Brauhaus zu Coburg,Coburg,Cerveza,,,,,+4995617059192,,http://www.brauhaus-coburg.de,,,https://www.google.com/maps/search/?api=1&query=Brauhaus%20zu%20Coburg%20Coburg,,,,parcial,no comprobado,
braustuberl-baar,Bräustüberl,Baar,Cerveza,,,,,,,,,,https://www.google.com/maps/search/?api=1&query=Br%C3%A4ust%C3%BCberl%20Baar,,,,parcial,no comprobado,
braustuberl-odelzhausen,Bräustüberl,Odelzhausen,Cerveza,,,,,+49813499870,,https://www.schlossgut-odelzhausen.de/de/,,,https://www.google.com/maps/search/?api=1&query=Br%C3%A4ust%C3%BCberl%20Odelzhausen,,,,parcial,no comprobado,
braustuberl-grunbach,Bräustüberl Grünbach,Bockhorn,Cerveza,,,,,+4981229418072,,https://www.gruenbacher-weissbiere.de/br%C3%A4ust%C3%BCberl/,,,https://www.google.com/maps/search/?api=1&query=Br%C3%A4ust%C3%BCberl%20Gr%C3%BCnbach%20Bockhorn,,,,parcial,no comprobado,
brauwerk-dohi,Brauwerk.dohi,Mitterteich,Cerveza,,,,,,,,,,https://www.google.com/maps/search/?api=1&query=Brauwerk.dohi%20Mitterteich,,,,parcial,no comprobado,
brauwirt,Bräuwirt,Weiden i.d.OPf.,Cerveza,,,,,,,https://www.braeuwirt.de/,,,https://www.google.com/maps/search/?api=1&query=Br%C3%A4uwirt%20Weiden%20i.d.OPf.,,,,parcial,no comprobado,
brewsli,Brewsli,München,Cerveza,,,,,,,https://brewsli.de/,,,https://www.google.com/maps/search/?api=1&query=Brewsli%20M%C3%BCnchen,,,,parcial,no comprobado,
cafe-und-kater,Café & Kater,Traunstein,Cerveza,,,,,,,,,,https://www.google.com/maps/search/?api=1&query=Caf%C3%A9%20%26%20Kater%20Traunstein,,,,parcial,no comprobado,
canada,Canada,Aichach,Cerveza,,,,,,,https://www.canada-mauerbach.de/,,,https://www.google.com/maps/search/?api=1&query=Canada%20Aichach,,,,parcial,no comprobado,
craftbrau,CraftBräu,Dießen am Ammersee,Cerveza,,,,,,,http://craft-braeu.com,,,https://www.google.com/maps/search/?api=1&query=CraftBr%C3%A4u%20Die%C3%9Fen%20am%20Ammersee,,,,parcial,no comprobado,
dachsbrau,Dachsbräu,Weilheim in Oberbayern,Cerveza,,,,,+498812693,,https://www.dachsbier.de/braeustueberl/,,,https://www.google.com/maps/search/?api=1&query=Dachsbr%C3%A4u%20Weilheim%20in%20Oberbayern,,,,parcial,no comprobado,
der-bergbauernwirt,Der Bergbauernwirt,Bolsterlang,Cerveza,,,,,+4983267444,,https://www.derbergbauernwirt.com,,,https://www.google.com/maps/search/?api=1&query=Der%20Bergbauernwirt%20Bolsterlang,,,,parcial,no comprobado,
hofbrau-oberle,Hofbräu Oberle,Erlangen,Cerveza,,,,,+49913145556,,https://www.fischerei-oberle.de/,,,https://www.google.com/maps/search/?api=1&query=Hofbr%C3%A4u%20Oberle%20Erlangen,,,,parcial,no comprobado,
die-hecke,Die Hecke,Bad Füssing,Cerveza,,,,,,,https://www.die-hecke.de/,,,https://www.google.com/maps/search/?api=1&query=Die%20Hecke%20Bad%20F%C3%BCssing,,,,parcial,no comprobado,
drei-kronen,Drei Kronen,Memmelsdorf,Cerveza,,,,,+49951944330,,http://www.drei-kronen.de,,,https://www.google.com/maps/search/?api=1&query=Drei%20Kronen%20Memmelsdorf,,,,parcial,no comprobado,
eschenbacher-privatbrauerei,Eschenbacher Privatbrauerei,Stettfeld,Cerveza,,,,,,,,,,https://www.google.com/maps/search/?api=1&query=Eschenbacher%20Privatbrauerei%20Stettfeld,,,,parcial,no comprobado,
ferdls-braustuble,Ferdls Bräustüble,Sonthofen,Cerveza,,,,,+49832167280,,https://zumgoldenenhirsch.com/,,,https://www.google.com/maps/search/?api=1&query=Ferdls%20Br%C3%A4ust%C3%BCble%20Sonthofen,,,,parcial,no comprobado,
flugwerk,Flugwerk,Feldkirchen,Cerveza,,,,,+498994417718,,https://flugwerk-feldkirchen.de/,,,https://www.google.com/maps/search/?api=1&query=Flugwerk%20Feldkirchen,,,,parcial,no comprobado,
forschungsbrauerei,Forschungsbrauerei,München,Cerveza,,,,,,,,,,https://www.google.com/maps/search/?api=1&query=Forschungsbrauerei%20M%C3%BCnchen,,,,parcial,no comprobado,
gasthaus-blumenthal,Gasthaus Blumenthal,Aichach,Cerveza,,,,,+498251889442,,https://www.schloss-blumenthal.de/gasthaus/#oeffnungszeiten,,,https://www.google.com/maps/search/?api=1&query=Gasthaus%20Blumenthal%20Aichach,,,,parcial,no comprobado,
gasthaus-der-biermann,Gasthaus der Biermann,München,Cerveza,,,,,+498994539515,,https://www.gasthausbiermann.de/,,,https://www.google.com/maps/search/?api=1&query=Gasthaus%20der%20Biermann%20M%C3%BCnchen,,,,parcial,no comprobado,
gasthaus-dickas,Gasthaus Dickas,Bischofsheim i.d.Rhön,Cerveza,,,,,+499772456,,https://www.rhoener-schaubrennerei.de/,,,https://www.google.com/maps/search/?api=1&query=Gasthaus%20Dickas%20Bischofsheim%20i.d.Rh%C3%B6n,,,,parcial,no comprobado,
gasthaus-drei-kronen-brauerei-aichinger,Gasthaus Drei Kronen Brauerei Aichinger,Heiligenstadt i. OFr.,Cerveza,,,,,+499198522,,https://www.bierland-franken.de/gasthoefe/gasthof-drei-kronen-aichinger/,,,https://www.google.com/maps/search/?api=1&query=Gasthaus%20Drei%20Kronen%20Brauerei%20Aichinger%20Heiligenstadt%20i.%20OFr.,,,,parcial,no comprobado,
gasthaus-held-brau,Gasthaus Held-Bräu,Ahorntal,Cerveza,,,,,+499242295,,http://www.held-braeu.de/,,,https://www.google.com/maps/search/?api=1&query=Gasthaus%20Held-Br%C3%A4u%20Ahorntal,,,,parcial,no comprobado,
gasthaus-kraus,Gasthaus Kraus,Dieterskirchen,Cerveza,,,,,,,,,,https://www.google.com/maps/search/?api=1&query=Gasthaus%20Kraus%20Dieterskirchen,,,,parcial,no comprobado,
gasthaus-lindenbrau,Gasthaus Lindenbräu,Gräfenberg,Cerveza,,,,,+499192348,,https://lindenbraeu.de/,,,https://www.google.com/maps/search/?api=1&query=Gasthaus%20Lindenbr%C3%A4u%20Gr%C3%A4fenberg,,,,parcial,no comprobado,
gasthaus-reinwand,Gasthaus Reinwand,Seßlach,Cerveza,,,,,,,https://www.gasthof-reinwand.de/,,,https://www.google.com/maps/search/?api=1&query=Gasthaus%20Reinwand%20Se%C3%9Flach,,,,parcial,no comprobado,
gasthaus-sterk,Gasthaus Sterk,Amberg,Cerveza,,,,,,,,,,https://www.google.com/maps/search/?api=1&query=Gasthaus%20Sterk%20Amberg,,,,parcial,no comprobado,
gasthaus-stottner-zum-gemutlichern-treff,"Gasthaus Stöttner ""Zum gemütlichern Treff!",Mallersdorf-Pfaffenberg,Cerveza,,,,,+4987725102,,https://www.stoettner-treff.de/,,,https://www.google.com/maps/search/?api=1&query=Gasthaus%20St%C3%B6ttner%20%22Zum%20gem%C3%BCtlichern%20Treff!%20Mallersdorf-Pfaffenberg,,,,parcial,no comprobado,
gasthaus-zur-alten-brauerei-zapf,"Gasthaus Zur alten Brauerei ""Zapf""",Uettingen,Cerveza,,,,,+4993698221,,https://www.alte-brauerei.de/,,,https://www.google.com/maps/search/?api=1&query=Gasthaus%20Zur%20alten%20Brauerei%20%22Zapf%22%20Uettingen,,,,parcial,no comprobado,
gasthaus-zur-sonne,Gasthaus zur Sonne,Denklingen,Cerveza,,,,,+498869911666,,https://zur-sonne-epfach.de/,,,https://www.google.com/maps/search/?api=1&query=Gasthaus%20zur%20Sonne%20Denklingen,,,,parcial,no comprobado,
gasthof-zum-lowenbrau,"Gasthof ""Zum Löwenbräu""",Adelsdorf,Cerveza,,,,,,,,,,https://www.google.com/maps/search/?api=1&query=Gasthof%20%22Zum%20L%C3%B6wenbr%C3%A4u%22%20Adelsdorf,,,,parcial,no comprobado,
gasthof-kohlenmuhle,Gasthof Kohlenmühle,Neustadt an der Aisch,Cerveza,,,,,+499161662270,,https://www.kohlenmuehle.de/,,,https://www.google.com/maps/search/?api=1&query=Gasthof%20Kohlenm%C3%BChle%20Neustadt%20an%20der%20Aisch,,,,parcial,no comprobado,
gasthof-martin,Gasthof Martin,Ebensfeld,Cerveza,,,,,+4995734382,,https://www.gasthof-martin-unterneuses.de,,,https://www.google.com/maps/search/?api=1&query=Gasthof%20Martin%20Ebensfeld,,,,parcial,no comprobado,
gasthof-seelmann,Gasthof Seelmann,Schönbrunn i.Steigerwald,Cerveza,,,,,,,https://www.brauerei-seelmann.de,,,https://www.google.com/maps/search/?api=1&query=Gasthof%20Seelmann%20Sch%C3%B6nbrunn%20i.Steigerwald,,,,parcial,no comprobado,
gasthof-zum-fichta,Gasthof zum Fichta,Hummeltal,Cerveza,,,,,+499246491,,https://www.weiglathal.de/,,,https://www.google.com/maps/search/?api=1&query=Gasthof%20zum%20Fichta%20Hummeltal,,,,parcial,no comprobado,
gaststatte-griesbrau,Gaststätte Griesbräu,Murnau am Staffelsee,Cerveza,,,,,+4988411422,,https://griesbraeu.de/,,,https://www.google.com/maps/search/?api=1&query=Gastst%C3%A4tte%20Griesbr%C3%A4u%20Murnau%20am%20Staffelsee,,,,parcial,no comprobado,
gick-brau,Gick Bräu,Burgkunstadt,Cerveza,,,,,+4995722004,,,,,https://www.google.com/maps/search/?api=1&query=Gick%20Br%C3%A4u%20Burgkunstadt,,,,parcial,no comprobado,
glockenstuberl,Glockenstüberl,Ohlstadt,Cerveza,,,,,,,,,,https://www.google.com/maps/search/?api=1&query=Glockenst%C3%BCberl%20Ohlstadt,,,,parcial,no comprobado,
graminger-weissbrau,Graminger Weissbräu,Altötting,Cerveza,,,,,+49867196140,,https://www.graminger-weissbraeu.de/,,,https://www.google.com/maps/search/?api=1&query=Graminger%20Weissbr%C3%A4u%20Alt%C3%B6tting,,,,parcial,no comprobado,
gruner-baum,Grüner Baum,Cadolzburg,Cerveza,,,,,+4991037121842,,https://www.gruenerbaum-cadolzburg.de/,,,https://www.google.com/maps/search/?api=1&query=Gr%C3%BCner%20Baum%20Cadolzburg,,,,parcial,no comprobado,
hasenbrauhaus-kalberhalle,Hasenbräuhaus Kälberhalle,Augsburg,Cerveza,,,,,+4982165070770,,https://www.kaelberhalle.de,,,https://www.google.com/maps/search/?api=1&query=Hasenbr%C3%A4uhaus%20K%C3%A4lberhalle%20Augsburg,,,,parcial,no comprobado,
hausbrau-stegaurach,Hausbräu Stegaurach,Stegaurach,Cerveza,,,,,,,http://www.hausbraeu-stegaurach.de,,,https://www.google.com/maps/search/?api=1&query=Hausbr%C3%A4u%20Stegaurach%20Stegaurach,,,,parcial,no comprobado,
hausbrauerei-altstadthof,Hausbrauerei Altstadthof,Nürnberg,Cerveza,,,,,+499112449859,,https://www.hausbrauerei-altstadthof.de/,,,https://www.google.com/maps/search/?api=1&query=Hausbrauerei%20Altstadthof%20N%C3%BCrnberg,49.4570189,11.0749167,,parcial,no comprobado,
heckel-brau,Heckel Bräu,Waischenfeld,Cerveza,,,,,+499202493,,,,,https://www.google.com/maps/search/?api=1&query=Heckel%20Br%C3%A4u%20Waischenfeld,,,,parcial,no comprobado,
hexenhausle,Hexenhäusle,Michelau i.Steigerwald,Cerveza,,,,,,,,,,https://www.google.com/maps/search/?api=1&query=Hexenh%C3%A4usle%20Michelau%20i.Steigerwald,,,,parcial,no comprobado,
higgins-tap-room,Higgins Tap Room,München,Cerveza,,,,,,,https://higginsaleworks.com,,,https://www.google.com/maps/search/?api=1&query=Higgins%20Tap%20Room%20M%C3%BCnchen,,,,parcial,no comprobado,
holzhauser-brauereigasthaus,HOLZHAUSER Brauereigasthaus,Igling,Cerveza,,,,,+4982414758,,http://brauereigasthaus-holzhausen.de,,,https://www.google.com/maps/search/?api=1&query=HOLZHAUSER%20Brauereigasthaus%20Igling,,,,parcial,no comprobado,
homburger-brauscheuere,Homburger Bräuscheuere,Triefenstein,Cerveza,,,,,+499395876882,,http://www.braeuscheuere.de,,,https://www.google.com/maps/search/?api=1&query=Homburger%20Br%C3%A4uscheuere%20Triefenstein,,,,parcial,no comprobado,
hotel-und-brauereigasthof-jakob,Hotel und Brauereigasthof Jakob,Nittenau,Cerveza,,,,,+4994368224,,http://www.brauereigasthof-jakob.de,,,https://www.google.com/maps/search/?api=1&query=Hotel%20und%20Brauereigasthof%20Jakob%20Nittenau,,,,parcial,no comprobado,
hotel-und-braustuble-zur-post,Hotel und Bräustüble zur Post,Weiler-Simmerberg,Cerveza,,,,,+4983871070,,https://www.postinweiler.de/,,,https://www.google.com/maps/search/?api=1&query=Hotel%20und%20Br%C3%A4ust%C3%BCble%20zur%20Post%20Weiler-Simmerberg,,,,parcial,no comprobado,
hotel-zur-post,Hotel zur Post,Bad Kötzting,Cerveza,,,,,+4999416628,,https://www.posthotel-bad-koetzting.de,,,https://www.google.com/maps/search/?api=1&query=Hotel%20zur%20Post%20Bad%20K%C3%B6tzting,,,,parcial,no comprobado,
isartaler-brauhaus,Isartaler Brauhaus,Pullach im Isartal,Cerveza,,,,,+4989798961,,https://www.isartaler-brauhaus.de/,,,https://www.google.com/maps/search/?api=1&query=Isartaler%20Brauhaus%20Pullach%20im%20Isartal,,,,parcial,no comprobado,
joesepps-brauhaus,Joesepp's Brauhaus,Memmingen,Cerveza,,,,,+4983319278103,,https://www.joesepps-brauhaus.de/,,,https://www.google.com/maps/search/?api=1&query=Joesepp's%20Brauhaus%20Memmingen,,,,parcial,no comprobado,
jura-brau,Jura-Bräu,Pegnitz,Cerveza,,,,,+4992412019,,http://www.jura-braeu.de,,,https://www.google.com/maps/search/?api=1&query=Jura-Br%C3%A4u%20Pegnitz,,,,parcial,no comprobado,
kaiserhof-brauerei,Kaiserhof-Brauerei,Kronach,Cerveza,,,,,+499261628000,,http://www.kaiserhofbraeu.de/,,,https://www.google.com/maps/search/?api=1&query=Kaiserhof-Brauerei%20Kronach,,,,parcial,no comprobado,
kannerschreither-brauhaisla,Kannerschreither Brauhaisla,Konradsreuth,Cerveza,,,,,+4992926602,,,,,https://www.google.com/maps/search/?api=1&query=Kannerschreither%20Brauhaisla%20Konradsreuth,,,,parcial,no comprobado,
kapplerbrau,Kapplerbräu,Altomünster,Cerveza,,,,,+498254777,,https://kapplerbraeu.de/gasthof/,,,https://www.google.com/maps/search/?api=1&query=Kapplerbr%C3%A4u%20Altom%C3%BCnster,48.3878303,11.2595277,,parcial,no comprobado,
karg-brau,Karg Bräu,Murnau am Staffelsee,Cerveza,,,,,+4988418272,,https://karg-murnau.de/,,,https://www.google.com/maps/search/?api=1&query=Karg%20Br%C3%A4u%20Murnau%20am%20Staffelsee,,,,parcial,no comprobado,
kathi-brau,Kathi-Bräu,Aufseß,Cerveza,,,,,+499198277,,,,,https://www.google.com/maps/search/?api=1&query=Kathi-Br%C3%A4u%20Aufse%C3%9F,,,,parcial,no comprobado,
kellerberg-voggendorf,Kellerberg Voggendorf,Voggendorf,Cerveza,,,,,,,https://www.brauerei-prechtel.de/biergarten/,,,https://www.google.com/maps/search/?api=1&query=Kellerberg%20Voggendorf%20Voggendorf,,,,parcial,no comprobado,
kloster-kreuzberg,Kloster Kreuzberg,Bischofsheim i.d.Rhön,Cerveza,,,,,+49977291240,,https://kloster-kreuzberg.de,,,https://www.google.com/maps/search/?api=1&query=Kloster%20Kreuzberg%20Bischofsheim%20i.d.Rh%C3%B6n,,,,parcial,no comprobado,
klosterbrau,Klosterbräu,Bamberg,Cerveza,,,,,+4995152265,,http://www.klosterbraeu.de,,,https://www.google.com/maps/search/?api=1&query=Klosterbr%C3%A4u%20Bamberg,,,,parcial,no comprobado,
klosterbrauhaus-ursberg,Klosterbräuhaus Ursberg,Ursberg,Cerveza,,,,,,,https://klosterbraeuhaus.de/,,,https://www.google.com/maps/search/?api=1&query=Klosterbr%C3%A4uhaus%20Ursberg%20Ursberg,,,,parcial,no comprobado,
klosterschanke,Klosterschänke,Großheubach,Cerveza,,,,,+4993719143914,,https://kloster-engelberg.com,,,https://www.google.com/maps/search/?api=1&query=Klostersch%C3%A4nke%20Gro%C3%9Fheubach,,,,parcial,no comprobado,
kneitinger,Kneitinger,Regensburg,Cerveza,,,,,+4994152455,,https://www.knei.de/,,,https://www.google.com/maps/search/?api=1&query=Kneitinger%20Regensburg,,,,parcial,no comprobado,
kramer-wolf-zoigl,Kramer Wolf Zoigl,Falkenberg,Cerveza,,,,,,,https://www.zoigl-kramer-wolf.de/,,,https://www.google.com/maps/search/?api=1&query=Kramer%20Wolf%20Zoigl%20Falkenberg,,,,parcial,no comprobado,
krapp-drei-linden,Krapp Drei Linden,Erlangen,Cerveza,,,,,+49913143885,,https://www.schnitzelkrapp.de,,,https://www.google.com/maps/search/?api=1&query=Krapp%20Drei%20Linden%20Erlangen,,,,parcial,no comprobado,
kronprinz,Kronprinz,Bamberg,Cerveza,,,,,+4995196430514,,http://www.kronprinz.beer,,,https://www.google.com/maps/search/?api=1&query=Kronprinz%20Bamberg,,,,parcial,no comprobado,
landgasthof-fiedler,Landgasthof Fiedler,Dietersheim,Cerveza,,,,,+4991612425,,https://landgasthof-fiedler.de/,,,https://www.google.com/maps/search/?api=1&query=Landgasthof%20Fiedler%20Dietersheim,,,,parcial,no comprobado,
landgasthof-hirsch,Landgasthof Hirsch,Neu-Ulm,Cerveza,,,,,+49731970744,,https://www.hirsch-nu.de/,,,https://www.google.com/maps/search/?api=1&query=Landgasthof%20Hirsch%20Neu-Ulm,,,,parcial,no comprobado,
landgasthof-hubertus,Landgasthof Hubertus,Ruderatshofen,Cerveza,,,,,+49834181976,,https://www.hubertus-apfeltrang.de/,,,https://www.google.com/maps/search/?api=1&query=Landgasthof%20Hubertus%20Ruderatshofen,,,,parcial,no comprobado,
landgasthof-roter-ochse,Landgasthof Roter Ochse,Seßlach,Cerveza,,,,,+4995691220,,https://www.roter-ochse-sesslach.de/,,,https://www.google.com/maps/search/?api=1&query=Landgasthof%20Roter%20Ochse%20Se%C3%9Flach,,,,parcial,no comprobado,
landhausbrau-koller,Landhausbräu Koller,Adelzhausen,Cerveza,,,,,+498208225,,https://landhausbraeu-koller.de/,,,https://www.google.com/maps/search/?api=1&query=Landhausbr%C3%A4u%20Koller%20Adelzhausen,,,,parcial,no comprobado,
laufener-braukuchl,Laufener Braukuchl,Laufen,Cerveza,,,,,+491788198232,,http://www.braukuchl.de,,,https://www.google.com/maps/search/?api=1&query=Laufener%20Braukuchl%20Laufen,,,,parcial,no comprobado,
lindner-brau-brauereigaststatte,Lindner-Bräu Brauereigaststätte,Bad Kötzting,Cerveza,,,,,+4999411429,,https://lindner-braeu.de/,,,https://www.google.com/maps/search/?api=1&query=Lindner-Br%C3%A4u%20Brauereigastst%C3%A4tte%20Bad%20K%C3%B6tzting,,,,parcial,no comprobado,
lingl-zoigl,Lingl Zoigl,Windischeschenbach,Cerveza,,,,,,,https://lingl-zoigl.de/,,,https://www.google.com/maps/search/?api=1&query=Lingl%20Zoigl%20Windischeschenbach,,,,parcial,no comprobado,
mahrs-brau,Mahrs Bräu,Bamberg,Cerveza,,,,,+49951915170,,https://www.mahrs.de/,,,https://www.google.com/maps/search/?api=1&query=Mahrs%20Br%C3%A4u%20Bamberg,49.8899326,10.9064075,,parcial,no comprobado,
maria-hilfer-sudhaus,Maria Hilfer Sudhaus,Eisenberg,Cerveza,,,,,+4983648556,,https://www.koessel-braeu.de,,,https://www.google.com/maps/search/?api=1&query=Maria%20Hilfer%20Sudhaus%20Eisenberg,,,,parcial,no comprobado,
marshels-landgasthof,Marshels Landgasthof,Creußen,Cerveza,,,,,+4992469888373,,https://www.marshelslandgasthof.de/,,,https://www.google.com/maps/search/?api=1&query=Marshels%20Landgasthof%20Creu%C3%9Fen,,,,parcial,no comprobado,
maxbrauerei,Maxbrauerei,Schongau,Cerveza,,,,,,,,,,https://www.google.com/maps/search/?api=1&query=Maxbrauerei%20Schongau,,,,parcial,no comprobado,
maximilian,Maximilian,Oberammergau,Cerveza,,,,,+498822948740,,https://www.maximilian-oberammergau.de/,,,https://www.google.com/maps/search/?api=1&query=Maximilian%20Oberammergau,,,,parcial,no comprobado,
monchshof-brauhaus,Mönchshof Bräuhaus,Kulmbach,Cerveza,,,,,,,,,,https://www.google.com/maps/search/?api=1&query=M%C3%B6nchshof%20Br%C3%A4uhaus%20Kulmbach,,,,parcial,no comprobado,
paulaner-brauhaus,Paulaner Bräuhaus,München,Cerveza,,,,,+49895446110,,https://www.paulaner-brauhaus.de/,,,https://www.google.com/maps/search/?api=1&query=Paulaner%20Br%C3%A4uhaus%20M%C3%BCnchen,,,,parcial,no comprobado,
privatbrauerei-barnikel,Privatbrauerei Barnikel,Frensdorf,Cerveza,,,,,+499502293,,http://www.brauerei-barnikel.de/,,,https://www.google.com/maps/search/?api=1&query=Privatbrauerei%20Barnikel%20Frensdorf,,,,parcial,no comprobado,
prossl-brau-adlersberg,Prössl-Bräu Adlersberg,Pettendorf,Cerveza,,,,,+4994041822,,https://www.proesslbraeu.de/,,,https://www.google.com/maps/search/?api=1&query=Pr%C3%B6ssl-Br%C3%A4u%20Adlersberg%20Pettendorf,,,,parcial,no comprobado,
regensburger-weissbrauhaus,Regensburger Weissbräuhaus,Regensburg,Cerveza,,,,,+499415997703,,https://www.regensburger-weissbrauhaus.de/index.php/de/,,,https://www.google.com/maps/search/?api=1&query=Regensburger%20Weissbr%C3%A4uhaus%20Regensburg,,,,parcial,no comprobado,
reichert,Reichert,Bad Staffelstein,Cerveza,,,,,+4995736304,,,,,https://www.google.com/maps/search/?api=1&query=Reichert%20Bad%20Staffelstein,,,,parcial,no comprobado,
reimanns,Reimanns,Ingolstadt,Cerveza,,,,,,,http://reimanns.in/,,,https://www.google.com/maps/search/?api=1&query=Reimanns%20Ingolstadt,,,,parcial,no comprobado,
reiter-brau,Reiter Bräu,Wartenberg,Cerveza,,,,,+49876273580,,https://www.hotel-reiter-braeu.de/,,,https://www.google.com/maps/search/?api=1&query=Reiter%20Br%C3%A4u%20Wartenberg,,,,parcial,no comprobado,
rhon-piraten-biergarten,Rhön-Piraten Biergarten,Ostheim vor der Rhön,Cerveza,,,,,+4997773582344,,https://www.rhoenpiraten.de/bier/der-biergarten/,,,https://www.google.com/maps/search/?api=1&query=Rh%C3%B6n-Piraten%20Biergarten%20Ostheim%20vor%20der%20Rh%C3%B6n,,,,parcial,no comprobado,
rosenauer-hofbrau-brauerei,Rosenauer Hofbräu Brauerei,Marktgraitz,Cerveza,,,,,+4995745083222,,https://xn--rosenauer-hofbru-9nb.de/,,,https://www.google.com/maps/search/?api=1&query=Rosenauer%20Hofbr%C3%A4u%20Brauerei%20Marktgraitz,,,,parcial,no comprobado,
rother-brau,Rother Bräu,Fladungen,Cerveza,,,,,+49977981010,,http://www.rotherbraeu.de,,,https://www.google.com/maps/search/?api=1&query=Rother%20Br%C3%A4u%20Fladungen,50.4905253,10.1210925,,parcial,no comprobado,
sappl-brau-almwiesen,Sappl Bräu Almwiesen,Holzkirchen,Cerveza,,,,,,,https://sapplbraeu.de/,,,https://www.google.com/maps/search/?api=1&query=Sappl%20Br%C3%A4u%20Almwiesen%20Holzkirchen,,,,parcial,no comprobado,
schafferhof,Schafferhof,Windischeschenbach,Cerveza,,,,,+499681917160,,https://www.schafferhof-zoigl.de/,,,https://www.google.com/maps/search/?api=1&query=Schafferhof%20Windischeschenbach,,,,parcial,no comprobado,
scheuerer-alm,Scheuerer Alm,Aschau am Inn,Cerveza,,,,,,,http://www.scheuern-aschau.de,,,https://www.google.com/maps/search/?api=1&query=Scheuerer%20Alm%20Aschau%20am%20Inn,,,,parcial,no comprobado,
schiller-brau,Schiller Bräu,München,Cerveza,,,,,+4989890584822,,https://www.schiller-braeu.de/,,,https://www.google.com/maps/search/?api=1&query=Schiller%20Br%C3%A4u%20M%C3%BCnchen,,,,parcial,no comprobado,
schloderer-brau,Schloderer Bräu,Amberg,Cerveza,,,,,+499621420707,,https://schlodererbraeu.de/,,,https://www.google.com/maps/search/?api=1&query=Schloderer%20Br%C3%A4u%20Amberg,,,,parcial,no comprobado,
schlossbrau-mariakirchen,Schlossbräu Mariakirchen,Arnstorf,Cerveza,,,,,,,https://www.schlossbraeu-mariakirchen.de/,,,https://www.google.com/maps/search/?api=1&query=Schlossbr%C3%A4u%20Mariakirchen%20Arnstorf,,,,parcial,no comprobado,
schlossbrauhaus-schwangau,Schlossbrauhaus Schwangau,Schwangau,Cerveza,,,,,+4983629264680,,https://schlossbrauhaus.de,,,https://www.google.com/maps/search/?api=1&query=Schlossbrauhaus%20Schwangau%20Schwangau,,,,parcial,no comprobado,
schlossbraukeller,Schlossbräukeller,Au i.d. Hallertau,Cerveza,,,,,+4987529822,,https://www.schlossbraeukeller.de/,,,https://www.google.com/maps/search/?api=1&query=Schlossbr%C3%A4ukeller%20Au%20i.d.%20Hallertau,,,,parcial,no comprobado,
schmittbrau,Schmittbräu,Scheßlitz,Cerveza,,,,,+499542563,,https://schmitt-braeu.de/,,,https://www.google.com/maps/search/?api=1&query=Schmittbr%C3%A4u%20Sche%C3%9Flitz,,,,parcial,no comprobado,
schmolzer-dorfbrauerei,Schmölzer Dorfbrauerei,Küps,Cerveza,,,,,,,https://schmoelzer-dorfbrauerei.jimdofree.com/,,,https://www.google.com/maps/search/?api=1&query=Schm%C3%B6lzer%20Dorfbrauerei%20K%C3%BCps,,,,parcial,no comprobado,
schnupp,Schnupp,Neudrossenfeld,Cerveza,,,,,,,http://gasthof-bayreuth-kulmbach.de/,,,https://www.google.com/maps/search/?api=1&query=Schnupp%20Neudrossenfeld,,,,parcial,no comprobado,
schwanen-brau,Schwanen-Bräu,Rattelsdorf,Cerveza,,,,,+499547481,,http://www.schwanen-braeu-ebing.de/,,,https://www.google.com/maps/search/?api=1&query=Schwanen-Br%C3%A4u%20Rattelsdorf,,,,parcial,no comprobado,
schwanenbrau,Schwanenbräu,Ebermannstadt,Cerveza,,,,,+499194209,,https://www.schwanenbraeu.de,,,https://www.google.com/maps/search/?api=1&query=Schwanenbr%C3%A4u%20Ebermannstadt,,,,parcial,no comprobado,
schwarzer-adler,Schwarzer Adler,Hallstadt,Cerveza,,,,,+4995175660,,https://www.brauerei-eichhorn.de/,,,https://www.google.com/maps/search/?api=1&query=Schwarzer%20Adler%20Hallstadt,,,,parcial,no comprobado,
servus-wally,Servus Wally,Neuötting,Cerveza,,,,,+4986719076060,,https://www.muellerbraeu-braugasthof.de/,,,https://www.google.com/maps/search/?api=1&query=Servus%20Wally%20Neu%C3%B6tting,,,,parcial,no comprobado,
sonnen-brau-mursbach,Sonnen-Bräu Mürsbach,Rattelsdorf,Cerveza,,,,,+499533981017,,https://sonnen-braeu.de/,,,https://www.google.com/maps/search/?api=1&query=Sonnen-Br%C3%A4u%20M%C3%BCrsbach%20Rattelsdorf,,,,parcial,no comprobado,
sonnenbrau-lichtenberg,Sonnenbräu Lichtenberg,Lichtenberg,Cerveza,,,,,+499288304,,,,,https://www.google.com/maps/search/?api=1&query=Sonnenbr%C3%A4u%20Lichtenberg%20Lichtenberg,,,,parcial,no comprobado,
stadlbrau,Stadlbräu,Oberhaching,Cerveza,,,,,,,https://biervonmir.com/,,,https://www.google.com/maps/search/?api=1&query=Stadlbr%C3%A4u%20Oberhaching,,,,parcial,no comprobado,
steinbach-brau,Steinbach-Bräu,Erlangen,Cerveza,,,,,+499131895912,,https://steinbach-braeu.de/,,,https://www.google.com/maps/search/?api=1&query=Steinbach-Br%C3%A4u%20Erlangen,,,,parcial,no comprobado,
stern-brau,Stern-Bräu,Schlüsselfeld,Cerveza,,,,,,,,,,https://www.google.com/maps/search/?api=1&query=Stern-Br%C3%A4u%20Schl%C3%BCsselfeld,,,,parcial,no comprobado,
sternbrau,Sternbräu,Schlüsselfeld,Cerveza,,,,,,,,,,https://www.google.com/maps/search/?api=1&query=Sternbr%C3%A4u%20Schl%C3%BCsselfeld,,,,parcial,no comprobado,
taubla,Täubla,Naila,Cerveza,,,,,,,,,,https://www.google.com/maps/search/?api=1&query=T%C3%A4ubla%20Naila,,,,parcial,no comprobado,
teicher-zoigl,Teicher-Zoigl,Windischeschenbach,Cerveza,,,,,,,https://bahler-zoigl.de/,,,https://www.google.com/maps/search/?api=1&query=Teicher-Zoigl%20Windischeschenbach,,,,parcial,no comprobado,
vogels-muhle,Vogel's Mühle,Scheßlitz,Cerveza,,,,,+4995421003,,,,,https://www.google.com/maps/search/?api=1&query=Vogel's%20M%C3%BChle%20Sche%C3%9Flitz,,,,parcial,no comprobado,
wagner-brau-kemmern,Wagner-Bräu Kemmern,Kemmern,Cerveza,,,,,+4995446746,,https://www.brauerei-wagner.de,,,https://www.google.com/maps/search/?api=1&query=Wagner-Br%C3%A4u%20Kemmern%20Kemmern,,,,parcial,no comprobado,
wamperling,Wamperling,Neustadt bei Coburg,Cerveza,,,,,,,http://www.wamperling.de,,,https://www.google.com/maps/search/?api=1&query=Wamperling%20Neustadt%20bei%20Coburg,,,,parcial,no comprobado,
weissbierbrauerei-behringer,Weißbierbrauerei Behringer,Vohenstrauß,Cerveza,,,,,+4996519244604,,https://www.brauerei-behringer.de/,,,https://www.google.com/maps/search/?api=1&query=Wei%C3%9Fbierbrauerei%20Behringer%20Vohenstrau%C3%9F,,,,parcial,no comprobado,
wilde-rose,Wilde Rose,Bamberg,Cerveza,,,,,+49951981820,,http://www.hotel-wilde-rose.de,,,https://www.google.com/maps/search/?api=1&query=Wilde%20Rose%20Bamberg,,,,parcial,no comprobado,
wirtshaus-klosterbrauerei-weissenohe,Wirtshaus Klosterbrauerei Weißenohe,Weißenohe,Cerveza,,,,,+4917610301489,,,,,https://www.google.com/maps/search/?api=1&query=Wirtshaus%20Klosterbrauerei%20Wei%C3%9Fenohe%20Wei%C3%9Fenohe,,,,parcial,no comprobado,
wirtshaus-zum-schweinsbrau,Wirtshaus zum Schweinsbräu,Glonn,Cerveza,,,,,+498093909445,,https://www.herrmannsdorfer.de/das-wirtshaus/,,,https://www.google.com/maps/search/?api=1&query=Wirtshaus%20zum%20Schweinsbr%C3%A4u%20Glonn,,,,parcial,no comprobado,
wolframstubn,Wolframstubn,Windischeschenbach,Cerveza,,,,,,,http://www.wolframstubn.de/,,,https://www.google.com/maps/search/?api=1&query=Wolframstubn%20Windischeschenbach,,,,parcial,no comprobado,
zoigl-voit,Zoigl-Voit,Pleystein,Cerveza,,,,,+4996541255,,http://www.zoigl-voit.de/,,,https://www.google.com/maps/search/?api=1&query=Zoigl-Voit%20Pleystein,,,,parcial,no comprobado,
zum-roudn,Zum Roud’n,Windischeschenbach,Cerveza,,,,,+4996812185,,https://zoiglbier.de/die-brauer/windischeschenbach/zum-roudn/,,,https://www.google.com/maps/search/?api=1&query=Zum%20Roud%E2%80%99n%20Windischeschenbach,,,,parcial,no comprobado,
klosterbrauerei-reutberg,Klosterbrauerei Reutberg,Sachsenkam,Cerveza,,,,,,,http://www.klosterbrauerei-reutberg.de,,,https://www.google.com/maps/search/?api=1&query=Klosterbrauerei%20Reutberg%20Sachsenkam,,,,parcial,no comprobado,
kommunbrauhaus-unfinden,Kommunbrauhaus (Unfinden),Königsberg in Bayern,Cerveza,,,,,,,,,,https://www.google.com/maps/search/?api=1&query=Kommunbrauhaus%20(Unfinden)%20K%C3%B6nigsberg%20in%20Bayern,,,,parcial,no comprobado,
besthans-biohof,Besthans Biohof,Kirchheim in Schwaben,Aceite,"Aceite de cáñamo, aceite de camelina, aceite de lino, té de cáñamo","Bergstraße 1, 87757 Kirchheim in Schwaben",Granja ecológica familiar de Alice y Albert Lochbrunner que cultiva cáñamo y cereales y prensa sus propios aceites.,,+4982668693998,besthans@posteo.de,https://hanftaube.de/,,https://www.instagram.com/besthansbiohof/,,48.1801671,10.4711115,,verificado,sí,ecommerce
abtei-maria-frieden,Abtei Maria Frieden,Zapfendorf,Fruta y verdura,"Organic potatoes, onions and seasonal vegetables","Kirchschletten 30, 96199 Zapfendorf","Benedictine abbey with a Bioland farm and direct sale of its seasonal produce in the monastery shop.","Mo-Sa 08:00-11:30,14:00-17:30",+49954792230,gemuese@abtei-maria-frieden.de,https://abtei-maria-frieden.de/biolandwirtschaft/direktvermarktung/klosterladen/index.html,,,https://www.google.com/maps/search/?api=1&query=Abtei%20Maria%20Frieden%20Zapfendorf,50.0129066,10.9758353,,verificado,sí,email
bio-gefluegelhof-adalbert-wolf,Bio-Geflügelhof Adalbert Wolf,Wallerstein,Huevos,Organic eggs,"Dietweg 15, 86757 Birkhausen","Small Bioland family farm with laying hens and self-grown organic feed.",,,,,,,https://www.google.com/maps/search/?api=1&query=Bio-Gefl%C3%BCgelhof%20Adalbert%20Wolf%20Birkhausen,48.9003539,10.4855717,,parcial,no comprobado,
beim-kiasn,Beim Kiasn,Halfing,Huevos,"Organic eggs and noodles","Mühldorf 11, 83128 Halfing","Demeter family farm selling its own eggs and noodles from a self-service farm kiosk.",24/7,+4980559147,info@beimkiasn.de,https://www.beimkiasn.de/,,,https://www.google.com/maps/search/?api=1&query=Beim%20Kiasn%20Halfing,47.9439897,12.2568355,,parcial,no comprobado,
