slug,nombre,municipio,categoria,productos estrella,direccion,descripcion,horario,telefono,correo,web,Facebook,Instagram,Google Maps,lat,lon,imagen,verificacion,Venta online,Canal de venta,categorias adicionales,producer_id,descripcion_locale,visitas guiadas,mensaje a la comunidad,mensaje_comunidad_locale,enlace destacado 1,enlace destacado 2,country,region,area,video,quien hay detras,quien_hay_detras_locale,historia,historia_locale,fecha ultimo cambio
bodegas-la-eralta-agoncillo,BODEGAS LA ERALTA,Agoncillo,Vino,"Vino tinto, vino blanco, vino rosado","Av. Cameros, 27, 26160 Agoncillo, La Rioja, España","Bodegas La Eralta, en Agoncillo, elabora vinos de las gamas Altos de Bergasa, Diec18cho Olivos, Hacienda El Olmo, Ivanto, Señorío de La Eralta y Viña Bombín.","lunes: 9:00–14:00, 15:00–18:00 | martes: 9:00–14:00, 15:00–18:00 | miércoles: 9:00–14:00, 15:00–18:00 | jueves: 9:00–14:00, 15:00–18:00 | viernes: 9:00–14:00, 15:00–18:00 | sábado: Cerrado | domingo: Cerrado",+34941395092,correo@bodegaslaeralta.com,http://www.bodegaslaeralta.com,,https://www.instagram.com/bodegaslaeralta/,https://www.google.com/maps/search/?api=1&query=BODEGAS%20LA%20ERALTA&query_place_id=ChIJbfhFjumlWg0RrdiXy3yNf34,42.435888,-2.2842008,/productores/es/la-rioja/la-rioja/bodegas-la-eralta-agoncillo.webp,,no,,,2106,es,,,,,,es,la-rioja,la-rioja,,,,,,
almazara-iregua-albelda-de-iregua,Almazara Iregua,Albelda de Iregua,Aceite,Aceite de oliva virgen extra,"Camino de los carrascales, 4-7, 26120 Albelda de Iregua, La Rioja, España","La familia García Cámara extrae aceituna de sus propios olivares ecológicos y comercializa sus aceites bajo las marcas Candor, Santificetur y 916 en Albelda de Iregua.",Consultar web o venta directa,+34941743931,,,,,https://www.google.com/maps/search/?api=1&query=Almazara%20Iregua&query_place_id=ChIJVRCIFABTRQ0RooaowiGaKWs,42.3809707,-2.4783782,,pendiente,no comprobado,,,645,es,,,,,,es,la-rioja,la-rioja,,,,,,
bodegas-vinicola-real-200-monges-albelda-de-iregua,BODEGAS VINÍCOLA REAL 200 MONGES,Albelda de Iregua,Vino,"Vino tinto, vino blanco, vino rosado","Carr. de Nalda, Km 9, 26120 Albelda de Iregua, La Rioja, España","Vinícola Real elabora en Albelda de Iregua los vinos 200 Monges, Cueva del Monge, Confesor y Ondipuerko; su catálogo incluye también el vermut San Bernabé Gran Reserva Especial.",lunes: 8:00–22:00 | martes: 8:00–22:00 | miércoles: 8:00–22:00 | jueves: 8:00–22:00 | viernes: 8:00–22:00 | sábado: 8:00–22:00 | domingo: 8:00–13:00,+34941444233,info@vinicolareal.com,http://vinicolareal.com,https://es-es.facebook.com/BodegasVinicolaReal/,https://www.instagram.com/200monges/,https://www.google.com/maps/search/?api=1&query=BODEGAS%20VIN%C3%8DCOLA%20REAL%20200%20MONGES&query_place_id=ChIJGxb70EVNRQ0RObYM7iHYtw8,42.3539509,-2.4757012,/productores/es/la-rioja/la-rioja/bodegas-vinicola-real-200-monges-albelda-de-iregua.webp,,sí,ecommerce,,2483,es,,,,,,es,la-rioja,la-rioja,,,,,,
latente-c-b-bodegas-y-vinedos-albelda-de-iregua,"Latente, C.B., Bodegas y Viñedos",Albelda de Iregua,Vino,"Vino tinto, vino blanco, vino rosado","Las Bodegas S/N, 26120 Albelda de Iregua, La Rioja, España",,Consultar web o venta directa,+34941443048,latente2003@gmail.com,http://www.bodegaslatente.com,,,https://www.google.com/maps/search/?api=1&query=Latente%2C%20C.B.%2C%20Bodegas%20y%20Vi%C3%B1edos&query_place_id=ChIJX5ZJpVBNRQ0RZMBJNmotKyc,42.361724,-2.469711,,pendiente,no comprobado,,,8049,,,,,,,es,la-rioja,la-rioja,,,,,,
tierra-antigua-albelda-de-iregua,TIERRA ANTIGUA,Albelda de Iregua,Vino,"Vino tinto, vino blanco, vino rosado","C. Monje Vigila, 26120 Albelda de Iregua, La Rioja, España",,lunes: 8:30–24:00 | martes: 8:30–24:00 | miércoles: 8:30–24:00 | jueves: 8:30–24:00 | viernes: 8:30–24:00 | sábado: 8:30–24:00 | domingo: 8:30–24:00,+34941444233,INFO@VINICOLAREAL.COM,,,,https://www.google.com/maps/search/?api=1&query=TIERRA%20ANTIGUA&query_place_id=EjlDLiBNb25qZSBWaWdpbGEsIDI2MTIwIEFsYmVsZGEgZGUgSXJlZ3VhLCBMYSBSaW9qYSwgU3BhaW4iLiosChQKEgnrAUoIXk1FDREswR3w7C8gSRIUChIJE3vWnkVNRQ0RuZSxNJH90K0,42.3622398,-2.4792648,,pendiente,no comprobado,,,11825,,,,,,,es,la-rioja,la-rioja,,,,,,
embutidos-bueyo-albelda-de-iregua,Embutidos Bueyo,Albelda de Iregua,Carne,Embutidos artesanos,"Cam. Viejo de Logroño, S/N, 26120 Albelda de Iregua, La Rioja, España","Embutidos Bueyo, en Albelda de Iregua, está dirigido por la segunda generación de la familia Ochagavia-Pascual y elabora embutidos y patés de porcino bajo las marcas Bueyo y Naturterae.","lunes: 9:00–13:30, 15:00–19:00 | martes: 9:00–13:30, 15:00–19:00 | miércoles: 9:00–13:30, 15:00–19:00 | jueves: 9:00–13:30, 15:00–19:00 | viernes: 8:00–14:00 | sábado: Cerrado | domingo: Cerrado",+34941443232,,,,,https://www.google.com/maps/search/?api=1&query=Embutidos%20Bueyo&query_place_id=ChIJJ8T_FmJNRQ0R-eOy46tIXPw,42.365908,-2.485923000000001,/productores/es/la-rioja/la-rioja/embutidos-bueyo-albelda-de-iregua.webp,pendiente,no comprobado,,,5401,es,,,,,,es,la-rioja,la-rioja,,,,,,
palacios-alimentacion-albelda-de-iregua,Palacios Alimentación,Albelda de Iregua,Carne,Chorizo Riojano,"Ctra. de Logroño, s/n, 26120 Albelda de Iregua, La Rioja, España","Palacios Alimentación, con planta en Albelda de Iregua, produce chorizos, chistorra, pizzas frescas, tortillas, platos preparados y pastelería bajo marcas como Palacios, Floristán y San Martín.",lunes: 9:00–18:00 | martes: 9:00–18:00 | miércoles: 9:00–18:00 | jueves: 9:00–18:00 | viernes: 9:00–18:00 | sábado: Cerrado | domingo: Cerrado,+34941443032,,https://www.palacios.es/home,,https://www.instagram.com/palaciosalimentacion/,https://www.google.com/maps/search/?api=1&query=Palacios%20Alimentaci%C3%B3n&query_place_id=ChIJFzmIUmBNRQ0R-y-3VslpCJE,42.3654117,-2.4822339,,,no,,,9419,es,,,,,,es,la-rioja,la-rioja,,,,,,
la-rua-brewery-albelda-de-iregua,La Rúa Brewery,Albelda de Iregua,Cerveza,Cerveza artesana,"Carr. de Nalda, km 9, 26120 Albelda de Iregua, La Rioja, España",,Consultar web o venta directa,,,,,,https://www.google.com/maps/search/?api=1&query=La%20R%C3%BAa%20Brewery&query_place_id=ChIJLXqhjUNNRQ0RgOXntzBU9UU,42.3538434,-2.4757821,,pendiente,no comprobado,,,7846,,,,,,,es,la-rioja,la-rioja,,,,,,
kankel-cacao-bean-to-bar-albelda-de-iregua,Kankel Cacao Bean to Bar,Albelda de Iregua,Chocolate,Chocolate bean to bar,"Pol. Ind. La Yasa, 3, 26120 Albelda de Iregua, La Rioja, España","Kankel Cacao, en Albelda de Iregua, trabaja el chocolate bean to bar: selecciona el origen, fermenta y seca el cacao al sol y tuesta las habas a baja temperatura.",lunes: 8:00–15:00 | martes: 8:00–15:00 | miércoles: 8:00–15:00 | jueves: 8:00–15:00 | viernes: 8:00–14:00 | sábado: Cerrado | domingo: Cerrado,+34660591251,,http://www.kankelcacao.com/,,https://www.instagram.com/cacaokankel/,https://www.google.com/maps/search/?api=1&query=Kankel%20Cacao%20Bean%20to%20Bar&query_place_id=ChIJr3EWD49NRQ0RimaZFwrr-Co,42.3487854,-2.4774305,/productores/es/la-rioja/la-rioja/kankel-cacao-bean-to-bar-albelda-de-iregua.webp,,sí,ecommerce,,7427,es,,,,,,es,la-rioja,la-rioja,,,,,,
criadores-de-rioja-alberite,CRIADORES DE RIOJA,Alberite,Vino,"Vino tinto, vino blanco, vino rosado","C. los Tinos, 52, 72, 26141 Alberite, La Rioja, España","Criadores de Rioja, con bodega en Alberite, trabaja con más de 500 familias viticultoras y supervisa 550 hectáreas con Tempranillo, Garnacha, Maturana Tinta, Graciano y Mazuelo, además de variedades blancas tradicionales.",lunes: 7:00–15:00 | martes: 7:00–15:00 | miércoles: 7:00–15:00 | jueves: 7:00–15:00 | viernes: 7:00–15:00 | sábado: Cerrado | domingo: Cerrado,+34941436702,hugo.export@criadoresderioja.com,http://www.castilloclavijo.com,,,https://www.google.com/maps/search/?api=1&query=CRIADORES%20DE%20RIOJA&query_place_id=ChIJYxF90xytWg0R5CA_PEkIopA,42.404361,-2.4265013,/productores/es/la-rioja/la-rioja/criadores-de-rioja-alberite.webp,,no,,,4685,es,,,,,,es,la-rioja,la-rioja,,,,,,
jalon-s-l-bodegas-alberite,"Jalon, S.L., Bodegas",Alberite,Vino,"Vino tinto, vino blanco, vino rosado","Calle Camino de Ribafrecha, 26141 Alberite, La Rioja, España","Bodegas Jalón cultiva 10 hectáreas propias en Alberite con manejo ecológico; sus vinos certificados se elaboran con Tempranillo, Mazuelo y Graciano bajo las marcas Peña Aldera y Lamiturri.",Consultar web o venta directa,+34618717795,fernando@bodegasjalon.com,http://www.bodegasjalon.com,,,https://www.google.com/maps/search/?api=1&query=Jalon%2C%20S.L.%2C%20Bodegas&query_place_id=ChIJ2VTrQQatWg0RmfUxuIGsTKQ,42.39845589999999,-2.4235881,,,no,,,7192,es,,,,,,es,la-rioja,la-rioja,,,,,,
victor-ausejo-viticultor-alberite,VÍCTOR AUSEJO VITICULTOR,Alberite,Vino,"Vino tinto, vino blanco, vino rosado","C. del Pintor Moreda, 32, 26141 Alberite, La Rioja, España","Víctor Ausejo elabora en Alberite vinos artesanales de edición limitada con variedades riojanas minoritarias como Garnacha Blanca, Garnacha Tinta y Mazuelo, desde una microbodega de mínima intervención en el valle del Iregua.",lunes: 9:00–20:00 | martes: 9:00–20:00 | miércoles: 9:00–20:00 | jueves: 9:00–20:00 | viernes: 9:00–20:00 | sábado: Cerrado | domingo: Cerrado,+34665984613,victorausejoviticultor@gmail.com,http://www.victorausejoviticultor.com,,https://www.instagram.com/victorausejoviticultor/,https://www.google.com/maps/search/?api=1&query=V%C3%8DCTOR%20AUSEJO%20VITICULTOR&query_place_id=ChIJzxSFpS-tWg0R0QB_jpMICRY,42.4050768,-2.4381093,/productores/es/la-rioja/la-rioja/victor-ausejo-viticultor-alberite.webp,,no,,,12156,es,,,,,,es,la-rioja,la-rioja,,,,,,
conservas-tarvis-s-a-alberite,Conservas Tarvis S.A.,Alberite,Conservas,Conservas vegetales,"C /Senado fondo decha entrada por, Av. de Navarra, 26141 Alberite, La Rioja, España","Conservas Tarvis, en Alberite, fabrica conservas desde 1965 y aplica pasteurización hermética; entre sus productos figuran las guindillas riojanas en aceite, los pepinillos rellenos de anchoa y las piparras en vinagre.",Consultar web o venta directa,+34941436415,,https://www.conservas-tarvis.com/,,,https://www.google.com/maps/search/?api=1&query=Conservas%20Tarvis%20S.A.&query_place_id=ChIJDcGxJeCsWg0RtJIgA3w0lFk,42.4092129,-2.4396289,,,sí,ecommerce,,4357,es,,,,,,es,la-rioja,la-rioja,,,,,,
gutisgan-26-sl-alberite,Gutisgan 26 SL,Alberite,Lácteos y quesos,Leche cruda de vaca,"Camino Carragoncillo, s/n, 26141 Alberite, La Rioja, España","Explotación de vacuno de leche y producción de leche cruda en Alberite, continuidad de Gutisgan S.C. tras su transformación en sociedad limitada en 2026.",Consultar disponibilidad,,,,,,,42.40486,-2.42343,,pendiente,no comprobado,,,6672,es,,,,,,es,la-rioja,la-rioja,,,,,,
bodega-beleluin-alcanadre,BODEGA BELELUIN,Alcanadre,Vino,"Vino tinto, vino blanco, vino rosado","Calle Ctra. Estación, 12, 26509 Alcanadre, La Rioja, España","Beleluin reúne desde 2009 a cuatro hermanas de una familia bodeguera; en Alcanadre trabaja 35 hectáreas de viñedo propio y elabora vinos de Tempranillo, Garnacha y Viura.",lunes: 9:00–20:00 | martes: 9:00–20:00 | miércoles: 9:00–20:00 | jueves: 9:00–20:00 | viernes: 9:00–20:00 | sábado: 9:00–20:00 | domingo: 9:00–20:00,+34687562770,bodega@beleluin.com,http://www.beleluin.com/,https://www.facebook.com/bodegasbeleluin.vinosamadeo?fref=ts,,https://www.google.com/maps/search/?api=1&query=BODEGA%20BELELUIN&query_place_id=ChIJPdLtBFuYWg0RMD1NnUmzruQ,42.405198,-2.1231183,/productores/es/la-rioja/la-rioja/bodega-beleluin-alcanadre.webp,,no,,,1304,es,,,,,,es,la-rioja,la-rioja,,,,,,
bodegas-aradon-alcanadre,BODEGAS ARADÓN,Alcanadre,Vino,"Vino tinto, vino blanco, vino rosado","C. San Isidro, 46, 26509 Alcanadre, La Rioja, España","Bodegas Aradón, en Alcanadre, cultiva viñedos de más de 90 años; sus vinos combinan Tempranillo y Garnacha y proceden de suelos arcillo-calcáreos.",lunes: 7:00–15:00 | martes: 7:00–15:00 | miércoles: 7:00–15:00 | jueves: 7:00–15:00 | viernes: 7:00–15:00 | sábado: 10:00–14:00 | domingo: Cerrado,+34609454305,export@aradon.es,http://www.aradon.es,https://www.facebook.com/profile.php?id=100010564038252,https://www.instagram.com/bodegasaradon/,https://www.google.com/maps/search/?api=1&query=BODEGAS%20ARAD%C3%93N&query_place_id=ChIJydFk0_yOWg0R3nOLVlCz5Do,42.4031668,-2.1250497,,,no,,,1797,es,,,,,,es,la-rioja,la-rioja,,,,,,
ochagavia-s-l-bodegas-alcanadre,"Ochagavia, S.L., Bodegas",Alcanadre,Vino,"Vino tinto, vino blanco, vino rosado","Calle Ctra. Estación, 31, BAJO, 26509 Alcanadre, La Rioja, España",Bodegas Ochagavia elabora vino en Alcanadre desde 1880 y mantiene cinco generaciones de tradición; trabaja principalmente Tempranillo y Garnacha y conserva las marcas Venta Rufo y Venta Vieja.,Consultar web o venta directa,+34941165010,bodegasochagavia@hotmail.com,http://www.bodegasochagavia.com,,https://www.instagram.com/bodegasochagavia/,https://www.google.com/maps/search/?api=1&query=Ochagavia%2C%20S.L.%2C%20Bodegas&query_place_id=ChIJ4fOOHl2YWg0R6PJvCmqS-tE,42.4064272,-2.1216049,/productores/es/la-rioja/la-rioja/ochagavia-s-l-bodegas-alcanadre.webp,,no,,,9176,es,,,,,,es,la-rioja,la-rioja,,,,,,
reinares-fernandez-noe-alcanadre,"Reinares Fernández, Noe",Alcanadre,Vino,"Vino tinto, vino blanco, vino rosado","26509 Alcanadre, La Rioja, España",,Consultar web o venta directa,+34659373516,bodegasnoe@gmail.com,,,,https://www.google.com/maps/search/?api=1&query=Reinares%20Fern%C3%A1ndez%2C%20Noe&query_place_id=ChIJn7OQp1yYWg0RKNDLn9gj8fk,42.404996,-2.1217041,,pendiente,no comprobado,,,11079,,,,,,,es,la-rioja,la-rioja,,,,,,
vinicola-riojana-de-alcanadre-s-c-alcanadre,"Vinícola Riojana de Alcanadre, S.C.",Alcanadre,Vino,"Vino tinto, vino blanco, vino rosado","C. San Isidro, 46, 26509 Alcanadre, La Rioja, España","La Vinícola Riojana de Alcanadre elabora bajo la marca Aradón vinos de Rioja con viñedos centenarios sobre suelos arcillo-calcáreos; su gama incluye tintos, rosados y blancos de Tempranillo, Garnacha, Mazuelo, Graciano y Viura.",lunes: 7:00–15:00 | martes: 7:00–15:00 | miércoles: 7:00–15:00 | jueves: 7:00–15:00 | viernes: 7:00–15:00 | sábado: 10:00–14:00 | domingo: Cerrado,+34941165036,vinicola@riojanadealcanadre.com,http://www.aradon.es/,,,https://www.google.com/maps/search/?api=1&query=Vin%C3%ADcola%20Riojana%20de%20Alcanadre%2C%20S.C.&query_place_id=ChIJ4Q0ur0KYWg0RGrMKLhMFcMg,42.40321,-2.1250573,,,no,,,12240,es,,,,,,es,la-rioja,la-rioja,,,,,,
conservas-gomez-aguirre-alcanadre,Conservas Gómez Aguirre,Alcanadre,Conservas,Conservas vegetales,"Senda Acequia, 2, 26509 Alcanadre, La Rioja, España","Conservas Gómez Aguirre, en Alcanadre, ofrece espárragos blancos, pochas, alubias, pimientos del piquillo, alcachofas y conservas de bonito, además de productos preparados.","lunes: 9:00–13:00, 15:00–19:00 | martes: 9:00–13:00, 15:00–19:00 | miércoles: 9:00–13:00, 15:00–19:00 | jueves: 9:00–13:00, 15:00–19:00 | viernes: 9:00–13:00, 15:00–19:00 | sábado: Cerrado | domingo: Cerrado",+34941165069,,https://conservasgomezaguirre.com/,,,https://www.google.com/maps/search/?api=1&query=Conservas%20G%C3%B3mez%20Aguirre&query_place_id=ChIJGw7-9lyYWg0Rs3wFEn-YQPo,42.40673690000001,-2.1225343,/productores/es/la-rioja/la-rioja/conservas-gomez-aguirre-alcanadre.webp,,sí,ecommerce,,4297,es,,,,,,es,la-rioja,la-rioja,,,,,,
almazara-riojana-aldeanueva-de-ebro,Almazara Riojana,Aldeanueva de Ebro,Aceite,Aceite de oliva virgen extra,"Carretera, LR-115, km 43, 26559 Aldeanueva de Ebro, La Rioja, España","Almazara Riojana cultiva sus olivos con un sistema superintensivo y produce en Aldeanueva de Ebro los AOVE Oleus, Ecoleus y Altex. Ecoleus temprano se elabora con Arbequina, Redondilla y Hojiblanca.","lunes: 9:30–13:30, 15:00–18:00 | martes: 9:30–13:30, 15:00–18:00 | miércoles: 9:30–13:30, 15:00–18:00 | jueves: 9:30–13:30, 15:00–18:00 | viernes: 9:30–13:30, 15:00–18:00 | sábado: 9:30–13:30 | domingo: Cerrado",+34941163164,,https://www.almazarariojana.es/,,https://www.instagram.com/almazara_riojana/,https://www.google.com/maps/search/?api=1&query=Almazara%20Riojana&query_place_id=ChIJH7theEiTWg0R-u-vfmXOU2s,42.2243983,-1.8994563,/productores/es/la-rioja/la-rioja/almazara-riojana-aldeanueva-de-ebro.webp,,sí,ecommerce,,667,es,,,,,,es,la-rioja,la-rioja,,,,,,
bodegas-ciceron-aldeanueva-de-ebro,BODEGAS CICERÓN,Aldeanueva de Ebro,Vino,"Vino tinto, vino blanco, vino rosado","26559 Aldeanueva de Ebro, La Rioja, España","Bodegas Cicerón integra en Aldeanueva de Ebro el cultivo de la vid, la selección de uva, la vendimia, la crianza y el embotellado; trabaja Tempranillo, Graciano, Garnacha, Mazuelo y Viura.",Consultar web o venta directa,+34696955971,export@bodegasciceron.com,,,,https://www.google.com/maps/search/?api=1&query=BODEGAS%20CICER%C3%93N&query_place_id=ChIJMzID_zaLWg0Rre28zBSYhpo,42.2266943,-1.8868324,,pendiente,no comprobado,,,1915,es,,,,,,es,la-rioja,la-rioja,,,,,,
bodegas-d-mateos-aldeanueva-de-ebro,Bodegas d Mateos,Aldeanueva de Ebro,Vino,"Vino tinto, vino blanco, vino rosado","Camino de Los Agudos, S/N, 26559 Aldeanueva de Ebro, La Rioja, España","Bodegas d. Mateos cultiva viñedos en la Rioja Baja y elabora en Aldeanueva de Ebro vinos como La Mateo, Tío Martín Crianza, La Vanidosa Nº1 y La Mateo Tempranillo blanco.",lunes: 7:00–15:00 | martes: 7:00–15:00 | miércoles: 7:00–15:00 | jueves: 7:00–15:00 | viernes: 7:00–15:00 | sábado: Cerrado | domingo: Cerrado,+34941261897,administracion@bodegasmateos.com,https://www.bodegaslamateo.com/es/,,https://www.instagram.com/bodegasmateos/,https://www.google.com/maps/search/?api=1&query=Bodegas%20d%20Mateos&query_place_id=ChIJ7XusP0aLWg0Rm3reRdlfhzM,42.2316495,-1.8938566,/productores/es/la-rioja/la-rioja/bodegas-d-mateos-aldeanueva-de-ebro.webp,,sí,ecommerce,,1938,es,,,,,,es,la-rioja,la-rioja,,,,,,
bodegas-del-medievo-aldeanueva-de-ebro,BODEGAS DEL MEDIEVO,Aldeanueva de Ebro,Vino,"Vino tinto, vino blanco, vino rosado","s/n, C. San Roque, 26559 Aldeanueva de Ebro, La Rioja, España","Bodegas del Medievo trabaja con viñedos propios de hasta 50 años y ofrece las gamas Medievo, Tuercebotas, ecológicos y Cofrade, con monovarietales de Tempranillo Blanco, Graciano y Garnacha.",lunes: 8:00–18:00 | martes: 8:00–18:00 | miércoles: 8:00–18:00 | jueves: 8:00–18:00 | viernes: 8:00–18:00 | sábado: Cerrado | domingo: Cerrado,+34941163141,lorena@bodegasdelmedievo.com,http://www.bodegasdelmedievo.com,,https://www.instagram.com/bodegasdelmedievo/,https://www.google.com/maps/search/?api=1&query=BODEGAS%20DEL%20MEDIEVO&query_place_id=ChIJffIwgEeLWg0R0pbS2hA3yMk,42.234828,-1.895228,/productores/es/la-rioja/la-rioja/bodegas-del-medievo-aldeanueva-de-ebro.webp,,no,,,1950,es,,,,,,es,la-rioja,la-rioja,,,,,,
bodegas-domeco-de-jarauta-aldeanueva-de-ebro,Bodegas Domeco de Jarauta,Aldeanueva de Ebro,Vino,"Vino tinto, vino blanco, vino rosado","Camino Sendero Royal, 5, 26559 Aldeanueva de Ebro, La Rioja, España","Bodegas Domeco de Jarauta elabora en Aldeanueva de Ebro vinos de viñedo propio, con 100 hectáreas y variedades como Tempranillo, Garnacha, Mazuelo y Graciano. Su gama incluye el ecológico Lar de Sotomayor y los vinos Zeledonio y Domeco de Jarauta.","lunes: 9:00–14:00, 15:00–18:00 | martes: 9:00–14:00, 15:00–18:00 | miércoles: 9:00–14:00, 15:00–18:00 | jueves: 9:00–14:00, 15:00–18:00 | viernes: 9:00–14:00, 15:00–18:00 | sábado: 9:00–14:00, 15:00–18:00 | domingo: 9:00–14:00, 15:00–18:00",+34941163078,info@bodegasdomecodejarauta.com,http://www.bodegasdomecodejarauta.com,,https://www.instagram.com/bodegasdomecodejarauta/,https://www.google.com/maps/search/?api=1&query=Bodegas%20Domeco%20de%20Jarauta&query_place_id=ChIJH3_GlTaLWg0RBsJ45v43GhM,42.2360683,-1.8996111,/productores/es/la-rioja/la-rioja/bodegas-domeco-de-jarauta-aldeanueva-de-ebro.webp,,sí,ecommerce,,1966,es,,,,,,es,la-rioja,la-rioja,,,,,,
bodegas-lacus-aldeanueva-de-ebro,Bodegas Lacus,Aldeanueva de Ebro,Vino,"Vino tinto, vino blanco, vino rosado","C. Miguel de Unamuno, 26559 Aldeanueva de Ebro, La Rioja, España","Bodegas Lacus, en Aldeanueva de Ebro, trabaja parcelas propias con vendimia manual y elabora la familia Inédito; incluye vinos de Graciano, Garnacha y Turruntes con Maturana Blanca, algunos sin filtración agresiva.",Consultar web o venta directa,+34649331799,luis.arnedo@bodegaslacus.com,http://www.bodegaslacus.com/,,,https://www.google.com/maps/search/?api=1&query=Bodegas%20Lacus&query_place_id=ChIJFY1rgjiLWg0RTk9qpIdkYn4,42.2334496,-1.890329,/productores/es/la-rioja/la-rioja/bodegas-lacus-aldeanueva-de-ebro.webp,,no,,,2115,es,,,,,,es,la-rioja,la-rioja,,,,,,
bodegas-sendero-royal-aldeanueva-de-ebro,Bodegas Sendero Royal,Aldeanueva de Ebro,Vino,"Vino tinto, vino blanco, vino rosado","La Rioja-384, Km 0.8, 26559 Aldeanueva de Ebro, La Rioja, España","Sendero Royal elabora en Aldeanueva de Ebro vinos Tempranillo, Tempranillo Blanco, Garnacha, Crianza, Reserva y Edición Limitada; trabaja también Graciano y Mazuelo.",Consultar web o venta directa,+34696411492,info@senderoroyal.com,http://www.senderoroyal.com,,,https://www.google.com/maps/search/?api=1&query=Bodegas%20Sendero%20Royal&query_place_id=ChIJ9wt2RGmLWg0RYAMvzoyyZyE,42.2443604,-1.8960904,/productores/es/la-rioja/la-rioja/bodegas-sendero-royal-aldeanueva-de-ebro.webp,,no,,,2380,es,,,,,,es,la-rioja,la-rioja,,,,,,
bodegas-vina-herminia-aldeanueva-de-ebro,Bodegas Viña Herminia,Aldeanueva de Ebro,Vino,"Vino tinto, vino blanco, vino rosado","Rioja, la ES, Camino de los Agudos, 1, 26559 Aldeanueva de Ebro, La Rioja, España","Bodega de Aldeanueva de Ebro con una arquitectura en forma de H y 3.200 barricas. Viña Herminia elabora crianzas, reservas y Excelsus a partir de variedades riojanas como Tempranillo, Garnacha, Graciano y Viura.",lunes: 11:00–17:00 | martes: 11:00–17:00 | miércoles: 11:00–17:00 | jueves: 11:00–17:00 | viernes: 11:00–17:00 | sábado: 11:00–17:00 | domingo: Cerrado,+34941142305,carlos.ruiz@caballero.es,http://www.vinaherminia.es,https://www.facebook.com/v.herminia?ref=bookmarks,https://www.instagram.com/herminiarioja/,https://www.google.com/maps/search/?api=1&query=Bodegas%20Vi%C3%B1a%20Herminia&query_place_id=ChIJwUgaok-LWg0RDTAnllyA1Bo,42.2292622,-1.8981328,,,no,,,2472,es,,,,,,es,la-rioja,la-rioja,,,,,,
bodegas-alvarez-alfaro-aldeanueva-de-ebro,Bodegas Álvarez Alfaro,Aldeanueva de Ebro,Vino,"Vino tinto, vino blanco, vino rosado","La Rioja-384, 26559 Aldeanueva de Ebro, La Rioja, España","Bodegas Álvarez Alfaro, en Aldeanueva de Ebro, elabora vinos con Tempranillo y Garnacha y presenta una línea basada en la herencia y la innovación.",lunes: 9:00–14:00 | martes: 9:00–14:00 | miércoles: 9:00–14:00 | jueves: 9:00–14:00 | viernes: 9:00–14:00 | sábado: Cerrado | domingo: Cerrado,+34941144210,info@bodegasalvarezalfaro.com,https://bodegasalvarezalfaro.com/,,https://www.instagram.com/bodegasalvarezalfaro/,https://www.google.com/maps/search/?api=1&query=Bodegas%20%C3%81lvarez%20Alfaro&query_place_id=ChIJP7L_bGmLWg0RzbHQbd0ko5Q,42.2431385,-1.8943482,/productores/es/la-rioja/la-rioja/bodegas-alvarez-alfaro-aldeanueva-de-ebro.webp,,no,,,1783,es,,,,,,es,la-rioja,la-rioja,,,,,,
finca-montote-s-l-u-aldeanueva-de-ebro,"Finca Montote, S.L.U.",Aldeanueva de Ebro,Vino,"Vino tinto, vino blanco, vino rosado","Paraje Pozo Salado - Pol. 24 Parc. 53, 26559 Aldeanueva de Ebro, La Rioja, España","Finca Montote se sitúa frente al Moncayo, en la Sierra de los Agudos; trabaja Garnacha y Tempranillo y ofrece vinos como Altos de Montote Garnacha, Finca Montote Reserva y Montote Sauvignon Blanc Crianza.",lunes: 9:00–15:00 | martes: 9:00–15:00 | miércoles: 9:00–15:00 | jueves: 9:00–15:00 | viernes: 9:00–15:00 | sábado: Cerrado | domingo: Cerrado,+34629572435,jjfernandez@fincamontote.com,http://www.fincamontote.com/,,,https://www.google.com/maps/search/?api=1&query=Finca%20Montote%2C%20S.L.U.&query_place_id=ChIJ29V_oUONWg0RiMz_sm6cyPA,42.2340351,-1.9191549,/productores/es/la-rioja/la-rioja/finca-montote-s-l-u-aldeanueva-de-ebro.webp,,sí,ecommerce,,5866,es,,,,,,es,la-rioja,la-rioja,,,,,,
fincas-de-azabache-aldeanueva-de-ebro,FINCAS DE AZABACHE,Aldeanueva de Ebro,Vino,"Vino tinto, vino blanco, vino rosado","C. el Peso, 3, 26559 Aldeanueva de Ebro, La Rioja, España","Fincas de Azabache, en Aldeanueva de Ebro, es la bodega del grupo dedicada a elaborar los vinos Azabache a partir de fincas seleccionadas.",lunes: Cerrado | martes: Cerrado | miércoles: Cerrado | jueves: Cerrado | viernes: Cerrado | sábado: 12:30–15:30 | domingo: 12:30–15:30,+34941163039,nora@aldeanueva.com,http://www.aldeanueva.com,,,https://www.google.com/maps/search/?api=1&query=FINCAS%20DE%20AZABACHE&query_place_id=ChIJk9n2K0-LWg0Ro6-MJAwAZx8,42.2283254,-1.8955278,/productores/es/la-rioja/la-rioja/fincas-de-azabache-aldeanueva-de-ebro.webp,,no,,,5892,es,,,,,,es,la-rioja,la-rioja,,,,,,
montesa-de-rioja-s-l-aldeanueva-de-ebro,"MONTESA DE RIOJA, S.L.",Aldeanueva de Ebro,Vino,"Vino tinto, vino blanco, vino rosado","C. Morcillon, 31, 26559 Aldeanueva de Ebro, La Rioja, España",,lunes: 9:00–15:00 | martes: 9:00–15:00 | miércoles: 9:00–15:00 | jueves: 9:00–15:00 | viernes: 9:00–15:00 | sábado: Cerrado | domingo: Cerrado,+34941163054,montesaderioja@gmail.com,,,,https://www.google.com/maps/search/?api=1&query=MONTESA%20DE%20RIOJA%2C%20S.L.&query_place_id=ChIJ3zFk0zaLWg0RWjqNiMF3njk,42.2278712,-1.885491,,pendiente,no comprobado,,,8944,,,,,,,es,la-rioja,la-rioja,,,,,,
pastor-diaz-aldeanueva-de-ebro,PASTOR DIAZ,Aldeanueva de Ebro,Vino,"Vino tinto, vino blanco, vino rosado","Av. Gonzalo de Berceo, 91, Crta, Km 44, 26559 Aldeanueva de Ebro, La Rioja, España","Pastor Díaz cultiva unas 120 hectáreas entre Aldeanueva de Ebro y Alfaro, en las faldas del Monte Yerga, y elabora vinos Castroviejo y Valdejimena junto con aceite. Su gama incluye Tempranillo, Garnacha, Graciano y Tempranillo Blanco.","lunes: 9:00–13:30, 15:30–19:00 | martes: 9:00–13:30, 15:30–19:00 | miércoles: 9:00–13:30, 15:30–19:00 | jueves: 9:00–13:30, 15:30–19:00 | viernes: 9:00–13:30, 15:30–19:00 | sábado: 10:00–13:00 | domingo: Cerrado",+34941142390,comercial@pastordiaz.com,http://www.pastordiaz.com,,https://www.instagram.com/pastor_diazsl/,https://www.google.com/maps/search/?api=1&query=PASTOR%20DIAZ&query_place_id=ChIJWYshETaLWg0Ri0uw9Vl71xE,42.2258329,-1.8951827,/productores/es/la-rioja/la-rioja/pastor-diaz-aldeanueva-de-ebro.webp,,sí,ecommerce,,10037,es,,,,,,es,la-rioja,la-rioja,,,,,,
quinta-avenida-sl-aldeanueva-de-ebro,Quinta Avenida SL,Aldeanueva de Ebro,Vino,"Vino tinto, vino blanco, vino rosado","s/n, Paraje Esparragal Rioja, la ES, 26559 Aldeanueva de Ebro, La Rioja, España","Quinta Avenida, fundada en Aldeanueva de Ebro en 2000, elabora vinos DOCa Rioja a partir de 400 hectáreas de viñedo propio. Su gama incluye Quinta Avenida Crianza y Reserva y Séptima Avenida Joven, con Tempranillo, Graciano, Mazuelo, Viura y Malvasía.",Consultar web o venta directa,+34941163655,comercial@quintaavenida.es,http://www.quintaavenida.es,,,https://www.google.com/maps/search/?api=1&query=Quinta%20Avenida%20SL&query_place_id=ChIJJ491YAb1Wg0RsHoYnCGMW1A,42.2333705,-1.8942794,/productores/es/la-rioja/la-rioja/quinta-avenida-sl-aldeanueva-de-ebro.webp,,no,,,11007,es,,,,,,es,la-rioja,la-rioja,,,,,,
senorio-de-baigorri-s-l-aldeanueva-de-ebro,"Señorio de Baigorri, S.L.",Aldeanueva de Ebro,Vino,"Vino tinto, vino blanco, vino rosado","26500 Calahorra, La Rioja, España",,lunes: Cerrado | martes: 10:00–18:00 | miércoles: 10:00–18:00 | jueves: 10:00–18:00 | viernes: 10:00–18:00 | sábado: 10:00–18:00 | domingo: Cerrado,+34941105330,beatriz@bodegasciceron.com,,,,https://www.google.com/maps/search/?api=1&query=Se%C3%B1orio%20de%20Baigorri%2C%20S.L.&query_place_id=ChIJJV4WPb2NWg0R7ZeKMhr6Q5I,42.2568852,-1.9668851,,pendiente,no comprobado,,,11463,,,,,,,es,la-rioja,la-rioja,,,,,,
vinas-nuevas-s-a-t-aldeanueva-de-ebro,"Viñas Nuevas, S.A.T.",Aldeanueva de Ebro,Vino,"Vino tinto, vino blanco, vino rosado","Av. de La Rioja, 110, 26559 Aldeanueva de Ebro, La Rioja, España","Viñas Nuevas, en Aldeanueva de Ebro, está dirigido por los hermanos Ruiz Ruiz y elabora bajo la etiqueta Laetus un vino de Rioja a partir de uvas seleccionadas de sus viñedos familiares.",lunes: 10:00–14:00 | martes: 10:00–14:00 | miércoles: 10:00–14:00 | jueves: 10:00–14:00 | viernes: 10:00–14:00 | sábado: Cerrado | domingo: Cerrado,+34941163028,vinasnuevas@hotmail.com,https://laetusrioja.com/,,,https://www.google.com/maps/search/?api=1&query=Vi%C3%B1as%20Nuevas%2C%20S.A.T.&query_place_id=ChIJkX_dKkeLWg0RKH7P9v08zOY,42.2353999,-1.8927059,/productores/es/la-rioja/la-rioja/vinas-nuevas-s-a-t-aldeanueva-de-ebro.webp,,no,,,12208,es,,,,,,es,la-rioja,la-rioja,,,,,,
vinedos-de-alfaro-s-a-aldeanueva-de-ebro,Viñedos de Alfaro S.A.,Aldeanueva de Ebro,Vino,"Vino tinto, vino blanco, vino rosado","Camino de Los Agudos, S/N, 26559 Aldeanueva de Ebro, La Rioja, España","Viñedos de Alfaro, en Aldeanueva de Ebro, trabaja casi 100 hectáreas propias entre Aldeanueva y Alfaro y controla el proceso desde la viña hasta la botella; su gama incluye Real Agrado y la colección Raíces.",Consultar web o venta directa,+34941142389,info@realagrado.com,http://www.realagrado.com,https://www.facebook.com/Realagrado/,https://www.instagram.com/realagrado/,https://www.google.com/maps/search/?api=1&query=Vi%C3%B1edos%20de%20Alfaro%20S.A.&query_place_id=ChIJQ6HAPlqLWg0R285HJzaoK2o,42.2317466,-1.9041698,/productores/es/la-rioja/la-rioja/vinedos-de-alfaro-s-a-aldeanueva-de-ebro.webp,,no,,,12214,es,,,,,,es,la-rioja,la-rioja,,,,,,
vinedos-real-rubio-aldeanueva-de-ebro,VIÑEDOS REAL RUBIO,Aldeanueva de Ebro,Vino,"Vino tinto, vino blanco, vino rosado","La Rioja-384, 226, 26559 Aldeanueva de Ebro, La Rioja, España","Viñedos Real Rubio, en Aldeanueva de Ebro, cuenta con más de 90 hectáreas propias y cultiva variedades como Tempranillo, Garnacha, Graciano, Mazuelo y Verdejo; entre sus fincas destacan El Tordillo y El Sisón.","lunes: 9:00–13:00, 16:00–18:00 | martes: 9:00–13:00, 16:00–18:00 | miércoles: 9:00–13:00, 16:00–18:00 | jueves: 9:00–13:00, 16:00–18:00 | viernes: 9:00–13:00, 16:00–18:00 | sábado: 11:00–13:00 | domingo: 11:00–13:00",+34941163672,export@realrubio.es,https://www.realrubio.es/,https://www.facebook.com/bodegasrealrubio,https://www.instagram.com/realrubiowines/,https://www.google.com/maps/search/?api=1&query=VI%C3%91EDOS%20REAL%20RUBIO&query_place_id=ChIJwSQl_kCLWg0R3IJS5HV39Bo,42.2377196,-1.8928195,/productores/es/la-rioja/la-rioja/vinedos-real-rubio-aldeanueva-de-ebro.webp,,no,,,12222,es,,,,,,es,la-rioja,la-rioja,,,,,,
vinedos-ruiz-jimenez-aldeanueva-de-ebro,VIÑEDOS RUIZ JIMENEZ,Aldeanueva de Ebro,Vino,"Vino tinto, vino blanco, vino rosado","Carretera Comarcal, LR-115, Km 43, 5, 26559 Aldeanueva de Ebro, La Rioja, España","Viñedos Ruiz Jiménez, fundado en 1998, controla el proceso desde sus fincas ecológicas hasta la botella; trabaja el paraje Valcaliente, a 420 metros, y elabora las gamas Osoti, Paisajes Embotellados e Ingenium.",lunes: 8:00–15:00 | martes: 8:00–15:00 | miércoles: 8:00–15:00 | jueves: 8:00–15:00 | viernes: 8:00–15:00 | sábado: Cerrado | domingo: Cerrado,+34941163577,export@vinedosruizjimenez.es,http://www.vinedosruizjimenez.es,https://www.facebook.com/vinedosruizjimenez/,https://www.instagram.com/vinedosruizjimenez/,https://www.google.com/maps/search/?api=1&query=VI%C3%91EDOS%20RUIZ%20JIMENEZ&query_place_id=ChIJq6qqajaLWg0R5oKsw1iioK8,42.2228946,-1.9030969,/productores/es/la-rioja/la-rioja/vinedos-ruiz-jimenez-aldeanueva-de-ebro.webp,,no,,,12223,es,,,,,,es,la-rioja,la-rioja,,,,,,
conservas-ferba-aldeanueva-de-ebro,Conservas Ferba,Aldeanueva de Ebro,Conservas,Conservas vegetales,"Polígono Industrial El Tapiao, C/ Machín, s/n, 26559 Aldeanueva de Ebro, La Rioja, España","Conservas Ferba, en Aldeanueva de Ebro, elabora conservas de champiñones y setas, espárragos, legumbres, tomates, pimientos, maíz dulce, pisto, salsas y almíbares; controla el producto desde el campo hasta la fábrica.","lunes: 9:00–13:30, 15:30–19:00 | martes: 9:00–13:30, 15:30–19:00 | miércoles: 9:00–13:30, 15:30–19:00 | jueves: 9:00–13:30, 15:30–19:00 | viernes: 9:00–13:30, 15:30–19:00 | sábado: Cerrado | domingo: Cerrado",+34941163021,,https://www.conservasferba.com/,,,https://www.google.com/maps/search/?api=1&query=Conservas%20Ferba&query_place_id=ChIJ5WRGQkmLWg0RNiG4UlEGztI,42.2478188,-1.8944228,/productores/es/la-rioja/la-rioja/conservas-ferba-aldeanueva-de-ebro.webp,,no,,,4290,es,,,,,,es,la-rioja,la-rioja,,,,,,
la-revuelta-sc-aldeanueva-de-ebro,La Revuelta S.C.,Aldeanueva de Ebro,Lácteos y quesos,Leche cruda de vaca,"Avenida Gonzalo de Berceo, 17, 26559 Aldeanueva de Ebro, La Rioja, España",Explotación de vacuno de leche en Aldeanueva de Ebro.,Consultar disponibilidad,+34941144018,,,,,,42.22672,-1.88561,,pendiente,no comprobado,,,7839,es,,,,,,es,la-rioja,la-rioja,,,,,,
bodegas-artoje-sl-alesanco,"BODEGAS ARTOJE, SL",Alesanco,Vino,"Vino tinto, vino blanco, vino rosado","Trasera de la Magdalena, 5, BAJO, 26324 Alesanco, La Rioja, España","Bodegas Artoje, en Alesanco, elabora vinos de Rioja con viñedos propios y tradición familiar; ofrece vinos Crianza y Reserva.","lunes: 9:00–14:00, 16:00–19:00 | martes: 9:00–14:00, 16:00–19:00 | miércoles: 9:00–14:00, 16:00–19:00 | jueves: 9:00–14:00, 16:00–19:00 | viernes: 9:00–14:00, 16:00–19:00 | sábado: 10:30–14:00 | domingo: Cerrado",+34941379283,artojesl@gmail.com,https://bodegasartoje.com/,,,https://www.google.com/maps/search/?api=1&query=BODEGAS%20ARTOJE%2C%20SL&query_place_id=ChIJ6Qf5TeBmRQ0RML8JQOhu-EQ,42.4158773,-2.8210342,/productores/es/la-rioja/la-rioja/bodegas-artoje-sl-alesanco.webp,,no,,,1810,es,,,,,,es,la-rioja,la-rioja,,,,,,
manzanares-canas-cipriano-alesanco,"Manzanares Cañas, Cipriano",Alesanco,Vino,"Vino tinto, vino blanco, vino rosado","Cam. Villamediana, 17, 26324 Alesanco, La Rioja, España",,"lunes: 9:30–13:30, 15:30–19:00 | martes: 9:30–13:30, 15:30–19:00 | miércoles: 9:30–13:30, 15:30–19:00 | jueves: 9:30–13:30, 15:30–19:00 | viernes: 9:30–13:30, 15:30–19:00 | sábado: 10:00–13:30, 16:00–19:30 | domingo: 10:00–13:30",+34941416139,c_riojana@hotmail.com,,,,https://www.google.com/maps/search/?api=1&query=Manzanares%20Ca%C3%B1as%2C%20Cipriano&query_place_id=ChIJz3P5QeBmRQ0R0B1aQcrZmtc,42.4169983,-2.8193726,,pendiente,no comprobado,,,8344,,,,,,,es,la-rioja,la-rioja,,,,,,
isul-alfaro,Isul,Alfaro,Aceite,Aceite de oliva virgen extra ecológico Isul,"Carretera Grávalos, km 19, 26540 Alfaro, La Rioja, España",Proyecto familiar de Alfaro con olivar y almazara propios dedicado a elaborar aceite de oliva virgen extra ecológico.,lunes: 8:00–13:30 | martes: 8:00–13:30 | miércoles: 8:00–13:30 | jueves: 8:00–13:30 | viernes: 8:00–13:30 | sábado: Cerrado | domingo: Cerrado,+34600871792,isul@isul.es,https://isul.es/,,https://www.instagram.com/isulaceite/,https://www.google.com/maps/search/?api=1&query=Isul&query_place_id=ChIJ88ml9oZeWg0RgDxyXw6mtSw,42.1711941,-1.7787468,/productores/es/la-rioja/la-rioja/isul-alfaro.webp,,sí,ecommerce,,7158,es,,,,,,es,la-rioja,la-rioja,,,,,,
bodegas-campoameno-alfaro,Bodegas Campoameno,Alfaro,Vino,"Vino tinto, vino blanco, vino rosado","Av. del Ebro, s/n, 26540 Alfaro, La Rioja, España","Campoameno elabora en Alfaro vinos DOCa Rioja como 5 Oros, Finca Besaya, Campo Burgo y Hacienda de Susar, combinando métodos tradicionales y técnicas modernas.","lunes: 9:00–13:00, 15:00–18:00 | martes: 9:00–13:00, 15:00–18:00 | miércoles: 9:00–13:00, 15:00–18:00 | jueves: 9:00–13:00, 15:00–18:00 | viernes: 9:00–13:00, 15:00–18:00 | sábado: Cerrado | domingo: Cerrado",+34627904907,santi@bodegascampoameno.com,http://www.bodegascampoameno.es,,https://www.instagram.com/bodegascampoameno/,https://www.google.com/maps/search/?api=1&query=Bodegas%20Campoameno&query_place_id=ChIJ744_GMT1Wg0Rs4OufpxsZsk,42.18934369999999,-1.7418002,/productores/es/la-rioja/la-rioja/bodegas-campoameno-alfaro.webp,,sí,ecommerce,,1867,es,,,,,,es,la-rioja,la-rioja,,,,,,
bodegas-de-familia-burgo-viejo-s-l-alfaro,"BODEGAS DE FAMILIA BURGO VIEJO, S.L.",Alfaro,Vino,"Vino tinto, vino blanco, vino rosado","C. Concordia, 8, 26540 Alfaro, La Rioja, España","Burgo Viejo nació en Alfaro a finales de los años ochenta por iniciativa de seis familias agricultoras; sus 200 hectáreas reúnen Tempranillo, Mazuelo, Garnacha, Graciano, Viura y Tempranillo Blanco.","lunes: 9:00–13:00, 15:30–18:00 | martes: 9:00–13:00, 15:30–18:00 | miércoles: 9:00–13:00, 15:30–18:00 | jueves: 9:00–13:00, 15:30–18:00 | viernes: 9:00–13:00, 15:30–18:00 | sábado: 9:30–13:30 | domingo: Cerrado",+34941183405,bodegas@burgoviejo.com,http://www.burgoviejo.com,,,https://www.google.com/maps/search/?api=1&query=BODEGAS%20DE%20FAMILIA%20BURGO%20VIEJO%2C%20S.L.&query_place_id=ChIJAbw2s4NeWg0RqwZVT98mVGc,42.17627239999999,-1.7572023,/productores/es/la-rioja/la-rioja/bodegas-de-familia-burgo-viejo-s-l-alfaro.webp,,no,,,1943,es,,,,,,es,la-rioja,la-rioja,,,,,,
bodegas-palacios-remondo-alfaro,BODEGAS PALACIOS REMONDO,Alfaro,Vino,"Vino tinto, vino blanco, vino rosado","Av. de Zaragoza, 8, 26540 Alfaro, La Rioja, España",Palacios Remondo trabaja en Alfaro cuatro generaciones de tradición vitivinícola y 100 hectáreas en La Montesa y Valmira; entre sus vinos figuran Plácet Valtomelloso y Finca La Montesa.,Consultar web o venta directa,+34941180207,info@palaciosremondo.com,https://alvaropalacios.com/,,,https://www.google.com/maps/search/?api=1&query=BODEGAS%20PALACIOS%20REMONDO&query_place_id=ChIJnQqKQYFeWg0R79F68uJ7U_U,42.1777379,-1.7558912,/productores/es/la-rioja/la-rioja/bodegas-palacios-remondo-alfaro.webp,,no,,,2270,es,,,,,,es,la-rioja,la-rioja,,,,,,
bodegas-y-vinedos-ilurce-alfaro,BODEGAS Y VIÑEDOS ILURCE,Alfaro,Vino,"Vino tinto, vino blanco, vino rosado","Carretera de Alfaro a Grávalos, s/n, 26540 Alfaro, La Rioja, La Rioja, España","Ilurce, proyecto de la familia Escudero Carra en Alfaro desde 1850, trabaja 46 hectáreas con pagos de cepas antiguas y elabora referencias como Ángel, El Sueño de Amado y Sintauto.","lunes: 8:00–14:00, 15:30–19:00 | martes: 8:00–14:00, 15:30–19:00 | miércoles: 8:00–14:00, 15:30–19:00 | jueves: 8:00–14:00, 15:30–19:00 | viernes: 8:00–14:00, 15:30–19:00 | sábado: 10:00–13:00 | domingo: Cerrado",+34941180829,info@ilurce.com,http://www.ilurce.com,,https://www.instagram.com/bodegas_ilurce/,https://www.google.com/maps/search/?api=1&query=BODEGAS%20Y%20VI%C3%91EDOS%20ILURCE&query_place_id=ChIJc809CY1eWg0Rzwta70nhOfI,42.17512490000001,-1.7710633,/productores/es/la-rioja/la-rioja/bodegas-y-vinedos-ilurce-alfaro.webp,,no,,,2521,es,,,,,,es,la-rioja,la-rioja,,,,,,
heraclio-alfaro-alfaro,HERACLIO ALFARO,Alfaro,Vino,"Vino tinto, vino blanco, vino rosado","Carr. a Alfaro, s/n, 26540 Alfaro, La Rioja, España","Heraclio Alfaro nació en los años setenta en la finca El Estarijo y forma parte de Terras Gauda desde 2018; en Alfaro elabora vinos como Finca Estarijo, Crianza y Garnacha Crianza.",lunes: 9:00–14:00 | martes: 9:00–14:00 | miércoles: 9:00–14:00 | jueves: 9:00–14:00 | viernes: 9:00–14:00 | sábado: Cerrado | domingo: Cerrado,+34941181570,enoturismo@heraclioalfaro.com,https://www.terrasgauda.com/#heraclio_alfaro,,,https://www.google.com/maps/search/?api=1&query=HERACLIO%20ALFARO&query_place_id=ChIJA0U_0axfWg0R33e5d-f8dSY,42.145351,-1.774251,,,no,,,6763,es,,,,,,es,la-rioja,la-rioja,,,,,,
las-estanquillas-sat-alfaro,Las Estanquillas S.A.T.,Alfaro,Lácteos y quesos,Leche cruda de vaca,"Carretera Grávalos, s/n, km 19, 26540 Alfaro, La Rioja, España","Sociedad agraria de transformación dedicada al vacuno de leche en Alfaro, con actividad contrastada por directorios empresariales y oferta veterinaria de 2026.",Consultar disponibilidad,+34608673752,lasestanquillas@hotmail.com,,,,,42.1618682,-1.8020119,,pendiente,no comprobado,,,8036,es,,,,,,es,la-rioja,la-rioja,,,,,,
confiteria-marcos-alfaro,Confitería Marcos,Alfaro,Dulces y repostería,"Pastel ruso, dulces","Tr.ª Toril, 1, Bajo, 26540 Alfaro, La Rioja, España","Confitería Marcos mantiene en Alfaro la tradición del Pastel Ruso, un dulce que la familia de Marcos Malumbres empezó a elaborar cuando abrió la confitería en 1883.","lunes: 9:00–13:30, 17:30–20:00 | martes: 9:00–13:30, 17:30–20:00 | miércoles: 9:00–13:30, 17:30–20:00 | jueves: 9:00–13:30, 17:30–20:00 | viernes: 9:00–13:30, 17:30–20:00 | sábado: 10:00–14:00 | domingo: 10:00–14:00",+34941596019,,,,,https://www.google.com/maps/search/?api=1&query=Confiter%C3%ADa%20Marcos&query_place_id=ChIJP3_wUSlcWg0RXPKlBB4l6PA,42.1779832,-1.7495277,,pendiente,no comprobado,,,4191,es,,,,,,es,la-rioja,la-rioja,,,,,,
bodegas-diez-del-corral-anguciana,Bodegas Diez del Corral,Anguciana,Vino,"Vino tinto, vino blanco, vino rosado","Av. Príncipe de Asturias, 42, 26210 Anguciana, La Rioja, España","Bodegas Diez del Corral, fundada en Anguciana en 1920, trabaja alrededor de 100 hectáreas de viñedo y conserva salas de barricas y de embotellado en sus instalaciones.",lunes: 9:00–18:00 | martes: 9:00–18:00 | miércoles: 9:00–18:00 | jueves: 9:00–18:00 | viernes: 9:00–18:00 | sábado: 9:00–13:00 | domingo: Cerrado,+34686794417,info@diezdelcorral.com,https://www.bodegasdiezdelcorral.com/enoturismo/,,,https://www.google.com/maps/search/?api=1&query=Bodegas%20Diez%20del%20Corral&query_place_id=ChIJ70UI-9-ITw0Rm1sbAsVEor8,42.5736398,-2.8980997,/productores/es/la-rioja/la-rioja/bodegas-diez-del-corral-anguciana.webp,,no,,,1962,es,,,,,,es,la-rioja,la-rioja,,,,,,
vinos-pinedo-anguciana,Vinos Pinedo,Anguciana,Vino,"Vino tinto, vino blanco, vino rosado","C. las Bodegas, 26, 26210 Anguciana, La Rioja, España",,lunes: 9:00–18:00 | martes: 9:00–18:00 | miércoles: 9:00–18:00 | jueves: 9:00–18:00 | viernes: 9:00–18:00 | sábado: 9:00–13:00 | domingo: Cerrado,+34615785140,ambasesoria@gmail.com,,,,https://www.google.com/maps/search/?api=1&query=Vinos%20Pinedo&query_place_id=ChIJTT_dBuCITw0RbM73gsISO_g,42.5730258,-2.897985,,pendiente,no comprobado,,,12269,,,,,,,es,la-rioja,la-rioja,,,,,,
queseria-tres-puentes-anguiano,Quesería Tres Puentes,Anguiano,Lácteos y quesos,"Queso de cabra artesano, requesón, leche fermentada","Ctra. de Lerma, 13, 26322 Anguiano, La Rioja, España",Quesería familiar artesanal con más de dos décadas de experiencia elaborando quesos con leche de cabra de su propio rebaño.,Consultar venta directa,+34679364696,,https://trespuentesanguiano.com/,,,,42.1932,-2.7615,/productores/es/la-rioja/la-rioja/queseria-tres-puentes-anguiano.webp,,no,,,10649,es,,,,,,es,la-rioja,la-rioja,,,,,,
alubia-de-anguiano-anguiano,Alubia de Anguiano,Anguiano,Legumbres,Alubia de Anguiano,"C. Hermanos Sánchez Torres, 31, 26322 Anguiano, La Rioja, España",La Alubia de Anguiano se cultiva y acondiciona en Anguiano con la variedad local de mata alta El Encinar; su DOP reconoce el grano de piel fina y color púrpura vinoso.,Consultar web o venta directa,+34657852738,,https://alubiadeanguiano.com/,,https://www.instagram.com/alubiadeanguiano/,https://www.google.com/maps/search/?api=1&query=Alubia%20de%20Anguiano&query_place_id=ChIJVe2FSjcbGakRKi2o_pyXXPE,42.2597923,-2.7657492,/productores/es/la-rioja/la-rioja/alubia-de-anguiano-anguiano.webp,,sí,ecommerce,,714,es,,,,,,es,la-rioja,la-rioja,,,,,,
bodegas-y-vinedos-moral-s-l-arenzana-de-abajo,"BODEGAS Y VIÑEDOS MORAL, S.L.",Arenzana de Abajo,Vino,"Vino tinto, vino blanco, vino rosado","Rioja, la ES, Calle Carmen, 26311 Arenzana de Abajo, La Rioja, España","Bodegas y Viñedos Moral elabora en Arenzana de Abajo los vinos Toluache Garnacha, Tinto Joven, Blanco, Rosado, Crianza y Reserva.",Consultar web o venta directa,+34941360118,susana@bodegasmoral.es,http://bodegasmoral.es/,,,https://www.google.com/maps/search/?api=1&query=BODEGAS%20Y%20VI%C3%91EDOS%20MORAL%2C%20S.L.&query_place_id=ChIJkw_woOZcRQ0RVGamTopyJww,42.385857,-2.732141,/productores/es/la-rioja/la-rioja/bodegas-y-vinedos-moral-s-l-arenzana-de-abajo.webp,,sí,ecommerce,,2532,es,,,,,,es,la-rioja,la-rioja,,,,,,
interlocal-del-najerilla-sociedad-cooperativa-b-arenzana-de-abajo,"Interlocal del Najerilla, Sociedad Cooperativa, B.",Arenzana de Abajo,Vino,"Vino tinto, vino blanco, vino rosado","26311 Arenzana de Abajo, La Rioja, España",,lunes: 8:00–15:00 | martes: 8:00–15:00 | miércoles: 8:00–15:00 | jueves: 8:00–15:00 | viernes: 8:00–15:00 | sábado: 9:00–13:00 | domingo: Cerrado,+34941362783,najerilla@bodegasnajerilla.es,,,,https://www.google.com/maps/search/?api=1&query=Interlocal%20del%20Najerilla%2C%20Sociedad%20Cooperativa%2C%20B.&query_place_id=ChIJs3ixXetcRQ0RivkwWOAG2U8,42.3849819,-2.7220024,,pendiente,no comprobado,,,7144,,,,,,,es,la-rioja,la-rioja,,,,,,
mermeladas-la-encineta-arnedillo,Mermeladas La Encineta,Arnedillo,Conservas,Mermeladas,"Av. del Cidacos, 58, 26589 Arnedillo, La Rioja, España","Mermeladas La Encineta nació en Arnedillo en 2003 y prepara 18 sabores con fruta fresca de temporada, recetas tradicionales y combinaciones con frutos secos, licores o especias.",Consultar web o venta directa,+34667689691,,https://www.mermeladaslaencineta.com/,,,https://www.google.com/maps/search/?api=1&query=Mermeladas%20La%20Encineta&query_place_id=ChIJPXMCzl7HWg0Rlf-lyz_9K1o,42.2114305,-2.2388009,/productores/es/la-rioja/la-rioja/mermeladas-la-encineta-arnedillo.webp,,sí,ecommerce,,8634,es,,,,,,es,la-rioja,la-rioja,,,,,,
queseria-el-alto-cidakos-arnedillo,Quesería El Alto Cidakos,Arnedillo,Lácteos y quesos,Queso Camerano,"LR-115, 17, 26589 Arnedillo, La Rioja, España","Quesería artesana de Arnedillo inscrita en la DOP Queso Camerano. Elabora quesos de cabra y oveja, incluido un azul de larga maduración afinado en cuevas del valle del Cidacos.",lunes: Cerrado | martes: Cerrado | miércoles: Cerrado | jueves: Cerrado | viernes: 18:00–19:00 | sábado: 11:00–14:00 | domingo: 11:00–14:00,+34654753786,,https://queseriaelalto.com/,https://www.facebook.com/p/Queser%C3%ADa-El-Alto-Cidakos-100063509663882/,,https://www.google.com/maps/search/?api=1&query=Queser%C3%ADa%20El%20Alto%20Cidakos&query_place_id=ChIJL9bVYQDHWg0R8gd6oPPtMEo,42.2132993,-2.2369321,/productores/es/la-rioja/la-rioja/queseria-el-alto-cidakos-arnedillo.webp,,sí,ecommerce|whatsapp,,10503,es,,,,,,es,la-rioja,la-rioja,,,,,,
5-valles-arnedo,5 Valles,Arnedo,Aceite,Aceite de oliva virgen extra,"Polígono El Arenal, 17, 26580 Arnedo, La Rioja, España","Trujal 5 Valles es una cooperativa de Arnedo constituida en 1995 por olivicultores de cinco valles; elabora el aceite DOP 5 Valles con redondilla, arbequina, empeltre y picual.","lunes: 8:30–13:30, 15:00–18:00 | martes: 8:30–13:30, 15:00–18:00 | miércoles: 8:30–13:30, 15:00–18:00 | jueves: 8:30–13:30, 15:00–18:00 | viernes: 8:30–13:30, 15:00–18:00 | sábado: Cerrado | domingo: Cerrado",+34941383384,,http://www.trujal5valles.com/,,,https://www.google.com/maps/search/?api=1&query=5%20Valles&query_place_id=ChIJJcYJ0DLrWg0Rj5Bv2JmwXNo,42.2162879,-2.0940445,/productores/es/la-rioja/la-rioja/5-valles-arnedo.webp,pendiente,no comprobado,,,28,es,,,,,,es,la-rioja,la-rioja,,,,,,
bodega-vico-arnedo,Bodega Vico,Arnedo,Vino,"Vino tinto, vino blanco, vino rosado","P.º de la Constitucion, 1, 26580 Arnedo, La Rioja, España","Bodega Vico fue fundada en Arnedo en 1956 por agricultores de la comarca; trabaja viñedos del Alto Cidacos, algunos de hasta 60 años, y elabora marcas como Ciencuevas y Pilares de Ciencuevas.","lunes: 11:00–13:30, 17:00–20:00 | martes: 11:00–13:30, 17:00–20:00 | miércoles: 11:00–13:30, 17:00–20:00 | jueves: 11:00–13:30, 17:00–20:00 | viernes: 11:00–13:30, 17:00–20:00 | sábado: 10:00–13:00 | domingo: Cerrado",+34941380257,gerencia@bodegavico.com,http://www.bodegavico.com,https://www.facebook.com/bodegavico,,https://www.google.com/maps/search/?api=1&query=Bodega%20Vico&query_place_id=ChIJmz5S-r-UWg0Rpn7VqF-Ejj8,42.2278566,-2.0955657,/productores/es/la-rioja/la-rioja/bodega-vico-arnedo.webp,,sí,ecommerce,,1710,es,,,,,,es,la-rioja,la-rioja,,,,,,
bodegas-faustino-rivero-ulecia-arnedo,BODEGAS FAUSTINO RIVERO ULECIA,Arnedo,Vino,"Vino tinto, vino blanco, vino rosado","LR-115, KM 22, 800, 26580 Arnedo, La Rioja, España","Bodegas Faustino Rivero Ulecia, en Arnedo, cría sus vinos en antiguos calados que fueron ampliados y renovados en 1980; su gama incluye referencias tintas y rosadas.","lunes: 10:00–14:00 | martes: 10:00–14:00 | miércoles: 10:00–14:00 | jueves: 10:00–14:00, 18:00–21:00 | viernes: 10:00–14:00, 18:00–21:00 | sábado: 10:00–15:00, 18:00–21:00 | domingo: 10:00–15:00",+34941380057,marketing@marquesdelatrio.com,http://www.faustinorivero.com,,https://www.instagram.com/faustinoriveroulecia/,https://www.google.com/maps/search/?api=1&query=BODEGAS%20FAUSTINO%20RIVERO%20ULECIA&query_place_id=ChIJAUBcCNeUWg0R8bwXtuQmcdk,42.219297,-2.1194055,/productores/es/la-rioja/la-rioja/bodegas-faustino-rivero-ulecia-arnedo.webp,,no,,,2010,es,,,,,,es,la-rioja,la-rioja,,,,,,
embutidos-trini-arnedo,Embutidos Trini,Arnedo,Carne,Embutidos artesanos,"Av. de Reyes Católicos, 1, 26580 Arnedo, La Rioja, España","Embutidos Trini lleva más de 41 años elaborando en Arnedo jamón curado, chorizo riojano y picante, salchichón, panceta curada y morcilla mediante curación tradicional.","lunes: 9:00–14:30, 17:00–20:00 | martes: 9:00–14:30, 17:00–20:00 | miércoles: 9:00–14:30, 17:00–20:00 | jueves: 9:00–14:30, 17:00–20:00 | viernes: 9:00–14:30, 17:00–20:00 | sábado: 9:00–14:00 | domingo: Cerrado",+34941382216,,https://www.embutidostrini.com/,,,https://www.google.com/maps/search/?api=1&query=Embutidos%20Trini&query_place_id=ChIJSyPruimVWg0RczH7LduELyY,42.22440599999999,-2.100425,/productores/es/la-rioja/la-rioja/embutidos-trini-arnedo.webp,,no,,,5541,es,,,,,,es,la-rioja,la-rioja,,,,,,
quesos-celia-s-l-arnedo,"Quesos Celia, S.L.",Arnedo,Lácteos y quesos,Queso Camerano,"C. del Vía Crucis, 22, 26580 Arnedo, La Rioja, España","Quesos Celia es una quesería familiar de Arnedo con más de 40 años de elaboración artesanal; produce quesos frescos y requesón de leche de cabra y oveja, incluido el DOP Queso Camerano.",Consultar web o venta directa,+34941384726,,https://www.quesoscelia.es/,,https://www.instagram.com/quesos_celia/,https://www.google.com/maps/search/?api=1&query=Quesos%20Celia%2C%20S.L.&query_place_id=ChIJdawywduUWg0RMuJCXeiFaKc,42.2305722,-2.1020368,/productores/es/la-rioja/la-rioja/quesos-celia-s-l-arnedo.webp,,no,,,10762,es,,,,,,es,la-rioja,la-rioja,,,,,,
pasteleria-la-clavelina-arnedo,Pastelería La Clavelina,Arnedo,Pan y cereal,"Helado artesano de chocolate, repostería, chocolates","Paseo de la Constitución, 65, 26580 Arnedo, La Rioja, España","Histórica pastelería artesanal de Arnedo con obrador propio, famosa por sus creaciones de chocolate y helados de manera tradicional.","lunes a viernes: 8:30–14:30, 16:30–20:30 | sábado y domingo: 8:30–14:30",+34941384750,,https://www.laclavelina.com,,https://www.instagram.com/pastelerialaclavelina/,https://www.google.com/maps/search/?api=1&query=Pasteler%C3%ADa%20La%20Clavelina%2C%20Paseo%20de%20la%20Constituci%C3%B3n%2C%2065%2C%2026580%20Arnedo%2C%20La%20Rioja%2C%20Espa%C3%B1a&query_place_id=ChIJeat5dteUWg0RqaWeL5_L-lk,42.2285,-2.1018,,,sí,ecommerce,,9820,es,,,,,,es,la-rioja,la-rioja,,,,,,
bodega-san-miguel-ausejo,BODEGA SAN MIGUEL,Ausejo,Vino,"Vino tinto, vino blanco, vino rosado","26513 Ausejo, La Rioja, España","Bodega San Miguel, cooperativa de Ausejo, trabaja en Rioja Oriental a 560 metros de altitud; controla el proceso desde el cultivo de la uva de sus socios hasta el embotellado.",lunes: 7:00–17:00 | martes: 7:00–17:00 | miércoles: 7:00–17:00 | jueves: 7:00–17:00 | viernes: 7:00–17:00 | sábado: 9:00–14:00 | domingo: Cerrado,+34941430005,info@bodegasanmiguelsc.es,https://bodegasanmiguel.es/index.php/es/,,,https://www.google.com/maps/search/?api=1&query=BODEGA%20SAN%20MIGUEL&query_place_id=ChIJq6qq6g29Wg0Rh8GhZvDpNJg,42.3410474,-2.1680926,/productores/es/la-rioja/la-rioja/bodega-san-miguel-ausejo.webp,,no,,,1634,es,,,,,,es,la-rioja,la-rioja,,,,,,
casa-la-rad-s-l-ausejo,CASA LA RAD S.L.,Ausejo,Vino,"Vino tinto, vino blanco, vino rosado","Calle, N-232, Km 376-377, 26513 Ausejo, La Rioja, España","Casa La Rad cultiva en Ausejo viñas viejas a gran altura entre bosque y finca vinícola; su familia de vinos incluye Casa La Rad, Alma La Rad y Viña Solarce.",lunes: 9:00–15:00 | martes: 9:00–15:00 | miércoles: 9:00–15:00 | jueves: 9:00–15:00 | viernes: 9:00–15:00 | sábado: Cerrado | domingo: Cerrado,+34941430010,mcastro@casalarad.com,https://www.bodegascasalarad.com/,,,https://www.google.com/maps/search/?api=1&query=CASA%20LA%20RAD%20S.L.&query_place_id=ChIJ_Q79C4C9Wg0R2tIvuggwthw,42.3338197,-2.1449684,/productores/es/la-rioja/la-rioja/casa-la-rad-s-l-ausejo.webp,,sí,ecommerce,,3408,es,,,,,,es,la-rioja,la-rioja,,,,,,
vina-caberas-s-c-ausejo,"Viña Caberas, S.C.",Ausejo,Vino,"Vino tinto, vino blanco, vino rosado","C. Garitas, 1, 26513 Ausejo, La Rioja, España",,lunes: 9:00–20:00 | martes: 9:00–20:00 | miércoles: 9:00–20:00 | jueves: 9:00–20:00 | viernes: 9:00–20:00 | sábado: Cerrado | domingo: Cerrado,+34941430125,anarosameder@hotmail.com,,,,https://www.google.com/maps/search/?api=1&query=Vi%C3%B1a%20Caberas%2C%20S.C.&query_place_id=EixDLiBHYXJpdGFzLCAxLCAyNjUxMyBBdXNlam8sIExhIFJpb2phLCBTcGFpbiIwEi4KFAoSCfvivCESvVoNEc90k0JJoGF9EAEqFAoSCUlSxRkSvVoNEUIbTLkS6rrR,42.3452923,-2.1691641,,pendiente,no comprobado,,,12183,,,,,,,es,la-rioja,la-rioja,,,,,,
bodegas-marques-de-reinosa-autol,Bodegas Marqués de Reinosa,Autol,Vino,"Vino tinto, vino blanco, vino rosado","Carretera Rincon De Soto-zaragoza, S/N, 26560 Autol, La Rioja, España","Bodegas Marqués de Reinosa, fundada en Autol en 1956, trabaja 1.000 hectáreas de viñedo propio con Tempranillo, Garnacha, Mazuelo, Graciano, Viura y Verdejo.","lunes: 9:00–14:00, 16:00–18:00 | martes: 9:00–14:00, 16:00–18:00 | miércoles: 9:00–14:00, 16:00–18:00 | jueves: 9:00–14:00, 16:00–18:00 | viernes: 9:00–14:00, 16:00–18:00 | sábado: 10:00–13:00 | domingo: Cerrado",+34941401327,bodegas@marquesdereinosa.com,http://www.marquesdereinosa.com,https://www.facebook.com/Bodegas-Marqu%C3%A9s-de-Reinosa-510053059019467/,https://www.instagram.com/marquesdereinosa/,https://www.google.com/maps/search/?api=1&query=Bodegas%20Marqu%C3%A9s%20de%20Reinosa&query_place_id=ChIJyZXaj5DyWg0RvIjr-7ox_-0,42.2143243,-1.9821522,/productores/es/la-rioja/la-rioja/bodegas-marques-de-reinosa-autol.webp,,sí,ecommerce,,2174,es,,,,,,es,la-rioja,la-rioja,,,,,,
bodegas-torremaciel-s-l-autol,"Bodegas Torremaciel, S.L.",Autol,Vino,"Vino tinto, vino blanco, vino rosado","Tr.ª Ezquerro, 40, 26560 Autol, La Rioja, España","Bodegas Torremaciel, en Autol, integra la bodega en los viñedos para acercar la elaboración al origen de la uva y comercializa vino bajo la marca GR 1129.",Consultar web o venta directa,+34941163021,carmen@conservasferba.com,http://torremaciel.com/,,,https://www.google.com/maps/search/?api=1&query=Bodegas%20Torremaciel%2C%20S.L.&query_place_id=ChIJyfGHrEvtWg0RfIb6Avutjhg,42.2159656,-2.0050931,/productores/es/la-rioja/la-rioja/bodegas-torremaciel-s-l-autol.webp,,no,,,2415,es,,,,,,es,la-rioja,la-rioja,,,,,,
fuente-vieja-s-l-bodegas-y-vinas-autol,"Fuente Vieja, S.L., Bodegas y Viñas",Autol,Vino,"Vino tinto, vino blanco, vino rosado","Rioja, la ES, Ctra. Iniestral, Km 4, 26560 Autol, La Rioja, España",,lunes: 9:00–14:00 | martes: 9:00–14:00 | miércoles: 9:00–14:00 | jueves: 9:00–14:00 | viernes: 9:00–14:00 | sábado: Cerrado | domingo: Cerrado,+34941024484,v.saenz@bodegasfuentevieja.com,http://www.bodegasfuentevieja.com/,,,https://www.google.com/maps/search/?api=1&query=Fuente%20Vieja%2C%20S.L.%2C%20Bodegas%20y%20Vi%C3%B1as&query_place_id=ChIJm_Ncy0rtWg0ReiLec5tUFWQ,42.244979,-2.0070048,,,no,,,6351,,,,,,,es,la-rioja,la-rioja,,,,,,
los-vegales-s-a-t-autol,Los Vegales S.A.T.,Autol,Vino,"Vino tinto, vino blanco, vino rosado","Paraje los vegales, 26560 Autol, La Rioja, España",,lunes: Abierto 24 horas | martes: Abierto 24 horas | miércoles: Abierto 24 horas | jueves: Abierto 24 horas | viernes: Abierto 24 horas | sábado: Abierto 24 horas | domingo: Cerrado,+34941390910,emiafrica@hotmail.com,,,,https://www.google.com/maps/search/?api=1&query=Los%20Vegales%20S.A.T.&query_place_id=ChIJw0GutlLtWg0RqVQkUK49zIM,42.2185794,-1.9969992,,pendiente,no comprobado,,,8234,,,,,,,es,la-rioja,la-rioja,,,,,,
conservas-emperatriz-autol,Conservas Emperatriz,Autol,Conservas,Conservas vegetales,"LR-115, km35, 26560 Autol, La Rioja, España","Conservas Emperatriz es una empresa familiar de Autol que trabaja conservas vegetales y de pescado, con líneas ecológicas y certificaciones IFS, MSC, BIO y V-Label.",lunes: 7:00–15:00 | martes: 7:00–15:00 | miércoles: 7:00–15:00 | jueves: 7:00–15:00 | viernes: 7:00–15:00 | sábado: Cerrado | domingo: Cerrado,+34941390072,,https://conservasemperatriz.com/,,https://www.instagram.com/conservasemperatriz/,https://www.google.com/maps/search/?api=1&query=Conservas%20Emperatriz&query_place_id=ChIJXaf_Z0ntWg0RcMHI4SGSlbY,42.2124275,-1.9938053,/productores/es/la-rioja/la-rioja/conservas-emperatriz-autol.webp,,no,,,4286,es,,,,,,es,la-rioja,la-rioja,,,,,,
quiroga-de-pablo-azofra,QUIROGA DE PABLO,Azofra,Vino,"Vino tinto, vino blanco, vino rosado","C. Felipe Abad León, 24, 26323 Azofra, La Rioja, España",Quiroga de Pablo elabora vino en Azofra desde mediados del siglo XIX; la sexta generación combina la crianza tradicional en un calado subterráneo con instalaciones modernas.,Consultar web o venta directa,+34941379334,quirogaexport@yahoo.es,http://www.bodegasquiroga.com,,https://www.instagram.com/bodegasquirogadepablo/,https://www.google.com/maps/search/?api=1&query=QUIROGA%20DE%20PABLO&query_place_id=ChIJG_pqwT5nRQ0RVdOD-39PFVA,42.4223888,-2.8014667,/productores/es/la-rioja/la-rioja/quiroga-de-pablo-azofra.webp,,no,,,11019,es,,,,,,es,la-rioja,la-rioja,,,,,,
almazara-villasante-badaran,Almazara Villasante,Badarán,Aceite,Aceite de oliva virgen extra,"C. Secretaría, 4, 6, 26310 Badarán, La Rioja, España",Almazara Villasante es un pequeño trujal de Badarán que admite partidas de 300 a 400 kilos de aceituna para obtener aceite de las propias olivas el mismo día de la molturación.,"lunes: 9:30–13:30, 17:30–19:30 | martes: 9:30–13:30, 17:30–19:30 | miércoles: 9:30–13:30, 17:30–19:30 | jueves: 9:30–13:30, 17:30–19:30 | viernes: 9:30–13:30, 17:30–19:30 | sábado: 9:30–13:30 | domingo: 9:30–13:30",+34941418616,,,,,https://www.google.com/maps/search/?api=1&query=Almazara%20Villasante&query_place_id=ChIJH47b89pnRQ0RCOtcTt2uWTM,42.3673849,-2.806333,,pendiente,no comprobado,,,675,es,,,,,,es,la-rioja,la-rioja,,,,,,
bodegas-david-moreno-badaran,Bodegas David Moreno,Badarán,Vino,"Vino tinto, vino blanco, vino rosado","Ctra. Villar de Torre, s/n, 26310 Badarán, La Rioja, España","David Moreno volvió a Badarán con 33 años y hoy trabaja junto a sus hijas; sus vinos reflejan el Alto Najerilla, con viñedos en altura y cepas viejas.","lunes: 9:30–14:30, 15:30–19:00 | martes: 9:30–14:30, 15:30–19:00 | miércoles: 9:30–14:30, 15:30–19:00 | jueves: 9:30–14:30, 15:30–19:00 | viernes: 9:30–14:30, 15:30–19:00 | sábado: 10:30–14:30, 16:00–20:00 | domingo: 10:30–13:30",+34941367338,reservas@davidmoreno.es,http://www.davidmoreno.es/,https://www.facebook.com/BodegasDavidMoreno/,https://www.instagram.com/bodegasdavidmoreno/,https://www.google.com/maps/search/?api=1&query=Bodegas%20David%20Moreno&query_place_id=ChIJt7Oo_9BnRQ0RvyWvsIwS8MY,42.3662159,-2.8149523,/productores/es/la-rioja/la-rioja/bodegas-david-moreno-badaran.webp,,sí,ecommerce,,1940,es,,,,,,es,la-rioja,la-rioja,,,,,,
bodegas-martinez-alesanco-badaran,BODEGAS MARTINEZ ALESANCO,Badarán,Vino,"Vino tinto, vino blanco, vino rosado","C. José García, 20, 26310 Badarán, La Rioja, España","Martínez Alesanco mantiene en Badarán una tradición familiar de elaboración de vino; sus parcelas del Alto Najerilla dan lugar, entre otros, a Garnacha Tinta en Tinaja y Blanco Fermentado en Barrica.","lunes: 9:30–13:30, 15:30–19:00 | martes: 9:30–13:30, 15:30–19:00 | miércoles: 9:30–13:30, 15:30–19:00 | jueves: 9:30–13:30, 15:30–19:00 | viernes: 9:30–13:30, 15:30–19:00 | sábado: 10:00–13:30, 16:00–19:30 | domingo: 10:00–13:30",+34941367075,info@bodegasmartinezalesanco.com,http://www.bodegasmartinezalesanco.com,,https://www.instagram.com/martinezalesanco/,https://www.google.com/maps/search/?api=1&query=BODEGAS%20MARTINEZ%20ALESANCO&query_place_id=ChIJdcF4N9BnRQ0Rxsnwtc7GYW4,42.3680822,-2.8106318,/productores/es/la-rioja/la-rioja/bodegas-martinez-alesanco-badaran.webp,,sí,ecommerce,,2182,es,,,,,,es,la-rioja,la-rioja,,,,,,
larrea-olarte-miguel-angel-badaran,"Larrea Olarte, Miguel Ángel",Badarán,Vino,"Vino tinto, vino blanco, vino rosado","Calleja del Prado, 1, 26310 Badarán, La Rioja, España","La bodega de Miguel Ángel Larrea Olarte, en Badarán, trabaja con cosecha propia y mantiene una elaboración tradicional.",Consultar web o venta directa,+34941367393,bodegaslarrea@yahoo.com,,,,https://www.google.com/maps/search/?api=1&query=Larrea%20Olarte%2C%20Miguel%20%C3%81ngel&query_place_id=ChIJd72gutpnRQ0RFNsrBRydCFU,42.36874050000001,-2.8074311,,pendiente,no comprobado,,,8022,es,,,,,,es,la-rioja,la-rioja,,,,,,
moreno-llorente-adrian-narro-badaran,"Moreno Llorente, Adrian Narro",Badarán,Otros,,,,,,,,,,,,,,pendiente,no comprobado,,,8984,,,,,,,es,la-rioja,la-rioja,,,,,,
rivalia-bodegas-y-vinedos-s-l-badaran,"Rivalia Bodegas y Viñedos, S.L.",Badarán,Vino,"Vino tinto, vino blanco, vino rosado","Calleja del Prado, 7, 26310 Badarán, La Rioja, España","Rivalia Bodegas y Viñedos, en Badarán, trabaja con uvas de viñedos propios y ofrece referencias como Chaval Tinto, Chaval Clarete y Chaval Chardonnay.","lunes: 9:00–14:00, 15:30–19:00 | martes: 9:00–14:00, 15:30–19:00 | miércoles: 9:00–14:00, 15:30–19:00 | jueves: 9:00–14:00, 15:30–19:00 | viernes: 9:00–14:00, 15:30–19:00 | sábado: 9:00–14:00, 15:30–19:00 | domingo: 10:00–14:00",+34941367117,chaval@rivalia.com,https://rivalia.com/,,https://www.instagram.com/rivaliabyv/,https://www.google.com/maps/search/?api=1&query=Rivalia%20Bodegas%20y%20Vi%C3%B1edos%2C%20S.L.&query_place_id=ChIJ7Zyvr9pnRQ0R32E8NewVxig,42.3688674,-2.8074035,/productores/es/la-rioja/la-rioja/rivalia-bodegas-y-vinedos-s-l-badaran.webp,,no,,,11127,es,,,,,,es,la-rioja,la-rioja,,,,,,
rulei-wines-bodega-adrian-moreno-llorente-badaran,Rulei Wines - Bodega Adrián Moreno Llorente,Badarán,Vino,"Vino tinto, vino blanco, vino rosado","C. Real, 57, 26310 Badarán, La Rioja, España","Rulei Wines, proyecto de Adrián Moreno Llorente en Badarán, trabaja los viñedos Viña Barracallo y Viña El Moral y elabora vinos artesanales de mínima intervención.",Consultar web o venta directa,+34679266837,bodega@rulei.es,http://www.rulei.es,,https://www.instagram.com/vinosrulei_oficial/,https://www.google.com/maps/search/?api=1&query=Rulei%20Wines%20-%20Bodega%20Adri%C3%A1n%20Moreno%20Llorente&query_place_id=ChIJhUI12ttnRQ0R2figR2bDaOA,42.3669594,-2.8088499,,,no,,,11188,es,,,,,,es,la-rioja,la-rioja,,,,,,
hermanos-hernaiz-finca-la-emperatriz-banos-de-rioja,Hermanos Hernaiz - Finca La Emperatriz,Baños de Rioja,Vino,"Vino tinto, vino blanco, vino rosado","Finca Viña la Emperatriz, Ctra. Santo Domingo - Haro, Km 31, 5, 26241 Baños de Rioja, La Rioja, España","Finca La Emperatriz, en Baños de Rioja, ocupa 101 hectáreas de viñedo singular con cepas de más de 65 años; cultiva Tempranillo, Garnacha, Graciano, Viura y Maturana.",lunes: 10:00–18:00 | martes: 10:00–18:00 | miércoles: 10:00–18:00 | jueves: 10:00–18:00 | viernes: 10:00–18:00 | sábado: 10:00–18:00 | domingo: Cerrado,+34639567476,diana.p@hermanoshernaiz.com,http://www.hermanoshernaiz.com,https://www.facebook.com/BodegasLaEmperatriz/,https://www.instagram.com/vhh_fincalaemperatriz/,https://www.google.com/maps/search/?api=1&query=Hermanos%20Hernaiz%20-%20Finca%20La%20Emperatriz&query_place_id=ChIJIZ_Pukt9RQ0RiMgQfXyTHtI,42.4960363,-2.9392056,/productores/es/la-rioja/la-rioja/hermanos-hernaiz-finca-la-emperatriz-banos-de-rioja.webp,,no,,,6792,es,,,,,,es,la-rioja,la-rioja,,,,,,
bodega-clemente-garcia-banos-de-rio-tobia,Bodega Clemente García,Baños de Río Tobía,Vino,"Vino tinto, vino blanco, vino rosado","C. Ballestería, 33, 26320 Baños de Río Tobía, La Rioja, España",Clemente García recuperó en Baños de Río Tobía la bodega familiar de su abuelo y elabora cuatro referencias; entre ellas hay una Garnacha en tinaja y un blanco criado con sus lías.,lunes: 10:00–19:00 | martes: 10:00–19:00 | miércoles: 10:00–19:00 | jueves: 10:00–19:00 | viernes: 10:00–19:00 | sábado: 10:00–19:00 | domingo: 10:00–15:00,+34669587755,bodegaclementegarcia@gmail.com,https://bodegaclementegarcia.com/,,,https://www.google.com/maps/search/?api=1&query=Bodega%20Clemente%20Garc%C3%ADa&query_place_id=ChIJbWIalO5DRQ0RwHppDw48Ep0,42.3334391,-2.7597889,/productores/es/la-rioja/la-rioja/bodega-clemente-garcia-banos-de-rio-tobia.webp,,sí,ecommerce,,1340,es,,,,,,es,la-rioja,la-rioja,,,,,,
bodegas-juan-carlos-sancha-banos-de-rio-tobia,BODEGAS JUAN CARLOS SANCHA,Baños de Río Tobía,Vino,"Vino tinto, vino blanco, vino rosado","Camino de las Barreras, s/n, 26320 Baños de Río Tobía, La Rioja, España","Juan Carlos Sancha trabaja en Baños de Río Tobía con viticultura ecológica, viñedos centenarios y variedades históricas recuperadas; su gama incluye Peña El Gato, Cerro La Isa y Ad Libitum.",lunes: 9:00–18:00 | martes: 9:00–18:00 | miércoles: 9:00–18:00 | jueves: 9:00–18:00 | viernes: 9:00–18:00 | sábado: 10:00–14:00 | domingo: Cerrado,+34639216011,juancarlossancha@yahoo.es,https://juancarlossancha.com,,,https://www.google.com/maps/search/?api=1&query=BODEGAS%20JUAN%20CARLOS%20SANCHA&query_place_id=ChIJswioAR9DRQ0RuVkd4E7Cluw,42.342305,-2.7541263,/productores/es/la-rioja/la-rioja/bodegas-juan-carlos-sancha-banos-de-rio-tobia.webp,,no,,,2096,es,,,,,,es,la-rioja,la-rioja,,,,,,
bodegas-tomas-amutio-banos-de-rio-tobia,Bodegas Tomás Amutio,Baños de Río Tobía,Vino,"Vino tinto, vino blanco, vino rosado","26320 Baños de Río Tobía, La Rioja, España","Bodegas Tomás Amutio conserva en Baños de Río Tobía calados de tierra, una prensa antigua y un lago entre sus elementos visitables.",lunes: 8:00–15:30 | martes: 8:00–15:30 | miércoles: 8:00–15:30 | jueves: 8:00–15:30 | viernes: 8:00–15:30 | sábado: Cerrado | domingo: Cerrado,+34941374147,amutio22@gmail.com,,,,https://www.google.com/maps/search/?api=1&query=Bodegas%20Tom%C3%A1s%20Amutio&query_place_id=ChIJezSHNZJCRQ0RsSgNVs52hY4,42.3348623,-2.7618028,,pendiente,no comprobado,,,2409,es,,,,,,es,la-rioja,la-rioja,,,,,,
javier-hornos-castro-y-otra-cb-banos-de-rio-tobia,"Javier Hornos Castro y Otra, CB",Baños de Río Tobía,Vino,"Vino tinto, vino blanco, vino rosado","Pl. Mayor, 5, 26320 Baños de Río Tobía, La Rioja, España","Javier Hornos Castro y Otra, en Baños de Río Tobía, trabaja viñedos centenarios y recoge las uvas de forma artesanal para vinos como Horola Mil y Viñedo Centenario.",Consultar web o venta directa,+34628055723,javier@bodegashorola.com,,,,https://www.google.com/maps/search/?api=1&query=Javier%20Hornos%20Castro%20y%20Otra%2C%20CB&query_place_id=ChIJbQPRNJJCRQ0RqvrJJuKkmS0,42.33356149999999,-2.7619823,,pendiente,no comprobado,,,7338,es,,,,,,es,la-rioja,la-rioja,,,,,,
somalo-blanco-s-l-bodegas-banos-de-rio-tobia,"Somalo Blanco, S.L., Bodegas",Baños de Río Tobía,Vino,"Vino tinto, vino blanco, vino rosado","C. Veintinueve de Junio, 9, 26320 Baños de Río Tobía, La Rioja, España",,lunes: 8:00–20:00 | martes: 8:00–20:00 | miércoles: 8:00–20:00 | jueves: 8:00–20:00 | viernes: 8:00–20:00 | sábado: 8:00–20:00 | domingo: Cerrado,+34941374870,bodegas@somaloblanco.com,,,,https://www.google.com/maps/search/?api=1&query=Somalo%20Blanco%2C%20S.L.%2C%20Bodegas&query_place_id=ChIJX29E7pFCRQ0RT_xmepZS1Sg,42.33193,-2.7637773,,pendiente,no comprobado,,,11664,,,,,,,es,la-rioja,la-rioja,,,,,,
vinedos-planas-altas-banos-de-rio-tobia,Viñedos Planas Altas,Baños de Río Tobía,Vino,"Vino tinto, vino blanco, vino rosado","Calle Presidente, C. Calvo Sotelo, 15, 26320 Baños de Río Tobía, La Rioja, España","Viñedos Planas Altas, en Baños de Río Tobía, elabora un vino de viñedo singular con 70 % Tempranillo, 15 % Garnacha y 15 % Graciano, criado 14 meses en roble francés.",Consultar web o venta directa,+34650050698,pedrogarnica@hotmail.es,https://www.bodegaspedrogarnica.com/,,,https://www.google.com/maps/search/?api=1&query=Vi%C3%B1edos%20Planas%20Altas&query_place_id=ChIJ7wfDTZJCRQ0RqY1iqHnK7ls,42.3331998,-2.7611244,/productores/es/la-rioja/la-rioja/vinedos-planas-altas-banos-de-rio-tobia.webp,,sí,ecommerce,,12220,es,,,,,,es,la-rioja,la-rioja,,,,,,
embutidos-loza-banos-de-rio-tobia,Embutidos Loza,Baños de Río Tobía,Carne,Chorizo Riojano,"C. San Juan, 32, 26320 Baños de Río Tobía, La Rioja, España","Embutidos Loza, en Baños de Río Tobía, mantiene una tradición desde 1920 y elabora chorizo riojano IGP, jamones y fuet de trufa.","lunes: 9:00–13:30, 15:30–18:00 | martes: 9:00–13:30, 15:30–18:00 | miércoles: 9:00–13:30, 15:30–18:00 | jueves: 9:00–13:30, 15:30–18:00 | viernes: 9:00–13:30, 15:30–19:00 | sábado: 10:30–13:00 | domingo: Cerrado",+34941374000,,https://amandoloza.com/,,https://www.instagram.com/amandoloza/,https://www.google.com/maps/search/?api=1&query=Embutidos%20Loza&query_place_id=ChIJ3w8GbpNCRQ0RFoR_uIT8uMo,42.3360463,-2.7599483,,,sí,ecommerce,,5492,es,,,,,,es,la-rioja,la-rioja,,,,,,
embutidos-y-jamones-sobron-banos-de-rio-tobia,Embutidos y Jamones Sobrón,Baños de Río Tobía,Carne,"Embutidos, jamones","C. Ballestería, 44, 26320 Baños de Río Tobía, La Rioja, España","Embutidos y Jamones Sobrón, en Baños de Río Tobía, cura jamones y paletas de cerdo Duroc en secaderos naturales; también elabora chorizo y salchichón artesanos.","lunes: 9:00–13:45, 15:30–20:00 | martes: 9:00–13:45, 15:30–20:00 | miércoles: 9:00–13:45, 15:30–20:00 | jueves: 9:00–13:45, 15:30–20:00 | viernes: 9:00–13:45, 15:30–20:00 | sábado: 10:00–13:30 | domingo: Cerrado",+34941374023,,https://www.jamonsobron.com/,,https://www.instagram.com/jamonsobron/,https://www.google.com/maps/search/?api=1&query=Embutidos%20y%20Jamones%20Sobr%C3%B3n&query_place_id=ChIJpQb04ZJCRQ0RS19gh7OLrE0,42.33330290000001,-2.7593976,/productores/es/la-rioja/la-rioja/embutidos-y-jamones-sobron-banos-de-rio-tobia.webp,,sí,ecommerce,,5566,es,,,,,,es,la-rioja,la-rioja,,,,,,
hijos-de-martinez-somalo-banos-de-rio-tobia,Hijos de Martínez Somalo,Baños de Río Tobía,Carne,Chorizo Riojano,"Pl. Mayor, S/N, 26320 Baños de Río Tobía, La Rioja, España","Hijos de Martínez Somalo, en Baños de Río Tobía, elabora chorizo, salchichón, lomo y jamón bajo las marcas Martínez Somalo y La Gloria Riojana.","lunes: 9:00–14:00, 17:00–19:00 | martes: 9:00–14:00, 17:00–19:00 | miércoles: 9:00–14:00, 17:00–19:00 | jueves: 9:00–14:00, 17:00–19:00 | viernes: 9:00–14:00, 17:00–19:00 | sábado: 10:00–13:30 | domingo: Cerrado",+34941375030,,https://martinezsomalo.com/,,https://www.instagram.com/martinezsomalo/,https://www.google.com/maps/search/?api=1&query=Hijos%20de%20Mart%C3%ADnez%20Somalo&query_place_id=ChIJ88cOS5JCRQ0RJgSwiiZQpZ8,42.3330841,-2.7620182,/productores/es/la-rioja/la-rioja/hijos-de-martinez-somalo-banos-de-rio-tobia.webp,,sí,ecommerce,,6819,es,,,,,,es,la-rioja,la-rioja,,,,,,
queserias-la-eralta-tio-sanz-bergasa,Queserías La Eralta - Tío Sanz,Bergasa,Lácteos y quesos,"Queso curado de oveja, queso semicurado","Calle Eras Altas, 1, 26588 Bergasa, La Rioja, España","Elaboración tradicional de quesos con leche de oveja seleccionada, destacando su queso curado viejo artesano.","lunes a viernes: 9:00–14:00, 15:00–18:00 | sábado: Cerrado | domingo: Cerrado",+34941395092,,https://www.tiosanz.com/,,,,42.2285,-2.1157,/productores/es/la-rioja/la-rioja/queserias-la-eralta-tio-sanz-bergasa.webp,,no,,,10685,es,,,,,,es,la-rioja,la-rioja,,,,,,
bodegas-cialu-bobadilla,BODEGAS CIALU,Bobadilla,Vino,"Vino tinto, vino blanco, vino rosado","Av. de La Rioja, 50, 26321 Bobadilla, La Rioja, España","Bodegas Cialu, en Bobadilla, es una bodega familiar de tercera generación con 40 hectáreas de viñedo propio y vendimia manual para sus vinos DOCa Rioja.",lunes: 9:00–14:30 | martes: 9:00–14:30 | miércoles: 9:00–14:30 | jueves: 9:00–14:30 | viernes: 9:00–14:30 | sábado: Cerrado | domingo: Cerrado,+34948186262,export@vitilia.es,http://www.cialu.es,,,https://www.google.com/maps/search/?api=1&query=BODEGAS%20CIALU&query_place_id=ChIJPYWcwVBDRQ0RUyasOeAz178,42.3204545,-2.7592424,/productores/es/la-rioja/la-rioja/bodegas-cialu-bobadilla.webp,,no,,,1914,es,,,,,,es,la-rioja,la-rioja,,,,,,
betolaza-briones,BETOLAZA,Briones,Vino,"Vino tinto, vino blanco, vino rosado","C. Cta. Dulce, 12, 26330 Briones, La Rioja, España",Betolaza cultiva en Briones 11 hectáreas familiares y elabora vinos parcelarios y varietales de producción limitada en un antiguo calado.,"lunes: 9:00–13:00, 15:30–19:00 | martes: 9:00–13:00, 15:30–19:00 | miércoles: 9:00–13:00, 15:30–19:00 | jueves: 9:00–13:00, 15:30–19:00 | viernes: 9:00–13:00, 15:30–19:00 | sábado: 10:00–13:30 | domingo: 12:00–13:00",+34650862104,betolaza@betolaza.es,http://www.betolaza.es,,https://www.instagram.com/bodegasbetolaza/,https://www.google.com/maps/search/?api=1&query=BETOLAZA&query_place_id=ChIJU_jt082KTw0RvEQnk6Y3E5Y,42.543202,-2.7860387,/productores/es/la-rioja/la-rioja/betolaza-briones.webp,,sí,ecommerce,,1182,es,,,,,,es,la-rioja,la-rioja,,,,,,
bodega-miguel-merino-briones,Bodega Miguel Merino,Briones,Vino,"Vino tinto, vino blanco, vino rosado","Ctra. Logroño, 16, 26330 Briones, La Rioja, España","Bodega Miguel Merino, en Briones, vendimia a mano viñas plantadas entre 1929 y 2001; entre sus vinos está La Quinta Cruz, 100 % Mazuelo de una parcela de 1986.",lunes: 9:30–15:00 | martes: 9:30–15:00 | miércoles: 9:30–15:00 | jueves: 9:30–15:00 | viernes: 9:30–15:00 | sábado: Cerrado | domingo: Cerrado,+34941322263,info@miguelmerino.com,http://www.miguelmerino.com,https://www.facebook.com/bodega.miguelmerino.3,https://www.instagram.com/bodegamiguelmerino/,https://www.google.com/maps/search/?api=1&query=Bodega%20Miguel%20Merino&query_place_id=ChIJCaB-KcmKTw0RAuMutxS1vF0,42.5424972,-2.7868842,/productores/es/la-rioja/la-rioja/bodega-miguel-merino-briones.webp,,no,,,1560,es,,,,,,es,la-rioja,la-rioja,,,,,,
castillo-perez-domingo-briones,"Castillo Pérez, Domingo",Briones,Vino,"Vino tinto, vino blanco, vino rosado","C. el Sol, 8, 26339 Rivas de Tereso, La Rioja, España",,"lunes: Cerrado | martes: 11:00–14:00, 17:00–20:00 | miércoles: 11:00–14:00, 17:00–20:00 | jueves: 11:00–14:00, 17:00–20:00 | viernes: 11:00–14:00, 17:00–20:00 | sábado: 11:00–14:00, 17:00–20:00 | domingo: 11:00–14:00",+34941322018,castillo.alonso.paula@gmail.com,,,,https://www.google.com/maps/search/?api=1&query=Castillo%20P%C3%A9rez%2C%20Domingo&query_place_id=ChIJlYf-_mTzTw0R-H66slQpCHA,42.6035607,-2.7504875,,pendiente,no comprobado,,,3505,,,,,,,es,la-rioja,la-rioja,,,,,,
castillo-perez-s-c-hermanos-briones,"Castillo Pérez, S.C., Hermanos",Briones,Vino,"Vino tinto, vino blanco, vino rosado","26330 Briones, La Rioja, España",,"lunes: 8:00–13:00, 15:00–19:00 | martes: 8:00–13:00, 15:00–19:00 | miércoles: 8:00–13:00, 15:00–19:00 | jueves: 8:00–13:00, 15:00–19:00 | viernes: 8:00–13:00, 15:00–19:00 | sábado: 9:00–13:00 | domingo: Cerrado",+34667730651,info@bodegaszurbal.com,http://www.bodegaszurbal.com/zurbal/,,,https://www.google.com/maps/search/?api=1&query=Castillo%20P%C3%A9rez%2C%20S.C.%2C%20Hermanos&query_place_id=ChIJhyMx8s6KTw0R1FFIB6Gu4n8,42.543695,-2.7845667,/productores/es/la-rioja/la-rioja/castillo-perez-s-c-hermanos-briones.webp,,no,,,3506,,,,,,,es,la-rioja,la-rioja,,,,,,
el-cantillo-briones,El Cantillo,Briones,Vino,"Vino tinto, vino blanco, vino rosado","C. Nueva, 11, 26330 Briones, La Rioja, España",,Consultar web o venta directa,+34606526649,elhombreorquestasl@gmail.com,,,,https://www.google.com/maps/search/?api=1&query=El%20Cantillo&query_place_id=ChIJ5S9kic6KTw0RQ_821n1II-w,42.5440027,-2.783838,,pendiente,no comprobado,,,5116,,,,,,,es,la-rioja,la-rioja,,,,,,
finca-allende-briones,FINCA ALLENDE,Briones,Vino,"Vino tinto, vino blanco, vino rosado","Pl. Ibarra, 1, 26330 Briones, La Rioja, España","Finca Allende, en Briones, elabora su tinto Allende con Tempranillo de viñedos de más de 45 años, vendimia manual y 14 meses en roble francés.",lunes: 7:00–15:00 | martes: 7:00–15:00 | miércoles: 7:00–15:00 | jueves: 7:00–15:00 | viernes: 7:00–15:00 | sábado: Cerrado | domingo: Cerrado,+34941322301,sales@finca-allende.com,http://www.finca-allende.com,https://es-la.facebook.com/finca.allende,,https://www.google.com/maps/search/?api=1&query=FINCA%20ALLENDE&query_place_id=ChIJC4VEZc-KTw0R7PqF5PJTz9I,42.543473,-2.7875834,/productores/es/la-rioja/la-rioja/finca-allende-briones.webp,,sí,ecommerce,,5812,es,,,,,,es,la-rioja,la-rioja,,,,,,
jesus-fernando-gomez-cruzado-briones,JESUS FERNANDO GOMEZ-CRUZADO,Briones,Vino,"Vino tinto, vino blanco, vino rosado","26330 Briones, La Rioja, España",,lunes: 10:00–15:00 | martes: 10:00–15:00 | miércoles: 10:00–15:00 | jueves: 10:00–15:00 | viernes: 10:00–15:00 | sábado: 10:00–14:30 | domingo: 10:00–14:30,+34645309357,f.gomezcruzado@kzgunea.net,,,,https://www.google.com/maps/search/?api=1&query=JESUS%20FERNANDO%20GOMEZ-CRUZADO&query_place_id=ChIJhyMx8s6KTw0R1FFIB6Gu4n8,42.543695,-2.7845667,,pendiente,no comprobado,,,7343,,,,,,,es,la-rioja,la-rioja,,,,,,
puras-pecina-y-una-c-b-daniel-briones,"Puras Peciña y Una, C.B., Daniel",Briones,Vino,"Vino tinto, vino blanco, vino rosado","C. Cta. Dulce, 1, 26330 Briones, La Rioja, España","Bodega familiar de Briones que cultiva y elabora vino de Rioja desde hace cinco generaciones. Sus 11 hectáreas de Tempranillo dan lugar a la colección Cantiga, con vinos Crianza, Reserva y Blanco.",lunes: 5:00–24:00 | martes: 8:30–20:30 | miércoles: 8:30–20:30 | jueves: 8:30–20:30 | viernes: 8:30–20:30 | sábado: 9:00–19:00 | domingo: 10:00–15:00,+34941301052,info@bodegasdanielpuras.es,http://www.bodegasdanielpuras.es,,,https://www.google.com/maps/search/?api=1&query=Puras%20Peci%C3%B1a%20y%20Una%2C%20C.B.%2C%20Daniel&query_place_id=ChIJM-y8IM-KTw0RrNPFUrnGN7s,42.5425703,-2.7855205,/productores/es/la-rioja/la-rioja/puras-pecina-y-una-c-b-daniel-briones.webp,,no,,,10368,es,,,,,,es,la-rioja,la-rioja,,,,,,
vivanco-briones,Vivanco,Briones,Vino,"Vino tinto, vino blanco, vino rosado","N-232, Km. 442, 26330 Briones, La Rioja, España","Vivanco, en Briones, combina bodega y museo del vino; su vino Brunes mezcla 90 % Tempranillo y 10 % Maturana Tinta de parcelas propias cultivadas de forma orgánica.",lunes: 10:00–18:00 | martes: Cerrado | miércoles: 10:00–18:00 | jueves: 10:00–19:00 | viernes: 10:00–19:00 | sábado: 10:00–19:00 | domingo: 10:00–19:00,+34671608699,hurquiza@vivancoculturadevino.es,https://vivancoculturadevino.es/,https://www.facebook.com/vivancoculturadevino,https://www.instagram.com/vivancoculturadevino/,https://www.google.com/maps/search/?api=1&query=Vivanco&query_place_id=ChIJxU1XNc-KTw0RwnucTmupR2w,42.539689,-2.7772344,/productores/es/la-rioja/la-rioja/vivanco-briones.webp,,sí,ecommerce,,12317,es,,,,,,es,la-rioja,la-rioja,,,,,,
embutidos-briones-s-l-briones,Embutidos Briones S.L.,Briones,Carne,Embutidos artesanos,"Pl. España, 2, 26330 Briones, La Rioja, España",,"lunes: 9:00–14:00, 17:30–20:00 | martes: 9:00–14:00, 17:30–20:00 | miércoles: 9:00–14:00, 17:30–20:00 | jueves: 9:00–14:00, 17:30–20:00 | viernes: 9:00–14:00, 17:30–20:00 | sábado: 9:00–14:00, 18:00–20:00 | domingo: 10:00–14:00",+34941322010,,,,,https://www.google.com/maps/search/?api=1&query=Embutidos%20Briones%20S.L.&query_place_id=ChIJc4ts-s6KTw0RXkJhEHD0aII,42.5441099,-2.7845263,,pendiente,no comprobado,,,5399,,,,,,,es,la-rioja,la-rioja,,,,,,
embutidos-la-artesana-briones,Embutidos La Artesana,Briones,Carne,Embutidos artesanos,"Las Piscinas, s/n, 26330 Briones, La Rioja, España",,"lunes: 9:00–13:30, 16:00–19:30 | martes: 9:00–13:30, 16:00–19:30 | miércoles: 9:00–13:30, 16:00–19:30 | jueves: 9:00–13:30, 16:00–19:30 | viernes: 9:00–13:30, 16:00–19:30 | sábado: 10:00–13:30, 16:00–19:30 | domingo: 10:00–13:30",+34941301030,,,https://www.facebook.com/p/Embutidos-La-Artesana-100054574503865/,,https://www.google.com/maps/search/?api=1&query=Embutidos%20La%20Artesana&query_place_id=ChIJY5lAOWGrWg0R15zMkLN9VDk,42.5424849,-2.778283000000001,,,sí,marketplace,,5471,,,,,,,es,la-rioja,la-rioja,,,,,,
ayala-s-c-hnos-de-brinas,"Ayala, S.C., Hnos de",Briñas,Vino,"Vino tinto, vino blanco, vino rosado","C. la Fuentecilla, 12, 26290 Briñas, La Rioja, España","Bodegas Ayala, en Briñas, conserva una tradición familiar desde 1853 y elabora vinos y espumosos de forma artesanal; sus calados de piedra son centenarios.",lunes: 8:00–20:00 | martes: 8:00–20:00 | miércoles: 8:00–20:00 | jueves: 8:00–20:00 | viernes: 8:00–20:00 | sábado: 9:00–14:00 | domingo: 10:00–13:00,+34941310575,bodegas@rayalaehijos.com,http://www.rayalaehijos.com/,,,https://www.google.com/maps/search/?api=1&query=Ayala%2C%20S.C.%2C%20Hnos%20de&query_place_id=ChIJoQl2CHGMTw0RZNPRufwGOsY,42.6016395,-2.8308654,/productores/es/la-rioja/la-rioja/ayala-s-c-hnos-de-brinas.webp,,no,,,1050,es,,,,,,es,la-rioja,la-rioja,,,,,,
eguiluz-martinez-m-teresa-brinas,"Eguiluz Martínez, Mª. Teresa",Briñas,Vino,"Vino tinto, vino blanco, vino rosado","26290 Briñas, La Rioja, España",,Consultar web o venta directa,+34660040564,bodegaibarloza@hotmail.com,,,,https://www.google.com/maps/search/?api=1&query=Eguiluz%20Mart%C3%ADnez%2C%20M%C2%AA.%20Teresa&query_place_id=ChIJbc1493GMTw0RvG7MXc7V_LM,42.6023759,-2.8334038,,pendiente,no comprobado,,,5079,,,,,,,es,la-rioja,la-rioja,,,,,,
herencia-yacente-e-c-dominguez-brinas,Herencia Yacente E.C. Dominguez,Briñas,Vino,"Vino tinto, vino blanco, vino rosado","C. San Marcelo, 8, 26290 Briñas, La Rioja, España",,Consultar web o venta directa,+34941312226,bodegasmentoste@hotmail.com,,,,https://www.google.com/maps/search/?api=1&query=Herencia%20Yacente%20E.C.%20Dominguez&query_place_id=ChIJea3YYHGMTw0R8kCd-1sT_gM,42.6007217,-2.832525,,pendiente,no comprobado,,,6776,,,,,,,es,la-rioja,la-rioja,,,,,,
seisas-alonso-david-brinas,"Seisas Alonso, David",Briñas,Vino,"Vino tinto, vino blanco, vino rosado","26290 Briñas, La Rioja, España",,lunes: Abierto 24 horas | martes: Abierto 24 horas | miércoles: Abierto 24 horas | jueves: Abierto 24 horas | viernes: Abierto 24 horas | sábado: Abierto 24 horas | domingo: Abierto 24 horas,+34600624086,angelseisas@gmail.com,,,,https://www.google.com/maps/search/?api=1&query=Seisas%20Alonso%2C%20David&query_place_id=ChIJbc1493GMTw0RvG7MXc7V_LM,42.6023759,-2.8334038,,pendiente,no comprobado,,,11452,,,,,,,es,la-rioja,la-rioja,,,,,,
tobelos-bodega-y-vinedos-s-l-brinas,Tobelos Bodega y Viñedos S.L,Briñas,Vino,"Vino tinto, vino blanco, vino rosado","N-124, 26290 Briñas, La Rioja, España","Tobelos, en Briñas, vendimia manualmente pequeñas parcelas y vinifica cada una por separado; cría sus vinos en 800 barricas, en su mayoría de roble francés.",lunes: 8:00–16:00 | martes: 8:00–16:00 | miércoles: 8:00–16:00 | jueves: 8:00–16:00 | viernes: 8:00–14:00 | sábado: Cerrado | domingo: Cerrado,+34669462185,aruanes@tobelos.com,https://www.tobelos.com/bodega/,,https://www.instagram.com/bodegastobelos/,https://www.google.com/maps/search/?api=1&query=Tobelos%20Bodega%20y%20Vi%C3%B1edos%20S.L&query_place_id=ChIJ0zAwlnGMTw0R3iGpE4bJN3s,42.6010313,-2.8427416,/productores/es/la-rioja/la-rioja/tobelos-bodega-y-vinedos-s-l-brinas.webp,,sí,ecommerce,,11843,es,,,,,,es,la-rioja,la-rioja,,,,,,
bodegas-copaboca-y-dunviro-s-l-calahorra,Bodegas Copaboca y Dunviro S.L.,Calahorra,Vino,"Vino tinto, vino blanco, vino rosado","Carretera de, Ctra. Logroño, KM 362, 26500 Calahorra, La Rioja, España","Bodegas Copaboca y Dunviro, en Calahorra, elabora vinos con uvas de viñas de la localidad y pueblos cercanos; la marca Dunviro homenajea las raíces romanas de la ciudad.",lunes: 7:00–15:00 | martes: 7:00–15:00 | miércoles: 7:00–15:00 | jueves: 7:00–15:00 | viernes: 7:00–15:00 | sábado: Cerrado | domingo: Cerrado,+34616116699,bodegadunviro@copaboca.es,https://copaboca.com/,,,https://www.google.com/maps/search/?api=1&query=Bodegas%20Copaboca%20y%20Dunviro%20S.L.&query_place_id=ChIJtwnYzdePWg0RJIN2I4an4GM,42.3166416,-1.9902244,,,sí,ecommerce,,1920,es,,,,,,es,la-rioja,la-rioja,,,,,,
bodegas-dunviro-calahorra,Bodegas Dunviro,Calahorra,Vino,"Vino tinto, vino blanco, vino rosado","Ctra. Logroño, 0, 26500 Calahorra, La Rioja, España","Bodegas Dunviro, en Calahorra, elabora su Crianza DOCa Rioja con Tempranillo; el nombre Dunviro recupera la denominación romana de los personajes ilustres de la ciudad.",lunes: 9:00–21:00 | martes: 9:00–21:00 | miércoles: 9:00–21:00 | jueves: 9:00–21:00 | viernes: 9:00–21:00 | sábado: Cerrado | domingo: Cerrado,+34941130626,gerencia@bodegasdunviro.com,https://copaboca.com/,,,https://www.google.com/maps/search/?api=1&query=Bodegas%20Dunviro&query_place_id=ChIJ1R4KfhmOWg0RHTwaKLglG98,42.316665,-1.9902,,,sí,ecommerce,,1973,es,,,,,,es,la-rioja,la-rioja,,,,,,
vinedos-del-carmen-s-a-t-calahorra,"Viñedos del Carmen, S.A.T.",Calahorra,Vino,"Vino tinto, vino blanco, vino rosado","C. Viacampo, 26500 Calahorra, La Rioja, España","Viñedos del Carmen produce en Calahorra vinos tintos, blancos y rosados de Rioja procedentes de sus propios viñedos.",lunes: 9:00–13:00 | martes: 9:00–13:00 | miércoles: 9:00–13:00 | jueves: 9:00–13:00 | viernes: 9:00–13:00 | sábado: 9:00–13:00 | domingo: Cerrado,+34941145877,vinedosdelcarmen@hotmail.com,http://www.viñedosdelcarmen.com/,,,https://www.google.com/maps/search/?api=1&query=Vi%C3%B1edos%20del%20Carmen%2C%20S.A.T.&query_place_id=ChIJM7gyhWuOWg0R1lRMXxuHMRA,42.3136866,-1.9656612,,,sí,ecommerce,,12217,es,,,,,,es,la-rioja,la-rioja,,,,,,
conservas-leyenda-y-valerio-calahorra,Conservas Leyenda y Valerio,Calahorra,Conservas,Conservas vegetales,"C. San Lázaro, 10, 26500 Calahorra, La Rioja, España","Conservas Leyenda, en Calahorra, elabora conservas vegetales y platos preparados desde 1994; trabaja pimientos, espárragos D.O. Navarra, legumbres, setas, salsas y frutas.","lunes: 8:30–13:00, 15:30–19:00 | martes: 8:30–13:00, 15:30–19:00 | miércoles: 8:30–13:00, 15:30–19:00 | jueves: 8:30–13:00, 15:30–19:00 | viernes: 8:30–13:00, 15:30–19:00 | sábado: Cerrado | domingo: Cerrado",+34941148947,,http://www.conservas-leyenda.com/,,,https://www.google.com/maps/search/?api=1&query=Conservas%20Leyenda%20y%20Valerio&query_place_id=ChIJH36_BzCMWg0R1MvyrDCo0Pk,42.2919578,-1.9441395,/productores/es/la-rioja/la-rioja/conservas-leyenda-y-valerio-calahorra.webp,,no,,,4319,es,,,,,,es,la-rioja,la-rioja,,,,,,
conservas-serrano-s-l-calahorra,Conservas Serrano S.L.,Calahorra,Conservas,Conservas vegetales,"P.I. Viacampo, Cam. de la Ribera, s/n, 26500 Calahorra, La Rioja, España","Conservas Serrano, en Calahorra, trabaja desde 1880 con recolección, selección y elaboración manual de verduras de las huertas riojana y navarra.","lunes: 9:00–13:00, 15:00–18:00 | martes: 9:00–13:00, 15:00–18:00 | miércoles: 9:00–13:00, 15:00–18:00 | jueves: 9:00–13:00, 15:00–18:00 | viernes: 9:00–13:00, 15:00–18:00 | sábado: Cerrado | domingo: Cerrado",+34941130386,,https://conservasserrano.es/,,https://www.instagram.com/conservaserrano/,https://www.google.com/maps/search/?api=1&query=Conservas%20Serrano%20S.L.&query_place_id=ChIJx1xtEzKQWg0RS3ygNuZNlHo,42.3145475,-1.959619,,,sí,ecommerce,,4355,es,,,,,,es,la-rioja,la-rioja,,,,,,
conservas-virto-calahorra,Conservas Virto,Calahorra,Conservas,Conservas vegetales,"Ctra. de Murillo, 0, 26500 Calahorra, La Rioja, España","Conservas Virto, en Calahorra, mantiene una tradición hortelana desde 1955 y elabora conservas con verduras de La Rioja y su comarca, incluidas menestras y alcachofas ecológicas.",lunes: 8:00–15:00 | martes: 8:00–15:00 | miércoles: 8:00–15:00 | jueves: 8:00–15:00 | viernes: 8:00–15:00 | sábado: Cerrado | domingo: Cerrado,+34941145429,,https://conservasvirto.com/,,https://www.instagram.com/conservasvirto/,https://www.google.com/maps/search/?api=1&query=Conservas%20Virto&query_place_id=ChIJwQ9WqRSOWg0RIpSUMLNWzc4,42.3138313,-1.9677313,/productores/es/la-rioja/la-rioja/conservas-virto-calahorra.webp,,sí,ecommerce,,4363,es,,,,,,es,la-rioja,la-rioja,,,,,,
heladeria-andres-sirvent-calahorra,Heladería Andrés Sirvent,Calahorra,Helados,"Helados artesanos de obrador, granizados, especialidades de verdura","Avenida de Nuestra Señora de la Valvanera, 47, 26500 Calahorra, La Rioja, España","Emblemática heladería dirigida por el maestro Andrés Sirvent, reconocida por la innovación en helados artesanos de alta calidad y sabores de la huerta.",Consultar horario de temporada,+34941135569,,,,https://www.instagram.com/heladeria_andres_fco_sirvent/,https://www.google.com/maps/search/?api=1&query=Helader%C3%ADa%20Andr%C3%A9s%20Sirvent%2C%20Avenida%20de%20Nuestra%20Se%C3%B1ora%20de%20la%20Valvanera%2C%2047%2C%2026500%20Calahorra%2C%20La%20Rioja%2C%20Espa%C3%B1a&query_place_id=ChIJe2GrWG2OWg0RHYOuTDPj7Qw,42.2982,-1.9615,,pendiente,no comprobado,,,6709,es,,,,,,es,la-rioja,la-rioja,,,,,,
hermanos-martinez-falcon-scpp-calahorra,Hermanos Martínez Falcón S.C.P.,Calahorra,Lácteos y quesos,Leche cruda de vaca,"Camino de Alcanadre, s/n, 26500 Calahorra, La Rioja, España",Explotación de vacuno de leche en Calahorra; la prensa sectorial de 2026 describe su granja y la comercialización de la leche a través de la cooperativa Kaiku.,Consultar disponibilidad,+34941743032,,,,,https://www.google.com/maps/search/?api=1&query=Hermanos%20Mart%C3%ADnez%20Falc%C3%B3n%20S.C.P.%2C%20Camino%20de%20Alcanadre%2C%20s%2Fn%2C%2026500%20Calahorra%2C%20La%20Rioja%2C%20Espa%C3%B1a&query_place_id=ChIJI8NFPTmOWg0R8jw1KA_xLzQ,42.31491,-1.96206,,pendiente,no comprobado,,,6794,es,,,,,,es,la-rioja,la-rioja,,,,,,
faustino-martinez-luquin-y-otros-calahorra,Faustino Martínez Luquin y otros,Calahorra,Lácteos y quesos,Leche cruda de vaca,"Calle Mártires, s/n, 26500 Calahorra, La Rioja, España",Explotación de vacuno de leche en Calahorra identificada como empresa viva con CNAE 0141 en directorios empresariales.,Consultar disponibilidad,,,,,,https://www.google.com/maps/search/?api=1&query=Faustino%20Mart%C3%ADnez%20Luquin%20y%20otros%2C%20Calle%20M%C3%A1rtires%2C%20s%2Fn%2C%2026500%20Calahorra%2C%20La%20Rioja%2C%20Espa%C3%B1a&query_place_id=ChIJrSUrp3GOWg0Rzk1vn3Tg25Q,42.30282,-1.9636,,pendiente,no comprobado,,,5782,es,,,,,,es,la-rioja,la-rioja,,,,,,
la-alegria-riojana-camprovin,La Alegría Riojana,Camprovín,Carne,Chorizo Riojano,"Ctra. Nájera, 0, 26311 Camprovín, La Rioja, España","La Alegría Riojana, en Camprovín, inició su actividad en 1949 y elabora embutidos, lomos y jamones curados; aprovecha el aire de la Sierra de Moncalvillo para el secado natural.",Consultar web o venta directa,+34941361603,,https://alegriariojana.com/,,,https://www.google.com/maps/search/?api=1&query=La%20Alegr%C3%ADa%20Riojana&query_place_id=ChIJwbVoyzZDRQ0RKnm6y6aIrnw,42.3545092,-2.7243107,/productores/es/la-rioja/la-rioja/la-alegria-riojana-camprovin.webp,,no,,,7527,es,,,,,,es,la-rioja,la-rioja,,,,,,
la-marmita-microcerveceria-artesanal-camprovin,La Marmita - Microcervecería Artesanal,Camprovín,Cerveza,Cerveza artesana,"C. el Campo, 26, 26311 Camprovín, La Rioja, España",La microcervecería de Martín elabora cerveza artesanal e hidromiel y ofrece degustación y venta directa en Camprovín.,lunes: Cerrado | martes: Cerrado | miércoles: Cerrado | jueves: Cerrado | viernes: Cerrado | sábado: 11:00–15:00 | domingo: 11:00–15:00,,,,,https://www.instagram.com/lamarmitacerveza/,https://www.google.com/maps/search/?api=1&query=La%20Marmita%20-%20Microcervecer%C3%ADa%20Artesanal&query_place_id=ChIJ1VkLbwBDRQ0RWGZYhgDvHTE,42.3533439,-2.724507,,pendiente,no comprobado,,,7750,es,,,,,,es,la-rioja,la-rioja,,,,,,
bodegas-mazuela-cenicero,Bodegas Mazuela,Cenicero,Vino,"Vino tinto, vino blanco, vino rosado","Ctra. Laguardia, 3, 26350 Cenicero, La Rioja, España","Bodegas Mazuela, en Cenicero, recoge sus uvas en cajas de menos de 19 kilos y fermenta lentamente tras una prefermentación en frío; cría sus vinos en barricas francesas.",lunes: 8:00–20:00 | martes: 8:00–20:00 | miércoles: 8:00–20:00 | jueves: 8:00–20:00 | viernes: 8:00–20:00 | sábado: 8:00–15:00 | domingo: Cerrado,+34607548054,manuel@bodegasmazuela.com,http://www.bodegasmazuela.com,,,https://www.google.com/maps/search/?api=1&query=Bodegas%20Mazuela&query_place_id=ChIJhc65esxZRQ0RoBaqlBbgEc8,42.4785731,-2.6332371,/productores/es/la-rioja/la-rioja/bodegas-mazuela-cenicero.webp,,no,,,2198,es,,,,,,es,la-rioja,la-rioja,,,,,,
bodegas-murillo-viteri-cenicero,BODEGAS MURILLO VITERI,Cenicero,Vino,"Vino tinto, vino blanco, vino rosado","Plaza la Majadilla, 26350 Cenicero, La Rioja, España","Bodegas Murillo Viteri, en Cenicero, suma seis generaciones elaborando vinos DOCa Rioja suaves y redondos con uvas propias y de viticultores de confianza.",lunes: 7:00–15:00 | martes: 7:00–15:00 | miércoles: 7:00–15:00 | jueves: 7:00–15:00 | viernes: 7:00–15:00 | sábado: Cerrado | domingo: Cerrado,+34685788255,amurillo@bodegasmurilloviteri.com,https://www.bodegasmurilloviteri.com/,,https://www.instagram.com/bodegasmurilloviteri/,https://www.google.com/maps/search/?api=1&query=BODEGAS%20MURILLO%20VITERI&query_place_id=ChIJr8nidclZRQ0RqNm-H81JLQE,42.4756668,-2.6363106,,,sí,ecommerce,,2229,es,,,,,,es,la-rioja,la-rioja,,,,,,
bodegas-riojanas-cenicero,Bodegas Riojanas,Cenicero,Vino,"Vino tinto, vino blanco, vino rosado","Av. Don Ricardo Ruiz de Azcárraga, 1, 26350 Cenicero, La Rioja, España","Bodegas Riojanas, en Cenicero, controla más de 200 hectáreas de viñedo y trabaja Tempranillo, Mazuelo y Graciano; su marca Monte Real nació en 1933.","lunes: 11:00–15:00, 17:30–21:30 | martes: 11:00–15:00, 17:30–21:30 | miércoles: 11:00–15:00, 17:30–21:30 | jueves: 11:00–15:00, 17:30–21:30 | viernes: 11:00–15:00, 17:30–21:30 | sábado: 11:00–15:00, 17:30–21:30 | domingo: 11:00–15:00",+34941454050,marketing@bodegasriojanas.com,https://www.bodegasriojanas.com/,https://www.facebook.com/BodegasRiojanas,https://www.instagram.com/bodegasriojanas/,https://www.google.com/maps/search/?api=1&query=Bodegas%20Riojanas&query_place_id=ChIJRff7N6pZRQ0Rl4wyAnk5qxU,42.48123469999999,-2.640217,/productores/es/la-rioja/la-rioja/bodegas-riojanas-cenicero.webp,,no,,,2336,es,,,,,,es,la-rioja,la-rioja,,,,,,
bodegas-saenz-de-santamaria-s-l-cenicero,Bodegas Saenz de Santamaria S.L,Cenicero,Vino,"Vino tinto, vino blanco, vino rosado","Carretera de Haro, Km 1, 26350 Cenicero, La Rioja, España","Bodegas Sáenz de Santamaría, en Cenicero, trabaja 60 hectáreas de viñedo propio con Tempranillo, Mazuelo, Graciano, Garnacha y Viura; el viñedo Rondan da nombre a sus vinos.",lunes: 10:00–17:00 | martes: 10:00–17:00 | miércoles: 10:00–17:00 | jueves: 10:00–17:00 | viernes: 10:00–17:00 | sábado: 10:30–14:00 | domingo: Cerrado,+34941454008,bodegas@saenzdesantamaria.com,http://www.bodegassaenzdesantamaria.com,,,https://www.google.com/maps/search/?api=1&query=Bodegas%20Saenz%20de%20Santamaria%20S.L&query_place_id=ChIJzfxrm8OLTw0RUDWtmcivJf4,42.490144,-2.6633963,,,no,,,2360,es,,,,,,es,la-rioja,la-rioja,,,,,,
bodegas-tritium-cenicero,Bodegas Tritium,Cenicero,Vino,"Vino tinto, vino blanco, vino rosado","Av. Logroño, 10, 26350 Cenicero, La Rioja, España",Bodegas Tritium elabora en Cenicero vinos de parcelas con viñas centenarias de 90 a 113 años; su bodega restaurada del siglo XV ofrece visitas y catas.,"lunes: 10:30–14:00, 16:00–17:30 | martes: 10:30–14:00, 16:00–17:30 | miércoles: 10:30–14:00, 16:00–17:30 | jueves: 10:30–14:00, 16:00–17:30 | viernes: 10:30–14:00, 16:00–17:30 | sábado: 10:30–14:00, 16:00–17:30 | domingo: 10:30–14:00",+34629152822,bodegastritium@gmail.com,https://bodegastritium.com/,,https://www.instagram.com/tritiumwine/,https://www.google.com/maps/search/?api=1&query=Bodegas%20Tritium&query_place_id=ChIJy-Qv0rJZRQ0R4CU9Svv4wiM,42.4810062,-2.6465002,/productores/es/la-rioja/la-rioja/bodegas-tritium-cenicero.webp,,sí,ecommerce,,2420,es,,,,,,es,la-rioja,la-rioja,,,,,,
bodegas-valentin-pascual-cenicero,Bodegas Valentín Pascual,Cenicero,Vino,"Vino tinto, vino blanco, vino rosado","Pl. España, 8, 26350 Cenicero, La Rioja, España","Bodegas Valentín Pascual, en Cenicero, conserva cinco generaciones de tradición desde 1885 y elabora vino, vermú y mistela; mantiene el pisado tradicional de la uva en una cueva del siglo XV.",Consultar web o venta directa,+34941454053,info@bodegasvalentinpascual.com,http://www.bodegasvalentinpascual.com/,https://www.facebook.com/BodegasValentinPascual/,,https://www.google.com/maps/search/?api=1&query=Bodegas%20Valent%C3%ADn%20Pascual&query_place_id=ChIJTZ1DMEtYRQ0Rsw4OA6XvryY,42.481893,-2.641989,/productores/es/la-rioja/la-rioja/bodegas-valentin-pascual-cenicero.webp,,sí,ecommerce,,2438,es,,,,,,es,la-rioja,la-rioja,,,,,,
bodegas-y-vinedos-larraz-sl-cenicero,BODEGAS Y VIÑEDOS LARRAZ SL,Cenicero,Vino,"Vino tinto, vino blanco, vino rosado","12 Paraje Ribarrey Polígono, Polígono 12, parcela 50, 26350 Cenicero, La Rioja, España",Bodegas Larraz elabora en Cenicero el vino de finca Caudum con una parte de sus 17 hectáreas de La Cuesta; lo cría 12 meses en roble francés y 12 meses en botella.,Consultar web o venta directa,+34639728581,info@bodegaslarraz.com,http://www.bodegaslarraz.com,,https://www.instagram.com/bodegaslarraz/,https://www.google.com/maps/search/?api=1&query=BODEGAS%20Y%20VI%C3%91EDOS%20LARRAZ%20SL&query_place_id=ChIJkVgczbRZRQ0RlUx_xsJxxbk,42.4392941,-2.6403237,/productores/es/la-rioja/la-rioja/bodegas-y-vinedos-larraz-sl-cenicero.webp,,no,,,2523,es,,,,,,es,la-rioja,la-rioja,,,,,,
cenicero-viticola-finca-cienvacas-cenicero,Cenicero Viticola - Finca Cienvacas,Cenicero,Vino,"Vino tinto, vino blanco, vino rosado","Av. Fuenmayor, 26350 Cenicero, La Rioja, España","Finca Cienvacas, en Cenicero, es una bodega familiar que respeta los tiempos y procesos tradicionales para elaborar un vino natural de Rioja.",lunes: 9:00–20:00 | martes: 9:00–20:00 | miércoles: 9:00–20:00 | jueves: 9:00–20:00 | viernes: 9:00–18:00 | sábado: 8:00–14:00 | domingo: Cerrado,+34629285145,fincacienvacas@gmail.com,http://www.fincacienvacas.com,,,https://www.google.com/maps/search/?api=1&query=Cenicero%20Viticola%20-%20Finca%20Cienvacas&query_place_id=ChIJCSTfGE5ZRQ0R4hyGDCgu1FA,42.4715396,-2.6301027,/productores/es/la-rioja/la-rioja/cenicero-viticola-finca-cienvacas-cenicero.webp,,no,,,3781,es,,,,,,es,la-rioja,la-rioja,,,,,,
consejo-de-la-alta-cenicero,CONSEJO DE LA ALTA,Cenicero,Vino,"Vino tinto, vino blanco, vino rosado","Av. Fuenmayor, 0, 26350 Cenicero, La Rioja, España",,Consultar web o venta directa,+34941455005,jperez@consejodelaalta.com,,,,https://www.google.com/maps/search/?api=1&query=CONSEJO%20DE%20LA%20ALTA&query_place_id=ChIJRwbpuc5ZRQ0Rx-vt78gfHQs,42.47405699999999,-2.6327608,,pendiente,no comprobado,,,4238,,,,,,,es,la-rioja,la-rioja,,,,,,
marques-de-caceres-cenicero,MARQUÉS DE CÁCERES,Cenicero,Vino,"Vino tinto, vino blanco, vino rosado","Av. Fuenmayor, 11, 26350 Cenicero, La Rioja, España","Marqués de Cáceres gestiona en Cenicero 500 hectáreas propias y colabora con viticultores en otras 800; trabaja Tempranillo, Graciano, Viura, Garnacha Tinta y Maturana.",lunes: 8:30–17:30 | martes: 8:30–17:30 | miércoles: 8:30–17:30 | jueves: 8:30–17:30 | viernes: 8:30–17:30 | sábado: 10:00–18:00 | domingo: Cerrado,+34941454744,reservas@marquesdecaceres.com,http://www.marquesdecaceres.com,https://www.facebook.com/marquesdecaceres,https://www.instagram.com/marques_caceres/,https://www.google.com/maps/search/?api=1&query=MARQU%C3%89S%20DE%20C%C3%81CERES&query_place_id=ChIJtZcoyLJZRQ0RxQqpepkCOq4,42.4801153,-2.6363318,/productores/es/la-rioja/la-rioja/marques-de-caceres-cenicero.webp,,no,,,8385,es,,,,,,es,la-rioja,la-rioja,,,,,,
marques-de-la-concordia-family-of-wines-cenicero,Marqués De La Concordia Family Of Wines,Cenicero,Vino,"Vino tinto, vino blanco, vino rosado","Carretera de el Ciego, s/n, Ctra. Laguardia, 19, 26350 Cenicero, La Rioja, España","Marqués de la Concordia presenta en Cenicero la tradición de Paternina y vinos como Banda Azul, reconocidos desde 1896. Su método de elaboración clasifica los vinos por años desde la vendimia.",lunes: 9:00–17:00 | martes: 9:00–17:00 | miércoles: 9:00–17:00 | jueves: 9:00–17:00 | viernes: 9:00–17:00 | sábado: Cerrado | domingo: Cerrado,+34941453121,mdelpino@marquesdelaconcordia.com,http://www.marquesdelaconcordia.com/,,,https://www.google.com/maps/search/?api=1&query=Marqu%C3%A9s%20De%20La%20Concordia%20Family%20Of%20Wines&query_place_id=ChIJq1n_5DNYRQ0RUHAd-x-zidw,42.4860401,-2.6330407,/productores/es/la-rioja/la-rioja/marques-de-la-concordia-family-of-wines-cenicero.webp,,no,,,8387,es,,,,,,es,la-rioja,la-rioja,,,,,,
sagredo-monasterio-carlos-cenicero,"Sagredo Monasterio, Carlos",Cenicero,Vino,"Vino tinto, vino blanco, vino rosado","Carr. de Nájera, 8, 26313 Uruñuela, La Rioja, España",,"lunes: Cerrado | martes: 10:00–13:30, 16:00–19:00 | miércoles: 10:00–13:30, 16:00–19:00 | jueves: 10:00–13:30, 16:00–19:00 | viernes: 10:00–13:30, 16:00–19:00 | sábado: 10:00–13:30, 16:00–19:00 | domingo: 10:00–13:30, 16:00–18:00",+34646177693,firdacus@hotmail.com,,,,https://www.google.com/maps/search/?api=1&query=Sagredo%20Monasterio%2C%20Carlos&query_place_id=ChIJETIXoR1cRQ0RsrDFePhdjz4,42.4389841,-2.711083,,pendiente,no comprobado,,,11303,,,,,,,es,la-rioja,la-rioja,,,,,,
bodegas-forcada-s-l-cervera-del-rio-alhama,BODEGAS FORCADA S.L.,Cervera del Río Alhama,Vino,"Vino tinto, vino blanco, vino rosado","LR-123, Km 17, 5, 26520 Rincón de Olivedo O Las Casas, La Rioja, España","Bodegas Forcada, en Cervera del Río Alhama, trabaja un enclave de la sierra de Alcarama con cultivo prácticamente ecológico. Su Alma de Forcada Cepas Viejas fue reconocido en 2019 como mejor Garnacha del IWC.",Consultar web o venta directa,+34941175706,d.forcada@bodegasforcada.com,http://www.bodegasforcada.com/,,https://www.instagram.com/bodegas_forcada/,https://www.google.com/maps/search/?api=1&query=BODEGAS%20FORCADA%20S.L.&query_place_id=ChIJkSzOb5f6Wg0Ru4C11ODneaE,42.0540813,-1.9434821,/productores/es/la-rioja/la-rioja/bodegas-forcada-s-l-cervera-del-rio-alhama.webp,,no,,,2015,es,,,,,,es,la-rioja,la-rioja,,,,,,
benes-manzanares-angel-y-uno-cordovin,"Benés Manzanares, Ángel y uno",Cordovín,Vino,"Vino tinto, vino blanco, vino rosado","26311 Cordovín, La Rioja, España","Bodegas Ángel Benés Matute, en Cordovín, trabaja más de 30 hectáreas de viñedo propio y conserva un calado centenario. Elabora clarete de Garnacha tinta y Viura, además de vinos blancos y tintos.",lunes: 6:00–22:00 | martes: 6:00–22:00 | miércoles: 6:00–22:00 | jueves: 6:00–22:00 | viernes: 6:00–22:00 | sábado: 6:00–22:00 | domingo: 6:00–22:00,+34941367024,bodegasangelbenes@telefonica.net,https://www.bodegasangelbenes.com/,,,https://www.google.com/maps/search/?api=1&query=Ben%C3%A9s%20Manzanares%2C%20%C3%81ngel%20y%20uno&query_place_id=ChIJvQ-pj7NnRQ0RnGn8dxKYQHk,42.3852222,-2.814092,,,no,,,1154,es,,,,,,es,la-rioja,la-rioja,,,,,,
bodegas-abel-estebas-cordovin,BODEGAS ABEL ESTEBAS,Cordovín,Vino,"Vino tinto, vino blanco, vino rosado","Calle Redajales, 2, 26311 Cordovín, La Rioja, España","Abel Estebas mantiene en Cordovín una bodega familiar iniciada en 1955, con calados subterráneos y cubas de hormigón y madera de más de cien años. Sus vinos incluyen clarete de Garnacha tinta y Viura y tintos de Tempranillo con maceración carbónica.",Consultar web o venta directa,+34941367064,info@bodegasabelestebas.com,http://www.bodegasabelestebas.com,,https://www.instagram.com/bodegasabelestebas/,https://www.google.com/maps/search/?api=1&query=BODEGAS%20ABEL%20ESTEBAS&query_place_id=ChIJXUkdpLZnRQ0RMMIKvMrm_3M,42.3831654,-2.8125169,/productores/es/la-rioja/la-rioja/bodegas-abel-estebas-cordovin.webp,,no,,,1758,es,,,,,,es,la-rioja,la-rioja,,,,,,
bodegas-amor-lozano-cordovin,BODEGAS AMOR LOZANO,Cordovín,Vino,"Vino tinto, vino blanco, vino rosado","C. de la Ermita, 51, 26311 Cordovín, La Rioja, España","Bodegas Amor Lozano, en Cordovín, reúne más de cinco generaciones de viticultores y trabaja con viñedos propios. Entre sus elaboraciones figuran el Clarete de Cordovín, un tinto madurado ocho meses en hormigón y un clarete sobre lías.",Consultar web o venta directa,+34610262182,info@bodegasamorlozano.com,https://www.bodegasamorlozano.com/,,https://www.instagram.com/bodegasamorlozano/,https://www.google.com/maps/search/?api=1&query=BODEGAS%20AMOR%20LOZANO&query_place_id=ChIJZfYu2DxnRQ0R9OBAv-cvyu0,42.3864336,-2.8119455,/productores/es/la-rioja/la-rioja/bodegas-amor-lozano-cordovin.webp,,no,,,1786,es,,,,,,es,la-rioja,la-rioja,,,,,,
bodegas-cesar-del-rio-cordovin,Bodegas Cesar del Rio,Cordovín,Vino,"Vino tinto, vino blanco, vino rosado","Cam. de San Martín, 57, 26311 Cordovín, La Rioja, España","Bodegas César del Río elabora en Cordovín vinos tintos, blancos y claretes con uvas de sus viñedos, y mantiene una tradición familiar iniciada en 1988.","lunes: 8:00–14:00, 15:00–18:00 | martes: 8:00–14:00, 15:00–18:00 | miércoles: 8:00–14:00, 15:00–18:00 | jueves: 8:00–14:00, 15:00–18:00 | viernes: 8:00–14:00, 15:00–18:00 | sábado: 11:00–15:00 | domingo: Cerrado",+34941367061,info@bodegascesardelrio.com,,https://www.facebook.com/pages/Bodegas-C%C3%A9sar-del-R%C3%ADo/119279814755238?ref=hl,,https://www.google.com/maps/search/?api=1&query=Bodegas%20Cesar%20del%20Rio&query_place_id=ChIJ4Stpb7RnRQ0RHA_wjIrusQw,42.3829083,-2.8160773,,pendiente,no comprobado,,,1910,es,,,,,,es,la-rioja,la-rioja,,,,,,
bodegas-florentino-martinez-rubio-cordovin,BODEGAS FLORENTINO MARTÍNEZ RUBIO,Cordovín,Vino,"Vino tinto, vino blanco, vino rosado","C. de la Ermita, 33, 26311 Cordovín, La Rioja, España","Bodegas Florentino Martínez Rubio elabora en Cordovín desde una bodega construida en 1992, con vendimia manual y selectiva de viñedos propios y proveedores controlados. Sus vinos más singulares son Distercio y Tanka, con protagonismo del roble.",lunes: 8:00–15:30 | martes: 8:00–15:30 | miércoles: 8:00–15:30 | jueves: 8:00–15:30 | viernes: 8:00–15:30 | sábado: 10:30–14:00 | domingo: Cerrado,+34941418614,bodegas@florentinomartinez.com,http://www.florentinomartinez.com,,,https://www.google.com/maps/search/?api=1&query=BODEGAS%20FLORENTINO%20MART%C3%8DNEZ%20RUBIO&query_place_id=ChIJKxDo0LNnRQ0RLUMAZ8y8vss,42.3861749,-2.8132825,/productores/es/la-rioja/la-rioja/bodegas-florentino-martinez-rubio-cordovin.webp,,sí,ecommerce,,2013,es,,,,,,es,la-rioja,la-rioja,,,,,,
bodegas-y-vinedos-valcuerna-cordovin,BODEGAS Y VIÑEDOS VALCUERNA,Cordovín,Vino,"Vino tinto, vino blanco, vino rosado","C. Valdecañas, 20, 26311 Cordovín, La Rioja, España","Bodegas y Viñedos Valcuerna, en Cordovín, pertenece a una quinta generación de viticultores y gestiona unas 40 hectáreas propias, muchas centenarias. Elabora vinos de parcela y paraje como El Barranco de la Molinera, un Tempranillo monoparcelario criado 16 meses en barrica grande.",lunes: 9:00–14:00 | martes: 9:00–14:00 | miércoles: 9:00–14:00 | jueves: 9:00–14:00 | viernes: 9:00–14:00 | sábado: 9:00–14:00 | domingo: Cerrado,+34657900525,comercial@bodegasvalcuerna.com,https://bodegasvalcuerna.com/,,,https://www.google.com/maps/search/?api=1&query=BODEGAS%20Y%20VI%C3%91EDOS%20VALCUERNA&query_place_id=ChIJY8HVWrNnRQ0R0UPDwpFAbHo,42.38458,-2.81734,/productores/es/la-rioja/la-rioja/bodegas-y-vinedos-valcuerna-cordovin.webp,,no,,,2539,es,,,,,,es,la-rioja,la-rioja,,,,,,
trujal-cooperativo-santa-barbara-corera,Trujal Cooperativo Santa Bárbara,Corera,Aceite,Aceite de oliva virgen extra,"Carretera El Redal s/n, C. el Redal, 1, 26144 Corera, La Rioja, España","El Trujal Cooperativo Santa Bárbara de Corera conserva un proceso prácticamente manual y artesanal, con batido mediante un molino italiano. Produce unos 30.000 litros de aceite al año y celebra la tradicional Pringada al terminar la campaña.",lunes: Cerrado | martes: 9:00–18:00 | miércoles: 9:00–18:00 | jueves: 9:00–18:00 | viernes: 9:00–18:00 | sábado: 9:00–18:00 | domingo: 9:00–18:00,+34644696645,,,,,https://www.google.com/maps/search/?api=1&query=Trujal%20Cooperativo%20Santa%20B%C3%A1rbara&query_place_id=ChIJDRTA1IS8Wg0RPDUaHxTvsfk,42.3429008,-2.216515,,pendiente,no comprobado,,,11952,es,,,,,,es,la-rioja,la-rioja,,,,,,
la-abeja-artesana-corera,La Abeja Artesana,Corera,Miel,,"C. el Redal, 15, 26144 Corera, La Rioja, España",,lunes: Abierto 24 horas | martes: Abierto 24 horas | miércoles: Abierto 24 horas | jueves: Abierto 24 horas | viernes: Abierto 24 horas | sábado: Abierto 24 horas | domingo: Abierto 24 horas,+34696359945,,,,,https://www.google.com/maps/search/?api=1&query=La%20Abeja%20Artesana&query_place_id=ChIJZ6lI4yi9Wg0R--w89ojd-u4,42.3430913,-2.2159057,,pendiente,no comprobado,,,7516,,,,,,,es,la-rioja,la-rioja,,,,,,
berta-valganon-vinedos-y-vinos-cuzcurrita-de-rio-tiron,Berta Valgañon Viñedos y Vinos,Cuzcurrita de Río Tirón,Vino,"Vino tinto, vino blanco, vino rosado","C. Cuevas, 34, 26214 Cuzcurrita de Río Tirón, La Rioja, España","Berta Valgañón Viñedos y Vinos, en Cuzcurrita de Río Tirón, trabaja viñedos propios, algunos centenarios, con viticultura ecológica y de bajo intervencionismo. La bodega familiar conserva una cueva del siglo XVI bajo El Bolo y elabora vinos como Pretium.",Consultar web o venta directa,+34630591159,info@bertavalganon.com,http://www.bertavalganon.com,,,https://www.google.com/maps/search/?api=1&query=Berta%20Valga%C3%B1on%20Vi%C3%B1edos%20y%20Vinos&query_place_id=ChIJpdiR__eHTw0RJXWS8py-f1E,42.5410347,-2.9616142,/productores/es/la-rioja/la-rioja/berta-valganon-vinedos-y-vinos-cuzcurrita-de-rio-tiron.webp,,sí,marketplace,,1174,es,,,,,,es,la-rioja,la-rioja,,,,,,
bodegas-tobia-cuzcurrita-de-rio-tiron,Bodegas Tobia,Cuzcurrita de Río Tirón,Vino,"Vino tinto, vino blanco, vino rosado","C. Senda Rutia, 0, 26214 Cuzcurrita de Río Tirón, La Rioja, España","Bodegas Tobía, instalada en Cuzcurrita de Río Tirón, fue fundada por Óscar Tobía en 1994. Su Alma Tobía fue el primer rosado español fermentado en barrica en 1996 y la bodega comercializa también las gamas Tobía y Óscar Tobía.",lunes: 9:00–15:00 | martes: 9:00–15:00 | miércoles: 9:00–15:00 | jueves: 9:00–15:00 | viernes: 9:00–15:00 | sábado: 11:00–13:30 | domingo: Cerrado,+34941301789,tobia@bodegastobia.com,http://www.bodegastobia.com,https://www.facebook.com/BodegasTobia,https://www.instagram.com/bodegastobia/,https://www.google.com/maps/search/?api=1&query=Bodegas%20Tobia&query_place_id=ChIJIegeGbGHTw0R9THNgzB9aVU,42.5479109,-2.9597274,/productores/es/la-rioja/la-rioja/bodegas-tobia-cuzcurrita-de-rio-tiron.webp,,sí,marketplace,,2408,es,,,,,,es,la-rioja,la-rioja,,,,,,
bodegas-urbina-cuzcurrita-de-rio-tiron,BODEGAS URBINA,Cuzcurrita de Río Tirón,Vino,"Vino tinto, vino blanco, vino rosado","C. Campillo, 33, 35, 26214 Cuzcurrita de Río Tirón, La Rioja, España","Bodegas Urbina, en Cuzcurrita de Río Tirón, elabora Rioja desde hace más de 150 años con viñedos propios. La familia inició allí sus primeros vinos en madera hacia 1870 y hoy exporta el 80 % de su producción.",lunes: 9:00–17:00 | martes: 9:00–17:00 | miércoles: 9:00–17:00 | jueves: 9:00–17:00 | viernes: 9:00–17:00 | sábado: 10:00–14:00 | domingo: Cerrado,+34647643651,urbina@fer.es,http://www.urbinavinos.com/,,https://www.instagram.com/urbinavinos/,https://www.google.com/maps/search/?api=1&query=BODEGAS%20URBINA&query_place_id=ChIJRyqa2qSHTw0RHgLs1Nd5mnA,42.5390953,-2.9666853,/productores/es/la-rioja/la-rioja/bodegas-urbina-cuzcurrita-de-rio-tiron.webp,,sí,ecommerce,,2421,es,,,,,,es,la-rioja,la-rioja,,,,,,
castillo-de-cuzcurrita-cuzcurrita-de-rio-tiron,Castillo de Cuzcurrita,Cuzcurrita de Río Tirón,Vino,"Vino tinto, vino blanco, vino rosado","C. San Sebastián, 1, 26214 Cuzcurrita de Río Tirón, La Rioja, España","Castillo de Cuzcurrita, en Cuzcurrita de Río Tirón, recuperó la tradición vitivinícola del castillo medieval: produjo su primera añada en 2000 y abrió la nueva bodega en 2005 dentro del recinto amurallado. Sus viñas de Tempranillo y Viura se cultivan en vaso y se vendimian a mano.",lunes: 9:00–14:00 | martes: 9:00–14:00 | miércoles: 9:00–14:00 | jueves: 9:00–14:00 | viernes: 9:00–14:00 | sábado: 9:09–14:00 | domingo: Cerrado,+34941328022,info@castillodecuzcurrita.com,http://www.castillodecuzcurrita.com/,https://www.facebook.com/castillodecuzcurrita/,https://www.instagram.com/castillodecuzcurrita/,https://www.google.com/maps/search/?api=1&query=Castillo%20de%20Cuzcurrita&query_place_id=ChIJ-3pUwLGHTw0RENFaEFWKG6s,42.5412835,-2.9653318,/productores/es/la-rioja/la-rioja/castillo-de-cuzcurrita-cuzcurrita-de-rio-tiron.webp,,no,,,3501,es,,,,,,es,la-rioja,la-rioja,,,,,,
hermanos-martinez-castillo-cuzcurrita-de-rio-tiron,Hermanos Martínez Castillo,Cuzcurrita de Río Tirón,Vino,"Vino tinto, vino blanco, vino rosado","26214 Cuzcurrita de Río Tirón, La Rioja, España","Heredad Martínez Castillo, en Cuzcurrita de Río Tirón, comercializa vinos propios desde 2002; sus fundadores pertenecen a la tercera generación de viticultores. La bodega prioriza la fruta sobre la madera en una gama que incluye Heredad Martínez Castillo y Km 458.","lunes: Cerrado | martes: 12:00–15:30, 19:00–22:30 | miércoles: 12:00–15:30, 19:00–22:30 | jueves: 12:00–15:30, 19:00–22:30 | viernes: 12:00–15:30, 19:00–22:30 | sábado: 12:00–15:30, 19:00–22:30 | domingo: 12:00–15:30",+34606400053,ivaupe@gmail.com,https://www.heredadmartinezcastillo.com/,,,https://www.google.com/maps/search/?api=1&query=Hermanos%20Mart%C3%ADnez%20Castillo&query_place_id=ChIJnTOgr7CHTw0RceoUixRzhrM,42.5507797,-2.9625034,/productores/es/la-rioja/la-rioja/hermanos-martinez-castillo-cuzcurrita-de-rio-tiron.webp,,sí,ecommerce,,6793,es,,,,,,es,la-rioja,la-rioja,,,,,,
mayorazgo-j-zacarias-de-bivian-s-a-cuzcurrita-de-rio-tiron,"Mayorazgo J. Zacarías de Bivián, S.A.",Cuzcurrita de Río Tirón,Vino,"Vino tinto, vino blanco, vino rosado","C. Campillo, 1, 26214 Cuzcurrita de Río Tirón, La Rioja, España","Mayorazgo Zacarías de Bivián, en Cuzcurrita de Río Tirón, solo elabora tintos finos de Rioja calificados como Reservas y Grandes Reservas. Su fermentación maloláctica y estabilización tartárica se realizan en barrica, con una crianza tradicional.",Consultar web o venta directa,+34941301625,info@zacariasbivian.com,http://www.zacariasbivian.com/,,,https://www.google.com/maps/search/?api=1&query=Mayorazgo%20J.%20Zacar%C3%ADas%20de%20Bivi%C3%A1n%2C%20S.A.&query_place_id=ChIJL_EuNbqHTw0RxAVLdUZf5Po,42.5399493,-2.9637867,/productores/es/la-rioja/la-rioja/mayorazgo-j-zacarias-de-bivian-s-a-cuzcurrita-de-rio-tiron.webp,,sí,ecommerce,,8528,es,,,,,,es,la-rioja,la-rioja,,,,,,
aransay-pena-yolanda-cardenas,"Aransay Peña, Yolanda",Cárdenas,Vino,"Vino tinto, vino blanco, vino rosado","C. Mayor, 105, 26311 Cárdenas, La Rioja, España",,Consultar web o venta directa,+34941367073,agonzate@gmail.com,,,,https://www.google.com/maps/search/?api=1&query=Aransay%20Pe%C3%B1a%2C%20Yolanda&query_place_id=ChIJI5jMo1tdRQ0RE5IzPmQT_mk,42.3738379,-2.7708865,,pendiente,no comprobado,,,896,,,,,,,es,la-rioja,la-rioja,,,,,,
martinez-bobadilla-bonifacio-cardenas,"Martínez Bobadilla, Bonifacio",Cárdenas,Vino,"Vino tinto, vino blanco, vino rosado","C. Mayor, 20, 26311 Cárdenas, La Rioja, España",,Consultar web o venta directa,+34941367219,castillantico@yahoo.es,,,,https://www.google.com/maps/search/?api=1&query=Mart%C3%ADnez%20Bobadilla%2C%20Bonifacio&query_place_id=ChIJgeRAe0RdRQ0RySIhNuo7WIk,42.37481229999999,-2.7651455,,pendiente,no comprobado,,,8401,,,,,,,es,la-rioja,la-rioja,,,,,,
bodega-san-cosme-y-san-damian-el-redal,Bodega San Cosme y San Damián,El Redal,Vino,"Vino tinto, vino blanco, vino rosado","Ctra. Corera, 26146 El Redal, La Rioja, España","Bodega Cooperativa San Cosme y San Damián, en El Redal, reúne desde 1964 a 253 socios que aportan uvas de 750 hectáreas adscritas a la DOCa Rioja. Elabora tintos y blancos de Tempranillo, Garnacha, Tempranillo blanco y Viura, y embotella la marca Hoya del Conde.",lunes: 8:00–14:00 | martes: 8:00–14:00 | miércoles: 8:00–14:00 | jueves: 8:00–14:00 | viernes: 8:00–14:00 | sábado: Cerrado | domingo: Cerrado,+34941438005,cooperativa@bodegavalledeocon.es,,,,https://www.google.com/maps/search/?api=1&query=Bodega%20San%20Cosme%20y%20San%20Dami%C3%A1n&query_place_id=ChIJjepeMNS9Wg0RKGjEa-l6uqc,42.3408279,-2.2078845,,pendiente,no comprobado,,,1628,es,,,,,,es,la-rioja,la-rioja,,,,,,
b-faustino-garcia-martinez-sl-el-villar-de-arnedo,"B. Faustino García Martínez, SL",El Villar de Arnedo,Vino,"Vino tinto, vino blanco, vino rosado","Calle Aguadilla, 5, 26511 El Villar de Arnedo, La Rioja, España","Bodegas Faustino García Martínez, en El Villar de Arnedo, mantiene un legado familiar que comenzó con elaboraciones de Félix García Crespo en los años cuarenta y la fundación de la bodega en los sesenta. Trabaja con viñedos propios y cría sus vinos en barricas de roble americano; entre sus marcas está Viña Salvaje.","lunes: 9:00–14:00, 16:00–19:00 | martes: 9:00–14:00, 16:00–19:00 | miércoles: 9:00–14:00, 16:00–19:00 | jueves: 9:00–14:00, 16:00–19:00 | viernes: 9:00–14:00, 16:00–19:00 | sábado: Cerrado | domingo: Cerrado",+34941159036,bodega@bodegasfaustinogarcia.es,http://www.bodegasfaustinogarcia.es/,,,https://www.google.com/maps/search/?api=1&query=B.%20Faustino%20Garc%C3%ADa%20Mart%C3%ADnez%2C%20SL&query_place_id=ChIJqVvpiu2WWg0RUMHLb7wdr7s,42.318532,-2.0963424,,,no,,,1065,es,,,,,,es,la-rioja,la-rioja,,,,,,
bodega-y-vin-fuente-rubia-sl-el-villar-de-arnedo,"BODEGA Y VIÑ. FUENTE RUBIA, SL",El Villar de Arnedo,Vino,"Vino tinto, vino blanco, vino rosado","Ctra. Arnedo Estella, 27, 26511 El Villar de Arnedo, La Rioja, España","Bodega y Viñedos Fuente Rubía, en El Villar de Arnedo, pertenece a una familia de agricultores cuya historia vitícola se remonta a 1900. Cuenta con 36 hectáreas, mayoritariamente de Tempranillo, y vende vino a granel elaborado con uva propia y de viticultores de la zona.","lunes: 8:30–14:00, 15:30–19:00 | martes: 8:30–14:00, 15:30–19:00 | miércoles: 8:30–14:00, 15:30–19:00 | jueves: 8:30–14:00, 15:30–19:00 | viernes: 8:30–14:00, 15:30–19:00 | sábado: 9:00–14:00 | domingo: Cerrado",+34941159107,bodegafuenterubia@knet.es,,,,https://www.google.com/maps/search/?api=1&query=BODEGA%20Y%20VI%C3%91.%20FUENTE%20RUBIA%2C%20SL&query_place_id=ChIJeW6UH-yWWg0R9Et9g6IiEBk,42.3210066,-2.0919996,,pendiente,no comprobado,,,1744,es,,,,,,es,la-rioja,la-rioja,,,,,,
senorio-de-librares-el-villar-de-arnedo,Señorío de Librares,El Villar de Arnedo,Vino,"Vino tinto, vino blanco, vino rosado","Ctra. Arnedo Estella, 27, 26511 El Villar de Arnedo, La Rioja, España","Señorío de Librares, en El Villar de Arnedo, pertenece a la familia Espinosa, dedicada al vino y al cultivo propio desde hace más de un siglo; un antepasado obtuvo una medalla de oro en la Exposición Universal de París de 1878. La bodega trabaja exclusivamente con uvas de sus viñedos.","lunes: 8:30–14:00, 15:30–19:00 | martes: 8:30–14:00, 15:30–19:00 | miércoles: 8:30–14:00, 15:30–19:00 | jueves: 8:30–14:00, 15:30–19:00 | viernes: 8:30–14:00, 15:30–19:00 | sábado: 9:00–14:00 | domingo: Cerrado",+34941159244,slibrares@slibrares.com,http://www.slibrares.com,,https://www.instagram.com/s.librares/,https://www.google.com/maps/search/?api=1&query=Se%C3%B1or%C3%ADo%20de%20Librares&query_place_id=ChIJeW6UH-yWWg0R9Et9g6IiEBk,42.3210066,-2.0919996,/productores/es/la-rioja/la-rioja/senorio-de-librares-el-villar-de-arnedo.webp,,no,,,11467,es,,,,,,es,la-rioja,la-rioja,,,,,,
soc-coop-bodega-ntra-sra-de-la-anunciacion-el-villar-de-arnedo,"Soc.Coop.Bodega ""Ntra. Sra. de la Anunciación""",El Villar de Arnedo,Vino,"Vino tinto, vino blanco, vino rosado","C/El Parral, 26511 El Villar de Arnedo, La Rioja, España",,"lunes: 9:00–13:00, 15:00–18:00 | martes: 9:00–13:00, 15:00–18:00 | miércoles: 9:00–13:00, 15:00–18:00 | jueves: 9:00–13:00, 15:00–18:00 | viernes: 9:00–13:00, 15:00–18:00 | sábado: Cerrado | domingo: Cerrado",+34941159004,bodega@lampiuda.com,,,,https://www.google.com/maps/search/?api=1&query=Soc.Coop.Bodega%20%22Ntra.%20Sra.%20de%20la%20Anunciaci%C3%B3n%22&query_place_id=ChIJbwZ9juyWWg0RgPAiwX3k3WI,42.3178103,-2.0923302,,pendiente,no comprobado,,,11624,,,,,,,es,la-rioja,la-rioja,,,,,,
saenz-espinosa-s-l-bodegas-el-villar-de-arnedo,"Sáenz Espinosa, S.L. Bodegas",El Villar de Arnedo,Vino,"Vino tinto, vino blanco, vino rosado","C. el Sol, 5, 26511 El Villar de Arnedo, La Rioja, España",,"lunes: 9:00–14:00, 16:00–19:00 | martes: 9:00–14:00, 16:00–19:00 | miércoles: 9:00–14:00, 16:00–19:00 | jueves: 9:00–14:00, 16:00–19:00 | viernes: 9:00–14:00, 16:00–19:00 | sábado: Cerrado | domingo: Cerrado",+34941159034,bodegajmsaenz@hotmail.com,,,,https://www.google.com/maps/search/?api=1&query=S%C3%A1enz%20Espinosa%2C%20S.L.%20Bodegas&query_place_id=ChIJ9_hpcfGWWg0Rd-UV26GBBy8,42.3215855,-2.099095,,pendiente,no comprobado,,,11296,,,,,,,es,la-rioja,la-rioja,,,,,,
bodega-hermedana-sociedad-cooperativa-entrena,"Bodega Hermedaña, Sociedad Cooperativa",Entrena,Vino,"Vino tinto, vino blanco, vino rosado","C/ Velilla, s/n, 26375 Entrena, La Rioja, España",,"lunes: 8:30–13:30, 15:00–18:00 | martes: 8:30–13:30, 15:00–18:00 | miércoles: 8:30–13:30, 15:00–18:00 | jueves: 8:30–13:30, 15:00–18:00 | viernes: 8:30–13:30, 15:00–18:00 | sábado: Cerrado | domingo: Cerrado",+34941446512,administracion@bodegahermedana.es,,,,https://www.google.com/maps/search/?api=1&query=Bodega%20Hermeda%C3%B1a%2C%20Sociedad%20Cooperativa&query_place_id=ChIJW_mq60ZSRQ0RAhYyRg-xA6w,42.3913887,-2.5367371,,pendiente,no comprobado,,,1473,,,,,,,es,la-rioja,la-rioja,,,,,,
bodega-senorio-de-barriobero-entrena,BODEGA SEÑORÍO DE BARRIOBERO,Entrena,Vino,"Vino tinto, vino blanco, vino rosado","Carretera Sojuela, km 1, 26375 Entrena, La Rioja, España","Bodegas Señorío de Barriobero, en Entrena, elabora un Crianza de Tempranillo con 14 meses de reposo en barricas bordelesas de roble francés y americano. Su ficha técnica describe aromas frutales frescos acompañados de notas tostadas.",lunes: 7:00–15:00 | martes: 7:00–15:00 | miércoles: 7:00–15:00 | jueves: 7:00–15:00 | viernes: 7:00–15:00 | sábado: Cerrado | domingo: Cerrado,+34941446161,bodega@himafesa.es,,,,https://www.google.com/maps/search/?api=1&query=BODEGA%20SE%C3%91OR%C3%8DO%20DE%20BARRIOBERO&query_place_id=ChIJc0AXNxZSRQ0RXelH5luQQb0,42.3785532,-2.5336025,,pendiente,no comprobado,,,1642,es,,,,,,es,la-rioja,la-rioja,,,,,,
bodegas-pastor-entrena,BODEGAS PASTOR,Entrena,Vino,"Vino tinto, vino blanco, vino rosado","Ctra. Lardero, 37, 26375 Entrena, La Rioja, España","Bodegas Pastor, en Entrena, es una empresa familiar de tres generaciones con 60 hectáreas de viñedo propio cerca de la sierra de Moncalvillo. Trabaja Viura, Tempranillo, Mazuelo y Garnacha, y cría sus vinos en barricas de roble francés y americano.",lunes: 9:00–21:00 | martes: 9:00–21:00 | miércoles: 9:00–21:00 | jueves: 9:00–21:00 | viernes: 9:00–21:00 | sábado: 9:00–19:00 | domingo: 9:00–12:00,+34941446355,info@bodegaspastor.es,http://www.bodegaspastor.es,,,https://www.google.com/maps/search/?api=1&query=BODEGAS%20PASTOR&query_place_id=ChIJlS8CRzxSRQ0RchvXQRUTMjE,42.38915739999999,-2.5256739,/productores/es/la-rioja/la-rioja/bodegas-pastor-entrena.webp,,no,,,2276,es,,,,,,es,la-rioja,la-rioja,,,,,,
finca-de-los-arandinos-entrena,Finca de los Arandinos,Entrena,Vino,"Vino tinto, vino blanco, vino rosado","Ctra LR 137, Km 4,6, (salida de Entrena dirección a Nalda), 26375 Entrena, La Rioja, España","Finca de los Arandinos, en Entrena, nació en 2006 como proyecto de la familia Guillén-Sáenz para elaborar y embotellar sus propios vinos. Cuenta con 16 hectáreas repartidas en 30 parcelas y cultiva Tempranillo, Mazuelo, Garnacha y Viura con vendimia manual.",lunes: Abierto 24 horas | martes: Abierto 24 horas | miércoles: Abierto 24 horas | jueves: Abierto 24 horas | viernes: Abierto 24 horas | sábado: Abierto 24 horas | domingo: Abierto 24 horas,+34941446065,administracion@pgs90.com,http://www.fincadelosarandinos.com,https://www.facebook.com/FincadelosArandinos?ref=hl,https://www.instagram.com/fincaarandinos/,https://www.google.com/maps/search/?api=1&query=Finca%20de%20los%20Arandinos&query_place_id=ChIJVUjvyyJSRQ0R_1FKsvoVQZI,42.3784386,-2.5225912,/productores/es/la-rioja/la-rioja/finca-de-los-arandinos-entrena.webp,,no,,,5820,es,,,,,,es,la-rioja,la-rioja,,,,,,
izquierdo-roldan-s-c-entrena,"Izquierdo Roldán, S.C.",Entrena,Vino,"Vino tinto, vino blanco, vino rosado","Av. de la Rioja, 47, 26375 Entrena, La Rioja, España",,Consultar web o venta directa,+34941446149,izquierdoroldan375@gmail.com,,,,https://www.google.com/maps/search/?api=1&query=Izquierdo%20Rold%C3%A1n%2C%20S.C.&query_place_id=ChIJK40GMBZSRQ0ReMHEgnaCpUI,42.3851366,-2.5266356,,pendiente,no comprobado,,,7166,,,,,,,es,la-rioja,la-rioja,,,,,,
terroba-ruiz-antonio-entrena,"Terroba Ruiz, Antonio",Entrena,Vino,"Vino tinto, vino blanco, vino rosado","Av. Santa Ana, 28, 26375 Entrena, La Rioja, España",,lunes: Cerrado | martes: Cerrado | miércoles: 10:00–18:00 | jueves: 10:00–18:00 | viernes: 10:00–18:00 | sábado: 10:00–20:00 | domingo: 10:00–18:00,+34941446028,terrobafoncea@bodegaviamonte.com,http://www.presadeterroba.es/,,,https://www.google.com/maps/search/?api=1&query=Terroba%20Ruiz%2C%20Antonio&query_place_id=ChIJT2dxOCNSRQ0RhuKhy14LtX4,42.3893919,-2.530429,,pendiente,no comprobado,,,11807,,,,,,,es,la-rioja,la-rioja,,,,,,
embutidos-gonzalez-choperena-entrena,Embutidos González Choperena,Entrena,Carne,Embutidos artesanos,"Av. de la Rioja, 52, 26375 Entrena, La Rioja, España",Embutidos González Choperena elabora embutido artesano en Entrena desde 1981. En su fábrica familiar combina el saber heredado con tecnología actual para producir y conservar sus elaboraciones.,"lunes: 9:30–14:00, 17:00–20:00 | martes: 9:30–14:00, 17:00–20:00 | miércoles: 9:30–14:00, 17:00–20:00 | jueves: 9:30–14:00, 17:00–20:00 | viernes: 9:30–14:00, 17:00–20:00 | sábado: 9:30–14:00 | domingo: 11:00–14:00",+34941446074,,http://www.embutidosgonzalezchoperena.es/,,,https://www.google.com/maps/search/?api=1&query=Embutidos%20Gonz%C3%A1lez%20Choperena&query_place_id=ChIJS-2OLRZSRQ0RBn-MoUEz8Hk,42.3846567,-2.5262654,/productores/es/la-rioja/la-rioja/embutidos-gonzalez-choperena-entrena.webp,,sí,email|telefono,,5453,es,,,,,,es,la-rioja,la-rioja,,,,,,
despensa-pison-ezcaray,Despensa Pisón,Ezcaray,Despensa artesanal,Productos riojanos,"C. Padre Jose Garcia, 1, 26280 Ezcaray, La Rioja, España","Despensa Pisón, en Ezcaray, elabora desde 1979 carnes, embutidos y asados. Entre sus productos figuran el chorizo artesano, el chorizo picante, la morcilla de Ezcaray y las piparras dulces.","lunes: 9:30–14:00 | martes: 9:30–14:00 | miércoles: 9:30–14:00 | jueves: 9:30–14:00, 18:00–20:00 | viernes: 9:30–14:00, 18:00–20:00 | sábado: 9:30–14:00, 18:00–20:00 | domingo: 9:30–14:00",+34941354332,,https://despensapison.com/,,https://www.instagram.com/despensapison/,https://www.google.com/maps/search/?api=1&query=Despensa%20Pis%C3%B3n&query_place_id=ChIJvUXrt81wRQ0RaR1cgBAjOP8,42.3267374,-3.0138634,/productores/es/la-rioja/la-rioja/despensa-pison-ezcaray.webp,,sí,ecommerce,,4830,es,,,,,,es,la-rioja,la-rioja,,,,,,
morcillas-montse-foncea,Morcillas Montse,Foncea,Carne,Morcillas,"C. Cantarranas, 18, 26211 Foncea, La Rioja, España","Morcillas Montse, en Foncea, elabora morcillas dulces y saladas en tripa natural. Entre sus elaboraciones figuran la morcilla recta dulce, el morcillón dulce y la morcilla de cerdo dulce.",lunes: 10:00–14:00 | martes: 10:00–14:00 | miércoles: 10:00–14:00 | jueves: 10:00–14:00 | viernes: 10:00–14:00 | sábado: 10:00–14:00 | domingo: 10:00–14:00,+34941300510,,https://morcillasmontse.com/,,,https://www.google.com/maps/search/?api=1&query=Morcillas%20Montse&query_place_id=ChIJd_yypb2DTw0R3bBo6WOMDoU,42.6153252,-3.0390469,/productores/es/la-rioja/la-rioja/morcillas-montse-foncea.webp,,sí,ecommerce,,8976,es,,,,,,es,la-rioja,la-rioja,,,,,,
san-martin-de-abalos-s-l-b-fonzaleche,"San Martín de Ábalos, S.L., B.",Fonzaleche,Vino,"Vino tinto, vino blanco, vino rosado","Camino del Prado, 26211 Fonzaleche, La Rioja, España","Bodega San Martín de Ábalos, en Fonzaleche, fue fundada en 1998 por la familia Gutiérrez Ábalos y trabaja viñedos de más de 35 años. Sus vinos incluyen Viña Vereda del Río, Prado de Fonzaleche y elaboraciones de Tempranillo con pisado, bazuqueos manuales y fermentación maloláctica en barrica.",lunes: 9:00–18:00 | martes: 9:00–18:00 | miércoles: 9:00–18:00 | jueves: 9:00–18:00 | viernes: 9:00–18:00 | sábado: Cerrado | domingo: Cerrado,+34941300423,comercial@bodegasanmartindeabalos.com,https://www.bodegasanmartindeabalos.com/,,,https://www.google.com/maps/search/?api=1&query=San%20Mart%C3%ADn%20de%20%C3%81balos%2C%20S.L.%2C%20B.&query_place_id=ChIJhbKGLPGHTw0R72ULfmtuZSw,42.5795021,-3.0151654,/productores/es/la-rioja/la-rioja/san-martin-de-abalos-s-l-b-fonzaleche.webp,,sí,ecommerce,,11367,es,,,,,,es,la-rioja,la-rioja,,,,,,
altanza-fuenmayor,ALTANZA,Fuenmayor,Vino,"Vino tinto, vino blanco, vino rosado","N-232, Km 419,5, 26360 Fuenmayor, La Rioja, España","Bodegas Altanza, en Fuenmayor, nació en 1998 con 220 hectáreas de viñedo propio y una apuesta por vinos de Tempranillo criados principalmente en roble francés. Su bodega cuenta con tinos de roble de Allier de 22.000 litros y depósitos de acero para controlar la fermentación.",lunes: 8:00–17:00 | martes: 8:00–17:00 | miércoles: 8:00–17:00 | jueves: 8:00–17:00 | viernes: 8:00–15:00 | sábado: 10:30–14:30 | domingo: Cerrado,+34941450860,export@altanza.com,https://bodegasaltanza.com/,https://www.facebook.com/altanzabodegas,https://www.instagram.com/altanza/,https://www.google.com/maps/search/?api=1&query=ALTANZA&query_place_id=ChIJuwBAfeRWRQ0R0cJk1HfYduk,42.4605774,-2.5588559,/productores/es/la-rioja/la-rioja/altanza-fuenmayor.webp,,sí,ecommerce,,703,es,,,,,,es,la-rioja,la-rioja,,,,,,
bodegas-age-fuenmayor,BODEGAS AGE,Fuenmayor,Vino,"Vino tinto, vino blanco, vino rosado","26360 La Estación, La Rioja, España",Bodegas AGE nació en Fuenmayor en 1881 a partir de tres antiguas bodegas familiares; la bodega histórica combina tradición vitivinícola y tecnologías actuales.,Consultar web o venta directa,+34941293500,bodegasage@pernod-ricard.com,,,,https://www.google.com/maps/search/?api=1&query=BODEGAS%20AGE&query_place_id=ChIJzYkoRVdWRQ0R8VKQ6n7y7ec,42.48729840000001,-2.5699533,,pendiente,no comprobado,,,1764,es,,,,,,es,la-rioja,la-rioja,,,,,,
bodegas-cardema-s-l-fuenmayor,"Bodegas Cardema, S.L.",Fuenmayor,Vino,"Vino tinto, vino blanco, vino rosado","C. Herrerías, 2, 26360 Fuenmayor, La Rioja, España",,Consultar web o venta directa,+34941451083,jccardema@gmail.com,,,,https://www.google.com/maps/search/?api=1&query=Bodegas%20Cardema%2C%20S.L.&query_place_id=ChIJv4vp5JRWRQ0RnbkX6SRwT9k,42.4617562,-2.5528063,,pendiente,no comprobado,,,1882,,,,,,,es,la-rioja,la-rioja,,,,,,
bodegas-lan-fuenmayor,Bodegas LAN,Fuenmayor,Vino,"Vino tinto, vino blanco, vino rosado","Paraje de Buicio s/n, 26360 Fuenmayor, La Rioja, España","Bodegas LAN nació en Fuenmayor en 1974 y construyó allí su proyecto vitivinícola. La bodega trabaja el origen por viñedos, variedades y parcelas; su vino LAN A Mano combina Tempranillo, Graciano y Mazuelo de cepas en vaso de 40 a 45 años.",lunes: 8:30–16:30 | martes: 8:30–16:30 | miércoles: 8:30–16:30 | jueves: 8:30–16:30 | viernes: 7:30–14:30 | sábado: Cerrado | domingo: Cerrado,+34941450950,trinidad.villegas@bodegaslan.com,http://www.bodegaslan.com,https://www.facebook.com/LANbodegas,https://www.instagram.com/bodegaslan/,https://www.google.com/maps/search/?api=1&query=Bodegas%20LAN&query_place_id=ChIJrw3fvmtXRQ0R0mAmBtWhERA,42.466082,-2.602643,/productores/es/la-rioja/la-rioja/bodegas-lan-fuenmayor.webp,,sí,ecommerce,,2121,es,,,,,,es,la-rioja,la-rioja,,,,,,
bodegas-marques-de-arviza-fuenmayor,Bodegas Marques de Arviza,Fuenmayor,Vino,"Vino tinto, vino blanco, vino rosado","C/ San Cristóbal, 34, 26360 Fuenmayor, La Rioja, España","Bodegas Marqués de Arviza, en Fuenmayor, ocupa una bodega familiar de 1874 levantada sobre más de 500 metros de calados de los siglos XVI y XVII. Selecciona la uva en campo y bodega y fermenta en depósitos de hormigón de 1874 mediante encubado por gravedad.",lunes: 8:00–18:00 | martes: 8:00–18:00 | miércoles: 8:00–18:00 | jueves: 8:00–18:00 | viernes: 8:00–18:00 | sábado: 9:30–13:30 | domingo: Cerrado,+34941451245,info@marquesdearviza.es,http://www.marquesdearviza.es,,https://www.instagram.com/marquesdearviza/,https://www.google.com/maps/search/?api=1&query=Bodegas%20Marques%20de%20Arviza&query_place_id=ChIJpWptT81XRQ0ReY-EGXanahY,42.4654862,-2.5674169,/productores/es/la-rioja/la-rioja/bodegas-marques-de-arviza-fuenmayor.webp,,no,,,2173,es,,,,,,es,la-rioja,la-rioja,,,,,,
bodegas-marques-del-puerto-fuenmayor,Bodegas Marqués del Puerto,Fuenmayor,Vino,"Vino tinto, vino blanco, vino rosado","Ctra. Logroño Vitoria, 111, 26360 Fuenmayor, La Rioja, España","En Fuenmayor, Marqués del Puerto envejece bajo tierra todos sus Reserva y Crianza, aprovechando de forma natural la temperatura y el 80 % de humedad de sus calados.",Consultar web o venta directa,+34941450001,bodegas@bardinetwines.com,http://www.marquesdelpuerto.com,https://www.facebook.com/MarquesdelPuerto/,,https://www.google.com/maps/search/?api=1&query=Bodegas%20Marqu%C3%A9s%20del%20Puerto&query_place_id=ChIJl4NOxb5WRQ0RUGi5pXLu0Z4,42.4595355,-2.5563301,/productores/es/la-rioja/la-rioja/bodegas-marques-del-puerto-fuenmayor.webp,,no,,,2178,es,,,,,,es,la-rioja,la-rioja,,,,,,
bodegas-montecillo-fuenmayor,Bodegas Montecillo,Fuenmayor,Vino,"Vino tinto, vino blanco, vino rosado","Ctra. Fuenmayor, km. 3, 26370 Navarrete, La Rioja, España",Montecillo nació en Fuenmayor en 1874 y se presenta como la tercera bodega más antigua de Rioja; su historia destaca 238.000 botellas de añadas antiguas y el control de fermentación con frío.,lunes: 10:00–16:00 | martes: 10:00–17:30 | miércoles: 10:00–17:30 | jueves: 10:00–17:30 | viernes: 10:00–17:30 | sábado: 10:00–18:00 | domingo: 11:00–15:00,+34600955610,carlos.ruiz@osborne.es,http://www.bodegasmontecillo.com,https://www.facebook.com/BodegasMontecillo/?hc_location=ufi,https://www.instagram.com/bodegasmontecillo/,https://www.google.com/maps/search/?api=1&query=Bodegas%20Montecillo&query_place_id=ChIJcafVO-pWRQ0RQiwryZKmpOQ,42.4422212,-2.5707019,/productores/es/la-rioja/la-rioja/bodegas-montecillo-fuenmayor.webp,,sí,ecommerce,,2215,es,,,,,,es,la-rioja,la-rioja,,,,,,
bodegas-vallemayor-fuenmayor,BODEGAS VALLEMAYOR,Fuenmayor,Vino,"Vino tinto, vino blanco, vino rosado","Ctra. Logroño Vitoria, 38, 26360 Fuenmayor, La Rioja, España","La familia Pérez Foncea elabora en Vallemayor desde 1984; cuenta con 70 hectáreas propias y presenta La Cerradilla, Viñedo Singular de cepas de más de 60 años.",lunes: 8:00–14:30 | martes: 8:00–14:30 | miércoles: 8:00–14:30 | jueves: 8:00–14:30 | viernes: 8:00–14:30 | sábado: Cerrado | domingo: Cerrado,+34941450142,comercial@vallemayor.com,http://vallemayor.com/,,https://www.instagram.com/bodegasvallemayor/,https://www.google.com/maps/search/?api=1&query=BODEGAS%20VALLEMAYOR&query_place_id=ChIJzQnQG-hWRQ0RjoQltzHjlII,42.4637821,-2.5686975,,,no,,,2443,es,,,,,,es,la-rioja,la-rioja,,,,,,
bodegas-y-vinedos-heras-cordon-fuenmayor,Bodegas y Viñedos Heras Cordon,Fuenmayor,Vino,"Vino tinto, vino blanco, vino rosado","Carretera de Lapuebla, km 2, s/n, 26360 Fuenmayor, La Rioja, España","Heras Cordón, en Fuenmayor, crea solo tintos Rioja de Grandes Añadas con 50 hectáreas propias y uva de otras 60 hectáreas asesoradas, entre Rioja Alta y Rioja Alavesa.","lunes: 9:00–14:00, 15:00–18:00 | martes: 9:00–14:00, 15:00–18:00 | miércoles: 9:00–14:00, 15:00–18:00 | jueves: 9:00–14:00, 15:00–18:00 | viernes: 7:00–15:00 | sábado: Cerrado | domingo: Cerrado",+34941451413,exportacion@herascordon.com,https://herascordon.com/,https://www.facebook.com/bodegas.herascordon?ref=ts&fref=ts,https://www.instagram.com/bodegasherascordon/,https://www.google.com/maps/search/?api=1&query=Bodegas%20y%20Vi%C3%B1edos%20Heras%20Cordon&query_place_id=ChIJDRuCzfZWRQ0RDrQoIA1E27Y,42.4782236,-2.566487,/productores/es/la-rioja/la-rioja/bodegas-y-vinedos-heras-cordon-fuenmayor.webp,,no,,,2519,es,,,,,,es,la-rioja,la-rioja,,,,,,
castillo-de-fuenmayor-s-a-bodegas-fuenmayor,"Castillo de Fuenmayor, S.A., Bodegas",Fuenmayor,Vino,"Vino tinto, vino blanco, vino rosado","Ctra. Logroño Vitoria, 26360 Fuenmayor, La Rioja, España","En el pequeño Castillo de Fuenmayor se elaboran artesanalmente los vinos Gardingo y Blasón de Esquide, según el directorio de Rioja Alta.",lunes: 8:00–15:00 | martes: 8:00–15:00 | miércoles: 8:00–15:00 | jueves: 8:00–15:00 | viernes: 8:00–15:00 | sábado: Cerrado | domingo: Cerrado,+34941450387,ana@castillodefuenmayor.com,,,,https://www.google.com/maps/search/?api=1&query=Castillo%20de%20Fuenmayor%2C%20S.A.%2C%20Bodegas&query_place_id=ChIJ3x8GDepWRQ0ROvmDHRzedwo,42.4635439,-2.5594977,,pendiente,no comprobado,,,3502,es,,,,,,es,la-rioja,la-rioja,,,,,,
dominio-de-nobleza-fuenmayor,Dominio de Nobleza,Fuenmayor,Vino,"Vino tinto, vino blanco, vino rosado","C/ San Cristóbal, 79, 26360 Fuenmayor, La Rioja, España","Dominio de Nobleza nació en Fuenmayor en 1975 y trabaja con Tempranillo, Maturana Tinta y Viura mediante selección rigurosa y elaboración artesanal.","lunes: 8:00–13:00, 15:00–18:00 | martes: 8:00–13:00, 15:00–18:00 | miércoles: 8:00–13:00, 15:00–18:00 | jueves: 8:00–13:00, 15:00–18:00 | viernes: 8:00–13:00, 15:00–18:00 | sábado: Cerrado | domingo: Cerrado",+34941450507,bodegas@dominiodenobleza.com,http://www.dominiodenobleza.com,,https://www.instagram.com/dominio_de_nobleza/,https://www.google.com/maps/search/?api=1&query=Dominio%20de%20Nobleza&query_place_id=ChIJFVXeWuhWRQ0RStIz4mVI-mU,42.467948,-2.5670299,/productores/es/la-rioja/la-rioja/dominio-de-nobleza-fuenmayor.webp,,sí,ecommerce,,4912,es,,,,,,es,la-rioja,la-rioja,,,,,,
finca-valpiedra-fuenmayor,FINCA VALPIEDRA,Fuenmayor,Vino,"Vino tinto, vino blanco, vino rosado","El Montecillo, s/n, 26360 Fuenmayor, La Rioja, España","Finca Valpiedra ocupa un viñedo único de 80 hectáreas en terrazas hasta el Ebro, entre Fuenmayor y Cenicero, donde Familia Martínez Bujanda elabora sus vinos de parcela.",lunes: 9:00–17:00 | martes: 9:00–17:00 | miércoles: 9:00–17:00 | jueves: 9:00–17:00 | viernes: 9:00–17:00 | sábado: 10:00–14:30 | domingo: Cerrado,+34941450876,pbuil@bujanda.com,https://familiamartinezbujanda.com/visita-finca-valpiedra,https://www.facebook.com/FincaValpiedra,https://www.instagram.com/fincavalpiedra/,https://www.google.com/maps/search/?api=1&query=FINCA%20VALPIEDRA&query_place_id=ChIJuwBAfeRWRQ0R2A_Xe3D7aXA,42.49563910000001,-2.6081773,/productores/es/la-rioja/la-rioja/finca-valpiedra-fuenmayor.webp,,sí,ecommerce,,5889,es,,,,,,es,la-rioja,la-rioja,,,,,,
grijalba-chapresto-valeriana-fuenmayor,"Grijalba Chapresto, Valeriana",Fuenmayor,Vino,"Vino tinto, vino blanco, vino rosado","Fuenmayor, 26360 Fuenmayor, La Rioja, España",,"lunes: 8:00–13:30, 16:00–18:00 | martes: 8:00–13:30, 16:00–18:00 | miércoles: 8:00–13:00, 16:00–18:00 | jueves: 8:00–13:30, 16:00–18:00 | viernes: 8:00–13:30, 16:00–18:00 | sábado: 9:00–13:00 | domingo: Cerrado",+34941450283,vegaycesar@gmail.com,https://zearra.com/,,,https://www.google.com/maps/search/?api=1&query=Grijalba%20Chapresto%2C%20Valeriana&query_place_id=ChIJtyySuutWRQ0RvloVl_zuAtw,42.4666681,-2.5626254,,,no,,,6628,,,,,,,es,la-rioja,la-rioja,,,,,,
heredad-linares-s-l-fuenmayor,"Heredad Linares, S.L.",Fuenmayor,Vino,"Vino tinto, vino blanco, vino rosado","Av. Ciudad de Cenicero, 18 y, carretera de La Puebla, Km,2, 26360 Fuenmayor, La Rioja, España","Heredad Linares es una bodega familiar de cinco generaciones: comenzó en El Cortijo y desde 2019 también elabora en Fuenmayor vinos jóvenes, crianzas y reservas.",lunes: 9:00–20:30 | martes: 9:00–20:30 | miércoles: 9:00–20:30 | jueves: 9:00–20:30 | viernes: 9:00–20:30 | sábado: 9:00–14:30 | domingo: Cerrado,+34941450042,info@heredadlinares.com,http://www.heredadlinares.com/,,,https://www.google.com/maps/search/?api=1&query=Heredad%20Linares%2C%20S.L.&query_place_id=ChIJ5ze3eOlWRQ0RPgqi710tRKI,42.4661388,-2.5648032,/productores/es/la-rioja/la-rioja/heredad-linares-s-l-fuenmayor.webp,,sí,ecommerce,,6772,es,,,,,,es,la-rioja,la-rioja,,,,,,
las-erres-s-l-bodegas-fuenmayor,"Las Erres, S.L., Bodegas",Fuenmayor,Vino,"Vino tinto, vino blanco, vino rosado","C/ San Cristóbal, 68, 26360 Fuenmayor, La Rioja, España","Las Erres, proyecto familiar de padre e hijo en Fuenmayor desde 1991, conserva un calado centenario y elabora R14, de 90 % Tempranillo y 10 % Graciano, con 14 meses en roble.",Consultar web o venta directa,+34941450105,vegaycesar@gmail.com,http://www.bodegaslaserres.com/,,,https://www.google.com/maps/search/?api=1&query=Las%20Erres%2C%20S.L.%2C%20Bodegas&query_place_id=ChIJ6Yhg_ehWRQ0RPMMYn589MMs,42.466435,-2.566866,/productores/es/la-rioja/la-rioja/las-erres-s-l-bodegas-fuenmayor.webp,,no,,,8035,es,,,,,,es,la-rioja,la-rioja,,,,,,
marques-de-tomares-fuenmayor,MARQUÉS DE TOMARES,Fuenmayor,Vino,"Vino tinto, vino blanco, vino rosado","Av. Ciudad de Cenicero, 0, 26360 Fuenmayor, La Rioja, España","Marqués de Tomares mantiene en Fuenmayor una saga familiar iniciada en 1910 por Román Montaña, dedicada a la elaboración y crianza de vinos de Rioja Alta.","lunes: 8:00–13:00, 14:00–17:30 | martes: 8:00–13:00, 14:00–17:30 | miércoles: 8:00–13:00, 14:00–17:30 | jueves: 8:00–13:00, 14:00–17:30 | viernes: 8:00–14:00 | sábado: Cerrado | domingo: Cerrado",+34941451129,marketing@marquesdetomares.com,http://www.premiumfincas.com,,,https://www.google.com/maps/search/?api=1&query=MARQU%C3%89S%20DE%20TOMARES&query_place_id=ChIJURNNt-tWRQ0RFFAEmPDdG10,42.4617959,-2.5717168,/productores/es/la-rioja/la-rioja/marques-de-tomares-fuenmayor.webp,,no,,,8390,es,,,,,,es,la-rioja,la-rioja,,,,,,
minuscula-wines-fuenmayor,MINÚSCULA WINES,Fuenmayor,Vino,"Vino tinto, vino blanco, vino rosado","El prado,polígono 18 parcela 98, 26360 Fuenmayor, La Rioja, España","Minúscula Wines elabora en Fuenmayor pequeñas producciones de Rioja como Instante, un Tempranillo 100 %, y Siete Amigos, una selección de 2021; la bodega reivindica el valor de lo pequeño y singular.",lunes: Cerrado | martes: 9:00–13:00 | miércoles: 9:00–13:00 | jueves: 9:00–13:00 | viernes: Cerrado | sábado: Cerrado | domingo: Cerrado,+34658751897,info@minusculawines.com,http://www.minusculawines.com,,https://www.instagram.com/minusculawines/,https://www.google.com/maps/search/?api=1&query=MIN%C3%9ASCULA%20WINES&query_place_id=ChIJq5WGKh9XRQ0RW8wl0JWGtic,42.46225860000001,-2.5529162,/productores/es/la-rioja/la-rioja/minuscula-wines-fuenmayor.webp,,no,,,8860,es,,,,,,es,la-rioja,la-rioja,,,,,,
petralanda-uria-ignacio-fuenmayor,"Petralanda Uría, Ignacio",Fuenmayor,Vino,"Vino tinto, vino blanco, vino rosado","Av. de la Estación, 40, 26360 Fuenmayor, La Rioja, España",Bodegas Petralanda nació en 1983 tras la trayectoria gastronómica de Ignacio Petralanda Uría; en Fuenmayor controla el proceso desde la viña y vende Viña Zearra y Marqués de Zearra.,"lunes: 8:00–13:30, 16:00–18:00 | martes: 8:00–13:30, 16:00–18:00 | miércoles: 8:00–13:00, 16:00–18:00 | jueves: 8:00–13:30, 16:00–18:00 | viernes: 8:00–13:30, 16:00–18:00 | sábado: 9:00–13:00 | domingo: Cerrado",+34941450462,petralanda@knet.es,http://www.zearra.com,,https://www.instagram.com/marquesdezearra/,https://www.google.com/maps/search/?api=1&query=Petralanda%20Ur%C3%ADa%2C%20Ignacio&query_place_id=ChIJvRPZjOxWRQ0R_rVO_OrHSxI,42.4729215,-2.562341,,,sí,ecommerce,,10164,es,,,,,,es,la-rioja,la-rioja,,,,,,
propiedad-grial-s-l-fuenmayor,"Propiedad Grial, S.L.",Fuenmayor,Vino,"Vino tinto, vino blanco, vino rosado","Av. de la Estación, 28, 26360 Fuenmayor, La Rioja, España",,lunes: 9:00–17:00 | martes: 9:00–17:00 | miércoles: 9:00–17:00 | jueves: 9:00–17:00 | viernes: 9:00–17:00 | sábado: 9:00–17:00 | domingo: Cerrado,+34941450194,prop.grial@terra.es,http://www.propiedadgrial.net/s_index.html,,,https://www.google.com/maps/search/?api=1&query=Propiedad%20Grial%2C%20S.L.&query_place_id=ChIJvRPZjOxWRQ0RNYEuXr0R8UA,42.4696963,-2.5613114,/productores/es/la-rioja/la-rioja/propiedad-grial-s-l-fuenmayor.webp,,no,,,10346,,,,,,,es,la-rioja,la-rioja,,,,,,
real-junta-s-a-fuenmayor,"Real Junta, S.A.",Fuenmayor,Vino,"Vino tinto, vino blanco, vino rosado","C/ San Cristóbal, 20, 26360 Fuenmayor, La Rioja, España","Real Junta, en Fuenmayor, hunde sus raíces en la unión dieciochesca de viticultores de 52 pueblos; hoy cuenta con viñedos propios y se dedica en exclusiva a vinos de crianza.",Consultar web o venta directa,+34941450141,bodegas@realjunta.com,http://www.realjunta.com/,,,https://www.google.com/maps/search/?api=1&query=Real%20Junta%2C%20S.A.&query_place_id=ChIJFVXeWuhWRQ0RGPij4v5PAAA,42.4649096,-2.5671249,,,no,,,11064,es,,,,,,es,la-rioja,la-rioja,,,,,,
san-cristobal-s-l-bodegas-fuenmayor,"San Cristobal, S.L., Bodegas",Fuenmayor,Vino,"Vino tinto, vino blanco, vino rosado","Av. de la Estación, 15, 26360 Fuenmayor, La Rioja, España",,lunes: 9:00–20:00 | martes: 9:00–20:00 | miércoles: 9:00–20:00 | jueves: 9:00–20:00 | viernes: 9:00–20:00 | sábado: 9:00–20:00 | domingo: Cerrado,+34676354225,vegasancristobal@gmail.com,,,,https://www.google.com/maps/search/?api=1&query=San%20Cristobal%2C%20S.L.%2C%20Bodegas&query_place_id=ChIJB359nOxWRQ0Rq904ddyL_6w,42.4687596,-2.5611248,,pendiente,no comprobado,,,11361,,,,,,,es,la-rioja,la-rioja,,,,,,
saenz-de-cabezon-san-martin-s-l-fuenmayor,"Sáenz de Cabezón San Martín, S.L.",Fuenmayor,Vino,"Vino tinto, vino blanco, vino rosado","Ctra. Vitoria, 30, 26360 Fuenmayor, La Rioja, España",,"lunes: 8:30–13:30, 16:00–19:00 | martes: 8:30–13:30, 16:00–19:00 | miércoles: 8:30–13:30, 16:00–19:00 | jueves: 8:30–13:30, 16:00–19:00 | viernes: 8:30–13:30, 16:00–19:00 | sábado: Cerrado | domingo: Cerrado",+34941450046,sdc.vado@gmail.com,,,,https://www.google.com/maps/search/?api=1&query=S%C3%A1enz%20de%20Cabez%C3%B3n%20San%20Mart%C3%ADn%2C%20S.L.&query_place_id=EjNDdHJhLiBWaXRvcmlhLCAzMCwgMjYzNjAgRnVlbm1heW9yLCBMYSBSaW9qYSwgU3BhaW4iMBIuChQKEgkLDhOsGFdFDRGwgGedpqXXSRAeKhQKEgntMhlPIFdFDRHhIL-Z7tZKtQ,42.4635226,-2.5855156,,pendiente,no comprobado,,,11295,,,,,,,es,la-rioja,la-rioja,,,,,,
thalion-s-c-fuenmayor,"Thalion, S.C.",Fuenmayor,Vino,"Vino tinto, vino blanco, vino rosado","C/ San Cristóbal, 76, 26360 Fuenmayor, La Rioja, España","Thalion cultiva 36 hectáreas de viñedo en Fuenmayor, a los pies del Ebro y la sierra de Cantabria, y combina viticultura tradicional con tecnología para sus tintos y blancos Rioja.",lunes: 9:00–20:00 | martes: 9:00–20:00 | miércoles: 9:00–20:00 | jueves: 9:00–20:00 | viernes: 9:00–20:00 | sábado: 9:00–20:00 | domingo: Cerrado,+34619114123,thalion07@hotmail.es,http://bodegasthalion.com/,,,https://www.google.com/maps/search/?api=1&query=Thalion%2C%20S.C.&query_place_id=ChIJGYGu4ehWRQ0R2jcmsAq7eho,42.4675117,-2.5671435,/productores/es/la-rioja/la-rioja/thalion-s-c-fuenmayor.webp,,no,,,11812,es,,,,,,es,la-rioja,la-rioja,,,,,,
perez-martinez-jesus-galbarruli,"Pérez Martínez, Jesús",Galbárruli,Vino,"Vino tinto, vino blanco, vino rosado","C. de las Casetas, 2, 26212 Galbárruli, La Rioja, España",,Consultar web o venta directa,+34626099466,bodega@perezmartinez.com,,,,https://www.google.com/maps/search/?api=1&query=P%C3%A9rez%20Mart%C3%ADnez%2C%20Jes%C3%BAs&query_place_id=ChIJWWpwOKOFTw0Ru-_PvwWRy3o,42.6212297,-2.9612001,,pendiente,no comprobado,,,10138,,,,,,,es,la-rioja,la-rioja,,,,,,
ruiz-alfaya-jose-david-galbarruli,"Ruiz Alfaya, Jose David",Galbárruli,Vino,"Vino tinto, vino blanco, vino rosado","C. de la Carretera, 1, 26212 Galbárruli, La Rioja, España","Ruiz Alfaya es una bodega familiar vinculada a Galbárruli que cultiva sus propios viñedos en Castilseco, a los pies de los Montes Obarenes, y ofrece vinos blanco, tinto y rosado.",lunes: Cerrado | martes: Cerrado | miércoles: Cerrado | jueves: Cerrado | viernes: 12:30–17:00 | sábado: 12:30–17:00 | domingo: 12:30–17:00,+34639631520,bodegasruizalfaya@hotmail.com,https://rualwines.com/,,,https://www.google.com/maps/search/?api=1&query=Ruiz%20Alfaya%2C%20Jose%20David&query_place_id=ChIJTypOnqOFTw0RCwTFxcs6lfs,42.6231132,-2.9615025,,,sí,ecommerce,,11183,es,,,,,,es,la-rioja,la-rioja,,,,,,
aceite-galilea-galilea,Aceite Galilea,Galilea,Aceite,Aceite de oliva virgen extra,"Camino detras de la ermita s/n, 26144 Galilea, La Rioja, España","El Trujal de Galilea elabora desde hace más de 22 años el AOVE ecológico GALILEA en frío, con redondilla, royuela y machona de olivos centenarios.",Consultar web o venta directa,+34655938980,,,,,https://www.google.com/maps/search/?api=1&query=Aceite%20Galilea&query_place_id=ChIJqRMilme7Wg0RB_VtiIgcY7s,42.351309,-2.231889,,pendiente,no comprobado,,,114,es,,,,,,es,la-rioja,la-rioja,,,,,,
aceites-hejul-galilea,Aceites Hejul,Galilea,Aceite,Aceite de oliva virgen extra,"Carretera, s/n, 26144 Galilea, La Rioja, España","Hejul cultiva olivos en Galilea desde 1967 y controla toda la cadena; su coupage mezcla Redondilla, Royuela y Machón, junto a monovarietales Arbequina y Picual.","lunes: 9:00–14:00, 15:00–18:00 | martes: 9:00–14:00, 15:00–18:00 | miércoles: 9:00–14:00, 15:00–18:00 | jueves: 9:00–14:00, 15:00–18:00 | viernes: 9:00–14:00, 15:00–18:00 | sábado: 10:00–13:00 | domingo: Cerrado",+34677563435,,https://www.aceitehejul.com/,,https://www.instagram.com/aceiteshejul/,https://www.google.com/maps/search/?api=1&query=Aceites%20Hejul&query_place_id=ChIJSXoDUZ27Wg0RKiKo3pgT3X4,42.3434163,-2.2338049,/productores/es/la-rioja/la-rioja/aceites-hejul-galilea.webp,,sí,ecommerce,,176,es,,,,,,es,la-rioja,la-rioja,,,,,,
bodegas-nestares-eguizabal-galilea,BODEGAS NESTARES EGUIZÁBAL,Galilea,Vino,"Vino tinto, vino blanco, vino rosado","C. Alberto Villanueva, 82-84, 26144 Galilea, La Rioja, España","Nestares Eguizábal, fundada en 1998 en Galilea, trabaja viñedos familiares de altura (250–650 m) replantados desde 1983 con Tempranillo; ofrece Segares, A Veredas y Arzobispo.","lunes: Cerrado | martes: 9:30–13:30, 17:00–18:00 | miércoles: 9:30–13:30, 17:00–18:00 | jueves: 9:30–13:30, 17:00–18:00 | viernes: 9:30–13:30, 17:00–18:00 | sábado: 9:30–13:30, 17:00–18:00 | domingo: 9:30–13:30, 17:00–18:00",+34941480351,bodegas@nestareseguizabal.com,http://www.nestareseguizabal.com,,https://www.instagram.com/nestareseguizabal/,https://www.google.com/maps/search/?api=1&query=BODEGAS%20NESTARES%20EGUIZ%C3%81BAL&query_place_id=ChIJwaqygGi7Wg0RwOEDiQlTVfQ,42.3499797,-2.2338139,/productores/es/la-rioja/la-rioja/bodegas-nestares-eguizabal-galilea.webp,,sí,ecommerce,,2240,es,,,,,,es,la-rioja,la-rioja,,,,,,
bodegas-santalba-gimileo,BODEGAS SANTALBA,Gimileo,Vino,"Vino tinto, vino blanco, vino rosado","Carretera N-232, KM 445, 26221 Gimileo, La Rioja, España","Santalba sitúa su bodega en Gimileo, en un viñedo ecológico de suelo arcilloso-calcáreo junto al Ebro, del que presenta vinos como Santalba Natural, tinto ecológico y vegano.",lunes: 8:00–17:00 | martes: 8:00–17:00 | miércoles: 8:00–17:00 | jueves: 8:00–17:00 | viernes: 8:00–17:00 | sábado: 11:00–14:00 | domingo: Cerrado,+34941304231,santalba@santalba.com,http://www.santalba.com,https://www.facebook.com/SANTALBA,https://www.instagram.com/bodegasantalba/,https://www.google.com/maps/search/?api=1&query=BODEGAS%20SANTALBA&query_place_id=ChIJNaWV6fiKTw0RyjzizFwNNMo,42.549112,-2.8164476,/productores/es/la-rioja/la-rioja/bodegas-santalba-gimileo.webp,,sí,ecommerce,,2374,es,,,,,,es,la-rioja,la-rioja,,,,,,
bodegas-zamaca-cor-de-mei-gimileo,bodegas zamaca --- COR DE MEI,Gimileo,Vino,"Vino tinto, vino blanco, vino rosado","C. Zamudio, 11, 26221 Gimileo, La Rioja, España","Cor de Mei, en Gimileo, reúne cuatro generaciones de viticultores: prensa vertical, trasiegas por gravedad y dos calados de los siglos XVI y XVIII; trabaja Tempranillo, Graciano, Garnacha y Mazuelo.",lunes: Cerrado | martes: 19:00–21:00 | miércoles: 19:00–21:00 | jueves: 19:00–21:00 | viernes: 19:00–21:00 | sábado: 11:00–13:30 | domingo: 11:00–13:30,+34657273479,pecadipe@hotmail.es,https://cordemei.com,,https://www.instagram.com/cordemei/,https://www.google.com/maps/search/?api=1&query=bodegas%20zamaca%20---%20COR%20DE%20MEI&query_place_id=ChIJwfdcZb6LTw0ROMDSfqzATZ8,42.5505412,-2.8216659,/productores/es/la-rioja/la-rioja/bodegas-zamaca-cor-de-mei-gimileo.webp,,sí,ecommerce,,2542,es,,,,,,es,la-rioja,la-rioja,,,,,,
bodegas-escudero-gravalos,BODEGAS ESCUDERO,Grávalos,Vino,"Vino tinto, vino blanco, vino rosado","Ctra. de Arnedo, 0, 26587 Grávalos, La Rioja, España",Bodegas Escudero elabora cavas en Grávalos desde el proyecto familiar iniciado en 1852; Benito Escudero fue pionero del cava riojano tras formarse en Francia y aplicar el método tradicional.,"lunes: 9:00–14:00, 16:00–18:00 | martes: 9:00–14:00, 16:00–18:00 | miércoles: 9:00–14:00, 16:00–18:00 | jueves: 9:00–14:00, 16:00–18:00 | viernes: 9:00–14:00, 16:00–18:00 | sábado: 10:00–14:00 | domingo: Cerrado",+34941398008,angeles@familiaescudero.com,http://www.familiaescudero.com,,https://www.instagram.com/familia.escudero/,https://www.google.com/maps/search/?api=1&query=BODEGAS%20ESCUDERO&query_place_id=ChIJ1ctbMjDuWg0RH3ulVIZcsaY,42.1090757,-1.9995792,/productores/es/la-rioja/la-rioja/bodegas-escudero-gravalos.webp,,sí,ecommerce,,2001,es,,,,,,es,la-rioja,la-rioja,,,,,,
zorruque-s-a-t-bodegas-y-vinedos-gravalos,Zorruque S.A.T. Bodegas y Viñedos,Grávalos,Vino,"Vino tinto, vino blanco, vino rosado","camino piscinas, C. Elorza Aristorena, 34, Entrada por, 26587 Grávalos, La Rioja, España",,lunes: 9:00–17:00 | martes: 9:00–17:00 | miércoles: 9:00–17:00 | jueves: 9:00–17:00 | viernes: 9:00–17:00 | sábado: 9:00–14:00 | domingo: Cerrado,+34608979991,bodegazorruque@gmail.com,,,,https://www.google.com/maps/search/?api=1&query=Zorruque%20S.A.T.%20Bodegas%20y%20Vi%C3%B1edos&query_place_id=ChIJiwCorS_uWg0REdX4UdhlnJs,42.10708229999999,-1.99572,,pendiente,no comprobado,,,12427,,,,,,,es,la-rioja,la-rioja,,,,,,
alberto-gutierrez-andres-s-l-haro,"Alberto Gutiérrez Andrés, S.L.",Haro,Vino,"Vino tinto, vino blanco, vino rosado","C. Lucrecia Arana, 17, 26200 Haro, La Rioja, España","En Haro, Terete conserva desde 1877 una bodega familiar con calados subterráneos y elabora tres vinos Rioja: Viña Cristina, Terete Reserva Especial y Terete Gran Reserva.",Consultar web o venta directa,+34941310023,info@terete.es,https://terete.es/,,,https://www.google.com/maps/search/?api=1&query=Alberto%20Guti%C3%A9rrez%20Andr%C3%A9s%2C%20S.L.&query_place_id=ChIJTaBOaOiLTw0RrGY81qsnCFY,42.5762164,-2.8465923,,,no,,,568,es,,,,,,es,la-rioja,la-rioja,,,,,,
bodega-akutain-haro,Bodega Akutain,Haro,Vino,"Vino tinto, vino blanco, vino rosado","Cam. de la Manzanera, 26340, La Rioja, España",Akutain produce en Haro pequeñas cantidades de vinos clásicos con uva de cuatro viñedos propios; sus ediciones Selection son numeradas y el Gran Reserva solo nace en 2–3 añadas por década.,lunes: 8:00–17:00 | martes: 8:00–17:00 | miércoles: 8:00–17:00 | jueves: 8:00–17:00 | viernes: 8:00–17:00 | sábado: 9:00–13:00 | domingo: Cerrado,+34941302651,info@bodegaakutain.com,http://www.bodegaakutain.com,https://www.facebook.com/bodegaakutain,https://www.instagram.com/bodega_akutain/,https://www.google.com/maps/search/?api=1&query=Bodega%20Akutain&query_place_id=ChIJNwDuKpdfRQ0RB89g2jxFDQA,42.5032804,-2.7504347,/productores/es/la-rioja/la-rioja/bodega-akutain-haro.webp,,no,,,1271,es,,,,,,es,la-rioja,la-rioja,,,,,,
bodega-ramon-bilbao-haro,Bodega Ramón Bilbao,Haro,Vino,"Vino tinto, vino blanco, vino rosado","Av. Santo Domingo de la Calzada, 34, 26200 Haro, La Rioja, España",Ramón Bilbao registró su marca en Haro en 1924; en 2012 lanzó Viñedos de Altura para explorar parcelas elevadas y variedades como la Garnacha.,lunes: 10:30–18:30 | martes: 10:30–18:30 | miércoles: 10:30–18:30 | jueves: 10:30–18:30 | viernes: 10:30–18:30 | sábado: 10:30–18:30 | domingo: 10:30–14:30,+34628071502,zaida.semprun@zamoracompany.com,http://www.bodegasramonbilbao.es,https://www.facebook.com/ramon.vinos,https://www.instagram.com/bodegasramonbilbao/,https://www.google.com/maps/search/?api=1&query=Bodega%20Ram%C3%B3n%20Bilbao&query_place_id=ChIJ6wwyiWGJTw0R1nQsAEmrY48,42.5699439,-2.8608441,/productores/es/la-rioja/la-rioja/bodega-ramon-bilbao-haro.webp,,sí,ecommerce,,1612,es,,,,,,es,la-rioja,la-rioja,,,,,,
bodega-virgen-de-la-vega-s-coop-haro,Bodega Virgen de la Vega S.Coop.,Haro,Vino,"Vino tinto, vino blanco, vino rosado","Av. Santo Domingo de la Calzada, 42, 26200 Haro, La Rioja, España",La cooperativa Virgen de la Vega nació en Haro en 1965 y reúne 200 familias; cultiva 850 hectáreas a casi 700 metros y elabora vinos de Tempranillo y Viura como Dominio de Arvs y Beturia.,lunes: 7:00–15:00 | martes: 7:00–15:00 | miércoles: 7:00–15:00 | jueves: 7:00–15:00 | viernes: 7:00–15:00 | sábado: Cerrado | domingo: Cerrado,+34941310729,info@bodegasvirgendelavega.es,http://bodegasvirgendelavega.es/,,,https://www.google.com/maps/search/?api=1&query=Bodega%20Virgen%20de%20la%20Vega%20S.Coop.&query_place_id=ChIJU5FF3GGJTw0RJ6FQtHrGkJU,42.5675363,-2.8626781,/productores/es/la-rioja/la-rioja/bodega-virgen-de-la-vega-s-coop-haro.webp,,sí,ecommerce,,1736,es,,,,,,es,la-rioja,la-rioja,,,,,,
bodegas-bilbainas-haro,BODEGAS BILBAÍNAS,Haro,Vino,"Vino tinto, vino blanco, vino rosado","C. Estación, s/n, 26200 Haro, La Rioja, España","Bodegas Bilbaínas, en Haro, procede de una casa bordelesa instalada allí en 1859; desde 1901 consolidó su identidad y en 1925 fue distinguida como Proveedor de la Casa Real Española.",lunes: 10:00–17:00 | martes: 10:00–17:00 | miércoles: 10:00–17:00 | jueves: 10:00–17:00 | viernes: 10:00–17:00 | sábado: 10:00–17:30 | domingo: 10:00–15:00,+34941310147,reservas@bodegasbilbainas.com,http://www.bodegasbilbainas.com,https://www.facebook.com/vinapomalrioja?ref=br_rs,https://www.instagram.com/vinapomal/,https://www.google.com/maps/search/?api=1&query=BODEGAS%20BILBA%C3%8DNAS&query_place_id=ChIJJz5iyeSLTw0R-LE09OmqFxY,42.5838792,-2.8512666,,,sí,marketplace,,1846,es,,,,,,es,la-rioja,la-rioja,,,,,,
bodegas-carlos-serres-haro,BODEGAS CARLOS SERRES,Haro,Vino,"Vino tinto, vino blanco, vino rosado","Av. Santo Domingo de la Calzada, 40, 26200 Haro, La Rioja, España","Carlos Serres inició en Haro en 1896 la primera bodega riojana registrada como comerciante-exportadora, combinando técnicas de Burdeos con el terruño local para vender vino al otro lado del Atlántico.",lunes: 7:00–15:00 | martes: 7:00–15:00 | miércoles: 7:00–15:00 | jueves: 7:00–15:00 | viernes: 7:00–15:00 | sábado: 7:00–15:00 | domingo: Cerrado,+34671608699,hugo.export@carlosserres.com,http://www.carlosserres.com,https://www.facebook.com/bodegascarlosserres/,https://www.instagram.com/bodegascarlosserres/,https://www.google.com/maps/search/?api=1&query=BODEGAS%20CARLOS%20SERRES&query_place_id=ChIJabCHs9-LTw0R8SzoYkUL7DY,42.56814869999999,-2.8617623,/productores/es/la-rioja/la-rioja/bodegas-carlos-serres-haro.webp,,sí,ecommerce,,1886,es,,,,,,es,la-rioja,la-rioja,,,,,,
bodegas-manzanos-haro,Bodegas Manzanos,Haro,Vino,"Vino tinto, vino blanco, vino rosado","C. Prim, 11, bajo, 26200 Haro, La Rioja, España","Manzanos Haro ocupa una bodega vertical fundada en 1801, la más antigua de la ciudad aún operativa; sus calados aprovechan antiguas galerías medievales del Castillo de Haro.",lunes: 10:00–18:00 | martes: 10:00–18:00 | miércoles: 10:00–18:00 | jueves: 10:00–18:00 | viernes: 10:00–18:00 | sábado: 10:00–18:00 | domingo: 10:00–18:00,+34941618761,haro@manzanos.com,http://bodegasmanzanos.com/,https://www.facebook.com/bodegasmanzanos/,https://www.instagram.com/bodegasmanzanos/,https://www.google.com/maps/search/?api=1&query=Bodegas%20Manzanos&query_place_id=ChIJmamS4LiLTw0RHmsd3Tzjx1Q,42.5764954,-2.8461678,/productores/es/la-rioja/la-rioja/bodegas-manzanos-haro.webp,,sí,ecommerce,,2162,es,,,,,,es,la-rioja,la-rioja,,,,,,
bodegas-martinez-lacuesta-haro,Bodegas Martínez Lacuesta,Haro,Vino,"Vino tinto, vino blanco, vino rosado","Acceso desde la rotonda, Paraje de Ubieta, s/n, 26200 Haro, La Rioja, España",Martínez Lacuesta nació en Haro en 1895; su sala de crianza conserva las barricas apiladas a mano en cinco alturas y las trasiegas manuales como parte de su método tradicional.,lunes: 10:00–15:00 | martes: 10:00–15:00 | miércoles: 10:00–15:00 | jueves: 10:00–15:00 | viernes: 10:00–15:00 | sábado: 10:00–15:00 | domingo: Cerrado,+34653814123,reservas@martinezlacuesta.com,http://www.martinezlacuesta.com/,,https://www.instagram.com/bodegasmartinezlacuesta/,https://www.google.com/maps/search/?api=1&query=Bodegas%20Mart%C3%ADnez%20Lacuesta&query_place_id=ChIJ7QyhiN2LTw0RPIiGoL08I_g,42.5579661,-2.8380487,/productores/es/la-rioja/la-rioja/bodegas-martinez-lacuesta-haro.webp,,sí,ecommerce,,2184,es,,,,,,es,la-rioja,la-rioja,,,,,,
bodegas-maset-rioja-haro,Bodegas Maset Rioja,Haro,Vino,"Vino tinto, vino blanco, vino rosado","Av. Costa del Vino, 1, 26200 Haro, La Rioja, España","Bodegas Maset elabora en su bodega del histórico Barrio de la Estación de Haro vinos de Rioja con procedimientos tradicionales y técnicas actuales; este proyecto riojano, inaugurado en 2012, forma parte de una familia vitivinícola documentada desde 1390.",lunes: 7:00–15:00 | martes: 7:00–15:00 | miércoles: 7:00–15:00 | jueves: 7:00–15:00 | viernes: 7:00–15:00 | sábado: Cerrado | domingo: Cerrado,+34900200250,info@maset.com,https://www.maset.com,,https://www.instagram.com/maset/,https://www.google.com/maps/search/?api=1&query=Bodegas%20Maset%20Rioja&query_place_id=ChIJ23H0Ow6LTw0Rvze-gONkG0g,42.5797728,-2.8505401,/productores/es/la-rioja/la-rioja/bodegas-maset-rioja-haro.webp,,sí,ecommerce,,2192,es,,,,,,es,la-rioja,la-rioja,,,,,,
bodegas-muga-haro,BODEGAS MUGA,Haro,Vino,"Vino tinto, vino blanco, vino rosado","Av. Vizcaya, 2, 26200 Haro, La Rioja, España","Muga, fundada en Haro en 1932, ocupa una casona bicentenaria del Barrio de la Estación y cuenta con tres maestros cuberos y toneleros que fabrican sus propias barricas.",lunes: 9:00–15:30 | martes: 9:00–15:30 | miércoles: 9:00–15:30 | jueves: 9:00–15:30 | viernes: 9:00–15:30 | sábado: 10:00–15:00 | domingo: Cerrado,+34941311825,visitas@bodegasmuga.com,http://www.bodegasmuga.com,https://www.facebook.com/bodegasmuga,https://www.instagram.com/bodegasmuga/,https://www.google.com/maps/search/?api=1&query=BODEGAS%20MUGA&query_place_id=ChIJ1SZome-LTw0RUsx6v1htTiI,42.5829868,-2.8473474,/productores/es/la-rioja/la-rioja/bodegas-muga-haro.webp,,sí,ecommerce,,2224,es,,,,,,es,la-rioja,la-rioja,,,,,,
bodegas-roda-haro,Bodegas Roda,Haro,Vino,"Vino tinto, vino blanco, vino rosado","Av. Vizcaya, 5, 26200 Haro, La Rioja, España","Roda nació en Haro en 1987 sobre un calado del siglo XIX; controla una veintena de pagos, vinifica en tinas de roble francés y cría sus vinos íntegramente en ese roble.",lunes: 8:00–15:00 | martes: 8:00–15:00 | miércoles: 8:00–15:00 | jueves: 8:00–15:00 | viernes: 8:00–15:00 | sábado: 10:30–15:00 | domingo: 10:30–15:00,+34941303001,vcharcan@roda.es,http://www.roda.es,https://www.facebook.com/BodegasRoda,https://www.instagram.com/bodegasroda/,https://www.google.com/maps/search/?api=1&query=Bodegas%20Roda&query_place_id=ChIJRUmXFvCLTw0RY1kkWuNht-4,42.5851955,-2.846647,/productores/es/la-rioja/la-rioja/bodegas-roda-haro.webp,,no,,,2342,es,,,,,,es,la-rioja,la-rioja,,,,,,
bolumburu-ormaechea-carlos-gimileo,"Bolumburu Ormaechea, Carlos",Gimileo,Vino,"Vino tinto, vino blanco, vino rosado","C. Zumidio, 7, 26221 Gimileo, La Rioja, España","Bodega de la DOCa Rioja situada en Gimileo, revisada contra el directorio de operadores certificados de Rioja; el slug histórico se conserva por estabilidad aunque ya no coincida con el municipio.",Consultar web o venta directa,+34659256661,carlosbolumburu@hotmail.com,,,,,42.54917,-2.8225,,pendiente,no comprobado,,,2565,es,,,,,,es,la-rioja,la-rioja,,,,,,
cvne-haro,CVNE,Haro,Vino,"Vino tinto, vino blanco, vino rosado","Av. Costa del Vino, 21, 26200 Haro, La Rioja, España","CVNE nació en el Barrio de la Estación de Haro en 1879; allí elabora Imperial y conserva la Nave Eiffel, mientras Monopole figura como la marca de vino blanco más antigua de España.",lunes: 9:00–16:30 | martes: 9:00–16:30 | miércoles: 9:00–16:30 | jueves: 9:00–16:30 | viernes: 9:00–16:30 | sábado: 9:00–16:30 | domingo: 9:00–14:00,+34941304809,visitas@cvne.com,http://www.cvne.com,https://www.facebook.com/bodega.cvne?fref=ts,https://www.instagram.com/cvnevino/,https://www.google.com/maps/search/?api=1&query=CVNE&query_place_id=ChIJBVLChOWLTw0RgPZDUbzgqug,42.5815315,-2.8488812,/productores/es/la-rioja/la-rioja/cvne-haro.webp,,sí,ecommerce,,4721,es,,,,,,es,la-rioja,la-rioja,,,,,,
gomez-cruzado-haro,GÓMEZ CRUZADO,Haro,Vino,"Vino tinto, vino blanco, vino rosado","Av. Vizcaya, 6, 26200 Haro, La Rioja, España","Gómez Cruzado, bodega de Haro fundada en 1886, elabora Pancrudo con Garnacha 100 % de viñas viejas en vaso de Badarán, a 650 metros, y crianza parcial en hormigón.",lunes: 10:00–15:00 | martes: 10:00–15:00 | miércoles: 10:00–15:00 | jueves: 10:00–15:00 | viernes: 10:00–15:00 | sábado: 10:00–14:30 | domingo: 10:00–14:30,+34941312502,v.valero@gomezcruzado.com,http://www.gomezcruzado.com/,https://www.facebook.com/gomezcruzado.gomezcruzado,https://www.instagram.com/gomez_cruzado/,https://www.google.com/maps/search/?api=1&query=G%C3%93MEZ%20CRUZADO&query_place_id=ChIJXyHV-O-LTw0Re9QFaMr26Ig,42.5837957,-2.8474315,/productores/es/la-rioja/la-rioja/gomez-cruzado-haro.webp,,sí,ecommerce,,6494,es,,,,,,es,la-rioja,la-rioja,,,,,,
la-rioja-alta-s-a-haro,"La Rioja Alta, S.A.",Haro,Vino,"Vino tinto, vino blanco, vino rosado","Av. Vizcaya, 8, 26200 Haro, La Rioja, España","La Rioja Alta reúne en Haro vinos como Gran Reserva 890 y 904, Viña Ardanza, Viña Alberdi y Finca Martelo, dentro de un grupo con bodegas también en Rías Baixas y Ribera del Duero.",lunes: 11:00–17:30 | martes: 11:00–17:30 | miércoles: 11:00–17:30 | jueves: 11:00–17:30 | viernes: 11:00–17:30 | sábado: 11:00–15:00 | domingo: 11:00–15:00,+34941310346,prensa@riojalta.com,http://www.riojalta.com,https://www.facebook.com/grupolariojaaltasa/,https://www.instagram.com/lariojaaltasa/,https://www.google.com/maps/search/?api=1&query=La%20Rioja%20Alta%2C%20S.A.&query_place_id=ChIJh0Zn_u-LTw0RfKKAgun6jMY,42.5844855,-2.8466665,/productores/es/la-rioja/la-rioja/la-rioja-alta-s-a-haro.webp,,sí,ecommerce,,7840,es,,,,,,es,la-rioja,la-rioja,,,,,,
muga-foncea-cesar-oscar-haro,"Muga Foncea, César Oscar",Haro,Vino,"Vino tinto, vino blanco, vino rosado","C. Cantarranas, 6, 26200 Haro, La Rioja, España",,lunes: 9:00–15:30 | martes: 9:00–15:30 | miércoles: 9:00–15:30 | jueves: 9:00–15:30 | viernes: 9:00–15:30 | sábado: 10:00–15:00 | domingo: Cerrado,+34941310160,comugacesaroscarmuga@gmail.com,,,,https://www.google.com/maps/search/?api=1&query=Muga%20Foncea%2C%20C%C3%A9sar%20Oscar&query_place_id=ChIJofDKOuSLTw0Rm4iYTs24hQA,42.5799223,-2.8509387,,pendiente,no comprobado,,,9000,,,,,,,es,la-rioja,la-rioja,,,,,,
r-lopez-de-heredia-vina-tondonia-s-a-haro,"R. LÓPEZ DE HEREDIA VIÑA TONDONIA, S.A.",Haro,Vino,"Vino tinto, vino blanco, vino rosado","Av. Vizcaya, 3, 26200 Haro, La Rioja, España","López de Heredia, fundada en Haro en 1877, conserva una bodega subterránea con calados de hasta 200 metros y más de 12.900 barricas; su proyecto cultural reúne patrimonio documental y etnográfico.",lunes: 9:00–16:00 | martes: 9:00–16:00 | miércoles: 9:00–16:00 | jueves: 9:00–16:00 | viernes: 9:00–16:30 | sábado: 9:00–16:30 | domingo: Cerrado,+34941310244,bodega@tondonia.com,http://www.tondonia.com,,,https://www.google.com/maps/search/?api=1&query=R.%20L%C3%93PEZ%20DE%20HEREDIA%20VI%C3%91A%20TONDONIA%2C%20S.A.&query_place_id=ChIJ1VxkB_CLTw0RHj9j58DCX3A,42.584419,-2.8482045,,,no,,,11020,es,,,,,,es,la-rioja,la-rioja,,,,,,
vina-olabarri-s-a-haro,VIÑA OLABARRI S.A.,Haro,Vino,"Vino tinto, vino blanco, vino rosado","Carr. Haro, 26292 Villalba de Rioja, La Rioja, España","Viña Olabarri elabora en Haro vinos de Rioja a partir de parcelas viejas de distintas zonas, con una gama que incluye Crianza, Reserva, Gran Reserva y blanco. La bodega familiar nació en 1985 tras recuperar un calado del siglo XIX en Anguciana.",lunes: 8:00–15:00 | martes: 8:00–15:00 | miércoles: 8:00–15:00 | jueves: 8:00–15:00 | viernes: 8:00–15:00 | sábado: Cerrado | domingo: Cerrado,+34941310937,palomajimenez@bodegasolabarri.com,http://www.bodegasolabarri.com,https://www.facebook.com/bodegasolabarri,https://www.instagram.com/bodegasolabarri/,https://www.google.com/maps/search/?api=1&query=VI%C3%91A%20OLABARRI%20S.A.&query_place_id=ChIJHXAVydyOTw0RNZiIa9Gd6jw,42.6085204,-2.8876987,,,sí,ecommerce,,12188,es,,,,,,es,la-rioja,la-rioja,,,,,,
lacteos-martinez-s-l-queso-los-cameros-haro,"Lácteos Martínez, S.L. – Queso Los Cameros",Haro,Lácteos y quesos,Queso Camerano,"Polígono Industrial Fuente Ciega, C/ Los Nogales, 55, 26200 Haro, La Rioja, España","Queso Los Cameros elabora en Haro quesos tiernos, tradicionales y añejos de vaca, cabra, oveja y mezcla, incluidos quesos DOP y piezas con corteza natural.","lunes: 9:00–14:00, 16:00–18:00 | martes: 9:00–14:00, 16:00–18:00 | miércoles: 9:00–14:00, 16:00–18:00 | jueves: 9:00–14:00, 16:00–18:00 | viernes: 9:00–14:00, 16:00–18:00 | sábado: 9:00–14:00 | domingo: Cerrado",+34941310940,,https://quesoloscameros.com/,,https://www.instagram.com/quesoloscameros/,https://www.google.com/maps/search/?api=1&query=L%C3%A1cteos%20Mart%C3%ADnez%2C%20S.L.%20%E2%80%93%20Queso%20Los%20Cameros&query_place_id=ChIJwY8UmreLTw0RuPPT7eSnjsU,42.5640629,-2.8354346,,,sí,ecommerce,,7972,es,,,,,,es,la-rioja,la-rioja,,,,,,
la-bodeguita-escondida-hervias,La Bodeguita Escondida,Hervías,Vino,"Vino tinto, vino blanco, vino rosado","C. Luis Cereceda Bartolomé, 30, B, 26257 Hervías, La Rioja, España",,"lunes: 18:30–21:00 | martes: 18:30–21:00 | miércoles: 18:30–21:00 | jueves: 18:30–21:00 | viernes: 17:00–21:00 | sábado: 11:00–15:00, 18:00–21:00 | domingo: 11:00–15:00",+34641357440,labodeguitadehervias@gmail.com,http://www.labodeguitaescondida.com,,,https://www.google.com/maps/search/?api=1&query=La%20Bodeguita%20Escondida&query_place_id=ChIJXz9TSQVjRQ0RcYLeFD77d48,42.4487972,-2.8866976,,,sí,ecommerce,,7552,,,,,,,es,la-rioja,la-rioja,,,,,,
bargondia-s-l-hormilla,"Bargondia, S.L.",Hormilla,Vino,"Vino tinto, vino blanco, vino rosado","Ctra. Ollauri, 35, 26323 Hormilla, La Rioja, España","Bargondia mantiene en Hormilla cinco generaciones de tradición familiar y elabora blanco, clarete, tinto joven, Etiqueta Negra y crianza DOCa Rioja.","lunes: 9:00–14:00, 16:00–20:00 | martes: 9:00–14:00, 16:00–20:00 | miércoles: 9:00–14:00, 16:00–20:00 | jueves: 9:00–14:00, 16:00–20:00 | viernes: 9:00–14:00, 16:00–20:00 | sábado: Cerrado | domingo: Cerrado",+34941417814,bodegasbargondia@hotmail.com,http://www.bodegasbargondia.com/,,,https://www.google.com/maps/search/?api=1&query=Bargondia%2C%20S.L.&query_place_id=ChIJF6izZABeRQ0RE9lB55OA_9M,42.4395187,-2.7760721,/productores/es/la-rioja/la-rioja/bargondia-s-l-hormilla.webp,,sí,ecommerce,,1099,es,,,,,,es,la-rioja,la-rioja,,,,,,
bodega-antigua-de-azenari-s-l-hormilla,"Bodega Antigua de Azenari, S.L",Hormilla,Vino,"Vino tinto, vino blanco, vino rosado","C. Mayor, 20, 26323 Hormilla, La Rioja, España","Antigua de Azenari nació en Hormilla en 2004, cuando una familia de cuatro generaciones agrícolas comenzó a vinificar sus propias uvas y recuperó dos bodegas tradicionales.",Consultar web o venta directa,+34941417840,eusejm@gmail.com,http://www.azenari.es/,,,https://www.google.com/maps/search/?api=1&query=Bodega%20Antigua%20de%20Azenari%2C%20S.L&query_place_id=ChIJyZv1Jf5dRQ0RfcJfIJolrxA,42.4385248,-2.774599,/productores/es/la-rioja/la-rioja/bodega-antigua-de-azenari-s-l-hormilla.webp,,sí,ecommerce,,1293,es,,,,,,es,la-rioja,la-rioja,,,,,,
don-sancho-de-londono-hormilla,Don Sancho de Londoño,Hormilla,Vino,"Vino tinto, vino blanco, vino rosado","Ctra. Nájera, s/n, 26323 Hormilla, La Rioja, España","Bodegas Don Sancho de Londoño, proyecto familiar iniciado en 2004 en Hormilla, elabora vinos con uvas de 40 hectáreas propias repartidas por seis municipios de Rioja Alta, entre ellas sus marcas Don Sancho de Londoño y Señor de Hormilla.","lunes: 9:00–14:00, 16:00–18:00 | martes: 9:00–14:00, 16:00–18:00 | miércoles: 9:00–14:00, 16:00–18:00 | jueves: 9:00–14:00, 16:00–18:00 | viernes: 9:00–14:00, 16:00–18:00 | sábado: 9:00–14:00 | domingo: Cerrado",+34941058976,raquel@dslbodegas.es,http://www.londono.es,,,https://www.google.com/maps/search/?api=1&query=Don%20Sancho%20de%20Londo%C3%B1o&query_place_id=ChIJQY42LORdRQ0Rn3_jJdkIK5k,42.4324744,-2.762841,,,no,,,4929,es,,,,,,es,la-rioja,la-rioja,,,,,,
garcia-fernandez-y-3-ricardo-hormilla,"García Fernández y 3, Ricardo",Hormilla,Vino,"Vino tinto, vino blanco, vino rosado","Ctra. Ollauri, 36, 26323 Hormilla, La Rioja, España",,"lunes: 9:00–14:00, 16:00–20:00 | martes: 9:00–14:00, 16:00–20:00 | miércoles: 9:00–14:00, 16:00–20:00 | jueves: 9:00–14:00, 16:00–20:00 | viernes: 9:00–14:00, 16:00–20:00 | sábado: Cerrado | domingo: Cerrado",+34639322934,bodegas@cerzana.com,,,,https://www.google.com/maps/search/?api=1&query=Garc%C3%ADa%20Fern%C3%A1ndez%20y%203%2C%20Ricardo&query_place_id=ChIJ54n7oQBeRQ0RBMOFoUZgqvs,42.439282,-2.7743876,,pendiente,no comprobado,,,6421,,,,,,,es,la-rioja,la-rioja,,,,,,
manero-fernandez-m-del-mar-hormilla,"Manero Fernández, Mª. del Mar",Hormilla,Vino,"Vino tinto, vino blanco, vino rosado","C. Calz. de los Romanos, 2, 26323 Hormilla, La Rioja, España",,Consultar web o venta directa,+34941417786,amurriohormilla@hotmail.com,,,,https://www.google.com/maps/search/?api=1&query=Manero%20Fern%C3%A1ndez%2C%20M%C2%AA.%20del%20Mar&query_place_id=ChIJ7eUAZFVnRQ0RBW_lA-tapfY,42.43735,-2.7783,,pendiente,no comprobado,,,8322,,,,,,,es,la-rioja,la-rioja,,,,,,
morcillas-san-martin-hormilla,Morcillas San Martín,Hormilla,Carne,Morcillas,"Tr.ª Real, 4, 26323 Hormilla, La Rioja, España",,Consultar web o venta directa,+34941417818,,,,,https://www.google.com/maps/search/?api=1&query=Morcillas%20San%20Mart%C3%ADn&query_place_id=ChIJJ2v2cG9dRQ0Rg4bijNmwnGw,42.4371139,-2.7772687,,pendiente,no comprobado,,,8979,,,,,,,es,la-rioja,la-rioja,,,,,,
miel-llaria-hormilla,Miel Llaría,Hormilla,Miel,"Miel ecológica cruda de brezo, romero, espino y calluna","Polígono Industrial de Hormilla, s/n, 26323 Hormilla, La Rioja, España","Apicultores ecológicos con colmenares activos desde 1980 que elaboran miel cruda, sin tratamiento térmico, en las sierras riojanas.",lunes: 9:30–15:00 | martes: 9:30–15:00 | miércoles: 9:30–15:00 | jueves: 9:30–15:00 | viernes: 9:30–15:00 | sábado: Cerrado | domingo: Cerrado,+34649998577,jesus@llaria.com,https://llaria.com/,,,https://www.google.com/maps/search/?api=1&query=Miel%20Llar%C3%ADa&query_place_id=ChIJJ6Kn-4ldRQ0RrP8oFJsLS40,42.4324742,-2.7731618,/productores/es/la-rioja/la-rioja/miel-llaria-hormilla.webp,,sí,ecommerce,,8765,es,,,,,,es,la-rioja,la-rioja,,,,,,
bodegas-ayagar-hormilleja,BODEGAS AYAGAR,Hormilleja,Vino,"Vino tinto, vino blanco, vino rosado","Camino Valpierre, s/n, 26223 Hormilleja, La Rioja, España",Bodegas Ayagar elabora vinos DOCa Rioja en Hormilleja y completa la experiencia de bodega con una cocina de raíces riojanas basada en ingredientes de temporada.,lunes: 11:30–17:00 | martes: 11:30–17:00 | miércoles: 11:30–17:00 | jueves: 11:30–17:00 | viernes: 11:30–17:00 | sábado: 11:30–17:00 | domingo: 11:30–17:00,+34609758182,correo@bodegasayagar.es,http://www.bodegasayagar.es,,,https://www.google.com/maps/search/?api=1&query=BODEGAS%20AYAGAR&query_place_id=ChIJVVVVBYxeRQ0RjyzFzjyywqY,42.4588242,-2.7329895,/productores/es/la-rioja/la-rioja/bodegas-ayagar-hormilleja.webp,,no,,,1822,es,,,,,,es,la-rioja,la-rioja,,,,,,
bodega-san-pedro-huercanos,Bodega San Pedro,Huércanos,Vino,"Vino tinto, vino blanco, vino rosado","Cam. Fuenmayor, 1, 26314 Huércanos, La Rioja, España","Bodega San Pedro Apóstol elabora y embotella sus propios vinos de Rioja Alta en Huércanos, donde también recibe visitas y degustaciones.","lunes: 9:00–13:00, 15:30–18:00 | martes: 9:00–13:00, 15:30–18:00 | miércoles: 9:00–13:00, 15:30–18:00 | jueves: 9:00–13:00, 15:30–18:00 | viernes: 9:00–13:00, 15:30–18:00 | sábado: 10:00–14:00 | domingo: 10:00–13:00",+34941371066,administracion@bodegasanpedro.com,http://www.bodegasanpedroapostol.com/,,,https://www.google.com/maps/search/?api=1&query=Bodega%20San%20Pedro&query_place_id=ChIJqaqsN-5bRQ0RQL5_Pvn2_Lo,42.42722870000001,-2.6896873,/productores/es/la-rioja/la-rioja/bodega-san-pedro-huercanos.webp,,no,,,1635,es,,,,,,es,la-rioja,la-rioja,,,,,,
salinas-martinez-m-angeles-huercanos,"Salinas Martínez, Mª. Ángeles",Huércanos,Vino,"Vino tinto, vino blanco, vino rosado","C. Mayor, 7, 26314 Huércanos, La Rioja, España",,Consultar web o venta directa,+34636349872,pilar-oscarpurdi@hotmail.com,,,,https://www.google.com/maps/search/?api=1&query=Salinas%20Mart%C3%ADnez%2C%20M%C2%AA.%20%C3%81ngeles&query_place_id=ChIJrxaq4PZbRQ0RjDL2iFx0k2A,42.4283423,-2.6946718,,pendiente,no comprobado,,,11340,,,,,,,es,la-rioja,la-rioja,,,,,,
la-vaca-miel-huercanos,La Vaca Miel,Huércanos,Miel,,"Camino Viejo de Alesón, 1, 26314 Huércanos, La Rioja, España","La Vaca Miel gestiona desde Huércanos más de 150 colmenas en la zona de San Millán de la Cogolla y extrae en frío una miel cruda y natural, continuando cuatro generaciones apícolas.",lunes: Abierto 24 horas | martes: Abierto 24 horas | miércoles: Abierto 24 horas | jueves: Abierto 24 horas | viernes: Abierto 24 horas | sábado: Abierto 24 horas | domingo: Abierto 24 horas,+34619881159,,https://lavacamiel.com/,,https://www.instagram.com/lavacamiel/,https://www.google.com/maps/search/?api=1&query=La%20Vaca%20Miel&query_place_id=ChIJJ8BsIo7-12wRXGaOnxJh488,42.42695000000001,-2.69096,/productores/es/la-rioja/la-rioja/la-vaca-miel-huercanos.webp,,sí,ecommerce,,7904,es,,,,,,es,la-rioja,la-rioja,,,,,,
hidromiel-del-pueblo-igea,Hidromiel del Pueblo,Igea,Otros,Hidromiel,"Av. de La Rioja, 21, 26525 Igea, La Rioja, España","Hidromiel del Pueblo elabora en Igea hidromiel de tomillo y flores, de bosque con moras y bayas madurada en barrica y con lúpulos aromáticos, además de mieles de lavanda, bosque y tomillo-romero.",lunes: 10:00–18:00 | martes: 10:00–18:00 | miércoles: 10:00–18:00 | jueves: 10:00–18:00 | viernes: 10:00–18:00 | sábado: 10:00–14:00 | domingo: Cerrado,+34618854401,,https://www.hidromieldelpueblo.com/,,https://www.instagram.com/hidromieldelpueblo/,https://www.google.com/maps/search/?api=1&query=Hidromiel%20del%20Pueblo&query_place_id=ChIJBQRpDULvWg0R6sFdT_YKkL0,42.0676245,-2.0085275,/productores/es/la-rioja/la-rioja/hidromiel-del-pueblo-igea.webp,,sí,ecommerce,,6809,es,,,,,,es,la-rioja,la-rioja,,,,,,
miel-del-pueblo-igea,Miel del Pueblo,Igea,Miel,,"Av. de La Rioja, 21, 26525 Igea, La Rioja, España","Miel del Pueblo produce en Igea miel artesanal sin aditivos ni conservantes y la ofrece en variedades de bosque, tomillo-romero y lavanda.",lunes: 10:00–18:00 | martes: 10:00–18:00 | miércoles: 10:00–18:00 | jueves: 10:00–18:00 | viernes: 10:00–18:00 | sábado: Cerrado | domingo: Cerrado,+34618854401,,https://mieldelpueblo.com/,,,https://www.google.com/maps/search/?api=1&query=Miel%20del%20Pueblo&query_place_id=ChIJmTCo24zvWg0RBXUsKOP2r7E,42.0676245,-2.0085275,/productores/es/la-rioja/la-rioja/miel-del-pueblo-igea.webp,,sí,whatsapp,,8705,es,,,,,,es,la-rioja,la-rioja,,,,,,
miel-sierra-de-alcarama-c-b-igea,Miel Sierra de Alcarama C.B.,Igea,Miel,,"Av. de La Rioja, 24, 2 izquierda, 26525 Igea, La Rioja, España",,Consultar web o venta directa,+34669161576,,,,,https://www.google.com/maps/search/?api=1&query=Miel%20Sierra%20de%20Alcarama%20C.B.&query_place_id=ChIJk13xJvXvWg0Ro3eAhDH4f64,42.0671287,-2.0081051,,pendiente,no comprobado,,,8799,,,,,,,es,la-rioja,la-rioja,,,,,,
ganados-pizarro-laguna-de-cameros,Ganados Pizarro,Laguna de Cameros,Lácteos y quesos,"Leche de cabra, productos lácteos artesanales","Calle San Pedro, 2, 26135 Laguna de Cameros, La Rioja, España",Explotación familiar agropecuaria tradicional dedicada a la cría ganadera y producción láctea artesana en Laguna de Cameros.,Consultar venta directa,+34678035367,ganadospizarro@gmail.com,,,,,42.1755,-2.5415,,pendiente,no comprobado,,,6410,es,,,,,,es,la-rioja,la-rioja,,,,,,
hacienda-grimon-s-l-lagunilla-del-jubera,"Hacienda Grimón, S.L.",Lagunilla del Jubera,Vino,"Vino tinto, vino blanco, vino rosado","C. Gallera, nº6, 26131 Ventas Blancas, La Rioja, España","Paco Oliván fundó Hacienda Grimón en 1999 en Lagunilla del Jubera, donde la familia aplica su tradición agrícola y vitícola a vinos como Desvelo Garnacha.",lunes: 8:00–14:00 | martes: 8:00–14:00 | miércoles: 8:00–14:00 | jueves: 8:00–14:00 | viernes: 8:00–14:00 | sábado: Cerrado | domingo: Cerrado,+34941482184,info@haciendagrimon.com,http://haciendagrimon.es/,,https://www.instagram.com/haciendagrimon/,https://www.google.com/maps/search/?api=1&query=Hacienda%20Grim%C3%B3n%2C%20S.L.&query_place_id=ChIJb0TrcXWwWg0Rjmrx5gDViYc,42.34913540000001,-2.3030361,/productores/es/la-rioja/la-rioja/hacienda-grimon-s-l-lagunilla-del-jubera.webp,,no,,,6683,es,,,,,,es,la-rioja,la-rioja,,,,,,
tradicion-casera-lardero,Tradición Casera,Lardero,Lácteos y quesos,"Postres lácteos, yogures artesanales, flanes","Calle Monte La Pila, 5, 26140 Lardero, La Rioja, España",Elaboración y envasado de postres lácteos tradicionales con ingredientes seleccionados y recetas de sabor casero.,Consultar venta directa,+34941152297,,https://www.tradicioncasera.es/,,,https://www.google.com/maps/search/?api=1&query=Tradici%C3%B3n%20Casera%2C%20Calle%20Monte%20La%20Pila%2C%205%2C%2026140%20Lardero%2C%20La%20Rioja%2C%20Espa%C3%B1a&query_place_id=ChIJRaoDnN9TRQ0RHmp2VPtsvN4,42.4116,-2.4775,,,sí,email,,11912,es,,,,,,es,la-rioja,la-rioja,,,,,,
embutidos-ecologicos-luis-gil-las-ruedas-de-ocon,Embutidos Ecológicos Luis Gil,Las Ruedas de Ocón,Carne,Embutidos ecológicos,"Calle Diseminado la Rueda, 1, 26145 Las Ruedas de Ocón, La Rioja, España","Luis Gil elabora en Las Ruedas de Ocón carnes y embutidos ecológicos, desde jamón serrano Duroc hasta chorizo de sarta, y abre su explotación a ecovisitas.",lunes: 6:30–14:15 | martes: 6:30–14:15 | miércoles: 6:30–14:15 | jueves: 6:30–14:15 | viernes: 6:30–14:15 | sábado: Cerrado | domingo: Cerrado,+34941436431,,https://www.embutidosluisgil.com/,,https://www.instagram.com/embutidosecolg/,https://www.google.com/maps/search/?api=1&query=Embutidos%20Ecol%C3%B3gicos%20Luis%20Gil&query_place_id=ChIJJ5sOBxG8Wg0Rc91TEF4wYGI,42.306598,-2.211272,/productores/es/la-rioja/la-rioja/embutidos-ecologicos-luis-gil-las-ruedas-de-ocon.webp,,sí,ecommerce,,5427,es,,,,,,es,la-rioja,la-rioja,,,,,,
conservas-el-chato-leiva,Conservas El Chato,Leiva,Conservas,Conservas vegetales,"Carretera de santo domingo s, s/n, 26213 Leiva, La Rioja, España","Conservas El Chato cultiva sus propios pimientos en Leiva y elabora conservas artesanas de Pimiento Najerano, guindillón, alcachofa, tomate frito, fritadas y mermelada de ciruela claudia.","lunes: 9:00–13:00, 15:00–18:00 | martes: 9:00–13:00, 15:00–18:00 | miércoles: 9:00–13:00, 15:00–18:00 | jueves: 9:00–13:00, 15:00–18:00 | viernes: 9:00–13:00, 15:00–18:00 | sábado: 10:00–13:00 | domingo: Cerrado",+34625623401,,https://conservaschato.com/,,,https://www.google.com/maps/search/?api=1&query=Conservas%20El%20Chato&query_place_id=ChIJma16UyR-RQ0Rsh7iBfyfihU,42.5022901,-3.0376597,/productores/es/la-rioja/la-rioja/conservas-el-chato-leiva.webp,,sí,ecommerce,,4277,es,,,,,,es,la-rioja,la-rioja,,,,,,
gutierrez-ezquerra-jose-ramon-leza-de-rio-leza,"Gutiérrez Ezquerra, José Ramón",Leza de Río Leza,Vino,"Vino tinto, vino blanco, vino rosado","26132 Leza de Río Leza, La Rioja, España",,Consultar web o venta directa,+34649477265,r.g.ezkerra@hotmail.com,,,,https://www.google.com/maps/search/?api=1&query=Guti%C3%A9rrez%20Ezquerra%2C%20Jos%C3%A9%20Ram%C3%B3n&query_place_id=ChIJZVN5sbSzWg0Rj3TfaMTmHBk,42.3290236,-2.4057426,,pendiente,no comprobado,,,6671,,,,,,,es,la-rioja,la-rioja,,,,,,
agropecuaria-el-crucero-s-l-logrono,"Agropecuaria El Crucero, S.L.",Logroño,Vino,"Vino tinto, vino blanco, vino rosado","Av. de La Rioja, 16, 26001 Logroño, La Rioja, España",,lunes: 12:00–18:00 | martes: 10:00–18:00 | miércoles: 10:00–18:00 | jueves: 10:00–18:00 | viernes: 10:00–18:00 | sábado: 10:00–18:30 | domingo: 10:00–13:00,+34941222605,pilar@diezdelcorral.com,,,,https://www.google.com/maps/search/?api=1&query=Agropecuaria%20El%20Crucero%2C%20S.L.&query_place_id=ChIJ6YgeHEerWg0Rgc3LdjzCowk,42.4638484,-2.4471078,,pendiente,no comprobado,,,461,,,,,,,es,la-rioja,la-rioja,,,,,,
arizcuren-logrono,Arizcuren,Logroño,Vino,"Vino tinto, vino blanco, vino rosado","C. Sta. Isabel, 10, 26002 Logroño, La Rioja, España","Arizcuren trabaja en Logroño con viñedos familiares de Mazuelo, Viura y Garnacha cultivados de forma ecológica y recupera variedades como Calagraño, Tinta Velasco y Miguel de Arco.",lunes: 12:00–18:00 | martes: 10:00–18:00 | miércoles: 10:00–18:00 | jueves: 10:00–18:00 | viernes: 10:00–18:00 | sábado: 10:00–18:30 | domingo: 10:00–13:00,+34696880937,enoturismo@arizcurenvinos.com,https://arizcurenvinos.com/,,https://www.instagram.com/arizcurenbodega/,https://www.google.com/maps/search/?api=1&query=Arizcuren&query_place_id=ChIJAQCET0SrWg0R0jmXnp8UxNU,42.4594258,-2.4474409,/productores/es/la-rioja/la-rioja/arizcuren-logrono.webp,,no,,,913,es,,,,,,es,la-rioja,la-rioja,,,,,,
bodegas-campo-viejo-logrono,Bodegas Campo Viejo,Logroño,Vino,"Vino tinto, vino blanco, vino rosado","Cam. de Lapuebla de Labarca, 50, 26007 Logroño, La Rioja, España","Campo Viejo produce en Logroño en una bodega construida en 2001 que integra enología, arquitectura y criterios de sostenibilidad.",lunes: 10:00–16:00 | martes: 10:00–16:00 | miércoles: 10:00–16:00 | jueves: 10:00–16:00 | viernes: 10:00–16:00 | sábado: 10:00–16:00 | domingo: 10:00–16:00,+34941279900,visitas.campoviejo@vinarchy.es,https://visits.campoviejo.com/,https://www.facebook.com/CampoViejoRioja/,https://www.instagram.com/campoviejo/,https://www.google.com/maps/search/?api=1&query=Bodegas%20Campo%20Viejo&query_place_id=ChIJV3DY-ONURQ0RnvdW3OQe5-Q,42.479479,-2.4845652,/productores/es/la-rioja/la-rioja/bodegas-campo-viejo-logrono.webp,,no,,,1866,es,,,,,,es,la-rioja,la-rioja,,,,,,
bodegas-cerrolaza-logrono,Bodegas Cerrolaza,Logroño,Vino,"Vino tinto, vino blanco, vino rosado","Avda Burgos, margen derecho, 26007 Logroño, La Rioja, España","Cerrolaza elabora en Logroño vinos de viñedo propio como ADM, Aticus y Los Seis del Laboratorio, continuando una tradición familiar iniciada en una pequeña bodega de Hornos de Moncalvillo.",lunes: 8:00–14:00 | martes: 8:00–14:00 | miércoles: 8:00–14:00 | jueves: 8:00–14:00 | viernes: 8:00–14:00 | sábado: Cerrado | domingo: Cerrado,+34941286728,marketing@bodegascerrolaza.com,http://www.bodegascerrolaza.com,,https://www.instagram.com/BodegasCerrolaza/,https://www.google.com/maps/search/?api=1&query=Bodegas%20Cerrolaza&query_place_id=ChIJi_cuNOpWRQ0RT8EhsqrnU-0,42.4542244,-2.5095232,/productores/es/la-rioja/la-rioja/bodegas-cerrolaza-logrono.webp,,no,,,1909,es,,,,,,es,la-rioja,la-rioja,,,,,,
bodegas-franco-espanolas-logrono,Bodegas Franco Españolas,Logroño,Vino,"Vino tinto, vino blanco, vino rosado","C. Cabo Noval, 2, 26009 Logroño, La Rioja, España","Franco-Españolas elabora en Logroño desde 1890 las gamas Bordón y Diamante, este último presentado como el blanco pionero de Rioja, además de ediciones limitadas.",lunes: 10:00–19:30 | martes: 10:00–19:30 | miércoles: 10:00–19:30 | jueves: 10:00–19:30 | viernes: 10:00–21:00 | sábado: 10:00–22:00 | domingo: 10:00–15:00,+34941251300,marketing@francoespanolas.com,http://www.francoespanolas.com,https://www.facebook.com/francoespanolas,https://www.instagram.com/riojabordon/,https://www.google.com/maps/search/?api=1&query=Bodegas%20Franco%20Espa%C3%B1olas&query_place_id=ChIJGd5EwjurWg0RNzPw-ZIefGM,42.4721033,-2.4471302,/productores/es/la-rioja/la-rioja/bodegas-franco-espanolas-logrono.webp,,no,,,2019,es,,,,,,es,la-rioja,la-rioja,,,,,,
bodegas-olarra-logrono,Bodegas Olarra,Logroño,Vino,"Vino tinto, vino blanco, vino rosado","Av. de Mendavia, 30, 26009 Logroño, La Rioja, España","Bodegas Olarra elabora en Logroño las marcas Añares, Cerro Añón, Olarra y El Rayo, dentro de un grupo que integra también Ondarre y Casa del Valle.",lunes: 8:00–16:00 | martes: 8:00–16:00 | miércoles: 8:00–16:00 | jueves: 8:00–16:00 | viernes: 8:00–15:00 | sábado: 10:30–14:30 | domingo: Cerrado,+34941235299,exportacion@bodegasolarra.es,http://www.grupobodegasolarra.com,https://www.facebook.com/bodegasolarra,https://www.instagram.com/bodegas_olarra/,https://www.google.com/maps/search/?api=1&query=Bodegas%20Olarra&query_place_id=ChIJ9Z5Dw2yrWg0RHGWxGPI3E38,42.4732147,-2.4067548,/productores/es/la-rioja/la-rioja/bodegas-olarra-logrono.webp,,sí,ecommerce,,2253,es,,,,,,es,la-rioja,la-rioja,,,,,,
bodegas-ontanon-el-templo-del-vino-logrono,"BODEGAS ONTAÑÓN, EL TEMPLO DEL VINO",Logroño,Vino,"Vino tinto, vino blanco, vino rosado","Av. Aragón, 3, 26006 Logroño, La Rioja, España","Ontañón organiza sus vinos de Logroño en las colecciones Clásicos, Insólitos y Versos Sueltos, combinando memoria familiar, variedades riojanas y reinterpretaciones de la tradición.",lunes: 9:00–15:00 | martes: 9:00–15:00 | miércoles: 9:00–15:00 | jueves: 9:00–17:00 | viernes: 9:00–15:00 | sábado: 10:30–15:00 | domingo: Cerrado,+34690858519,ontanon@ontanon.es,http://www.ontanon.es/,https://www.facebook.com/bodegasontanon,https://www.instagram.com/bodegasontanon/,https://www.google.com/maps/search/?api=1&query=BODEGAS%20ONTA%C3%91%C3%93N%2C%20EL%20TEMPLO%20DEL%20VINO&query_place_id=ChIJM0RBG5GrWg0RZ5Wl0rI-hZg,42.4599698,-2.4088652,/productores/es/la-rioja/la-rioja/bodegas-ontanon-el-templo-del-vino-logrono.webp,,no,,,2259,es,,,,,,es,la-rioja,la-rioja,,,,,,
bodegas-valoria-logrono,Bodegas Valoria,Logroño,Vino,"Vino tinto, vino blanco, vino rosado","Calle Ctra. de Burgos, Km.5, 26006 Logroño, La Rioja, España","Bodegas Valoria elabora en Logroño vinos de Rioja desde 1860 y conserva una colección de añadas antiguas, combinando ese perfil clásico con una línea de elaboración y diseño más vanguardista.",lunes: 8:00–14:00 | martes: 8:00–14:00 | miércoles: 8:00–14:00 | jueves: 8:00–14:00 | viernes: 8:00–14:00 | sábado: Cerrado | domingo: Cerrado,+34671228446,jose.iraizoz@bvaloria.com,https://bvaloria.com/?lang=es,https://www.facebook.com/BodegasValoria/,https://www.instagram.com/bodegasvaloria/,https://www.google.com/maps/search/?api=1&query=Bodegas%20Valoria&query_place_id=ChIJs7ajoHxURQ0R1bmDOBmWwUI,42.4539301,-2.505549,,,sí,ecommerce,,2445,es,,,,,,es,la-rioja,la-rioja,,,,,,
bodegas-vina-ijalba-logrono,Bodegas Viña Ijalba,Logroño,Vino,"Vino tinto, vino blanco, vino rosado","Carretera Pamplona, km 1, 26006 Logroño, La Rioja, España","Viña Ijalba elabora en Logroño vinos ecológicos desde 1994 a partir de casi 90 hectáreas de viñedo propio y recupera variedades minoritarias como Maturana Blanca, Maturana Tinta, Graciano y Tempranillo Blanco.","lunes: 9:00–14:00, 15:00–18:30 | martes: 9:00–14:00, 15:00–18:30 | miércoles: 9:00–14:00, 15:00–18:30 | jueves: 9:00–14:00, 15:00–18:30 | viernes: 9:00–14:00, 15:00–18:30 | sábado: 10:00–14:00, 15:00–18:30 | domingo: Cerrado",+34676336764,cristinagutierrez@ijalba.com,https://ijalba.com/,,https://www.instagram.com/vinaijalba/,https://www.google.com/maps/search/?api=1&query=Bodegas%20Vi%C3%B1a%20Ijalba&query_place_id=ChIJR7ha8r5URQ0RbCKs5uPDkcE,42.4784075,-2.4427148,/productores/es/la-rioja/la-rioja/bodegas-vina-ijalba-logrono.webp,,sí,ecommerce,,2473,es,,,,,,es,la-rioja,la-rioja,,,,,,
bodegas-y-vinedos-del-marques-de-vargas-logrono,Bodegas y Viñedos del Marqués de Vargas,Logroño,Vino,"Vino tinto, vino blanco, vino rosado","Carr. Zaragoza, km. 6, 26006 Logroño, La Rioja, España",Marqués de Vargas elabora en Logroño vinos de Rioja dentro de un grupo familiar que trabaja también en Ribera del Duero con Conde de San Cristóbal y en Rías Baixas con Pazo de San Mauro.,lunes: 9:00–17:00 | martes: 9:00–17:00 | miércoles: 9:00–17:00 | jueves: 9:00–17:00 | viernes: 9:00–17:00 | sábado: Cerrado | domingo: Cerrado,+34941261401,anavaridas@marquesdevargas.com,http://www.marquesdevargas.com,,https://www.instagram.com/MarquesdeVargas/,https://www.google.com/maps/search/?api=1&query=Bodegas%20y%20Vi%C3%B1edos%20del%20Marqu%C3%A9s%20de%20Vargas&query_place_id=ChIJ9VWK2OSrWg0RHZHQ6VrUqR0,42.454247,-2.372339,/productores/es/la-rioja/la-rioja/bodegas-y-vinedos-del-marques-de-vargas-logrono.webp,,sí,ecommerce,,2511,es,,,,,,es,la-rioja,la-rioja,,,,,,
carmelo-medrano-s-c-bodegas-logrono,"Carmelo Medrano, S.C., Bodegas",Logroño,Vino,"Vino tinto, vino blanco, vino rosado","C. Sta. Isabel, 10, 26002 Logroño, La Rioja, España",,lunes: 12:00–18:00 | martes: 10:00–18:00 | miércoles: 10:00–18:00 | jueves: 10:00–18:00 | viernes: 10:00–18:00 | sábado: 10:00–18:30 | domingo: 10:00–13:00,+34941248624,ainhoa.medrano@gmail.com,,,,https://www.google.com/maps/search/?api=1&query=Carmelo%20Medrano%2C%20S.C.%2C%20Bodegas&query_place_id=ChIJAQCET0SrWg0R0jmXnp8UxNU,42.4594258,-2.4474409,,pendiente,no comprobado,,,3121,,,,,,,es,la-rioja,la-rioja,,,,,,
hoplita-historic-vineyards-logrono,HOPLITA HISTORIC VINEYARDS,Logroño,Vino,"Vino tinto, vino blanco, vino rosado","C. Herrerías, 21, 26001 Logroño, La Rioja, España","Hoplita recupera y protege desde Logroño parcelas singulares con cepas de más de cien años y elabora vinos como Areniscas de San Juan 1925, Laderas de San Quílez y Finca Los Cerezos.","lunes: Cerrado | martes: Cerrado | miércoles: 18:00–20:00 | jueves: 18:00–20:00 | viernes: 17:00–21:00 | sábado: 12:00–14:00, 17:00–21:30 | domingo: 12:30–14:00",+34609922024,jgomez@hoplitawines.com,https://hoplitawines.com/,,https://www.instagram.com/hoplitawines/,https://www.google.com/maps/search/?api=1&query=HOPLITA%20HISTORIC%20VINEYARDS&query_place_id=ChIJwSnK7-irWg0R7EiZhFEQcyw,42.4675722,-2.4440719,/productores/es/la-rioja/la-rioja/hoplita-historic-vineyards-logrono.webp,,sí,ecommerce,,6848,es,,,,,,es,la-rioja,la-rioja,,,,,,
macrobert-canals-s-l-logrono,"MACROBERT & CANALS, S.L.",Logroño,Vino,"Vino tinto, vino blanco, vino rosado","C. Soto Galo, 12, 26009 Logroño, La Rioja, España","MacRobert & Canals es una pequeña bodega familiar de Logroño que une a un enólogo sudafricano con una familia riojana para elaborar vinos artesanos que reflejen distintos suelos, viñas y climas.",Consultar web o venta directa,+34639214250,bryan@laventurawines.com,https://www.macrobertandcanals.com/,,,https://www.google.com/maps/search/?api=1&query=MACROBERT%20%26%20CANALS%2C%20S.L.&query_place_id=ChIJk07jl72rWg0RkiyrvgMbVXw,42.46881459999999,-2.4063036,/productores/es/la-rioja/la-rioja/macrobert-canals-s-l-logrono.webp,,no,,,8268,es,,,,,,es,la-rioja,la-rioja,,,,,,
marques-de-murrieta-logrono,MARQUES DE MURRIETA,Logroño,Vino,"Vino tinto, vino blanco, vino rosado","N-232a Km 402, 26006 Logroño, La Rioja, España",Marqués de Murrieta elabora en Logroño vinos DOCa Rioja y mantiene entre sus referencias actuales Marqués de Murrieta 2022 y Gran Reserva 2016.,lunes: 10:00–17:30 | martes: 10:00–17:30 | miércoles: 10:00–17:30 | jueves: 10:00–17:30 | viernes: 10:00–17:30 | sábado: 10:00–17:30 | domingo: Cerrado,+34941271380,reservas@marquesdemurrieta.com,http://www.marquesdemurrieta.com/,https://www.facebook.com/marquesmurrieta/,https://www.instagram.com/marquesdemurrieta/,https://www.google.com/maps/search/?api=1&query=MARQUES%20DE%20MURRIETA&query_place_id=ChIJ1SCsZPyrWg0RcNH_LRe1gvE,42.4579426,-2.381978,/productores/es/la-rioja/la-rioja/marques-de-murrieta-logrono.webp,,sí,ecommerce,,8389,es,,,,,,es,la-rioja,la-rioja,,,,,,
olivier-riviere-vinos-sl-logrono,OLIVIER RIVIERE VINOS SL,Logroño,Vino,"Vino tinto, vino blanco, vino rosado","Calle Bretón de los Herreros, 14, 26001 Logroño, La Rioja, España",,lunes: 8:30–16:00 | martes: 8:30–16:00 | miércoles: 8:30–16:00 | jueves: 8:30–16:00 | viernes: 8:30–15:00 | sábado: Cerrado | domingo: Cerrado,+34690733541,olivier@olivier-riviere.com,,,,https://www.google.com/maps/search/?api=1&query=OLIVIER%20RIVIERE%20VINOS%20SL&query_place_id=ChIJaw-_d0erWg0RCm-1eC_z7qM,42.465339,-2.4479694,,pendiente,no comprobado,,,9292,,,,,,,es,la-rioja,la-rioja,,,,,,
vinas-de-cihuri-s-c-logrono,"VIÑAS DE CIHURI, S.C.",Logroño,Vino,"Vino tinto, vino blanco, vino rosado","Av. de Juan Carlos I, 40, 26140 Lardero, La Rioja, España",,lunes: 12:00–18:00 | martes: 10:00–18:00 | miércoles: 10:00–18:00 | jueves: 10:00–18:00 | viernes: 10:00–18:00 | sábado: 10:00–18:30 | domingo: 10:00–13:00,+34607084147,ivan.ausejo@eniac.es,,,,https://www.google.com/maps/search/?api=1&query=VI%C3%91AS%20DE%20CIHURI%2C%20S.C.&query_place_id=ChIJdQwlFrKsWg0RXxGyrF-4nxY,42.4351877,-2.4561894,,pendiente,no comprobado,,,12204,,,,,,,es,la-rioja,la-rioja,,,,,,
embutidos-y-jamones-gloria-logrono,Embutidos y Jamones Gloria,Logroño,Carne,"Embutidos, jamones","Av. de la Paz, 48, 26004 Logroño, La Rioja, España","Embutidos Gloria prepara en Logroño chorizo, salchichón, lomo, cabezada y panceta caseros, además de jamones Duroc y loncheados artesanales.",Consultar web o venta directa,+34941251055,,https://embutidosgloria.com/,,https://www.instagram.com/embutidosgloria/,https://www.google.com/maps/search/?api=1&query=Embutidos%20y%20Jamones%20Gloria&query_place_id=ChIJp4uCa2urWg0Rp6Yq_so9pWo,42.4647489,-2.436872,/productores/es/la-rioja/la-rioja/embutidos-y-jamones-gloria-logrono.webp,,sí,whatsapp,,5557,es,,,,,,es,la-rioja,la-rioja,,,,,,
dulces-el-avion-logrono,Dulces El Avión,Logroño,Dulces y repostería,"Caramelos, mazapanes","C. Planillo, 1, 26006 Logroño, La Rioja, España","Dulces El Avión lleva casi un siglo elaborando en Logroño caramelos balsámicos y de fruta, mazapanes, toffees y frutas bañadas, con referencias clásicas como Sintox y gamas sin azúcar.",lunes: 8:00–15:00 | martes: 8:00–15:00 | miércoles: 8:00–15:00 | jueves: 8:00–15:00 | viernes: 8:00–15:00 | sábado: Cerrado | domingo: Cerrado,+34941271247,,https://www.elavion.es/,,https://www.instagram.com/dulceselavion/,https://www.google.com/maps/search/?api=1&query=Dulces%20El%20Avi%C3%B3n&query_place_id=ChIJIaVdxIWrWg0R_o4U1ywwQ1s,42.4533495,-2.4166648,/productores/es/la-rioja/la-rioja/dulces-el-avion-logrono.webp,,sí,ecommerce,,4984,es,,,,,,es,la-rioja,la-rioja,,,,,,
papin-gastronomia-dulce-logrono,Papín - Gastronomía Dulce,Logroño,Dulces y repostería,Pastelería artesana,"Tr.ª San Juan, 2, 26001 Logroño, La Rioja, España","Papín cuenta en la calle San Juan de Logroño con obrador propio, donde prepara cada día tartas por encargo, pastas y dulces de autor, acompañados de café de especialidad.",lunes: Cerrado | martes: Cerrado | miércoles: 10:00–20:00 | jueves: 10:00–20:00 | viernes: 10:00–23:30 | sábado: 10:00–23:30 | domingo: 10:00–17:00,+34941484235,,http://www.papin.es/,,https://www.instagram.com/papin.dulce/,https://www.google.com/maps/search/?api=1&query=Pap%C3%ADn%20-%20Gastronom%C3%ADa%20Dulce&query_place_id=ChIJCUFNOFqrWg0Rdr-VPBBQN34,42.4660033,-2.4452962,/productores/es/la-rioja/la-rioja/papin-gastronomia-dulce-logrono.webp,,sí,ecommerce,,9724,es,,,,,,es,la-rioja,la-rioja,,,,,,
heladeria-delizia-logrono,Heladería Delizia,Logroño,Helados,"Helado artesanal italiano, gofres, crepes","Calle Portales, 40, 26001 Logroño, La Rioja, España","Heladería artesanal italiana en el centro histórico de Logroño con obrador propio, ofreciendo helados naturales sin gluten y opciones veganas.",Consultar horario de temporada,+34941038427,,https://heladeriadelizia.com,,https://www.instagram.com/heladeriadelizia/,https://www.google.com/maps/search/?api=1&query=Helader%C3%ADa%20Delizia%2C%20Calle%20Portales%2C%2040%2C%2026001%20Logro%C3%B1o%2C%20La%20Rioja%2C%20Espa%C3%B1a&query_place_id=ChIJ3WCIfTirWg0R2oV59cacJvw,42.4663,-2.4489,,,no,,,6717,es,,,,,,es,la-rioja,la-rioja,,,,,,
heladeria-della-sera-logrono,Heladería Della Sera,Logroño,Helados,"Helados artesanales de obrador, sorbetes de temporada","Calle Portales, 28, 26001 Logroño, La Rioja, España","Prestigioso obrador artesanal liderado por Fernando Sáenz y Angelines González, famoso por sus helados gastronómicos vinculados al territorio riojano.",Consultar horario de temporada,+34941222111,info@obradorgrate.com,http://www.obradorgrate.com,,https://www.instagram.com/dellasera/,https://www.google.com/maps/search/?api=1&query=Helader%C3%ADa%20Della%20Sera%2C%20Calle%20Portales%2C%2028%2C%2026001%20Logro%C3%B1o%2C%20La%20Rioja%2C%20Espa%C3%B1a&query_place_id=ChIJQb26mzirWg0RCeJh2mQf4ko,42.4664626,-2.4469311,/productores/es/la-rioja/la-rioja/heladeria-della-sera-logrono.webp,,no,,,6718,es,,,,,,es,la-rioja,la-rioja,,,,,,
heladeria-la-veneciana-logrono,Heladería La Veneciana,Logroño,Helados,"Helado artesanal, copas de helado","Avenida Gran Vía Rey Juan Carlos I, 24, 26002 Logroño, La Rioja, España",Tradicional heladería familiar en Logroño que ofrece una amplia gama de helados artesanales elaborados siguiendo la receta tradicional italiana.,Consultar horario de temporada,+34941225052,,,,,https://www.google.com/maps/search/?api=1&query=Helader%C3%ADa%20La%20Veneciana%2C%20Avenida%20Gran%20V%C3%ADa%20Rey%20Juan%20Carlos%20I%2C%2024%2C%2026002%20Logro%C3%B1o%2C%20La%20Rioja%2C%20Espa%C3%B1a&query_place_id=ChIJuS2glUerWg0ROek5CzlKUvM,42.4656,-2.4457,,pendiente,no comprobado,,,6726,es,,,,,,es,la-rioja,la-rioja,,,,,,
lelio-gelato-logrono,Lelio Gelato,Logroño,Helados,"Gelato artesanal, sorbetes de frutas","Plaza de Las Gaunas, 3, 26007 Logroño, La Rioja, España",Moderna heladería artesanal en Logroño centrada en la producción diaria de gelato italiano elaborado con ingredientes naturales y de proximidad.,Consultar horario de temporada,,info@lelio.es,https://lelio.es,,https://www.instagram.com/leliogelato/,https://www.google.com/maps/search/?api=1&query=Lelio%20Gelato%2C%20Plaza%20de%20Las%20Gaunas%2C%203%2C%2026007%20Logro%C3%B1o%2C%20La%20Rioja%2C%20Espa%C3%B1a&query_place_id=ChIJmxTcfsWrWg0RcYkmyDoEvoI,42.4552,-2.4496,/productores/es/la-rioja/la-rioja/lelio-gelato-logrono.webp,,no comprobado,,,8108,es,,,,,,es,la-rioja,la-rioja,,,,,,
granja-las-nieves-logrono,Granja Las Nieves,Logroño,Lácteos y quesos,"Leche pasteurizada, leche fresca envasada","Carretera Navarra, 68, 26009 Logroño, La Rioja, España","Histórica explotación ganadera y distribuidora láctea en Logroño, envasando y comercializando su propia leche fresca desde 1982.",Consultar venta directa,+34941253499,,,https://www.facebook.com/p/Granja-Las-Nieves-100057381583015/,https://www.instagram.com/lechelasnieves/,https://www.google.com/maps/search/?api=1&query=Granja%20Las%20Nieves%2C%20Carretera%20Navarra%2C%2068%2C%2026009%20Logro%C3%B1o%2C%20La%20Rioja%2C%20Espa%C3%B1a&query_place_id=ChIJ31XGNCOrWg0RAdK82WEcAoc,42.4809119,-2.4392347,,,no,,,6569,es,,,,,,es,la-rioja,la-rioja,,,,,,
cumpanis-panaderia-ecologica-logrono,CUMPANIS Panadería Ecológica,Logroño,Pan y cereal,Pan ecológico,"C. Barriocepo, 41, Local, 26001 Logroño, La Rioja, España","CUMPANIS muele su propia harina integral en piedra y elabora panes, pastelería y cocina ecológicos en su obrador de Logroño.",lunes: 17:00–21:00 | martes: 17:00–21:00 | miércoles: 17:00–21:00 | jueves: 17:00–21:00 | viernes: 17:00–21:00 | sábado: 10:00–14:00 | domingo: Cerrado,+34941206384,,,,,https://www.google.com/maps/search/?api=1&query=CUMPANIS%20Panader%C3%ADa%20Ecol%C3%B3gica&query_place_id=ChIJD_4WajirWg0RwsKH_mEqgMc,42.4671805,-2.4490044,,pendiente,no comprobado,,,4713,es,,,,,,es,la-rioja,la-rioja,,,,,,
panaderia-veritas-panis-logrono,Panadería Veritas Panis,Logroño,Pan y cereal,Pan artesano,"C. Trinidad, 1, 26005 Logroño, La Rioja, España","Veritas Panis hornea en Logroño panes artesanos de masa madre, integrales y ecológicos, con variedades semanales de espelta, trigo sarraceno, centeno o maíz morado, además de bollería y repostería.",lunes: 8:00–15:00 | martes: 8:00–15:00 | miércoles: 8:00–15:00 | jueves: 8:00–15:00 | viernes: 8:00–15:00 | sábado: 8:00–15:00 | domingo: Cerrado,+34941033489,,https://veritaspanis.es/,,https://www.instagram.com/veritaspanis/,https://www.google.com/maps/search/?api=1&query=Panader%C3%ADa%20Veritas%20Panis&query_place_id=ChIJxwYh8MpURQ0Rzuv-h6eUQZQ,42.4664829,-2.4539637,/productores/es/la-rioja/la-rioja/panaderia-veritas-panis-logrono.webp,,no,,,9672,es,,,,,,es,la-rioja,la-rioja,,,,,,
pasteleria-damasco-logrono,Pastelería Damasco,Logroño,Pan y cereal,Pastelería artesana,"C. la Cigüeña, 59, 26004 Logroño, La Rioja, España",,Consultar web o venta directa,+34622407031,,https://pasteleriadamasco.es/,,,https://www.google.com/maps/search/?api=1&query=Pasteler%C3%ADa%20Damasco&query_place_id=ChIJT5V_pXWrWg0Rh7Lw7ZwaBb8,42.464472,-2.4289704,,pendiente,no comprobado,,,9788,,,,,,,es,la-rioja,la-rioja,,,,,,
bodega-san-esteban-murillo-de-rio-leza,Bodega San Esteban,Murillo de Río Leza,Vino,"Vino tinto, vino blanco, vino rosado","Carretera Agoncillo, S/N, 26143 Murillo de Río Leza, La Rioja, España",Bodegas San Esteban nació en Murillo de Río Leza en 1953 como la primera cooperativa vinícola de La Rioja; sus viñedos a tres alturas nutren las gamas Tierras de Murillo y Oñal.,lunes: 8:00–15:00 | martes: 8:00–15:00 | miércoles: 8:00–15:00 | jueves: 8:00–15:00 | viernes: 8:00–15:00 | sábado: 9:00–13:00 | domingo: Cerrado,+34941432031,export@bodegassanesteban.com,https://www.bodegassanesteban.com/,,,https://www.google.com/maps/search/?api=1&query=Bodega%20San%20Esteban&query_place_id=ChIJHcZ5qrGoWg0R-ctpHokZz30,42.4034741,-2.3224579,/productores/es/la-rioja/la-rioja/bodega-san-esteban-murillo-de-rio-leza.webp,,sí,ecommerce,,1629,es,,,,,,es,la-rioja,la-rioja,,,,,,
bodegas-paco-garcia-murillo-de-rio-leza,BODEGAS PACO GARCIA,Murillo de Río Leza,Vino,"Vino tinto, vino blanco, vino rosado","Ctra. Ventas Blancas, s/n, 26143 Murillo de Río Leza, La Rioja, España","Paco García elabora en Murillo de Río Leza vinos DOCa Rioja de zona, municipio y viñedo singular, y abre la bodega a visitas, catas y gastronomía.","lunes: 8:30–14:00, 15:00–18:00 | martes: 8:30–14:00, 15:00–18:00 | miércoles: 8:30–14:00, 15:00–18:00 | jueves: 8:30–14:00, 15:00–18:00 | viernes: 8:30–14:30 | sábado: 10:00–13:00 | domingo: Cerrado",+34941432372,hola@bodegaspacogarcia.com,http://www.bodegaspacogarcia.com/,https://www.facebook.com/bodegaspaco.garcia,https://www.instagram.com/bodegaspacogarcia/,https://www.google.com/maps/search/?api=1&query=BODEGAS%20PACO%20GARCIA&query_place_id=ChIJ9W2L372vWg0RxMoQf9mMCKo,42.394986,-2.32344,/productores/es/la-rioja/la-rioja/bodegas-paco-garcia-murillo-de-rio-leza.webp,,sí,ecommerce,,2265,es,,,,,,es,la-rioja,la-rioja,,,,,,
riojana-de-frutos-secos-murillo-de-rio-leza,Riojana de Frutos Secos,Murillo de Río Leza,Frutos secos,,"26143 Murillo de Río Leza, La Rioja, España",,lunes: 9:00–14:00 | martes: 9:00–14:00 | miércoles: 9:00–14:00 | jueves: 9:00–14:00 | viernes: 9:00–14:00 | sábado: Cerrado | domingo: Cerrado,+34941432576,,,,,https://www.google.com/maps/search/?api=1&query=Riojana%20de%20Frutos%20Secos&query_place_id=ChIJ76b7Zp2vWg0REOtW5WCD4-0,42.4092723,-2.3140707,,pendiente,no comprobado,,,11122,,,,,,,es,la-rioja,la-rioja,,,,,,
abejalia-murillo-de-rio-leza,Abejalia,Murillo de Río Leza,Miel,,"Ctra Ventas Blancas, Km 2, 26143 Murillo de Río Leza, La Rioja, España",,lunes: 9:00–15:30 | martes: 9:00–15:30 | miércoles: 9:00–15:30 | jueves: 9:00–15:30 | viernes: 9:00–15:30 | sábado: 9:00–13:00 | domingo: Cerrado,+34600600374,,,,,https://www.google.com/maps/search/?api=1&query=Abejalia&query_place_id=ChIJ8X7JfL-vWg0R4h7Gzmet--o,42.3825587,-2.3168227,,pendiente,no comprobado,,,62,,,,,,,es,la-rioja,la-rioja,,,,,,
bodegas-gregorio-martinez-s-l-nalda,"Bodegas Gregorio Martínez, S.L.",Nalda,Vino,"Finca Gregorio Martínez Crianza, Finca Blanco, Finca Rosado y Selección Mónica Martínez","Polígono 1, parcela 12, 26190 Nalda, La Rioja, España","Bodega familiar de Nalda con viñedos propios que elabora vinos de finca y ofrece visitas, catas y envíos nacionales.",lunes: 8:00–17:00 | martes: 8:00–17:00 | miércoles: 8:00–17:00 | jueves: 8:00–17:00 | viernes: 8:00–17:00 | sábado: Cerrado | domingo: Cerrado,+34941226263,bodegas@gregoriomartinez.com,https://www.bodegasgregoriomartinez.com/,,,https://www.google.com/maps/search/?api=1&query=Bodegas%20Gregorio%20Mart%C3%ADnez%2C%20S.L.&query_place_id=ChIJjcW9BZlNRQ0R5_89nhMutRo,42.3499431,-2.5070811,/productores/es/la-rioja/la-rioja/bodegas-gregorio-martinez-s-l-nalda.webp,,sí,email|telefono,,2047,es,,,,,,es,la-rioja,la-rioja,,,,,,
bodegas-nivarius-nalda,Bodegas Nivarius,Nalda,Vino,"Vino tinto, vino blanco, vino rosado","Carretera Nalda a Viguera, 46, 26190 Nalda, La Rioja, España","Nivarius centra en Nalda su proyecto de blancos riojanos de altitud y guarda, recuperando Maturana Blanca y trabajando también Viura, Garnacha Blanca y Tempranillo Blanco.",lunes: 7:00–15:00 | martes: 7:00–15:00 | miércoles: 7:00–15:00 | jueves: 7:00–15:00 | viernes: 7:00–15:00 | sábado: Cerrado | domingo: Cerrado,+34941447207,esther@palaciosvinosdefinca.com,http://www.palaciosvinosdefinca.com,https://www.facebook.com/palaciosvdefinca,https://www.instagram.com/palaciosvinosdefinca/,https://www.google.com/maps/search/?api=1&query=Bodegas%20Nivarius&query_place_id=ChIJ-Tz9GapNRQ0RJw9EWsGHLqQ,42.3303072,-2.5005203,/productores/es/la-rioja/la-rioja/bodegas-nivarius-nalda.webp,,no,,,2243,es,,,,,,es,la-rioja,la-rioja,,,,,,
bodegas-proelio-s-l-nalda,"Bodegas Proelio, S.L.",Nalda,Vino,"Vino tinto, vino blanco, vino rosado","Carretera Nalda a Viguera, 46, 26190 Nalda, La Rioja, España","Proelio elabora en Nalda vinos de parcelas viejas y de altitud, con Garnacha, Tempranillo y Graciano, para expresar distintos territorios de Rioja con mínima intervención.",lunes: 7:00–15:00 | martes: 7:00–15:00 | miércoles: 7:00–15:00 | jueves: 7:00–15:00 | viernes: 7:00–15:00 | sábado: Cerrado | domingo: Cerrado,+34941802943,visitas@palaciosvinosdefinca.com,http://www.palaciosvinosdefinca.com,,https://www.instagram.com/palaciosvinosdefinca/,https://www.google.com/maps/search/?api=1&query=Bodegas%20Proelio%2C%20S.L.&query_place_id=ChIJudGWwktMRQ0RN2duu1u4PTU,42.3289755,-2.5020417,/productores/es/la-rioja/la-rioja/bodegas-proelio-s-l-nalda.webp,,no,,,2306,es,,,,,,es,la-rioja,la-rioja,,,,,,
grupo-alejandro-miguel-nalda,Grupo Alejandro Miguel,Nalda,Carne,Chorizo Riojano,"Ctra. Albelda, 1, 26190 Nalda, La Rioja, España","GAM Family trabaja desde Nalda con una trayectoria iniciada en 1929 y controla el ciclo alimentario completo, desde sus granjas hasta la elaboración, con especialización cárnica y seis marcas propias.",lunes: 9:00–18:00 | martes: 9:00–18:00 | miércoles: 9:00–18:00 | jueves: 9:00–18:00 | viernes: 9:00–18:00 | sábado: 9:00–18:00 | domingo: 9:00–18:00,+34941287165,,https://gamfamily.es/,,,https://www.google.com/maps/search/?api=1&query=Grupo%20Alejandro%20Miguel&query_place_id=ChIJoeKg3hBNRQ0R4sRSYNkimDs,42.339586,-2.4859693,/productores/es/la-rioja/la-rioja/grupo-alejandro-miguel-nalda.webp,,no,,,6640,es,,,,,,es,la-rioja,la-rioja,,,,,,
cerveza-ceriux-nalda,Cerveza Ceriux,Nalda,Cerveza,Cerveza artesana,"Ctra. de Nalda a Viguera, 46, 26190 Nalda, La Rioja, España","Cerveza Ceriux fabrica cerveza artesana en Nalda, en la carretera de Nalda a Viguera, y dispone de tienda online.",Consultar web o venta directa,+34941447207,,,,,https://www.google.com/maps/search/?api=1&query=Cerveza%20Ceriux&query_place_id=ChIJg7tLC6pNRQ0RQi-Bzib6YGk,42.331019,-2.500237,,pendiente,no comprobado,,,3864,es,,,,,,es,la-rioja,la-rioja,,,,,,
la-huerta-de-rizos-nalda,La huerta de Rizos,Nalda,Fruta y verdura,Huerta ecológica,"42.352918, -2.493421, 26190 Nalda, La Rioja, España","La Huerta de Rizos cultiva en Nalda verdura ecológica para venta directa y a domicilio, y comparte su manejo mediante visitas, talleres y consultoría de horticultura ecológica.",lunes: 9:30–20:30 | martes: 9:30–20:30 | miércoles: 9:30–20:30 | jueves: 9:30–20:30 | viernes: 9:30–20:30 | sábado: 10:00–14:00 | domingo: Cerrado,+34699265037,,http://www.lahuertaderizos.com/,,https://www.instagram.com/lahuertaderizos/,https://www.google.com/maps/search/?api=1&query=La%20huerta%20de%20Rizos&query_place_id=ChIJw4XP1vpNRQ0R2nbwzqOnh7w,42.35314630000001,-2.4932674,/productores/es/la-rioja/la-rioja/la-huerta-de-rizos-nalda.webp,,sí,ecommerce|whatsapp,,7715,es,,,,,,es,la-rioja,la-rioja,,,,,,
bodega-hotel-fya-navarrete,Bodega - Hotel FyA,Navarrete,Vino,"Vino tinto, vino blanco, vino rosado","CARRETERA DE NAVARRETE A, C. de Entrena, KM 1, 5, 26370 Navarrete, La Rioja, España","FyA integra en Navarrete una bodega de Grupo Piérola, hotel entre viñedos y un museo con 850 piezas de cerámica histórica, y elabora vinos como FyA 8, Tinaja y Maturana Tinta.",Consultar web o venta directa,+34941560560,visitas@bodegasfya.com,https://bodegasfya.com/,,https://www.instagram.com/bodegasfya/,https://www.google.com/maps/search/?api=1&query=Bodega%20-%20Hotel%20FyA&query_place_id=ChIJs8wDR_1RRQ0RtPK8_NG32UM,42.41907399999999,-2.5540893,/productores/es/la-rioja/la-rioja/bodega-hotel-fya-navarrete.webp,,no,,,1476,es,,,,,,es,la-rioja,la-rioja,,,,,,
bodegas-aldonia-navarrete,BODEGAS ALDONIA,Navarrete,Vino,"Vino tinto, vino blanco, vino rosado","Ctra. Fuenmayor, Km 14, 26370 Navarrete, La Rioja, España","Aldonia continúa en Navarrete cuatro generaciones de viticultores y centra sus vinos en la Garnacha riojana, con viñas en vaso de Tudelilla que alcanzan más de un siglo.",Consultar web o venta directa,+34651535752,aldonia@aldonia.es,http://www.aldonia.es,https://www.facebook.com/bodegasaldoniarioja,https://www.instagram.com/aldonia_rioja/,https://www.google.com/maps/search/?api=1&query=BODEGAS%20ALDONIA&query_place_id=ChIJ94xWrdJWRQ0RvARU9vRv0No,42.44410999999999,-2.5699478,/productores/es/la-rioja/la-rioja/bodegas-aldonia-navarrete.webp,,sí,ecommerce,,1773,es,,,,,,es,la-rioja,la-rioja,,,,,,
bodegas-cornelio-dinastia-s-l-navarrete,Bodegas Cornelio Dinastía,Navarrete,Vino,"Vinos Cornelio y Vega Vella ecológicos: tintos, blancos y rosados","C. Carralaverde, 3, n1, 26370 Navarrete, La Rioja, España","Bodega de Navarrete que elabora las gamas Cornelio y Vega Vella con uva de viñedos propios, incluidos vinos ecológicos.",lunes: 7:00–15:00 | martes: 7:00–15:00 | miércoles: 7:00–15:00 | jueves: 7:00–15:00 | viernes: 7:00–15:00 | sábado: Cerrado | domingo: Cerrado,+34941742249,info@bodegascornelio.es,https://bodegascornelio.com/,,https://www.instagram.com/bodegascornelio/,https://www.google.com/maps/search/?api=1&query=BODEGAS%20CORNELIO%20DINAST%C3%8DA%2C%20S.L.&query_place_id=ChIJ13UGlytRRQ0R7jZfZZj2Jjc,42.4402787,-2.5752136,/productores/es/la-rioja/la-rioja/bodegas-cornelio-dinastia-s-l-navarrete.webp,,sí,ecommerce,,1925,es,,,,,,es,la-rioja,la-rioja,,,,,,
bodegas-corral-navarrete,Bodegas Corral,Navarrete,Vino,"Vino tinto, vino blanco, vino rosado","Calle Ctra. de Logroño, km, 10, 26370 Navarrete, La Rioja, España","Bodegas Corral trabaja en Navarrete con viñedo junto al Camino de Santiago y elabora las gamas Don Jacobo, Altos de Corral y Los Corrales de Moncalvillo, incluidas Maturana Blanca y Tinta.","lunes: Cerrado | martes: Cerrado | miércoles: 9:00–15:00, 16:00–18:00 | jueves: 9:00–15:00, 16:00–18:00 | viernes: 9:00–15:00, 16:00–18:00 | sábado: 10:00–15:00 | domingo: 10:00–15:00",+34941440193,visitas@bodegascorral.com,https://www.bodegascorral.com,https://www.facebook.com/bodegascorral,https://www.instagram.com/bodegascorral/,https://www.google.com/maps/search/?api=1&query=Bodegas%20Corral&query_place_id=ChIJR8vRSD9RRQ0RTmGqfACwVn8,42.4323184,-2.5521205,/productores/es/la-rioja/la-rioja/bodegas-corral-navarrete.webp,,sí,ecommerce,,1927,es,,,,,,es,la-rioja,la-rioja,,,,,,
bodegas-luis-marin-diez-navarrete,BODEGAS LUIS MARIN DIEZ,Navarrete,Vino,"Vino tinto, vino blanco, vino rosado","Diseminado Navarrete, 122, 26370, La Rioja, España",,Consultar web o venta directa,+34944630024,matiasmarin@telefonica.net,,,,https://www.google.com/maps/search/?api=1&query=BODEGAS%20LUIS%20MARIN%20DIEZ&query_place_id=ChIJs3GGMXVTRQ0RR-iZr-TxxDo,42.4394086,-2.528267,,pendiente,no comprobado,,,2149,,,,,,,es,la-rioja,la-rioja,,,,,,
bodegas-montsalla-navarrete,BODEGAS MONTSALLA,Navarrete,Vino,"Vino tinto, vino blanco, vino rosado","C. Santiago, 2, 26370 Navarrete, La Rioja, España","Bodegas Montsalla elabora en Navarrete vinos con viñedos propios de Navarrete y Fuenmayor; su Reserva combina Tempranillo, Mazuelo y Graciano y envejece 24 meses en barrica. La empresa familiar modernizó en 2005 unos calados históricos de más de 250 años.",Consultar web o venta directa,+34696461283,montsalla@gmail.com,http://bodegasmontsalla.es/,,,https://www.google.com/maps/search/?api=1&query=BODEGAS%20MONTSALLA&query_place_id=ChIJVVWpNjlRRQ0Rgg6XneV77r4,42.4295058,-2.5628706,,,no,,,2217,es,,,,,,es,la-rioja,la-rioja,,,,,,
bodegas-navajas-navarrete,BODEGAS NAVAJAS,Navarrete,Vino,"Vino tinto, vino blanco, vino rosado","Camino de Balgarauz, 2, 26370 Navarrete, La Rioja, España",Bodegas Navajas es una bodega familiar de Navarrete que produce vinos DOCa Rioja desde 1918 y completa su catálogo con vino de mesa y aceite de oliva virgen extra riojano.,"lunes: 7:00–14:30, 15:30–18:00 | martes: 7:00–14:30, 15:30–18:00 | miércoles: 7:00–14:30, 15:30–18:00 | jueves: 7:00–14:30, 15:30–18:00 | viernes: 7:00–14:30, 15:30–18:00 | sábado: 9:30–13:00 | domingo: Cerrado",+34941440140,info@bodegasnavajas.com,http://www.bodegasnavajas.com,https://www.facebook.com/BodegasNavajas,https://www.instagram.com/bodegasnavajas/,https://www.google.com/maps/search/?api=1&query=BODEGAS%20NAVAJAS&query_place_id=ChIJt2AArD5RRQ0RvNiDlA8mQBA,42.4294748,-2.5561284,/productores/es/la-rioja/la-rioja/bodegas-navajas-navarrete.webp,,no,,,2234,es,,,,,,es,la-rioja,la-rioja,,,,,,
bodegas-valdelacierva-navarrete,Bodegas Valdelacierva,Navarrete,Vino,"Vino tinto, vino blanco, vino rosado","Calle Ctra. de Burgos, 13, 26370 Navarrete, La Rioja, España","Valdelacierva elabora en Navarrete vinos DOCa Rioja con Tempranillo y Garnacha como protagonistas, dentro de Hispanobodegas, grupo que también trabaja en Ribera del Duero y Rueda.",lunes: 7:00–15:00 | martes: 7:00–15:00 | miércoles: 7:00–15:00 | jueves: 7:00–15:00 | viernes: 7:00–15:00 | sábado: Cerrado | domingo: Cerrado,+34633881303,morgan.dacunha@hispanobodegas.com,http://www.hispanobodegas.com,https://www.facebook.com/hispanobodegas,https://www.instagram.com/hispanobodegas/,https://www.google.com/maps/search/?api=1&query=Bodegas%20Valdelacierva&query_place_id=ChIJYVlhIN5QRQ0RiWGTJtNU8ko,42.4238875,-2.5827884,/productores/es/la-rioja/la-rioja/bodegas-valdelacierva-navarrete.webp,,no,,,2431,es,,,,,,es,la-rioja,la-rioja,,,,,,
finca-nueva-navarrete,FINCA NUEVA,Navarrete,Vino,"Vino tinto, vino blanco, vino rosado","26370 Navarrete, La Rioja, España",,Consultar web o venta directa,+34941322301,sales@fincanueva.com,,,,https://www.google.com/maps/search/?api=1&query=FINCA%20NUEVA&query_place_id=ChIJq5wKoS1RRQ0RInHkecZ-Z1Y,42.4402647,-2.5710857,,pendiente,no comprobado,,,5868,,,,,,,es,la-rioja,la-rioja,,,,,,
premium-fincas-singulares-navarrete,PREMIUM FINCAS SINGULARES,Navarrete,Vino,"Vino tinto, vino blanco, vino rosado","C. Carralaverde, 59, Pabellón 5, 26360 Navarrete, La Rioja, España","Premium Fincas agrupa proyectos de Rioja Alta, Ribera del Duero, Rueda, Rías Baixas y cava, continuando la trayectoria vitivinícola de la familia Montaña iniciada en el siglo XIX.","lunes: 8:00–13:00, 14:00–17:30 | martes: 8:00–13:00, 14:00–17:30 | miércoles: 8:00–13:00, 14:00–17:30 | jueves: 8:00–13:00, 14:00–17:30 | viernes: 8:00–14:00 | sábado: Cerrado | domingo: Cerrado",+34941451129,marta.vicente@premiumfincas.com,http://premiumfincas.com/,,,https://www.google.com/maps/search/?api=1&query=PREMIUM%20FINCAS%20SINGULARES&query_place_id=ChIJoSG5-GdRRQ0R5PfIuDbJwSI,42.4392184,-2.5747265,/productores/es/la-rioja/la-rioja/premium-fincas-singulares-navarrete.webp,,no,,,10281,es,,,,,,es,la-rioja,la-rioja,,,,,,
senorio-de-valbornedo-s-coop-navarrete,Señorío de Valbornedo,Navarrete,Vino,"Valbornedo tinto joven, crianza y reserva; rosado y blanco joven","Carretera de Burgos, km 12, 26370 Navarrete, La Rioja, España","Cooperativa de viticultores de Navarrete que elabora vinos de Rioja tintos, rosados y blancos y comercializa directamente sus cajas.",lunes: 8:00–15:00 | martes: 8:00–15:00 | miércoles: 8:00–15:00 | jueves: 8:00–15:00 | viernes: 8:00–15:00 | sábado: Cerrado | domingo: Cerrado,+34941440803,info@valbornedo.com,https://valbornedo.com/,,,https://www.google.com/maps/search/?api=1&query=Se%C3%B1or%C3%ADo%20de%20Valbornedo%2C%20S.%20Coop.&query_place_id=ChIJCYl7NN5QRQ0RKrvH7hbqGSk,42.4245467,-2.5821129,/productores/es/la-rioja/la-rioja/senorio-de-valbornedo-s-coop-navarrete.webp,,sí,ecommerce,,11475,es,,,,,,es,la-rioja,la-rioja,,,,,,
soc-coop-ltda-comarcal-de-navarrete-navarrete,SOC.COOP.LTDA.COMARCAL DE NAVARRETE,Navarrete,Vino,"Vino tinto, vino blanco, vino rosado","C. de Entrena, s/n, 26370 Navarrete, La Rioja, España","La Comarcal de Navarrete reúne desde 1989 a viticultores de ocho municipios; sus 170 socios cultivan más de 500 hectáreas de variedades riojanas para blancos, rosados, tintos, crianzas y reservas.","lunes: 8:30–13:30, 16:00–18:00 | martes: 8:30–13:30, 16:00–18:00 | miércoles: 8:30–13:30, 16:00–18:00 | jueves: 8:30–13:30, 16:00–18:00 | viernes: 8:30–13:30, 16:00–18:00 | sábado: 9:30–13:30 | domingo: Cerrado",+34941440626,info@bodegacomarcal.es,http://www.bodegacomarcal.es/,,,https://www.google.com/maps/search/?api=1&query=SOC.COOP.LTDA.COMARCAL%20DE%20NAVARRETE&query_place_id=ChIJeaXemz9RRQ0ROTZFpG6Zqng,42.4215233,-2.5554206,/productores/es/la-rioja/la-rioja/soc-coop-ltda-comarcal-de-navarrete-navarrete.webp,,sí,ecommerce,,11626,es,,,,,,es,la-rioja,la-rioja,,,,,,
bodega-real-de-najera-s-coop-najera,Bodega Real de Nájera S.COOP.,Nájera,Vino,"Vino tinto, vino blanco, vino rosado","Ctra. Santo Domingo Calzada, 4, 26300 Nájera, La Rioja, España","Bodega Real de Nájera es una cooperativa fundada en 1963 que elabora tintos, blancos y rosados DOCa Rioja, desde cosecheros hasta crianzas y reservas ligados a sus viñedos.",lunes: 7:30–14:30 | martes: 7:30–14:30 | miércoles: 7:30–14:30 | jueves: 7:30–14:30 | viernes: 7:30–14:30 | sábado: Cerrado | domingo: Cerrado,+34941360245,amparo@bodegarealdenajera.es,http://www.bodegarealdenajera.es/,,,https://www.google.com/maps/search/?api=1&query=Bodega%20Real%20de%20N%C3%A1jera%20S.COOP.&query_place_id=ChIJM6dBkDRcRQ0Rll-YYJj1PoM,42.4247978,-2.7359471,/productores/es/la-rioja/la-rioja/bodega-real-de-najera-s-coop-najera.webp,,sí,ecommerce,,1614,es,,,,,,es,la-rioja,la-rioja,,,,,,
bodegas-ruconia-najera,BODEGAS RUCONIA,Nájera,Vino,"Vino tinto, vino blanco, vino rosado","Ctra. Burgos, 7, 26300 Nájera, La Rioja, España","Bodegas Ruconia, cuya nueva bodega se inauguró en Nájera en 2000, elabora vinos con uvas de viñedos propios de Cenicero, Uruñuela y el valle del Najerilla. Su gama incluye Túbal, Ruconia Joven, Crianza y Reserva.",lunes: 8:00–14:00 | martes: 8:00–14:00 | miércoles: 8:00–14:00 | jueves: 8:00–14:00 | viernes: 8:00–14:00 | sábado: Cerrado | domingo: Cerrado,+34941362059,info@bodegasruconia.com,,,,https://www.google.com/maps/search/?api=1&query=BODEGAS%20RUCONIA&query_place_id=ChIJVeqiQoZbRQ0RSABwEy2I7Zs,42.4289923,-2.7471613,,,no,,,2353,es,,,,,,es,la-rioja,la-rioja,,,,,,
cuna-de-reyes-najera,CUNA DE REYES,Nájera,Vino,"Vino tinto, vino blanco, vino rosado","Cam. Nájera, 26300 Nájera, La Rioja, España","Cuna de Reyes es una bodega familiar de Nájera fundada en 2000, con raíces vitícolas en Hormilleja, que elabora jóvenes, blancos, claretes, crianzas y reservas DOCa Rioja, además de la gama Finca Las Cabras.",lunes: 7:00–15:00 | martes: 7:00–15:00 | miércoles: 7:00–15:00 | jueves: 7:00–15:00 | viernes: 7:00–15:00 | sábado: Cerrado | domingo: Cerrado,+34941360280,bodegas@cunadereyes.es,https://cunadereyes.es/,,,https://www.google.com/maps/search/?api=1&query=CUNA%20DE%20REYES&query_place_id=EixDYW0uIE7DoWplcmEsIDI2MzAwIE7DoWplcmEsIExhIFJpb2phLCBTcGFpbiIuKiwKFAoSCTXjB7lAZ0UNEVaLZPvWyIeYEhQKEgkpUlskPVxFDRGQdx--hfUEHA,42.4171508,-2.7640233,,,sí,ecommerce,,4715,es,,,,,,es,la-rioja,la-rioja,,,,,,
ohana-helados-artesanos-najera,Ohana Helados Artesanos,Nájera,Helados,"Helados artesanos de obrador, copas heladas","Calle San Fernando, 14, 26300 Nájera, La Rioja, España","Heladería con obrador artesanal en Nájera, comprometida con la elaboración diaria y tradicional de variados sabores de helado y postres.",Consultar horario de temporada,,,,https://www.facebook.com/ohana.heladosartesanos,https://www.instagram.com/ohana.heladosartesanos/,https://www.google.com/maps/search/?api=1&query=Ohana%20Helados%20Artesanos%2C%20Calle%20San%20Fernando%2C%2014%2C%2026300%20N%C3%A1jera%2C%20La%20Rioja%2C%20Espa%C3%B1a&query_place_id=ChIJr-TApVZdRQ0RmEKhy6BLIyo,42.4179,-2.7335,,pendiente,no comprobado,,,9179,es,,,,,,es,la-rioja,la-rioja,,,,,,
miel-penabeja-ochanduri,Miel Peñabeja,Ochánduri,Miel,,"Calle Iglesia, 31, 26213 Ochánduri, La Rioja, España",,lunes: 9:00–19:00 | martes: 9:00–19:00 | miércoles: 9:00–19:00 | jueves: 9:00–19:00 | viernes: 9:00–19:00 | sábado: 9:00–18:00 | domingo: 9:00–18:00,+34652414598,,,https://m.facebook.com/p/Miel-Pe%C3%B1abeja-100077102533116/,,https://www.google.com/maps/search/?api=1&query=Miel%20Pe%C3%B1abeja&query_place_id=ChIJezkvg_WHTw0RF_ZW-NqMfa0,42.5264951,-3.0030663,,pendiente,no comprobado,,,8786,,,,,,,es,la-rioja,la-rioja,,,,,,
queseria-artesanal-tondeluna-ojacastro,Quesería Artesanal Tondeluna,Ojacastro,Lácteos y quesos,Queso artesano de cabra de montaña,"Aldea de Tondeluna, 3, 26270 Ojacastro, La Rioja, España","Explotación y quesería artesanal de montaña a mil metros de altitud, especializada en la elaboración de quesos de cabra con rebaño propio.",Consultar venta directa,+34686579443,,,,,https://www.google.com/maps/search/?api=1&query=Queser%C3%ADa%20Artesanal%20Tondeluna%2C%20Aldea%20de%20Tondeluna%2C%203%2C%2026270%20Ojacastro%2C%20La%20Rioja%2C%20Espa%C3%B1a&query_place_id=ChIJM1ng9rt5RQ0R9MvzOFMrzRE,42.38167,-3.02139,,pendiente,no comprobado,,,10450,es,,,,,,es,la-rioja,la-rioja,,,,,,
almazara-el-alberque-ollauri,Almazara El Alberque,Ollauri,Aceite,Aceite de oliva virgen extra,"C. Real, 48, 26220 Ollauri, La Rioja, España","Almazara El Alberque nació en Ollauri en 2007 para recuperar olivares familiares y elabora en frío Trapetum, un AOVE DOP Aceite de La Rioja de variedad autóctona Royuela.",lunes: 9:30–13:00 | martes: 9:30–13:00 | miércoles: 9:30–13:00 | jueves: 9:30–13:00 | viernes: 9:30–13:00 | sábado: 11:00–13:00 | domingo: Cerrado,+34678731335,,https://www.almazaraelalberque.com/,,https://www.instagram.com/almazaraelalberque/,https://www.google.com/maps/search/?api=1&query=Almazara%20El%20Alberque&query_place_id=ChIJK1wMxXaLTw0R1E4gBxgN468,42.5458984,-2.8315823,/productores/es/la-rioja/la-rioja/almazara-el-alberque-ollauri.webp,,sí,ecommerce,,637,es,,,,,,es,la-rioja,la-rioja,,,,,,
bodegas-beronia-ollauri,BODEGAS BERONIA,Ollauri,Vino,"Vino tinto, vino blanco, vino rosado","Carretera de Ollauri a Nájera, Km.1.8, 26220 Ollauri, La Rioja, España",Beronia nació en Ollauri en 1973 de un grupo de amigos unidos por el vino y la gastronomía; hoy elabora vinos DOCa Rioja y aplica criterios de agricultura y arquitectura sostenibles.,lunes: Cerrado | martes: 10:30–16:30 | miércoles: 10:30–16:30 | jueves: 10:30–16:30 | viernes: 10:30–16:30 | sábado: 10:30–15:30 | domingo: Cerrado,+34941338000,consultas@beronia.es,http://www.beronia.com/,https://www.facebook.com/bodegasberonia,https://www.instagram.com/bodegasberonia/,https://www.google.com/maps/search/?api=1&query=BODEGAS%20BERONIA&query_place_id=ChIJHdQKmUaKTw0RyZnUn8Z9FUk,42.529907,-2.8197186,/productores/es/la-rioja/la-rioja/bodegas-beronia-ollauri.webp,,sí,ecommerce,,1842,es,,,,,,es,la-rioja,la-rioja,,,,,,
bodegas-concejo-de-ollauri-s-l-u-ollauri,"BODEGAS CONCEJO DE OLLAURI, S.L.U.",Ollauri,Vino,"Vino tinto, vino blanco, vino rosado","C. Eras de San Juan, 10, 26220 Ollauri, La Rioja, España","Concejo de Ollauri es una bodega familiar fundada en 2004 que continúa generaciones de viticultores y elabora, cría y embotella vinos de producción limitada en un enclave con más de 150 años de historia vinícola.",Consultar web o venta directa,+34619220917,bco@bodegasconcejodeollauri.com,http://www.bodegasconcejodeollauri.com/,,,https://www.google.com/maps/search/?api=1&query=BODEGAS%20CONCEJO%20DE%20OLLAURI%2C%20S.L.U.&query_place_id=ChIJTSreREeKTw0Rv4drsJOkxxU,42.5413482,-2.8366049,/productores/es/la-rioja/la-rioja/bodegas-concejo-de-ollauri-s-l-u-ollauri.webp,,no,,,1917,es,,,,,,es,la-rioja,la-rioja,,,,,,
bodegas-marques-de-teran-ollauri,Bodegas Marqués de Terán,Ollauri,Vino,"Vino tinto, vino blanco, vino rosado","RIOJA, LA ES, Crta. Nájera, Km.1, 26220 Ollauri, La Rioja, España","Marqués de Terán elabora en Ollauri vinos como Birdie, Albatros, Versum y su Selección Especial, en unas instalaciones presentadas por la propia casa como la primera bodega geotérmica de Europa.",lunes: 9:00–15:00 | martes: 9:00–15:00 | miércoles: 9:00–15:00 | jueves: 9:00–15:00 | viernes: 9:00–15:00 | sábado: Cerrado | domingo: Cerrado,+34941338373,info@marquesdeteran.com,http://www.marquesdeteran.com,https://www.facebook.com/bodegasmarquesdeteran,,https://www.google.com/maps/search/?api=1&query=Bodegas%20Marqu%C3%A9s%20de%20Ter%C3%A1n&query_place_id=ChIJm5KOdVuKTw0RJmLTUozyo_Q,42.541769,-2.825331,/productores/es/la-rioja/la-rioja/bodegas-marques-de-teran-ollauri.webp,,sí,ecommerce,,2175,es,,,,,,es,la-rioja,la-rioja,,,,,,
bodegas-martinez-palacios-ollauri,Bodegas Martínez Palacios,Ollauri,Vino,"Vino tinto, vino blanco, vino rosado","C. Real, 46, 26220 Ollauri, La Rioja, España","Martínez Palacios elabora en Ollauri los vinos Ormaegui, Crianza, Reserva y Pago Candela, y completa su propuesta con una oleoteca dedicada al aceite riojano.","lunes: 10:00–13:00, 16:00–17:30 | martes: 10:00–13:00, 16:00–17:30 | miércoles: 10:00–13:00, 16:00–17:30 | jueves: 10:00–13:00, 16:00–17:30 | viernes: 10:00–13:00, 16:00–17:30 | sábado: Cerrado | domingo: Cerrado",+34941338023,bodega@bodegasmartinezpalacios.com,http://www.bodegasmartinezpalacios.com,,,https://www.google.com/maps/search/?api=1&query=Bodegas%20Mart%C3%ADnez%20Palacios&query_place_id=ChIJA5zC9UWKTw0RXSEJ20r03Tc,42.5460708,-2.8310244,/productores/es/la-rioja/la-rioja/bodegas-martinez-palacios-ollauri.webp,,no,,,2186,es,,,,,,es,la-rioja,la-rioja,,,,,,
bodegas-valenciso-ollauri,BODEGAS VALENCISO,Ollauri,Vino,"Vino tinto, vino blanco, vino rosado","26220 Ollauri, La Rioja, España",Valenciso nació en Ollauri en 1998 de la unión de los apellidos Valentín y Enciso; elabora vinos de Rioja Alta longevos y trabaja sus viñas con viticultura ecológica.,lunes: 9:00–17:00 | martes: 9:00–17:00 | miércoles: 9:00–17:00 | jueves: 9:00–17:00 | viernes: 9:00–17:00 | sábado: 9:00–17:00 | domingo: Cerrado,+34941304724,anaruiz@valenciso.com,http://www.valenciso.com,https://www.facebook.com/valencisorioja,https://www.instagram.com/valencisorioja/,https://www.google.com/maps/search/?api=1&query=BODEGAS%20VALENCISO&query_place_id=ChIJ0288REOKTw0RSbIEuO-q8Tg,42.539801,-2.828636,/productores/es/la-rioja/la-rioja/bodegas-valenciso-ollauri.webp,,sí,ecommerce,,2437,es,,,,,,es,la-rioja,la-rioja,,,,,,
conde-de-los-andes-ollauri,Conde de los Andes,Ollauri,Vino,"Vino tinto, vino blanco, vino rosado","C. Sol de la Cabra, 26220 Ollauri, La Rioja, España","Conde de los Andes ocupa en Ollauri tres edificios históricos conectados por un kilómetro de calados de hasta cinco siglos, donde cría sus vinos tinto y blanco de Rioja Alta.",Consultar web o venta directa,+34945606268,ana.barba@murielwines.com,http://www.bodegasollauri.com,https://www.facebook.com/CondelosAndes/?rf=319605671467897,https://www.instagram.com/condelosandes/,https://www.google.com/maps/search/?api=1&query=Conde%20de%20los%20Andes&query_place_id=ChIJjV8Z2kaKTw0RWGFyYFmUZk0,42.5417253,-2.8344955,/productores/es/la-rioja/la-rioja/conde-de-los-andes-ollauri.webp,,sí,ecommerce,,4146,es,,,,,,es,la-rioja,la-rioja,,,,,,
embutidos-y-pates-el-robledillo-ortigosa-de-cameros,Embutidos y Patés El Robledillo,Ortigosa de Cameros,Carne,"Embutidos, patés","C. Mariano Cañada, s/n, 26124 Ortigosa de Cameros, La Rioja, España","El Robledillo elabora en Ortigosa de Cameros patés y embutidos artesanos, con variedades trufadas, a la pimienta, finas hierbas, vino de Rioja o roquefort, además de cabeza de jabalí.",lunes: 10:30–13:30 | martes: 10:30–13:30 | miércoles: 10:30–13:30 | jueves: 10:30–13:30 | viernes: 10:30–13:30 | sábado: Cerrado | domingo: Cerrado,+34941462291,,https://www.pateselrobledillo.com/,,,https://www.google.com/maps/search/?api=1&query=Embutidos%20y%20Pat%C3%A9s%20El%20Robledillo&query_place_id=ChIJI-T0lTE_RQ0RRHFfqU-v25g,42.1772005,-2.7041154,/productores/es/la-rioja/la-rioja/embutidos-y-pates-el-robledillo-ortigosa-de-cameros.webp,,sí,ecommerce,,5567,es,,,,,,es,la-rioja,la-rioja,,,,,,
pates-y-embutidos-alto-iregua-ortigosa-de-cameros,Patés y Embutidos Alto Iregua,Ortigosa de Cameros,Carne,"Patés, embutidos","C. Niceto Rubio, 1, 26124 Ortigosa de Cameros, La Rioja, España","Alto Iregua elabora en Ortigosa de Cameros embutidos y patés artesanos desde 2000, siguiendo recetas familiares para piezas como chorizos de ciervo y jabalí o cabezada embuchada.","lunes: 9:00–14:00, 17:00–21:00 | martes: 9:00–14:00, 17:00–21:00 | miércoles: 9:00–14:00, 17:00–21:00 | jueves: 9:00–14:00, 17:00–21:00 | viernes: 9:00–14:00, 17:00–21:00 | sábado: 9:00–14:00 | domingo: Cerrado",+34941462299,,https://www.altoiregua.es/,,,https://www.google.com/maps/search/?api=1&query=Pat%C3%A9s%20y%20Embutidos%20Alto%20Iregua&query_place_id=ChIJo5UntjE_RQ0RzLHWSDxVG54,42.1760312,-2.7054687,/productores/es/la-rioja/la-rioja/pates-y-embutidos-alto-iregua-ortigosa-de-cameros.webp,,sí,ecommerce,,10078,es,,,,,,es,la-rioja,la-rioja,,,,,,
queseria-artesana-roca-de-cabra-ortigosa-de-cameros,Quesería Artesana Roca de Cabra,Ortigosa de Cameros,Lácteos y quesos,Queso Camerano,"C. Enrique de la Riva, 2, 26124 Ortigosa de Cameros, La Rioja, España","Roca de Cabra transforma en Ortigosa de Cameros la leche de su rebaño caprino en extensivo, ordeñado a mano, en quesos frescos y semicurados, yogures y cremas; la quesería usa energía propia y agua de lluvia.",lunes: 17:00–20:00 | martes: 17:00–20:00 | miércoles: 17:00–20:00 | jueves: 17:00–20:00 | viernes: 11:00–20:00 | sábado: 11:00–20:00 | domingo: 11:00–20:30,+34620992717,,http://www.rocadecabra.com/,,https://www.instagram.com/queseriarocadecabra/,https://www.google.com/maps/search/?api=1&query=Queser%C3%ADa%20Artesana%20Roca%20de%20Cabra&query_place_id=ChIJQ2P2dzE_RQ0R-f1vKrk1bws,42.1761268,-2.7043612,,,no,,,10425,es,,,,,,es,la-rioja,la-rioja,,,,,,
queso-cambarilla-ortigosa-de-cameros,Queso Cambarilla,Ortigosa de Cameros,Lácteos y quesos,"Queso fresco de cabra, rulo de cabra, quesos semicurados","Paraje de la Sierra de Cameros, 26124 Ortigosa de Cameros, La Rioja, España",Proyecto artesanal de ganadería sostenible en la Sierra de Cameros que elabora exquisitos quesos y derivados de cabra con leche propia.,Consultar venta directa,,,https://cambarilla.com/,,,,42.1761,-2.7043,,,sí,whatsapp,,10701,es,,,,,,es,la-rioja,la-rioja,,,,,,
nuez-de-pedroso-pedroso,Nuez de Pedroso,Pedroso,Frutos secos,Nuez de Pedroso,"Pl. Martín Navarro, 5, 26321 Pedroso, La Rioja, España","La DOP Nuez de Pedroso reúne en este municipio riojano nueces con cáscara y peladas, además de aceite de nuez, y mantiene viva su cultura local mediante actividades y la Feria de la Nuez.",lunes: 9:00–15:00 | martes: 9:00–15:00 | miércoles: 9:00–15:00 | jueves: 9:00–15:00 | viernes: 9:00–15:00 | sábado: Cerrado | domingo: Cerrado,,,https://nuezdepedroso.com/,,https://www.instagram.com/nuezdepedroso/,https://www.google.com/maps/search/?api=1&query=Nuez%20de%20Pedroso&query_place_id=ChIJ2eOau2NDRQ0RX9r_RhtVH6c,42.30037859999999,-2.7186229,/productores/es/la-rioja/la-rioja/nuez-de-pedroso-pedroso.webp,,sí,ecommerce,,9103,es,,,,,,es,la-rioja,la-rioja,,,,,,
artepania-poyales,Artepania,Poyales,Pan y cereal,"Pan artesano, repostería","C/Los Ardos, 24, 26586 Poyales, La Rioja, España","Artepania hornea en Poyales panes ecológicos de fermentación artesana, con hogazas de pueblo, nueces y pasas y variedades integrales de espelta, centeno, trigo sarraceno y semillas.",lunes: 9:00–13:00 | martes: 9:00–13:00 | miércoles: 9:00–13:00 | jueves: 9:00–13:00 | viernes: 9:00–13:00 | sábado: Cerrado | domingo: Cerrado,+34665581785,,http://www.artepania.com/,,https://www.instagram.com/artepania/,https://www.google.com/maps/search/?api=1&query=Artepania&query_place_id=ChIJh___WwnEWg0RbuYrqxmnK_k,42.1211552,-2.2275747,/productores/es/la-rioja/la-rioja/artepania-poyales.webp,,sí,ecommerce,,970,es,,,,,,es,la-rioja,la-rioja,,,,,,
conservas-juker-pradejon,Conservas Juker,Pradejón,Conservas,Conservas vegetales,"C. Carretera, 188, 26510 Pradejón, La Rioja, España","Conservas Juker nació en Pradejón de la experiencia de dos generaciones y cocina a fuego lento frutos del campo riojano para elaborar a mano caldos, cremas, legumbres, verduras, salsas, mermeladas y platos preparados.","lunes: 8:00–13:00, 14:30–18:00 | martes: 8:00–13:00, 14:30–18:00 | miércoles: 8:00–13:00, 14:30–18:00 | jueves: 8:00–13:00, 14:30–18:00 | viernes: 8:00–13:00, 14:30–18:00 | sábado: Cerrado | domingo: Cerrado",+34616449170,,https://www.conservasjuker.com/,,https://www.instagram.com/conservasjuker/,https://www.google.com/maps/search/?api=1&query=Conservas%20Juker&query_place_id=ChIJi6FnlCaXWg0RrPtwx-D3Bm8,42.3397795,-2.0798374,/productores/es/la-rioja/la-rioja/conservas-juker-pradejon.webp,,no,,,4308,es,,,,,,es,la-rioja,la-rioja,,,,,,
queseria-la-cilla-prejano,Quesería La Cilla,Préjano,Lácteos y quesos,"Queso fresco de cabra, queso semicurado, queso curado","Calle Somera, 26, 26589 Préjano, La Rioja, España",Quesería tradicional de carácter familiar que elabora quesos de cabra artesanos con recetas transmitidas de generación en generación.,Consultar venta directa,+34650217061,queserialacilla@gmail.com,https://queserialacilla.es/,,,https://www.google.com/maps/search/?api=1&query=Queser%C3%ADa%20La%20Cilla%2C%20Calle%20Somera%2C%2026%2C%2026589%20Pr%C3%A9jano%2C%20La%20Rioja%2C%20Espa%C3%B1a&query_place_id=ChIJj0_J0DfBWg0RCAA1rrx4YXc,42.1861,-2.1800,/productores/es/la-rioja/la-rioja/queseria-la-cilla-prejano.webp,,no,,,10562,es,,,,,,es,la-rioja,la-rioja,,,,,,
carpeum-quel,Carpeum,Quel,Aceite,Aceite de oliva virgen extra,"Av. de la Santa Cruz, 2, BIS, 26570 Quel, La Rioja, España","Carpeum produce en Quel un AOVE ecológico de edición limitada con aceitunas propias recogidas a mano, incluidas Empeltre, Royuela, Arbequina y Machona, y recupera olivos familiares de hasta dos siglos.",lunes: 9:00–17:00 | martes: 9:00–17:00 | miércoles: 9:00–17:00 | jueves: 9:00–17:00 | viernes: 9:00–17:00 | sábado: 9:00–13:00 | domingo: Cerrado,,,http://aceitecarpeum.es/,,https://www.instagram.com/carpeum_olive_oil/,https://www.google.com/maps/search/?api=1&query=Carpeum&query_place_id=ChIJHQpxdEiTWg0RwpPRLJYWhsM,42.2287548,-2.0501064,/productores/es/la-rioja/la-rioja/carpeum-quel.webp,,sí,ecommerce,,3363,es,,,,,,es,la-rioja,la-rioja,,,,,,
kel-grupo-alimentario-s-l-quel,Kel Grupo Alimentario S.L.,Quel,Aceite,Aceite de oliva virgen extra,"Carretera LR-281 Km 2, 26570 Quel, La Rioja, España",Kel Grupo Alimentario cultiva en Quel sus propias aceitunas y las moltura para obtener el AOVE Lectus; reutiliza subproductos como el huesillo para calefacción y depura las aguas del proceso.,lunes: 8:30–17:00 | martes: 8:30–17:00 | miércoles: 8:30–17:00 | jueves: 8:30–17:00 | viernes: 8:30–17:00 | sábado: Cerrado | domingo: Cerrado,+34941392076,,https://www.kelgrupoalimentario.com/,,,https://www.google.com/maps/search/?api=1&query=Kel%20Grupo%20Alimentario%20S.L.&query_place_id=ChIJ-TxzhEaTWg0RitTMZMe5Cuw,42.245824,-2.048797,/productores/es/la-rioja/la-rioja/kel-grupo-alimentario-s-l-quel.webp,,sí,ecommerce,,7436,es,,,,,,es,la-rioja,la-rioja,,,,,,
queiron-quel,QUEIRÓN,Quel,Vino,"Vino tinto, vino blanco, vino rosado","Bodega n 9 del Barrio de Bodegas, 26570 Quel, La Rioja, España","Queirón es el proyecto de Ontañón Familia en el histórico barrio de bodegas de Quel y elabora vinos de parcelas como El Arca, La Pasada o El Pozo con Garnacha, Graciano, Tempranillo y Tempranillo Blanco.",Consultar web o venta directa,+34941234200,info@queiron.es,https://www.queiron.es,,https://www.instagram.com/queironwine/,https://www.google.com/maps/search/?api=1&query=QUEIR%C3%93N&query_place_id=ChIJpY1-bACTWg0RTTgcPdk-Ckc,42.2244105,-2.0527046,/productores/es/la-rioja/la-rioja/queiron-quel.webp,,no,,,10378,es,,,,,,es,la-rioja,la-rioja,,,,,,
sociedad-cooperativa-quel-quel,Sociedad Cooperativa Quel,Quel,Vino,"Vino tinto, vino blanco, vino rosado","c/ estacion, 26570 Quel, La Rioja, España",,lunes: Cerrado | martes: Cerrado | miércoles: Cerrado | jueves: 7:00–14:00 | viernes: Cerrado | sábado: Cerrado | domingo: Cerrado,+34941392030,fuenteyedra@hotmail.es,,,,https://www.google.com/maps/search/?api=1&query=Sociedad%20Cooperativa%20Quel&query_place_id=ChIJy_YCGkiTWg0RxQBbAF9cG10,42.228489,-2.053856000000001,,pendiente,no comprobado,,,11641,,,,,,,es,la-rioja,la-rioja,,,,,,
conservas-marzo-s-a-quel,Conservas Marzo S.A.,Quel,Conservas,Conservas vegetales,"Av. del Ferrocarril, s/n, 26570 Quel, La Rioja, España","Conservas Marzo transforma en Quel desde 1957 producto de temporada del valle del Ebro en conservas de verduras, legumbres, tomate, espárrago, pimiento, setas, frutas, encurtidos y cremas.","lunes: 8:00–13:00, 15:00–18:00 | martes: 8:00–13:00, 15:00–18:00 | miércoles: 8:00–13:00, 15:00–18:00 | jueves: 8:00–13:00, 15:00–18:00 | viernes: 7:30–15:30 | sábado: Cerrado | domingo: Cerrado",+34941392006,,https://conservasmarzo.com/,,,https://www.google.com/maps/search/?api=1&query=Conservas%20Marzo%20S.A.&query_place_id=ChIJAalEwjeTWg0RjQUBXRuzPrQ,42.2255112,-2.0442079,/productores/es/la-rioja/la-rioja/conservas-marzo-s-a-quel.webp,,no,,,4330,es,,,,,,es,la-rioja,la-rioja,,,,,,
chocolates-artesanos-penaquel-quel,Chocolates Artesanos Peñaquel,Quel,Dulces y repostería,"Tabletas, turrones, bombones, trufas y chocolate artesanal","Av. del Cidacos, 2, 26570 Quel, La Rioja, España",Obrador de Quel que elabora chocolate de forma artesanal y con métodos tradicionales desde 1997.,lunes: 9:00–17:00 | martes: 9:00–17:00 | miércoles: 9:00–17:00 | jueves: 9:00–17:00 | viernes: 9:00–17:00 | sábado: Cerrado | domingo: Cerrado,+34686489295,info@chocolatespenaquel.com,https://chocolatespenaquel.com/,,https://www.instagram.com/chocolates_penaquel/,https://www.google.com/maps/search/?api=1&query=Chocolates%20Artesanos%20Pe%C3%B1aquel&query_place_id=ChIJp55fqUiTWg0RY9IKK_kSRc8,42.2271918,-2.0517359,/productores/es/la-rioja/la-rioja/chocolates-artesanos-penaquel-quel.webp,,sí,ecommerce,,4018,es,,,,,,es,la-rioja,la-rioja,,,,,,
andres-garcia-e-hijos-s-l-quel,ANDRES GARCIA E HIJOS S.L.,Quel,Frutos secos,,"Cam. de Moreta, 40, 26570 Quel, La Rioja, España","Andrés García e Hijos cultiva, deshidrata y envasa en Quel desde 1978 pimiento, guindilla, ñora, tomate y ciruela, además de elaborar conservas y carnes de pimiento y ñora.","lunes: 9:00–13:00, 15:00–19:00 | martes: 9:00–13:00, 15:00–19:00 | miércoles: 9:00–13:00, 15:00–19:00 | jueves: 9:00–13:00, 15:00–19:00 | viernes: 9:00–13:00, 15:00–19:00 | sábado: Cerrado | domingo: Cerrado",+34941392160,,http://www.elsolsl.es/,,,https://www.google.com/maps/search/?api=1&query=ANDRES%20GARCIA%20E%20HIJOS%20S.L.&query_place_id=ChIJg97bLUSTWg0RkaCq-4BkJJc,42.2338987,-2.0566391,,,no,,,757,es,,,,,,es,la-rioja,la-rioja,,,,,,
rajope-quel,Rajope,Quel,Frutos secos,,"Cam. Bagal, 2B, 26570 Quel, La Rioja, España","Rajope es especialista en Quel desde 1980 en frutas y hortalizas deshidratadas de forma tradicional, como pimiento, guindilla, ñora, ciruela y orejones, y en conservas vegetales sin colorantes ni conservantes.","lunes: 9:00–13:00, 15:00–19:00 | martes: 9:00–13:00, 15:00–19:00 | miércoles: 9:00–13:00, 15:00–19:00 | jueves: 9:00–13:00, 15:00–19:00 | viernes: 9:00–13:00, 15:00–19:00 | sábado: Cerrado | domingo: Cerrado",+34941392081,,https://www.rajope.es/,,,https://www.google.com/maps/search/?api=1&query=Rajope&query_place_id=ChIJL_XkZkSTWg0RqyxzK6Sh9BU,42.23021139999999,-2.0525913,/productores/es/la-rioja/la-rioja/rajope-quel.webp,,no,,,11041,es,,,,,,es,la-rioja,la-rioja,,,,,,
dehesa-de-zeladas-cb-bodegas-ribafrecha,"Dehesa de Zeladas, CB, Bodegas",Ribafrecha,Vino,"Vino tinto, vino blanco, vino rosado","Ctra. Piqueras, 34, 26130 Ribafrecha, La Rioja, España","Dehesa de Zeladas produce desde Ribafrecha vinos de Rioja, nueces, almendras, avellanas y AOVE en una explotación familiar iniciada con los primeros viñedos propios en 1975, y vende directamente su cosecha.",lunes: 8:00–20:00 | martes: 8:00–20:00 | miércoles: 8:00–20:00 | jueves: 8:00–20:00 | viernes: 8:00–20:00 | sábado: 8:00–20:00 | domingo: 8:00–20:00,+34615248217,bodegasdehesadezeladas@gmail.com,https://bodegasdehesadezeladas.wordpress.com/,,,https://www.google.com/maps/search/?api=1&query=Dehesa%20de%20Zeladas%2C%20CB%2C%20Bodegas&query_place_id=ChIJ-VnEcxqyWg0RJhoydhqfdUg,42.355728,-2.390824,/productores/es/la-rioja/la-rioja/dehesa-de-zeladas-cb-bodegas-ribafrecha.webp,,no,,,4773,es,,,,,,es,la-rioja,la-rioja,,,,,,
corcel-s-l-bodegas-rincon-de-soto,"Corcel, S.L., Bodegas",Rincón de Soto,Vino,"Vino tinto, vino blanco, vino rosado","VÍA DE SERVICIO SUR, Ctra. de Zaragoza, 17, 26550 Rincón de Soto, La Rioja, España",,"lunes: 9:00–13:30, 15:30–19:00 | martes: 9:00–13:30, 15:30–19:00 | miércoles: 9:00–13:30, 15:30–19:00 | jueves: 9:00–13:30, 15:30–19:00 | viernes: 9:00–13:30, 15:30–19:00 | sábado: Cerrado | domingo: Cerrado",+34941160338,corcel@bodegascorcel.com,,,,https://www.google.com/maps/search/?api=1&query=Corcel%2C%20S.L.%2C%20Bodegas&query_place_id=ChIJrxoHTLGKWg0Rov1XVhBEgL8,42.2260794,-1.8439396,,pendiente,no comprobado,,,4635,,,,,,,es,la-rioja,la-rioja,,,,,,
urtubia-perez-amos-rincon-de-soto,"Urtubia Pérez, Amós",Rincón de Soto,Vino,"Vino tinto, vino blanco, vino rosado","Av. del Príncipe Felipe, 26, 26550 Rincón de Soto, La Rioja, España","La familia Urtubia continúa en Rincón de Soto tres generaciones de elaboración bajo la marca Solar de Carravieso, con vinos jóvenes, crianzas y reservas madurados en roble francés y americano.",lunes: 9:00–17:00 | martes: 9:00–17:00 | miércoles: 9:00–17:00 | jueves: 9:00–17:00 | viernes: 9:00–17:00 | sábado: Cerrado | domingo: Cerrado,+34941160155,bodegasamosurtubia@gmail.com,http://www.bodegasamosurtubia.es,,,https://www.google.com/maps/search/?api=1&query=Urtubia%20P%C3%A9rez%2C%20Am%C3%B3s&query_place_id=ChIJQ03kYceKWg0R9bi9daN53KY,42.2346588,-1.8513713,/productores/es/la-rioja/la-rioja/urtubia-perez-amos-rincon-de-soto.webp,,no,,,12032,es,,,,,,es,la-rioja,la-rioja,,,,,,
conservas-jjj-rincon-de-soto,Conservas JJJ,Rincón de Soto,Conservas,Conservas vegetales,"Polígono Industrial Martín Grande, s/n, 26550 Rincón de Soto, La Rioja, España","Conservas JJJ ofrece desde Rincón de Soto conservas vegetales, legumbres, encurtidos, salsas, pescados, frutas y platos preparados, con gamas orientadas tanto a hostelería como a comercio minorista.",lunes: 8:00–17:00 | martes: 8:00–17:00 | miércoles: 8:00–17:00 | jueves: 8:00–17:00 | viernes: 7:00–15:00 | sábado: Cerrado | domingo: Cerrado,+34941141999,,https://conservasjjj.com/,,https://www.instagram.com/conservas_jjj/,https://www.google.com/maps/search/?api=1&query=Conservas%20JJJ&query_place_id=ChIJh6DWK9ZQXEARYic579q24G8,42.2289998,-1.8612655,/productores/es/la-rioja/la-rioja/conservas-jjj-rincon-de-soto.webp,,sí,ecommerce,,4304,es,,,,,,es,la-rioja,la-rioja,,,,,,
fardelejos-yoli-rincon-de-soto,Fardelejos Yoli,Rincón de Soto,Dulces y repostería,Fardelejos,"78 Bis, C. Cascajuelo, 26550 Rincón de Soto, La Rioja, España",,lunes: 7:00–21:00 | martes: 7:00–21:00 | miércoles: 7:00–21:00 | jueves: 7:00–21:00 | viernes: 7:00–21:00 | sábado: 8:00–21:00 | domingo: 8:00–21:00,+34941141597,,,,,https://www.google.com/maps/search/?api=1&query=Fardelejos%20Yoli&query_place_id=ChIJGZSk2rmKWg0RkzWPAjn4dIM,42.23187910000001,-1.84826,,pendiente,no comprobado,,,5771,,,,,,,es,la-rioja,la-rioja,,,,,,
sat-frutas-y-verduras-valle-de-rincon-rincon-de-soto,SAT Frutas y Verduras Valle de Rincón,Rincón de Soto,Fruta y verdura,Frutas y hortalizas,"Calle De Varillas, s/n, 26550 Rincón de Soto, La Rioja, España","Valle de Rincón cultiva en Rincón de Soto fruta y hortaliza riojana, incluida coliflor con IGP, y la selecciona en campo para enviarla directamente en 24–48 horas.","lunes: 9:00–13:00, 15:00–19:30 | martes: 9:00–13:00, 15:00–19:30 | miércoles: 9:00–13:00, 15:00–19:30 | jueves: 9:00–13:00, 15:00–19:30 | viernes: 9:00–13:00, 15:00–19:30 | sábado: 9:00–13:30 | domingo: Cerrado",+34941141704,,https://vallerincon.com/,,https://www.instagram.com/vallederincon/,https://www.google.com/maps/search/?api=1&query=SAT%20Frutas%20y%20Verduras%20Valle%20de%20Rinc%C3%B3n&query_place_id=ChIJO4XWdreKWg0Rpm4KLBW4Akw,42.227333,-1.8401647,/productores/es/la-rioja/la-rioja/sat-frutas-y-verduras-valle-de-rincon-rincon-de-soto.webp,,sí,ecommerce,,11418,es,,,,,,es,la-rioja,la-rioja,,,,,,
manzanos-s-c-hermanos-rodezno,"Manzanos, S.C., Hermanos",Rodezno,Vino,"Vino tinto, vino blanco, vino rosado","C. De Tr.ª Fernando Salazar, 35, 26222 Rodezno, La Rioja, España",,lunes: 9:00–18:00 | martes: 9:00–18:00 | miércoles: 9:00–18:00 | jueves: 9:00–18:00 | viernes: 9:00–18:00 | sábado: Cerrado | domingo: Cerrado,+34941338059,eduardo.ultramar@ctv.es,http://manzanosenterprises.com/,,,https://www.google.com/maps/search/?api=1&query=Manzanos%2C%20S.C.%2C%20Hermanos&query_place_id=ChIJHxEGiA-KTw0R8q3jV5Go800,42.5236778,-2.8477093,/productores/es/la-rioja/la-rioja/manzanos-s-c-hermanos-rodezno.webp,,no,,,8346,,,,,,,es,la-rioja,la-rioja,,,,,,
alegre-valganon-sajazarra,Alegre Valgañón,Sajazarra,Vino,"Vino tinto, vino blanco, vino rosado","C. Hontanillas, 16, 26212 Sajazarra, La Rioja, España","Alegre Valgañón trabaja en Sajazarra más de 15 hectáreas repartidas en 17 parcelas, algunas moldeadas durante más de un siglo, para elaborar vinos ligados al paisaje del río Tirón y los montes Obarenes.",Consultar web o venta directa,+34609886652,oscar@alegrevalganon.com,http://www.alegrevalganon.com,,https://www.instagram.com/alegrevalganon/,https://www.google.com/maps/search/?api=1&query=Alegre%20Valga%C3%B1%C3%B3n&query_place_id=ChIJl-QpO3KGTw0RbHbFmvH91C4,42.58871,-2.9627686,/productores/es/la-rioja/la-rioja/alegre-valganon-sajazarra.webp,,no,,,586,es,,,,,,es,la-rioja,la-rioja,,,,,,
bodegas-senorio-de-libano-sajazarra,BODEGAS SEÑORÍO DE LÍBANO,Sajazarra,Vino,"Vino tinto, vino blanco, vino rosado","C. del Río, 11, 26212 Sajazarra, La Rioja, España","Señorío de Líbano elabora en Sajazarra vinos como Castillo de Sajazarra Reserva, Líbano Selección de la Familia y Líbano Orgánico, además de varietales Digma de Graciano y Tempranillo.",Consultar web o venta directa,+34941320066,javiercornado@castillodesajazarra.com,http://www.senoriodelibano.com,https://es-es.facebook.com/bodegas.castillo.de.sajazarra,https://www.instagram.com/senoriodelibano/,https://www.google.com/maps/search/?api=1&query=BODEGAS%20SE%C3%91OR%C3%8DO%20DE%20L%C3%8DBANO&query_place_id=ChIJZabNu3WGTw0RByEdyEQHm04,42.5895343,-2.9609509,/productores/es/la-rioja/la-rioja/bodegas-senorio-de-libano-sajazarra.webp,,sí,ecommerce,,2381,es,,,,,,es,la-rioja,la-rioja,,,,,,
puente-del-ea-sajazarra,Puente del Ea,Sajazarra,Vino,"Vino tinto, vino blanco, vino rosado","Camino del Aguachal, 26212 Sajazarra, La Rioja, España","Puente del Ea nació en Sajazarra en 2001 como una bodega boutique de amigos aficionados al vino, la gastronomía y la naturaleza, centrada en vinos de paisaje del extremo occidental y elevado de Rioja Alta.",lunes: 7:30–15:00 | martes: 7:30–15:00 | miércoles: 7:30–15:00 | jueves: 7:30–15:00 | viernes: 7:30–15:00 | sábado: Cerrado | domingo: Cerrado,+34941320405,info@puentedelea.com,http://www.puentedelea.com,https://es-es.facebook.com/BodegasYVinedosPuenteDelEa,https://www.instagram.com/puentedelea/,https://www.google.com/maps/search/?api=1&query=Puente%20del%20Ea&query_place_id=ChIJxxWNn3WGTw0RYsik4oghsaY,42.5776483,-2.9620318,/productores/es/la-rioja/la-rioja/puente-del-ea-sajazarra.webp,,sí,ecommerce,,10354,es,,,,,,es,la-rioja,la-rioja,,,,,,
bodega-el-arca-de-noe-san-asensio,BODEGA EL ARCA DE NOE,San Asensio,Vino,"Vino tinto, vino blanco, vino rosado","C. Víctor Cardenal, 71, 26340 San Asensio, La Rioja, España","El Arca de Noé es una cooperativa fundada en San Asensio en 1953; hoy reúne 274 viticultores de cuatro generaciones y 780 hectáreas de Rioja Alta para elaborar las gamas Arca de Noé, Don Paulino y Davalillo.",lunes: 9:00–18:30 | martes: 9:00–18:30 | miércoles: 9:00–18:30 | jueves: 9:00–18:30 | viernes: 9:00–14:00 | sábado: 9:00–14:00 | domingo: Cerrado,+34941457231,info@bodegaelarcadenoe.com,http://www.bodegaelarcadenoe.com/,https://www.facebook.com/pages/Bodega-El-Arca-de-Noe/109573845916606,https://www.instagram.com/bodegaelarcadenoe/,https://www.google.com/maps/search/?api=1&query=BODEGA%20EL%20ARCA%20DE%20NOE&query_place_id=ChIJWbgT5ZZfRQ0RLemlC_SHGuQ,42.50170430000001,-2.7515897,/productores/es/la-rioja/la-rioja/bodega-el-arca-de-noe-san-asensio.webp,,sí,ecommerce,,1405,es,,,,,,es,la-rioja,la-rioja,,,,,,
bodega-san-cebrin-san-asensio,Bodega San Cebrín,San Asensio,Vino,"Vino tinto, vino blanco, vino rosado","Carretera Circunvalación, S/N, 26340 San Asensio, La Rioja, España","San Cebrín nació en San Asensio en 1998 de viticultores locales y de Hormilleja; elabora blancos, rosados y tintos, con crianzas de 12 a 24 meses, y comercializa la gama De Boca en Boca.",lunes: 8:00–14:00 | martes: 8:00–14:00 | miércoles: 8:00–14:00 | jueves: 8:00–14:00 | viernes: 8:00–14:00 | sábado: 10:00–14:00 | domingo: 10:00–14:00,+34941457640,info@sancebrin.com,http://sancebrin.com/,https://www.facebook.com/BodegaSanCebrin,https://www.instagram.com/bodega_sancebrin/,https://www.google.com/maps/search/?api=1&query=Bodega%20San%20Cebr%C3%ADn&query_place_id=ChIJmVXZg3WrWg0RDnD_LiGMHGA,42.5042578,-2.7441868,,,sí,ecommerce,,1627,es,,,,,,es,la-rioja,la-rioja,,,,,,
bodega-senorio-de-la-estrella-san-asensio,BODEGA SEÑORIO DE LA ESTRELLA,San Asensio,Vino,"Vino tinto, vino blanco, vino rosado","LR-208, 1, 26340 San Asensio, La Rioja, España","Señorío de la Estrella nació junto a San Asensio en 1987 y elabora vinos como 15 Arrobas, 7 Cántaras, Dominio de la Salle y Aricheta, además de blancos, claretes y tintos jóvenes.",lunes: 7:00–18:30 | martes: 7:00–18:30 | miércoles: 7:00–18:30 | jueves: 7:00–18:30 | viernes: 7:00–18:30 | sábado: 10:30–13:30 | domingo: 10:30–13:30,+34941457133,bodegas@senoriodelaestrella.es,https://www.senoriodelaestrella.es,https://www.facebook.com/senoriodelaestrellabodega/?ref=hl,,https://www.google.com/maps/search/?api=1&query=BODEGA%20SE%C3%91ORIO%20DE%20LA%20ESTRELLA&query_place_id=ChIJsaDS9HhfRQ0RKzR5kMqQt84,42.5111873,-2.7367681,/productores/es/la-rioja/la-rioja/bodega-senorio-de-la-estrella-san-asensio.webp,,sí,ecommerce,,1645,es,,,,,,es,la-rioja,la-rioja,,,,,,
bodegas-alfonso-garcia-hernando-san-asensio,Bodegas Alfonso García Hernando,San Asensio,Vino,"Vino tinto, vino blanco, vino rosado","C. Víctor Cardenal, 64, 26340 San Asensio, La Rioja, España",Alfonso García Hernando elabora sus propios vinos en un calado centenario del barrio de bodegas de San Asensio y ofrece visitas con degustación.,lunes: 10:00–20:00 | martes: 10:00–20:00 | miércoles: 10:00–20:00 | jueves: 10:00–20:00 | viernes: 10:00–20:00 | sábado: 10:00–20:00 | domingo: 10:00–15:00,+34941457257,info@bodegasalfonsogarciahernando.es,http://www.bodegasalfonsogarciahernando.es/,,,https://www.google.com/maps/search/?api=1&query=Bodegas%20Alfonso%20Garc%C3%ADa%20Hernando&query_place_id=ChIJdzfpVZZfRQ0RqXCu9W-iVmc,42.5008677,-2.7508604,,,no,,,1774,es,,,,,,es,la-rioja,la-rioja,,,,,,
bodegas-lecea-san-asensio,Bodegas Lecea,San Asensio,Vino,"Vino tinto, vino blanco, vino rosado","Barrio de Las Bodegas, C. las Cuevas, 246, 26340 San Asensio, La Rioja, España","Bodegas Lecea mantiene en el barrio de las Cuevas de San Asensio cuatro calados del siglo XVI, donde continúa elaborando en cubas de hormigón y celebra experiencias como el pisado tradicional de la uva.","lunes: 9:00–14:30, 15:00–17:30 | martes: 9:00–17:30 | miércoles: 9:00–14:30, 15:00–17:30 | jueves: 9:00–14:30, 15:00–17:30 | viernes: 9:00–14:30, 15:00–17:30 | sábado: 10:00–14:30, 16:00–18:30 | domingo: 10:00–14:30",+34685010400,info@bodegaslecea.com,http://www.bodegaslecea.com,https://www.facebook.com/bodegaslecea,https://www.instagram.com/bodegaslecea/,https://www.google.com/maps/search/?api=1&query=Bodegas%20Lecea&query_place_id=ChIJjbhh3JVfRQ0RLd6StggSI8M,42.5000879,-2.7537982,/productores/es/la-rioja/la-rioja/bodegas-lecea-san-asensio.webp,,sí,ecommerce,,2131,es,,,,,,es,la-rioja,la-rioja,,,,,,
bodegas-perica-san-asensio,Bodegas Perica,San Asensio,Vino,"Vino tinto, vino blanco, vino rosado","Av. de la Rioja, 59, 26340 San Asensio, La Rioja, España","Bodegas Perica es una casa familiar de San Asensio con más de un siglo de historia y viñedos propios, entre ellos Finca Santa Julita y Finca Valdelascarretas, reconocidos como Viñedo Singular.",lunes: 9:00–18:00 | martes: 9:00–18:00 | miércoles: 9:00–18:00 | jueves: 9:00–18:00 | viernes: 9:00–18:00 | sábado: Cerrado | domingo: Cerrado,+34941457152,infobodegas@grupoperica.com,http://www.bodegasperica.com,https://www.facebook.com/bodegas.perica,,https://www.google.com/maps/search/?api=1&query=Bodegas%20Perica&query_place_id=ChIJ3V2uz5dfRQ0RE8cvoKaMVlk,42.5004871,-2.7499039,/productores/es/la-rioja/la-rioja/bodegas-perica-san-asensio.webp,,sí,ecommerce,,2293,es,,,,,,es,la-rioja,la-rioja,,,,,,
corres-garcia-francisco-san-asensio,"Corres García, Francisco",San Asensio,Vino,"Vino tinto, vino blanco, vino rosado","C. los Carros, 1, 26340 San Asensio, La Rioja, España","Bodega Fran Corres continúa en San Asensio una historia vitícola documentada desde 1881; cultiva viñedos propios con siete variedades y elabora tintos, blancos y rosados de forma tradicional.",Consultar web o venta directa,+34941457226,bodegacorresorive@yahoo.es,https://www.bodegafrancorres.com/,,,https://www.google.com/maps/search/?api=1&query=Corres%20Garc%C3%ADa%2C%20Francisco&query_place_id=ChIJwRH0fL1fRQ0R_jI7A8XcRmI,42.4982426,-2.7501223,/productores/es/la-rioja/la-rioja/corres-garcia-francisco-san-asensio.webp,,no,,,4642,es,,,,,,es,la-rioja,la-rioja,,,,,,
gonzalez-puras-san-asensio,González-Puras,San Asensio,Vino,"Vino tinto, vino blanco, vino rosado","C. las Cuevas, 238, 26340 San Asensio, La Rioja, España","González-Puras elabora en el barrio de las Cuevas de San Asensio desde 1950 tintos de Tempranillo, blanco de Viura y clarete de Viura y Tempranillo, con crianza en calados centenarios.",lunes: 9:00–14:00 | martes: Abierto 24 horas | miércoles: 10:30–15:00 | jueves: Cerrado | viernes: Cerrado | sábado: 10:30–15:00 | domingo: Cerrado,+34676902570,info@bodegasgonzalezpuras.com,http://www.bodegasgonzalezpuras.com,,https://www.instagram.com/bodegasgonzalezpuras/,https://www.google.com/maps/search/?api=1&query=Gonz%C3%A1lez-Puras&query_place_id=ChIJU_CW0ZVfRQ0R59fjLZcMp9I,42.5004188,-2.7541139,/productores/es/la-rioja/la-rioja/gonzalez-puras-san-asensio.webp,,no,,,6498,es,,,,,,es,la-rioja,la-rioja,,,,,,
heredad-pangua-sodupe-s-c-san-asensio,"Heredad Pangua Sodupe, S.C.",San Asensio,Vino,"Vino tinto, vino blanco, vino rosado","Cam. Santo Domingo, 41, 26340 San Asensio, La Rioja, España","Heredad Pangua Sodupe reúne en San Asensio dos familias viticultoras y 25 hectáreas de viñedo propio en San Asensio, Briones y San Vicente de la Sonsierra para las gamas Sodupe, Lagar de Pangua, Jardín del Edén y 7 Pecados.",Consultar web o venta directa,+34941457609,roberto@heredadpanguasodupe.com,http://heredadpanguasodupe.com,,https://www.instagram.com/heredad_pangua_sodupe_rioja/,https://www.google.com/maps/search/?api=1&query=Heredad%20Pangua%20Sodupe%2C%20S.C.&query_place_id=ChIJOTcLm75fRQ0RJb_xjnSVcYU,42.4950223,-2.7534076,/productores/es/la-rioja/la-rioja/heredad-pangua-sodupe-s-c-san-asensio.webp,,no,,,6773,es,,,,,,es,la-rioja,la-rioja,,,,,,
lopez-maestu-s-c-bodegas-san-asensio,"López Maestu, S.C., Bodegas",San Asensio,Vino,"Vino tinto, vino blanco, vino rosado","C. Pecho Saturnino, 1, 26340 San Asensio, La Rioja, España",,Consultar web o venta directa,+34941457327,yrp93@hotmail.com,,,,https://www.google.com/maps/search/?api=1&query=L%C3%B3pez%20Maestu%2C%20S.C.%2C%20Bodegas&query_place_id=ChIJmW8JAJdfRQ0RHwrdadLFirY,42.5008424,-2.7504879,,pendiente,no comprobado,,,8205,,,,,,,es,la-rioja,la-rioja,,,,,,
rufino-lecea-blanco-san-asensio,Rufino Lecea Blanco,San Asensio,Vino,"Vino tinto, vino blanco, vino rosado","C. las Cuevas, 15, 26340 San Asensio, La Rioja, España",Reminde es una bodega familiar de San Asensio que trabaja cepas viejas de Tempranillo en un Viñedo Singular y cría sus vinos en un calado subterráneo con lagar de piedra de sillería.,Consultar web o venta directa,+34626499140,rufino.lecea@gmail.com,http://www.reminde.es,,,https://www.google.com/maps/search/?api=1&query=Rufino%20Lecea%20Blanco&query_place_id=ChIJARMs85ZfRQ0RsoOEWJ6TvVc,42.5013052,-2.7518344,/productores/es/la-rioja/la-rioja/rufino-lecea-blanco-san-asensio.webp,,no,,,11182,es,,,,,,es,la-rioja,la-rioja,,,,,,
ruiz-gomez-s-l-bodegas-san-asensio,"Ruiz Gómez, S.L., Bodegas",San Asensio,Vino,"Vino tinto, vino blanco, vino rosado","C. las Cuevas, 1, 26340 San Asensio, La Rioja, España",,Consultar web o venta directa,+34941457129,info@bodegasrizgomez.com,,,,https://www.google.com/maps/search/?api=1&query=Ruiz%20G%C3%B3mez%2C%20S.L.%2C%20Bodegas&query_place_id=ChIJq8PzgqheRQ0RICzuAxwlB88,42.5001314,-2.751863,,pendiente,no comprobado,,,11184,,,,,,,es,la-rioja,la-rioja,,,,,,
senorio-de-villarrica-san-asensio,SEÑORIO DE VILLARRICA,San Asensio,Vino,"Vino tinto, vino blanco, vino rosado","Cam. Santo Domingo, 27, 26340 San Asensio, La Rioja, España","Señorío de Villarrica continúa en San Asensio cuatro generaciones de viticultores y cultiva 110 hectáreas de viñas viejas para sus crianzas, reservas y vinos de alta gama como Delicia de Baco.",lunes: 7:00–15:00 | martes: 7:00–15:00 | miércoles: 7:00–15:00 | jueves: 7:00–15:00 | viernes: 7:00–15:00 | sábado: Cerrado | domingo: Cerrado,+34941457171,fernandezgasco@fer.es,http://www.villarrica.es,,,https://www.google.com/maps/search/?api=1&query=SE%C3%91ORIO%20DE%20VILLARRICA&query_place_id=ChIJDcTgMbxfRQ0R_e9pGgpXAA0,42.4954731,-2.7518095,/productores/es/la-rioja/la-rioja/senorio-de-villarrica-san-asensio.webp,,no,,,11478,es,,,,,,es,la-rioja,la-rioja,,,,,,
sodupe-orive-santos-san-asensio,"Sodupe Orive, Santos",San Asensio,Vino,"Vino tinto, vino blanco, vino rosado","C. la Barrera, nº 3, bajo, 26340 San Asensio, La Rioja, España","Santos Sodupe es una bodega familiar de San Asensio con viñedos propios que elabora crianzas, reservas, vinos de maceración carbónica, Graciano y la gama Titis, además de vermús Pekador.",Consultar web o venta directa,+34941457404,info@bodegasantossodupe.com,http://bodegasantossodupe.com,,https://www.instagram.com/bodegasantossodupe/,https://www.google.com/maps/search/?api=1&query=Sodupe%20Orive%2C%20Santos&query_place_id=ChIJIaEKHZhfRQ0RY4nmo_7rPWc,42.499227,-2.7478936,/productores/es/la-rioja/la-rioja/sodupe-orive-santos-san-asensio.webp,,sí,ecommerce,,11649,es,,,,,,es,la-rioja,la-rioja,,,,,,
apilanez-ruiz-y-dos-mas-vicente-san-vicente-de-la-sonsierra,"Apilánez Ruiz y Dos Más, Vicente",San Vicente de la Sonsierra,Vino,"Vino tinto, vino blanco, vino rosado","Cam. el Bullón, 1, 26338 San Vicente de la Sonsierra, La Rioja, España",,Consultar web o venta directa,+34941334411,apilanezjl@hotmail.es,,,,https://www.google.com/maps/search/?api=1&query=Apil%C3%A1nez%20Ruiz%20y%20Dos%20M%C3%A1s%2C%20Vicente&query_place_id=ChIJufiXA930Tw0ReILl59ySEcE,42.565673,-2.7622902,,pendiente,no comprobado,,,855,,,,,,,es,la-rioja,la-rioja,,,,,,
bodega-abel-mendoza-monge-sl-san-vicente-de-la-sonsierra,"Bodega Abel Mendoza Monge, S.L.",San Vicente de la Sonsierra,Vino,"Jarrarte, Risueño, Malvasía, Graciano Grano a Grano y Selección Personal","P.º de Logroño, 7, 26338 San Vicente de la Sonsierra, La Rioja, España",Bodega de San Vicente de la Sonsierra que elabora vinos de parcela con variedades tintas y blancas de sus viñedos de la Sonsierra.,Consultar web o venta directa,+34941308010,jarrarte@abelmendoza.es,https://www.abelmendoza.com/,,,https://www.google.com/maps/search/?api=1&query=BODEGA%20ABEL%20MENDOZA%20MONGE%2C%20SL.&query_place_id=ChIJl6hGF8L0Tw0R5WzLrkRawWQ,42.5660589,-2.7609975,,,sí,ecommerce,,1269,es,,,,,,es,la-rioja,la-rioja,,,,,,
bodega-cm-matarromera-san-vicente-de-la-sonsierra,Bodega CM Matarromera,San Vicente de la Sonsierra,Vino,"Vino tinto, vino blanco, vino rosado","Camino Garugele, S/N, 26338 San Vicente de la Sonsierra, La Rioja, España","CM Matarromera materializa en San Vicente de la Sonsierra el proyecto riojano de Carlos Moro, viticultor y bodeguero también vinculado a Ribera del Duero, Toro, Cigales, Rueda, Ribeiro y Rías Baixas.",lunes: Cerrado | martes: 9:30–18:00 | miércoles: 9:30–18:00 | jueves: 9:30–18:00 | viernes: 9:30–18:00 | sábado: 9:30–18:00 | domingo: Cerrado,+34941334093,comunicacion@bodegacmdematarromera.com,https://bodegacmdematarromera.es/,https://www.facebook.com/CMMatarromera,https://www.instagram.com/cmmatarromera/,https://www.google.com/maps/search/?api=1&query=Bodega%20CM%20Matarromera&query_place_id=ChIJu7Wp6t30Tw0RRNMdtgQce28,42.5725943,-2.7557642,/productores/es/la-rioja/la-rioja/bodega-cm-matarromera-san-vicente-de-la-sonsierra.webp,,sí,ecommerce,,1342,es,,,,,,es,la-rioja,la-rioja,,,,,,
bodega-del-monge-garbati-vina-ane-san-vicente-de-la-sonsierra,Bodega del Monge - Garbati - Viña Ane,San Vicente de la Sonsierra,Vino,"Vino tinto, vino blanco, vino rosado","de Tereso, s/n., Ctra. Rivas, 26338 San Vicente de la Sonsierra, La Rioja, España","Viña Ane es una bodega familiar fundada en San Vicente de la Sonsierra en 2004 por Eduardo Monge y Lorena Garbati, que elabora Tempranillos como El Laberinto, Selección y Autor con distintas crianzas en roble.",Consultar web o venta directa,+34659167653,bodegamg@yahoo.es,http://vinaane.com,,https://www.instagram.com/vinaane/,https://www.google.com/maps/search/?api=1&query=Bodega%20del%20Monge%20-%20Garbati%20-%20Vi%C3%B1a%20Ane&query_place_id=ChIJdxGZo8H0Tw0RGfPd3llZyvw,42.573083,-2.759999,/productores/es/la-rioja/la-rioja/bodega-del-monge-garbati-vina-ane-san-vicente-de-la-sonsierra.webp,,no,,,1384,es,,,,,,es,la-rioja,la-rioja,,,,,,
bodega-hacienda-lopez-de-haro-san-vicente-de-la-sonsierra,BODEGA HACIENDA LOPEZ DE HARO,San Vicente de la Sonsierra,Vino,"Vino tinto, vino blanco, vino rosado","Camino del Cementerio, s/n, 26338 San Vicente de la Sonsierra, La Rioja, España","Hacienda López de Haro elabora en San Vicente de la Sonsierra blancos, rosados, Tempranillo, crianza, reserva y gran reserva, con referencias de municipio como San Vicente y Blanco de Badarán.",lunes: 10:00–17:00 | martes: 10:00–17:00 | miércoles: 10:00–17:00 | jueves: 10:00–17:00 | viernes: 10:00–17:00 | sábado: 10:00–17:00 | domingo: Cerrado,+34676393955,enoturismo@haciendalopezdeharo.com,https://www.haciendalopezdeharo.com/,https://www.facebook.com/HaciendaLopezdeHaro/,https://www.instagram.com/lopezdeharowine/,https://www.google.com/maps/search/?api=1&query=BODEGA%20HACIENDA%20LOPEZ%20DE%20HARO&query_place_id=ChIJYaydnB_1Tw0Rh-AjKtMfOy8,42.5518386,-2.7583949,/productores/es/la-rioja/la-rioja/bodega-hacienda-lopez-de-haro-san-vicente-de-la-sonsierra.webp,,no,,,1469,es,,,,,,es,la-rioja,la-rioja,,,,,,
bodegas-castillo-de-mendoza-organic-wines-san-vicente-de-la-sonsierra,Bodegas Castillo de Mendoza Organic Wines,San Vicente de la Sonsierra,Vino,"Vino tinto, vino blanco, vino rosado","Paraje de, C. San Juan, s/n, 26338 San Vicente de la Sonsierra, La Rioja, España","Castillo de Mendoza fue una de las bodegas pioneras del vino ecológico en Rioja y trabaja en San Vicente de la Sonsierra viñedos certificados, incluidos viñedos centenarios, para las gamas Castillo de Mendoza, Noralba, Vitarán y Chirimendo.",lunes: 10:00–14:00 | martes: 10:00–14:00 | miércoles: 10:00–14:00 | jueves: 10:00–14:00 | viernes: 10:00–14:00 | sábado: 11:30–14:00 | domingo: Cerrado,+34941334496,comercial@castillodemendoza.com,http://www.castillodemendoza.com,,,https://www.google.com/maps/search/?api=1&query=Bodegas%20Castillo%20de%20Mendoza%20Organic%20Wines&query_place_id=ChIJXzpomOH0Tw0RXgJEqkt24to,42.5580604,-2.752951,,,sí,ecommerce,,1902,es,,,,,,es,la-rioja,la-rioja,,,,,,
bodegas-hermanos-pecina-san-vicente-de-la-sonsierra,Bodegas hermanos Peciña,San Vicente de la Sonsierra,Vino,"Vino tinto, vino blanco, vino rosado","P.º de Logroño, km 47, 26338 San Vicente de la Sonsierra, La Rioja, España","Hermanos Peciña fue fundada en San Vicente de la Sonsierra en 1992 por Pedro Peciña y sus tres hijos; mantiene trasiegas tradicionales y elabora las gamas Señorío de P. Peciña, Finca Iscorta y Chobeo.","lunes: 9:00–13:30, 15:00–18:00 | martes: 9:00–13:30, 15:00–18:00 | miércoles: 9:00–13:30, 15:00–18:00 | jueves: 9:00–13:30, 15:00–18:00 | viernes: 9:00–13:30, 15:00–18:00 | sábado: 10:00–14:00, 16:00–19:00 | domingo: 10:00–14:00",+34941334366,comercial@bodegashermanospecina.com,http://www.bodegashermanospecina.com,https://www.facebook.com/BodegaPecina/,https://www.instagram.com/bodegaspecina/,https://www.google.com/maps/search/?api=1&query=Bodegas%20hermanos%20Peci%C3%B1a&query_place_id=ChIJXfLPZ-n0Tw0R3o4Xule1ywc,42.5697808,-2.7626185,/productores/es/la-rioja/la-rioja/bodegas-hermanos-pecina-san-vicente-de-la-sonsierra.webp,,no,,,2056,es,,,,,,es,la-rioja,la-rioja,,,,,,
bodegas-lagar-de-zabala-san-vicente-de-la-sonsierra,Bodegas Lagar de Zabala,San Vicente de la Sonsierra,Vino,"Vino tinto, vino blanco, vino rosado","Pl. Mayor, 2, 26338 San Vicente de la Sonsierra, La Rioja, España","Lagar de Zabala cultiva en San Vicente de la Sonsierra 40 hectáreas propias, principalmente de Tempranillo y Garnacha, junto a uno de los lagares rupestres mejor conservados de Rioja Alta.",Consultar web o venta directa,+34941334435,bodegaslardezabala@hotmail.com,http://www.bodegaslagardezabala.com,,,https://www.google.com/maps/search/?api=1&query=Bodegas%20Lagar%20de%20Zabala&query_place_id=ChIJ8Tp97930Tw0RvaJvr--YLWM,42.56246540000001,-2.7589575,/productores/es/la-rioja/la-rioja/bodegas-lagar-de-zabala-san-vicente-de-la-sonsierra.webp,,no,,,2118,es,,,,,,es,la-rioja,la-rioja,,,,,,
bodegas-moraza-san-vicente-de-la-sonsierra,Bodegas Moraza,San Vicente de la Sonsierra,Vino,"Vino tinto, vino blanco, vino rosado","Carretera Peñacerrada, 0 S/N, 26338 San Vicente de la Sonsierra, La Rioja, España","Bodegas Moraza cultiva en San Vicente de la Sonsierra viñedos con manejo ecológico de Viura, Tempranillo, Garnacha y Graciano, y elabora vinos de terruño como 4 Caminos, Las Tasugueras y Soplar.",Consultar web o venta directa,+34662643021,janire@bodegasmoraza.com,http://www.bodegasmoraza.com,,https://www.instagram.com/bodegasmoraza/,https://www.google.com/maps/search/?api=1&query=Bodegas%20Moraza&query_place_id=ChIJ7_Hq-sL0Tw0RQpfWJthu0mY,42.5724642,-2.7595915,/productores/es/la-rioja/la-rioja/bodegas-moraza-san-vicente-de-la-sonsierra.webp,,no,,,2218,es,,,,,,es,la-rioja,la-rioja,,,,,,
bodegas-olmaza-san-vicente-de-la-sonsierra,Bodegas Olmaza,San Vicente de la Sonsierra,Vino,"Vino tinto, vino blanco, vino rosado","Camino San Martín s/n Ctra. N-232a, 26338 San Vicente de la Sonsierra, La Rioja, España","Bodegas Olmaza reúne en San Vicente de la Sonsierra a tres generaciones de la familia Gil y trabaja viñedos propios de San Vicente, Briones y Labastida para vinos como Viña Olmaza, Olmaza Autor y Osluna.","lunes: 9:00–14:00, 17:00–20:00 | martes: 9:00–14:00, 17:00–20:00 | miércoles: 9:00–14:00, 17:00–20:00 | jueves: 9:00–14:00, 17:00–20:00 | viernes: 9:00–14:00, 17:00–20:00 | sábado: 9:00–14:00, 17:00–20:00 | domingo: 9:00–13:00",+34647682032,info@bodegasolmaza.com,http://www.bodegasolmaza.com/,,,https://www.google.com/maps/search/?api=1&query=Bodegas%20Olmaza&query_place_id=ChIJy2jI1uv0Tw0RC1gu3wfPWdg,42.572056,-2.755131,/productores/es/la-rioja/la-rioja/bodegas-olmaza-san-vicente-de-la-sonsierra.webp,,no,,,2257,es,,,,,,es,la-rioja,la-rioja,,,,,,
bodegas-ramirez-de-la-piscina-san-vicente-de-la-sonsierra,BODEGAS RAMIREZ DE LA PISCINA,San Vicente de la Sonsierra,Vino,"Vino tinto, vino blanco, vino rosado","Ctra. Vitoria - Logroño, N-232a, s/n, 26338 San Vicente de la Sonsierra, La Rioja, España","Ramírez de la Piscina es una bodega familiar de San Vicente de la Sonsierra que transforma la uva de sus viñedos en vinos DOCa Rioja y muestra en sus visitas los procesos de elaboración, crianza y embotellado.","lunes: 8:30–13:30, 15:00–18:00 | martes: 8:30–13:30, 15:00–18:00 | miércoles: 8:30–13:30, 15:00–18:00 | jueves: 8:30–13:30, 15:00–18:00 | viernes: 8:30–13:30, 15:00–18:00 | sábado: Cerrado | domingo: Cerrado",+34941334505,info@ramirezdelapiscina.com,http://www.ramirezdelapiscina.com,https://www.facebook.com/bramirezdelapiscina,https://www.instagram.com/ramirezdelapiscina/,https://www.google.com/maps/search/?api=1&query=BODEGAS%20RAMIREZ%20DE%20LA%20PISCINA&query_place_id=ChIJSRNEN8L0Tw0REULlQt4GOpI,42.5709612,-2.7598793,/productores/es/la-rioja/la-rioja/bodegas-ramirez-de-la-piscina-san-vicente-de-la-sonsierra.webp,,sí,ecommerce,,2318,es,,,,,,es,la-rioja,la-rioja,,,,,,
bodegas-sonsierra-san-vicente-de-la-sonsierra,Bodegas Sonsierra,San Vicente de la Sonsierra,Vino,"Vino tinto, vino blanco, vino rosado","P.º de Logroño, 3, 26338 San Vicente de la Sonsierra, La Rioja, España","Bodegas Sonsierra nació en San Vicente de la Sonsierra en 1961 como cooperativa y fue pionera en Rioja en comercializar vino embotellado; trabaja Tempranillo y Viura, con unas 150 hectáreas de viñas de 30 a 130 años.",lunes: 7:00–15:00 | martes: 7:00–15:00 | miércoles: 7:00–15:00 | jueves: 7:00–15:00 | viernes: 7:00–15:00 | sábado: 11:00–15:00 | domingo: Cerrado,+34941334031,sonsierra@sonsierra.com,http://www.sonsierra.com,https://es-es.facebook.com/bodegas.sonsierra/,https://www.instagram.com/bodegasonsierra/,https://www.google.com/maps/search/?api=1&query=Bodegas%20Sonsierra&query_place_id=ChIJa_uNod30Tw0Rr7j2cpCXTJc,42.5654054,-2.7608561,,,sí,ecommerce,,2393,es,,,,,,es,la-rioja,la-rioja,,,,,,
heredad-san-andres-san-vicente-de-la-sonsierra,Heredad San Andrés,San Vicente de la Sonsierra,Vino,"Vino tinto, vino blanco, vino rosado","Tr.ª la Concepción, 30, 26338 San Vicente de la Sonsierra, La Rioja, España",Bodega familiar nacida en 2001 en San Vicente de la Sonsierra. Heredad San Andrés trabaja sus viñedos propios con viticultura sostenible y elabora sus vinos con métodos tradicionales; Cupani es su marca principal.,"lunes: 8:00–13:00, 15:00–18:00 | martes: 8:00–13:00, 15:00–18:00 | miércoles: 8:00–13:00, 15:00–18:00 | jueves: 8:00–13:00, 15:00–18:00 | viernes: 8:00–13:00, 15:00–18:00 | sábado: 8:00–14:00 | domingo: Cerrado",+34687829731,sircupani@gmail.com,http://www.cupani.es/,,,https://www.google.com/maps/search/?api=1&query=Heredad%20San%20Andr%C3%A9s&query_place_id=ChIJaS1scuf0Tw0R1s_5lfGzx5o,42.563922,-2.7569612,/productores/es/la-rioja/la-rioja/heredad-san-andres-san-vicente-de-la-sonsierra.webp,,no,,,6774,es,,,,,,es,la-rioja,la-rioja,,,,,,
hnos-alonso-pangua-s-c-san-vicente-de-la-sonsierra,"Hnos. Alonso Pangua, S.C.",San Vicente de la Sonsierra,Vino,"Vino tinto, vino blanco, vino rosado","C. Prado, S/N, 26338 San Vicente de la Sonsierra, La Rioja, España","Hermanos Alonso Pangua es una bodega cosechera familiar de San Vicente de la Sonsierra que elabora desde 1975 tintos, blancos y rosados de viñedo propio con Tempranillo, Garnacha y Viura.","lunes: 9:00–13:30, 16:30–20:00 | martes: 9:00–13:30, 16:30–20:00 | miércoles: 9:00–13:30, 16:30–20:00 | jueves: 9:00–13:30, 16:30–20:00 | viernes: 9:00–13:30, 16:30–20:00 | sábado: 9:00–13:30 | domingo: Cerrado",+34667454222,info@hnosalonsopangua.com,http://www.hermanosalonsopangua.com/,,,https://www.google.com/maps/search/?api=1&query=Hnos.%20Alonso%20Pangua%2C%20S.C.&query_place_id=ChIJDTDlD-f0Tw0R9PUaIe8M-nA,42.563849,-2.7562076,/productores/es/la-rioja/la-rioja/hnos-alonso-pangua-s-c-san-vicente-de-la-sonsierra.webp,,sí,ecommerce,,6831,es,,,,,,es,la-rioja,la-rioja,,,,,,
lerena-gonzalez-martin-san-vicente-de-la-sonsierra,"Lerena González, Martín",San Vicente de la Sonsierra,Vino,"Vino tinto, vino blanco, vino rosado","P.º las Vistillas, 1, 26338 San Vicente de la Sonsierra, La Rioja, España",,Consultar web o venta directa,+34686344916,hnoslerena@gmail.com,,,,https://www.google.com/maps/search/?api=1&query=Lerena%20Gonz%C3%A1lez%2C%20Mart%C3%ADn&query_place_id=ChIJtY7eAd30Tw0RBiggkPabxQI,42.5645824,-2.7605031,,pendiente,no comprobado,,,8113,,,,,,,es,la-rioja,la-rioja,,,,,,
martinez-garcia-vicente-san-vicente-de-la-sonsierra,"Martínez García, Vicente",San Vicente de la Sonsierra,Vino,"Vino tinto, vino blanco, vino rosado","C. Gral. Varela, 75, 26338 San Vicente de la Sonsierra, La Rioja, España",,Consultar web o venta directa,+34941308111,manael.vicente@gmail.com,,,,https://www.google.com/maps/search/?api=1&query=Mart%C3%ADnez%20Garc%C3%ADa%2C%20Vicente&query_place_id=ChIJy52qTOD0Tw0Rj36PmRy269g,42.5586919,-2.7555623,,pendiente,no comprobado,,,8402,,,,,,,es,la-rioja,la-rioja,,,,,,
mendoza-lardi-s-l-bodegas-san-vicente-de-la-sonsierra,"Mendoza Lardi, S.L., Bodegas",San Vicente de la Sonsierra,Vino,"Vino tinto, vino blanco, vino rosado","Cam. el Bullón, 26338, La Rioja, España",,lunes: 10:00–14:00 | martes: 10:00–14:00 | miércoles: 10:00–14:00 | jueves: 10:00–14:00 | viernes: 10:00–14:00 | sábado: 11:30–14:00 | domingo: Cerrado,+34941334040,boni@dolmar.es,,,,https://www.google.com/maps/search/?api=1&query=Mendoza%20Lardi%2C%20S.L.%2C%20Bodegas&query_place_id=ChIJ6YR-ScP0Tw0RKUlqzG8vSWo,42.5680995,-2.7624313,,pendiente,no comprobado,,,8616,,,,,,,es,la-rioja,la-rioja,,,,,,
perez-fernandez-jose-m-san-vicente-de-la-sonsierra,"Pérez Fernández, José Mª",San Vicente de la Sonsierra,Vino,"Vino tinto, vino blanco, vino rosado","Tr.ª Padre Elías, 26338 San Vicente de la Sonsierra, La Rioja, España",,lunes: 8:00–20:00 | martes: 8:00–20:00 | miércoles: 8:00–20:00 | jueves: 8:00–20:00 | viernes: 8:00–20:00 | sábado: 8:00–14:00 | domingo: Cerrado,+34941333430,perezsonsierra@gmail.com,,,,https://www.google.com/maps/search/?api=1&query=P%C3%A9rez%20Fern%C3%A1ndez%2C%20Jos%C3%A9%20M%C2%AA&query_place_id=ChIJlYPtqN30Tw0RvKK7fReapjY,42.5641599,-2.7600485,,pendiente,no comprobado,,,10137,,,,,,,es,la-rioja,la-rioja,,,,,,
ramirez-de-inoriza-s-c-b-y-v-san-vicente-de-la-sonsierra,"Ramírez de Inoriza, S.C., B y V.",San Vicente de la Sonsierra,Vino,"Vino tinto, vino blanco, vino rosado","Cam. el Bullón, 26338 San Vicente de la Sonsierra, La Rioja, España",,"lunes: 9:00–13:30, 17:00–20:00 | martes: 9:00–13:30, 17:00–20:00 | miércoles: 9:00–13:30, 17:00–20:00 | jueves: 9:00–13:30, 17:00–20:00 | viernes: 9:00–13:30, 17:00–20:00 | sábado: 9:00–14:00 | domingo: 10:30–14:00",+34941308020,bodegairi@yahoo.es,http://www.bodegairi.com/,,,https://www.google.com/maps/search/?api=1&query=Ram%C3%ADrez%20de%20Inoriza%2C%20S.C.%2C%20B%20y%20V.&query_place_id=ChIJ8b4kB970Tw0RKYnqGzkQvt4,42.5694663,-2.7628552,,pendiente,no comprobado,,,11047,,,,,,,es,la-rioja,la-rioja,,,,,,
ramirez-ramirez-m-lurena-san-vicente-de-la-sonsierra,"Ramírez Ramírez, Mª. Lurena",San Vicente de la Sonsierra,Vino,"Vino tinto, vino blanco, vino rosado","C. el Remedio, 34, 26338 San Vicente de la Sonsierra, La Rioja, España",,"lunes: Cerrado | martes: Cerrado | miércoles: Cerrado | jueves: Cerrado | viernes: Cerrado | sábado: 9:00–14:00, 17:00–19:00 | domingo: 9:00–15:00",+34941334216,lurenaramirez@hotmail.es,,,,https://www.google.com/maps/search/?api=1&query=Ram%C3%ADrez%20Ram%C3%ADrez%2C%20M%C2%AA.%20Lurena&query_place_id=ChIJvRmY2vj1Tw0RaCLk5uvBByU,42.5647454,-2.7599136,,pendiente,no comprobado,,,11048,,,,,,,es,la-rioja,la-rioja,,,,,,
ruiz-monge-teodoro-san-vicente-de-la-sonsierra,"Ruiz Monge, Teodoro",San Vicente de la Sonsierra,Vino,"Vino tinto, vino blanco, vino rosado","Calle Primera Travesía San Roque, 9, 26338 San Vicente de la Sonsierra, La Rioja, España","Teodoro Ruiz Monge continúa en San Vicente de la Sonsierra cuatro generaciones de elaboración iniciadas en 1870 y se especializa en maceración carbónica para vinos como La Pacha, Zurbano, Monge-Ruiz y Orzadillo.",Consultar web o venta directa,+34669779389,bodegateodororm@hotmail.com,http://www.bodegateodororuizmonge.com/,,,https://www.google.com/maps/search/?api=1&query=Ruiz%20Monge%2C%20Teodoro&query_place_id=ChIJpcx-X-f0Tw0RDrOBCMtyzAg,42.5632649,-2.7583295,/productores/es/la-rioja/la-rioja/ruiz-monge-teodoro-san-vicente-de-la-sonsierra.webp,,no,,,11185,es,,,,,,es,la-rioja,la-rioja,,,,,,
senorio-de-san-vicente-s-a-san-vicente-de-la-sonsierra,"Señorío de San Vicente, S.A.",San Vicente de la Sonsierra,Vino,"Vino tinto, vino blanco, vino rosado","C. el Remedio, 27, 26338 San Vicente de la Sonsierra, La Rioja, España",Señorío de San Vicente nació en 1991 como proyecto de la familia Eguren para recuperar el Tempranillo Peludo de La Canoca y elaborar en San Vicente de la Sonsierra un único vino de un único viñedo.,lunes: 9:00–15:00 | martes: 9:00–15:00 | miércoles: 9:00–15:00 | jueves: 9:00–15:00 | viernes: 9:00–15:00 | sábado: Cerrado | domingo: Cerrado,+34941334080,visitassenoriodesanvicente@gmail.com,https://www.sierracantabria.com/las-bodegas/senorio-de-san-vicente/,,,https://www.google.com/maps/search/?api=1&query=Se%C3%B1or%C3%ADo%20de%20San%20Vicente%2C%20S.A.&query_place_id=ChIJp2aDod30Tw0RJAPg96d4R9Q,42.56348089999999,-2.759224,/productores/es/la-rioja/la-rioja/senorio-de-san-vicente-s-a-san-vicente-de-la-sonsierra.webp,,no,,,11473,es,,,,,,es,la-rioja,la-rioja,,,,,,
v-de-maderacion-carbonica-s-l-san-vicente-de-la-sonsierra,"V.DE MADERACION CARBONICA, S.L",San Vicente de la Sonsierra,Vino,"Vino tinto, vino blanco, vino rosado","26338 San Vicente de la Sonsierra, La Rioja, España","Bodega Contador es el proyecto riojano de Benjamín Romeo y trabaja desde San Vicente de la Sonsierra con una filosofía centrada en la tierra, las raíces, la exigencia y el tiempo de elaboración.",lunes: 7:00–14:00 | martes: 7:00–14:00 | miércoles: 7:00–14:00 | jueves: 7:00–14:00 | viernes: 7:00–14:00 | sábado: Cerrado | domingo: Cerrado,+34941334331,evapangua@yahoo.es,http://www.bodegacontador.com/,,,https://www.google.com/maps/search/?api=1&query=V.DE%20MADERACION%20CARBONICA%2C%20S.L&query_place_id=ChIJdcc8Dd70Tw0R-Adxw745tBY,42.5631748,-2.7593143,/productores/es/la-rioja/la-rioja/v-de-maderacion-carbonica-s-l-san-vicente-de-la-sonsierra.webp,,no,,,12042,es,,,,,,es,la-rioja,la-rioja,,,,,,
vina-arnillas-s-l-san-vicente-de-la-sonsierra,"VIÑA ARNILLAS, S.L.",San Vicente de la Sonsierra,Vino,"Vino tinto, vino blanco, vino rosado","C. Prado, 2, 26338 San Vicente de la Sonsierra, La Rioja, España","Bodegas Feco elabora en San Vicente de la Sonsierra vinos parcelarios de producción muy limitada bajo el principio «un vino, un viñedo», como homenaje a la tradición vitícola del abuelo Feco.",lunes: 9:00–17:00 | martes: 9:00–17:00 | miércoles: 9:00–17:00 | jueves: 9:00–17:00 | viernes: 9:00–17:00 | sábado: 9:00–17:00 | domingo: Cerrado,+34941334208,arnillas1234@yahoo.es,http://bodegasfeco.com/,,,https://www.google.com/maps/search/?api=1&query=VI%C3%91A%20ARNILLAS%2C%20S.L.&query_place_id=ChIJGeynE-f0Tw0RHgdCo_N_N0Q,42.5636493,-2.7566607,/productores/es/la-rioja/la-rioja/vina-arnillas-s-l-san-vicente-de-la-sonsierra.webp,,sí,ecommerce,,12180,es,,,,,,es,la-rioja,la-rioja,,,,,,
vina-valdeloyo-s-l-san-vicente-de-la-sonsierra,"Viña Valdeloyo, S.L.",San Vicente de la Sonsierra,Vino,"Vino tinto, vino blanco, vino rosado","C. las Eras, 1, 26338 San Vicente de la Sonsierra, La Rioja, España","Valdeloyo es el proyecto familiar creado en San Vicente de la Sonsierra por Tasio y continuado por sus hijos Alberto, José y Pilar; elabora Valdeloyo Crianza, un joven de maceración carbónica y La Viña de Tasio.",Consultar web o venta directa,+34941334240,valdeloyo@live.com,https://www.valdeloyo.com/,,,https://www.google.com/maps/search/?api=1&query=Vi%C3%B1a%20Valdeloyo%2C%20S.L.&query_place_id=ChIJl_EwRUv1Tw0RvRVBO3PVi1w,42.5574539,-2.7560328,/productores/es/la-rioja/la-rioja/vina-valdeloyo-s-l-san-vicente-de-la-sonsierra.webp,,sí,ecommerce,,12196,es,,,,,,es,la-rioja,la-rioja,,,,,,
mariano-martinez-embutidos-santa-coloma,Mariano Martínez Embutidos,Santa Coloma,Carne,Embutidos artesanos,"C. Felipe Abad León, 51, 26315 Santa Coloma, La Rioja, España","Mariano Martínez elabora y cura en Santa Coloma embutidos de cerda Duroc desde que la familia creó la empresa actual en 1983, continuando una tradición ganadera y chacinera de más de seis décadas.",lunes: 9:00–13:30 | martes: 9:00–13:30 | miércoles: 9:00–13:30 | jueves: 9:00–13:30 | viernes: 9:00–13:30 | sábado: 9:00–13:30 | domingo: Cerrado,+34941416807,,https://marianomartinez.es/,,,https://www.google.com/maps/search/?api=1&query=Mariano%20Mart%C3%ADnez%20Embutidos&query_place_id=ChIJjcbcRtRaRQ0RNSUtWyFYACY,42.36599260000001,-2.6546975,/productores/es/la-rioja/la-rioja/mariano-martinez-embutidos-santa-coloma.webp,,sí,telefono,,8365,es,,,,,,es,la-rioja,la-rioja,,,,,,
trujal-santa-eulalia-de-yuso,Trujal Santa Eulalia de Yuso,Santa Eulalia Bajera,Aceite,Aceite de oliva virgen extra,"Unnamed Road 26585, 26585, La Rioja, España",,Consultar web o venta directa,+34680984444,,,,,https://www.google.com/maps/search/?api=1&query=Trujal%20Santa%20Eulalia%20de%20Yuso&query_place_id=ChIJOQlumojAWg0R2KgvmnSQR2I,42.2050157,-2.1876107,,pendiente,no comprobado,,,11957,,,,,,,es,la-rioja,la-rioja,,,,,,
el-praeno-santa-marina,El Praeño,Santa Marina,Miel,,"26132 Santa Marina, La Rioja, España",,lunes: 8:30–13:00 | martes: 8:30–13:00 | miércoles: 8:30–13:00 | jueves: 8:30–13:00 | viernes: 8:30–13:00 | sábado: 8:30–13:00 | domingo: 8:30–13:00,+34680253934,,,,https://www.instagram.com/elpraeno/,https://www.google.com/maps/search/?api=1&query=El%20Prae%C3%B1o&query_place_id=ChIJi_biAuW3Wg0RzR6Kxl0_Ng8,42.2466774,-2.3594891,,pendiente,no comprobado,,,5252,,,,,,,es,la-rioja,la-rioja,,,,,,
la-huerta-del-oja-santurde-de-rioja,La Huerta del Oja,Santurde de Rioja,Fruta y verdura,Huerta ecológica,"Cam. de la Cerradilla, S/N, 26260 Santurde de Rioja, La Rioja, España","La Huerta del Oja cultiva en Santurde de Rioja hortalizas, brotes y flores comestibles con agricultura ecológica y los envía directamente a clientes de toda España.",lunes: 9:00–19:00 | martes: 9:00–19:00 | miércoles: 9:00–19:00 | jueves: 9:00–19:00 | viernes: 9:00–19:00 | sábado: 9:00–15:00 | domingo: Cerrado,+34609085531,,https://lahuertadeloja.es/,,,https://www.google.com/maps/search/?api=1&query=La%20Huerta%20del%20Oja&query_place_id=ChIJcUMS7Qt7RQ0R1GA-eRFuUAI,42.4030964,-2.9754897,/productores/es/la-rioja/la-rioja/la-huerta-del-oja-santurde-de-rioja.webp,,sí,telefono,,7718,es,,,,,,es,la-rioja,la-rioja,,,,,,
ojuel-sojuela,OJUEL,Sojuela,Vino,"Vino tinto, vino blanco, vino rosado","C. Mayor, 49, 26376 Sojuela, La Rioja, España",,lunes: Abierto 24 horas | martes: Abierto 24 horas | miércoles: Abierto 24 horas | jueves: Abierto 24 horas | viernes: Abierto 24 horas | sábado: Abierto 24 horas | domingo: Abierto 24 horas,+34669923267,ojuelwine@hotmail.com,http://www.ojuelwine.com,https://www.facebook.com/ojuel.supurao,,https://www.google.com/maps/search/?api=1&query=OJUEL&query_place_id=ChIJydKXokhRRQ0RsETVoO0Ct4g,42.37023629999999,-2.5443041,,pendiente,no comprobado,,,9184,,,,,,,es,la-rioja,la-rioja,,,,,,
miel-la-panda-sorzano,Miel La Panda,Sorzano,Miel,,"C. Revilla, 15, 26191 Sorzano, La Rioja, España",,lunes: 10:00–18:00 | martes: 10:00–18:00 | miércoles: 10:00–18:00 | jueves: 10:00–18:00 | viernes: 10:00–18:00 | sábado: Cerrado | domingo: Cerrado,+34650737986,,,,,https://www.google.com/maps/search/?api=1&query=Miel%20La%20Panda&query_place_id=ChIJcR0IY9tNRQ0RfunCwkr1R2Y,42.3411993,-2.5313997,,pendiente,no comprobado,,,8755,,,,,,,es,la-rioja,la-rioja,,,,,,
panaderia-artesana-las-100-doncellas-sorzano,Panadería Artesana Las 100 Doncellas,Sorzano,Pan y cereal,Pan artesano,"C. Cien Doncellas, 1, 26191 Sorzano, La Rioja, España",,Consultar web o venta directa,+34629610069,,,,,https://www.google.com/maps/search/?api=1&query=Panader%C3%ADa%20Artesana%20Las%20100%20Doncellas&query_place_id=ChIJK369TsNNRQ0Rymbrg7em0IE,42.342142,-2.5293335,,pendiente,no comprobado,,,9458,,,,,,,es,la-rioja,la-rioja,,,,,,
mazapanes-de-soto-vda-de-manuel-redondo-soto-en-cameros,Mazapanes de Soto Vda. de Manuel Redondo,Soto en Cameros,Dulces y repostería,Mazapán de Soto,"C. Marqués de Vallejo, 4, 26132 Soto en Cameros, La Rioja, España",Vda. de Manuel Redondo mantiene en Soto en Cameros cuatro generaciones de mazapán y un proceso que no ha cambiado desde 1870: almendra seleccionada y cocción directa en horno de leña de roble.,Consultar web o venta directa,+34941439008,,https://www.vdamanuelredondo.com/,,,https://www.google.com/maps/search/?api=1&query=Mazapanes%20de%20Soto%20Vda.%20de%20Manuel%20Redondo&query_place_id=ChIJeRHyX4G0Wg0RHE3IC9IzExo,42.2857225,-2.425804,/productores/es/la-rioja/la-rioja/mazapanes-de-soto-vda-de-manuel-redondo-soto-en-cameros.webp,,sí,ecommerce,,8529,es,,,,,,es,la-rioja,la-rioja,,,,,,
sociedad-cooperativa-vitivinicola-de-sotes-sotes,Sociedad Cooperativa Vitivinícola de Sotés,Sotés,Vino,"Vino tinto, vino blanco, vino rosado","26371 Sotés, La Rioja, España",La Cooperativa Vinícola de Sotés nació en 1999 de casi cien viticultores que unieron sus viñas para elaborar vinos DOCa Rioja con instalaciones modernas y control de temperatura en fermentación.,lunes: 8:00–15:30 | martes: 8:00–15:30 | miércoles: 8:00–15:30 | jueves: 8:00–15:30 | viernes: 8:00–15:30 | sábado: Cerrado | domingo: Cerrado,+34941441845,administracion@cooperativadesotes.com,http://www.cooperativadesotes.com/,,,https://www.google.com/maps/search/?api=1&query=Sociedad%20Cooperativa%20Vitivin%C3%ADcola%20de%20Sot%C3%A9s&query_place_id=ChIJ7y1IGu5QRQ0R8cRI5dsdmC0,42.4142376,-2.5927718,/productores/es/la-rioja/la-rioja/sociedad-cooperativa-vitivinicola-de-sotes-sotes.webp,,no,,,11646,es,,,,,,es,la-rioja,la-rioja,,,,,,
velasco-s-l-bodegas-sotes,"Velasco, S.L., Bodegas",Sotés,Vino,"Vino tinto, vino blanco, vino rosado","C. Cuevas Altas, 18, 26371 Sotés, La Rioja, España",,Consultar web o venta directa,+34941441178,raulfh7@hotmail.com,,,,https://www.google.com/maps/search/?api=1&query=Velasco%2C%20S.L.%2C%20Bodegas&query_place_id=ChIJJ_FjX2FQRQ0RsCjA0g-IuLg,42.39986,-2.60392,,pendiente,no comprobado,,,12100,,,,,,,es,la-rioja,la-rioja,,,,,,
bodegas-taron-tirgo,Bodegas Tarón,Tirgo,Vino,"Vino tinto, vino blanco, vino rosado","Ctra. Miranda, s/n, 26211 Tirgo, La Rioja, España","Bodegas Tarón elabora en Tirgo blancos secos, fermentados en barrica y semidulces, clarete tradicional y tintos de viñas viejas de Rioja Alta, y combina en su enoturismo patrimonio del vino y románico.",lunes: 10:00–18:00 | martes: 10:00–18:00 | miércoles: 10:00–18:00 | jueves: 10:00–18:00 | viernes: 10:00–18:00 | sábado: 10:00–18:00 | domingo: Cerrado,+34941301650,gsalazar@bodegastaron.com,http://www.bodegastaron.com,https://www.facebook.com/BodegasTaron/,https://www.instagram.com/bodegastaron/,https://www.google.com/maps/search/?api=1&query=Bodegas%20Tar%C3%B3n&query_place_id=ChIJBbpK98uHTw0RNVbECPdICa0,42.548028,-2.952873,/productores/es/la-rioja/la-rioja/bodegas-taron-tirgo.webp,,sí,ecommerce,,2400,es,,,,,,es,la-rioja,la-rioja,,,,,,
castresana-s-l-bodegas-tirgo,"Castresana, S.L., Bodegas",Tirgo,Vino,"Vino tinto, vino blanco, vino rosado","C. Calvario, s/n, 26211 Tirgo, La Rioja, España",,lunes: 9:00–19:00 | martes: 9:00–19:00 | miércoles: 9:00–19:00 | jueves: 9:00–19:00 | viernes: 9:00–19:00 | sábado: 9:00–13:00 | domingo: Cerrado,+34941301825,robertocastresana@bodegascastresana.com,,,,https://www.google.com/maps/search/?api=1&query=Castresana%2C%20S.L.%2C%20Bodegas&query_place_id=ChIJq9Iv-NGHTw0R8USs58ar9cU,42.5448573,-2.9481624,,pendiente,no comprobado,,,3507,,,,,,,es,la-rioja,la-rioja,,,,,,
conservas-huerta-de-tormantos-tormantos,Conservas Huerta de Tormantos,Tormantos,Conservas,Conservas vegetales,"Calle Camino de Valle, 14, 26213 Tormantos, La Rioja, España","Huerta de Tormantos es una conservera familiar que controla en Tormantos el proceso completo, desde la semilla y el cultivo tradicional hasta la recolección, elaboración artesana, envasado y venta.","lunes: 9:00–14:00, 16:30–19:30 | martes: 9:00–14:00, 16:30–19:30 | miércoles: 9:00–14:00, 16:30–19:30 | jueves: 9:00–14:00, 16:30–19:30 | viernes: 9:00–14:00, 16:30–19:30 | sábado: 9:00–14:00, 16:30–19:30 | domingo: 10:30–13:30",+34941327630,,https://huertadetormantos.es/,,,https://www.google.com/maps/search/?api=1&query=Conservas%20Huerta%20de%20Tormantos&query_place_id=ChIJyYTk1sZ_RQ0Rex1BfwWHbl0,42.4929198,-3.0724525,/productores/es/la-rioja/la-rioja/conservas-huerta-de-tormantos-tormantos.webp,,sí,ecommerce,,4301,es,,,,,,es,la-rioja,la-rioja,,,,,,
embutidos-pena-seto-torrecilla-en-cameros,Embutidos Peña Seto,Torrecilla en Cameros,Carne,Embutidos,"Ctra. Serradero, 4, 26100 Torrecilla en Cameros, La Rioja, España","Peña Seto elabora y cura en su fábrica de Torrecilla en Cameros chorizo, salchichón, lomo embuchado, panceta y jamones artesanos con ingredientes tradicionales.","lunes: 10:00–14:00 | martes: 10:00–14:00, 18:00–20:00 | miércoles: 10:00–14:00, 18:00–20:00 | jueves: 10:00–14:00, 18:00–20:00 | viernes: 10:00–14:00, 18:00–20:00 | sábado: 9:00–2:00 | domingo: 10:00–14:00",+34941460054,,https://embutidospenaseto.es/,,,https://www.google.com/maps/search/?api=1&query=Embutidos%20Pe%C3%B1a%20Seto&query_place_id=ChIJ0Yf_d01HRQ0R2UoWl_FtFtE,42.2562801,-2.6317323,/productores/es/la-rioja/la-rioja/embutidos-pena-seto-torrecilla-en-cameros.webp,,sí,ecommerce,,5515,es,,,,,,es,la-rioja,la-rioja,,,,,,
bodegas-amezola-de-la-mora-torremontalbo,BODEGAS AMÉZOLA DE LA MORA,Torremontalbo,Vino,"Vino tinto, vino blanco, vino rosado","Paraje Viña Vieja, S / N, 26359 Torremontalbo, La Rioja, España",Amézola de la Mora es una bodega château de Torremontalbo dirigida por la quinta generación familiar; sus 60 hectáreas propias rodean la bodega y permiten autoabastecer toda la uva.,lunes: 9:30–15:00 | martes: 9:30–15:00 | miércoles: 9:30–15:00 | jueves: 9:30–15:00 | viernes: 9:30–15:00 | sábado: 11:00–15:00 | domingo: 11:00–15:00,+34941454532,INFO@BODEGASAMEZOLA.ES,http://www.bodegasamezola.net,https://www.facebook.com/bodegasamezola/,https://www.instagram.com/bodegas.amezola/,https://www.google.com/maps/search/?api=1&query=BODEGAS%20AM%C3%89ZOLA%20DE%20LA%20MORA&query_place_id=ChIJqbG1SYxeRQ0Rdt1GYHZ_ucs,42.5015475,-2.690871,/productores/es/la-rioja/la-rioja/bodegas-amezola-de-la-mora-torremontalbo.webp,,sí,ecommerce,,1785,es,,,,,,es,la-rioja,la-rioja,,,,,,
bodegas-valgrande-torremontalbo,BODEGAS VALGRANDE,Torremontalbo,Vino,"Vino tinto, vino blanco, vino rosado","Paraje Viña Vieja, S / N, 26359 Torremontalbo, La Rioja, España","Bodegas Valgrande vincula su producción de Torremontalbo a los vinos Manso de Zúñiga y Conde de Hervías, dos referencias de Rioja Alta elaboradas en esta finca.",lunes: 9:30–15:00 | martes: 9:30–15:00 | miércoles: 9:30–15:00 | jueves: 9:30–15:00 | viernes: 9:30–15:00 | sábado: 11:00–15:00 | domingo: 11:00–15:00,+34609254802,inigo@mansodezuniga.es,http://mansodezuniga.es/,,,https://www.google.com/maps/search/?api=1&query=BODEGAS%20VALGRANDE&query_place_id=ChIJqbG1SYxeRQ0Rdt1GYHZ_ucs,42.5015475,-2.690871,/productores/es/la-rioja/la-rioja/bodegas-valgrande-torremontalbo.webp,,no,,,2439,es,,,,,,es,la-rioja,la-rioja,,,,,,
conservas-marnal-tricio,Conservas MARNAL,Tricio,Conservas,Conservas vegetales,"C. la Solana, 3, 26312 Tricio, La Rioja, España","Marnal es una familia de cuarta generación que cultiva en Tricio Pimiento Riojano IGP, lo asa con leña de haya, lo pela a mano sin agua y lo envasa en su jugo sin conservantes, colorantes ni estabilizantes.","lunes: Cerrado | martes: 10:00–14:00 | miércoles: 10:00–14:00, 17:00–20:00 | jueves: 10:00–14:00 | viernes: 10:00–14:00, 17:00–20:00 | sábado: 10:00–14:00, 17:00–20:00 | domingo: 10:00–14:00",+34609252742,,https://conservasmarnal.com/,,,https://www.google.com/maps/search/?api=1&query=Conservas%20MARNAL&query_place_id=ChIJh3txQfVcRQ0RY9SoBwOfir4,42.40004589999999,-2.7199129,/productores/es/la-rioja/la-rioja/conservas-marnal-tricio.webp,,sí,email|telefono,,4328,es,,,,,,es,la-rioja,la-rioja,,,,,,
conservas-san-bartolome-tricio,Conservas San Bartolomé,Tricio,Conservas,Conservas vegetales,"Grupo Ntra. Sra. de los Arcos, 4, 26312 Tricio, La Rioja, España",Conservas San Bartolomé es una industria familiar fundada en Tricio en 1985 que asa pimiento riojano en horno de leña y elabora conservas artesanas como fritada y guindillones.,Consultar web o venta directa,+34647958230,,https://pimientosriojanos.es/,,,https://www.google.com/maps/search/?api=1&query=Conservas%20San%20Bartolom%C3%A9&query_place_id=ChIJq6qqamBcRQ0R-ZmlnA91jDs,42.4036178,-2.7162533,/productores/es/la-rioja/la-rioja/conservas-san-bartolome-tricio.webp,,sí,ecommerce,,4349,es,,,,,,es,la-rioja,la-rioja,,,,,,
bodegas-el-cidacos-tudelilla,BODEGAS EL CIDACOS,Tudelilla,Vino,"Vino tinto, vino blanco, vino rosado","Ctra.Carbonera, s/n, 26512 Tudelilla, La Rioja, España","Bodegas El Cidacos, fundada por la familia Pérez-Marzo en el siglo XIX, elabora en Tudelilla vinos DOCa Rioja como Marqués de Tudelilla, de Tempranillo vendimiado a mano, además de Fluite, Algodo y sus crianzas.",Consultar web o venta directa,+34941152058,info@bodegaselcidacos.com,http://www.bodegaselcidacos.com,,,https://www.google.com/maps/search/?api=1&query=BODEGAS%20EL%20CIDACOS&query_place_id=ChIJzw-PZGO-Wg0Rvyvw2hpLFBo,42.29725089999999,-2.1158877,,,no,,,1977,es,,,,,,es,la-rioja,la-rioja,,,,,,
bodegas-y-vinedos-ortega-ezquerro-tudelilla,BODEGAS Y VIÑEDOS ORTEGA EZQUERRO,Tudelilla,Vino,"Vino tinto, vino blanco, vino rosado","Pl. Frontón, 0, 26512 Tudelilla, La Rioja, España","Ortega Ezquerro elabora en Tudelilla su gama de Vinos de Pueblo, un proyecto que presenta la tierra pedregosa y el respeto por el viñedo como ejes de su identidad.","lunes: 9:00–13:00, 15:00–18:00 | martes: 9:00–13:00, 15:00–18:00 | miércoles: 9:00–13:00, 15:00–18:00 | jueves: 9:00–13:00, 15:00–18:00 | viernes: 9:00–13:00, 15:00–18:00 | sábado: Cerrado | domingo: Cerrado",+34941152046,info@ortegaezquerro.com,http://www.ortegaezquerro.com,,,https://www.google.com/maps/search/?api=1&query=BODEGAS%20Y%20VI%C3%91EDOS%20ORTEGA%20EZQUERRO&query_place_id=ChIJOdYLKniWWg0RRX88aNfLEP8,42.29778659999999,-2.1154025,/productores/es/la-rioja/la-rioja/bodegas-y-vinedos-ortega-ezquerro-tudelilla.webp,,sí,ecommerce,,2533,es,,,,,,es,la-rioja,la-rioja,,,,,,
cosecheros-de-tudelilla-s-a-t-tudelilla,"Cosecheros de Tudelilla, S.A.T.",Tudelilla,Vino,"Vino tinto, vino blanco, vino rosado","26512 Tudelilla, La Rioja, España",,lunes: 9:00–20:00 | martes: 9:00–20:00 | miércoles: 9:00–20:00 | jueves: 9:00–20:00 | viernes: 9:00–20:00 | sábado: 10:00–14:00 | domingo: Cerrado,+34689806355,ortegaezquerro@hotmail.com,,,,https://www.google.com/maps/search/?api=1&query=Cosecheros%20de%20Tudelilla%2C%20S.A.T.&query_place_id=ChIJZcCOcneWWg0RbeGr4NAE19o,42.2993233,-2.116796,,pendiente,no comprobado,,,4657,,,,,,,es,la-rioja,la-rioja,,,,,,
marrodan-arnedo-c-b-hnos-tudelilla,"MARRODAN ARNEDO, C.B., HNOS.",Tudelilla,Vino,"Vino tinto, vino blanco, vino rosado","C. Obispo Marrodán, 15, 26512 Tudelilla, La Rioja, España",,lunes: 8:00–24:00 | martes: 8:00–24:00 | miércoles: 8:00–24:00 | jueves: 8:00–24:00 | viernes: 8:00–24:00 | sábado: 8:00–24:00 | domingo: 8:00–24:00,+34941152031,matojo200@yahoo.es,,,,https://www.google.com/maps/search/?api=1&query=MARRODAN%20ARNEDO%2C%20C.B.%2C%20HNOS.&query_place_id=ChIJzW0hQXeWWg0Ri-WwFFfZFI0,42.2995663,-2.1166366,,pendiente,no comprobado,,,8393,,,,,,,es,la-rioja,la-rioja,,,,,,
saenz-yustes-s-l-tudelilla,"SAENZ YUSTES, S.L.",Tudelilla,Vino,"Vino tinto, vino blanco, vino rosado","Camino Del Prago, s/n, 26512 Tudelilla, La Rioja, España","Sáenz Yustes es una bodega familiar de Tudelilla que cultiva sus propios viñedos, incluidas cepas centenarias de Garnacha, y elabora y embotella la gama Prago.",lunes: 9:00–20:00 | martes: 9:00–20:00 | miércoles: 9:00–20:00 | jueves: 9:00–20:00 | viernes: 9:00–20:00 | sábado: 10:00–14:00 | domingo: Cerrado,+34941152184,bodegas@saenzyustes.com,https://www.saenzyustes.com/,,,https://www.google.com/maps/search/?api=1&query=SAENZ%20YUSTES%2C%20S.L.&query_place_id=ChIJjW-lGXGWWg0RR17oUVHUEwg,42.3019204,-2.1185052,/productores/es/la-rioja/la-rioja/saenz-yustes-s-l-tudelilla.webp,,sí,ecommerce,,11297,es,,,,,,es,la-rioja,la-rioja,,,,,,
santos-diaz-s-l-bodegas-tudelilla,"SANTOS DIAZ, S.L., BODEGAS",Tudelilla,Vino,"Vino tinto, vino blanco, vino rosado","26512 Tudelilla, La Rioja, España",,lunes: 9:00–13:00 | martes: 9:00–13:00 | miércoles: 9:00–13:00 | jueves: 9:00–13:00 | viernes: 9:00–13:00 | sábado: Cerrado | domingo: Cerrado,+34649825905,asesoriaramirogil@hotmail.com,,,,https://www.google.com/maps/search/?api=1&query=SANTOS%20DIAZ%2C%20S.L.%2C%20BODEGAS&query_place_id=ChIJZcCOcneWWg0RbeGr4NAE19o,42.2993233,-2.116796,,pendiente,no comprobado,,,11405,,,,,,,es,la-rioja,la-rioja,,,,,,
sociedad-cooperativa-vinicola-de-tudelilla-tudelilla,Sociedad Cooperativa Vinícola de Tudelilla,Tudelilla,Vino,"Vino tinto, vino blanco, vino rosado","26512 Tudelilla, La Rioja, España","La Cooperativa Vinícola de Tudelilla elabora Hetube con uvas de Herce, Tudelilla y Bergasa: un joven de Tempranillo y Garnacha y un crianza de Tempranillo, Graciano, Mazuelo y Garnacha.",lunes: 9:00–13:00 | martes: 9:00–13:00 | miércoles: 9:00–13:00 | jueves: 9:00–13:00 | viernes: 9:00–13:00 | sábado: Cerrado | domingo: Cerrado,+34941588764,enologiayecora@enologiayecora.com,http://www.hetube.es/,,,https://www.google.com/maps/search/?api=1&query=Sociedad%20Cooperativa%20Vin%C3%ADcola%20de%20Tudelilla&query_place_id=ChIJv4TdEnWVWg0RXhvdDlF0QBE,42.295208,-2.11745,/productores/es/la-rioja/la-rioja/sociedad-cooperativa-vinicola-de-tudelilla-tudelilla.webp,,sí,ecommerce,,11645,es,,,,,,es,la-rioja,la-rioja,,,,,,
bodegas-las-cepas-urunuela,Bodegas Las Cepas,Uruñuela,Vino,"Vino tinto, vino blanco, vino rosado","Carr. de Nájera, s/n, 26313 Cenicero, La Rioja, España","Bodegas Las Cepas, vinculada a la Unión Familiar de Agricultores, elabora vinos en Uruñuela y comercializa sus referencias desde la carretera Nájera-Cenicero.",lunes: 9:00–17:00 | martes: 9:00–17:00 | miércoles: 9:00–17:00 | jueves: 9:00–17:00 | viernes: 9:00–17:00 | sábado: Cerrado | domingo: Cerrado,+34615996878,export@lascepasriojawine.com,,,https://www.instagram.com/lascepasriojawine/,https://www.google.com/maps/search/?api=1&query=Bodegas%20Las%20Cepas&query_place_id=ChIJzZ5SfhxcRQ0R444uYLxVPRQ,42.435675,-2.7109646,,pendiente,no comprobado,,,2124,es,,,,,,es,la-rioja,la-rioja,,,,,,
bodegas-martinez-corta-urunuela,BODEGAS MARTINEZ CORTA,Uruñuela,Vino,"Vino tinto, vino blanco, vino rosado","Cam. Cenicero, s/n, 26313 Uruñuela, La Rioja, España",Martínez Corta reúne en Uruñuela cuatro generaciones de viticultores desde que Catalina Martínez se instaló entre los viñedos de Rioja Alta a finales del siglo XIX.,Consultar web o venta directa,+34948202200,i.orduna@bornosbodegas.com,http://www.bodegasmartinezcorta.com,https://www.facebook.com/BornosBodegas/,https://www.instagram.com/BornosBodegas/,https://www.google.com/maps/search/?api=1&query=BODEGAS%20MARTINEZ%20CORTA&query_place_id=ChIJZbKFtq1eRQ0RrzkOF-jx10I,42.4485884,-2.7010497,/productores/es/la-rioja/la-rioja/bodegas-martinez-corta-urunuela.webp,,no,,,2183,es,,,,,,es,la-rioja,la-rioja,,,,,,
bodegas-vina-berneda-urunuela,BODEGAS VIÑA BERNEDA,Uruñuela,Vino,"Vino tinto, vino blanco, vino rosado","Ctra. Somalo, 59, 26313 Uruñuela, La Rioja, España",Viña Berneda nació en Uruñuela en 1981 como proyecto familiar y embotelló su primera marca en 1991; trabaja uva propia y mantiene la maceración carbónica en lagos abiertos con pisado tradicional.,lunes: Abierto 24 horas | martes: Abierto 24 horas | miércoles: Abierto 24 horas | jueves: Abierto 24 horas | viernes: Abierto 24 horas | sábado: Abierto 24 horas | domingo: Abierto 24 horas,+34941371304,berneda@vinaberneda.com,http://www.vinaberneda.com,,https://www.instagram.com/bernedarioja/,https://www.google.com/maps/search/?api=1&query=BODEGAS%20VI%C3%91A%20BERNEDA&query_place_id=ChIJf6fc3aVeRQ0RIgr_wuhPHvY,42.44515519999999,-2.709562,/productores/es/la-rioja/la-rioja/bodegas-vina-berneda-urunuela.webp,,sí,ecommerce,,2467,es,,,,,,es,la-rioja,la-rioja,,,,,,
bodegas-y-vinedos-leza-garcia-s-l-urunuela,Bodegas y Viñedos Leza García S.L.,Uruñuela,Vino,"Vino tinto, vino blanco, vino rosado","C. San Ignacio, 26, 26313 Uruñuela, La Rioja, España","Leza García es una bodega familiar de Uruñuela que cultiva viñedos propios en el valle del Najerilla y controla todo el ciclo, desde la parcela hasta la crianza y comercialización de vinos de Rioja Alta.","lunes: 8:30–13:30, 15:00–17:30 | martes: 8:00–13:30, 15:00–17:30 | miércoles: 8:00–13:30, 15:00–17:30 | jueves: 8:00–13:30, 15:00–17:30 | viernes: 8:00–13:30, 15:00–17:30 | sábado: Cerrado | domingo: Cerrado",+34941371142,bodegasleza@bodegasleza.com,http://www.bodegasleza.com,https://www.facebook.com/bodegasleza,https://www.instagram.com/bodegaslezagarcia/,https://www.google.com/maps/search/?api=1&query=Bodegas%20y%20Vi%C3%B1edos%20Leza%20Garc%C3%ADa%20S.L.&query_place_id=ChIJFQupB6leRQ0Red1oXkdkix0,42.44323079999999,-2.7052389,,,no,,,2525,es,,,,,,es,la-rioja,la-rioja,,,,,,
zinio-bodegas-urunuela,ZINIO Bodegas,Uruñuela,Vino,"Vino tinto, vino blanco, vino rosado","Carretera de Cenicero, s/n, 26313 Uruñuela, La Rioja, España","Zinio elabora en Uruñuela las gamas Zinio y Lágrimas de María y abre la bodega al enoturismo, con terraza y gastrobar entre viñedos.",lunes: 10:00–17:00 | martes: 10:00–17:00 | miércoles: 10:00–17:00 | jueves: 10:00–17:00 | viernes: 10:00–17:00 | sábado: 10:00–14:00 | domingo: Cerrado,+34941371319,info@ziniobodegas.com,http://www.ziniobodegas.com,https://www.facebook.com/ziniobodegas/,https://www.instagram.com/ziniobodegas/,https://www.google.com/maps/search/?api=1&query=ZINIO%20Bodegas&query_place_id=ChIJQVF-IkxZRQ0RByaj6aeqYzw,42.4509602,-2.7056588,/productores/es/la-rioja/la-rioja/zinio-bodegas-urunuela.webp,,no,,,12426,es,,,,,,es,la-rioja,la-rioja,,,,,,
bodegas-alvia-ventosa,BODEGAS ALVIA,Ventosa,Vino,"Vino tinto, vino blanco, vino rosado","Camino De Ventosa S/N, 26371 Ventosa, La Rioja, España",Alvia elabora en Ventosa vinos artesanos del Camino de Santiago con viñedos propios de más de cien años; vendimia a mano y reserva la uva centenaria para la gama premium Livius.,lunes: 8:00–18:00 | martes: 8:00–18:00 | miércoles: 8:00–18:00 | jueves: 8:00–18:00 | viernes: 8:00–18:00 | sábado: Cerrado | domingo: Cerrado,+34941441905,silvia@bodegasalvia.es,https://www.bodegasalvia.com/es/,https://www.facebook.com/bodegasalvia,https://www.instagram.com/bodegasalvia/,https://www.google.com/maps/search/?api=1&query=BODEGAS%20ALVIA&query_place_id=ChIJlxUBz4FaRQ0RBr49X0QbNGM,42.4073641,-2.6274812,/productores/es/la-rioja/la-rioja/bodegas-alvia-ventosa.webp,,sí,ecommerce,,1784,es,,,,,,es,la-rioja,la-rioja,,,,,,
campomiel-ventosa,Campomiel,Ventosa,Miel,,"C. San Roque, 12, 26371 Ventosa, La Rioja, España","Campomiel continúa en Ventosa tres generaciones de apicultura con miel ecológica propia y de producción limitada, además de hidromieles, vermú de hidromiel y experiencias de cata y visita a las abejas.",lunes: 8:00–16:00 | martes: 8:00–16:00 | miércoles: 8:00–16:00 | jueves: 8:00–16:00 | viernes: 8:00–16:00 | sábado: 8:00–16:00 | domingo: 8:00–16:00,+34606120088,,http://www.campomiel.com/,,https://www.instagram.com/lamieleria_campomiel/,https://www.google.com/maps/search/?api=1&query=Campomiel&query_place_id=ChIJoQbUbAFbRQ0RDb6SV1DreEg,42.4051792,-2.6250215,/productores/es/la-rioja/la-rioja/campomiel-ventosa.webp,,sí,ecommerce,,2889,es,,,,,,es,la-rioja,la-rioja,,,,,,
embutidos-artesanos-angel-jalon-viguera,Embutidos Artesanos Ángel Jalón,Viguera,Carne,Embutidos artesanos,"n° 4, C. las Eras, 26121 Viguera, La Rioja, España",,"lunes: 9:00–14:00 | martes: 9:00–14:00 | miércoles: 9:00–14:00 | jueves: 9:00–14:00 | viernes: 9:00–14:00, 17:00–19:30 | sábado: 9:00–14:00 | domingo: Cerrado",+34650551702,,,https://www.facebook.com/embutidosartesanosangeljalon/,,https://www.google.com/maps/search/?api=1&query=Embutidos%20Artesanos%20%C3%81ngel%20Jal%C3%B3n&query_place_id=ChIJmXorGSJMRQ0RKs1dThv8ECk,42.3079476,-2.5343525,,,no,,,5387,,,,,,,es,la-rioja,la-rioja,,,,,,
embutidos-senora-julia-viguera,Embutidos Señora Julia,Viguera,Carne,Embutidos artesanos,"C. las Eras, 26121 Viguera, La Rioja, España","Señora Julia mantiene en Viguera más de un siglo de tradición chacinera y elabora con ingredientes naturales chorizo extra, lomo embuchado y panceta curada, sin gluten ni lactosa.",lunes: 9:00–14:00 | martes: 9:00–14:00 | miércoles: 9:00–14:00 | jueves: 9:00–14:00 | viernes: 9:00–14:00 | sábado: Cerrado | domingo: Cerrado,+34941442023,,https://www.senorajulia.es/,,https://www.instagram.com/embutidossenorajulia/,https://www.google.com/maps/search/?api=1&query=Embutidos%20Se%C3%B1ora%20Julia&query_place_id=ChIJa0CTFyJMRQ0RvL618ZvsVH8,42.3077913,-2.5366531,/productores/es/la-rioja/la-rioja/embutidos-senora-julia-viguera.webp,,sí,ecommerce,,5532,es,,,,,,es,la-rioja,la-rioja,,,,,,
senda-galiana-s-a-bodegas-y-vinas-villamediana-de-iregua,"Senda Galiana, S.A., Bodegas y Viñas",Villamediana de Iregua,Vino,"Vino tinto, vino blanco, vino rosado","26142 Villamediana de Iregua, La Rioja, España","La familia Sáenz elabora Finca Valdeguinea con uvas de viñedos maduros situados a más de 600 metros en El Cortijo, junto a las referencias Luis Sáenz y Ana Sáenz, continuando un legado vitícola familiar.",Consultar web o venta directa,+34941435375,info@sendagaliana.com,http://www.fincavaldeguinea.net/,,,https://www.google.com/maps/search/?api=1&query=Senda%20Galiana%2C%20S.A.%2C%20Bodegas%20y%20Vi%C3%B1as&query_place_id=ChIJ-Qy7FwCtWg0R4jw8fKYWKSM,42.4256451,-2.4164471,/productores/es/la-rioja/la-rioja/senda-galiana-s-a-bodegas-y-vinas-villamediana-de-iregua.webp,,sí,ecommerce,,11460,es,,,,,,es,la-rioja,la-rioja,,,,,,
senorio-de-yerga-s-a-bodegas-villamediana-de-iregua,"Señorío de Yerga, S.A., Bodegas",Villamediana de Iregua,Vino,"Vino tinto, vino blanco, vino rosado","26142 Villamediana de Iregua, La Rioja, España","Bodegas Señorío de Yerga elabora en Villamediana de Iregua vinos de Rioja con Tempranillo y también Garnacha, Mazuelo, Graciano, Viura y Malvasía, en una pequeña bodega de ladera sobre suelos aluviales y arcillosos.","lunes: 9:00–14:00, 16:00–19:00 | martes: 9:00–14:00, 16:00–19:00 | miércoles: Cerrado | jueves: 9:00–14:00, 16:00–19:00 | viernes: 9:00–14:00, 16:00–19:00 | sábado: 9:00–14:00, 16:00–19:00 | domingo: 9:00–14:00",+34941435003,info@senoriodeyerga.com,https://senoriodeyerga.com/,,,https://www.google.com/maps/search/?api=1&query=Se%C3%B1or%C3%ADo%20de%20Yerga%2C%20S.A.%2C%20Bodegas&query_place_id=ChIJg7hw_F2sWg0Ry-YEsFa5r2c,42.4264343,-2.4151089,/productores/es/la-rioja/la-rioja/senorio-de-yerga-s-a-bodegas-villamediana-de-iregua.webp,,no,,,11479,es,,,,,,es,la-rioja,la-rioja,,,,,,
pimientos-sierra-de-la-demanda-villar-de-torre,Pimientos Sierra de la Demanda,Villar de Torre,Conservas,Conservas vegetales,"Cam. Morilla, 10, 26325 Villar de Torre, La Rioja, España","El Puchero Riojano cultiva su propio Pimiento Najerano en Villar de Torre, lo asa con leña, lo pela a cuchillo y lo envasa a mano bajo la IGP Pimiento Riojano y el sello Artesanía de La Rioja.",Consultar web o venta directa,+34669095630,,http://elpucheroriojano.es/,,,https://www.google.com/maps/search/?api=1&query=Pimientos%20Sierra%20de%20la%20Demanda&query_place_id=ChIJoz8cPpBlRQ0RGNPMzquaJRE,42.3711096,-2.8633877,/productores/es/la-rioja/la-rioja/pimientos-sierra-de-la-demanda-villar-de-torre.webp,,sí,ecommerce,,10203,es,,,,,,es,la-rioja,la-rioja,,,,,,
embutidos-sierra-cameros-villoslada-de-cameros,Embutidos Sierra Cameros,Villoslada de Cameros,Carne,Embutidos artesanos,"C. Agustín Muro, 62, 26125 Villoslada de Cameros, La Rioja, España",,"lunes: 10:00–14:00, 18:00–20:00 | martes: 10:00–14:00, 18:00–20:00 | miércoles: 10:00–14:00, 18:00–20:00 | jueves: 10:00–14:00, 18:00–20:00 | viernes: 10:00–14:00, 18:00–20:00 | sábado: 10:00–14:00 | domingo: 10:00–13:00",+34687421261,,,https://www.facebook.com/p/Embutidos-y-pat%C3%A9s-Sierra-Cameros-100064151975253/,,https://www.google.com/maps/search/?api=1&query=Embutidos%20Sierra%20Cameros&query_place_id=ChIJ5z3kaAU7RQ0R98jrBSyemfQ,42.1104266,-2.6744511,,,no,,,5536,,,,,,,es,la-rioja,la-rioja,,,,,,
queseria-valle-del-ciloria-zorraquin,Quesería Valle del Ciloria,Zorraquín,Lácteos y quesos,Quesos,"Ctra. Ezcaray Valgañón, 71, 26288 Zorraquín, La Rioja, España","Valle del Ciloria transforma en Zorraquín la leche de sus propias vacas, alimentadas de forma natural en el valle, en quesos y lácteos sin conservantes ni colorantes.","lunes: 9:30–14:00, 17:00–20:00 | martes: 9:30–14:00, 17:00–20:00 | miércoles: 9:30–14:00, 17:00–20:00 | jueves: 9:30–14:00, 17:00–20:00 | viernes: 9:30–14:00, 17:00–20:00 | sábado: 9:30–14:00, 17:00–20:00 | domingo: 9:30–14:00, 17:00–20:00",+34646041906,,https://queseriavalledelciloria.com/,,,https://www.google.com/maps/search/?api=1&query=Queser%C3%ADa%20Valle%20del%20Ciloria&query_place_id=ChIJRybtHTN3RQ0RRHbhiq_3Sbs,42.3250603,-3.0398144,/productores/es/la-rioja/la-rioja/queseria-valle-del-ciloria-zorraquin.webp,,sí,ecommerce,,10661,es,,,,,,es,la-rioja,la-rioja,,,,,,
bodega-eduardo-garrido-abalos,Bodega Eduardo Garrido,Ábalos,Vino,"Vino tinto, vino blanco, vino rosado","Pl. de la Constitución, 2, 26339 Ábalos, La Rioja, España",Eduardo Garrido mantiene en Ábalos una producción pequeña y tres generaciones de tradición iniciadas con la cosecha de 1922; elabora vinos de Tempranillo y Garnacha como Family Selection y Crianza.,lunes: 9:00–19:00 | martes: 9:00–19:00 | miércoles: 9:00–19:00 | jueves: 9:00–19:00 | viernes: 9:00–19:00 | sábado: 9:00–19:00 | domingo: 9:00–19:00,+34941334187,amelia@bodegaeduardogarrido.es,http://bodegaeduardogarrido.es/,https://www.facebook.com/WineEduardoGarrido,https://www.instagram.com/bodegaeduardogarrido/,https://www.google.com/maps/search/?api=1&query=Bodega%20Eduardo%20Garrido&query_place_id=ChIJgTa8lt30Tw0RSU9MegY_9c8,42.5727064,-2.7110542,/productores/es/la-rioja/la-rioja/bodega-eduardo-garrido-abalos.webp,,no,,,1402,es,,,,,,es,la-rioja,la-rioja,,,,,,
bodegas-abeica-abalos,Bodegas Abeica,Ábalos,Vino,"Vino tinto, vino blanco, vino rosado","Cam. San Roque, 8, 26339 Ábalos, La Rioja, España","Abeica reúne en Ábalos a cuatro hermanos y una quinta generación en incorporación; vendimia a mano y elabora de forma artesanal y sostenible, principalmente por maceración carbónica, vinos como Chulato, Abaris y Longrande.","lunes: 9:30–13:30, 15:30–19:30 | martes: 9:30–13:30, 15:30–19:30 | miércoles: 9:30–13:30, 15:30–19:30 | jueves: 9:30–13:30, 15:30–19:30 | viernes: 9:30–13:30, 15:30–19:30 | sábado: 10:00–14:00, 16:00–18:30 | domingo: Cerrado",+34941308009,abeica@abeicabodegas.es,http://www.bodegasabeica.com/,,https://www.instagram.com/abeica.bodegas/,https://www.google.com/maps/search/?api=1&query=Bodegas%20Abeica&query_place_id=ChIJ____v930Tw0RJ7_hzbZM65Y,42.5697342,-2.7121969,,,sí,ecommerce,,1757,es,,,,,,es,la-rioja,la-rioja,,,,,,
bodegas-de-la-real-divisa-abalos,Bodegas de la Real Divisa,Ábalos,Vino,"Vino tinto, vino blanco, vino rosado","C. Real Divisa, 7, 26339 Ábalos, La Rioja, España",Real Divisa conserva en Ábalos una bodega de origen medieval ligada al Marquesado de Legarda; fue la primera casa riojana premiada en la Exposición de Burdeos de 1895 y embotella Marqués de Legarda.,Consultar web o venta directa,+34941334118,martinfdn@hotmail.com,http://www.realdivisa.com,,,https://www.google.com/maps/search/?api=1&query=Bodegas%20de%20la%20Real%20Divisa&query_place_id=ChIJnyu4WDv0Tw0RiM_v577u2tU,42.57305119999999,-2.708975,,,no,,,1944,es,,,,,,es,la-rioja,la-rioja,,,,,,
bodegas-puelles-abalos,BODEGAS PUELLES,Ábalos,Vino,"Vino tinto, vino blanco, vino rosado","Cam. de los Molinos, 26339 Ábalos, La Rioja, España","Bodegas Puelles es una casa familiar de Ábalos que elabora tinto joven, Puelles Crianza y Reserva y combina la actividad vinícola con alojamiento, visitas y club de vino.","lunes: 9:00–17:00 | martes: 9:00–17:00 | miércoles: 9:00–17:00 | jueves: 9:00–17:00 | viernes: 9:00–17:00 | sábado: 10:30–14:30, 16:00–17:00 | domingo: Cerrado",+34662508871,irene@bodegaspuelles.com,http://www.bodegaspuelles.com,https://www.facebook.com/BodegasPuelles,https://www.instagram.com/bodegaspuelles/,https://www.google.com/maps/search/?api=1&query=BODEGAS%20PUELLES&query_place_id=ChIJh1YUtTz0Tw0RBOwwECFrnlE,42.5798377,-2.7064352,/productores/es/la-rioja/la-rioja/bodegas-puelles-abalos.webp,,sí,ecommerce,,2310,es,,,,,,es,la-rioja,la-rioja,,,,,,
bodegas-solana-de-ramirez-ruiz-abalos,Bodegas Solana de Ramírez Ruiz,Ábalos,Vino,"Vino tinto, vino blanco, vino rosado","C. Arana, 24, 26339 Ábalos, La Rioja, España","Solana de Ramírez es una bodega familiar de Ábalos con 60 hectáreas propias a los pies de la Sierra de Cantabria, donde elabora blancos, rosados, jóvenes, crianzas, reservas, grandes reservas y vinos de autor.","lunes: 9:00–14:00, 16:30–19:30 | martes: 9:00–14:00, 16:30–19:30 | miércoles: 9:00–14:00, 16:30–19:30 | jueves: 9:00–14:00, 16:30–19:30 | viernes: 9:00–14:00, 16:30–19:30 | sábado: 9:00–14:00, 16:30–19:00 | domingo: 9:00–14:00",+34941308049,consultas@solanaderamirez.com,http://www.valsarte.com,,https://www.instagram.com/bodegasolanaderamirez/,https://www.google.com/maps/search/?api=1&query=Bodegas%20Solana%20de%20Ram%C3%ADrez%20Ruiz&query_place_id=ChIJDRQnajv0Tw0RRhPO1GqI3-g,42.571958,-2.708562,/productores/es/la-rioja/la-rioja/bodegas-solana-de-ramirez-ruiz-abalos.webp,,sí,ecommerce,,2391,es,,,,,,es,la-rioja,la-rioja,,,,,,
bodegas-y-vinedos-eguiluz-abalos,Bodegas y Viñedos Eguíluz,Ábalos,Vino,"Vino tinto, vino blanco, vino rosado","Cam. San Bartolomé, 10, 26339 Ábalos, La Rioja, España","Bodegas y Viñedos Eguíluz, fundada en Ábalos en 1982, elabora vinos de Rioja con uva entera y pisado tradicional en lagos de hormigón, desde Eguíluz Joven, Crianza y Reserva hasta su selección de parcelas Las Preferidas y Carrapeciña.",lunes: Cerrado | martes: Cerrado | miércoles: Cerrado | jueves: Cerrado | viernes: Cerrado | sábado: Abierto 24 horas | domingo: Abierto 24 horas,+34941334064,bodegaseguiluz@gmail.com,http://www.bodegaseguiluz.es,,,https://www.google.com/maps/search/?api=1&query=Bodegas%20y%20Vi%C3%B1edos%20Egu%C3%ADluz&query_place_id=ChIJYQDOlCT0Tw0R2TG1VzRLESk,42.5688388,-2.7132748,/productores/es/la-rioja/la-rioja/bodegas-y-vinedos-eguiluz-abalos.webp,,no,,,2512,es,,,,,,es,la-rioja,la-rioja,,,,,,
bodegas-obalo-abalos,Bodegas Óbalo,Ábalos,Vino,"Vino tinto, vino blanco, vino rosado","LR-124, 26, 26339 Ábalos, La Rioja, España","Óbalo interpreta en Ábalos viñedos viejos de distintas alturas y suelos mediante vinos de pequeñas fincas como San Roque, La Encina y Las Arenas, además de La Tarara, blanco y rosado.",lunes: 7:30–14:30 | martes: 7:30–14:30 | miércoles: 7:30–14:30 | jueves: 7:30–14:30 | viernes: 7:30–14:30 | sábado: Cerrado | domingo: Cerrado,+34941744056,ahalliwell@terraselecta.com,https://www.bodegaobalo.com/,,,https://www.google.com/maps/search/?api=1&query=Bodegas%20%C3%93balo&query_place_id=ChIJg2piZ4X2Tw0RF00C_tjbR4M,42.5673617,-2.6886809,/productores/es/la-rioja/la-rioja/bodegas-obalo-abalos.webp,,sí,marketplace,,2249,es,,,,,,es,la-rioja,la-rioja,,,,,,
fernandez-eguiluz-s-l-bodegas-abalos,"Fernández Eguiluz, S.L., Bodegas",Ábalos,Vino,"Vino tinto, vino blanco, vino rosado","Calle Los Morales, 7, 26339 Ábalos, La Rioja, España","Fernández Eguíluz es una bodega familiar de Ábalos que elabora los jóvenes Peña La Rosa y la colección La Cantarada con Turruntés, Garnacha y Tempranillo, además de selecciones y vinos con crianza.","lunes: 16:00–18:00 | martes: 16:00–18:00 | miércoles: 16:00–18:00 | jueves: 16:00–18:00 | viernes: 16:00–18:00 | sábado: 9:00–14:00, 16:00–19:00 | domingo: 9:00–14:00, 16:00–19:00",+34659039893,bodegasfdezeguiluz@gmail.com,https://fernandezeguiluz.es/,,,https://www.google.com/maps/search/?api=1&query=Fern%C3%A1ndez%20Eguiluz%2C%20S.L.%2C%20Bodegas&query_place_id=ChIJTY_teDz0Tw0RgzYyvI-cQQ4,42.57161,-2.709911,/productores/es/la-rioja/la-rioja/fernandez-eguiluz-s-l-bodegas-abalos.webp,,sí,ecommerce,,5793,es,,,,,,es,la-rioja,la-rioja,,,,,,
ruiz-portal-garrido-carmelo-abalos,"Ruiz-Portal Garrido, Carmelo",Ábalos,Vino,"Vino tinto, vino blanco, vino rosado","26339 Ábalos, La Rioja, España",,Consultar web o venta directa,+34941334474,bodegaruizdelportal@gmail.com,http://www.ruizdelportal.es/,,,https://www.google.com/maps/search/?api=1&query=Ruiz-Portal%20Garrido%2C%20Carmelo&query_place_id=ChIJvVVfezv0Tw0RJAClY2Ij_4c,42.5723023,-2.7101931,,,no,,,11186,,,,,,,es,la-rioja,la-rioja,,,,,,
solabal-bodega-y-vinedos-abalos,Solabal Bodega y Viñedos,Ábalos,Vino,"Vino tinto, vino blanco, vino rosado","Cam. San Bartolomé, 6, 26339 Ábalos, La Rioja, España",Solabal nació en Ábalos en 1988 para expresar viñedos altos y laderas orientadas al sur; combina depósitos pequeños y control de fermentación con crianza en roble francés y americano.,"lunes: 8:00–15:00 | martes: 8:00–15:00, 17:00–20:00 | miércoles: 8:00–15:00, 17:00–20:00 | jueves: 8:00–15:00, 17:00–20:00 | viernes: 8:00–15:00, 17:00–20:00 | sábado: 10:00–14:00 | domingo: 10:00–14:00",+34941334492,solabal@solabal.es,http://www.solabal.com/,,https://www.instagram.com/solabalbodegas/,https://www.google.com/maps/search/?api=1&query=Solabal%20Bodega%20y%20Vi%C3%B1edos&query_place_id=ChIJ948uODr0Tw0RhatlxOC9kIE,42.5702013,-2.7130003,/productores/es/la-rioja/la-rioja/solabal-bodega-y-vinedos-abalos.webp,,sí,ecommerce,,11655,es,,,,,,es,la-rioja,la-rioja,,,,,,
tierra-negra,Tierra Negra,Santurde de Rioja,Fruta y verdura,hortalizas ecológicas,"Santurde de Rioja, La Rioja, España",,,,tierranegrahuerta@gmail.com,https://tierra-negra.es,,https://www.instagram.com/tierranegra.huerta/,,,,/productores/es/la-rioja/la-rioja/tierra-negra.webp,pendiente,no comprobado,,,12481,,,,,,,es,la-rioja,la-rioja,,,,,,
finca-senorio-de-rioja-igea,Finca Señorío de Rioja,Igea,Fruta y verdura,"Tomate Rosa TAMI, manzana, pera, ciruela y cereza","Polígono Rescasal, s/n, Igea, La Rioja","Finca familiar de la Sierra de Alcarama que produce fruta y hortalizas en parcelas propias de Igea, Cornago y Cervera del Río Alhama, con centro publicado en Igea y venta online directa.",,+34941194269,info@fincasenorioderioja.com,https://www.fincasenorioderioja.com/,,,,,,/productores/es/la-rioja/la-rioja/finca-senorio-de-rioja-igea.webp,pendiente,sí,ecommerce,,12576,es,,,,,,es,la-rioja,la-rioja,,,,,,
pafritas-navarrete,Pafritas,Navarrete,Aperitivos,"Patatas fritas artesanas, cortezas y palitos","Calle Las Arenas, 10, Polígono Industrial Lentiscares, 26370 Navarrete, La Rioja","Fábrica riojana que elabora patatas fritas artesanas en aceite de oliva, cortezas y palitos en Navarrete, con tienda online propia.",,+34941440784,info@pafritas.es,https://pafritas.es/,,,https://www.google.com/maps/search/?api=1&query=Pafritas%2C%20Calle%20Las%20Arenas%2010%2C%2026370%20Navarrete%2C%20La%20Rioja,,,/productores/es/la-rioja/la-rioja/pafritas-navarrete.webp,pendiente,sí,ecommerce,,12592,es,,,,,,es,la-rioja,la-rioja,,,,,,
