slug,nombre,municipio,categoria,productos estrella,direccion,descripcion,horario,telefono,correo,web,Facebook,Instagram,Google Maps,lat,lon,imagen,verificacion,Venta online,Canal de venta,categorias adicionales,producer_id,descripcion_locale,visitas guiadas,mensaje a la comunidad,mensaje_comunidad_locale,enlace destacado 1,enlace destacado 2,country,region,area
bizkaia-esnea-karrantza,Bizkaia Esnea,Karrantza,Lácteos y quesos,"Leche, queso fresco, mantequilla y cuajada","Barrio Bollano s/n, 48891 Karrantza, Bizkaia","Cooperativa láctea de Karrantza que transforma leche de ganaderías vizcaínas en leche UHT, quesos, mantequilla y cuajadas.",Consultar web o venta directa,+34946107051,info@bizkaiaesnea.com,http://www.bizkaiaesnea.com/,https://www.facebook.com/bizkaia.esnea,https://www.instagram.com/bizkaiaesnea/,https://www.google.com/maps/search/?api=1&query=Bizkaia%20Esnea&query_place_id=ChIJF5Pa8OvmTg0RL3JfffLyaWM,43.227544,-3.363664,/productores/es/pais-vasco/vizcaya/bizkaia-esnea-karrantza.webp,,sí,marketplace,,1247,es,,,,,,es,pais-vasco,vizcaya
lacteas-karrantza,Lácteas Karrantza,Karrantza,Lácteos y quesos,"Quesos, leche y derivados lácteos","Barrio Ambasaguas 25, 48890 Karrantza, Bizkaia",Quesería y elaborador lácteo situado en el valle de Karrantza especializado en productos derivados de leche de la zona.,Consultar web o venta directa,+34946523834,info@lacteosdekarrantza.com,https://www.grupotgt.com/es/,,,https://www.google.com/maps/search/?api=1&query=Lacteas%20Karrantza&query_place_id=ChIJ94sDwILnTg0Rz30MpA6yw7U,43.2362214,-3.3549195,,,no,,,7947,es,,,,,,es,pais-vasco,vizcaya
quesos-amalur-karrantza,Quesos Amalur,Karrantza,Lácteos y quesos,Queso de oveja carranzana,"Bº Bollain 10, 48891 Karrantza, Bizkaia",Quesería artesana de Karrantza que elabora queso maduro con leche de oveja carranzana de su propio entorno ganadero.,Consultar web o venta directa,+34647064215,quesoamalur@gmail.com,,https://www.facebook.com/quesos.amalur/,,https://www.google.com/maps/search/?api=1&query=Quesos%20Amalur&query_place_id=ChIJD5T25V3mTg0RuxMTJtmYf_8,43.24701,-3.360055,,,no,,,10731,es,,,,,,es,pais-vasco,vizcaya
vista-alegre-baserria-karrantza,Vista Alegre Baserria,Karrantza,Lácteos y quesos,Leche ecológica y proyecto lácteo histórico,"Lugar 31, 48890 Matienzo, Bizkaia",Baserria ecológico de Matienzo cuya quesería histórica fue traspasada; se conserva como revisión pendiente hasta aclarar la marca elaboradora actual.,Consultar fuentes locales,+34654145154,,,,,https://www.google.com/maps/search/?api=1&query=Vista%20Alegre%20Baserria&query_place_id=ChIJRUW5oAfnTg0RB8ISOUDaRLc,43.2393411,-3.3868767,,pendiente,no,,,12307,es,,,,,,es,pais-vasco,vizcaya
santana-esnekiak-kortezubi,Santana Esnekiak,Kortezubi,Lácteos y quesos,Queso artesanal,"Barrio Terlegiz Caserío Santana 6, 48315 Kortezubi, Bizkaia",Proyecto familiar de Kortezubi dedicado a la elaboración artesanal de quesos y productos lácteos de proximidad.,Consultar web o venta directa,+34685796174,info@santanaesnekiak.es,https://santanaesnekiak.es/,,https://www.instagram.com/santanaesnekiak/,https://www.google.com/maps/search/?api=1&query=Santana%20Esnekiak&query_place_id=ChIJNTB5l0Y7Tg0RH2BYY7nmRRc,43.3401628,-2.6527446,/productores/es/pais-vasco/vizcaya/santana-esnekiak-kortezubi.webp,,no,,,11400,es,,,,,,es,pais-vasco,vizcaya
baskaran-barinako-esnekixek-markina-xemein,Baskaran Bariñako Esnekixek,Markina-Xemein,Lácteos y quesos,"Queso Idiazabal, Gaxure y lácteos de oveja","Santamañe baserria, Barinaga Auzoa, 48270 Markina-Xemein, Bizkaia",Quesería familiar de Barinaga que elabora quesos de oveja latxa y lácteos ligados a la tradición de Lea-Artibai.,Consultar web o venta directa,+34665741507,baskaran@baskaran.eus,,,,https://www.google.com/maps/search/?api=1&query=Baskaran%20Barinako%20Esnekixek&query_place_id=ChIJeWt8iPwpTg0Rd3RPgqMHTMM,43.2318447,-2.4889733,,pendiente,no,,,1115,es,,,,,,es,pais-vasco,vizcaya
larruz-markina-xemein,Larruz,Markina-Xemein,Lácteos y quesos,Queso de cabra,"Larruz Baserria 24, Meabe Auzoa, 48270 Markina-Xemein, Bizkaia",Baserria productor de queso de cabra en el entorno rural de Markina-Xemein con venta local en la comarca.,Consultar web o venta directa,+34625022559,,,https://www.facebook.com/larruzgazta/,,https://www.google.com/maps/search/?api=1&query=Larruz&query_place_id=ChIJrW0GIvUpTg0RYCErwC7DOl8,43.2785035,-2.5217503,,,no,,,8026,es,,,,,,es,pais-vasco,vizcaya
barroeta-gazta-markina-xemein,Barroeta Gazta,Markina-Xemein,Lácteos y quesos,Queso Idiazabal,"Barroeta barri, Arretxinaga Hiribidea 30, 48270 Markina-Xemein, Bizkaia",Productor de queso de oveja en Markina-Xemein asociado a la oferta local de esnekiak de Lea-Artibai.,Consultar web o venta directa,+34697785925,,,,,https://www.google.com/maps/search/?api=1&query=Barroeta%20Gazta&query_place_id=ChIJbSYVUS8pTg0RS_iNti3-Qbw,43.2734049,-2.4941436,,pendiente,no,,,1108,es,,,,,,es,pais-vasco,vizcaya
quesos-malatsa-orozko,Quesos Malatsa,Orozko,Lácteos y quesos,Queso Idiazabal Malatsa,"Barrio Mendiola s/n, 48410 Orozko, Bizkaia",Quesería de Orozko especializada en queso Idiazabal de elaboración local bajo la marca Malatsa.,Consultar web o venta directa,+34946339709,quesomalatsa@wanadoo.es,,,,https://www.google.com/maps/search/?api=1&query=Quesos%20Malatsa&query_place_id=ChIJza9L7PGyTw0R5CGFk-vv2Jc,43.1077115,-2.911791,,pendiente,no,,,10909,es,,,,,,es,pais-vasco,vizcaya
mantequerias-santi-zamudio,Mantequerías Santi,Zamudio,Lácteos y quesos,"Mantequilla, nata, queso y lácteos","Polígono Industrial Ugaldeguren III Pabellón 32-4, 48170 Zamudio, Bizkaia",Elaborador lácteo vizcaíno con obrador en Zamudio especializado en mantequilla nata y productos lácteos para hostelería y comercio.,Consultar web o venta directa,+34944161200,santi@santi.es,https://www.santi.es/,,,https://www.google.com/maps/search/?api=1&query=Mantequerias%20Santi&query_place_id=ChIJgVtkcAuzTw0RaGG4fEiHLB0,43.2843303,-2.8703416,/productores/es/pais-vasco/vizcaya/mantequerias-santi-zamudio.webp,,sí,ecommerce,,8337,es,,,,,,es,pais-vasco,vizcaya
doniene-gorrondona-bakio,Doniene Gorrondona,Bakio,Vino,Txakolí de Bizkaia,"San Pelaio 1, 48130 Bakio, Bizkaia",Bodega familiar de Bakio adscrita a Bizkaiko Txakolina con viñedo propio y elaboración de txakolí de la costa vizcaína.,Consultar tienda online o bodega,+34946194795,bixitak@donienegorrondona.com,https://donienegorrondona.com/,,https://www.instagram.com/donienego/,https://www.google.com/maps/search/?api=1&query=Doniene%20Gorrondona&query_place_id=ChIJwe7Fm0VATg0Rh33l9cdaUa4,43.4240295,-2.807648,/productores/es/pais-vasco/vizcaya/doniene-gorrondona-bakio.webp,,sí,ecommerce,,4940,es,,,,,,es,pais-vasco,vizcaya
bodegas-itsasmendi-gernika-lumo,Bodegas Itsasmendi,Gernika-Lumo,Vino,Txakolí de Bizkaia,"Barrio Arane 66, 48300 Gernika-Lumo, Bizkaia",Bodega de Urdaibai referente en Bizkaiko Txakolina con vinos de parcela y trabajo ligado al paisaje costero de Bizkaia.,Consultar web o bodega,+34946270316,info@bodegasitsasmendi.com,https://bodegasitsasmendi.com/,,https://www.instagram.com/bodegasitsasmendi/,https://www.google.com/maps/search/?api=1&query=Bodegas%20Itsasmendi&query_place_id=ChIJi0UgyacwTg0RUtK_2F2FixI,43.296897,-2.6919404,/productores/es/pais-vasco/vizcaya/bodegas-itsasmendi-gernika-lumo.webp,,sí,ecommerce,,2082,es,,,,,,es,pais-vasco,vizcaya
gorka-izagirre-larrabetzu,Bodega Gorka Izagirre,Larrabetzu,Vino,Txakolí de Bizkaia,"Legina Auzoa s/n, 48195 Larrabetzu, Bizkaia",Bodega situada en Larrabetzu que elabora txakolí con variedades autóctonas y viñedos propios del entorno vizcaíno.,Consultar tienda online o bodega,+34946742706,,https://www.gorkaizagirre.com/,https://www.facebook.com/BodegaGorkaIzagirre,https://www.instagram.com/gorkaizagirre/,https://www.google.com/maps/search/?api=1&query=Bodega%20Gorka%20Izagirre&query_place_id=ChIJ7eavJVRITg0RSQmuxtEOFd0,43.2606907,-2.8143012,/productores/es/pais-vasco/vizcaya/gorka-izagirre-larrabetzu.webp,,sí,ecommerce,,1457,es,,,,,,es,pais-vasco,vizcaya
bodega-berroja-muxika,Bodega Berroja,Muxika,Vino,Txakolí de Bizkaia,"Carretera Zugastieta a Balcón de Bizkaia, Barrio Berroja, 48392 Muxika, Bizkaia",Bodega de Muxika integrada en la reserva de Urdaibai que produce txakolí de viñedo propio en laderas de Berroja.,Consultar tienda online o bodega,+34944106254,txakoli@bodegaberroja.com,https://bodegaberroja.com/,https://www.facebook.com/bodegaberroja,https://www.instagram.com/bodegaberroja/,https://www.google.com/maps/search/?api=1&query=Bodega%20Berroja&query_place_id=ChIJo5VI7a8wTg0RqzcHx2NfNfg,43.2625023,-2.6584378,/productores/es/pais-vasco/vizcaya/bodega-berroja-muxika.webp,,sí,ecommerce,,1307,es,,,,,,es,pais-vasco,vizcaya
magalarte-lezama-txakolina-lezama,Magalarte Lezama Txakolina,Lezama,Vino,Txakolí de Bizkaia,"Garaioltza Auzoa 92 B, 48196 Lezama, Bizkaia",Bodega de Lezama centrada en txakolí de Bizkaia con trabajo familiar y viñedo en el Txorierri.,Consultar tienda online o bodega,+34944556508,,https://magalartelezamatxakolina.com/,,,https://www.google.com/maps/search/?api=1&query=Magalarte%20Lezama%20Txakolina&query_place_id=ChIJo865BpNITg0RTmUNNMwuD-M,43.2775424,-2.8308074,/productores/es/pais-vasco/vizcaya/magalarte-lezama-txakolina-lezama.webp,,sí,ecommerce,,8282,es,,,,,,es,pais-vasco,vizcaya
magalarte-zamudio-txakolina-zamudio,Magalarte Zamudio,Zamudio,Vino,Txakolí de Bizkaia,"Barrio Arteaga 107, 48170 Zamudio, Bizkaia",Bodega de Zamudio dedicada a Bizkaiko Txakolina con viñedos propios en el valle del Txorierri.,Consultar tienda online o bodega,+34686206863,,https://bodegamagalartezamudio.com/,https://www.facebook.com/magalartezamudio/,https://www.instagram.com/magalartezamudio/,https://www.google.com/maps/search/?api=1&query=Magalarte%20Zamudio&query_place_id=ChIJ0WmfCFdPTg0R8ShGD9qrnhY,43.2898805,-2.866127,/productores/es/pais-vasco/vizcaya/magalarte-zamudio-txakolina-zamudio.webp,,sí,ecommerce,,8283,es,,,,,,es,pais-vasco,vizcaya
txa-txabarri-zalla,Txa Txabarri,Zalla,Vino,Txakolí de Bizkaia,"Muñeran Auzoa 17, 48860 Aranguren, Bizkaia",Bodega de Enkarterri que produce txakolí en Zalla dentro de la denominación Bizkaiko Txakolina.,Consultar bodega,+34658728865,txakoli@txatxabarri.com,https://www.txatxabarri.com/,,,https://www.google.com/maps/search/?api=1&query=Txa%20Txabarri&query_place_id=ChIJd8wv7235Tg0RpQjXWYT9tnk,43.2128149,-3.1143999,,,no,,,11985,es,,,,,,es,pais-vasco,vizcaya
virgen-de-lorea-zalla,Otxaran - Bodegas Virgen de Lorea,Zalla,Vino,Txakolí de Bizkaia,"Barrio La Flor 3, 48860 Zalla, Bizkaia",Bodega de Zalla con larga trayectoria elaborando txakolí de Bizkaia en la comarca de Las Encartaciones.,Consultar bodega,+34946671871,info@bodegasvirgendelorea.com,https://otxaran.com/,,,https://www.google.com/maps/search/?api=1&query=Bodegas%20Virgen%20de%20Lorea&query_place_id=ChIJ23FwaDj5Tg0RRdXAT4dJp3Y,43.2197425,-3.1561292,/productores/es/pais-vasco/vizcaya/virgen-de-lorea-zalla.webp,,no,,,9352,es,,,,,,es,pais-vasco,vizcaya
amunategi-txakolina-busturia,Amunategi Txakolina,Busturia,Vino,Txakolí de Bizkaia,"San Bartolomé 57, 48350 Busturia, Bizkaia",Bodega familiar de Busturia que elabora txakolí en el entorno de Urdaibai con uva local de Bizkaia.,Consultar web o venta directa,+34685737398,anton@amunategi.com,https://www.amunategi.com/,,,https://www.google.com/maps/search/?api=1&query=Amunategi%20Txakolina&query_place_id=ChIJY3bTaoQ_Tg0RrFu_q6_2pfQ,43.377115,-2.7062027,,pendiente,no,,,743,es,,,,,,es,pais-vasco,vizcaya
bodega-uriondo-zaratamo,Bodega Uriondo,Zaratamo,Vino,Txakolí de Bizkaia,"Uriondo Auzoa 2, 48480 Zaratamo, Bizkaia",Bodega de Zaratamo dedicada al txakolí de Bizkaia con producción en el entorno rural del Nervión.,Consultar web o venta directa,+34946711870,uriondo.txakoli@gmail.com,,,,https://www.google.com/maps/search/?api=1&query=Bodega%20Uriondo&query_place_id=ChIJxcQSaKhOTg0RVH3T73eRdWM,43.2211586,-2.869128,,pendiente,no,,,1690,es,,,,,,es,pais-vasco,vizcaya
txakoli-butroi-gatika,Txakoli Butroi,Gatika,Vino,Txakolí de Bizkaia,"Igartua Auzoa 25, 48110 Gatika, Bizkaia",Bodega de Gatika que produce txakolí de Bizkaia en el entorno del castillo de Butrón y la comarca de Mungialdea.,Pedidos por email o teléfono,+34639469738,txakoli@butroi.com,https://butroi.com/,,https://www.instagram.com/txakolibutroi/,https://www.google.com/maps/search/?api=1&query=Txakoli%20Butroi&query_place_id=ChIJucq4o49DTg0Rk_FwtL-iUJs,43.3779631,-2.8861742,/productores/es/pais-vasco/vizcaya/txakoli-butroi-gatika.webp,,sí,email|telefono,,11988,es,,,,,,es,pais-vasco,vizcaya
bodega-talleri-berria-morga,Bodega Talleri Berria,Morga,Vino,Txakolí de Bizkaia,"Barrio Erroteta s/n, 48115 Morga, Bizkaia",Bodega de Morga que trabaja Bizkaiko Txakolina con viñedos del entorno de Urdaibai y Txorierri.,Consultar tienda online o bodega,+34946138318,info@bodegatalleri.com,https://bodegatalleri.com/,,,https://www.google.com/maps/search/?api=1&query=Bodega%20Talleri%20Berria&query_place_id=ChIJcVrVtik4Tg0Rq_yJD0zu0-M,43.2976192,-2.7447955,,,sí,ecommerce,,1668,es,,,,,,es,pais-vasco,vizcaya
txakoli-arritxola-durango,Txakoli Arritxola,Durango,Vino,Txakolí de Bizkaia,"Eguskitza 20, 48200 Durango, Bizkaia",Bodega de Durango dedicada a la elaboración de txakolí vizcaíno con viñas en el Durangaldea.,Consultar tienda online o bodega,+34662666356,tienda@txakoliarritxola.com,https://txakoliarritxola.com/,https://www.facebook.com/TxakoliArritxola/,,https://www.google.com/maps/search/?api=1&query=Txakoli%20Arritxola&query_place_id=ChIJh1EW0DUzTg0RG92TogRcGPg,43.1536189,-2.6201564,,,sí,ecommerce,,11987,es,,,,,,es,pais-vasco,vizcaya
txakoli-galanta-galdakao,Txakoli Galanta,Galdakao,Vino,Txakolí de Bizkaia,"Arteta Bidea 7, 48960 Usansolo, Bizkaia",Bodega situada en Usansolo que elabora txakolí de Bizkaia a partir de viñedos cercanos y trabajo de pequeña escala.,Consultar tienda online o WhatsApp,+34627527225,galanta@txakoligalanta.com,https://txakoligalanta.com/,,,https://www.google.com/maps/search/?api=1&query=Txakoli%20Galanta&query_place_id=ChIJkRVdfzJLTg0REB9_lQM0Ruw,43.2128713,-2.8413083,/productores/es/pais-vasco/vizcaya/txakoli-galanta-galdakao.webp,,sí,ecommerce|whatsapp,,11989,es,,,,,,es,pais-vasco,vizcaya
ugabe-txakoli-artea,Ugabe Txakoli,Artea,Vino,Txakolí de Bizkaia,"Sarasola 8, 48142 Artea, Bizkaia",Productor de txakolí en Artea con elaboración local dentro del entorno rural de Arratia.,Consultar web o venta directa,+34639304436,ugabetxakoli@gmail.com,,,https://www.instagram.com/ugabetxakoli/,https://www.google.com/maps/search/?api=1&query=Ugabe%20Txakoli&query_place_id=ChIJA_ynIzFLTg0RHwqqtF4aivI,43.1450045,-2.8065589,,,no,,,12004,es,,,,,,es,pais-vasco,vizcaya
zabala-txakolina-bakio,Zabala Txakolina,Bakio,Vino,Txakolí de Bizkaia,"Goitisoloalde 22A, 48130 Bakio, Bizkaia",Bodega de Bakio especializada en txakolí de la costa vizcaína con viñedos propios y venta directa.,"Pedidos por web, email o teléfono",+34656767954,,https://www.zabalatxakolina.com/,,,https://www.google.com/maps/search/?api=1&query=Zabala%20Txakolina&query_place_id=ChIJE9GwpmtBTg0RvwFgNSYGG6s,43.4130587,-2.8229489,,,sí,telefono,,12409,es,,,,,,es,pais-vasco,vizcaya
ekosumendi-alonsotegi,Ekosumendi Horticultura Ecológica,Alonsotegi,Fruta y verdura,Hortaliza ecológica,"Zamundi Auzoa 110, 48810 Alonsotegi, Bizkaia",Proyecto de horticultura ecológica de Alonsotegi dedicado a verdura de temporada y venta de proximidad.,Consultar web o venta directa,+34667557938,,,https://www.facebook.com/ekosumendi.sumendi/,,https://www.google.com/maps/search/?api=1&query=Ekosumendi&query_place_id=ChIJySkTOCZRTg0RacFtLSJA9sE,43.2483465,-3.0063626,,,no,,,5089,es,,,,,,es,pais-vasco,vizcaya
premium-organics-leioa,Premium Organics,Leioa,Fruta y verdura,Productos ecológicos,"Estartetxe Kalea 5 Piso 1 Oficina 122, 48940 Leioa, Bizkaia",Empresa de Leioa centrada en producto ecológico y alimentación vegetal con distribución desde Bizkaia.,Consultar web o venta directa,+34658704226,,https://premium-organics.com/,,,https://www.google.com/maps/search/?api=1&query=Premium%20Organics&query_place_id=ChIJAQDAg01aTg0Rm93qJ8FkgAA,43.3265325,-2.9879472,/productores/es/pais-vasco/vizcaya/premium-organics-leioa.webp,,no,,,10282,es,,,,,,es,pais-vasco,vizcaya
barrenetxe-etxebarria,Barrenetxe S.Coop,Etxebarria,Fruta y verdura,Hortalizas y verduras,"Altzaa Auzoa 41, 48277 Etxebarria, Bizkaia",Cooperativa hortícola de Lea-Artibai dedicada al cultivo y comercialización de verduras locales de temporada.,Consultar web o venta directa,+34946168143,,https://barrenetxe.com/,,,https://www.google.com/maps/search/?api=1&query=Barrenetxe%20S.Coop&query_place_id=ChIJe4vJEMYpTg0ROVOLa2IRn_U,43.2570724,-2.4989113,/productores/es/pais-vasco/vizcaya/barrenetxe-etxebarria.webp,,no,,,1105,es,,,,,,es,pais-vasco,vizcaya
legumbres-guillermo-mungia,Legumbres Guillermo,Mungia,Legumbres,Legumbres secas,"Erreruena Kalea 16, 48100 Mungia, Bizkaia",Obrador y almacén de Mungia especializado en selección envasado y venta de legumbres para consumo doméstico y profesional.,Consultar web o venta directa,+34946743300,,https://legumbresguillermo.es/,,,https://www.google.com/maps/search/?api=1&query=Legumbres%20Guillermo&query_place_id=ChIJpwdQnS5ETg0RI9cc-SW-s3Y,43.3371986,-2.8644996,/productores/es/pais-vasco/vizcaya/legumbres-guillermo-mungia.webp,,sí,ecommerce,,8078,es,,,,,,es,pais-vasco,vizcaya
laneko-koop-ispaster,Laneko Koop,Ispaster,Legumbres,"Legumbres, conservas vegetales y elaborados","Okamikako Industrialdea 2 5A, 48289 Ispaster, Bizkaia",Cooperativa de Lea-Artibai vinculada a elaborados vegetales legumbres y producto local preparado para el consumo.,Consultar web o venta directa,+34946842026,lanekoleartibai@euskalnet.net,https://euskalsagardoa.eus/portfolio/laneko/?lang=es,,,https://www.google.com/maps/search/?api=1&query=Laneko%20Koop&query_place_id=ChIJ68SXl5wlTg0RbbrSW6DBfv8,43.3320832,-2.5448333,/productores/es/pais-vasco/vizcaya/laneko-koop-ispaster.webp,pendiente,no,,,8015,es,,,,,,es,pais-vasco,vizcaya
eztikidetza-galdames,Eztikidetza,Galdames,Miel,Miel y productos apícolas,"Vallejas Auzoa 39, 48191 Galdames, Bizkaia",Productor apícola de Galdames dedicado a miel y productos derivados de colmena en la comarca de Enkarterri.,Consultar web o venta directa,+34946100010,,https://www.eztikidetza.com/,,,https://www.google.com/maps/search/?api=1&query=Eztikidetza&query_place_id=ChIJ54UjXHb5Tg0RZrRpBRwTPiI,43.2735284,-3.1200232,/productores/es/pais-vasco/vizcaya/eztikidetza-galdames.webp,,sí,ecommerce,,5717,es,,,,,,es,pais-vasco,vizcaya
aberaska-eztia-gernika-lumo,Aberaska Eztia,Gernika-Lumo,Miel,Miel artesana,"Fray Martín de Murua Kalea 29, 48300 Gernika-Lumo, Bizkaia",Mielería de Gernika-Lumo dedicada a miel local y productos apícolas de elaboración artesanal.,Consultar web o venta directa,+34615761835,,,,,https://www.google.com/maps/search/?api=1&query=Aberaska%20Eztia&query_place_id=ChIJcbDxses7Tg0R5Nnmb8llmlg,43.3105653,-2.682158,,pendiente,no,,,71,es,,,,,,es,pais-vasco,vizcaya
gure-eztia-markina-xemein,Gure Eztia,Markina-Xemein,Miel,Miel y derivados apícolas,"Iderraga Kalea 20, 48270 Markina-Xemein, Bizkaia",Productor de miel de Lea-Artibai centrado en miel local y elaboraciones apícolas para venta de cercanía.,Consultar web o venta directa,+34619401413,joxeanostolaza@gmail.com,,,,https://www.google.com/maps/search/?api=1&query=Gure%20Eztia&query_place_id=ChIJKYVm4GQpTg0R3ZQykzPtfyc,43.2664153,-2.5023566,,pendiente,no,,,6666,es,,,,,,es,pais-vasco,vizcaya
delicass-larrabetzu,Delicass,Larrabetzu,Carne,"Pato, foie y elaborados cárnicos","Barrio Legina s/n, 48195 Larrabetzu, Bizkaia",Elaborador alimentario de Larrabetzu especializado en productos de pato foie y preparados cárnicos de alta gama.,Consultar web o venta directa,+34944558700,,https://delicass.com/,,,https://www.google.com/maps/search/?api=1&query=Delicass&query_place_id=ChIJEbGffDZITg0RXurNu6Op89Q,43.2596713,-2.8116735,,,sí,ecommerce,,4794,es,,,,,,es,pais-vasco,vizcaya
servicarfres-bilbao,Servicarfres,Bilbao,Carne,Carne fresca y elaborados,"Archer Marinelaren Kalea 5, 48013 Bilbao, Bizkaia",Empresa alimentaria bilbaína orientada a carne fresca y producto refrigerado para hostelería y comercio de proximidad.,Consultar web o venta directa,,,,,,https://www.google.com/maps/search/?api=1&query=Servicarfres&query_place_id=ChIJC7uQJRNRTg0RluTjuMGJ8b4,43.2812452,-2.9732494,,pendiente,no,,,11497,es,,,,,,es,pais-vasco,vizcaya
ateun-harategia-markina-xemein,Ateun Harategia,Markina-Xemein,Carne,"Carne local, embutidos y elaborados","Artibai Kalea 32, 48270 Markina-Xemein, Bizkaia",Carnicería de Markina-Xemein vinculada a carne de baserris cercanos y elaboración propia de embutidos y preparados.,Consultar web o venta directa,+34946167669,ateunharategi@gmail.com,https://hamenbertokoa.eus/ateun-harategia/,,,https://www.google.com/maps/search/?api=1&query=Ateun%20Harategia&query_place_id=ChIJ1yoBglYoTg0RRu1BiHfD-lk,43.2694516,-2.4972771,,pendiente,no,,,1021,es,,,,,,es,pais-vasco,vizcaya
conservas-zallo-bermeo,Conservas Zallo,Bermeo,Pescado,"Bonito, anchoa y conservas de pescado","Polígono Landabaso s/n, 48370 Bermeo, Bizkaia",Conservera de Bermeo especializada en bonito anchoa y conservas de pescado de tradición marinera vizcaína.,Consultar tienda online,+34946186318,,https://zallo.com/,,,https://www.google.com/maps/search/?api=1&query=Conservas%20Zallo&query_place_id=ChIJJaBni1A-Tg0RD3VEYIzu42E,43.4217374,-2.735958,/productores/es/pais-vasco/vizcaya/conservas-zallo-bermeo.webp,,sí,ecommerce,,4369,es,,,,,,es,pais-vasco,vizcaya
conservas-serrats-bermeo,Conservas Serrats,Bermeo,Pescado,"Bonito del norte, anchoas y conservas","Polígono Industrial Landabaso 6, 48370 Bermeo, Bizkaia",Conservera histórica de Bermeo dedicada a bonito del norte anchoas y conservas de pescado de elaboración cuidada.,Consultar tienda online,+34946187280,,https://www.serrats.com/es_es,,,https://www.google.com/maps/search/?api=1&query=Conservas%20Serrats&query_place_id=ChIJPb0Bc6Q_Tg0R9-0MeED0_44,43.4197552,-2.7345757,/productores/es/pais-vasco/vizcaya/conservas-serrats-bermeo.webp,,sí,ecommerce,,4356,es,,,,,,es,pais-vasco,vizcaya
conservas-ortiz-ondarroa,Conservas Ortiz,Ondarroa,Pescado,"Bonito del norte, anchoa y atún","San Ignacio Kalea 15, 48700 Ondarroa, Bizkaia",Conservera de Ondarroa con larga trayectoria en bonito anchoa y atún elaborados siguiendo métodos tradicionales.,Consultar Club Ortiz,+34946134313,,https://www.conservasortiz.com/,,,https://www.google.com/maps/search/?api=1&query=Conservas%20Ortiz&query_place_id=ChIJP35zSDTYUQ0RyZuSv66iuAg,43.3201901,-2.4242296,/productores/es/pais-vasco/vizcaya/conservas-ortiz-ondarroa.webp,,sí,ecommerce,,4338,es,,,,,,es,pais-vasco,vizcaya
conservas-aguirreoa-berriatua,Conservas Aguirreoa,Berriatua,Pescado,Conservas de pescado,"Polígono Gardotza 16, 48710 Berriatua, Bizkaia",Conservera familiar de Berriatua especializada en elaboraciones de pescado en conserva para comercio y hostelería.,Consultar tienda online,+34946134018,,https://www.conservasaguirreoa.com/,,,https://www.google.com/maps/search/?api=1&query=Conservas%20Aguirreoa&query_place_id=ChIJS2BPwDTYUQ0R24yHKcTngNA,43.3160259,-2.4543828,/productores/es/pais-vasco/vizcaya/conservas-aguirreoa-berriatua.webp,,sí,ecommerce,,4242,es,,,,,,es,pais-vasco,vizcaya
mar-mar-berriatua,Mar-Mar,Berriatua,Pescado,Conservas de pescado,"Polígono Gardotza 57, 48710 Berriatua, Bizkaia",Elaborador de conservas y productos de pescado ubicado en Berriatua dentro del tejido conservero de Lea-Artibai.,Consultar web o venta directa,+34946832132,info@marmar.es,https://www.marmar.es/,,,https://www.google.com/maps/search/?api=1&query=Mar-Mar%20Berriatua&query_place_id=ChIJjVONww7YUQ0RklInj2x2hrA,43.3161235,-2.4545033,,pendiente,no,,,8348,es,,,,,,es,pais-vasco,vizcaya
conservas-olasagasti-markina-xemein,Conservas Olasagasti,Markina-Xemein,Pescado,"Anchoa, bonito y conservas de pescado","Erdotza Hiribidea 35, 48270 Markina-Xemein, Bizkaia",Conservera de Markina-Xemein especializada en anchoa bonito y pescado azul elaborado en conserva.,Consultar tienda online,+34946166251,,https://www.conservasolasagasti.com/es/,,,https://www.google.com/maps/search/?api=1&query=Conservas%20Olasagasti&query_place_id=ChIJe9AiXAApTg0RBfb7IBRcZvw,43.2656146,-2.5069781,/productores/es/pais-vasco/vizcaya/conservas-olasagasti-markina-xemein.webp,,sí,ecommerce,,4335,es,,,,,,es,pais-vasco,vizcaya
conservas-campos-bermeo,Conservas Campos,Bermeo,Pescado,"Bonito, atún y conservas de pescado","Polígono Industrial Landabaso s/n, 48370 Bermeo, Bizkaia",Fábrica conservera de Bermeo ligada a la marca Campos y a la elaboración de conservas de pescado en Bizkaia.,Consultar tienda online,+34946880500,,https://www.clubcampos.com/,,,https://www.google.com/maps/search/?api=1&query=Conservas%20Campos&query_place_id=ChIJPb0Bc6Q_Tg0R2l8xlE3IGOA,43.4217817,-2.7375275,,,sí,ecommerce,,4260,es,,,,,,es,pais-vasco,vizcaya
keia-ahumados-artesanos-galdakao,Keia Ahumados Artesanos,Galdakao,Pescado,Ahumados artesanos,"Barrio Zubiate 17, 48330 Galdakao, Bizkaia",Obrador artesanal de ahumados ubicado en Galdakao con elaboraciones de pescado y producto gourmet.,Consultar productor,+34946314555,,https://keia.es/,,,https://www.google.com/maps/search/?api=1&query=Keia%20Ahumados%20Artesanos&query_place_id=ChIJO1HaYy3DTw0RaCeMBFMrGK8,43.2078461,-2.7835063,/productores/es/pais-vasco/vizcaya/keia-ahumados-artesanos-galdakao.webp,,no,,,7435,es,,,,,,es,pais-vasco,vizcaya
la-gilda-del-norte-lezama,La Gilda del Norte,Lezama,Conservas,Gildas y encurtidos,"Polígono La Cruz Aretxalde Auzoa 128B Invernadero, 48196 Lezama, Bizkaia",Obrador de Lezama especializado en gildas encurtidos y aperitivos vascos preparados con enfoque artesanal.,Consultar web o venta directa,+34690007070,,https://lagildadelnorte.com/,,,https://www.google.com/maps/search/?api=1&query=La%20Gilda%20del%20Norte&query_place_id=ChIJY44CZ2VGTg0R5O1LmNmsU_4,43.2744325,-2.8447765,/productores/es/pais-vasco/vizcaya/la-gilda-del-norte-lezama.webp,,sí,ecommerce,,7690,es,,,,,,es,pais-vasco,vizcaya
pan-menesa-trapagaran,Pan Menesa,Valle de Trápaga-Trapagaran,Pan y cereal,Pan artesano,"Primero de Mayo Hiribidea 13, 48510 Valle de Trápaga-Trapagaran, Bizkaia",Panadería local de Trapagaran dedicada a pan diario y productos de obrador para el entorno minero vizcaíno.,Consultar web o venta directa,+34944921387,,,,,https://www.google.com/maps/search/?api=1&query=Pan%20Menesa&query_place_id=ChIJA0pRiOlZTg0RfR7Qf8q1VQA,43.3036545,-3.0358462,,pendiente,no,,,9435,es,,,,,,es,pais-vasco,vizcaya
panaderia-el-minero-gallarta,Panadería El Minero,Gallarta,Pan y cereal,Pan y bollería,"El Minero Hiribidea 12B, 48500 Gallarta, Bizkaia",Panadería de Gallarta con obrador local de pan bollería y productos diarios para la comarca de Meatzaldea.,Consultar web o venta directa,+34946369341,,,https://www.facebook.com/p/Panader%C3%ADa-El-Minero-100063898759819/,,https://www.google.com/maps/search/?api=1&query=Panaderia%20El%20Minero&query_place_id=ChIJzW2zvlxYTg0RKYZGa0ysqnU,43.3181725,-3.0734089,,,no,,,9512,es,,,,,,es,pais-vasco,vizcaya
santi-gozotegia-lekeitio,Santi Gozotegia,Lekeitio,Dulces y repostería,Pastelería artesana,"Abaroa Kalea 3 Bajo, 48280 Lekeitio, Bizkaia",Pastelería de Lekeitio con obrador propio de dulces bollería y productos tradicionales de la costa vizcaína.,Consultar web o venta directa,+34946840157,,,https://www.facebook.com/pasteleriasantigozotegia/,https://www.instagram.com/pasteleriasantigozotegia/,https://www.google.com/maps/search/?api=1&query=Santi%20Gozotegia&query_place_id=ChIJJdTqlN4mTg0Rv-bVcyy2py4,43.3634144,-2.5036202,,,no,,,11401,es,,,,,,es,pais-vasco,vizcaya
errotaetxe-amorebieta-etxano,Errotaetxe Obrador de Amorebieta,Amorebieta-Etxano,Pan y cereal,"Pan, bollería y obrador","Polígono Zubipunta 10 amarillo, 48340 Amorebieta-Etxano, Bizkaia",Obrador de Amorebieta-Etxano dedicado a panadería y repostería de elaboración local para tiendas y clientes de cercanía.,Consultar web o venta directa,+34946300089,,https://www.errotaetxe.com/,,,https://www.google.com/maps/search/?api=1&query=Errotaetxe%20Obrador&query_place_id=ChIJQyoHuCM0Tg0Rb_zgqMKv_zQ,43.2138267,-2.7214186,,,no,,,5609,es,,,,,,es,pais-vasco,vizcaya
panaderia-zubizarreta-zaldibar,Panadería Zubizarreta,Zaldibar,Pan y cereal,Pan y bollería,"Euskal Herria Etorbidea 7C, 48250 Zaldibar, Bizkaia",Panadería de Zaldibar con producción diaria de pan y bollería para venta directa en el Durangaldea.,Consultar web o venta directa,,,https://panaderiazubizarreta.com/,,,https://www.google.com/maps/search/?api=1&query=Panaderia%20Zubizarreta&query_place_id=ChIJg-5EhPoqTg0RykmmEr2qruY,43.1720001,-2.5368983,,,no,,,9688,es,,,,,,es,pais-vasco,vizcaya
laugar-brewery-gordexola,Laugar Brewery,Gordexola,Cerveza,Cerveza artesana,"Zubiete Auzoa 42, 48192 Gordexola, Bizkaia",Microcervecera de Gordexola especializada en cerveza artesanal de estilos intensos y producción propia en su fábrica y taproom.,Consultar web o venta directa,+34747493516,,https://www.laugarbrewery.com/,,,https://www.google.com/maps/search/?api=1&query=Laugar%20Brewery&query_place_id=ChIJ_wgZObJVTg0RrBxZUEpomTc,43.183806,-3.0615109,/productores/es/pais-vasco/vizcaya/laugar-brewery-gordexola.webp,,sí,ecommerce,,8052,es,,,,,,es,pais-vasco,vizcaya
boga-garagardoa-mungia,Boga Garagardoa,Mungia,Cerveza,Cerveza artesana,"Luisene Kalea 2 A-8, 48100 Mungia, Bizkaia",Cervecera artesana de Mungia que produce cerveza vasca contemporánea con fábrica y espacio de visitas.,Consultar web o venta directa,+34944062848,,https://boga.eus/,,,https://www.google.com/maps/search/?api=1&query=Boga%20Garagardoa&query_place_id=ChIJxzQRDOhGTg0ResErq49U_j0,43.3515531,-2.8281433,/productores/es/pais-vasco/vizcaya/boga-garagardoa-mungia.webp,,sí,ecommerce,,2551,es,,,,,,es,pais-vasco,vizcaya
la-salve-bilbao,La Salve Bilbao,Bilbao,Cerveza,Cerveza de Bilbao,"Telleria Kalea 31A, 48004 Bilbao, Bizkaia",Fábrica cervecera bilbaína que recupera la marca La Salve con elaboración local y gama de cervezas propias.,Consultar web o venta directa,+34944159605,,https://www.lasalvebilbao.eus/,,,https://www.google.com/maps/search/?api=1&query=La%20Salve%20Bilbao&query_place_id=ChIJSTNHjdBPTg0RY9_rF7RYHLM,43.2510827,-2.8988869,/productores/es/pais-vasco/vizcaya/la-salve-bilbao.webp,,sí,ecommerce,,7853,es,,,,,,es,pais-vasco,vizcaya
drunken-bros-zamudio,Drunken Bros,Zamudio,Cerveza,Cerveza artesana,"Polígono Industrial Ugaldeguren III Pabellón 24, 48170 Zamudio, Bizkaia",Cervecera artesana de Zamudio especializada en estilos modernos y tiradas propias desde su taproom y fábrica.,Consultar web o venta directa,+34944361597,,https://drunkenbros.com/,,,https://www.google.com/maps/search/?api=1&query=Drunken%20Bros&query_place_id=ChIJwaPzmpxPTg0R0PSUh4tr4hw,43.2863901,-2.8744952,/productores/es/pais-vasco/vizcaya/drunken-bros-zamudio.webp,,sí,ecommerce,,4949,es,,,,,,es,pais-vasco,vizcaya
basquery-bilbao,Basquery,Bilbao,Cerveza,"Cerveza artesana, pan y cocina local","Ibáñez de Bilbao Kalea 8, 48001 Bilbao, Bizkaia",Brewpub bilbaíno con cerveza propia y obrador de pan situado en el centro de Bilbao.,Consultar web o venta directa,+34944072712,,http://basquery.com/,,,https://www.google.com/maps/search/?api=1&query=Basquery&query_place_id=ChIJdSeb9M9PTg0RGe9cvrCUPmA,43.2628898,-2.9263581,/productores/es/pais-vasco/vizcaya/basquery-bilbao.webp,,sí,marketplace,,1118,es,,,,,,es,pais-vasco,vizcaya
cafes-baque-iurreta,Cafés Baqué,Iurreta,Café,Café tostado,"Polígono Industrial Santa Apolonia U.A.I. 2-2, 48215 Iurreta, Bizkaia",Tostador de café de Iurreta con larga trayectoria en selección tueste y distribución de café desde Bizkaia.,Consultar web o venta directa,+34946215610,,https://www.baque.com/,,,https://www.google.com/maps/search/?api=1&query=Cafes%20Baque&query_place_id=ChIJVVVVqvsyTg0RW8NvMF8B5d0,43.1736049,-2.6447653,/productores/es/pais-vasco/vizcaya/cafes-baque-iurreta.webp,,sí,ecommerce,,2700,es,,,,,,es,pais-vasco,vizcaya
cafes-el-abra-arrankudiaga,Cafés El Abra,Arrankudiaga,Café,Café tostado,"Polígono Industrial Bakiola Pabellón 7 Bis, 48498 Arrankudiaga, Bizkaia",Tostador de café ubicado en Arrankudiaga dedicado a café para hostelería comercio y consumo local.,Consultar web o venta directa,+34944269008,,https://www.cafento.com/marcas/cafes-el-abra/,https://www.facebook.com/p/Cafes-El-Abra-100068769876654/,https://www.instagram.com/cafeselabra/,https://www.google.com/maps/search/?api=1&query=Cafes%20El%20Abra&query_place_id=ChIJ790vZWZNTg0R44jhORjbKBQ,43.1781273,-2.9130988,/productores/es/pais-vasco/vizcaya/cafes-el-abra-arrankudiaga.webp,,no,,,2712,es,,,,,,es,pais-vasco,vizcaya
karis-pasteleria-bilbao,Karis Pastelería,Bilbao,Pan y cereal,"Pan, pasteles y bollería","Zamakola Kalea 90, 48003 Bilbao, Bizkaia",Pastelería industrial bilbaína de Zamakola dedicada a pan pasteles y bollería con obrador propio y venta local.,Consultar web o venta directa,+34944162926,ligia.bruna@hotamail.com,,https://www.facebook.com/Karis.pasteleria/,https://www.instagram.com/karis_pasteleria/,https://www.google.com/maps/search/?api=1&query=Karis%20Pasteleria&query_place_id=ChIJG1i8jDBOTg0RiJaych1WHQE,43.2449688,-2.9249068,,,no,,,7430,es,,,,,,es,pais-vasco,vizcaya
jatera-berria-bi-by-jatera-bilbao,Jatera Berria - Bi by Jatera,Bilbao,Pan y cereal,"Pastelería, bollería y pan artesano","Itxaropen Kalea 8, 48005 Bilbao, Bizkaia",Obrador bilbaíno de Jatera Berria en el Casco Viejo dedicado a bollería pastelería y panadería de elaboración diaria.,Consultar web o venta directa,+34946127951,,https://cascoviejobilbao.eus/jatera-berria-2/,,https://www.instagram.com/jatera_berria/,https://www.google.com/maps/search/?api=1&query=Bi%20by%20Jatera&query_place_id=ChIJRQBt9B1PTg0RQlNtJxmMWGo,43.2606415,-2.9222451,,pendiente,no,,,7318,es,,,,,,es,pais-vasco,vizcaya
charamel-gozotegia-bilbao,Charamel Gozotegia,Bilbao,Dulces y repostería,"Pastelería artesana, tartas y repostería","Jardines Kalea 2, 48005 Bilbao, Bizkaia",Pastelería artesanal del Casco Viejo con obrador propio visible y elaboraciones dulces de inspiración local e internacional.,Consultar web o venta directa,+34944165984,,https://charamelgozotegia.com/,https://www.facebook.com/charamelgozotegia/,https://www.instagram.com/charamelgozotegia/,https://www.google.com/maps/search/?api=1&query=Charamel%20Gozotegia&query_place_id=ChIJq6o60c1PTg0Rt08SlvIPgAo,43.2581344,-2.9254127,,,no comprobado,,,3995,es,,,,,,es,pais-vasco,vizcaya
cookies-and-bites-bilbao,Cookies & Bites,Bilbao,Dulces y repostería,"Cookies, brownies y alfajores","Gordóniz Kalea 2, 48011 Bilbao, Bizkaia",Pastelería gourmet nacida en Bilbao con obrador propio especializado en cookies rellenas brownies y alfajores artesanales.,Consultar web o venta directa,+34642423654,,https://www.cookiesandbites.es/,,https://www.instagram.com/cookiesandbites/,https://www.google.com/maps/search/?api=1&query=Cookies%20%26%20Bites%20Bilbao&query_place_id=ChIJ6RxBYj1RTg0RJN98k0qDVWI,43.2602463,-2.9379888,/productores/es/pais-vasco/vizcaya/cookies-and-bites-bilbao.webp,,sí,ecommerce|whatsapp,,4384,es,,,,,,es,pais-vasco,vizcaya
pasteleria-don-manuel-bilbao,Pastelería Don Manuel,Bilbao,Dulces y repostería,"Carolinas, hojaldres y repostería artesana","Rodríguez Arias Kalea 39, 48011 Bilbao, Bizkaia",Pastelería bilbaína con obrador artesano reconocida por sus carolinas hojaldres y repostería tradicional de la ciudad.,Consultar web o venta directa,+34944230741,,http://www.pasteleriadonmanuel.com/,https://www.facebook.com/donmanuelpasteleria,https://instagram.com/pasteleriadonmanuel/,https://www.google.com/maps/search/?api=1&query=Pasteleria%20Don%20Manuel&query_place_id=ChIJM2Fs3-dRTg0RwNBe_sITmdc,43.2625757,-2.9391782,/productores/es/pais-vasco/vizcaya/pasteleria-don-manuel-bilbao.webp,,no,,,9794,es,,,,,,es,pais-vasco,vizcaya
pasteleria-arrese-bilbao,Pastelería Arrese 1852,Bilbao,Dulces y repostería,"Trufas, carolinas y pastelería clásica","Gran Vía Diego López de Haro 24, 48001 Bilbao, Bizkaia",Pastelería histórica de Bilbao dedicada a bombonería trufas carolinas y dulces tradicionales desde su obrador local.,Consultar web o venta directa,+34944234052,,https://arrese.biz/,https://www.facebook.com/ArreseBilbao,https://www.instagram.com/arresebilbao1852/,https://www.google.com/maps/search/?api=1&query=Pasteleria%20Arrese%201852&query_place_id=ChIJL0vqodBPTg0RRiyholmIR8A,43.2624693,-2.9314005,/productores/es/pais-vasco/vizcaya/pasteleria-arrese-bilbao.webp,,sí,ecommerce,,9765,es,,,,,,es,pais-vasco,vizcaya
martina-de-zuricalday-bilbao,Martina de Zuricalday,Bilbao,Dulces y repostería,"Pasteles, bollos de mantequilla y chocolates","Ercilla Kalea 43, 48011 Bilbao, Bizkaia",Casa pastelera bilbaína histórica especializada en bollos de mantequilla pasteles chocolates y repostería tradicional.,Consultar web o venta directa,+34944435796,,https://www.martinazuricalday.com/,,https://www.instagram.com/martinazuricalday/,https://www.google.com/maps/search/?api=1&query=Martina%20de%20Zuricalday%20Bilbao&query_place_id=ChIJsXgPTyhQTg0RaP6grUX19Gs,43.260936,-2.9391996,/productores/es/pais-vasco/vizcaya/martina-de-zuricalday-bilbao.webp,,no,,,8400,es,,,,,,es,pais-vasco,vizcaya
turroneria-ivanez-bilbao,Turronería Iváñez Bilbao,Bilbao,Dulces y repostería,"Turrones, dulces y especialidades artesanas","Posta Kalea 23, 48005 Bilbao, Bizkaia",Turronería del Casco Viejo de Bilbao especializada en turrones dulces artesanos y especialidades tradicionales de temporada.,Consultar web o venta directa,+34944792407,,https://turroneriaivanezbilbao.com/,https://www.facebook.com/turroneriaivanezbilbao/,https://www.instagram.com/turroneriaivanezbilbao/,https://www.google.com/maps/search/?api=1&query=Turroneria%20Ivanez%20Bilbao&query_place_id=ChIJ-cj2E8xPTg0R0n5IBIJcTug,43.2575392,-2.9234281,/productores/es/pais-vasco/vizcaya/turroneria-ivanez-bilbao.webp,,sí,ecommerce,,11972,es,,,,,,es,pais-vasco,vizcaya
heladeria-nossi-be-bilbao,Heladería Nossi-Bé,Bilbao,Dulces y repostería,Helado artesano,"Nafarroa Kalea 1, 48001 Bilbao, Bizkaia",Heladería artesana bilbaína centrada en helados de elaboración propia y sabores de temporada en el entorno del Arenal.,Consultar web o venta directa,+34944233489,,http://heladeria-bilbao.com/,https://www.facebook.com/heladerianossibe,,https://www.google.com/maps/search/?api=1&query=Heladeria%20Nossi-Be&query_place_id=ChIJzUF5TM5PTg0RZXjQTyLFxd0,43.2605147,-2.9260031,/productores/es/pais-vasco/vizcaya/heladeria-nossi-be-bilbao.webp,,no,,,6728,es,,,,,,es,pais-vasco,vizcaya
gelati-gelati-bilbao,Gelati Gelati,Bilbao,Dulces y repostería,Helado artesano,"Kapelagile Kalea 14, 48005 Bilbao, Bizkaia",Heladería artesanal de Bilbao especializada en gelato italiano elaborado a diario y venta directa en el Casco Viejo.,Consultar web o venta directa,+34944151624,,https://gelatigelati.com/,https://www.facebook.com/webgelatigelati/,https://www.instagram.com/gelatigelati_/,https://www.google.com/maps/search/?api=1&query=Gelati%20Gelati%20Bilbao&query_place_id=ChIJoScs_stPTg0RBN5AMBHeWzg,43.2584214,-2.9224736,/productores/es/pais-vasco/vizcaya/gelati-gelati-bilbao.webp,,sí,ecommerce,,6451,es,,,,,,es,pais-vasco,vizcaya
labeko-okindegia-bilbao,Labeko Okindegia,Bilbao,Pan y cereal,Pan artesano,"Harategi Zahar Kalea 2, 48005 Bilbao, Bizkaia",Panadería artesana del Casco Viejo dedicada a pan diario y piezas de obrador con elaboración local.,Consultar web o venta directa,+34664508168,,https://labekookindegia.wordpress.com/,,,https://www.google.com/maps/search/?api=1&query=Labeko%20Okindegia&query_place_id=ChIJlywBVMxPTg0RAXvWVzhH4d4,43.2562307,-2.9248205,,,no,,,7936,es,,,,,,es,pais-vasco,vizcaya
cafe-obrador-okapi-bilbao,Café Obrador Okapi,Bilbao,Pan y cereal,"Pastelería, pan y café","Belostikale 26, 48005 Bilbao, Bizkaia",Café obrador del Casco Viejo con producción propia de pasteles y piezas de panadería para consumo local.,Consultar web o venta directa,+34944164449,,https://www.txokotabulo.com/inicio/,,,https://www.google.com/maps/search/?api=1&query=Cafe%20Obrador%20Okapi&query_place_id=ChIJpyKYQcxPTg0RF-UCpZXyo7Q,43.2568083,-2.9239994,,,no,,,2692,es,,,,,,es,pais-vasco,vizcaya
tasty-coffee-bakery-bilbao,Tasty Coffee & Bakery,Bilbao,Pan y cereal,"Pan, bollería y repostería","Iparraguirre Kalea 50, 48010 Bilbao, Bizkaia",Panadería y cafetería bilbaína con bollería artesana pan fresco y repostería elaborada para venta diaria.,Consultar web o venta directa,+34685911707,,,,,https://www.google.com/maps/search/?api=1&query=Tasty%20Coffee%20%26%20Bakery%20Bilbao&query_place_id=ChIJv6qLbQNRTg0RCTnuiID5Qxg,43.2592717,-2.9381695,,pendiente,no,,,11758,es,,,,,,es,pais-vasco,vizcaya
noho-bilbao,Noho Bilbao,Bilbao,Pan y cereal,Pan artesano,"Askatasuna Etorbidea 7, 48003 Bilbao, Bizkaia",Panadería artesana con local en Miribilla centrada en pan de masa madre hogazas y bollería de elaboración propia.,Consultar web o venta directa,+34944716062,,https://www.noho.eus/es/,,,https://www.google.com/maps/search/?api=1&query=Noho%20Bilbao&query_place_id=ChIJNT45WCxOTg0RovvhiMurfFk,43.2513824,-2.9310005,/productores/es/pais-vasco/vizcaya/noho-bilbao.webp,,no,,,9075,es,,,,,,es,pais-vasco,vizcaya
cafe-fortaleza-bilbao,Café Fortaleza,Bilbao,Café,Café tostado,"Pablo de Alzola Kalea 13, 48012 Bilbao, Bizkaia",Tostador y marca cafetera bilbaína con elaboración y distribución de café para hostelería tienda y consumo doméstico.,Consultar web o venta directa,+34944395066,,https://www.cafefortaleza.com/,https://www.facebook.com/CafeFortaleza/,https://www.instagram.com/cafefortaleza/,https://www.google.com/maps/search/?api=1&query=Cafe%20Fortaleza%20Bilbao&query_place_id=ChIJa3H0vi1QTg0R9zg_WAnsVAo,43.2564315,-2.9459408,/productores/es/pais-vasco/vizcaya/cafe-fortaleza-bilbao.webp,,sí,ecommerce,,2690,es,,,,,,es,pais-vasco,vizcaya
la-moderna-thate-bilbao,Charcutería La Moderna - Hermanos Thate,Bilbao,Carne,"Salchichas, embutidos y charcutería alemana","Colón de Larreátegui Kalea 25, 48001 Bilbao, Bizkaia",Casa bilbaína vinculada a Hermanos Thate especializada en charcutería salchichas y embutidos de elaboración propia.,Consultar web o venta directa,+34944234878,,https://thatelamoderna.com/,,,https://www.google.com/maps/search/?api=1&query=Charcuteria%20La%20Moderna%20Hermanos%20Thate&query_place_id=ChIJHYzA45xRTg0R9cWkUc40fMY,43.2631342,-2.9307693,,,sí,ecommerce,,3999,es,,,,,,es,pais-vasco,vizcaya
pasteleria-onenak-basurto-bilbao,Pastelería Onenak Basurto,Bilbao,Dulces y repostería,"Pasteles, bollería y repostería","Donostia Aita Plaza 4, 48002 Bilbao, Bizkaia",Pastelería de Basurto con obrador familiar de repostería bollería y dulces tradicionales para venta diaria.,Consultar web o venta directa,+34944270287,,https://www.pasteleriasonenak.es/,,,https://www.google.com/maps/search/?api=1&query=Pasteleria%20Onenak%20Basurto&query_place_id=ChIJEQFxezFQTg0RJlOg9mNEPNI,43.2579978,-2.9505813,/productores/es/pais-vasco/vizcaya/pasteleria-onenak-basurto-bilbao.webp,,no,,,9858,es,,,,,,es,pais-vasco,vizcaya
askibil-igorre,Askibil,Igorre,Lácteos y quesos,"Queso de cabra fresco, láctico y curado","Loiate Auzoa z/g Monte Askibil, 48140 Igorre, Bizkaia",Quesería de cabra de Igorre dirigida por Andoni y Zuriñe que elabora quesos con leche Euskal Esnea de su propio rebaño.,Consultar web o venta directa,+34636612049,askibil@gmail.com,https://www.askibil.com/,,https://www.instagram.com/quesoaskibil/,,43.16424,-2.77834,,,no,,,1005,es,,,,,,es,pais-vasco,vizcaya
errotik-amorebieta-etxano,Errotik,Amorebieta-Etxano,Lácteos y quesos,"Queso fresco, yogur y kéfir","Etxanoko Dudea Auzoa 8A, 48340 Amorebieta-Etxano, Bizkaia",Productor de Amorebieta-Etxano que trabaja el ciclo completo desde el ordeño hasta la elaboración de quesos frescos yogures y kéfir.,Consultar web o venta directa,+34656792347,,https://azoka.bbk.eus/colecciones/errotik,,,https://www.google.com/maps/search/?api=1&query=Errotik&query_place_id=ChIJi2m-yaU2Tg0RiV3pSfF_O68,43.226108,-2.710419,,,sí,marketplace,,5610,es,,,,,,es,pais-vasco,vizcaya
queseria-lusuri-orozko,Quesería Lusuri,Orozko,Lácteos y quesos,"Queso azul de oveja, queso semicurado y crema de queso","Barrio Meaza s/n, 48410 Orozko, Bizkaia",Pequeña quesería artesanal de Orozko que transforma la leche de su propio rebaño en quesos de oveja y crema de queso.,Consultar web o venta directa,+34685775584,lusuri.orosko@gmail.com,https://quesoslusuri.com/,,https://www.instagram.com/queserialusuri/,,43.10861,-2.91111,,,sí,ecommerce,,10595,es,,,,,,es,pais-vasco,vizcaya
queso-padilla-otxandio,Queso Padilla,Otxandio,Lácteos y quesos,Queso Idiazabal de oveja latxa,"Mekoleta Baserria, 48210 Otxandio, Bizkaia",Quesería de Otxandio integrada en Artzai Gazta que elabora queso de pastor con leche cruda de oveja latxa.,Consultar web o venta directa,+34945450190,meloleta12@gmail.com,,,,https://www.google.com/maps/search/?api=1&query=Queso%20Padilla&query_place_id=ChIJRU7xIfvOTw0Rn2dbjUV3-F4,43.034478,-2.671469,,pendiente,no,,,10713,es,,,,,,es,pais-vasco,vizcaya
txikinena-berriatua,Txikiñena,Berriatua,Lácteos y quesos,"Yogur de vaca A2, yogur de cabra y queso fresco","Erbera 8, 48710 Berriatua, Bizkaia",Quesería de Berriatua que elabora lácteos frescos naturales de cabra y vaca autóctona con enfoque familiar y de proximidad.,Consultar web o venta directa,+34690619704,txikine77@gmail.com,https://azoka.bbk.eus/colecciones/txikinena,,https://www.instagram.com/txikinena_esnekixek/,,43.30972,-2.46722,,,sí,marketplace,,11992,es,,,,,,es,pais-vasco,vizcaya
otxauntz-otxandio,Otxauntz,Otxandio,Lácteos y quesos,Quesos artesanos de cabra,"Barrio Marintarrena 3, 48210 Otxandio, Bizkaia",Granja familiar de Otxandio que trabaja con leche de cabra murciano granadina para elaborar una gama de quesos artesanos.,Consultar web o venta directa,+34665715133,otxauntz18@gmail.com,,,,https://www.google.com/maps/search/?api=1&query=Otxauntz&query_place_id=ChIJQWDz5VnPTw0RVaVxZ4FS5lA,43.054188,-2.657293,,pendiente,no,,,9353,es,,,,,,es,pais-vasco,vizcaya
isusi-anaiak-guenes,Isusi Anaiak,Güeñes,Lácteos y quesos,Queso de oveja latxa,"Caserío Buniete 1, Sodupe, 48830 Güeñes, Bizkaia",Quesería de Enkarterri especializada en queso elaborado con leche cruda de oveja latxa y vinculada a la tradición ganadera local.,Consultar web o venta directa,+34626351164,isusi-anaiak@hotmail.com,,,https://www.instagram.com/isusi_anaiak_baserria/,,43.21389,-3.09417,,,no,,,7159,es,,,,,,es,pais-vasco,vizcaya
queseria-ipinaburu-zeanuri,Quesería Ipiñaburu,Zeanuri,Lácteos y quesos,Queso Idiazabal,"Ipiñaburu Auzoa, 48144 Zeanuri, Bizkaia",Quesería de Zeanuri situada en la vertiente vizcaína de Gorbeia y reconocida por sus quesos Idiazabal de oveja latxa.,Consultar web o venta directa,+34615721279,puyarrieta@hotmail.com,,,,,43.09889,-2.74944,,pendiente,no,,,10543,es,,,,,,es,pais-vasco,vizcaya
txonde-areatza,Txonde,Areatza,Lácteos y quesos,Queso de pastor Idiazabal,"Kristo 1 2º ezk, 48143 Areatza, Bizkaia",Elaborador de Artzai Gazta en Areatza que produce queso de pastor con D.O. Idiazabal a partir de oveja latxa.,Consultar web o venta directa,+34635705442,iturrijo@gmail.com,,,,,43.121004,-2.768748,,pendiente,no,,,11997,es,,,,,,es,pais-vasco,vizcaya
ulibarri-artzaiak-gordexola,Ulibarri Artzaiak,Gordexola,Lácteos y quesos,Queso de pastor y txakoli ecológico,"Isustiza Baserria, Zaldua Auzoa 1, 48192 Gordexola, Bizkaia",Proyecto familiar de Gordexola con rebaño propio que elabora queso de pastor y los txakolis ecológicos Ulibarri y Artzai FB.,Consultar web o venta directa,+34665725735,ulibarriartzaiak@gmail.com,https://azoka.bbk.eus/colecciones/ulibarri-artzaiak,,,,43.18139,-3.07278,,pendiente,sí,marketplace,,12006,es,,,,,,es,pais-vasco,vizcaya
altunosteko-gaztaitegia-zeanuri,Altunosteko Gaztaitegia,Zeanuri,Lácteos y quesos,Queso de pastor Idiazabal,"Igartualde 74 3. eskubi, 48144 Zeanuri, Bizkaia",Quesería de Zeanuri adscrita a Artzai Gazta que elabora queso de pastor con leche de oveja latxa y sello Idiazabal.,Consultar web o venta directa,+34946338161,eiderajuri@gmail.com,,,,,43.09889,-2.74944,,pendiente,no,,,713,es,,,,,,es,pais-vasco,vizcaya
mugarra-izurtza,Mugarra,Izurtza,Lácteos y quesos,Queso de pastor de oveja latxa,"Ortuzar Auzoa 10, 48213 Izurtza, Bizkaia",Quesería de Izurtza vinculada a Artzai Gazta que transforma leche de oveja latxa en queso de pastor artesano.,Consultar web o venta directa,+34946815600,,,,,https://www.google.com/maps/search/?api=1&query=Mugarra&query_place_id=ChIJf5j2DUgzTg0R1xNuUKQcw0U,43.152536,-2.679497,,pendiente,no,,,9001,es,,,,,,es,pais-vasco,vizcaya
onandi-mallabia,Onandi,Mallabia,Lácteos y quesos,Queso de pastor Idiazabal,"Onandi Baserria, Goitia Auzoa, 48269 Mallabia, Bizkaia",Productor de Mallabia integrado en Artzai Gazta dedicado a queso de pastor con D.O. Idiazabal y elaboración de pequeña escala.,Consultar web o venta directa,+34680647234,gaztaonandi@gmail.com,,,,,43.18972,-2.52889,,pendiente,no,,,9301,es,,,,,,es,pais-vasco,vizcaya
vascolac-zamudio,Vascolac,Zamudio,Lácteos y quesos,"Queso fresco, Idiazabal Bizkor y kéfir","Polígono Torrelarragoiti Parcela P6-A4, 48170 Zamudio, Bizkaia",Empresa familiar de Zamudio dedicada a productos lácteos desde 1975 con queso fresco queso Idiazabal Bizkor kéfir y elaborados lácteos.,Consultar web o venta directa,+34944523300,central@grupovascolac.com,https://vascolac.net/,https://www.facebook.com/Vascolac-1519166318383154/,,https://www.google.com/maps/search/?api=1&query=Vascolac&query_place_id=ChIJHSADwVJPTg0R9ZMJ6axkfwQ,43.279441,-2.861231,/productores/es/pais-vasco/vizcaya/vascolac-zamudio.webp,,sí,telefono,,12083,es,,,,,,es,pais-vasco,vizcaya
bizkaigane-elkartea-errigoiti,Bizkaigane Elkartea,Errigoiti,Lácteos y quesos,"Queso ecológico (fresco, madurado y azul), yogur y kéfir","Barrio Gorbeiaurre s/n, 48309 Errigoiti, Bizkaia","Cooperativa de producción ecológica pionera en Errigoiti que elabora quesos de vaca y oveja de pastoreo propio, además de yogures y kéfir ecológicos.",Consultar web o venta directa,+34689622923,bizkaigane@hotmail.com,https://www.bizkaigane.eus/,https://www.facebook.com/Bizkaiganekogazta/,,https://www.google.com/maps/search/?api=1&query=Bizkaigane%20Elkartea&query_place_id=ChIJq6qqnY41Tg0RL5tPBOh1Hi8,43.338623,-2.731395,,,no,,,1248,es,,,,,,es,pais-vasco,vizcaya
queseria-anbe-abadino,Urien-Anbe,Abadiño,Lácteos y quesos,"Queso Idiazabal ecológico, queso azul y queso de montaña","Sagasta Auzoa 5, 48220 Abadiño-Zelaieta, Bizkaia","Quesería de Abadiño fundada por Aitor Urien en 2012; elabora Idiazabal, queso azul y queso de montaña con rebaño ecológico de oveja latxa y vacas de montaña.",Lunes a viernes 10:30-13:00 y 17:00-19:00,+34616831096,urienanbe@gmail.com,https://urienanbe.com/es/,,https://www.instagram.com/urien.anbe/,,43.1525,-2.6075,/productores/es/pais-vasco/vizcaya/queseria-anbe-abadino.webp,,no,,,12030,es,,,,,,es,pais-vasco,vizcaya
queseria-azkueta-zeberio,Quesería Azkueta,Zeberio,Lácteos y quesos,Queso de pastor D.O.P. Idiazabal (marca Olarrekoa),"Zeberio, Bizkaia",Pastor elaborador de Zeberio inscrito en la D.O.P. Idiazabal que cría unas 300 ovejas latxas y elabora queso de pastor con la marca Olarrekoa.,Consultar venta directa,+34608077253,olarrekoa@gmail.com,,,,,43.14684,-2.85242,,pendiente,no,,,10454,es,,,,,,es,pais-vasco,vizcaya
unzalu-ingunza-abadino,Unzalu-Ingunza,Abadiño,Lácteos y quesos,Queso de pastor Txori Errota D.O.P. Idiazabal,"Amaitermin auzoa 2, Urkiola, 48211 Abadiño, Bizkaia",Pareja de pastores (Pedro Martín Unzalu y Eli Ingunza) que elabora queso de pastor D.O.P. Idiazabal Txori Errota con leche de oveja latxa de los pastos del Parque Natural de Urkiola.,"Venta directa en caserío, ferias y mercados",+34688688679,txorierrota@hotmail.es,,,,,43.1525,-2.6075,,pendiente,no,,,12022,es,,,,,,es,pais-vasco,vizcaya
uxarte-sagardotegia-amorebieta-etxano,Uxarte Sagardotegia,Amorebieta-Etxano,Sidra,Sidra natural D.O. Euskal Sagardoa,"Bº Montorra 6, 48340 Amorebieta-Etxano, Bizkaia",Sidrería tradicional en un caserío de más de 200 años que elabora sidra natural certificada D.O. Euskal Sagardoa con manzanas propias y ofrece sidra al txotx en su lagar.,Consultar sidrería,+34946308815,uxartesagardotegia@gmail.com,https://uxarte.com/,,,https://www.google.com/maps/search/?api=1&query=Uxarte%20Sagardotegia&query_place_id=ChIJvxF0fxc0Tg0R7Bjw2iqGfhY,43.210415,-2.714963,/productores/es/pais-vasco/vizcaya/uxarte-sagardotegia-amorebieta-etxano.webp,,no,,,12040,es,,,,,,es,pais-vasco,vizcaya
etxerriaga-sagardotegia-amorebieta-etxano,Etxerriaga Sagardotegia,Amorebieta-Etxano,Sidra,Sidra natural y txakoli de caserío,"Bº Boroa, Marabi 1-4, 48340 Amorebieta-Etxano, Bizkaia","Caserío del siglo XIX restaurado que elabora sidra natural y txakoli D.O. Bizkaiko Txakolina, con tienda online, talos y experiencias de degustación.",Consultar sidrería,+34607601925,comercial@etxerriaga.eus,https://etxerriaga.eus/,https://www.facebook.com/etxerriaga/,https://www.instagram.com/etxerriaga/,https://www.google.com/maps/search/?api=1&query=Etxerriaga%20Sagardotegia&query_place_id=ChIJc9Nut_g3Tg0RNHGYqbfmdIM,43.242569,-2.761472,,,no,,,5683,es,,,,,,es,pais-vasco,vizcaya
axpe-sagardotegia-markina-xemein,Axpe Sagardotegia,Markina-Xemein,Sidra,Sidra natural D.O. Euskal Sagardoa y txakoli Bizkaiko Txakolina,"Bº Axpe, 48270 Markina-Xemein, Bizkaia","Familia con cuatro generaciones que elabora y embotella sidra natural D.O. Euskal Sagardoa con Eusko Label y txakoli D.O. Bizkaiko Txakolina, con manzanos y viñedos propios y tienda online.",Consultar tienda online o sidrería,+34655734625,,https://axpesagardotegia.es/,https://www.facebook.com/axpesagardotegia/,https://www.instagram.com/axpesagardotegia/,https://www.google.com/maps/search/?api=1&query=Axpe%20Sagardotegia%2C%20B%C2%BA%20Axpe%2C%2048270%20Markina-Xemein%2C%20Bizkaia&query_place_id=ChIJ-aqIXFYoTg0RS3iIvf1S0fY,43.26889,-2.49639,/productores/es/pais-vasco/vizcaya/axpe-sagardotegia-markina-xemein.webp,,sí,ecommerce,,1048,es,,,,,,es,pais-vasco,vizcaya
eguskiza-sagardotegia-gatika,Eguskiza Sagardotegia,Gatika,Sidra,Sidra natural con Eusko Label de manzana autóctona,"Bº Igartua 43, 48110 Gatika, Bizkaia","Lagar familiar de Gatika con 1,5 ha de manzanos autóctonos propios que elabora sidra con Eusko Label y vende también manzana de mesa en ferias y mercados.",Consultar sidrería,+34946741513,,https://www.sagardoa.eus/es/45_eguskiza,,,,43.36389,-2.87194,,pendiente,no,,,5080,es,,,,,,es,pais-vasco,vizcaya
erdikoetxe-lezama,Erdikoetxe,Lezama,Vino,Txakoli D.O. Bizkaiko Txakolina y sidra natural,"Bº Goitioltza 38, 48196 Lezama, Bizkaia",Caserío familiar de Lezama (de 1890) que elabora txakoli D.O. Bizkaiko Txakolina y sidra natural con viñedos y manzanos propios en el valle del Txorierri.,Consultar bodega,+34625700554,erdikoetxelandetxea@hotmail.com,https://erdikoetxe.com/nuestros-productos/,https://www.facebook.com/erdikoetxe/,,,43.27472,-2.83333,/productores/es/pais-vasco/vizcaya/erdikoetxe-lezama.webp,,no,,,5598,es,,,,,,es,pais-vasco,vizcaya
garena-txakolina-dima,Garena Txakolina,Dima,Vino,Txakoli D.O. Bizkaiko Txakolina de altura,"Dima, Bizkaia","Bodega y viñedo singular situado a 260 m de altitud entre los parques naturales del Gorbea y Urkiola que elabora txakolis a partir de variedades autóctonas, junto a su restaurante con estrella Michelin.",Consultar bodega,,,https://www.garenatxakolina.com/,,https://www.instagram.com/garena.restaurant/,https://www.google.com/maps/search/?api=1&query=Garena%20Txakolina&query_place_id=ChIJfbg0SzHLTw0RlnI0RR7sjkY,43.129261,-2.765871,/productores/es/pais-vasco/vizcaya/garena-txakolina-dima.webp,,no,,,6425,es,,,,,,es,pais-vasco,vizcaya
bodega-gure-ahaleginak-orduna,Bodega Gure Ahaleginak,Orduña,Vino,Txakoli blanco y tinto D.O. Bizkaiko Txakolina,"Barrio Ibazurra 1, 48460 Orduña, Bizkaia",Bodega familiar pionera en la recuperación de la viticultura en el enclave de Orduña que elabora txakoli blanco y tinto D.O. Bizkaiko Txakolina con viñedos propios y tienda online.,Consultar tienda online o bodega,+34945384126,arkaitz@gureahaleginak.com,https://gureahaleginak.com/,,https://www.instagram.com/txakoliorduna/,https://www.google.com/maps/search/?api=1&query=Bodega%20Gure%20Ahaleginak&query_place_id=ChIJmW3sn2qvTw0Rg3mI_Bo6js0,42.99757,-2.999697,/productores/es/pais-vasco/vizcaya/bodega-gure-ahaleginak-orduna.webp,,sí,ecommerce,,1467,es,,,,,,es,pais-vasco,vizcaya
bodega-bikandi-durango,Bodega Bikandi,Durango,Vino,Txakoli Bikandi 50 y MS Bikandi D.O. Bizkaiko Txakolina,"Eguzkitza 6A, 48200 Durango, Bizkaia",Explotación familiar a los pies del Anboto en Durango que elabora de forma artesanal txakoli D.O. Bizkaiko Txakolina con viñedos propios y variedades como Hondarrabi Zuri.,Consultar web,+34679658284,miren@bikanditxakolina.com,https://bikanditxakolina.com/,,,https://www.google.com/maps/search/?api=1&query=Bodega%20Bikandi&query_place_id=ChIJTTUdq6QyTg0R147CtKBC6qw,43.158045,-2.627972,,pendiente,no comprobado,,,1308,es,,,,,,es,pais-vasco,vizcaya
bodega-bizkai-barne-orozko,Lvre Wines,Orozko,Vino,Txakoli Egia Enea D.O. Bizkaiko Txakolina,"Orozko, Bizkaia","Bodega de Orozko inscrita en Bizkaiko Txakolina, anteriormente referenciada como Bizkai Barne y actualmente presentada como Lvre Wines.",Consultar web,+34722726894,info@lurewines.com,https://www.lurewines.com/,https://www.facebook.com/p/EGIA-ENEA-TXAKOLINA-100067170280498/,https://www.instagram.com/lurewine/,,43.10861,-2.91111,/productores/es/pais-vasco/vizcaya/bodega-bizkai-barne-orozko.webp,,sí,ecommerce,,8257,es,,,,,,es,pais-vasco,vizcaya
bodegas-lapazaran-muxika,Bodegas Lapazaran,Muxika,Vino,"Txakoli Tinko, Lapazaran, Santamañe, Píkaro y Lapazaran 27","Calle Magunas 27, 48392 Muxika, Bizkaia","Bodega familiar de Muxika con 35 hectáreas, 25 de ellas cultivadas, que elabora una gama de txakolis con variedades autóctonas y prácticas sostenibles.",Consultar web,+34630099053,bodegaslapazaran@gmail.com,https://www.bodegaslapazaran.com/,,https://www.instagram.com/bodegas_lapazaran/,,43.2625023,-2.6584378,,,sí,whatsapp|email|telefono,,2123,es,,,,,,es,pais-vasco,vizcaya
colmenas-apierlea-mendata,Colmenas Apierlea,Mendata,Miel,Miel pura y material apícola,"Bº Albiz 4, Iturritxe baserria, 48382 Mendata, Bizkaia","Explotación apícola de Mendata, en el entorno de la Reserva de Urdaibai, dedicada a la producción y envasado de miel pura y a la fabricación y venta de colmenas y material apícola.",Consultar web,,,https://colmenasapierlea.com/,https://www.facebook.com/people/Colmenas-Apierlea/100060720879743/,,https://www.google.com/maps/search/?api=1&query=Colmenas%20Apierlea&query_place_id=ChIJp-7GUsIxTg0RY0qC7HN7KXc,43.243679,-2.631864,,,no,,,4124,es,,,,,,es,pais-vasco,vizcaya
erleak-artzentales,Erleak,Artzentales,Miel,Miel pura cruda de bosque y brezo,"Artzentales, Bizkaia","Proyecto familiar de apicultura tradicional en Las Encartaciones que elabora miel pura cruda de bosque y brezo, además de polen, propóleo y cera, con tienda online.",Consultar web,,,https://www.erleak.es/,,https://www.instagram.com/erleak_miel/,,43.240520,-3.228000,/productores/es/pais-vasco/vizcaya/erleak-artzentales.webp,,sí,ecommerce,,5604,es,,,,,,es,pais-vasco,vizcaya
conservas-arroyabe-bermeo,Conservas Arroyabe,Bermeo,Pescado,Bonito del Norte y anchoa del Cantábrico,"Pol. Industrial Landabaso, Fase B, Parcela 9.3, 48370 Bermeo, Bizkaia","Conservera artesanal de Bermeo fundada en 1898 que elabora a mano Bonito del Norte, atún claro, anchoa del Cantábrico y marisco, con tienda online y visitas guiadas a fábrica.",Consultar tienda online,+34946186667,,https://www.arroyabe.es/,https://www.facebook.com/arroyabebermeo/,https://www.instagram.com/arroyabebermeo/,https://www.google.com/maps/search/?api=1&query=Conservas%20Arroyabe%2C%20Pol.%20Industrial%20Landabaso%2C%20Fase%20B%2C%20Parcela%209.3%2C%2048370%20Bermeo%2C%20Bizkaia&query_place_id=ChIJPb0Bc6Q_Tg0RucVqytKrykc,43.42083,-2.72139,,,sí,ecommerce,,4251,es,,,,,,es,pais-vasco,vizcaya
anchoas-royo-bermeo,Anchoas Royo,Bermeo,Pescado,Anchoa del Cantábrico en aceite de oliva,"Bermeo, Bizkaia","Conservera artesana de Bermeo especializada en filetes de anchoa del Cantábrico elaborados a mano, boquerones en vinagre y bonito del norte, con marcas Royo, Taraska y Berober.",Consultar tienda online,,info@anchoasroyo.com,https://www.anchoasdebermeo.com/es/,https://www.facebook.com/AnchoasDeBermeo/,https://www.instagram.com/anchoasroyo/,https://www.google.com/maps/search/?api=1&query=Anchoas%20Royo%2C%20Bermeo%2C%20Bizkaia&query_place_id=ChIJoUIAc6Q_Tg0R8gdzzzo7jUI,43.42083,-2.72139,/productores/es/pais-vasco/vizcaya/anchoas-royo-bermeo.webp,,sí,ecommerce,,748,es,,,,,,es,pais-vasco,vizcaya
conservas-cusumano-mundaka,Conservas Cusumano,Mundaka,Pescado,Bonito del Norte fresco de costera en aceite de oliva,"Mundaka, Bizkaia","Empresa familiar de origen italiano-vasco en Mundaka (Reserva de Urdaibai) que elabora conserva artesanal de Bonito del Norte fresco de costera y otras conservas del Cantábrico, con tienda online.",Consultar tienda online,,,https://www.cusumano.es/,,https://www.instagram.com/conservascusumano/,https://www.google.com/maps/search/?api=1&query=Conservas%20Cusumano&query_place_id=ChIJOdxF_5I_Tg0RUhV-3_ZYzfE,43.411413,-2.710913,/productores/es/pais-vasco/vizcaya/conservas-cusumano-mundaka.webp,,sí,ecommerce,,4271,es,,,,,,es,pais-vasco,vizcaya
helen-okindegia-basauri,Helen Okindegia,Basauri,Pan y cereal,Pan de masa madre con harinas ecológicas,"Resurrección María de Azkue 1, 48970 Basauri, Bizkaia",Panadería artesana de Basauri galardonada con la Miga de Oro por su pan de masa madre con harinas ecológicas de calidad y fermentaciones prolongadas.,,,,,https://www.facebook.com/HelenOkindegia/,https://www.instagram.com/helenokindegia/,https://www.google.com/maps/search/?api=1&query=Helen%20Okindegia&query_place_id=ChIJueFtubhPTg0RePuyDVKNePM,43.253379,-2.915939,,,no comprobado,,,6758,es,,,,,,es,pais-vasco,vizcaya
amasarte-labea-getxo,Amasarte Labea,Getxo,Pan y cereal,Pan ecológico de masa madre con harinas molidas a la piedra,"Juan Bautista Zabala Kalea 3, 48991 Getxo, Bizkaia","Obrador artesanal de Getxo que elabora panes ecológicos de masa madre con harinas molidas a la piedra, ingredientes de proximidad y largas fermentaciones.",Martes a sábado 9:30-14:30,+34946781147,,https://amasartelabea.com/,,https://www.instagram.com/amasarte_labea/,https://www.google.com/maps/search/?api=1&query=Amasarte%20Labea&query_place_id=ChIJLamGXENbTg0R5IMgjas8lp0,43.350473,-3.01149,/productores/es/pais-vasco/vizcaya/amasarte-labea-getxo.webp,,no,,,726,es,,,,,,es,pais-vasco,vizcaya
tahona-jardines-bilbao,Tahona Jardines,Bilbao,Pan y cereal,Pan de masa madre y repostería artesanal,"Calle Jardines 10, 48005 Bilbao, Bizkaia","Panadería y pastelería artesanal en el centro de Bilbao especializada en pan de masa madre de fermentación lenta, con receta familiar y tienda online.",Lunes a sábado 7:30-21:00; domingos 7:30-20:00,+34944160145,,https://tahonajardines.com/,https://www.facebook.com/tahonajardines/,https://www.instagram.com/tahonajardines/,https://www.google.com/maps/search/?api=1&query=Tahona%20Jardines&query_place_id=ChIJGWscKMxPTg0RslNDnMFG1Mo,43.25828,-2.924556,/productores/es/pais-vasco/vizcaya/tahona-jardines-bilbao.webp,,sí,telefono,,11739,es,,,,,,es,pais-vasco,vizcaya
crosta-okindegia-zalla,Crosta Okindegia,Zalla,Pan y cereal,Pan de masa madre con harinas ecológicas,"San Pantaleon Auzoa 2, 48860 Zalla, Bizkaia",Obrador de referencia en Las Encartaciones dirigido por Roberto Fernández que elabora pan de masa madre con harinas ecológicas y fermentación lenta para restauración y tienda en Bilbao.,Consultar venta directa,+34946390447,robertoestacion@yahoo.es,,,https://www.instagram.com/panaderiacrosta/,,43.21403,-3.13103,,,no,,,4694,es,,,,,,es,pais-vasco,vizcaya
berteiz-eta-mendiondo-mungia,Berteiz eta Mendiondo,Mungia,Pan y cereal,Pan de masa madre con harinas locales,"Elorduigoitia Kalea 17, 48100 Mungia, Bizkaia","Panadería tradicional de Mungia (Basque Label) que elabora pan de masa madre con harinas minoritarias y locales, sin aditivos y con largas fermentaciones.",Consultar venta directa,,,,,https://www.instagram.com/berteizmendiondoogitegiak/,https://www.google.com/maps/search/?api=1&query=Berteiz%20eta%20Mendiondo%2C%20Elorduigoitia%20Kalea%2017%2C%2048100%20Mungia%2C%20Bizkaia&query_place_id=ChIJozIkmrxGTg0RxebXgtOYg80,43.35472,-2.84722,,,no,,,1176,es,,,,,,es,pais-vasco,vizcaya
obrador-maneko-mallabia,Obrador Mañeko,Mallabia,Dulces y repostería,Rosquillas de anís y repostería de horno de leña,"Bº Berano Txiki 9, 48269 Mallabia, Bizkaia","Obrador de repostería tradicional en un caserío del siglo XVII que hornea en horno de leña recetas de caserío como rosquillas de anís y bizcochos, con tienda online.",Consultar web,+34943845200,,https://xn--mae-8ma.eus/,,https://www.instagram.com/maneko_mane/,,43.18972,-2.52889,/productores/es/pais-vasco/vizcaya/obrador-maneko-mallabia.webp,,sí,ecommerce,,9156,es,,,,,,es,pais-vasco,vizcaya
pasteleria-gernika-bilbao,Pastelería Gernika,Bilbao,Dulces y repostería,"Pasteles, hojaldres y repostería tradicional","Av. Lehendakari Aguirre 167, 48015 Bilbao (Deusto), Bizkaia","Obrador repostero artesanal de Deusto con más de 40 años elaborando pasteles, hojaldres, chocolates y repostería tradicional vasca.",Lunes a sábado y domingo mañana,,,https://pasteleriagernika.com/,https://www.facebook.com/PasteleriaGernika/,,,43.279976,-2.962328,/productores/es/pais-vasco/vizcaya/pasteleria-gernika-bilbao.webp,,no,,,9811,es,,,,,,es,pais-vasco,vizcaya
pasteleria-iparralde-basauri,Pastelería Iparralde,Basauri,Dulces y repostería,Pastelería fina y heladería artesanal,"Avenida Cervantes 49, Módulo 21, 48970 Basauri, Bizkaia","Obrador artesanal de Basauri en activo desde 1986 que elabora pastelería fina, dulces tradicionales y heladería artesanal.",Consultar web,+34944498611,iparralde@iparralde.es,https://iparralde.es/,https://www.facebook.com/iparraldepasteleria/,https://www.instagram.com/pasteleria_iparralde/,https://www.google.com/maps/search/?api=1&query=Pasteler%C3%ADa%20Iparralde&query_place_id=ChIJ83beUO9OTg0Rj61SbyQTNU4,43.24163,-2.878671,/productores/es/pais-vasco/vizcaya/pasteleria-iparralde-basauri.webp,,no,,,9815,es,,,,,,es,pais-vasco,vizcaya
lurbeko-loiu,Lurbeko,Loiu,Fruta y verdura,Cestas de verdura ecológica de temporada,"Loiu, Bizkaia",Explotación hortícola de Loiu (certificación ENEEK) que cultiva y comercializa directamente cestas de verduras ecológicas de temporada recolectadas el mismo día.,Reparto martes y jueves,,,https://lurbeko.com/,,https://www.instagram.com/lurbekoagro/,https://www.google.com/maps/search/?api=1&query=Lurbeko&query_place_id=ChIJIw0kZtFFTg0RKhZGQ_tjTXc,43.309567,-2.937023,/productores/es/pais-vasco/vizcaya/lurbeko-loiu.webp,,sí,ecommerce,,8250,es,,,,,,es,pais-vasco,vizcaya
ekorlegi-sopelana,Ekorlegi,Sopelana,Fruta y verdura,Hortalizas ecológicas y cestas km0,"Akilino Arriola Kalea 1, 48600 Sopelana, Bizkaia",Proyecto agroecológico que produce hortalizas ecológicas con variedades locales y las distribuye en cestas semanales y mercados de km0 en Bizkaia.,Consultar web,+34629278585,ekorlegi@gmail.com,https://www.ekorlegi.com/,https://www.facebook.com/ekorlegi/,,https://www.google.com/maps/search/?api=1&query=Ekorlegi%2C%20Akilino%20Arriola%20Kalea%201%2C%2048600%20Sopelana%2C%20Bizkaia&query_place_id=ChIJZ0RKckhdTg0R6NCUpR1vIwI,43.38139,-2.98222,/productores/es/pais-vasco/vizcaya/ekorlegi-sopelana.webp,,no,,,5087,es,,,,,,es,pais-vasco,vizcaya
garaia-koop-mungia,Garaia Koop,Mungia,Fruta y verdura,Frutas y hortalizas de baserritarras,"Pol. Zabalondo, 48100 Mungia, Bizkaia",Cooperativa hortofrutícola de Mungia activa desde 1987 que comercializa frutas y hortalizas de temporada cultivadas por más de cien baserritarras vizcaínos.,Consultar web,+34946745020,garaia@garaia.net,https://garaia.net/,https://www.facebook.com/garaiakoop/,https://www.instagram.com/garaiakoop/,https://www.google.com/maps/search/?api=1&query=Garaia%20Koop&query_place_id=ChIJE1ehby1ETg0RsAiRqwCY5JA,43.335139,-2.868743,/productores/es/pais-vasco/vizcaya/garaia-koop-mungia.webp,,no,,,6417,es,,,,,,es,pais-vasco,vizcaya
caserio-itturbaltza-gamiz-fika,Caserío Itturbaltza,Gamiz-Fika,Carne,"Carne de pasto certificada (ternera, cordero y cerdo)","Gamiz-Fika, Bizkaia","Explotación familiar de ganadería regenerativa y ecológica certificada DeYerba en Gamiz-Fika que comercializa carne 100% de pasto de ternera, cordero, cerdo y aves criados en libertad.",Pedidos cuando abre ventas,+34656775163,itturbaltza@gmail.com,https://www.lacarnedepasto.com/portfolio_page/itturbaltza-vizcaya/,https://www.facebook.com/itturbaltza/,,https://www.google.com/maps/search/?api=1&query=Caser%C3%ADo%20Itturbaltza&query_place_id=ChIJQ9egx_tPTg0Rkp3xu4Ez8S0,43.323169,-2.82453,,,sí,email|whatsapp,,3474,es,,,,,,es,pais-vasco,vizcaya
nanike-kortezubi,Nanike,Kortezubi,Carne,Ternera de caserío con Eusko Label,"Barren-Etxebarri baserria, Kortezubi, Bizkaia","Ganadería familiar de Kortezubi, en la Reserva de Urdaibai, que cría vacuno en libertad y vende ternera de caserío con sello Eusko Label.",Consultar web,,,http://nanike.es/,,,https://www.google.com/maps/search/?api=1&query=Nanike&query_place_id=ChIJs1Y1KPk6Tg0Rf6si8KyX73I,43.332058,-2.656081,,,no,,,9025,es,,,,,,es,pais-vasco,vizcaya
etxeandia-garardauak-urduliz,Etxeandia Garardauak,Urduliz,Cerveza,Cerveza artesana con lúpulo propio,"Antsonekoa 2, Polígono Industrial Igeltzera, nave 12, 48610 Urduliz, Bizkaia","Cervecería artesana pionera (desde 2007) dirigida por Jon Etxeandia que elabora cervezas con maltas y lúpulo de plantación propia en Urduliz, con visitas y catas.",Visitas con reserva,+34605707985,info@etxeandia.eus,https://www.etxeandia.eus/,https://www.facebook.com/Etxeandia.Garagardoak/,,https://www.google.com/maps/search/?api=1&query=Etxeandia%20Garardauak&query_place_id=ChIJ_7HlepFcTg0RsjFAsukpHKc,43.382351,-2.964561,/productores/es/pais-vasco/vizcaya/etxeandia-garardauak-urduliz.webp,,no,,,5679,es,,,,,,es,pais-vasco,vizcaya
tito-blas-gorliz,Tito Blas Brewing Co,Gorliz,Cerveza,Cerveza artesana de estilos variados,"Artzeta Kalea 2, Pabellón 22, Pol. Sagastikoetxe, 48630 Gorliz, Bizkaia",Fábrica independiente de cerveza artesana en Gorliz (desde 2014) con filosofía km0 y amplia variedad de estilos distribuidos en la comarca de Uribe Kosta.,Consultar web,+34699277853,comunicacionestitoblas@gmail.com,,https://www.facebook.com/TitoBlasBrewingCo/,https://www.instagram.com/titoblasbrewco/,https://www.google.com/maps/search/?api=1&query=Tito%20Blas%20Brewing%20Co&query_place_id=ChIJPW3o-MdDTg0R_mvJEwsTrB4,43.405641,-2.930487,,pendiente,no,,,11841,es,,,,,,es,pais-vasco,vizcaya
bizkarra-galdakao,Bizkarra,Galdakao,Pan y cereal,"Pan de masa madre, pastel vasco y dulces tradicionales","Juan Bautista Uriarte 1, 48960 Galdakao, Bizkaia","Obrador familiar de Bizkaia con más de 60 años de historia, tercera generación, especializado en panes de masa madre de larga fermentación y dulces tradicionales vascos como el pastel vasco.",,+34944568508,panaderia@bizkarra.com,https://www.bizkarra.com,,,https://www.google.com/maps/search/?api=1&query=Bizkarra%2C%20Juan%20Bautista%20Uriarte%201%2C%2048960%20Galdakao%2C%20Bizkaia&query_place_id=ChIJ2dzAYklJTg0RM1rW_NDOEiw,43.23056,-2.84583,/productores/es/pais-vasco/vizcaya/bizkarra-galdakao.webp,,sí,ecommerce,,1249,es,,,,,,es,pais-vasco,vizcaya
miel-urikoa-amorebieta-etxano,Miel Urikoa,Amorebieta-Etxano,Miel,"Miel cruda Eusko Label de brezo, milflores, bosque y eucalipto","Amorebieta-Etxano, Bizkaia",Explotación apícola familiar de Amorebieta-Etxano con más de 30 años de tradición y unas 260 colmenas; miel cruda sin pasteurizar con sello Eusko Label.,,+34635710236,urikoaeztia@gmail.com,https://www.gurelurrekomerkatua.com/user/53,,,,43.21917,-2.73417,,,sí,whatsapp|email|telefono,,8807,es,,,,,,es,pais-vasco,vizcaya
etxebarria-sagardoa-gatika,Etxebarria Sagardoa,Gatika,Sidra,Sidra natural Euskal Sagardoa y manzana local,"Igartua 25, Txoñe Barri Baserria, 48110 Gatika, Bizkaia",Explotación familiar de Gatika que cultiva manzana autóctona y elabora sidra natural Euskal Sagardoa a partir de sus propios manzanos.,Consultar sidrería,+34946742010,txakolietxebarria@hotmail.com,https://www.sagardoa.eus/es/44_etxebarria,,https://www.instagram.com/etxebarriasagardoa/,,43.3768,-2.8860,,pendiente,no,,,5680,es,,,,,,es,pais-vasco,vizcaya
kandi-sagardoa-muxika,Kandi Sagardoa,Muxika,Sidra,Sidra natural de manzana local,"Ameztebarri Baserria, Ugarte Auzoa 40, 48392 Muxika, Bizkaia",Elaborador vizcaíno de sidra natural vinculado a Bizkaiko Sagardogileak y a la producción de sagardo con manzana local en el caserío Ameztebarri.,Consultar sidrería,+34946258040,,https://www.bizkaikosagardoa.eus/es/socios_kandi_sagardoa.aspx,,,,43.2721,-2.6953,,pendiente,no,,,7426,es,,,,,,es,pais-vasco,vizcaya
laka-erdi-sagardoa-berriatua,Laka-Erdi Sagardoa,Berriatua,Sidra,Sidra natural y menú de sidrería,"Alto de Milloi, carretera Markina-Lekeitio, 48710 Berriatua, Bizkaia",Sidrería tradicional de Berriatua con elaboración propia de sidra natural y servicio de comedor de temporada en el alto de Milloi.,Consultar sidrería,+34946139178,,https://www.bizkaikosagardoa.eus/es/socios_laka_erdi_sagardoa.aspx,,,https://www.google.com/maps/search/?api=1&query=Laka-Erdi%20Sagardoa&query_place_id=ChIJb2m3HQ_YUQ0RCzUeobQiD3g,43.306501,-2.482402,,pendiente,no,,,8011,es,,,,,,es,pais-vasco,vizcaya
sebastianeko-sagardoa-mendexa,Sebastianeko Sagardoa,Mendexa,Sidra,Sidra natural de caserío,"Sebastianekua Baserria, Likona Auzoa 6, 48289 Mendexa, Bizkaia","Productor de sidra natural de Bizkaia situado en el barrio Likona de Mendexa, incluido en las guías sectoriales de sagardoa vasco.",Consultar sidrería,+34946842642,,https://www.bizkaikosagardoa.eus/es/socios_sebastianeko_sagardoa.aspx,,,,43.3512,-2.4931,,pendiente,no,,,11439,es,,,,,,es,pais-vasco,vizcaya
vina-sulibarria-galdames,Viña Sulibarria,Galdames,Vino,Txakoli de Bizkaia de viñedo propio,"El Bentorro 4, 48191 Galdames, Bizkaia",Bodega de Galdames que elabora txakoli y espumosos de Bizkaia con viñedos propios y visitas de enoturismo en Las Encartaciones.,Consultar tienda online o bodega,+34946104661,info@vinasulibarria.com,https://www.vinasulibarria.com/,,,,43.2625,-3.1022,/productores/es/pais-vasco/vizcaya/vina-sulibarria-galdames.webp,,sí,ecommerce,,12195,es,,,,,,es,pais-vasco,vizcaya
abio-txakolina-bakio,Abio Txakolina,Bakio,Vino,"Txakoli blanco, rosado y tinto","Barrio Elexalde 5, Caserío Basigo, 48130 Bakio, Bizkaia","Bodega familiar de Bakio inscrita en la D.O. Bizkaiko Txakolina, con tres generaciones dedicadas al txakoli junto a la iglesia de Basigo.",Consultar bodega,+34657794754,info@abiotxakolina.com,https://bizkaikotxakolina.eus/bodegas/abio-txakolina/,,,https://www.google.com/maps/search/?api=1&query=Abio%20Txakolina%2C%20Barrio%20Elexalde%205%2C%20Caser%C3%ADo%20Basigo%2C%2048130%20Bakio%2C%20Bizkaia&query_place_id=ChIJV_G7yVJATg0RC7zO97_H_VM,43.4189,-2.8174,,pendiente,no,,,73,es,,,,,,es,pais-vasco,vizcaya
ados-basarte-bakio,Ados Basarte,Bakio,Vino,Txakoli ADOS de Hondarrabi Zuri,"Urkitzaurrealde 4, Caserío Basarte, 48130 Bakio, Bizkaia",Bodega boutique de Bakio que elabora y embotella en la propiedad txakoli ADOS de producción limitada con uva Hondarrabi Zuri.,Consultar bodega,+34670414011,basarte.reservas@gmail.com,https://www.basarte.net/txakoli-ados/,https://www.facebook.com/basartebodega/,https://www.instagram.com/adosbasarte/,https://www.google.com/maps/search/?api=1&query=Ados%20Basarte&query_place_id=ChIJo0ClkLJBTg0RS2fJcIUZrNk,43.4208,-2.819439,/productores/es/pais-vasco/vizcaya/ados-basarte-bakio.webp,,no,,,397,es,,,,,,es,pais-vasco,vizcaya
hasi-berriak-ibarrangelu,Hasi Berriak,Ibarrangelu,Vino,Txakoli ecológico y biodinámico de Urdaibai,"Gametxo 12, 48311 Ibarrangelu, Bizkaia",Microbodega de Urdaibai que trabaja viñedos con prácticas ecológicas y biodinámicas para elaborar txakolis de producción limitada.,Consultar tienda online o bodega,+34689604106,contacto@hasiberriakwines.com,https://hasiberriakwines.com/,,https://www.instagram.com/hasiberriakwines/,https://www.google.com/maps/search/?api=1&query=Hasi%20Berriak&query_place_id=ChIJ7yf-ii49Tg0RasE3AND_oF0,43.40622,-2.672142,/productores/es/pais-vasco/vizcaya/hasi-berriak-ibarrangelu.webp,,sí,ecommerce,,6704,es,,,,,,es,pais-vasco,vizcaya
bodega-elizalde-mendraka-elorrio,Bodega Elizalde - Mendraka,Elorrio,Vino,Txakoli Mendraka,"Barrio Mendraka 1, 48230 Elorrio, Bizkaia",Bodega de Elorrio adscrita a la D.O. Bizkaiko Txakolina y conocida por el txakoli Mendraka elaborado en el barrio Mendraka.,Consultar bodega,+34635730345,kerixa@gmail.com,https://mendraka.com/,,,https://www.google.com/maps/search/?api=1&query=Bodega%20Elizalde%20-%20Mendraka%2C%20Barrio%20Mendraka%201%2C%2048230%20Elorrio%2C%20Bizkaia&query_place_id=ChIJ-bZIypzVTw0RhN51hZQ-kTQ,43.1424,-2.5298,,pendiente,no,,,1421,es,,,,,,es,pais-vasco,vizcaya
bodega-merrutxu-ibarrangelu,Bodega Merrutxu,Ibarrangelu,Vino,Txakoli Merrutxu,"Barrio Arboliz 15, Caserío Merrutxu, 48311 Ibarrangelu, Bizkaia",Bodega de Urdaibai que elabora txakoli Merrutxu con uva de su propio viñedo y producción limitada vinculada a la D.O. Bizkaiko Txakolina.,Consultar bodega,+34946276435,info@merrutxu.com,https://www.casaruralpaisvasco.net/,,,https://www.google.com/maps/search/?api=1&query=Bodega%20Merrutxu&query_place_id=ChIJCYZRLqw8Tg0RgF0NTYJkpt8,43.383381,-2.623296,,pendiente,no,,,1558,es,,,,,,es,pais-vasco,vizcaya
txakoli-uriarte-gamiz-fika,Txakoli Uriarte,Gamiz-Fika,Vino,"Txakoli blanco, rosado y tinto","Barrio Elejalde 19, Caserío Eguzkitza, 48113 Gamiz-Fika, Bizkaia","Bodega histórica del Caserío Eguzkitza de Fika que cultiva y elabora txakoli blanco, rosado y tinto bajo la D.O. Bizkaiko Txakolina.",Consultar bodega,+34946153635,tienda@txakoli-uriarte.com,https://www.txakoli-uriarte.com/,,https://www.instagram.com/txakoliuriarte/,https://www.google.com/maps/search/?api=1&query=Txakoli%20Uriarte&query_place_id=ChIJddSMMFNGTg0R1i3yowbvOmo,43.306218,-2.808544,/productores/es/pais-vasco/vizcaya/txakoli-uriarte-gamiz-fika.webp,,no,,,11991,es,,,,,,es,pais-vasco,vizcaya
vermut-txurrut-sopuerta,Vermut Txurrut,Sopuerta,Vermut,Vermut Txurrut y Txakoli Txurruta,"Barrio Carral 55, 48190 Sopuerta, Bizkaia","Elaborador de vermut de Las Encartaciones a partir de vino de la zona y una maceración de botánicos, con gama Txurrut y Txakolí Txurruta.","Pedido por Enkartur, email o teléfono",+34946104869,txurrutvermut@gmail.com,https://txurrutvermut.com/,https://www.facebook.com/txurrutvermut/,,https://www.google.com/maps/search/?api=1&query=Vermut%20Txurrut%2C%20Barrio%20Carral%2055%2C%2048190%20Sopuerta%2C%20Bizkaia&query_place_id=ChIJl1cvFgr5Tg0RT6Ho8Xl7FHw,43.2625,-3.1500,/productores/es/pais-vasco/vizcaya/vermut-txurrut-sopuerta.webp,,sí,marketplace|telefono|email,,12138,es,,,,,,es,pais-vasco,vizcaya
la-txika-de-la-cerveza-bilbao,La Txika de la Cerveza,Bilbao,Cerveza,Cervezas artesanas La Txika,"Calle Blas de Otero 27 trasera, lonja 4, 48014 Bilbao, Bizkaia","Proyecto bilbaíno de cerveza artesana con tienda y punto de distribución en Deusto, centrado en elaboraciones propias y cultura cervecera local.",Consultar web,+34688724618,aupa@latxikadelacerveza.es,https://latxikadelacerveza.es/,https://www.facebook.com/LaTxikaDeLaCerveza/,https://www.instagram.com/latxikadelacerveza/,https://www.google.com/maps/search/?api=1&query=La%20Txika%20de%20la%20Cerveza%2C%20Calle%20Blas%20de%20Otero%2027%20trasera%2C%20lonja%204%2C%2048014%20Bilbao%2C%20Bizkaia&query_place_id=ChIJj_Rp1zxQTg0RDCVBVcqrS4Q,43.2715,-2.9469,/productores/es/pais-vasco/vizcaya/la-txika-de-la-cerveza-bilbao.webp,,sí,ecommerce,,7900,es,,,,,,es,pais-vasco,vizcaya
urban-beer-zamudio,Urban Beer,Zamudio,Cerveza,Cervezas artesanas de alta fermentación,"Polígono Industrial Ugaldeguren III, pabellón 24, 48170 Zamudio, Bizkaia",Microcervecería de Zamudio especializada en cerveza artesana embotellada y producción independiente desde el entorno industrial del Txorierri.,Consultar web,,,,https://www.facebook.com/Cerveza.Urbanbeer/,,,43.2863,-2.8744,,pendiente,no comprobado,,,12025,es,,,,,,es,pais-vasco,vizcaya
txorierri-garagardoa-sondika,Txorierri Garagardoa,Sondika,Cerveza,"Golden Ale, Best Bitter y cervezas artesanas","Txorierri etorbidea 46, Polígono Berreteaga, pabellón 8-I, 48150 Sondika, Bizkaia",Fábrica de cerveza artesana de Sondika con producción profesional desde 2016 y catas en sus instalaciones del polígono Berreteaga.,Catas con reserva,+34944361350,,,https://www.facebook.com/Txorierrigaragardoak/,https://www.instagram.com/txorierrigaragardoak/,https://www.google.com/maps/search/?api=1&query=Txorierri%20Garagardoa&query_place_id=ChIJiWGGb15FTg0Ra20xCSEfkp8,43.296622,-2.919526,,pendiente,no comprobado,,,11998,es,,,,,,es,pais-vasco,vizcaya
pasteleria-zuricalday-getxo,Pastelería Zuricalday,Getxo,Dulces y repostería,Bollos de mantequilla y pastel ruso,"Andrés Larrazabal Kalea 3, 48930 Getxo, Bizkaia","Pastelería clásica familiar de Las Arenas fundada en 1917, especializada en bollos de mantequilla, pastel ruso y confitería tradicional.",Consultar web,+34944637676,,https://pasteleriaszuricalday.es/,https://www.facebook.com/PasteleriasZuricalday/,https://www.instagram.com/zuricalday/,https://www.google.com/maps/search/?api=1&query=Pasteler%C3%ADa%20Zuricalday&query_place_id=ChIJiQlznytaTg0ROBtGxmLNbk4,43.325834,-3.013709,/productores/es/pais-vasco/vizcaya/pasteleria-zuricalday-getxo.webp,,sí,marketplace,,9902,es,,,,,,es,pais-vasco,vizcaya
pasteleria-felipe-bilbao,Pastelería Felipe,Bilbao,Dulces y repostería,"Carolinas, bollos de mantequilla y turrones artesanos","Calle Gordóniz 19, 48010 Bilbao, Bizkaia","Pastelería artesana bilbaína con obrador familiar desde 1955, dedicada a pasteles clásicos, turrones artesanos y pastas de té.",Consultar tienda,+34944223036,,https://www.bilbaodendak.eus/en/comercios/pasteleria-felipe/,,,https://www.google.com/maps/search/?api=1&query=Pasteler%C3%ADa%20Felipe&query_place_id=ChIJF3P3eylQTg0RnaD2YzJKSuU,43.258283,-2.940469,,pendiente,no,,,9806,es,,,,,,es,pais-vasco,vizcaya
arantzazu-pasteleria-orduna,Arantzazu Pastelería,Orduña,Dulces y repostería,"Pastel vasco, trufas y galletas artesanas","Zedelika Errepidea 27, 48460 Orduña, Bizkaia","Obrador artesano de Orduña que elabora pastel vasco, trufas de sabores y galletas con enfoque de repostería local de temporada.",Pedidos por WhatsApp,+34607941478,pasteleriaarantzazu@gmail.com,https://arantzazupasteleria.com/,https://www.facebook.com/pasteleria.arantzazu/,https://www.instagram.com/pasteleriaarantzazu/,https://www.google.com/maps/search/?api=1&query=Arantzazu%20Pasteler%C3%ADa&query_place_id=ChIJY8LqTQCpTw0RF8L3tXWE0V4,43.004855,-3.019633,/productores/es/pais-vasco/vizcaya/arantzazu-pasteleria-orduna.webp,,sí,whatsapp|email|telefono,,897,es,,,,,,es,pais-vasco,vizcaya
bohemian-lane-bilbao,Bohemian Lane,Bilbao,Dulces y repostería,"Pastelería vegana, tartas y cupcakes","Carnicería Vieja 3, 48005 Bilbao, Bizkaia","Pastelería y cafetería 100% vegetal del Casco Viejo de Bilbao, con elaboración casera de tartas, cupcakes, galletas y bollería ecológica.",Lunes a sábado; consultar web,+34680819423,bohemianlane@gmail.com,https://bohemianlanebilbao.com/,https://www.facebook.com/bohemianlane/,https://www.instagram.com/bohemianlanebilbao/,https://www.google.com/maps/search/?api=1&query=Bohemian%20Lane%2C%20Carnicer%C3%ADa%20Vieja%203%2C%2048005%20Bilbao%2C%20Bizkaia&query_place_id=ChIJfXzSU8xPTg0RqGO1-MpKu5U,43.2577,-2.9234,/productores/es/pais-vasco/vizcaya/bohemian-lane-bilbao.webp,,sí,ecommerce,,2553,es,,,,,,es,pais-vasco,vizcaya
helados-lopez-lekeitio,Helados López,Lekeitio,Dulces y repostería,Helados artesanos y repostería fría,"Paskual Abaroa Etorbidea 19, 48280 Lekeitio, Bizkaia",Heladería artesana de Lekeitio que elabora helados tradicionales y productos fríos de obrador propio bajo la marca López Izozkiak.,Consultar temporada,+34613379267,lopezizozkiak@gmail.com,https://lopezizozkiak.com/,https://www.facebook.com/LopezIzozkiak/,https://www.instagram.com/lopezizozkiak/,https://www.google.com/maps/search/?api=1&query=Helados%20L%C3%B3pez%2C%20Paskual%20Abaroa%20Etorbidea%2019%2C%2048280%20Lekeitio%2C%20Bizkaia&query_place_id=ChIJUSlY4ZYyTg0RwEPm2IRSj7M,43.3634,-2.5036,/productores/es/pais-vasco/vizcaya/helados-lopez-lekeitio.webp,,no,,,6749,es,,,,,,es,pais-vasco,vizcaya
la-veneciana-barakaldo,La Veneciana,Barakaldo,Dulces y repostería,Helados artesanos y sorbetes,"Paseo de los Fueros 1, 48901 Barakaldo, Bizkaia","Heladería y cafetería histórica de Barakaldo, activa desde 1953, con obrador propio de helados artesanos y sorbetes de fruta.",Lunes a domingo 7:30-23:00,+34944371095,heladeria.veneciana@gmail.com,https://www.heladerialaveneciana.com/,https://www.facebook.com/HeladeriaVeneciana/,https://www.instagram.com/heladerialavenenciana/,https://www.google.com/maps/search/?api=1&query=La%20Veneciana&query_place_id=ChIJH9oE1rpbTg0RxXOJ3DUkCDY,43.296353,-2.986404,/productores/es/pais-vasco/vizcaya/la-veneciana-barakaldo.webp,,no,,,7913,es,,,,,,es,pais-vasco,vizcaya
amatxo-maitea-getxo,Amatxo Maitea,Getxo,Pan y cereal,"Panadería, pastelería y catering","Andrés Larrazabal Kalea 5, 48930 Getxo, Bizkaia","Panadería, pastelería y cocina de Getxo vinculada al obrador Arteta, con bollería artesana, panes de masa madre, tartas, platos preparados y tienda online para recogida.",Realiza pedido online y recoge en tienda,+34944659632,info@amatxomaitea.com,https://www.amatxomaitea.com/,,,https://www.google.com/maps/search/?api=1&query=Amatxo%20Maitea&query_place_id=ChIJaT4fCytaTg0R6Z8wqfhWCjw,43.326309,-3.013854,,,sí,ecommerce,,729,es,,,,,,es,pais-vasco,vizcaya
areitz-soroa-galdames,Areitz Soroa,Galdames,Fruta y verdura,Verduras ecológicas y plantón hortícola,"Barrio Arce 1, 48191 Galdames, Bizkaia","Centro de agricultura ecológica y granja escuela de Galdames que cultiva verduras ecológicas con método propio y vende cestas, plantón y verdura a la carta.",Consultar tienda ecológica,+34946104516,ioncoga@gmail.com,https://albergueareitzsoroa.es/tienda/,https://www.facebook.com/areitzsoroa/,https://www.instagram.com/areitzsoroaalbergue/,https://www.google.com/maps/search/?api=1&query=Areitz%20Soroa&query_place_id=ChIJH2Qn92X5Tg0RdMwz80_bnwg,43.259015,-3.136733,/productores/es/pais-vasco/vizcaya/areitz-soroa-galdames.webp,,sí,whatsapp|email,,906,es,,,,,,es,pais-vasco,vizcaya
lurkoi-baserria-bermeo,Lurkoi Baserria,Bermeo,Fruta y verdura,Hortalizas y frutas ecológicas,"Artike Auzoa 60, 48370 Bermeo, Bizkaia","Baserri familiar de Bermeo que produce hortalizas, frutas y otros alimentos ecológicos, con venta directa en el baserri, mercados y servicio a domicilio.",Consultar mercados y venta directa,+34946477001,lurdeia@lurdeia.com,https://lurkoibaserria.com/,,https://www.instagram.com/lurkoibaserria/,https://www.google.com/maps/search/?api=1&query=Lurkoi%20Baserria&query_place_id=ChIJVXj5qNc-Tg0RxpEOfuBpQms,43.38171,-2.73575,/productores/es/pais-vasco/vizcaya/lurkoi-baserria-bermeo.webp,,no,,,8253,es,,,,,,es,pais-vasco,vizcaya
gasadi-baserria-gamiz-fika,Gasadi Baserria,Gamiz-Fika,Fruta y verdura,"Lechuga, puerro, calabaza y hortalizas km0","Barrio Mendoza, Caserío Gasadi 18, 48113 Gamiz-Fika, Bizkaia",Familia agricultora de Gamiz-Fika dedicada al cultivo de hortalizas locales de kilómetro cero mediante producción integrada y trabajo manual.,Lunes a viernes 11:00-13:00,+34616070627,gasadiola@hotmail.com,https://gasadibaserria.com/,,,,43.3280,-2.7910,,,no,,,6435,es,,,,,,es,pais-vasco,vizcaya
bioarandio-erandio,BioArandio,Erandio,Fruta y verdura,"Arándanos ecológicos, mermeladas y zumos","Camino Ugarte-Uribe 7, 48950 Erandio, Bizkaia",Empresa familiar de Erandio dedicada al cultivo ecológico de arándanos y a productos derivados como mermeladas y zumos.,Consultar campaña,+34699533953,info@bioarandio.com,https://bioarandio.com/,,https://www.instagram.com/bioarandio/,https://www.google.com/maps/search/?api=1&query=BioArandio&query_place_id=ChIJxaKvRjlbTg0RJ2xyPi_YV5s,43.343941,-2.952452,/productores/es/pais-vasco/vizcaya/bioarandio-erandio.webp,,no,,,1212,es,,,,,,es,pais-vasco,vizcaya
bizkai-berries-galdames,Bizkai Berries,Galdames,Fruta y verdura,"Arándanos frescos, mermeladas y zumos","Barrio Concejuelo s/n, 48191 Galdames, Bizkaia","Explotación de Galdames dedicada al cultivo sostenible de arándanos y a la elaboración de mermeladas, purés, zumos y dulces de fruta.",Consultar tienda online,+34635625724,info@bizkaiberries.com,https://bizkaiberries.com/,https://www.facebook.com/people/Bizkai-Berries/100055895306957/,https://www.instagram.com/bizkai_berries/,,43.2580,-3.1110,/productores/es/pais-vasco/vizcaya/bizkai-berries-galdames.webp,,sí,ecommerce,,1246,es,,,,,,es,pais-vasco,vizcaya
gaiaberry-karrantza,Gaiaberry,Karrantza,Fruta y verdura,Arándanos ecológicos frescos,"Barrio San Esteban s/n, 48891 Karrantza Harana, Bizkaia","Cultivo familiar de arándanos ecológicos certificados en el Valle de Carranza, con recolección manual y venta directa de fruta fresca en campaña.",Pedidos de lunes a jueves en campaña,+34680432645,hola@gaiaberry.com,https://gaiaberry.com/,https://www.facebook.com/gaiaberry.arandanos.ecologicos/,https://www.instagram.com/gaiaberry/,https://www.google.com/maps/search/?api=1&query=Gaiaberry&query_place_id=ChIJY7Xo1HXnTg0RR5UIEoIwYBI,43.214778,-3.375396,/productores/es/pais-vasco/vizcaya/gaiaberry-karrantza.webp,,sí,ecommerce|whatsapp,,6366,es,,,,,,es,pais-vasco,vizcaya
kiwilur-arratzu,KiwiLur,Arratzu,Fruta y verdura,"Kiwi, pimiento de Gernika y hortalizas","Zubiate Auzoa 4, 48383 Arratzu, Bizkaia","Productor agrícola de Arratzu especializado en kiwi, pimiento de Gernika, calabacín, calabaza y guindilla de Ibarra con venta local.",Consultar venta directa,+34620596411,kiwilur@gmail.com,https://turismoarratzu.eus/donde-comer/,,,https://www.google.com/maps/search/?api=1&query=KiwiLur&query_place_id=ChIJ0dgCVOY7Tg0RUn67dt9nJFQ,43.308419,-2.64151,,pendiente,no,,,7452,es,,,,,,es,pais-vasco,vizcaya
aristieta-ajangiz,Aristieta,Ajangiz,Fruta y verdura,Hortalizas y frutas ecológicas,"Barrio Kanpantxu 12, 48320 Ajangiz, Bizkaia",Agroturismo de Ajangiz que practica agricultura ecológica y cultiva hortalizas y frutas de temporada para desayunos y experiencias gastronómicas.,Consultar agroturismo,+34946258500,aristieta@aristieta.com,https://aristieta.com/,,,https://www.google.com/maps/search/?api=1&query=Aristieta&query_place_id=ChIJC2ukAng6Tg0RuPeSJmxjHtM,43.297607,-2.667894,,,no,,,912,es,,,,,,es,pais-vasco,vizcaya
lapikote-baserria-kortezubi,Lapikote Baserria,Kortezubi,Fruta y verdura,Fruta y verdura fresca de temporada,"Barrio Elorriaga s/n, Kortezubi; tienda en Don Tello 9, Gernika-Lumo, Bizkaia",Productor agrícola de Kortezubi con venta de fruta y verdura fresca de temporada a través de su tienda Kortezubi Frutadenda en Gernika.,Consultar tienda,,,https://kortezubifrutadenda.com/,,,https://www.google.com/maps/search/?api=1&query=Lapikote%20Baserria&query_place_id=ChIJnTp6_1o7Tg0RFaqJ9DhmL0M,43.327076,-2.653423,,,no,,,8017,es,,,,,,es,pais-vasco,vizcaya
olatxuko-laboreak-gamiz-fika,Olatxuko Laboreak,Gamiz-Fika,Conservas,Mermeladas y patés vegetales ecológicos,"Barrio Elexalde 51H, Olatxu Baserria, 48113 Gamiz-Fika, Bizkaia","Obrador agroecológico de Fika que produce fruta, verdura y flores y transforma parte de la cosecha en mermeladas y patés vegetales artesanos.",Venta directa y mercados,+34605743966,olatxukomermeladak@gmail.com,https://azoka.bbk.eus/colecciones/olatxuko-laboreak,,,,43.3242,-2.7845,,,sí,marketplace,,9190,es,,,,,,es,pais-vasco,vizcaya
tologorri-orduna,Tologorri,Orduña,Conservas,Mermeladas y zumos ecológicos,"Barrio Santa Clara 12A, 48460 Orduña, Bizkaia",Obrador de Orduña que elabora mermeladas y zumos ecológicos con frutas de cosecha propia en Santa Clara Baserria.,Consultar venta directa,+34660491001,,https://azoka.bbk.eus/colecciones/santa-clara-baserria,,https://www.instagram.com/tologorrimermelada/,https://www.google.com/maps/search/?api=1&query=Tologorri%2C%20Barrio%20Santa%20Clara%2012A%2C%2048460%20Ordu%C3%B1a%2C%20Bizkaia&query_place_id=ChIJJfy3EwuvTw0R5DNX1Psbp24,42.9955,-3.0097,,,sí,marketplace,,11854,es,,,,,,es,pais-vasco,vizcaya
pagaikoak-zeanuri,Pagaikoak,Zeanuri,Miel,Miel cruda y fruta de baserri,"Otzerinmendi Auzoa 38, 48144 Zeanuri, Bizkaia",Caserío familiar de Zeanuri con producción diversificada de miel cruda artesanal y fruta en el entorno rural del Parque Natural del Gorbeia.,Consultar venta directa,+34615757039,info@pagaikoak.eus,https://pagaikoak.eus/,,,,43.0980,-2.7480,/productores/es/pais-vasco/vizcaya/pagaikoak-zeanuri.webp,,no,,,9393,es,,,,,,es,pais-vasco,vizcaya
miel-natural-cruda-zeanuri,Estia Miel - Miel Natural Cruda,Zeanuri,Miel,"Miel cruda de roble, brezo y acacia","Igertualde 4, 48144 Zeanuri, Bizkaia","Apicultor artesano Jesús Martínez Jiménez, productor de miel natural cruda, polen y velas de cera virgen en Zeanuri.",Consultar disponibilidad,+34616380570,jjmielzeanuri@gmail.com,https://www.mielnaturalcruda.es/,,,,43.0991,-2.7475,/productores/es/pais-vasco/vizcaya/miel-natural-cruda-zeanuri.webp,,sí,email|telefono,,5672,es,,,,,,es,pais-vasco,vizcaya
oizpe-erlezaintza-atxondo,Oizpe Erlezaintza,Atxondo,Miel,Miel de milflores y propóleos,"Atxondo, Bizkaia","Proyecto apícola artesano del Durangaldea atribuido a Hegoi Escudero, dedicado a miel de milflores y productos de colmena.",Consultar venta directa,,,https://durangaldeaelikadura.eus/,,,,43.1250,-2.5950,,pendiente,no,,,9182,es,,,,,,es,pais-vasco,vizcaya
miel-de-arrazola-atxondo,Iñigo Mendibil - Miel de Arrazola,Atxondo,Miel,Miel artesana de cosecha propia,"Arrazola, 48291 Atxondo, Bizkaia","Apicultor de Arrazola que produce miel, propóleo, polen y cera y comercializa su cosecha en circuitos locales de Atxondo.",Consultar tienda local,,,,,,,43.1248,-2.5947,,pendiente,no,,,7138,es,,,,,,es,pais-vasco,vizcaya
lombera-de-carranza-karrantza,Lombera de Carranza,Karrantza,Carne,"Chorizo, morcilla, cecina y embutidos","Barrio Ambasaguas 97, 48891 Karrantza, Bizkaia","Elaborador familiar de embutidos de Karrantza con recetas tradicionales de cuatro generaciones y venta de chorizo, morcilla, cecina, lomo y panceta.",Consultar tienda física,+34946107079,embutidos@lomberadecarranza.com,http://www.lomberadecarranza.com/,,,https://www.google.com/maps/search/?api=1&query=Lombera%20de%20Carranza&query_place_id=ChIJ1d7mIOvmTg0RwexyhssesmM,43.224853,-3.360034,/productores/es/pais-vasco/vizcaya/lombera-de-carranza-karrantza.webp,,sí,ecommerce,,8201,es,,,,,,es,pais-vasco,vizcaya
carniceria-sierra-balmaseda,Carnicería Sierra,Balmaseda,Carne,Carne de vacuno propio y embutidos,"Calle Félix de la Torre 1, 48800 Balmaseda, Bizkaia",Carnicería con obrador propio en Balmaseda que surte sus tiendas con ganado criado por la familia y elaboraciones cárnicas propias.,Consultar tienda,,,https://carniceriasierra.com/,,,https://www.google.com/maps/search/?api=1&query=Carnicer%C3%ADa%20Sierra&query_place_id=ChIJAQBwYxP8Tg0RBWRQOyNWZ5g,43.193392,-3.196287,,,no,,,3271,es,,,,,,es,pais-vasco,vizcaya
heisa-berriatua,HEISA,Berriatua,Pescado,"Anchoa en salazón, bonito del norte y caballa","Polígono Industrial Gardotza 19C, 48710 Berriatua, Bizkaia","Hermanos Echevarria Idoeta SA, conservera fundada en 1966 especializada en anchoa en salazón, bonito del norte, atún claro y caballa.",Consultar empresa,+34946831960,gardotza@heisa.com,https://heisa.com/,,,,43.3130,-2.4280,,,no,,,6708,es,,,,,,es,pais-vasco,vizcaya
urdaibai-kontserbak-bermeo,Urdaibai Kontserbak,Bermeo,Pescado,"Anchoas de Bermeo, bonito y boquerón","Muelle Erroxape, pabellón 5, 48370 Bermeo, Bizkaia","Empresa familiar de Bermeo dedicada a conservas artesanas de anchoa del Cantábrico, bonito del norte, boquerón y patés de pescado.",Consultar tienda online,+34946186658,urdaibai2008@gmail.com,https://www.conservasurdaibai.com/,,,https://www.google.com/maps/search/?api=1&query=Urdaibai%20Kontserbak&query_place_id=ChIJFZqBDVw-Tg0RwMNhWkJvt6I,43.417604,-2.716485,/productores/es/pais-vasco/vizcaya/urdaibai-kontserbak-bermeo.webp,,sí,ecommerce,,12027,es,,,,,,es,pais-vasco,vizcaya
conservas-alegria-berriatua,Conservas Alegría,Berriatua,Pescado,"Bonito del norte, atún y ventresca","Polígono Industrial Gardotza s/n, 48710 Berriatua, Bizkaia","Conservera artesanal de Berriatua dedicada a bonito del norte, atún, ventresca y otras conservas de pescado bajo la marca El Batel.",Consultar conservera,+34657320548,elbatel@conservasalegria.com,https://conservasalegria.com/,,,https://www.google.com/maps/search/?api=1&query=Conservas%20Alegr%C3%ADa%2C%20Pol%C3%ADgono%20Industrial%20Gardotza%20s%2Fn%2C%2048710%20Berriatua%2C%20Bizkaia&query_place_id=ChIJJc3LymmJQQ0R-BS06FTZA7c,43.3160,-2.4540,/productores/es/pais-vasco/vizcaya/conservas-alegria-berriatua.webp,,no,,,4244,es,,,,,,es,pais-vasco,vizcaya
karmelo-toja-bermeo,Karmelo Toja,Bermeo,Pescado,Anchoa del Cantábrico en salazón,"Muelle Erroxape, pabellón 8, 48370 Bermeo, Bizkaia","Conservera familiar de Bermeo vinculada al sector pesquero desde los años setenta, especializada en anchoa del Cantábrico elaborada de forma tradicional.","Pedidos por web, email o teléfono",+34630048219,comercial@karmelotoja.com,https://karmelotoja.com/,,,https://www.google.com/maps/search/?api=1&query=Karmelo%20Toja&query_place_id=ChIJEe_ZKA8_Tg0RDLWCQ9I1GeE,43.417622,-2.716283,/productores/es/pais-vasco/vizcaya/karmelo-toja-bermeo.webp,,sí,email|telefono,,7431,es,,,,,,es,pais-vasco,vizcaya
granja-murrieta-galdames,Granja Murrieta,Galdames,Lácteos y quesos,"Leche pasteurizada, yogures, kéfir y helado artesano","Barrio del Arenao s/n, 48191 Galdames, Bizkaia","Granja familiar lechera de Galdames que transforma leche de proximidad en yogures artesanos, kéfir y otros productos lácteos en la misma granja.",Lunes a jueves 10:00-14:00 y 17:00-19:00; viernes 10:00-14:00,+34626324472,aupa@granjamurrieta.com,https://www.granjamurrieta.com/,https://www.facebook.com/granjamurrieta/,https://www.instagram.com/granjamurrieta/,https://www.google.com/maps/search/?api=1&query=Granja%20Murrieta&query_place_id=ChIJLw_JVir4Tg0RXvOFVVi1Iec,43.284597,-3.135,/productores/es/pais-vasco/vizcaya/granja-murrieta-galdames.webp,,no,,,6578,es,,,,,,es,pais-vasco,vizcaya
zabale-baserria-busturia,Zabale Baserria,Busturia,Huevos,Huevos ecológicos código 0,"Barrio San Bartolome 66, 48350 Busturia, Bizkaia",Granja de Busturia con gallinas criadas al aire libre en la Reserva de Urdaibai y producción de huevos ecológicos de código 0.,Consultar información,+34661246475,,https://zabalebaserria.com/,,,https://www.google.com/maps/search/?api=1&query=Zabale%20Baserria%2C%20Barrio%20San%20Bartolome%2066%2C%2048350%20Busturia%2C%20Bizkaia&query_place_id=ChIJp8qynNo-Tg0RuLMnN3P7aNo,43.3841,-2.7301,,,no,,,12410,es,,,,,,es,pais-vasco,vizcaya
granja-uriagereka-mungia,Granja Uriagereka,Mungia,Huevos,Huevos frescos camperos y clásicos,"Polígono Trobika, Camino Martintxone s/n, 48100 Mungia, Bizkaia","Granja avícola familiar de Mungia activa desde 1967, productora de huevos frescos con distribución diaria en Bizkaia.",Distribución diaria en Bizkaia,+34946748039,uriagereka@huevosuriagereka.com,https://huevosuriagereka.com/,,,https://www.google.com/maps/search/?api=1&query=Granja%20Uriagereka&query_place_id=ChIJ7fV_lNxGTg0RqmKk6Wp0nLA,43.356358,-2.826331,/productores/es/pais-vasco/vizcaya/granja-uriagereka-mungia.webp,,no,,,6600,es,,,,,,es,pais-vasco,vizcaya
barraskibide-orduna,Barraskibide,Orduña,Otros,Caracoles ecológicos,"Lendoño Behekoa 1, 48460 Orduña, Bizkaia","Granja de helicicultura ecológica de Orduña dedicada a la cría, purga y comercialización directa de caracoles de tierra.",Consultar venta directa,+34606150949,info@barraskibide.es,https://mantala.eus/persona/ainhoa_alava/,,,,42.9950,-3.0100,,pendiente,no,,,1104,es,,,,,,es,pais-vasco,vizcaya
bilbao-biscay-distillery-bedia,Bilbao Biscay Distillery,Bedia,Destilados y licores,"Ginebra, vodka, vermut y licores artesanos","Barrio Eraso 33, 48390 Bedia, Bizkaia","Destilería artesana de Bedia que elabora ginebra, vodka, vermut y licores de autor con marcas propias y pedidos online.",Pedidos online,+34634947234,bbd@bilbaobiscaydistillery.com,https://www.bilbaobiscaydistillery.com/,https://www.facebook.com/anubisgin/,https://www.instagram.com/bilbaobiscay/,,43.2100,-2.7900,,,sí,ecommerce,,1195,es,,,,,,es,pais-vasco,vizcaya
biribil-brothers-bilbao,Biribil Brothers,Bilbao,Lácteos y quesos,"Burrata fresca, mozzarella, scamorza ahumada","Heros Kalea, 22, Abando, 48009 Bilbao, Bizkaia","Obrador y tienda bilbaína de quesos frescos artesanos de estilo italiano, especializado en mozzarella, burrata, scamorza y mantequilla.",Consultar web,+34946004938,biribilbros@gmail.com,https://biribilbrothers.com/,https://www.facebook.com/Lamozzeriadebiribil/,https://www.instagram.com/biribil_brothers/,https://www.google.com/maps/search/?api=1&query=Biribil%20Brothers%2C%20Heros%20Kalea%2C%2022%2C%20Abando%2C%2048009%20Bilbao%2C%20Bizkaia&query_place_id=ChIJ33p2olZPTg0RNncy4G4bJic,43.2652442,-2.9326944,/productores/es/pais-vasco/vizcaya/biribil-brothers-bilbao.webp,,sí,email|telefono,,1239,es,,,,,,es,pais-vasco,vizcaya
