slug,nombre,municipio,categoria,productos estrella,direccion,descripcion,horario,telefono,correo,web,Facebook,Instagram,Google Maps,lat,lon,imagen,verificacion,Venta online
beloki-mendia-uztegi,Beloki Mendia,Uztegi,Lácteos y quesos,queso y lácteos,"Antsonea baserria, Uztegi (31891)","Productor local de Uztegi especializado en queso y lácteos, con venta directa o de proximidad en Navarra.","Consultar venta directa, envíos, venta online, visitas",618255041 / 620301654,antsoneagaztak@gmail.com,https://belokimendia.com/eu/,,https://www.instagram.com/beloki.mendia/,https://www.google.com/maps/search/?api=1&query=Queseria+Antsonea+Gaztak+BELOKI+MENDIA&query_place_id=ChIJZwY7FsZPUA0RRFKWXdRDBdE,43.03038859999999,-2.0038864,/productores/navarra/navarra/beloki-mendia-uztegi.jpg,pendiente,no comprobado
quesos-larramendi-eulate,Quesos Larramendi,Eulate,Lácteos y quesos,queso y lácteos,"C/Copalacio Alto, 86, Eulate (31271)","Productor local de Eulate especializado en queso y lácteos, con venta directa o de proximidad en Navarra.",Consultar venta directa,660968984 / 660366171,quesoslarramendi@gmail.com,,,https://www.instagram.com/quesosmiguelito/,https://www.google.com/maps/search/?api=1&query=C%2FCopalacio+Alto%2C+86%2C+Eulate+%2831271%29&query_place_id=ChIJOVxfN20UUA0RRgPKzxr7Vic,42.7758568,-2.2033801,/productores/navarra/navarra/quesos-larramendi-eulate.jpg,pendiente,no comprobado
leche-las-tres-vacas-quesos-miguelito-azagra,Leche las Tres Vacas. Quesos Miguelito,Azagra,Lácteos y quesos,queso y lácteos,"C/Cortes de Navarra, 2 2ºA, Azagra (31560)","Productor local de Azagra especializado en queso y lácteos, con venta directa o de proximidad en Navarra.","Consultar venta directa, envíos, visitas",948389012,miguelito@quesosmiguelito.com,https://quesosmiguelito.com/,https://www.facebook.com/people/Quesos-Miguelito,https://www.instagram.com/quesosmiguelito/,https://www.google.com/maps/search/?api=1&query=Quesos+Miguelito&query_place_id=ChIJjTmVM1yJWg0RdqByoaAc-t0,42.268619,-1.8649121,/productores/navarra/navarra/leche-las-tres-vacas-quesos-miguelito-azagra.jpg,pendiente,no comprobado
roberto-senosiain-ochotorena-iturgoyen,Roberto Senosiain Ochotorena,Iturgoyen,Charcutería,carne y embutidos,"C/San Antón, 23, Iturgoyen (31176)","Productor local de Iturgoyen especializado en carne y embutidos, con venta directa o de proximidad en Navarra.",Consultar envíos,636348934,robertosenosiain92@gmail.com,,,,https://www.google.com/maps/search/?api=1&query=C%2FSan+Ant%C3%B3n%2C+23%2C+Iturgoyen+%2831176%29&query_place_id=ChIJO5S0h3xmUA0RdHtx2PI1GJY,42.7764818,-1.9535368,/productores/navarra/navarra/roberto-senosiain-ochotorena-iturgoyen.jpg,pendiente,no comprobado
miel-andiaga-ujue-uxue,Miel Andiaga,Ujué / Uxue,Miel,miel y productos apícolas,"CALLE SAN ISIDRO Nº13, Ujué / Uxue (31496)","Productor local de Ujué / Uxue especializado en miel y productos apícolas, con venta directa o de proximidad en Navarra.","Consultar venta directa, envíos",636614755,kikeuxue@gmail.com,https://mielandiaga.com/,https://www.facebook.com/p/Andiagamielgmailcom-100063167954439/,https://www.instagram.com/andiagamiel_de_ujue_uxue/?hl=es,https://www.google.com/maps/search/?api=1&query=Miel+Andiaga%2C+apicultor+de+Ujue&query_place_id=ChIJI9O4wmgLWg0RUh13NFYpXLU,42.5064302,-1.5004099,/productores/navarra/navarra/miel-andiaga-ujue-uxue.jpg,pendiente,no comprobado
queseria-txantrea-txantreako-gaztandegia-urricelqui-urritzelki,Queseria Txantrea / Txantreako Gaztandegia,Urricelqui / Urritzelki,Lácteos y quesos,"queso y lácteos, carne y embutidos","C/San Martín, 7, Urricelqui / Urritzelki (31482)","Productor local de Urricelqui / Urritzelki especializado en queso y lácteos, carne y embutidos, con venta directa o de proximidad en Navarra.","Consultar venta directa, envíos",646291010,kiribil2@gmail.com,https://lanzanos.com/proyectos/queseria-txantrea-gaztategi,https://www.facebook.com/TxantreaGaztandegia/,https://www.instagram.com/txantreagaztandegia/,https://www.google.com/maps/search/?api=1&query=C%2FSan+Mart%C3%ADn%2C+7%2C+Urricelqui+%2F+Urritzelki+%2831482%29&query_place_id=ChIJo-T7-5LAUA0RRz4uhvjUrXk,42.8717762,-1.4703784,/productores/navarra/navarra/queseria-txantrea-txantreako-gaztandegia-urricelqui-urritzelki.jpg,pendiente,no comprobado
miel-gorena-salinas-de-oro-jaitz,Miel Gorena,Salinas de Oro / Jaitz,Miel,miel y productos apícolas,"C/Centro 18, Salinas de Oro / Jaitz (31175)","Productor local de Salinas de Oro / Jaitz especializado en miel y productos apícolas, con venta directa o de proximidad en Navarra.","Consultar venta directa, envíos",676604052,mielgorena@gmail.com,https://mielgorena.webnode.es,,,https://www.google.com/maps/search/?api=1&query=Mieler%C3%ADa-Miel+Gorena&query_place_id=ChIJT1lOtGBhUA0RS9cXLhhONGg,42.7749185,-1.8893375,/productores/navarra/navarra/miel-gorena-salinas-de-oro-jaitz.jpg,pendiente,no comprobado
granja-el-moro-figarol,Granja el Moro,Figarol,Lácteos y quesos,queso y lácteos,"Polígono 22, Parcela 59, Figarol (31311)","Productor local de Figarol especializado en queso y lácteos, con venta directa o de proximidad en Navarra.","Consultar venta directa, envíos, venta online, visitas",679535062,INFO@GRANJAELMORO.COM,https://WWW.GRANJAELMORO.COM,https://www.facebook.com/GranjaElMoro,https://www.instagram.com/granja_elmoro,https://www.google.com/maps/search/?api=1&query=Granja+EL+MORO&query_place_id=ChIJ4cSFsNkRWg0RDQh__BLuOag,42.3380964,-1.3676802,/productores/navarra/navarra/granja-el-moro-figarol.jpg,pendiente,no comprobado
elkea-urederra-baquedano-bakedao,Elkea Urederra,Baquedano / Bakedao,Legumbres y cereales,"legumbres y cereales, aceite, zumos y bebidas, fruta y hortalizas de temporada","C/La fuente, 110, Baquedano / Bakedao (31272)","Productor local de Baquedano / Bakedao especializado en legumbres y cereales, aceite, zumos y bebidas, fruta y hortalizas de temporada, con venta directa o de proximidad en Navarra.","Consultar venta directa, envíos, visitas",636100524,ekoelkea@gmail.com,https://ekoelkea.wordpress.com,,,https://www.google.com/maps/search/?api=1&query=C%2FLa+fuente%2C+110%2C+Baquedano+%2F+Bakedao+%2831272%29&query_place_id=ChIJv2Mnb2xrUA0RztQbnR5JSQs,42.7825212,-2.119619,/productores/navarra/navarra/elkea-urederra-baquedano-bakedao.jpg,pendiente,no comprobado
lezaun-gazta-lezaun,Lezaun Gazta,Lezaun,Lácteos y quesos,queso y lácteos,"Ctra.Estella-Beasain PK15+5, Lezaun (31177)","Productor local de Lezaun especializado en queso y lácteos, con venta directa o de proximidad en Navarra.","Consultar venta directa, envíos, visitas",606534997,lezaungazta@gmail.com,,,,https://www.google.com/maps/search/?api=1&query=Ctra.Estella-Beasain+PK15%2B5%2C+Lezaun+%2831177%29&query_place_id=EixDYXJyLiBFc3RlbGxhLCAzMTE3NyBMZXrDoXVuLCBOYXZhcnJhLCBTcGFpbiIuKiwKFAoSCYfBRq5LilANEf7EjVo_WAYwEhQKEglh0TDetWhQDRHg6HNhaIwBHA,42.7343826,-1.9855903,/productores/navarra/navarra/lezaun-gazta-lezaun.jpg,pendiente,no comprobado
esparragos-el-gerriko-cortes,Espárragos el Gerriko,Cortes,Conservas,"espárrago de Navarra, conservas vegetales, hortalizas de temporada","C/Sarasate, 4, Cortes (31530)","Productor local de Cortes especializado en espárrago de Navarra y conservas vegetales, con venta directa o de proximidad en Navarra.","Consultar venta directa, envíos",627402962 / 627402964,esparragos@elgerriko.com,https://www.elgerriko.com,,,https://www.google.com/maps/search/?api=1&query=C%2FSarasate%2C+4%2C+Cortes+%2831530%29&query_place_id=ChIJ6-1e9jkzWg0RdGtRVUXo04o,41.9218049,-1.4194561,/productores/navarra/navarra/esparragos-el-gerriko-cortes.jpg,pendiente,no comprobado
perkatzenea-sagardoa-madotz,Perkatzenea Sagardoa,Madotz,Bebidas,zumos y bebidas,"C/ SAN ANTÓN 18, Madotz (31879)","Productor local de Madotz especializado en zumos y bebidas, con venta directa o de proximidad en Navarra.","Consultar venta directa, envíos, visitas",633976206,perkatzeneasagardoa@perkatzenea.eus,https://perkatzenea.eus/,https://www.facebook.com/PerkatzeneA/?locale=es_ES,https://www.instagram.com/perkatzenea_sagardoa/?hl=es,https://www.google.com/maps/search/?api=1&query=C%2F+SAN+ANT%C3%93N+18%2C+Madotz+%2831879%29&query_place_id=ChIJdS4UvyVZUA0RSe4ErI3y_cc,42.9375276,-1.877056,/productores/navarra/navarra/perkatzenea-sagardoa-madotz.jpg,pendiente,no comprobado
monte-sesma-sesma,Monte Sesma,Sesma,Frutos secos,frutos secos,"Pza S. Francisco Javier, nº 6 1ºB, Sesma (31293)","Productor local de Sesma especializado en frutos secos, con venta directa o de proximidad en Navarra.","Consultar venta directa, envíos",646884155,nueces@montesesma.com,https://montesesma.com/,,https://www.instagram.com/nuecesmontesesma/,https://www.google.com/maps/search/?api=1&query=Monte+Sesma&query_place_id=ChIJRXupTsCeWg0RF8yriMnt5c4,42.4715816,-2.088267,/productores/navarra/navarra/monte-sesma-sesma.jpg,pendiente,no comprobado
agorleku-lesaka,Agorleku,Lesaka,Lácteos y quesos,queso y lácteos,"Izotzaldea Auzoa,7 Agorleku Baserria, Lesaka (31770)","Productor local de Lesaka especializado en queso y lácteos, con venta directa o de proximidad en Navarra.","Consultar venta directa, envíos",670749549,info@agorleku.eus,https://www.agorleku.eus/,,,https://www.google.com/maps/search/?api=1&query=Agorleku+Gaztak+-+Queso+oveja+Idiazabal&query_place_id=ChIJecom5egFUQ0RnYzAx9rJSeo,43.238574,-1.7077065,/productores/navarra/navarra/agorleku-lesaka.jpg,pendiente,no comprobado
beitikotx-abereak-almandoz,Beitikotx Abereak,Almandoz,Charcutería,carne y embutidos,"C/S. Pedro 12, Beitikoetxea, Almandoz (31796)","Productor local de Almandoz especializado en carne y embutidos, con venta directa o de proximidad en Navarra.",Consultar envíos,626049773,beitikoetxeabaserria@gmail.com,https://beitikoetxeabaserria.com/,https://www.facebook.com/beitikotxabereak,https://www.instagram.com/beitikoetxeabaserria/,https://www.google.com/maps/search/?api=1&query=C%2FS.+Pedro+12%2C+Beitikoetxea%2C+Almandoz+%2831796%29&query_place_id=ChIJQV-6e_njUA0RIE61omeMAQo,43.0910944,-1.6053686,/productores/navarra/navarra/beitikotx-abereak-almandoz.jpg,pendiente,no comprobado
labakieta-haragia-auritz-burguete,Labakieta Haragia,Auritz / Burguete,Charcutería,carne y embutidos,"C/San Nicolás, 64, Auritz / Burguete (31640)","Productor local de Auritz / Burguete especializado en carne y embutidos, con venta directa o de proximidad en Navarra.","Consultar envíos, venta online",620928632,irigaraipatxi@gmail.com,,,,https://www.google.com/maps/search/?api=1&query=C%2FSan+Nicol%C3%A1s%2C+64%2C+Auritz+%2F+Burguete+%2831640%29&query_place_id=ChIJZT4eSbbPUA0R3c69CMLk5oE,42.9908678,-1.3344143,/productores/navarra/navarra/labakieta-haragia-auritz-burguete.jpg,pendiente,no comprobado
miel-castillo-de-olite-olite-erriberri,Miel Castillo de Olite,Olite / Erriberri,Miel,miel y productos apícolas,"C/ Rua seco, 25, 2º Izq., Olite / Erriberri (31390)","Productor local de Olite / Erriberri especializado en miel y productos apícolas, con venta directa o de proximidad en Navarra.",Consultar venta directa,664767726,aldin.s.p.92@gmail.com,,,https://www.instagram.com/miel_castillo_de_olite/,https://www.google.com/maps/search/?api=1&query=C%2F+Rua+seco%2C+25%2C+2%C2%BA+Izq.%2C+Olite+%2F+Erriberri+%2831390%29&query_place_id=EjJDLiBSw7phIFNlY28sIDI1LCAywrosIDMxMzkwIE9saXRlLCBOYXZhcnJhLCBTcGFpbiIfGh0KFgoUChIJKVVwAT53Wg0R_jbu6HtiR9QSAzLCug,42.4800666,-1.6520135,/productores/navarra/navarra/miel-castillo-de-olite-olite-erriberri.jpg,pendiente,no comprobado
queso-loperena-egozkue,Queso Loperena,Egozkue,Lácteos y quesos,queso y lácteos,"C/San Miguel, 15, Egozkue (31798)","Productor local de Egozkue especializado en queso y lácteos, con venta directa o de proximidad en Navarra.","Consultar venta directa, envíos, venta online",626696520,info@loperena.es,https://www.loperena.es,,,https://www.google.com/maps/search/?api=1&query=LOPERENA+GAZTANDEGIA&query_place_id=ChIJ_c6vXRjpUA0RUGXGwTQ5oRQ,42.9626404,-1.5761961,/productores/navarra/navarra/queso-loperena-egozkue.jpg,pendiente,no comprobado
jauregia-esnekiak-ekologikoa-aniz,Jauregia Esnekiak. Ekologikoa,Aniz,Lácteos y quesos,queso y lácteos,"C/JAUREGIA ETXIA 12, Aniz (31796)","Productor local de Aniz especializado en queso y lácteos, con venta directa o de proximidad en Navarra.","Consultar venta directa, visitas",675550960,jauregia.esnekiak@gmail.com,https://www.jauregia.eus,https://www.facebook.com/jauregiaesnekiak,https://www.instagram.com/jauregiaesnekiak,https://www.google.com/maps/search/?api=1&query=Queser%C3%ADa+Jauregia+Esnekiak&query_place_id=ChIJ_1ncuGzhUA0Rmplulcp85BE,43.112594,-1.5820494,/productores/navarra/navarra/jauregia-esnekiak-ekologikoa-aniz.jpg,pendiente,no comprobado
mangas-verdes-caparroso,Mangas Verdes,Caparroso,Fruta y verdura,fruta y hortalizas de temporada,"Ctra. NA-128, km 11, Caparroso (31380)","Productor local de Caparroso especializado en fruta y hortalizas de temporada, con venta directa o de proximidad en Navarra.",Consultar condiciones,615549149,administracion@lahuertademangasverdes.es,https://www.lahuertademangasverdes.es,,https://www.instagram.com/mangas_verdes_agricola/,https://www.google.com/maps/search/?api=1&query=MANGAS+VERDES&query_place_id=ChIJ9Q3kHDBvWg0RUNhpcKVFmwA,42.3509239,-1.6666524,/productores/navarra/navarra/mangas-verdes-caparroso.jpg,pendiente,no comprobado
miel-111-44-corella,Miel 111.44,Corella,Miel,miel y productos apícolas,"Avda de Navarra, 44, Corella (31591)","Productor local de Corella especializado en miel y productos apícolas, con venta directa o de proximidad en Navarra.","Consultar venta directa, envíos, venta online",686777038,gourmet@miel11144.com,https://www.miel11144.com,,https://www.instagram.com/miel11144/,https://www.google.com/maps/search/?api=1&query=MIEL+GOURMET%2C+S.L.+-+Miel+del+Moncayo+111.44&query_place_id=ChIJeWMpV6dZWg0RbHHLm825JMU,42.114088,-1.7974659,/productores/navarra/navarra/miel-111-44-corella.jpg,pendiente,no comprobado
mejana-gourmet-villa-javier-tudela,Mejana Gourmet - Villa Javier,Tudela,Fruta y verdura,fruta y hortalizas de temporada,"C/San Francisco Javier nº 2, Tudela (31500)","Productor local de Tudela especializado en fruta y hortalizas de temporada, con venta directa o de proximidad en Navarra.","Consultar venta directa, envíos",848411119,direccion@villajavier.org,https://villajavier.org/mejana-gourmet/,,https://www.instagram.com/villajaviertudela/,https://www.google.com/maps/search/?api=1&query=C%2FSan+Francisco+Javier+n%C2%BA+2%2C+Tudela+%2831500%29&query_place_id=ChIJy2XSSFhPWg0R-_XVrx3KzkM,42.0649486,-1.6097822,/productores/navarra/navarra/mejana-gourmet-villa-javier-tudela.jpg,pendiente,no comprobado
erlandere-ezti-ekologikoak-mieles-ecologicas-arbeiza,ERLANDERE ezti ekologikoak / Mieles ecológicas,Arbeiza,Miel,miel y productos apícolas,"C/La Regueta 2, Arbeiza (31241)","Productor local de Arbeiza especializado en miel y productos apícolas, con venta directa o de proximidad en Navarra.",Consultar venta directa,686373241,erlandere@hotmail.com,,,,https://www.google.com/maps/search/?api=1&query=Erlandere&query_place_id=ChIJT3KnCTpxUA0RydZUAW48pYY,42.6766702,-2.0620387,/productores/navarra/navarra/erlandere-ezti-ekologikoak-mieles-ecologicas-arbeiza.jpg,pendiente,no comprobado
ekollaondo-goldaratz,Ekollaondo,Goldaratz,Lácteos y quesos,"queso y lácteos, carne y embutidos, huevos","Casa Guillenea, 12, Goldaratz (31869)","Productor local de Goldaratz especializado en queso y lácteos, carne y embutidos, huevos, con venta directa o de proximidad en Navarra.",Consultar venta directa,646093998,ollaondo@gmail.com,,,,https://www.google.com/maps/search/?api=1&query=Casa+Guillenea%2C+12%2C+Goldaratz+%2831869%29&query_place_id=ChIJZ_truJ5YUA0RACu1omeMAQo,42.9498418,-1.8342244,/productores/navarra/navarra/ekollaondo-goldaratz.jpg,pendiente,no comprobado
lorez-lore-berriozar,Lorez Lore,Berriozar,Miel,miel y productos apícolas,"C/Askatasuna, 45, Berriozar (31013)","Productor local de Berriozar especializado en miel y productos apícolas, con venta directa o de proximidad en Navarra.","Consultar venta directa, envíos, venta online",675184734,info@lorezlore.com,https://www.lorezlore.com,,,https://www.google.com/maps/search/?api=1&query=Lorez+Lore&query_place_id=ChIJ-Wy_xX6TUA0RzVRrZGfOqcQ,42.7886775,-1.6247642,/productores/navarra/navarra/lorez-lore-berriozar.jpg,pendiente,no comprobado
queseria-marengo-gaztandegia-isaba,Quesería Marengo Gaztandegia,Isaba,Lácteos y quesos,queso y lácteos,"Carretera de Francia, KM 42, Isaba (31417)","Productor local de Isaba especializado en queso y lácteos, con venta directa o de proximidad en Navarra.","Consultar venta directa, visitas",659338413,queseriamarengo@gmail.com,https://www.queseriamarengo.com,,https://www.instagram.com/queseria.marengo/,https://www.google.com/maps/search/?api=1&query=Queser%C3%ADa+Marengo&query_place_id=ChIJD4ARfuoVVw0R1TG8wAt4L30,42.9214245,-0.8698872,/productores/navarra/navarra/queseria-marengo-gaztandegia-isaba.jpg,pendiente,no comprobado
lorentxoina-orbaizetako-ola-fabrica-de-orbaizeta,Lorentxoina,Orbaizetako Ola / Fábrica de Orbaizeta,Lácteos y quesos,queso y lácteos,"Casa Lorentxo, Orbaizetako Ola / Fábrica de Orbaizeta (31670)","Productor local de Orbaizetako Ola / Fábrica de Orbaizeta especializado en queso y lácteos, con venta directa o de proximidad en Navarra.",Consultar venta directa,948766084,patxizabalza@hotmail.com,,,https://www.instagram.com/urkuluetxea/?hl=es,https://www.google.com/maps/search/?api=1&query=Queser%C3%ADa+Lorentxoina&query_place_id=ChIJZfAQwl7NUA0RW_E8owXNZvo,43.0094903,-1.22734,/productores/navarra/navarra/lorentxoina-orbaizetako-ola-fabrica-de-orbaizeta.jpg,pendiente,no comprobado
pirineki-aurizberri-espinal,Pirineki,Aurizberri / Espinal,Lácteos y quesos,queso y lácteos,"C/San Bartolomé, 74, Aurizberri / Espinal (31694)","Productor local de Aurizberri / Espinal especializado en queso y lácteos, con venta directa o de proximidad en Navarra.","Consultar venta directa, visitas",621243972,buruzenaesnea@gmail.com,https://www.pirineki.eus,,https://www.instagram.com/pirineki/?hl=es,https://www.google.com/maps/search/?api=1&query=Pirineki+esnekiak&query_place_id=ChIJd-7FYN7FUA0RhpfzpSGOvLU,42.9792917,-1.3703887,/productores/navarra/navarra/pirineki-aurizberri-espinal.jpg,pendiente,no comprobado
daniel-ausejo-iturralde-falces,Daniel Ausejo Iturralde,Falces,Fruta y verdura,fruta y hortalizas de temporada,"C/ Jesús Elorz, 3, Falces (31370)","Productor local de Falces especializado en fruta y hortalizas de temporada, con venta directa o de proximidad en Navarra.","Consultar venta directa, envíos",606666632,danielyarantxa@hotmail.es,,,,https://www.google.com/maps/search/?api=1&query=C%2F+Jes%C3%BAs+Elorz%2C+3%2C+Falces+%2831370%29&query_place_id=ChIJF15H7ih9Wg0RG_0KNGibeV4,42.388036,-1.7959336,/productores/navarra/navarra/daniel-ausejo-iturralde-falces.jpg,pendiente,no comprobado
julian-azcona-ezcurra-puente-la-reina-gares,Julian Azcona Ezcurra,Puente la Reina / Gares,Fruta y verdura,"fruta y hortalizas de temporada, legumbres y cereales","C/ Don Rodrigo, 54, Puente la Reina / Gares (31100)","Productor local de Puente la Reina / Gares especializado en fruta y hortalizas de temporada, legumbres y cereales, con venta directa o de proximidad en Navarra.","Consultar venta directa, envíos",659051776,julenazkona@hotmail.com,,,,https://www.google.com/maps/search/?api=1&query=C%2F+Don+Rodrigo%2C+54%2C+Puente+la+Reina+%2F+Gares+%2831100%29&query_place_id=ChIJTXK7EpWHUA0R9ofn71VXnWg,42.6723037,-1.8135943,/productores/navarra/navarra/julian-azcona-ezcurra-puente-la-reina-gares.jpg,pendiente,no comprobado
insalas-sc-juanbeltz-beruete,Insalas Sc-juanbeltz,Beruete,Lácteos y quesos,queso y lácteos,"C/San Juan, s/n, Beruete (31866)","Productor local de Beruete especializado en queso y lácteos, con venta directa o de proximidad en Navarra.","Consultar venta directa, envíos, venta online",680224841 / 948503087,juanbeltz@hotmail.com,http://www.quesojuanbeltz.com/es/,,https://www.instagram.com/quesojuanbeltz/,https://www.google.com/maps/search/?api=1&query=C%2FSan+Juan%2C+s%2Fn%2C+Beruete+%2831866%29&query_place_id=Ei1DYWxsZSBTYW4gSnVhbiwgMzE4NjYgQmVydWV0ZSwgTmF2YXJyYSwgU3BhaW4iLiosChQKEgnHw7Kbc_hQDREJRoOI7yGP-hIUChIJKzW-nXP4UA0RgDm1omeMAQo,43.0274942,-1.8260935,/productores/navarra/navarra/insalas-sc-juanbeltz-beruete.jpg,pendiente,no comprobado
albi-gaztak-arruazu,Albi Gaztak,Arruazu,Lácteos y quesos,"queso y lácteos, carne y embutidos","Kaletxiki, 14, Arruazu (31840)","Productor local de Arruazu especializado en queso y lácteos, carne y embutidos, con venta directa o de proximidad en Navarra.","Consultar venta directa, envíos, visitas",630631882,info@albigaztak.com,https://www.albigaztak.com,,,https://www.google.com/maps/search/?api=1&query=Albi+Gaztak+-+Quesos+Albi&query_place_id=ChIJAberTlhDUA0RLFi2vacyjI8,42.9266552,-1.9990382,/productores/navarra/navarra/albi-gaztak-arruazu.jpg,pendiente,no comprobado
miguel-erroz-perez-biga-ternera-de-ulzama-eltzaburu,Miguel Erroz Perez - Biga Ternera de Ulzama,Eltzaburu,Charcutería,carne y embutidos,"C/San Marcelo, 44 bis, Eltzaburu (31797)","Productor local de Eltzaburu especializado en carne y embutidos, con venta directa o de proximidad en Navarra.","Consultar envíos, visitas",629475121,mikel@bigaulzama.es,http://www.bigaulzama.es/,,,https://www.google.com/maps/search/?api=1&query=C%2FSan+Marcelo%2C+44+bis%2C+Eltzaburu+%2831797%29&query_place_id=ChIJ50coz376UA0RbaDv2iVEeaU,43.0099404,-1.7193846,/productores/navarra/navarra/miguel-erroz-perez-biga-ternera-de-ulzama-eltzaburu.jpg,pendiente,no comprobado
malloak-gaztak-gaintza,Malloak Gaztak,Gaintza,Lácteos y quesos,queso y lácteos,"Granja Martikoenea, Gaintza (31891)","Productor local de Gaintza especializado en queso y lácteos, con venta directa o de proximidad en Navarra.",Consultar venta directa,649472057,jabisaralegi@hotmail.com,http://www.malloak.com,https://www.facebook.com/malloak.gaztak,,https://www.google.com/maps/search/?api=1&query=Granja+Martikoenea%2C+Gaintza+%2831891%29&query_place_id=ChIJo92LC5VPUA0RXRX9AGZFGHU,43.0209269,-2.0096575,/productores/navarra/navarra/malloak-gaztak-gaintza.jpg,pendiente,no comprobado
queso-valle-las-amescoas-perez-de-albeniz-ruiz-gustavo-y-marta-aranarache-aranaratxe,Queso Valle las Améscoas - Perez de Albéniz Ruiz Gustavo y Marta,Aranarache / Aranaratxe,Lácteos y quesos,queso y lácteos,"C/San Miguel, 22, Aranarache / Aranaratxe (31271)","Productor local de Aranarache / Aranaratxe especializado en queso y lácteos, con venta directa o de proximidad en Navarra.","Consultar venta directa, envíos",600642536,perezdealbenizruiz@gmail.com,,,,https://www.google.com/maps/search/?api=1&query=Valle+las+Amescoas&query_place_id=ChIJpY4gE60XUA0R7D3MbzI0Y9E,42.7803061,-2.2288063,/productores/navarra/navarra/queso-valle-las-amescoas-perez-de-albeniz-ruiz-gustavo-y-marta-aranarache-aranaratxe.jpg,pendiente,no comprobado
alduntzingo-eztia-bera,Alduntzingo Eztia,Bera,Miel,miel y productos apícolas,"C/Bidasoa, 47 - 3º D, Bera (31780)","Productor local de Bera especializado en miel y productos apícolas, con venta directa o de proximidad en Navarra.",Consultar venta directa,680677990,imikelarena@gmail.com,,,,https://www.google.com/maps/search/?api=1&query=C%2FBidasoa%2C+47+-+3%C2%BA+D%2C+Bera+%2831780%29&query_place_id=EjZCaWRhc29hIEthcnJpa2EsIDQ3LCAzwrogZCwgMzE3ODAgQmVyYSwgTmF2YXJyYSwgU3BhaW4iIRofChYKFAoSCfHZA6HZBFENERRSZ7-Sdb_gEgUzwrogZA,43.2749753,-1.6880283,/productores/navarra/navarra/alduntzingo-eztia-bera.jpg,pendiente,no comprobado
bikain-etxarri-larraun,Bikain,Etxarri- Larraun,Lácteos y quesos,queso y lácteos,"CALLE Santa Cruz, 15 - Casa Ongi Etorri BASERRIA-, Etxarri- Larraun (31878)","Productor local de Etxarri- Larraun especializado en queso y lácteos, con venta directa o de proximidad en Navarra.","Consultar venta directa, visitas",948504117 / 608875729,quesosbikain@gmail.com,http://www.quesosbikain.net/,https://www.facebook.com/casa.etorri,,https://www.google.com/maps/search/?api=1&query=Bikain+ardi+gaztak&query_place_id=ChIJqeF933tXUA0RdrNuEyHXg0M,43.0100639,-1.877846,/productores/navarra/navarra/bikain-etxarri-larraun.jpg,pendiente,no comprobado
infernuko-gasna-lekaroz,Infernuko Gasna,Lekaroz,Lácteos y quesos,queso y lácteos,"ORABIDEA AUZOA KM 18-19 KORTARIKO BORDA, Lekaroz (31795)","Productor local de Lekaroz especializado en queso y lácteos, con venta directa o de proximidad en Navarra.","Consultar venta directa, envíos, visitas",948580427,kortarikogasnak@gamil.com,https://www.kortarikoborda.eus/es/inicio/,,https://www.instagram.com/kortariko.borda/,https://www.google.com/maps/search/?api=1&query=ORABIDEA+AUZOA+KM+18-19+KORTARIKO+BORDA%2C+Lekaroz+%2831795%29&query_place_id=ChIJIyaibB0fUQ0RsMvEfFNYlvo,43.2144302,-1.5583922,/productores/navarra/navarra/infernuko-gasna-lekaroz.jpg,pendiente,no comprobado
la-casa-arriba-legaria,la Casa Arriba,Legaria,Fruta y verdura,"fruta y hortalizas de temporada, legumbres y cereales, conservas vegetales","BArrio San Martin Nº2, Legaria (31281)","Productor local de Legaria especializado en fruta y hortalizas de temporada, legumbres y cereales, conservas vegetales, con venta directa o de proximidad en Navarra.",Consultar venta directa,620485463,contacto@lacasaarriba.com,https://lacasaarriba.com/,,,https://www.google.com/maps/search/?api=1&query=La+Casa+Arriba&query_place_id=ChIJYwXFoJMNUA0RaRif8qt9rUM,42.6479083,-2.1735027,/productores/navarra/navarra/la-casa-arriba-legaria.jpg,pendiente,no comprobado
ternera-ecologica-de-petilla-sanguesa-zangoza,Ternera Ecológica de Petilla,Sangüesa / Zangoza,Charcutería,carne y embutidos,"C/ Rocamador,39, Sangüesa / Zangoza (31400)","Productor local de Sangüesa / Zangoza especializado en carne y embutidos, con venta directa o de proximidad en Navarra.","Consultar venta directa, envíos",649639960,elonsellabajaturbio@gmail.com,,,,https://www.google.com/maps/search/?api=1&query=C%2F+Rocamador%2C39%2C+Sang%C3%BCesa+%2F+Zangoza+%2831400%29&query_place_id=Ei9DLiBSb2NhbWFkb3IsIDM5LCAzMTIwMCBFc3RlbGxhLCBOYXZhcnJhLCBTcGFpbiIwEi4KFAoSCdH2Ehq0cVANEVhrE1JfGWv2ECcqFAoSCRfiWjm0cVANEelJ5Q-uq21p,42.6657434,-2.0312255,/productores/navarra/navarra/ternera-ecologica-de-petilla-sanguesa-zangoza.jpg,pendiente,no comprobado
otxunea-gaztak-lesaka,Otxunea Gaztak,Lesaka,Lácteos y quesos,queso y lácteos,"Zala Auzoa, Otxunea Baserria, Lesaka (31770)","Productor local de Lesaka especializado en queso y lácteos, con venta directa o de proximidad en Navarra.",Consultar venta directa,628117132,otxuneagazta@gmail.com,,,,https://www.google.com/maps/search/?api=1&query=Otxunea+gaztak&query_place_id=ChIJBfWETuwFUQ0RRYMHbczootQ,43.2619564,-1.7409753,/productores/navarra/navarra/otxunea-gaztak-lesaka.jpg,pendiente,no comprobado
meliber-burlada-burlata,Meliber,Burlada / Burlata,Miel,miel y productos apícolas,"C/DUBLIN, 4, 7B, Burlada / Burlata (31600)","Productor local de Burlada / Burlata especializado en miel y productos apícolas, con venta directa o de proximidad en Navarra.","Consultar venta directa, envíos, venta online, visitas",676179327,mielmeliber@gmail.com,http://www.meliber.es/,,https://www.instagram.com/meliber_miel/,https://www.google.com/maps/search/?api=1&query=MELIBER&query_place_id=ChIJfeXZdIGTUA0RK-QLp1Csa-4,42.8289187,-1.6030817,/productores/navarra/navarra/meliber-burlada-burlata.jpg,pendiente,no comprobado
uhaldeko-gartzain,Uhaldeko,Gartzain,Lácteos y quesos,"queso y lácteos, carne y embutidos","Uhalde Etxea, Ariztegi, Gartzain (31700)","Productor local de Gartzain especializado en queso y lácteos, carne y embutidos, con venta directa o de proximidad en Navarra.","Consultar venta directa, envíos",618960973,iturriria11@gmail.com,https://www.uhaldeko.eus,,https://www.instagram.com/uhald.ekobaserria/?hl=es,https://www.google.com/maps/search/?api=1&query=Uhaldeko+Borda+Landetxea&query_place_id=ChIJW4tKyftXUA0Rr--HzkZ6nh4,43.01054389999999,-1.8387721,/productores/navarra/navarra/uhaldeko-gartzain.jpg,pendiente,no comprobado
aztal-gazta-ochagavia-otsagabia,Aztal Gazta,Ochagavía / Otsagabia,Lácteos y quesos,queso y lácteos,"c/urrutia nº9, Ochagavía / Otsagabia (31680)","Productor local de Ochagavía / Otsagabia especializado en queso y lácteos, con venta directa o de proximidad en Navarra.","Consultar venta directa, envíos",618839637,aztalgazta@gmail.com,,https://www.facebook.com/100074890012478/photos/,,https://www.google.com/maps/search/?api=1&query=c%2Furrutia+n%C2%BA9%2C+Ochagav%C3%ADa+%2F+Otsagabia+%2831680%29&query_place_id=ChIJS_HeLQA3Vw0R8xxW5airTpA,42.9049086,-1.0903457,/productores/navarra/navarra/aztal-gazta-ochagavia-otsagabia.jpg,pendiente,no comprobado
harri-herri-nekazaritza-uharte-arakil,Harri Herri Nekazaritza,Uharte Arakil,Fruta y verdura,"fruta y hortalizas de temporada, huevos","MUZTILLANO 184, AMURGIN AUZOA, Uharte Arakil (31840)","Productor local de Uharte Arakil especializado en fruta y hortalizas de temporada, huevos, con venta directa o de proximidad en Navarra.","Consultar venta directa, envíos",688696847 / 688680012,harriherrinekazaritza@gmail.com,,,https://www.instagram.com/harri.herri.nekazaritza/profilecard/?igsh=MWFvcXllc3lpbmllZA==,https://www.google.com/maps/search/?api=1&query=Harri+Herri+Nekazaritza&query_place_id=ChIJe-u51bZbUA0RGfMPaDckyIw,42.9295075,-1.9745025,/productores/navarra/navarra/harri-herri-nekazaritza-uharte-arakil.jpg,pendiente,no comprobado
casa-amezqueta-izu,Casa Amézqueta,Izu,Condimentos,"condimentos, legumbres y cereales","C/San Donato, nº12, Izu (31173)","Productor local de Izu especializado en condimentos, legumbres y cereales, con venta directa o de proximidad en Navarra.","Consultar venta directa, envíos",609472429,joagarayoa@gmail.com,https://casaamezqueta.com/,,,https://www.google.com/maps/search/?api=1&query=C%2FSan+Donato%2C+n%C2%BA12%2C+Izu+%2831173%29&query_place_id=ChIJCZCg-R6LUA0RA7QQBl4oIJw,42.8274528,-1.790226,/productores/navarra/navarra/casa-amezqueta-izu.jpg,pendiente,no comprobado
queso-lizarraga-lizarraga,Queso Lizarraga,Lizarraga,Lácteos y quesos,queso y lácteos,"Txilibistonekua etxea, C/San Miguel, nº1, Lizarraga (31829)","Productor local de Lizarraga especializado en queso y lácteos, con venta directa o de proximidad en Navarra.",Consultar venta directa,634627463 / 948460397,konta@artzai-gazta.eus,,,,https://www.google.com/maps/search/?api=1&query=Txilibistonekua+etxea%2C+C%2FSan+Miguel%2C+n%C2%BA1%2C+Lizarraga+%2831829%29&query_place_id=ChIJ6ZB-u1pCUA0RgmisxwuQSvU,42.8741482,-2.0362605,/productores/navarra/navarra/queso-lizarraga-lizarraga.jpg,pendiente,no comprobado
david-azcona-zabalza-ancin-antzin,David Azcona Zabalza,Ancín / Antzin,Fruta y verdura,fruta y hortalizas de temporada,"Carretera Vitoria 61, Ancín / Antzin (31281)","Productor local de Ancín / Antzin especializado en fruta y hortalizas de temporada, con venta directa o de proximidad en Navarra.",Consultar venta directa,620954079,damendi@hotmail.com,,,,https://www.google.com/maps/search/?api=1&query=Carretera+Vitoria+61%2C+Anc%C3%ADn+%2F+Antzin+%2831281%29&query_place_id=Ej9BbnRpZ3VhIENhcnJldGVyYSBhIFZpdG9yaWEsIDYxLCAzMTgzMCBMYWt1bnR6YSwgTmF2YXJyYSwgU3BhaW4iMBIuChQKEgkrsWlCgUNQDRHaynR5losHDhA9KhQKEgnlrbBRgUNQDRFIz8X2NOrmKg,42.919724,-2.0310775,/productores/navarra/navarra/david-azcona-zabalza-ancin-antzin.jpg,pendiente,no comprobado
aceite-el-zaborreau-beire,Aceite el Zaborreau,Beire,Aceite,aceite,"C/Mayor, nº 13, Beire (31393)","Productor local de Beire especializado en aceite, con venta directa o de proximidad en Navarra.","Consultar venta directa, envíos",670425659,aitorbeire@hotmail.com,,,,https://www.google.com/maps/search/?api=1&query=C%2FMayor%2C+n%C2%BA+13%2C+Beire+%2831393%29&query_place_id=ChIJLbPyYDZxWg0Ryy8ynBKdmKk,42.4550362,-1.6200384,/productores/navarra/navarra/aceite-el-zaborreau-beire.jpg,pendiente,no comprobado
indakoa-baserria-arraioz,Indakoa Baserria,Arraioz,Charcutería,carne y embutidos,"INDAKOA BASERRIA S/N, Arraioz (31794)","Productor local de Arraioz especializado en carne y embutidos, con venta directa o de proximidad en Navarra.","Consultar venta directa, envíos",676248678 / 680464661,indakoaarraioz@gmail.com,https://www.indakoa.com,https://www.facebook.com/indakoabaserria/,https://www.instagram.com/indakoa_baserria/,https://www.google.com/maps/search/?api=1&query=Indakoa+Baserria+-+Venta+de+carne+de+cordero+lechal+en+Arraioz%2C+Bazt%C3%A1n+-+Carne+lechal+de+caser%C3%ADo&query_place_id=ChIJtYWLl93hUA0RjkCbejmH_eU,43.1511132,-1.5790029,/productores/navarra/navarra/indakoa-baserria-arraioz.jpg,pendiente,no comprobado
bordaxaki-ochagavia-otsagabia,Bordaxaki,Ochagavía / Otsagabia,Charcutería,carne y embutidos,"POLIGONO MANTXOLANDA Z/G, Ochagavía / Otsagabia (31680)","Productor local de Ochagavía / Otsagabia especializado en carne y embutidos, con venta directa o de proximidad en Navarra.",Consultar condiciones,615060237 / 682688059,bordaxaki@gmail.com,https://www.bordaxaki.eus/,,,https://www.google.com/maps/search/?api=1&query=Bordaxaki&query_place_id=ChIJVcEAE2w3Vw0RBVARA4mEuYA,42.9059782,-1.0876962,/productores/navarra/navarra/bordaxaki-ochagavia-otsagabia.jpg,pendiente,no comprobado
senorena-senosiain-ochotorena-xabier-iturgoyen,Senorena - Senosiain Ochotorena Xabier,Iturgoyen,Lácteos y quesos,queso y lácteos,"CL SAN ANTON 23, Iturgoyen (31176)","Productor local de Iturgoyen especializado en queso y lácteos, con venta directa o de proximidad en Navarra.","Consultar venta directa, envíos",608741112,iturseno90@gmail.com,,,https://www.instagram.com/senorena_iturgoien/?hl=es,https://www.google.com/maps/search/?api=1&query=Senosi%C3%A1in&query_place_id=ChIJQWxikclfUA0RgGWsTW8H__Y,42.8663815,-1.8636551,/productores/navarra/navarra/senorena-senosiain-ochotorena-xabier-iturgoyen.jpg,pendiente,no comprobado
auritz-guridi-loidi-dorrao-torrano,Auritz Guridi Loidi,Dorrao / Torrano,Charcutería,carne y embutidos,"CALLE DISEMINADO S/N, Dorrao / Torrano (31829)","Productor local de Dorrao / Torrano especializado en carne y embutidos, con venta directa o de proximidad en Navarra.","Consultar venta directa, envíos",695736761,auritzguridi@gmail.com,,,,https://www.google.com/maps/search/?api=1&query=CALLE+DISEMINADO+S%2FN%2C+Dorrao+%2F+Torrano+%2831829%29&query_place_id=ChIJVdF3gGKcUA0Rd2Eyl6xAs44,42.8779107,-2.0131091,/productores/navarra/navarra/auritz-guridi-loidi-dorrao-torrano.jpg,pendiente,no comprobado
idoia-resano-igoa-dorrao-torrano,Idoia Resano Igoa,Dorrao / Torrano,Charcutería,carne y embutidos,"CALLE DISEMINADO S/N, Dorrao / Torrano (31829)","Productor local de Dorrao / Torrano especializado en carne y embutidos, con venta directa o de proximidad en Navarra.","Consultar venta directa, envíos",658178128,idoiaxenda@gmail.com,,,,https://www.google.com/maps/search/?api=1&query=CALLE+DISEMINADO+S%2FN%2C+Dorrao+%2F+Torrano+%2831829%29&query_place_id=ChIJVdF3gGKcUA0Rd2Eyl6xAs44,42.8779107,-2.0131091,/productores/navarra/navarra/idoia-resano-igoa-dorrao-torrano.jpg,pendiente,no comprobado
aralarko-lakuntza,Aralarko,Lakuntza,Charcutería,carne y embutidos,"CALLE ABARRATEGUI 45, Lakuntza (31830)","Productor local de Lakuntza especializado en carne y embutidos, con venta directa o de proximidad en Navarra.","Consultar venta directa, envíos",606974593,ventaterneranavarra@gmail.com,http://WWW.ARALARKO.COM,,https://www.instagram.com/ricardoaralarko/,https://www.google.com/maps/search/?api=1&query=Aralarko&query_place_id=ChIJueAMHYJEUA0RUxieGl6ej9g,42.9246264,-2.0223211,/productores/navarra/navarra/aralarko-lakuntza.jpg,pendiente,no comprobado
edurne-palacios-andres-sesma,Edurne Palacios Andres,Sesma,Frutos secos,frutos secos,"C/SAN FRANCISCO JAVIER 6 1º-B, Sesma (31293)","Productor local de Sesma especializado en frutos secos, con venta directa o de proximidad en Navarra.","Consultar venta directa, envíos",648882182,nueces@montesesma.com,https://WWW.MONTESESMA.COM,,https://www.instagram.com/nuecesmontesesma/,https://www.google.com/maps/search/?api=1&query=C%2FSAN+FRANCISCO+JAVIER+6+1%C2%BA-B%2C+Sesma+%2831293%29&query_place_id=Ej5DLiBTYW4gRnJhbmNpc2NvIEphdmllciwgNiwgMcK6IGIsIDMxMjkzIFNlc21hLCBOYXZhcnJhLCBTcGFpbiIhGh8KFgoUChIJK6agoZSeWg0RWvHjggDfuxYSBTHCuiBi,42.4778053,-2.0850671,/productores/navarra/navarra/edurne-palacios-andres-sesma.jpg,pendiente,no comprobado
miel-erlanki-bera,Miel Erlanki,Bera,Miel,miel y productos apícolas,"Zalain Auzoa 41.2exh, Bera (31780)","Productor local de Bera especializado en miel y productos apícolas, con venta directa o de proximidad en Navarra.","Consultar venta directa, visitas",680634434,hbmugitz@gmail.com,https://erlanki.eus/,,https://www.instagram.com/erlanki_bera/,https://www.google.com/maps/search/?api=1&query=Erlanki%3A+Nafarroako+ezti+ekologikoa&query_place_id=ChIJZ5h8opUFUQ0RY46GZhexmPU,43.2762852,-1.7028584,/productores/navarra/navarra/miel-erlanki-bera.jpg,pendiente,no comprobado
queseria-autxitxia-elizondo,Quesería Autxitxia,Elizondo,Lácteos y quesos,queso y lácteos,"Casa Irlintzialdea, barrio Berro, Elizondo (31700)","Productor local de Elizondo especializado en queso y lácteos, con venta directa o de proximidad en Navarra.",Consultar condiciones,637993939,maripapartza@yahoo.es,,,,https://www.google.com/maps/search/?api=1&query=Queseria+-+Tienda+AUTXITXIA+Gasnategia+-+Denda&query_place_id=ChIJi3Sl-EnfUA0RgwutIGn4ayU,43.14551549999999,-1.5185491,/productores/navarra/navarra/queseria-autxitxia-elizondo.jpg,pendiente,no comprobado
mendiko-aibar-oibar,Mendiko,Aibar / Oibar,Aceite,aceite,"Cierzo kalea 11, Aibar / Oibar (31460)","Productor local de Aibar / Oibar especializado en aceite, con venta directa o de proximidad en Navarra.",Consultar venta directa,671031371,imanolia@hotmail.com,https://bodegamendiko.com/,,,https://www.google.com/maps/search/?api=1&query=Bodega+Mendiko+Upategia&query_place_id=ChIJaya8fpyoUA0Rx0TlTLl1iYw,42.5992278,-1.364771,/productores/navarra/navarra/mendiko-aibar-oibar.jpg,pendiente,no comprobado
bardea-etxaldea-san-isidro-del-pinar,Bardea Etxaldea,San Isidro del Pinar,Aceite,"aceite, legumbres y cereales, zumos y bebidas, fruta y hortalizas de temporada","C/ SIERRA 8, San Isidro del Pinar (31312)","Productor local de San Isidro del Pinar especializado en aceite, legumbres y cereales, zumos y bebidas, fruta y hortalizas de temporada, con venta directa o de proximidad en Navarra.","Consultar venta directa, envíos",609886592,bardeaetxaldea@gmail.com,http://www.bardeaetxaldea.eus,,,https://www.google.com/maps/search/?api=1&query=C%2F+SIERRA+8%2C+San+Isidro+del+Pinar+%2831312%29&query_place_id=ChIJD8eQpmQPWg0RL7eSjCrOnz4,42.4357783,-1.3712239,/productores/navarra/navarra/bardea-etxaldea-san-isidro-del-pinar.jpg,pendiente,no comprobado
ecologicos-aranda-falces,Ecológicos Aranda,Falces,Legumbres y cereales,"legumbres y cereales, aceite","C/Corazón de Jesus nº7., Falces (31370)","Productor local de Falces especializado en legumbres y cereales, aceite, con venta directa o de proximidad en Navarra.","Consultar venta directa, venta online, visitas",609979806,info@ecologicosaranda.com,https://www.ecologicosaranda.com,,,https://www.google.com/maps/search/?api=1&query=Ecotienda+Aranda&query_place_id=ChIJ4diI8Sh9Wg0ROErMyK53408,42.388104,-1.79578,/productores/navarra/navarra/ecologicos-aranda-falces.jpg,pendiente,no comprobado
ignacio-jesus-valencia-catalan-pamplona-iruna,Ignacio Jesús Valencia Catalán,Pamplona / Iruña,Legumbres y cereales,legumbres y cereales,"Manuel Iribarren 4-5ºdch, Pamplona / Iruña (31008)","Productor local de Pamplona / Iruña especializado en legumbres y cereales, con venta directa o de proximidad en Navarra.",Consultar condiciones,646392437,natxovalencia@gmail.com,,,,https://www.google.com/maps/search/?api=1&query=Manuel+Iribarren+4-5%C2%BAdch%2C+Pamplona+%2F+Iru%C3%B1a+%2831008%29&query_place_id=ChIJyyp2eH2SUA0ReQ6k4GVk23U,42.8122019,-1.6686844,/productores/navarra/navarra/ignacio-jesus-valencia-catalan-pamplona-iruna.jpg,pendiente,no comprobado
kibbi-donamaria,Kibbi,Donamaria,Fruta y verdura,"fruta y hortalizas de temporada, conservas vegetales, zumos y bebidas","BARRIO VENTAS 18, Donamaria (31750)","Productor local de Donamaria especializado en fruta y hortalizas de temporada, conservas vegetales, zumos y bebidas, con venta directa o de proximidad en Navarra.","Consultar venta directa, envíos",948451764,kibbisat@gmail.com,https://kibbisat.com/,https://www.facebook.com/kibbisat/,,https://www.google.com/maps/search/?api=1&query=KiBBi+SAT+701+NA&query_place_id=ChIJjTzk4nDjUA0RVBKN47tZaq0,43.12986129999999,-1.6564173,/productores/navarra/navarra/kibbi-donamaria.jpg,pendiente,no comprobado
el-puente-viejo-caparroso,el Puente Viejo,Caparroso,Fruta y verdura,fruta y hortalizas de temporada,"BLANCA DE NAVARRA, 23, Caparroso (31380)","Productor local de Caparroso especializado en fruta y hortalizas de temporada, con venta directa o de proximidad en Navarra.",Consultar envíos,686180560,comercial@elpuenteviejo.es,https://elpuenteviejo.es/,https://www.facebook.com/elpuenteviejocaparroso/,https://www.instagram.com/elpuenteviejocaparroso/,https://www.google.com/maps/search/?api=1&query=El+Puente+Viejo+%7C+Cestas+Ecol%C3%B3gicas+de+Verdura+y+Fruta+Online&query_place_id=ChIJiU2CNY9vWg0RKb_vY-GmTqo,42.3342534,-1.6559663,/productores/navarra/navarra/el-puente-viejo-caparroso.jpg,pendiente,no comprobado
s-c-iriarte-equisoain-hnos-ripodas,S.C. Iriarte Equisoain Hnos.,Rípodas,Legumbres y cereales,legumbres y cereales,"C/ Areta 16, Rípodas (31448)","Productor local de Rípodas especializado en legumbres y cereales, con venta directa o de proximidad en Navarra.",Consultar venta directa,676713900,franky12318@gmail.com,,,,https://www.google.com/maps/search/?api=1&query=C%2F+Areta+16%2C+R%C3%ADpodas+%2831448%29&query_place_id=ChIJ_0e6bhauUA0RoFNsOs6Ki6U,42.6864072,-1.3067223,/productores/navarra/navarra/s-c-iriarte-equisoain-hnos-ripodas.jpg,pendiente,no comprobado
antonio-aldaz-de-echavacoiz-valerio-allo,Antonio Aldaz de Echavacoiz Valerio,Allo,Fruta y verdura,"fruta y hortalizas de temporada, aceite","Plaza del Ateneo Cultural, 3, Allo (31262)","Productor local de Allo especializado en fruta y hortalizas de temporada, aceite, con venta directa o de proximidad en Navarra.","Consultar venta directa, envíos",672150084,araev52@gmail.com,https://allotarra.eu/,https://www.facebook.com/people/Allotarra/61573825779119/,https://www.instagram.com/asociacionallotarra/,https://www.google.com/maps/search/?api=1&query=Plaza+del+Ateneo+Cultural%2C+3%2C+Allo+%2831262%29&query_place_id=ChIJVbLGMa93UA0Rr76MgI3NRkU,42.5671147,-2.0193223,/productores/navarra/navarra/antonio-aldaz-de-echavacoiz-valerio-allo.jpg,pendiente,no comprobado
zaldizko-aragia-izalzu-itzaltzu,Zaldizko Aragia,Izalzu / Itzaltzu,Charcutería,carne y embutidos,"c/san jose 18, Izalzu / Itzaltzu (31689)","Productor local de Izalzu / Itzaltzu especializado en carne y embutidos, con venta directa o de proximidad en Navarra.","Consultar venta directa, envíos",600488709,zaldizkoaragia@gmail.com,,,,https://www.google.com/maps/search/?api=1&query=c%2Fsan+jose+18%2C+Izalzu+%2F+Itzaltzu+%2831689%29&query_place_id=ChIJM1Y6Odw5Vw0RKVSCXs4JuEU,42.9141068,-1.0528247,/productores/navarra/navarra/zaldizko-aragia-izalzu-itzaltzu.jpg,pendiente,no comprobado
artotxiki-iguzquiza,Artotxiki,Igúzquiza,Legumbres y cereales,"legumbres y cereales, otros productos locales","c/Montico 1, Igúzquiza (31241)","Productor local de Igúzquiza especializado en legumbres y cereales, otros productos locales, con venta directa o de proximidad en Navarra.","Consultar venta directa, envíos, venta online, visitas",637273753,info@artotxiki.com,https://artotxiki.com/,,,https://www.google.com/maps/search/?api=1&query=c%2FMontico+1%2C+Ig%C3%BAzquiza+%2831241%29&query_place_id=ChIJ_3QxUMpzUA0RBjF3BuHSqxw,42.6465165,-2.08552,/productores/navarra/navarra/artotxiki-iguzquiza.jpg,pendiente,no comprobado
carlos-jose-bueno-reca-hiriberri-villanueva-de-aezkoa,Carlos Jose Bueno Reca,Hiriberri / Villanueva de Aezkoa,Fruta y verdura,fruta y hortalizas de temporada,"Xalbador Deuna, 47, Hiriberri / Villanueva de Aezkoa (31671)","Productor local de Hiriberri / Villanueva de Aezkoa especializado en fruta y hortalizas de temporada, con venta directa o de proximidad en Navarra.",Consultar envíos,697961151,pettuberro7@gmail.com,,,,https://www.google.com/maps/search/?api=1&query=Xalbador+Deuna%2C+47%2C+Hiriberri+%2F+Villanueva+de+Aezkoa+%2831671%29&query_place_id=ChIJO935aL3MUA0RN7MsVnXTEZc,42.94605809999999,-1.2301597,/productores/navarra/navarra/carlos-jose-bueno-reca-hiriberri-villanueva-de-aezkoa.jpg,pendiente,no comprobado
patatas-la-torca-genevilla,Patatas la Torca,Genevilla,Fruta y verdura,fruta y hortalizas de temporada,"CTRA. LAZAGURRIA Nº 5, Genevilla (31227)","Productor local de Genevilla especializado en fruta y hortalizas de temporada, con venta directa o de proximidad en Navarra.","Consultar venta directa, envíos",620517091,juanjo@patataslatorca.com,https://www.patataslatorca.com/,https://www.facebook.com/patataslatorca,https://www.instagram.com/patataslatorca/,https://www.google.com/maps/search/?api=1&query=Patatas+La+Torca&query_place_id=ChIJraA9-eEDUA0RKtVrTeAzaXw,42.6440218,-2.3893791,/productores/navarra/navarra/patatas-la-torca-genevilla.jpg,pendiente,no comprobado
manzanas-kisua-amaiur-maya,Manzanas Kisua,Amaiur / Maya,Fruta y verdura,"fruta y hortalizas de temporada, conservas vegetales, zumos y bebidas","Finca Kisua, s/n, Amaiur / Maya (31700)","Productor local de Amaiur / Maya especializado en fruta y hortalizas de temporada, conservas vegetales, zumos y bebidas, con venta directa o de proximidad en Navarra.",Consultar venta directa,650663006,manzanas@manzanaskisua.com,https://www.manzanaskisua.com/,https://www.facebook.com/manzanasKISUA/,https://www.instagram.com/manzanaskisua/,https://www.google.com/maps/search/?api=1&query=Manzanas+Kisua&query_place_id=ChIJwdEL8FQhUQ0RvJZl2kZ4GJ4,43.1962209,-1.4767987,/productores/navarra/navarra/manzanas-kisua-amaiur-maya.jpg,pendiente,no comprobado
bodegas-lezaun-lacar-lakar,Bodegas Lezaun,Lácar / Lakar,Bebidas,zumos y bebidas,"C/ EGIARTE 1, Lácar / Lakar (31292)","Productor local de Lácar / Lakar especializado en zumos y bebidas, con venta directa o de proximidad en Navarra.","Consultar venta directa, envíos, visitas",948541339,info@lezaun.com,https://www.lezaun.com/,,,https://www.google.com/maps/search/?api=1&query=Bodegas+Lezaun&query_place_id=ChIJPYnBIs56UA0RUxDd79YMIco,42.6846059,-1.9589385,/productores/navarra/navarra/bodegas-lezaun-lacar-lakar.jpg,pendiente,no comprobado
jesus-mari-rodrigo-semberoiz-navascues-nabaskoze,Jesus Mari Rodrigo Semberoiz,Navascués / Nabaskoze,Miel,miel y productos apícolas,"C/PARQUE DE BOMBEROS 3, Navascués / Nabaskoze (31450)","Productor local de Navascués / Nabaskoze especializado en miel y productos apícolas, con venta directa o de proximidad en Navarra.",Consultar envíos,601426311,jesusmarirodrigo@hotmail.com,,,,https://www.google.com/maps/search/?api=1&query=C%2FPARQUE+DE+BOMBEROS+3%2C+Navascu%C3%A9s+%2F+Nabaskoze+%2831450%29&query_place_id=ChIJCWcAcD5OVw0RKIdLMySL4I0,42.7185661,-1.1160427,/productores/navarra/navarra/jesus-mari-rodrigo-semberoiz-navascues-nabaskoze.jpg,pendiente,no comprobado
maria-carmen-reca-lorea-hiriberri-villanueva-de-aezkoa,Maria Carmen Reca Lorea,HIRIBERRI / VILLANUEVA DE AEZKOA,Fruta y verdura,fruta y hortalizas de temporada,"SAN SALVADOR 60, HIRIBERRI / VILLANUEVA DE AEZKOA (31671)","Productor local de HIRIBERRI / VILLANUEVA DE AEZKOA especializado en fruta y hortalizas de temporada, con venta directa o de proximidad en Navarra.","Consultar venta directa, envíos",616297562,josejoaqinreca@gmail.com,,,,https://www.google.com/maps/search/?api=1&query=SAN+SALVADOR+60%2C+HIRIBERRI+%2F+VILLANUEVA+DE+AEZKOA+%2831671%29&query_place_id=ChIJnRApNr3MUA0R-NBmmgKtmr4,42.9452604,-1.2301221,/productores/navarra/navarra/maria-carmen-reca-lorea-hiriberri-villanueva-de-aezkoa.jpg,pendiente,no comprobado
javier-apat-iriarte-orbaizeta,Javier Apat Iriarte,Orbaizeta,Fruta y verdura,fruta y hortalizas de temporada,"CL MENCICOA 20, Orbaizeta (31670)","Productor local de Orbaizeta especializado en fruta y hortalizas de temporada, con venta directa o de proximidad en Navarra.","Consultar venta directa, envíos",690061052,urgein@live.com,,,,https://www.google.com/maps/search/?api=1&query=CL+MENCICOA+20%2C+Orbaizeta+%2831670%29&query_place_id=ChIJF084aSDNUA0RPcjoW9hMeaE,42.9748432,-1.2297698,/productores/navarra/navarra/javier-apat-iriarte-orbaizeta.jpg,pendiente,no comprobado
ezti-tanta-lizoain,Ezti Tanta,Lizoain,Miel,miel y productos apícolas,"San Miguel 8, Lizoain (31482)","Productor local de Lizoain especializado en miel y productos apícolas, con venta directa o de proximidad en Navarra.","Consultar venta directa, envíos",699673221,mikel@eztitanta.com,https://tutiendademiel.es/,https://www.facebook.com/Eztitanta/,https://www.instagram.com/eztitanta/,https://www.google.com/maps/search/?api=1&query=San+Miguel+8%2C+Lizoain+%2831482%29&query_place_id=ChIJP46lg-u-UA0RIo_6BnQgGU8,42.7984186,-1.4672199,/productores/navarra/navarra/ezti-tanta-lizoain.jpg,pendiente,no comprobado
uztaldi-bio-k-s-microcooperativa-estella-lizarra,Uztaldi Bio-k s. Microcooperativa,Estella-Lizarra,Fruta y verdura,fruta y hortalizas de temporada,"María de Maeztu nº10-2º izda, Estella-Lizarra (31200)","Productor local de Estella-Lizarra especializado en fruta y hortalizas de temporada, con venta directa o de proximidad en Navarra.",Consultar venta directa,696320474,uztaldibiok@gmail.com,,,,https://www.google.com/maps/search/?api=1&query=Mar%C3%ADa+de+Maeztu+n%C2%BA10-2%C2%BA+izda%2C+Estella-Lizarra+%2831200%29&query_place_id=ChIJd15VwcdxUA0ROQeUhv2DsO0,42.6704224,-2.0384291,/productores/navarra/navarra/uztaldi-bio-k-s-microcooperativa-estella-lizarra.jpg,pendiente,no comprobado
gorritz-leitza,Gorritz,Leitza,Lácteos y quesos,queso y lácteos,"GORRITZ BASERRIA, Leitza (31880)","Productor local de Leitza especializado en queso y lácteos, con venta directa o de proximidad en Navarra.","Consultar venta directa, visitas",688738307,gorritz.baserria@gmail.com,,,,https://www.google.com/maps/search/?api=1&query=Gorritz+gaztategia-queseria&query_place_id=ChIJb8tmcXlVUA0RrNfigvzYLZg,43.0834587,-1.8839681,/productores/navarra/navarra/gorritz-leitza.jpg,pendiente,no comprobado
don-bio-cascante,Don Bio,Cascante,Fruta y verdura,fruta y hortalizas de temporada,"CARRETERA DE TUDELA,23, Cascante (31520)","Productor local de Cascante especializado en fruta y hortalizas de temporada, con venta directa o de proximidad en Navarra.",Consultar venta directa,667544291,edmar@edmarsa.com,,,https://www.instagram.com/donbio_cascante/,https://www.google.com/maps/search/?api=1&query=CARRETERA+DE+TUDELA%2C23%2C+Cascante+%2831520%29&query_place_id=EjNDYXJyLiBkZSBUdWRlbGEsIDIzLCAzMTUyMiBUdWxlYnJhcywgTmF2YXJyYSwgU3BhaW4iMBIuChQKEgnx5SZ2-E1aDRExaoy4ro2tiRAXKhQKEgn9Vdh4-E1aDRGaqH6z8HnnKw,41.9788361,-1.675976,/productores/navarra/navarra/don-bio-cascante.jpg,pendiente,no comprobado
larrezabal-eko-altsasu-alsasua,Larrezabal Eko,Altsasu / Alsasua,Lácteos y quesos,queso y lácteos,"C/ ZUNTAIPE 1, Altsasu / Alsasua (31800)","Productor local de Altsasu / Alsasua especializado en queso y lácteos, con venta directa o de proximidad en Navarra.","Consultar venta directa, envíos, venta online",607271163,larrezabal.eco@gmail.com,https://www.larrezabaleco.com,,,https://www.google.com/maps/search/?api=1&query=C%2F+ZUNTAIPE+1%2C+Altsasu+%2F+Alsasua+%2831800%29&query_place_id=ChIJU08zWSI_UA0R1WuAfL9O7QM,42.9031585,-2.1771483,/productores/navarra/navarra/larrezabal-eko-altsasu-alsasua.jpg,pendiente,no comprobado
ekosagar-oskotz,Ekosagar,Oskotz,Bebidas,zumos y bebidas,"Calle San Cristobal nº47 bajo, Oskotz (31869)","Productor local de Oskotz especializado en zumos y bebidas, con venta directa o de proximidad en Navarra.","Consultar venta directa, visitas",659787688,info@ekosagar.com,http://www.ekosagar.com,,,https://www.google.com/maps/search/?api=1&query=Calle+San+Cristobal+n%C2%BA47+bajo%2C+Oskotz+%2831869%29&query_place_id=EjJDYWxsZSBTYW4gQ3Jpc3TDs2JhbCwgMzE4NjkgT3Nrb3R6LCBOYXZhcnJhLCBTcGFpbiIuKiwKFAoSCWFl-9_l9lANEaXhwlMMc1WPEhQKEglVt1lt5vZQDRGwKrWiZ4wBCg,42.9584594,-1.7785789,/productores/navarra/navarra/ekosagar-oskotz.jpg,pendiente,no comprobado
el-capricho-de-remiro-eulate,el Capricho de Remiro,Eulate,Lácteos y quesos,queso y lácteos,"Paraje de San juan 1, Eulate (31271)","Productor local de Eulate especializado en queso y lácteos, con venta directa o de proximidad en Navarra.","Consultar venta directa, envíos",647832251,criseulate@hotmail.com,,,https://www.instagram.com/quesosremiro/,https://www.google.com/maps/search/?api=1&query=Paraje+de+San+juan+1%2C+Eulate+%2831271%29&query_place_id=ChIJ87IJNhIUUA0RNDKIenC2ITc,42.776544,-2.2086887,/productores/navarra/navarra/el-capricho-de-remiro-eulate.jpg,pendiente,no comprobado
queseria-tienda-autxitxia-elizondo,Quesería Tienda Autxitxia,Elizondo,Lácteos y quesos,"queso y lácteos, miel y productos apícolas, zumos y bebidas, carne y embutidos, aceite","C. Jaime Urrutia, 32, 31700 Elizondo, Navarra, Elizondo (31700)","Productor y establecimiento de proximidad de Elizondo especializado en queso y lácteos, miel y productos apícolas, zumos y bebidas, carne y embutidos, aceite, con venta directa o de proximidad en Navarra.",Consultar venta directa,637993939,maripapartza@yahoo.es,,https://www.facebook.com/p/Autxitxia-61561144041536/,https://www.instagram.com/autxitxiabaztan/,https://www.google.com/maps/search/?api=1&query=Queseria+-+Tienda+AUTXITXIA+Gasnategia+-+Denda&query_place_id=ChIJi3Sl-EnfUA0RgwutIGn4ayU,43.14551549999999,-1.5185491,/productores/navarra/navarra/queseria-tienda-autxitxia-elizondo.jpg,pendiente,no comprobado
queseria-aldaia-lezaun,Quesería Aldaia,Lezáun,Lácteos y quesos,queso y lácteos,"C/Aldaia, 3, Lezáun (31177)","Productor local de Lezáun especializado en queso y lácteos, con venta directa o de proximidad en Navarra.","Consultar venta directa, envíos, venta online, visitas",619077580,queseriaaldaia@gmail.com,https://queseriaaldaia.net/index.html,https://www.facebook.com/queseria.aldaia,,https://www.google.com/maps/search/?api=1&query=Queser%C3%ADa+Aldaia+gaztandegia%2C+Zaborrate&query_place_id=ChIJl3gtgqhoUA0RfQb_TKozguk,42.7772705,-1.9928576,/productores/navarra/navarra/queseria-aldaia-lezaun.jpg,pendiente,no comprobado
sustrai-gaztategia-queseria-sustrai-uharte-arakil,Sustrai Gaztategia / Quesería Sustrai,Uharte Arakil,Lácteos y quesos,queso y lácteos,"C/ Felipe Gorriti 43, Uharte Arakil (31840)","Productor local de Uharte Arakil especializado en queso y lácteos, con venta directa o de proximidad en Navarra.","Consultar venta directa, envíos, venta online",660697603,uhartemsc@gmail.com,https://www.sustrai-gaztategia.com/es/quienes-somos/,https://www.facebook.com/people/Sustrai-gaztategia/100075788985183/,https://www.instagram.com/sustrai_gaztategia/,https://www.google.com/maps/search/?api=1&query=Sustrai+gaztategia+-+queser%C3%ADa&query_place_id=ChIJHYqbBKVbUA0R1paVWG_sREQ,42.9271493,-1.9800924,/productores/navarra/navarra/sustrai-gaztategia-queseria-sustrai-uharte-arakil.jpg,pendiente,no comprobado
solandia-aribe,Solandia,Aribe,Charcutería,carne y embutidos,"C/Santa María s/n (Casa Lastape), Aribe (31671)","Productor local de Aribe especializado en carne y embutidos, con venta directa o de proximidad en Navarra.","Consultar venta directa, envíos",616948523,lourdesindaburu@gmail.com,,,,https://www.google.com/maps/search/?api=1&query=C%2FSanta+Mar%C3%ADa+s%2Fn+%28Casa+Lastape%29%2C+Aribe+%2831671%29&query_place_id=EitDLiBTdGEuIE1hcsOtYSwgMzE2NzEgQXJpYmUsIE5hdmFycmEsIFNwYWluIi4qLAoUChIJU--y23HMUA0RkRkdrtfBEYkSFAoSCfc0OTtwzFANER_sB5SgPkX0,42.9429027,-1.261628,/productores/navarra/navarra/solandia-aribe.jpg,pendiente,no comprobado
javier-campos-martinez-orkoien,Javier Campos Martínez,Orkoien,Miel,miel y productos apícolas,"C/Rafael Alberti, Orkoien (31160)","Productor local de Orkoien especializado en miel y productos apícolas, con venta directa o de proximidad en Navarra.","Consultar venta directa, envíos",669995943,javiccccampos@gmail.com,,,,https://www.google.com/maps/search/?api=1&query=C%2FRafael+Alberti%2C+Orkoien+%2831160%29&query_place_id=EjBDLiBSYWZhZWwgQWxiZXJ0aSwgMzExNjAgT3Jjb3llbiwgTmF2YXJyYSwgU3BhaW4iLiosChQKEgnR4rF-FI1QDRHaaRCCwV1ETBIUChIJ5Z8OnRqNUA0RsuJCK-OG36Y,42.8268929,-1.6983064,/productores/navarra/navarra/javier-campos-martinez-orkoien.jpg,pendiente,no comprobado
utxama-gazta-dorrao-torrano,Utxama Gazta,Dorrao / Torrano,Lácteos y quesos,queso y lácteos,"C/Bateikale 11, Dorrao / Torrano (31829)","Productor local de Dorrao / Torrano especializado en queso y lácteos, con venta directa o de proximidad en Navarra.","Consultar venta directa, envíos",689265512,felixres@hotmail.com,https://dastatu.sakana.eus/project/utxama/,,https://www.instagram.com/dastatusakana/,https://www.google.com/maps/search/?api=1&query=C%2FBateikale+11%2C+Dorrao+%2F+Torrano+%2831829%29&query_place_id=ChIJ7wReMuRCUA0RStct0o7avh0,42.8779107,-2.0131091,/productores/navarra/navarra/utxama-gazta-dorrao-torrano.jpg,pendiente,no comprobado
neregazta-zudaire,Neregazta,Zudaire,Lácteos y quesos,queso y lácteos,"c/ San Antón 113, Zudaire (31272)","Productor local de Zudaire especializado en queso y lácteos, con venta directa o de proximidad en Navarra.","Consultar venta directa, envíos, visitas",663766814,queseriahiruleze@gmail.com,https://neregazta.wordpress.com/,,https://www.instagram.com/queseria_nerea/reels/?locale=es_LA&hl=en,https://www.google.com/maps/search/?api=1&query=Neregazta&query_place_id=ChIJh4WjTwhrUA0RkZEqfYbD-IY,42.7741091,-2.1355064,/productores/navarra/navarra/neregazta-zudaire.jpg,pendiente,no comprobado
otxokain-osacain,Otxokain,Osacain,Lácteos y quesos,queso y lácteos,"C/ Osabide, nº 5, Osacain (31799)","Productor local de Osacain especializado en queso y lácteos, con venta directa o de proximidad en Navarra.","Consultar venta directa, envíos",638250173,cobopelegrin@gmail.com,https://otxokain.com/,https://www.facebook.com/otxokain/,https://www.instagram.com/queseriaotxokain/,https://www.google.com/maps/search/?api=1&query=Otxokain&query_place_id=ChIJ__9PGofrUA0Rahh_FrCzzqY,42.8980176,-1.5974432,/productores/navarra/navarra/otxokain-osacain.jpg,pendiente,no comprobado
asociacion-para-el-desarrollo-rural-zunbeltz-landa-garapenerako-elkartea-arizala-aritzala,Asociación para el Desarrollo Rural Zunbeltz Landa Garapenerako Elkartea,Arizala / Aritzala,Charcutería,"carne y embutidos, fruta y hortalizas de temporada, queso y lácteos, huevos","CALLE NUEVA Nº 22, Arizala / Aritzala (31177)","Productor local de Arizala / Aritzala especializado en carne y embutidos, fruta y hortalizas de temporada, queso y lácteos, huevos, con venta directa o de proximidad en Navarra.","Consultar venta directa, envíos, visitas",660474537,dinamiza.zunbeltz@gmail.com,https://zunbeltz.com/,,https://www.instagram.com/zunbeltz_agrario/,https://www.google.com/maps/search/?api=1&query=CALLE+NUEVA+N%C2%BA+22%2C+Arizala+%2F+Aritzala+%2831177%29&query_place_id=ChIJNZWp3pxvUA0RtfWbs5_v7M0,42.7265306,-1.9988971,/productores/navarra/navarra/asociacion-para-el-desarrollo-rural-zunbeltz-landa-garapenerako-elkartea-arizala-aritzala.jpg,pendiente,no comprobado
carniceria-san-miguel-iragui-zabaldika,Carnicería San Miguel Iragui,Zabaldika,Charcutería,carne y embutidos,"Asiturri, Zabaldika (31699)","Productor y establecimiento de proximidad de Zabaldika especializado en carne y embutidos, con venta directa o de proximidad en Navarra.","Consultar venta directa, envíos, venta online",609754775,carnicasanmiguel@hotmail.com,https://www.carniceriasanmiguel.com/,,,https://www.google.com/maps/search/?api=1&query=Asiturri%2C+Zabaldika+%2831699%29&query_place_id=ChIJW_7mMb-UUA0RfaTrnbUo4rw,42.8381976,-1.5799509,/productores/navarra/navarra/carniceria-san-miguel-iragui-zabaldika.jpg,pendiente,no comprobado
urtasun-iriarte-tcea-arbonies,Urtasun-iriarte Tcea,Arboniés,Charcutería,carne y embutidos,"C/ SAN ESTEBAN, Nº 20, Arboniés (31454)","Productor local de Arboniés especializado en carne y embutidos, con venta directa o de proximidad en Navarra.",Consultar condiciones,658944216,roniriarte@hotmail.com,,,,https://www.google.com/maps/search/?api=1&query=C%2F+SAN+ESTEBAN%2C+N%C2%BA+20%2C+Arboni%C3%A9s+%2831454%29&query_place_id=ChIJUwNNWaCtUA0RFF9WQGDFm-k,42.6791016,-1.2521868,/productores/navarra/navarra/urtasun-iriarte-tcea-arbonies.jpg,pendiente,no comprobado
poke-gaztak-etxarri-aranatz,Poke Gaztak,Etxarri Aranatz,Lácteos y quesos,queso y lácteos,"C/ Hualde 6, Etxarri Aranatz (31820)","Productor local de Etxarri Aranatz especializado en queso y lácteos, con venta directa o de proximidad en Navarra.",Consultar envíos,607423376,pokegaztak@gmail.com,,,https://www.instagram.com/pokegaztak/,https://www.google.com/maps/search/?api=1&query=C%2F+Hualde+6%2C+Etxarri+Aranatz+%2831820%29&query_place_id=ChIJxQuXGLNGUA0RoJlxYWiMARw,42.9323057,-2.0959429,/productores/navarra/navarra/poke-gaztak-etxarri-aranatz.jpg,pendiente,no comprobado
queseria-arteta-arteta-arditegia-goldaratz,Quesería Arteta / Arteta Arditegia,Goldaratz,Lácteos y quesos,queso y lácteos,"C/Mayor 11, Goldaratz (31869)","Productor local de Goldaratz especializado en queso y lácteos, con venta directa o de proximidad en Navarra.",Consultar visitas,649226085,artetarditegia@gmail.com,,https://www.facebook.com/arteta.artetaarditegia.5/?locale=eu_ES,,https://www.google.com/maps/search/?api=1&query=Arteta+Arditegia&query_place_id=ChIJGS1uVIJZUA0RXAU1Oi0yVl0,42.9528416,-1.8388377,/productores/navarra/navarra/queseria-arteta-arteta-arditegia-goldaratz.jpg,pendiente,no comprobado
gumiel-y-mendia-lodosa,Gumiel y Mendia,Lodosa,Fruta y verdura,"fruta y hortalizas de temporada, huevos, queso y lácteos, miel y productos apícolas, carne y embutidos, zumos y bebidas, legumbres y cereales, condimentos, conservas vegetales, frutos secos, aceite, otros productos locales","Poligono Los Cabezos S/N, Lodosa (31580)","Productor y establecimiento de proximidad de Lodosa especializado en fruta y hortalizas de temporada, huevos, queso y lácteos, miel y productos apícolas, carne y embutidos, zumos y bebidas, legumbres y cereales, condimentos, conservas vegetales, frutos secos, aceite, otros productos locales, con venta directa o de proximidad en Navarra.",Consultar envíos,948693043,tamara@gumendi.es,https://gumendi.es/,https://www.facebook.com/gumendi/?locale=es_ES,https://www.instagram.com/gumendi_eco/?hl=es,https://www.google.com/maps/search/?api=1&query=Poligono+Los+Cabezos+S%2FN%2C+Lodosa+%2831580%29&query_place_id=ChIJDT_JfnCZWg0RfIQCn3KV-9E,42.4227403,-2.0773029,/productores/navarra/navarra/gumiel-y-mendia-lodosa.jpg,pendiente,no comprobado
arbeltz-ihabar,Arbeltz,Ihabar,Lácteos y quesos,queso y lácteos,"CAMINO, Ihabar (31850)","Productor local de Ihabar especializado en queso y lácteos, con venta directa o de proximidad en Navarra.",Consultar condiciones,679232325,naiara_etxarri@hotmail.com,,,,https://www.google.com/maps/search/?api=1&query=Queser%C3%ADa+Arbeltz+Gaztategia&query_place_id=ChIJfQnBVgBdUA0RtzmfVc4Klr4,42.9137083,-1.9206953,/productores/navarra/navarra/arbeltz-ihabar.jpg,pendiente,no comprobado
aimar-lopez-de-goikoetxea-zufiaurre-urdiain,Aimar Lopez de Goikoetxea Zufiaurre,Urdiain,Charcutería,carne y embutidos,"C/ Elizazpi Nº 7, Urdiain (31810)","Productor local de Urdiain especializado en carne y embutidos, con venta directa o de proximidad en Navarra.",Consultar condiciones,948562157,aimarlopezdg@gmail.com,,,,https://www.google.com/maps/search/?api=1&query=C%2F+Elizazpi+N%C2%BA+7%2C+Urdiain+%2831810%29&query_place_id=ChIJD9rL7oVAUA0RC-9ZJsJ8lK0,42.8885909,-2.1361067,/productores/navarra/navarra/aimar-lopez-de-goikoetxea-zufiaurre-urdiain.jpg,pendiente,no comprobado
beriain-gazta-unanua,Beriain Gazta,Unanua,Lácteos y quesos,queso y lácteos,"Herriko plaza nº1, Unanua (31829)","Productor local de Unanua especializado en queso y lácteos, con venta directa o de proximidad en Navarra.",Consultar venta directa,948460516 / 629119743,jesusmaribalda@yahoo.es,,,,https://www.google.com/maps/search/?api=1&query=Beriain+Gaztandegia&query_place_id=ChIJx9K2vgJDUA0Rivlcti-uX_s,42.8859833,-2.0184639,/productores/navarra/navarra/beriain-gazta-unanua.jpg,pendiente,no comprobado
loregar-falces,Loregar,Falces,Fruta y verdura,fruta y hortalizas de temporada,"Castro Abajo, 14, Falces (31370)","Productor local de Falces especializado en fruta y hortalizas de temporada, con venta directa o de proximidad en Navarra.","Consultar venta directa, visitas",699461633,info@loregar.com,https://loregar.com/contacto/,,,https://www.google.com/maps/search/?api=1&query=S.A.T+loregar&query_place_id=ChIJNQdahxB9Wg0RGOUWehGLONE,42.4075555,-1.7980815,/productores/navarra/navarra/loregar-falces.jpg,pendiente,no comprobado
huevos-irulegi-idoate,Huevos Irulegi,Idoate,Huevos,"huevos, legumbres y cereales","c/Santa Águeda, 16, Idoate (31421)","Productor local de Idoate especializado en huevos, legumbres y cereales, con venta directa o de proximidad en Navarra.",Consultar venta directa,699462444,iecharteazcarate@gmail.com,,https://www.facebook.com/p/Irulegi-huevos-ecol%C3%B3gicos-del-pirineo-100057523056686/,,https://www.google.com/maps/search/?api=1&query=c%2FSanta+%C3%81gueda%2C+16%2C+Idoate+%2831421%29&query_place_id=ChIJJUO5XNa9UA0Rqcti0VjggJg,42.7741952,-1.4884438,/productores/navarra/navarra/huevos-irulegi-idoate.jpg,pendiente,no comprobado
baztango-xurie-arizkun,Baztango Xurie,Arizkun,Bebidas,zumos y bebidas,"C/ Txuputo, 24, Arizkun (31713)","Productor local de Arizkun especializado en zumos y bebidas, con venta directa o de proximidad en Navarra.","Consultar venta directa, envíos, venta online, visitas",660890007 / 616218719,info@baztangoxurie.eus,https://baztangoxurie.eus/es/,,https://www.instagram.com/baztangoxurie/,https://www.google.com/maps/search/?api=1&query=Baztango+Xurie&query_place_id=ChIJQ3Hp_ocgUQ0RYUKohzPFr44,43.1733017,-1.4822427,/productores/navarra/navarra/baztango-xurie-arizkun.jpg,pendiente,no comprobado
breska-eztia-pamplona-iruna,Breska Eztia,Pamplona / Iruña,Miel,miel y productos apícolas,"C/ Iturrama, 1, Pamplona / Iruña (31007)","Productor local de Pamplona / Iruña especializado en miel y productos apícolas, con venta directa o de proximidad en Navarra.",Consultar condiciones,617794629,asiergz@gmail.com,,,,https://www.google.com/maps/search/?api=1&query=C%2F+Iturrama%2C+1%2C+Pamplona+%2F+Iru%C3%B1a+%2831007%29&query_place_id=ChIJxUid0lqSUA0RidwVECXgWks,42.803315,-1.6487508,/productores/navarra/navarra/breska-eztia-pamplona-iruna.jpg,pendiente,no comprobado
arana-iriarte-jose-manuel-y-etayo-san-martin-jone-elixabete-arbizu,Araña Iriarte Jose Manuel y Etayo San Martin Jone Elixabete,Arbizu,Charcutería,carne y embutidos,"Akerruntza 15 2 EZK, Arbizu (31839)","Productor local de Arbizu especializado en carne y embutidos, con venta directa o de proximidad en Navarra.",Consultar condiciones,620795088,juananekogazta@hotmail.com,,,,https://www.google.com/maps/search/?api=1&query=Akerruntza+15+2+EZK%2C+Arbizu+%2831839%29&query_place_id=EjVBa2VycnVudHphIEthbGVhLCAxNSwgMiwgMzE4MzkgQXJiaXp1LCBOYXZhcnJhLCBTcGFpbiIdGhsKFgoUChIJyfd0-o9DUA0RtfzHKQSnoPcSATI,42.9144824,-2.0374941,/productores/navarra/navarra/arana-iriarte-jose-manuel-y-etayo-san-martin-jone-elixabete-arbizu.jpg,pendiente,no comprobado
iosu-amatria-bodega-amatria-vinos-y-vinedos-artajona,Iosu Amatria - Bodega Amatria Viños y Viñedos,Artajona,Bebidas,zumos y bebidas,"Calle Artadia, 3, Artajona (31140)","Productor local de Artajona especializado en zumos y bebidas, con venta directa o de proximidad en Navarra.",Consultar venta online,660159564,info@amatriabodegas.com,https://www.amatriabodegas.com/,,https://www.instagram.com/amatria_bodegas/,https://www.google.com/maps/search/?api=1&query=Amatria+vinos+y+vi%C3%B1edos&query_place_id=ChIJ9wyaB81EC0sRUmFedC3wv0I,42.5868985,-1.766818,/productores/navarra/navarra/iosu-amatria-bodega-amatria-vinos-y-vinedos-artajona.jpg,pendiente,no comprobado
vegetales-alto-ebro-milagro,Vegetales Alto Ebro,Milagro,Fruta y verdura,fruta y hortalizas de temporada,"Ctra Valtierra-San Adrián km 14,2, Milagro (31320)","Productor local de Milagro especializado en fruta y hortalizas de temporada, con venta directa o de proximidad en Navarra.",Consultar envíos,645828120,vegetalesaltoebro@gmail.com,https://vegetalesaltoebro.es/,https://www.facebook.com/people/Vegetales-Alto-Ebro/100064659439660/,https://www.instagram.com/vegetalesaltoebro/,https://www.google.com/maps/search/?api=1&query=VEGETALES+ALTO+EBRO+S.L.&query_place_id=ChIJQSVkJUBhWg0Rh8xIBjVF4zo,42.2465753,-1.788267,/productores/navarra/navarra/vegetales-alto-ebro-milagro.jpg,pendiente,no comprobado
endika-izkue-martinez-lezaun,Endika Izkue Martinez.,Lezáun,Charcutería,carne y embutidos,"CALLE ALDAIA, 8, Lezáun (31177)","Productor local de Lezáun especializado en carne y embutidos, con venta directa o de proximidad en Navarra.",Consultar envíos,638717290,endikaizkue@gmail.com,,,,https://www.google.com/maps/search/?api=1&query=CALLE+ALDAIA%2C+8%2C+Lez%C3%A1un+%2831177%29&query_place_id=ChIJ9R_YMK9oUA0RuQ_8hjTS4pg,42.77666809999999,-1.9935169,/productores/navarra/navarra/endika-izkue-martinez-lezaun.jpg,pendiente,no comprobado
fresas-de-mendigorria-mendigorria,Fresas de Mendigorria,Mendigorria,Fruta y verdura,fruta y hortalizas de temporada,"Carretera Artajona, Km. 2, Mendigorria (31150)","Productor local de Mendigorria especializado en fruta y hortalizas de temporada, con venta directa o de proximidad en Navarra.",Consultar condiciones,621144532,info@fresasdemendigorria.com,https://fresasdemendigorria.com/,https://www.facebook.com/fresasmendigorria/?locale=es_LA,https://www.instagram.com/fresasdemendigorria/,https://www.google.com/maps/search/?api=1&query=Fresas+de+Mendigorr%C3%ADa&query_place_id=ChIJa8mh3pGBUA0RUx0E5Iw8_yY,42.6120599,-1.8228056,/productores/navarra/navarra/fresas-de-mendigorria-mendigorria.jpg,pendiente,no comprobado
loitegui-zulet-titularidad-compartida-de-explotacion-agraria-olcoz,Loitegui Zulet Titularidad Compartida de Explotación Agraria,Olcoz,Aceite,aceite,"Calle San Miguel, 77, Olcoz (31398)","Productor local de Olcoz especializado en aceite, con venta directa o de proximidad en Navarra.",Consultar venta directa,649240069,mzulur@yahoo.es,,,,https://www.google.com/maps/search/?api=1&query=Calle+San+Miguel%2C+77%2C+Olcoz+%2831398%29&query_place_id=ChIJIRPx7jGFUA0RxnactWDf5NY,42.666787,-1.6817085,/productores/navarra/navarra/loitegui-zulet-titularidad-compartida-de-explotacion-agraria-olcoz.jpg,pendiente,no comprobado
jose-miguel-rodriguez-mateo-cabanillas,José Miguel Rodríguez Mateo,Cabanillas,Charcutería,carne y embutidos,"C/ CABALLEROS DE JERUSALÉN, 57, Cabanillas (31511)","Productor local de Cabanillas especializado en carne y embutidos, con venta directa o de proximidad en Navarra.",Consultar venta directa,600030834,lacarnica@ceatnavarra.es,,https://www.facebook.com/lacarnica.lacarnica/?locale=es_ES,https://www.instagram.com/lacarnica_cabanillas/,https://www.google.com/maps/search/?api=1&query=C%2F+CABALLEROS+DE+JERUSAL%C3%89N%2C+57%2C+Cabanillas+%2831511%29&query_place_id=ChIJ78rxCyxIWg0Ra0nKRXshX8g,42.0325055,-1.5259844,/productores/navarra/navarra/jose-miguel-rodriguez-mateo-cabanillas.jpg,pendiente,no comprobado
javier-landa-diaz-marcilla,Javier Landa Díaz.,Marcilla,Fruta y verdura,fruta y hortalizas de temporada,"EL FERIAL, 7, Marcilla (31340)","Productor local de Marcilla especializado en fruta y hortalizas de temporada, con venta directa o de proximidad en Navarra.","Consultar venta directa, envíos",689166099,jlanda@landeliz.com,,,,https://www.google.com/maps/search/?api=1&query=EL+FERIAL%2C+7%2C+Marcilla+%2831340%29&query_place_id=ChIJKaIu0WtkWg0RQ_RQKWn7qr8,42.3262663,-1.7373245,/productores/navarra/navarra/javier-landa-diaz-marcilla.jpg,pendiente,no comprobado
jaime-salvador-alegria-pascual-abaigar,Jaime Salvador Alegria Pascual,Abaigar,Legumbres y cereales,"legumbres y cereales, fruta y hortalizas de temporada","C/Monjardín, 4, Abaigar (31280)","Productor local de Abaigar especializado en legumbres y cereales, fruta y hortalizas de temporada, con venta directa o de proximidad en Navarra.",Consultar venta directa,671607348,jaimealegriapascual@gmail.com,,,,https://www.google.com/maps/search/?api=1&query=C%2FMonjard%C3%ADn%2C+4%2C+Abaigar+%2831280%29&query_place_id=ChIJ0ylADipzUA0RgCzobHJiBoQ,42.6480269,-2.1409539,/productores/navarra/navarra/jaime-salvador-alegria-pascual-abaigar.jpg,pendiente,no comprobado
jose-antonio-echeverria-osacar-ziga,José Antonio Echeverría Osácar,Ziga,Charcutería,carne y embutidos,"CALLE AZKUNE, CASERÍO SABATENEA, S/N ZIGA, Ziga (31796)","Productor local de Ziga especializado en carne y embutidos, con venta directa o de proximidad en Navarra.",Consultar envíos,689635574,joxeanziga@gmail.com,,,,https://www.google.com/maps/search/?api=1&query=CALLE+AZKUNE%2C+CASER%C3%8DO+SABATENEA%2C+S%2FN+ZIGA%2C+Ziga+%2831796%29&query_place_id=ChIJ-YlfHA_hUA0R4E21omeMAQo,43.119445,-1.571425,/productores/navarra/navarra/jose-antonio-echeverria-osacar-ziga.jpg,pendiente,no comprobado
rafael-ventosa-lopez-puenta-la-reina-gares,Rafael Ventosa López,Puenta la Reina / Gares,Fruta y verdura,"fruta y hortalizas de temporada, legumbres y cereales","Calle Las Huertas (bajera), Puenta la Reina / Gares (31100)","Productor local de Puenta la Reina / Gares especializado en fruta y hortalizas de temporada, legumbres y cereales, con venta directa o de proximidad en Navarra.",Consultar venta directa,659572361,rafael.ventosal@gmail.com,,,,https://www.google.com/maps/search/?api=1&query=Calle+Las+Huertas+%28bajera%29%2C+Puenta+la+Reina+%2F+Gares+%2831100%29&query_place_id=ChIJI6xO1JSHUA0Rhr-WQZPjUzs,42.6735469,-1.8149119,/productores/navarra/navarra/rafael-ventosa-lopez-puenta-la-reina-gares.jpg,pendiente,no comprobado
asociacion-allotarra-de-agricultura-y-ganaderia-ecologica-allo,Asociacion Allotarra de Agricultura y Ganaderia Ecologica,Allo,Aceite,"aceite, fruta y hortalizas de temporada, zumos y bebidas, condimentos, conservas vegetales, otros productos locales","Plaza de los Fueros, 11, Allo (31262)","Productor local de Allo especializado en aceite, fruta y hortalizas de temporada, zumos y bebidas, condimentos, conservas vegetales, otros productos locales, con venta directa o de proximidad en Navarra.","Consultar envíos, venta online, visitas",670498195,allotarra@allotarra.eu,https://allotarra.eu/,https://www.facebook.com/people/Allotarra/61573825779119/,https://www.instagram.com/asociacionallotarra/,https://www.google.com/maps/search/?api=1&query=Plaza+de+los+Fueros%2C+11%2C+Allo+%2831262%29&query_place_id=ChIJm-l01qh3UA0RM25PmWwB86s,42.5678695,-2.0199344,/productores/navarra/navarra/asociacion-allotarra-de-agricultura-y-ganaderia-ecologica-allo.jpg,pendiente,no comprobado
bodega-biurko-gorri-bargota,Bodega Biurko Gorri,Bargota,Bebidas,zumos y bebidas,"C/ Ponibal S/N, Bargota (31229)","Productor local de Bargota especializado en zumos y bebidas, con venta directa o de proximidad en Navarra.",Consultar venta directa,948648370,ocijo@biurkogorri.com,http://www.biurkogorri.com/,,,https://www.google.com/maps/search/?api=1&query=Bodegas+Biurko+Gorri&query_place_id=ChIJ853xMdgHUA0Rf-m_QUT6uG8,42.5562778,-2.3048265,/productores/navarra/navarra/bodega-biurko-gorri-bargota.jpg,pendiente,no comprobado
inaki-arza-ruesga-pamplona-iruna,Iñaki Arza Ruesga.,Pamplona / Iruña,Miel,miel y productos apícolas,"Plaza Xabier Mina 9 6A, Pamplona / Iruña (31006)","Productor local de Pamplona / Iruña especializado en miel y productos apícolas, con venta directa o de proximidad en Navarra.",Consultar condiciones,676347214,k2arza@gmail.com,,,,https://www.google.com/maps/search/?api=1&query=Plaza+Xabier+Mina+9+6A%2C+Pamplona+%2F+Iru%C3%B1a+%2831006%29&query_place_id=EjlQbC4gZGUgWGF2aWVyIE1pbmEsIDksIDZhLCAzMTAwNiBQYW1wbG9uYSwgTmF2YXJyYSwgU3BhaW4iHhocChYKFAoSCZHVEXdtk1ANETe-QD53-o0AEgI2YQ,42.8023595,-1.6392978,/productores/navarra/navarra/inaki-arza-ruesga-pamplona-iruna.jpg,pendiente,no comprobado
nueces-gourmet-benitoren-sesma,NUECES GOURMET - Benitoren,Sesma,Frutos secos,frutos secos,"C/ Doctor Magallón 14A, Sesma (31293)","Productor local de Sesma especializado en frutos secos, con venta directa o de proximidad en Navarra.","Consultar venta directa, envíos, venta online",666931277,nueces@gourmetnavarra.es,https://benitoren.es/,https://www.facebook.com/benitoren.es/,https://www.instagram.com/p/DGnFzLEqr9K/,https://www.google.com/maps/search/?api=1&query=C%2F+Doctor+Magall%C3%B3n+14A%2C+Sesma+%2831293%29&query_place_id=ChIJ0dnc55SeWg0Rxf6e5D3uVo8,42.4761607,-2.0848476,/productores/navarra/navarra/nueces-gourmet-benitoren-sesma.jpg,pendiente,no comprobado
adelardo-paternain-cadena-villava-atarrabia,Adelardo Paternain Cadena,Villava / Atarrabia,Charcutería,carne y embutidos,"PLAZA SANCHO VI EL SABIO, Nº 7 – 1º D, Villava / Atarrabia (31610)","Productor local de Villava / Atarrabia especializado en carne y embutidos, con venta directa o de proximidad en Navarra.",Consultar condiciones,626988233,adelardopaternain@gmail.com,,,,https://www.google.com/maps/search/?api=1&query=PLAZA+SANCHO+VI+EL+SABIO%2C+N%C2%BA+7+%E2%80%93+1%C2%BA+D%2C+Villava+%2F+Atarrabia+%2831610%29&query_place_id=Ej9QbC4gU2FuY2hvIFZJIGVsIFNhYmlvLCA3LCAxwrogZCwgMzE2MTAgVmlsbGF2YSwgTmF2YXJyYSwgU3BhaW4iIRofChYKFAoSCbEP5fppk1ANESdj6zBqRo_yEgUxwrogZA,42.8324891,-1.6124487,/productores/navarra/navarra/adelardo-paternain-cadena-villava-atarrabia.jpg,pendiente,no comprobado
nueces-finca-valle-arga-falces,Nueces Finca Valle Arga,Falces,Frutos secos,frutos secos,"Carretera, NA-6210, Km. 5,7, Falces (31370)","Productor local de Falces especializado en frutos secos, con venta directa o de proximidad en Navarra.","Consultar venta directa, envíos, venta online",635015627 / 649309997,info@fincavallearga.com,https://nuecesvallearga.com/,https://www.facebook.com/nuecesvallearga,,https://www.google.com/maps/search/?api=1&query=Valle+Arga%2C+S.L.&query_place_id=ChIJ0TDdDrh8Wg0RSfXxo82qnCI,42.3909258,-1.7728929,/productores/navarra/navarra/nueces-finca-valle-arga-falces.jpg,pendiente,no comprobado
agricola-de-especialidades-riberas-bunuel,Agrícola de Especialidades Riberas,Buñuel,Fruta y verdura,fruta y hortalizas de temporada,"CALLE MAYOR, Nº21, Buñuel (31540)","Productor local de Buñuel especializado en fruta y hortalizas de temporada, con venta directa o de proximidad en Navarra.","Consultar venta directa, envíos",948833617,ageralberto@gmail.com,,,,https://www.google.com/maps/search/?api=1&query=Agr%C3%ADcola+de+Especialidades+Riberas&query_place_id=ChIJ3QGimAc0Wg0Rgzt0JhUxZzU,41.979128,-1.454021,/productores/navarra/navarra/agricola-de-especialidades-riberas-bunuel.jpg,pendiente,no comprobado
baratzan-blai-areta-martinez-adrian-y-cordon-villar-marta-artieda,Baratzan Blai - Areta Martinez Adrian y Cordon Villar Marta,Artieda,Fruta y verdura,"fruta y hortalizas de temporada, legumbres y cereales","CALLE ABAJO 1, Artieda (31480)","Productor local de Artieda especializado en fruta y hortalizas de temporada, legumbres y cereales, con venta directa o de proximidad en Navarra.",Consultar envíos,647761562,baratzanblai@gmail.com,https://www.baratzanblai.com/,https://www.facebook.com/BaratzanBlai/,https://www.instagram.com/baratzanblai/,https://www.google.com/maps/search/?api=1&query=Baratzan+Blai&query_place_id=ChIJ124FVsuxUA0RRVm6IKpDmOo,42.7153469,-1.3258694,/productores/navarra/navarra/baratzan-blai-areta-martinez-adrian-y-cordon-villar-marta-artieda.jpg,pendiente,no comprobado
cerezas-perez-ortun-milagro,Cerezas Perez Ortún,Milagro,Fruta y verdura,fruta y hortalizas de temporada,"Crtra Valtierra- San Adrian S/N. Pol Montehondo., Milagro (31320)","Productor local de Milagro especializado en fruta y hortalizas de temporada, con venta directa o de proximidad en Navarra.","Consultar venta directa, envíos",645828120,javier@perezortun.com,http://www.perezortun.org/lp2/index.php,,,https://www.google.com/maps/search/?api=1&query=Cerezas+P%C3%A9rez+Ortun&query_place_id=ChIJvRDuJHZhWg0R3vrGT7d3lNY,42.2460944,-1.7872056,/productores/navarra/navarra/cerezas-perez-ortun-milagro.jpg,pendiente,no comprobado
la-queseria-de-la-tia-maritxu-maria-cilveti-andueza-anue,la Quesería de la Tía Maritxu - Maria Cilveti Andueza,Anué,Lácteos y quesos,queso y lácteos,"SANTA MARÍA, 26 OLAGÜE, Anué (31798)","Productor local de Anué especializado en queso y lácteos, con venta directa o de proximidad en Navarra.","Consultar venta directa, envíos",679859371,queseriatiamaritxu@yahoo.com,https://www.queseriatiamaritxu.com/,https://www.facebook.com/laqueseriadelatiamaritxu/?locale=eu_ES,https://www.instagram.com/queseriatiamaritxu/,https://www.google.com/maps/search/?api=1&query=Tia+Maritxu+Gaztaindegia&query_place_id=ChIJ6zUu2cTvUA0RguW9uOgI_2E,42.9630658,-1.6173459,/productores/navarra/navarra/la-queseria-de-la-tia-maritxu-maria-cilveti-andueza-anue.jpg,pendiente,no comprobado
david-lavilla-bozal-bunuel,David Lavilla Bozal,Buñuel,Legumbres y cereales,legumbres y cereales,"AVDA. SAN FRANCISCO JAVIER, 4B, Buñuel (31540)","Productor local de Buñuel especializado en legumbres y cereales, con venta directa o de proximidad en Navarra.","Consultar venta directa, envíos",692408310,davidlavilla3@gmail.com,,,,https://www.google.com/maps/search/?api=1&query=AVDA.+SAN+FRANCISCO+JAVIER%2C+4B%2C+Bu%C3%B1uel+%2831540%29&query_place_id=ChIJn03FHQY0Wg0REQYL5GY6YBg,41.9801334,-1.4473079,/productores/navarra/navarra/david-lavilla-bozal-bunuel.jpg,pendiente,no comprobado
queseria-tetxe-jose-aitor-garmendia-eizaguirre-roncal-erronkari,Quesería Tetxe - Jose Aitor Garmendia Eizaguirre,Roncal / Erronkari,Lácteos y quesos,queso y lácteos,"C/ Iriondoa nº5, Roncal / Erronkari (31415)","Productor local de Roncal / Erronkari especializado en queso y lácteos, con venta directa o de proximidad en Navarra.",Consultar venta directa,676027062,aitortetxe@gmail.com,https://www.tetxe.es/,,,https://www.google.com/maps/search/?api=1&query=C%2F+Iriondoa+n%C2%BA5%2C+Roncal+%2F+Erronkari+%2831415%29&query_place_id=ChIJAU0mqRFBVw0RKRXS2gwPeZw,42.8096205,-0.9556555999999999,/productores/navarra/navarra/queseria-tetxe-jose-aitor-garmendia-eizaguirre-roncal-erronkari.jpg,pendiente,no comprobado
queseria-atekoa-angel-linzoain-eugui-iragi,Quesería Atekoa - Ángel Linzoain Eugui,Iragi,Lácteos y quesos,queso y lácteos,"C/San Lorenzo, 23, Iragi (31639)","Productor local de Iragi especializado en queso y lácteos, con venta directa o de proximidad en Navarra.",Consultar venta directa,649160884,angelinzoain@hotmail.com,,,,https://www.google.com/maps/search/?api=1&query=C%2FSan+Lorenzo%2C+23%2C+Iragi+%2831639%29&query_place_id=ChIJzUr53rLpUA0R619iY6Pb32o,42.9691531,-1.5476255,/productores/navarra/navarra/queseria-atekoa-angel-linzoain-eugui-iragi.jpg,pendiente,no comprobado
aitzurreko-gasna-alberto-larraneta-inda-luzaide-valcarlos,Aitzurreko Gasna - Alberto Larrañeta Inda,Luzaide / Valcarlos,Lácteos y quesos,queso y lácteos,"Casa Aitzurre (Barrio Aitzurre s/n), Luzaide / Valcarlos (31660)","Productor local de Luzaide / Valcarlos especializado en queso y lácteos, con venta directa o de proximidad en Navarra.",Consultar envíos,690335328,lydie_etcharren@orange.fr,,,,https://www.google.com/maps/search/?api=1&query=Casa+Aitzurre+%28Barrio+Aitzurre+s%2Fn%29%2C+Luzaide+%2F+Valcarlos+%2831660%29&query_place_id=ChIJHbFboNXWUA0RvQQI1eBoqqY,43.092031,-1.3263118,/productores/navarra/navarra/aitzurreko-gasna-alberto-larraneta-inda-luzaide-valcarlos.jpg,pendiente,no comprobado
azpilkuetako-gasna-jesus-celayeta-saharrea-azpilkueta,Azpilkuetako Gasna - Jesús Celayeta Saharrea,Azpilkueta,Lácteos y quesos,queso y lácteos,"Barrio Zuaztoi. Casa Gontxea, Azpilkueta (31700)","Productor local de Azpilkueta especializado en queso y lácteos, con venta directa o de proximidad en Navarra.",Consultar venta directa,685411297,urrutia.maite@hotmail.com,https://azpilkuetakogasnak.com/,,,https://www.google.com/maps/search/?api=1&query=Barrio+Zuaztoi.+Casa+Gontxea%2C+Azpilkueta+%2831700%29&query_place_id=ChIJJzlXN30gUQ0REM7o2nuGLNg,43.17436379999999,-1.4839804,/productores/navarra/navarra/azpilkuetako-gasna-jesus-celayeta-saharrea-azpilkueta.jpg,pendiente,no comprobado
jesus-artola-arraiago-alpaitteneko-harategia-areso,Jesus Artola Arraiago - Alpaitteneko Harategia,Areso,Charcutería,carne y embutidos,"Caserío Alpaittenea, Areso (31876)","Productor local de Areso especializado en carne y embutidos, con venta directa o de proximidad en Navarra.",Consultar envíos,634655571,jesartola@hotmail.com,,,,https://www.google.com/maps/search/?api=1&query=Caser%C3%ADo+Alpaittenea%2C+Areso+%2831876%29&query_place_id=ChIJ23XWhCpSUA0RkqCm9VOYIJo,43.0811965,-1.9508545,/productores/navarra/navarra/jesus-artola-arraiago-alpaitteneko-harategia-areso.jpg,pendiente,no comprobado
carlos-leache-arrese-auritz-burguete,Carlos Leache Arrese,Auritz / Burguete,Fruta y verdura,fruta y hortalizas de temporada,"C/ Roncesvalles, 10, Auritz / Burguete (31640)","Productor local de Auritz / Burguete especializado en fruta y hortalizas de temporada, con venta directa o de proximidad en Navarra.","Consultar venta directa, envíos",657601722,leacheauritz@gmail.com,,,,https://www.google.com/maps/search/?api=1&query=C%2F+Roncesvalles%2C+10%2C+Auritz+%2F+Burguete+%2831640%29&query_place_id=ChIJM6Cs-rbPUA0RHHwqBpZhwPU,42.9892339,-1.3342953,/productores/navarra/navarra/carlos-leache-arrese-auritz-burguete.jpg,pendiente,no comprobado
quesos-goian-carlos-aramendia-bengoechea-parque-natural-de-urbasa,Quesos Goian- Carlos Aramendia Bengoechea,Parque Natural de Urbasa.,Lácteos y quesos,queso y lácteos,"Paraje de Arratondo U23, Sierra de Urbasa - Olazti/Olazagutía, Navarra, Parque Natural de Urbasa. (31809)","Productor local de Parque Natural de Urbasa. especializado en queso y lácteos, con venta directa o de proximidad en Navarra.",Consultar venta directa,685757054,idoiaycarlos@gmail.com,,,,https://www.google.com/maps/search/?api=1&query=Paraje+de+Arratondo+U23%2C+Sierra+de+Urbasa+-+Olazti%2FOlazagut%C3%ADa%2C+Navarra%2C+Parque+Natural+de+Urbasa.+%2831809%29&query_place_id=ChIJRY2MFTU_UA0RGrpRzGg8GVk,42.85143840000001,-2.172093,/productores/navarra/navarra/quesos-goian-carlos-aramendia-bengoechea-parque-natural-de-urbasa.jpg,pendiente,no comprobado
francisco-juamperez-huarte-garralda,Francisco Juamperez Huarte,Garralda,Fruta y verdura,"fruta y hortalizas de temporada, otros productos locales","c/UREPEL 8 BAJO, Garralda (31693)","Productor local de Garralda especializado en fruta y hortalizas de temporada, otros productos locales, con venta directa o de proximidad en Navarra.",Consultar condiciones,646020645,zakarloa@yahoo.es,,,,https://www.google.com/maps/search/?api=1&query=c%2FUREPEL+8+BAJO%2C+Garralda+%2831693%29&query_place_id=ChIJZ1By0h3MUA0RoEve3AnGb48,42.94850719999999,-1.2869105,/productores/navarra/navarra/francisco-juamperez-huarte-garralda.jpg,pendiente,no comprobado
tirso-salvatierra-fuente-de-garos-nueces-de-oteiza-oteiza,Tirso Salvatierra. Fuente de Garos-nueces de Oteiza,Oteiza,Aceite,"aceite, frutos secos","Calle Epeloa, 32, Oteiza (31250)","Productor local de Oteiza especializado en aceite, frutos secos, con venta directa o de proximidad en Navarra.","Consultar venta directa, visitas",617264069,tirsosalvati@gmail.com,https://www.aceitefuentedegaros.es/,,,https://www.google.com/maps/search/?api=1&query=Aceite+Fuente+de+Garos&query_place_id=ChIJY42Odq57UA0RUF0aHwQYRE8,42.61828939999999,-1.9506443,/productores/navarra/navarra/tirso-salvatierra-fuente-de-garos-nueces-de-oteiza-oteiza.jpg,pendiente,no comprobado
alberto-casajus-perez-murchante,Alberto Casajús Pérez.,Murchante,Fruta y verdura,fruta y hortalizas de temporada,"C/Eras Altas, 8, Murchante (31521)","Productor local de Murchante especializado en fruta y hortalizas de temporada, con venta directa o de proximidad en Navarra.",Consultar venta directa,644175998,albertocasajus17@gmail.com,,,,https://www.google.com/maps/search/?api=1&query=C%2FEras+Altas%2C+8%2C+Murchante+%2831521%29&query_place_id=ChIJi7T0c8tPWg0RrtdbD6UhvZE,42.028772,-1.6605085,/productores/navarra/navarra/alberto-casajus-perez-murchante.jpg,pendiente,no comprobado
daisuki-agricultura-y-ganaderia-extensiva-los-arcos,Daisuki Agricultura y Ganadería Extensiva,LOS ARCOS,Charcutería,carne y embutidos,"Avda. Sancho el Sabio 51 3ª A, LOS ARCOS (31210)","Productor local de LOS ARCOS especializado en carne y embutidos, con venta directa o de proximidad en Navarra.",Consultar envíos,622564328,daisuki.gya.extensiva@gmail.com,,https://www.facebook.com/p/daisukigyaextensiva-100064188427289/,https://www.instagram.com/daisuki.gya.extensiva/?hl=es,https://www.google.com/maps/search/?api=1&query=Avda.+Sancho+el+Sabio+51+3%C2%AA+A%2C+LOS+ARCOS+%2831210%29&query_place_id=Ej5Bdi4gU2FuY2hvIGVsIFNhYmlvLCA1MSwgM2EgYSwgMzEyMTAgTG9zIEFyY29zLCBOYXZhcnJhLCBTcGFpbiIgGh4KFgoUChIJ3_oZylQKUA0RsaLEAC3pSOMSBDNhIGE,42.5691678,-2.1881603,/productores/navarra/navarra/daisuki-agricultura-y-ganaderia-extensiva-los-arcos.jpg,pendiente,no comprobado
queso-urrizaga-abarzuza,Queso Urrizaga,Abárzuza,Lácteos y quesos,queso y lácteos,"C/Jardín, 9, Abárzuza (31178)","Productor local de Abárzuza especializado en queso y lácteos, con venta directa o de proximidad en Navarra.",Consultar visitas,677408635,quesourrizaga@gmail.com,,https://www.facebook.com/queseriaurrizagaabarzuza/?locale=es_ES,,https://www.google.com/maps/search/?api=1&query=Queser%C3%ADa+URRIZAGA+Gaztandegia&query_place_id=ChIJEeoU1atvUA0RqnYjSCf3oPY,42.7263713,-2.0225028,/productores/navarra/navarra/queso-urrizaga-abarzuza.jpg,pendiente,no comprobado
axuribeltz-iturgoien,Axuribeltz,Iturgoien,Lácteos y quesos,"queso y lácteos, carne y embutidos","C/San Antón 15, Iturgoien (31176)","Productor local de Iturgoien especializado en queso y lácteos, carne y embutidos, con venta directa o de proximidad en Navarra.","Consultar venta directa, envíos, visitas",619402384,info@casanabarro.com,https://axuribeltz.eus/,,,https://www.google.com/maps/search/?api=1&query=Queser%C3%ADa+Gaztandegia+Axuribeltz&query_place_id=ChIJ_5NKfnxmUA0RFB1SPMQI7mU,42.7762138,-1.9538312,/productores/navarra/navarra/axuribeltz-iturgoien.jpg,pendiente,no comprobado
queen-country-hops-olite-erriberri,Queen Country Hops,Olite - Erriberri,Otros,otros productos locales,"Miranda de Arga S/N, Olite - Erriberri (31390)","Productor local de Olite - Erriberri especializado en otros productos locales, con venta directa o de proximidad en Navarra.","Consultar venta directa, envíos",609959237,juanerasozabalegui@gmail.com,,https://www.facebook.com/queencountryhopfarm,https://www.instagram.com/queen_country_hop_farm/?hl=es,https://www.google.com/maps/search/?api=1&query=QUEEN+COUNTRY+S.L.&query_place_id=ChIJLwQw2RV3Wg0RHH1KsIrZT7E,42.4818444,-1.6520064,/productores/navarra/navarra/queen-country-hops-olite-erriberri.jpg,pendiente,no comprobado
sat-hermanos-abrego-bujanda-n-671-iguzquiza,SAT Hermanos Ábrego Bujanda Nº671.,Iguzquiza,Charcutería,carne y embutidos,"C/ Carretera, 1B, Iguzquiza (31241)","Productor local de Iguzquiza especializado en carne y embutidos, con venta directa o de proximidad en Navarra.",Consultar envíos,617524127,ganaderiazalabarte@gmail.com,,,,https://www.google.com/maps/search/?api=1&query=C%2F+Carretera%2C+1B%2C+Iguzquiza+%2831241%29&query_place_id=ChIJMQGsaslzUA0RdV7tatewT4w,42.6435324,-2.0824748,/productores/navarra/navarra/sat-hermanos-abrego-bujanda-n-671-iguzquiza.jpg,pendiente,no comprobado
jesus-javier-araiz-angulo-tudela,Jesus Javier Araiz Angulo,TUDELA,Miel,miel y productos apícolas,"C/ Bardenas, 3 2º C, TUDELA (31500)","Productor local de TUDELA especializado en miel y productos apícolas, con venta directa o de proximidad en Navarra.",Consultar condiciones,656309176,javieraraiz2007@yahoo.es,,,,https://www.google.com/maps/search/?api=1&query=C%2F+Bardenas%2C+3+2%C2%BA+C%2C+TUDELA+%2831500%29&query_place_id=EjNDLiBCYXJkZW5hcywgMywgMsK6IGMsIDMxNTAwIFR1ZGVsYSwgTmF2YXJyYSwgU3BhaW4iIRofChYKFAoSCd_YaByzSFoNEYNhhW5BjGfJEgUywrogYw,42.0544952,-1.5967755,/productores/navarra/navarra/jesus-javier-araiz-angulo-tudela.jpg,pendiente,no comprobado
agotzaina-arbizu,Agotzaina,Arbizu,Lácteos y quesos,"Queso fresco Illiques, queso fresco de vaca y cabra","Ctra. Estella, s/n, 31839 Arbizu, Navarra",Empresa navarra de alimentación con línea láctea y quesos frescos comercializados bajo marcas como Illiques.,Consultar web o venta directa,948 46 05 99,info@agotzaina.com,https://agotzaina.com/,,,https://www.google.com/maps/search/?api=1&query=Agotzaina%2C%20Ctra.%20Estella%2C%20s/n%2C%2031839%20Arbizu%2C%20Navarra,42.9373115,-2.0682510,/productores/navarra/navarra/agotzaina-arbizu.webp,pendiente,no comprobado
lacteos-las-tres-sierras-cintruenigo,Lácteos Las Tres Sierras,Cintruénigo,Lácteos y quesos,"La Nava, Casa Campo, Aires de Cierzo, La Baronesa","C. Ribera, 89, 31592 Cintruénigo, Navarra","Quesería artesana navarra especializada en quesos de cabra, vaca y oveja, con tienda de fábrica en Cintruénigo.",Lun-Vie 09:30-14:00,679 669 484,info@lastressierras.com,https://lastressierras.com/,,,https://www.google.com/maps/search/?api=1&query=L%C3%A1cteos%20Las%20Tres%20Sierras%2C%20C.%20Ribera%2C%2089%2C%2031592%20Cintru%C3%A9nigo%2C%20Navarra,42.0837529,-1.8048492,/productores/navarra/navarra/lacteos-las-tres-sierras-cintruenigo.webp,pendiente,no comprobado
pittika-patricia-tornero-erratzu,Pittika (Patricia Tornero),Erratzu,Lácteos y quesos,"Queso ecológico de vaca, Urrezko, queso azul","Erratzu, Baztan, Navarra","Pequeño proyecto quesero de Patricia Tornero en el valle de Baztan, centrado en quesos ecológicos de vaca de elaboración artesanal.",Consultar disponibilidad,,,,,,https://www.google.com/maps/search/?api=1&query=Pittika%20Patricia%20Tornero%20Erratzu%20Navarra,43.1807381,-1.4557556,,pendiente,no comprobado
etxelekua-bengotxea-lastiri-urdazubi-urdax,Etxelekua (Bengotxea Lastiri),Urdazubi/Urdax,Lácteos y quesos,"Queso Idiazabal DOP Bengotxea, queso de oveja latxa","Caserío Etxelekua, Bº Alkerdi, 31711 Urdazubi/Urdax, Navarra",Caserío familiar de Urdazubi/Urdax dedicado a la oveja latxa y al queso Idiazabal DOP con venta directa y visitas bajo consulta.,Consultar venta directa y visitas,948 599 169,info@etxelekua.com,https://www.etxelekua.com/,https://www.facebook.com/abengocheal/,https://www.instagram.com/etxelekua.gasnategia/,https://www.google.com/maps/search/?api=1&query=Etxelekua%2C%20Caser%C3%ADo%20Etxelekua%2C%20Urdazubi/Urdax%2C%20Navarra,43.2674482,-1.5041017,,pendiente,no comprobado
ardiarana-s-l-legasa,Ardiarana S.L.,Legasa,Lácteos y quesos,"ARDIARANA - 5 months, ARDIARANA - 7 months","Amaiako bidea, 5, 31792 Legasa, Navarra","Productor lácteo de Legasa- incluido en el directorio World Cheese Awards con productos como ARDIARANA - 5 months, ARDIARANA - 7 months.",Consultar fuente,,,https://gff.co.uk/directory/producer/?id=48852,,,https://www.google.com/maps/search/?api=1&query=Ardiarana%20S.L.%2C%20Amaiako%20bidea%2C%205%2C%2031792%20Legasa%2C%20Navarra,43.1305452,-1.6418154,,pendiente,no comprobado
enaquesa-grupo-tgt-roncal,Enaquesa (Grupo TGT),Roncal,Lácteos y quesos,"ARDIONA, AHUYENTALOBOS LA BACALAO","Roncal, Navarra, España","Productor lácteo de Roncal incluido en el directorio World Cheese Awards con productos como ARDIONA, AHUYENTALOBOS LA BACALAO.",Consultar fuente,,,https://gff.co.uk/directory/producer/?id=51632,,,https://www.google.com/maps/search/?api=1&query=Enaquesa%20(Grupo%20TGT)%2C%20Roncal%2C%20Navarra%2C%20Espa%C3%B1a,,,,pendiente,no comprobado
gaztandegi-dorrea-s-a-udabe,Gaztandegi Dorrea S.A.,Udabe,Lácteos y quesos,"IDIAZABAL DOP H, OVEJA AFINADO","Udabe, Navarra, España","Productor lácteo de Udabe incluido en el directorio World Cheese Awards con productos como IDIAZABAL DOP H, OVEJA AFINADO.",Consultar fuente,,,https://gff.co.uk/directory/producer/?id=47808,,,https://www.google.com/maps/search/?api=1&query=Gaztandegi%20Dorrea%20S.A.%2C%20Udabe%2C%20Navarra%2C%20Espa%C3%B1a,,,,pendiente,no comprobado
kaiolar-ochagavia,Kaiolar,Ochagavia,Lácteos y quesos,KAIOLAR MIXTO,"Ochagavia, Navarra, España",Productor lácteo de Ochagavia incluido en el directorio World Cheese Awards con productos como KAIOLAR MIXTO.,Consultar fuente,,,https://gff.co.uk/directory/producer/?id=63429,,,https://www.google.com/maps/search/?api=1&query=Kaiolar%2C%20Ochagavia%2C%20Navarra%2C%20Espa%C3%B1a,,,,pendiente,no comprobado
quesos-la-vasco-navarra-s-a-olazagutia-olazti,QUESOS LA VASCO NAVARRA S.A.,Olazagutia - Olazti,Lácteos y quesos,"SHEEP CHEESE, SOFT CHEESE","Polígono Arkinorruti s/n, 31809 Olazti/Olazagutía, Navarra","Productor lácteo de Olazagutia - Olazti incluido en el directorio World Cheese Awards con productos como SHEEP CHEESE, SOFT CHEESE.",Consultar fuente,,,https://gff.co.uk/directory/producer/?id=42882,,https://www.instagram.com/albenizquesos/,https://www.google.com/maps/search/?api=1&query=QUESOS%20LA%20VASCO%20NAVARRA%20S.A.%2C%20Pol%C3%ADgono%20Arkinorruti%20s%2Fn%2C%2031809%20Olazti%2FOlazagut%C3%ADa%2C%20Navarra,42.8717386,-2.2134907,,pendiente,no comprobado
queseria-onkizu-vidangoz,Quesería Onkizu,Vidángoz / Bidankoze,Lácteos y quesos,"Queso D.O. Roncal, queso de oveja","C. el Molino, 10, 31413 Vidángoz, Navarra",Quesería artesanal familiar en el Valle de Roncal dedicada a la elaboración de queso D.O. Roncal a base de leche de oveja.,Consultar venta directa,617219271,,https://turismovallederoncal.com,,,https://www.google.com/maps/search/?api=1&query=Queseria+Onkizu+Vidangoz,42.7937989,-0.9996716,,pendiente,no comprobado
quesos-ekia-isaba,Quesos Ekia,Isaba / Izaba,Lácteos y quesos,"Queso D.O. Roncal, queso de oveja latxa","Barrio Bormapea, 37A, 31417 Isaba, Navarra",Elaboración artesanal de queso con Denominación de Origen Roncal en sus nuevas instalaciones de Isaba.,Consultar venta directa y visitas,948387692 / 686998077,,https://ekiaquesoroncal.es/,,https://www.instagram.com/ekiagaztandegia/,https://www.google.com/maps/search/?api=1&query=Quesos+Ekia+Isaba,42.8595874,-0.9238053,/productores/navarra/navarra/quesos-ekia-isaba.webp,pendiente,no comprobado
quesos-larra-burgui,Quesos Larra,Burgui / Burgi,Lácteos y quesos,"Queso D.O. Roncal, queso de oveja","Parque Empresarial Valle de Roncal, Parcela 7.2, 31412 Burgui, Navarra",Referente en la elaboración tradicional de queso D.O. Roncal con leche cruda de oveja en el Pirineo navarro.,Consultar venta directa,948477046,info@quesoslarra.com,http://www.quesoslarra.com/,,https://www.instagram.com/quesoslarra/,https://www.google.com/maps/search/?api=1&query=Quesos+Larra+Burgui,42.7214127,-1.0028723,/productores/navarra/navarra/quesos-larra-burgui.webp,pendiente,no comprobado
queseria-valle-del-baztan-arizkun,Quesería Valle del Baztán,Arizkun,Lácteos y quesos,"Queso D.O. Idiazabal, Leyendas de Baztán, Belai","Polígono Industrial Ordoki, S/N, 31713 Arizkun, Navarra",Elaboración de quesos tradicionales de oveja latxa bajo la D.O. Idiazabal y marcas reconocidas en el Valle del Baztán.,Consultar venta directa,948475014,,https://queseriavalledelbaztan.com/,,,https://www.google.com/maps/search/?api=1&query=Queseria+Valle+del+Baztan+Arizkun,43.1764127,-1.4889723,/productores/navarra/navarra/queseria-valle-del-baztan-arizkun.webp,pendiente,no comprobado
poxtinenea-ardi-gazta-arbizu,Poxtiñenea Ardi Gazta,Arbizu,Lácteos y quesos,"Queso de oveja latxa, queso Idiazabal","Akerruntza Kalea, 20, 31839 Arbizu, Navarra",Elaboración de queso artesanal de oveja latxa en la quesería familiar Poxtiñenea en Arbizu.,Consultar venta directa,699453973,,https://poxtinenekogazta.es/,,,https://www.google.com/maps/search/?api=1&query=Poxti%C3%B1enea+Ardi+Gazta+Arbizu,42.9127,-2.0401,,pendiente,no comprobado
quesos-artesanos-legarra-goldaratz,Quesos Artesanos Legarra,Goldaratz,Lácteos y quesos,"Queso artesano de oveja, leche cruda","Calle Natividad, s/n, 31869 Goldaratz, Navarra",Quesos elaborados artesanalmente con leche cruda de su propio rebaño de ovejas de raza Assaf.,Consultar venta directa,677504711 / 948503258,,https://www.quesosartesanoslegarra.com,,,https://www.google.com/maps/search/?api=1&query=Quesos+Artesanos+Legarra+Goldaratz,42.9498,-1.8342,/productores/navarra/navarra/quesos-artesanos-legarra-goldaratz.webp,pendiente,no comprobado
lacteos-goshua-iraizotz,Lácteos Goshua,Iraizotz,Lácteos y quesos,"Yogures, postres lácteos, cuajada","Polígono Industrial Elordi, Calle B, nº 2, 31797 Iraizotz, Navarra","Elaboración de postres lácteos de alta calidad, yogures y la tradicional cuajada de Ultzama con recetas tradicionales.",Consultar venta directa,948309200,,https://www.goshua.com/,,,https://www.google.com/maps/search/?api=1&query=Lacteos+Goshua+Iraizotz,42.9837,-1.6789,/productores/navarra/navarra/lacteos-goshua-iraizotz.webp,pendiente,no comprobado
postres-ultzama-lantz,Postres Ultzama,Lantz,Lácteos y quesos,"Cuajada, yogur de oveja, postres","Carretera N-121-A, km 25, 31798 Lantz, Navarra",Especialistas en postres tradicionales navarros y la auténtica cuajada con leche de oveja del Valle de Ultzama.,Consultar venta directa,948307277,,http://www.postresultzama.com/,,https://www.instagram.com/postresultzama/,https://www.google.com/maps/search/?api=1&query=Postres+Ultzama+Lantz,42.9998,-1.6247,/productores/navarra/navarra/postres-ultzama-lantz.webp,pendiente,no comprobado
queseria-arraztio-betelu,Quesería Arraztio,Betelu,Lácteos y quesos,"Queso de oveja latxa, Idiazabal","Calle Irigoien, 17, bajo, 31890 Betelu, Navarra",Explotación quesera familiar y tradicional dedicada a la elaboración de queso de oveja latxa de pastor en Betelu.,Lun-Vie 09:00-13:00,948513031,,,,,https://www.google.com/maps/search/?api=1&query=Queseria+Arraztio+Betelu,43.0256,-2.0289,,pendiente,no comprobado
queseria-lizun-sunbilla,Quesería Lizun,Sunbilla,Lácteos y quesos,"Queso artesano de oveja, Idiazabal","Caserío Epetxenekoborda, s/n, 31791 Sunbilla, Navarra",Quesos de elaboración artesanal en el caserío Epetxenekoborda con leche de su propio rebaño de ovejas.,Consultar venta directa,948450862,,http://www.queserializun.es/,,,https://www.google.com/maps/search/?api=1&query=Queseria+Lizun+Sunbilla,43.1632,-1.6589,,pendiente,no comprobado
queseria-etxetxipia-elizondo,Quesería Etxetxipia,Elizondo,Lácteos y quesos,"Queso de oveja latxa, queso Baztán","Barrio Berro, s/n, 31700 Elizondo, Navarra",Pequeña quesería artesanal situada en el Barrio Berro de Elizondo enfocada en queso de oveja latxa de pastor.,Consultar venta directa,948580111,,,,,https://www.google.com/maps/search/?api=1&query=Queseria+Etxetxipia+Elizondo,43.1362,-1.5123,,pendiente,no comprobado
arrazolako-gazta-orbaizeta,Arrazolako Gazta,Orbaizeta,Lácteos y quesos,"Queso de oveja, queso del Pirineo","Barrio Larraun, s/n (Casa Merino), 31670 Orbaizeta, Navarra",Venta directa de queso artesanal elaborado en la zona del Pirineo por pastores locales en Orbaizeta.,Consultar venta directa,948766040,,,,,https://www.google.com/maps/search/?api=1&query=Arrazolako+Gazta+Orbaizeta,42.9732,-1.2291,,pendiente,no comprobado
azalegiko-gazta-orbaizeta,Azalegiko Gazta,Orbaizeta,Lácteos y quesos,"Queso de oveja latxa, queso de pastor","Borda Aspiltxe, 31670 Orbaizeta, Navarra",Queso artesanal de pastor elaborado a base de leche de oveja latxa en el Pirineo navarro.,Consultar venta directa,660195075,,,,,https://www.google.com/maps/search/?api=1&query=Azalegiko+Gazta+Orbaizeta,42.9729,-1.2285,,pendiente,no comprobado
jeingenekoa-etxarri-aranatz,Jeingenekoa,Etxarri Aranatz,Lácteos y quesos,"Leche de vaca, yogures artesanales, queso","Kaxarna, 1, 31820 Etxarri-Aranatz, Navarra","Explotación ganadera y quesería familiar en Sakana dedicada a la venta de leche fresca, yogures y quesos de vaca.",Consultar venta directa,948460907 / 686610913,,http://www.jeingenekoa.com,,https://www.instagram.com/jeingenekoa/,https://www.google.com/maps/search/?api=1&query=Jeingenekoa+Etxarri-Aranatz,42.9065,-2.0650,/productores/navarra/navarra/jeingenekoa-etxarri-aranatz.webp,pendiente,no comprobado
queseria-educativa-mikaela-lizaso,Quesería Educativa Mikaela,Lizaso,Lácteos y quesos,"Quesos de autor, yogures ecológicos, cuajada","Calle San Simón, 54, 31799 Lizaso, Navarra",Proyecto sostenible y bioclimático ubicado en la Granja Escuela Ultzama para la elaboración y divulgación del queso artesanal.,Consultar talleres y disponibilidad,629126499,,http://www.granjaescuelaultzama.com,,https://www.instagram.com/granjaescuelaultzama/,https://www.google.com/maps/search/?api=1&query=Queseria+Mikaela+Lizaso,42.9687,-1.6842,/productores/navarra/navarra/queseria-educativa-mikaela-lizaso.webp,pendiente,no comprobado
queseria-kamiku-legasa,Quesería Kamiku,Legasa,Lácteos y quesos,"Queso de oveja latxa, curado y ahumado","Paraje Errekazar s/n, 31792 Legasa, Navarra","Quesos artesanos elaborados con leche cruda de oveja latxa, reconocidos por su sabor curado y ahumado.",Consultar venta directa,680539300,,https://kamiku.es,,https://www.instagram.com/queseriakamiku/,https://www.google.com/maps/search/?api=1&query=Queseria+Kamiku+Legasa,43.1305,-1.6418,/productores/navarra/navarra/queseria-kamiku-legasa.webp,pendiente,no comprobado
bodegas-ochoa-olite,Bodegas Ochoa,Olite / Erriberri,Bodega,vino,"C/ Miranda de Arga, 35, Olite / Erriberri (31390)","Bodega familiar de Olite, sexta generación, con viticultura ecológica; conocida por su Moscatel dulce y sus tintos.",Tienda online y venta directa,,info@bodegasochoa.com,https://bodegasochoa.com,,,https://www.google.com/maps/search/?api=1&query=Bodegas%20Ochoa%2C%20Olite%2C%20Navarra,42.44575,-1.67961,/productores/navarra/navarra/bodegas-ochoa-olite.webp,parcial,sí
bodega-inurrieta-falces,Bodega Inurrieta,Falces,Bodega,vino,"Ctra. Falces-Miranda de Arga, km 30, Falces (31370)","Bodega familiar de la familia Antoñana en Falces, con D.O. Navarra; destaca su blanco Orchídea de Sauvignon Blanc.",Tienda online y venta directa,948737309,info@bodegainurrieta.com,https://www.bodegainurrieta.com,,https://www.instagram.com/bodegainurrieta/,https://www.google.com/maps/search/?api=1&query=Bodega%20Inurrieta%2C%20Falces%2C%20Navarra,42.41872,-1.80847,/productores/navarra/navarra/bodega-inurrieta-falces.webp,parcial,sí
domaines-lupier-san-martin-de-unx,Domaines Lupier,San Martín de Unx,Bodega,vino,"C/ Monseñor Justo Goizueta, 4, San Martín de Unx (31495)",Pequeña bodega artesana que recupera viejos viñedos de Garnacha de montaña en San Martín de Unx en cultivo ecológico.,Consultar venta directa y envíos,639622111,info@domaineslupier.com,https://www.domaineslupier.com,,,https://www.google.com/maps/search/?api=1&query=Domaines%20Lupier%2C%20San%20Mart%C3%ADn%20de%20Unx%2C%20Navarra,42.51862,-1.57367,,parcial,no comprobado
bodegas-azul-y-garanza-carcastillo,Bodegas Azul y Garanza,Carcastillo,Bodega,vino,"C/ San Juan, 19, Carcastillo (31310)",Bodega ecológica de mínima intervención junto a las Bardenas; vinos naturales y frescos elaborados en Carcastillo.,Tienda online y venta directa,659857979,maria@azulygaranza.com,https://www.azulygaranza.com,https://www.facebook.com/Azulygaranza/,,https://www.google.com/maps/search/?api=1&query=Bodegas%20Azul%20y%20Garanza%2C%20Carcastillo%2C%20Navarra,42.35123,-1.41514,/productores/navarra/navarra/bodegas-azul-y-garanza-carcastillo.webp,parcial,sí
bodegas-maximo-abete-san-martin-de-unx,Bodegas Máximo Abete,San Martín de Unx,Bodega,vino,San Martín de Unx (31495),"Bodega familiar dirigida por las hermanas Abete, dedicada a Garnachas frescas y rosados tradicionales de montaña.",Tienda online y venta directa,,,https://bodegasmaximoabete.com,https://www.facebook.com/BodegasMaximoAbete/,https://www.instagram.com/bodegasmaximoabete/,https://www.google.com/maps/search/?api=1&query=Bodegas%20M%C3%A1ximo%20Abete%2C%20San%20Mart%C3%ADn%20de%20Unx%2C%20Navarra,42.51862,-1.57367,/productores/navarra/navarra/bodegas-maximo-abete-san-martin-de-unx.webp,parcial,sí
destilerias-baines-lizoain-arriasgoiti,Destilerías Baines,Lizoáin-Arriasgoiti,Bebidas,pacharán,Lizoáin-Arriasgoiti,"Histórica destilería familiar fundada en 1844, elaboradora artesana del Pacharán Baines por maceración tradicional.",Tienda online y venta directa,948303545,info@licoresbaines.com,https://pacharan.com,,,https://www.google.com/maps/search/?api=1&query=Destiler%C3%ADas%20Baines%2C%20Lizo%C3%A1in-Arriasgoiti%2C%20Navarra,42.82987,-1.46323,/productores/navarra/navarra/destilerias-baines-lizoain-arriasgoiti.webp,parcial,sí
pacharan-zoco-dicastillo,Pacharán Zoco,Dicastillo,Bebidas,pacharán,"Palacio de la Vega del Pozo s/n, Dicastillo (31263)",Pacharán emblemático de Navarra elaborado en el Palacio de la Vega con endrinas navarras y método tradicional.,Consultar venta directa y envíos,948527009,infozoco@zamoracompany.com,https://pacharanzoco.com,,https://www.instagram.com/palacio_delavega/,https://www.google.com/maps/search/?api=1&query=Pachar%C3%A1n%20Zoco%2C%20Dicastillo%2C%20Navarra,42.59584,-2.02842,/productores/navarra/navarra/pacharan-zoco-dicastillo.webp,parcial,no comprobado
pacharan-ordoki-amaiur,Pacharán Ordoki,Amaiur / Maya,Bebidas,pacharán,Amaiur / Maya (Baztan),Destilería familiar del Baztán que elabora artesanalmente Pacharán Navarro con endrinas silvestres de la zona.,Tienda online y venta directa,,,https://ordoki.es,,,https://www.google.com/maps/search/?api=1&query=Pachar%C3%A1n%20Ordoki%2C%20Amaiur%2C%20Navarra,43.1962209,-1.4767987,/productores/navarra/navarra/pacharan-ordoki-amaiur.webp,parcial,sí
naparbier-noain,Naparbier,Noáin,Bebidas,cerveza artesana,"Pol. Ind. Talluntxe, Calle B, 41, Noáin (31110)","Cervecería artesana de referencia fundada en 2009 en Noáin, conocida por sus cervezas lupuladas y experimentales.",Tienda online y venta directa,,,https://www.naparbier.com,https://www.facebook.com/naparbier,https://www.instagram.com/naparbier/,https://www.google.com/maps/search/?api=1&query=Naparbier%2C%20No%C3%A1in%2C%20Navarra,42.7806,-1.6356,/productores/navarra/navarra/naparbier-noain.webp,parcial,sí
brew-roll-paternain,Brew & Roll,Paternáin,Bebidas,cerveza artesana,"Ctra. de Belascoaín, 2, Paternáin (31190)","Cervecería artesana independiente de Paternáin, sin pasteurizar; destacan sus variedades APA y Stout.",Consultar venta directa y envíos,660935643,,https://cervezasbrewandroll.com,https://www.facebook.com/cervezasbrewandroll/,https://www.instagram.com/brewandrollcervezas/,https://www.google.com/maps/search/?api=1&query=Brew%20%26%20Roll%2C%20Patern%C3%A1in%2C%20Navarra,42.7706,-1.7228,,parcial,no comprobado
morlaco-beer-mutilva,Morlaco Beer,Mutilva,Bebidas,cerveza artesana,"Calle O, 7, Pol. Ind. Mutilva Baja, Mutilva (31192)","Microcervecería local de Mutilva ligada a la cultura sanferminera, elaboradora de IPAs y cervezas rojas artesanas.",Consultar venta directa y envíos,,comercial.morlacobeer@gmail.com,https://morlacobeer.com,,,https://www.google.com/maps/search/?api=1&query=Morlaco%20Beer%2C%20Mutilva%2C%20Navarra,42.7889,-1.6125,,parcial,no comprobado
sidreria-larraldea-lekaroz,Sidrería Larraldea,Lekaroz,Bebidas,sidra natural,Lekaroz (31795),"Primer lagar de sidra ecológica de Navarra, en Lekaroz; elabora sidra natural y aguardiente de manzana del Baztán.",Consultar venta directa y envíos,622514917,eztibeltza@gmail.com,https://larraldea.eus,,,https://www.google.com/maps/search/?api=1&query=Sidrer%C3%ADa%20Larraldea%2C%20Lekaroz%2C%20Navarra,43.2144302,-1.5583922,,parcial,no comprobado
sidreria-linddurrenborda-lesaka,Sidrería Linddurrenborda,Lesaka,Bebidas,sidra natural,"Barrio Navaz, Lesaka (31770)",Caserío y sidrería de Lesaka que elabora sidra natural vasco-navarra de forma artesanal con manzana local.,Consultar venta directa y envíos,,,,,,https://www.google.com/maps/search/?api=1&query=Sidrer%C3%ADa%20Linddurrenborda%2C%20Lesaka%2C%20Navarra,43.2436,-1.7011,,pendiente,no comprobado
sidreria-toki-alai-lekunberri,Sidrería Toki Alai,Lekunberri,Bebidas,sidra natural,"C/ Burundegia, 8, Lekunberri (31870)",Sidra natural artesanal de Lekunberri elaborada con manzana de sus propios huertos en la falda de Aralar.,Consultar venta directa y envíos,948504005,info@sidreriatoki-alai.com,http://www.sidreriatoki-alai.com,,,https://www.google.com/maps/search/?api=1&query=Sidrer%C3%ADa%20Toki%20Alai%2C%20Lekunberri%2C%20Navarra,43.0019,-1.8989,/productores/navarra/navarra/sidreria-toki-alai-lekunberri.webp,parcial,no comprobado
conservas-pedro-luis-lodosa,Conservas Pedro Luis,Lodosa,Conservas,conservas vegetales,Lodosa (31580),"Conservera familiar de Lodosa referente en producción ecológica y artesanal, con D.O.P. Pimiento de Lodosa.",Consultar venta directa y envíos,,,https://www.conservaspedroluis.com,https://www.facebook.com/pedroluisconser/,https://www.instagram.com/conservaspedroluis/,https://www.google.com/maps/search/?api=1&query=Conservas%20Pedro%20Luis%2C%20Lodosa%2C%20Navarra,42.42417,-2.07833,/productores/navarra/navarra/conservas-pedro-luis-lodosa.webp,parcial,no comprobado
conservas-j-vela-mendavia,Conservas J. Vela,Mendavia,Conservas,conservas vegetales,"Avenida Estella, 17, Mendavia (31587)","Histórica conservera de Mendavia fundada en 1892, famosa por sus pimientos del piquillo asados y pelados a mano.",Tienda online y venta directa,,,https://conservasjvela.es,,https://www.instagram.com/conservasjvela/,https://www.google.com/maps/search/?api=1&query=Conservas%20J.%20Vela%2C%20Mendavia%2C%20Navarra,42.44433,-2.20042,,parcial,sí
conservas-el-navarrico-san-adrian,Conservas El Navarrico,San Adrián,Conservas,conservas vegetales,San Adrián (31570),"Empresa familiar de San Adrián desde 1960, conocida por sus espárragos de Navarra, alcachofas de Tudela y salsas.",Tienda online y venta directa,948672791,contacto@navarrico.com,https://www.navarrico.com,https://www.facebook.com/elnavarrico/,https://www.instagram.com/conservaselnavarrico/,https://www.google.com/maps/search/?api=1&query=Conservas%20El%20Navarrico%2C%20San%20Adri%C3%A1n%2C%20Navarra,42.3325,-1.93333,,parcial,sí
conservas-viuda-de-cayo-mendavia,Conservas Viuda de Cayo,Mendavia,Conservas,conservas vegetales,"C/ Virgen de Legarda, 66, Mendavia (31587)","Conservera tradicional de Mendavia con piquillos, alcachofas y espárragos bajo su marca La Mendaverala.",Tienda online y venta directa,948685000,comunicacion@viudadecayo.es,https://viudadecayo.es,https://www.facebook.com/ViudaDeCayo/,https://www.instagram.com/viudadecayo/,https://www.google.com/maps/search/?api=1&query=Conservas%20Viuda%20de%20Cayo%2C%20Mendavia%2C%20Navarra,42.44433,-2.20042,/productores/navarra/navarra/conservas-viuda-de-cayo-mendavia.webp,parcial,sí
conservas-rosara-andosilla,Conservas Rosara,Andosilla,Conservas,conservas vegetales,"Polígono Industrial, Andosilla (31261)","Conservas gourmet artesanas y platos preparados de Andosilla, sin colorantes ni conservantes.",Tienda online y venta directa,948690430,,https://rosara.com,,https://www.instagram.com/conservasrosara/,https://www.google.com/maps/search/?api=1&query=Conservas%20Rosara%2C%20Andosilla%2C%20Navarra,42.37694,-1.94194,/productores/navarra/navarra/conservas-rosara-andosilla.webp,parcial,sí
hacienda-queiles-monteagudo,Hacienda Queiles,Monteagudo,Aceite,aceite de oliva virgen extra,Monteagudo (31522),"Almazara de pago de Monteagudo, productora del AOVE ecológico Abbae de Queiles, premiado internacionalmente.",Tienda online y venta directa,948371494,info@haciendaqueiles.com,https://www.haciendaqueiles.com,,,https://www.google.com/maps/search/?api=1&query=Hacienda%20Queiles%2C%20Monteagudo%2C%20Navarra,41.96389,-1.69028,/productores/navarra/navarra/hacienda-queiles-monteagudo.webp,parcial,sí
aceites-artajo-fontellas,Aceites Artajo,Fontellas,Aceite,aceite de oliva virgen extra,"Finca Los Llanos, Autovía A-68 Km 102, Fontellas (31512)","Productor de AOVE ecológico de pago en Fontellas, con extracción en frío y oleoturismo.",Tienda online y venta directa,,,https://artajo.es,https://www.facebook.com/aceiteartajo/,https://www.instagram.com/aceiteartajo/,https://www.google.com/maps/search/?api=1&query=Aceites%20Artajo%2C%20Fontellas%2C%20Navarra,42.02833,-1.57611,/productores/navarra/navarra/aceites-artajo-fontellas.webp,parcial,sí
trujal-mendia-arroniz,Trujal Mendía,Arróniz,Aceite,aceite de oliva virgen extra,"Carretera Allo, 8, Arróniz (31243)",Cooperativa histórica de Arróniz referente en la molienda en frío de la aceituna autóctona variedad Arróniz.,Consultar venta directa y envíos,948537651,info@trujalmendia.com,https://www.trujalmendia.com,,,https://www.google.com/maps/search/?api=1&query=Trujal%20Mend%C3%ADa%2C%20Arr%C3%B3niz%2C%20Navarra,42.58882,-2.09131,/productores/navarra/navarra/trujal-mendia-arroniz.webp,parcial,no comprobado
aceite-la-maja-mendavia,Aceite La Maja,Mendavia,Aceite,aceite de oliva virgen extra,Mendavia (31587),Almazara familiar de Mendavia con AOVE dulce y afrutado de gama premium (marcas La Maja y Alfar).,Tienda online y venta directa,,,https://www.aceiteslamaja.com,,,https://www.google.com/maps/search/?api=1&query=Aceite%20La%20Maja%2C%20Mendavia%2C%20Navarra,42.44433,-2.20042,/productores/navarra/navarra/aceite-la-maja-mendavia.webp,parcial,sí
embutidos-juan-flores-arbizu,Embutidos Juan Flores,Arbizu,Charcutería,chistorra y embutidos,"Pol. Ind. Utzubar s/n, Arbizu (31839)",Elaboración artesanal de chistorra de Navarra en Arbizu con más de 40 años de tradición; chistorra ecológica.,Tienda online y venta directa,,,https://chistorradenavarra.com,,,https://www.google.com/maps/search/?api=1&query=Embutidos%20Juan%20Flores%2C%20Arbizu%2C%20Navarra,42.91474,-2.03942,,parcial,sí
carniceria-iriguibel-huarte,Carnicería Iriguibel,Huarte,Charcutería,chistorra y embutidos,Huarte (31620),"Carnicería artesana familiar de Huarte, varias veces campeona del Concurso Navarro de Chistorra.",Consultar venta directa y envíos,,,https://www.carniceriasiriguibel.com,,,https://www.google.com/maps/search/?api=1&query=Carnicer%C3%ADa%20Iriguibel%2C%20Huarte%2C%20Navarra,42.83139,-1.59083,/productores/navarra/navarra/carniceria-iriguibel-huarte.webp,parcial,no comprobado
carniceria-aramendia-estella-lizarra,Carnicería Aramendia,Estella-Lizarra,Charcutería,chistorra y embutidos,"C/ Fray Wenceslao de Oñate, 16, Estella-Lizarra (31200)",Carnicería artesana de Estella galardonada en el concurso regional de chistorra por su textura magra.,Consultar venta directa y envíos,948550687,felixaramendiacharcuteria@gmail.com,https://carniceriafelixaramendia.negocio.site,,,https://www.google.com/maps/search/?api=1&query=Carnicer%C3%ADa%20Aramendia%2C%20Estella-Lizarra%2C%20Navarra,42.6704224,-2.0384291,,parcial,no comprobado
embutidos-larrasoana-orkoien,Embutidos Larrasoaña,Orkoien,Charcutería,chistorra y embutidos,"Pol. Ind. Ipertegui I, 5, Orkoien (31160)",Empresa familiar de Orkoien desde 1951 dedicada a la charcutería y embutidos artesanales navarros.,Consultar venta directa y envíos,948321078,info@larrasoana.com,https://www.larrasoana.com,,,https://www.google.com/maps/search/?api=1&query=Embutidos%20Larrasoa%C3%B1a%2C%20Orkoien%2C%20Navarra,42.8268929,-1.6983064,/productores/navarra/navarra/embutidos-larrasoana-orkoien.webp,parcial,no comprobado
pastas-beatriz-pamplona,Pastas Beatriz,Pamplona / Iruña,Pan y pastelería,pastelería y dulces,"C/ Curia, 16, Pamplona / Iruña (31001)","Obrador del casco viejo de Pamplona desde 1969, famoso por sus garroticos de chocolate y pastas tradicionales.",Consultar venta directa y envíos,948783564,,https://pastasbeatriz.es,,,https://www.google.com/maps/search/?api=1&query=Pastas%20Beatriz%2C%20Pamplona%2C%20Navarra,42.8186,-1.6432,/productores/navarra/navarra/pastas-beatriz-pamplona.webp,parcial,no comprobado
garrarte-artesanos-del-dulce-tafalla,Garrarte Artesanos del Dulce,Tafalla,Pan y pastelería,pastelería y dulces,"Ctra. Artajona, 8 bajo, Tafalla (31300)","Confiteros tradicionales de Tafalla célebres por las garrapiñadas de Ujué, turrones y caramelos artesanos.",Tienda online y venta directa,948702569,garrarte@msn.com,https://www.dulcesartesanosgarrarte.es,https://www.facebook.com/garrartedonostia/,,https://www.google.com/maps/search/?api=1&query=Garrarte%20Artesanos%20del%20Dulce%2C%20Tafalla%2C%20Navarra,42.51324,-1.70466,,parcial,sí
pasteleria-malkorra-elizondo,Pastelería Malkorra,Elizondo,Pan y pastelería,pastelería y dulces,Elizondo (31700),"Histórica pastelería del Baztán fundada en 1924, creadora del chocolate urrakin egiña con avellanas enteras.",Consultar venta directa y envíos,,,https://www.malkorra.com,,,https://www.google.com/maps/search/?api=1&query=Pasteler%C3%ADa%20Malkorra%2C%20Elizondo%2C%20Navarra,43.1455155,-1.5185491,/productores/navarra/navarra/pasteleria-malkorra-elizondo.webp,parcial,no comprobado
casa-vidaurre-olite,Casa Vidaurre,Olite / Erriberri,Pan y pastelería,pastelería y dulces,"C/ de la Estación, 3, Olite / Erriberri (31390)",Obrador centenario de Olite (desde 1910) conocido por sus tortas de txantxigorri y trenzas de hojaldre.,Tienda online y venta directa,948740579,,https://casavidaurre.com,,,https://www.google.com/maps/search/?api=1&query=Casa%20Vidaurre%2C%20Olite%2C%20Navarra,42.44575,-1.67961,/productores/navarra/navarra/casa-vidaurre-olite.webp,parcial,sí
pasteleria-angela-estella-lizarra,Pastelería Ángela,Estella-Lizarra,Pan y pastelería,pastelería y dulces,"Plaza de los Fueros, 2, Estella-Lizarra (31200)","Repostería de Estella abierta en 1856, famosa por sus alpargatas, hojaldre con crema de yema.",Consultar venta directa y envíos,948550795,info@pasteleriaangela.com,https://www.pasteleriaangela.com,,,https://www.google.com/maps/search/?api=1&query=Pasteler%C3%ADa%20%C3%81ngela%2C%20Estella-Lizarra%2C%20Navarra,42.6704224,-2.0384291,/productores/navarra/navarra/pasteleria-angela-estella-lizarra.webp,parcial,no comprobado
el-caserio-de-tafalla-tafalla,El Caserío de Tafalla,Tafalla,Pan y pastelería,pastelería y dulces,"Pol. Ind. La Nava Ampliación B4, Tafalla (31300)",Fábrica artesana y familiar de Tafalla de caramelos de café con leche y toffees tradicionales desde 1963.,Tienda online y venta directa,,,https://www.elcaserio.es,,,https://www.google.com/maps/search/?api=1&query=El%20Caser%C3%ADo%20de%20Tafalla%2C%20Tafalla%2C%20Navarra,42.51324,-1.70466,/productores/navarra/navarra/el-caserio-de-tafalla-tafalla.webp,parcial,sí
kabila-enea-uztarroz,Kabila Enea,Uztárroz,Lácteos y quesos,queso,Uztárroz (31293),Quesería artesanal del Valle de Roncal con museo del pastoreo y la trashumancia; queso curado D.O. Roncal.,Consultar venta directa y envíos,,,https://kabilaeneamuseo.com,,,https://www.google.com/maps/search/?api=1&query=Kabila%20Enea%2C%20Uzt%C3%A1rroz%2C%20Navarra,42.91487,-0.95533,/productores/navarra/navarra/kabila-enea-uztarroz.webp,pendiente,no comprobado
quesos-landa-iraneta,Quesos Landa,Irañeta,Lácteos y quesos,queso,Irañeta (31839),"Pequeña quesería de pastor de Irañeta asociada a Artzai Gazta, con queso D.O. Idiazabal de oveja latxa.",Consultar venta directa y envíos,,,,,,https://www.google.com/maps/search/?api=1&query=Quesos%20Landa%2C%20Ira%C3%B1eta%2C%20Navarra,42.92293,-1.94525,,pendiente,no comprobado
