slug,nombre,municipio,categoria,productos estrella,direccion,descripcion,horario,telefono,correo,web,Facebook,Instagram,Google Maps,lat,lon,fecha_revision,imagen
100-canos-molino-jabonero-villanueva-del-trabuco,100 Caños - Molino Jabonero,Villanueva del Trabuco,Aceite,"Aceite de oliva virgen extra, AOVE, olivar malagueño","MA-4100, Km 4, 29313 Villanueva del Trabuco, Málaga","100 Caños - Molino Jabonero es un productor local de Villanueva del Trabuco especializado en aceite de oliva virgen extra, aove, olivar malagueño, integrado en la oferta agroalimentaria de proximidad de la provincia de Málaga.",Consultar web o venta directa,652 23 22 69,german.garcia@100canos.com,https://100canos.com/,https://www.facebook.com/AceiteDeOliva100Canos/,,https://www.google.com/maps/search/?api=1&query=100%20Ca%C3%B1os%20-%20Molino%20Jabonero%2C%20MA-4100%2C%20Km%204%2C%2029313%20Villanueva%20del%20Trabuco%2C%20M%C3%A1laga&query_place_id=ChIJm4uuVsdkcg0Rr6ugDSv1aos,37.032666,-4.294607800000001,2026-05-14,
3monos-craft-beer-malaga,3Monos Craft Beer,Málaga,Cerveza artesana,"Cerveza artesana, estilos propios, producción local","C. Lisboa, 30, Cruz de Humilladero, 29006 Málaga","3Monos Craft Beer es un productor local de Málaga especializado en cerveza artesana, estilos propios, producción local, integrado en la oferta agroalimentaria de proximidad de la provincia de Málaga.",Consultar web o venta directa,951 77 65 65,info@3monoscraftbeer.com,http://www.3monoscraftbeer.com/,https://www.facebook.com/3MonosCraftBeer/,https://www.instagram.com/3monoscraftbeer/,https://www.google.com/maps/search/?api=1&query=3Monos%20Craft%20Beer%2C%20C.%20Lisboa%2C%2030%2C%20Cruz%20de%20Humilladero%2C%2029006%20M%C3%A1laga&query_place_id=ChIJvVQDvlb3cg0R3eWj9argg-0,36.702194,-4.4738205,2026-05-14,
aceite-castillo-de-la-estrella-teba,Aceite Castillo de la Estrella,Teba,Aceite,"Aceite de oliva virgen extra, AOVE, olivar malagueño","Calle Castillo, 29327 Teba, Málaga","Aceite Castillo de la Estrella es un productor local de Teba especializado en aceite de oliva virgen extra, aove, olivar malagueño, integrado en la oferta agroalimentaria de proximidad de la provincia de Málaga.",Consultar web o venta directa,630 52 95 86,castillo@castillodelaestrella.com,http://www.castillodelaestrella.com/,,,https://www.google.com/maps/search/?api=1&query=Aceite%20Castillo%20de%20la%20Estrella%2C%20Calle%20Castillo%2C%2029327%20Teba%2C%20M%C3%A1laga&query_place_id=ChIJ_QjAv_Wwcg0RfG_NOAhpvoo,36.9799222,-4.9180718,2026-05-14,
aceite-de-arenas-agricola-santa-catalina-martir-arenas,Aceite de Arenas - Agrícola Santa Catalina Mártir,Arenas,Aceite,"Aceite de oliva virgen extra, AOVE, olivar malagueño","C. Calvario, 2, 29753 Arenas, Málaga","Aceite de Arenas - Agrícola Santa Catalina Mártir es un productor local de Arenas especializado en aceite de oliva virgen extra, aove, olivar malagueño, integrado en la oferta agroalimentaria de proximidad de la provincia de Málaga.",Consultar web o venta directa,952 50 90 03,oleoarenas@cemawin.com,http://www.santacatalinamartir.com/,https://www.facebook.com/CooperativaSantaCatalinaMartir/,,https://www.google.com/maps/search/?api=1&query=Aceite%20de%20Arenas%20-%20Agr%C3%ADcola%20Santa%20Catalina%20M%C3%A1rtir%2C%20C.%20Calvario%2C%202%2C%2029753%20Arenas%2C%20M%C3%A1laga&query_place_id=ChIJN_WnJDk_cg0RWkiiMsiVBVo,36.8145969,-4.045959799999999,2026-05-14,
aceite-de-oliva-virgen-de-monsalud-alfarnate,Aceite de Oliva Virgen De Monsalud,Alfarnate,Aceite,"Aceite de oliva virgen extra, AOVE, olivar malagueño","C. Ejidillo, 25, 29194 Alfarnate, Málaga","Aceite de Oliva Virgen De Monsalud es un productor local de Alfarnate especializado en aceite de oliva virgen extra, aove, olivar malagueño, integrado en la oferta agroalimentaria de proximidad de la provincia de Málaga.",Consultar web o venta directa,952 75 90 52,coopmonsalud@hotmail.com,https://www.cooperativamonsalud.com/,,,https://www.google.com/maps/search/?api=1&query=Aceite%20de%20Oliva%20Virgen%20De%20Monsalud%2C%20C.%20Ejidillo%2C%2025%2C%2029194%20Alfarnate%2C%20M%C3%A1laga&query_place_id=ChIJ_TigXqNlcg0RXnxbFTAU6Hs,36.99715,-4.25866,2026-05-14,
aceite-el-molino-de-guaro-guaro,Aceite El Molino de Guaro,Guaro,Aceite,"Aceite de oliva virgen extra, AOVE, olivar malagueño","29108 Guaro, Málaga","Aceite El Molino de Guaro es un productor local de Guaro especializado en aceite de oliva virgen extra, aove, olivar malagueño, integrado en la oferta agroalimentaria de proximidad de la provincia de Málaga.",Consultar web o venta directa,952 11 29 76,administracion@elmolinodeguaro.es,http://elmolinodeguaro.es/,https://www.facebook.com/molinode.guaro,,https://www.google.com/maps/search/?api=1&query=Aceite%20El%20Molino%20de%20Guaro%2C%2029108%20Guaro%2C%20M%C3%A1laga&query_place_id=ChIJOWe8nWrbcg0RXqAb6TzGagQ,36.6627649,-4.8295566,2026-05-14,
aceite-finca-rosa-alta-malaga,Aceite Finca Rosa Alta,Málaga,Aceite,"Aceite de oliva virgen extra, AOVE, olivar malagueño","Finca Rosa Alta, Cortijo de Aceite, 29314 Archidona, Málaga","Aceite Finca Rosa Alta es un productor local de Málaga especializado en aceite de oliva virgen extra, aove, olivar malagueño, integrado en la oferta agroalimentaria de proximidad de la provincia de Málaga.",Consultar web o venta directa,607 50 50 57,f.ruiz.director@gmail.com,https://fincarosaalta.com/,https://www.facebook.com/FincaRosaAlta/,https://www.instagram.com/fincarosaalta,https://www.google.com/maps/search/?api=1&query=Aceite%20Finca%20Rosa%20Alta%2C%20Finca%20Rosa%20Alta%2C%20Cortijo%20de%20Aceite%2C%2029314%20Archidona%2C%20M%C3%A1laga&query_place_id=ChIJbaFMbZ2Hcg0Rt0w6fMtZ1jU,37.1212896,-4.4386841,2026-05-14,
aceite-molino-del-arco-ronda,Aceite Molino del Arco,Ronda,Aceite,"Aceite de oliva virgen extra, AOVE, olivar malagueño","Partido rural Los Frontones s/n, 29400 Ronda, Málaga","Aceite Molino del Arco es un productor local de Ronda especializado en aceite de oliva virgen extra, aove, olivar malagueño, integrado en la oferta agroalimentaria de proximidad de la provincia de Málaga.",Consultar web o venta directa,601 86 94 56,aceite@hotelmolinodelarco.com,http://www.molinodelarco.com/,https://www.facebook.com/profile.php?id=61583143643842,https://www.instagram.com/aceitemolinodelarco/,https://www.google.com/maps/search/?api=1&query=Aceite%20Molino%20del%20Arco%2C%20Partido%20rural%20Los%20Frontones%20s%2Fn%2C%2029400%20Ronda%2C%20M%C3%A1laga&query_place_id=ChIJz7W0Slw3DQ0R-LXed0K4A9I,36.7803934,-5.1759843,2026-05-14,
aceite-mondron-periana,Aceite Mondrón,Periana,Aceite,"Aceite de oliva virgen extra, AOVE, olivar malagueño","A-7204, 2, 29710 Periana, Málaga","Aceite Mondrón es un productor local de Periana especializado en aceite de oliva virgen extra, aove, olivar malagueño, integrado en la oferta agroalimentaria de proximidad de la provincia de Málaga.",Consultar web o venta directa,675 28 43 76,info@aceitesmondron.com,https://aceitesmondron.com/,https://www.facebook.com/aceites.mondron,,https://www.google.com/maps/search/?api=1&query=Aceite%20Mondr%C3%B3n%2C%20A-7204%2C%202%2C%2029710%20Periana%2C%20M%C3%A1laga&query_place_id=ChIJnY-jsuBpcg0ROKrU8CZI8jA,36.9424451,-4.2260262,2026-05-14,
aceite-oliburgo-el-burgo,Aceite Oliburgo,El Burgo,Aceite,"Aceite de oliva virgen extra, AOVE, olivar malagueño","Poligono Industrial Los Bujeos, 29420 El Burgo, Málaga","Aceite Oliburgo es un productor local de El Burgo especializado en aceite de oliva virgen extra, aove, olivar malagueño, integrado en la oferta agroalimentaria de proximidad de la provincia de Málaga.",Consultar web o venta directa,952 16 02 90,info@limonte.es,http://www.oliburgo.com/,,,https://www.google.com/maps/search/?api=1&query=Aceite%20Oliburgo%2C%20Poligono%20Industrial%20Los%20Bujeos%2C%2029420%20El%20Burgo%2C%20M%C3%A1laga&query_place_id=ChIJ814caJfJcg0RMn-O78i-Ds8,36.7933,-4.953574,2026-05-14,
aceite-periana-periana,Aceite Periana,Periana,Aceite,"Aceite de oliva virgen extra, AOVE, olivar malagueño","C. Carrascal, 5, 29710 Periana, Málaga","Aceite Periana es un productor local de Periana especializado en aceite de oliva virgen extra, aove, olivar malagueño, integrado en la oferta agroalimentaria de proximidad de la provincia de Málaga.",Consultar web o venta directa,952 53 60 20,info@aceiteperiana.es,http://www.aceiteperiana.com/,https://www.facebook.com/aceiteverdialperiana,https://www.instagram.com/aceiteverdialperiana/,https://www.google.com/maps/search/?api=1&query=Aceite%20Periana%2C%20C.%20Carrascal%2C%205%2C%2029710%20Periana%2C%20M%C3%A1laga&query_place_id=ChIJGylg0gFpcg0RcyjiDM7tn68,36.9267106,-4.1913557,2026-05-14,
aceites-cortijo-el-solano-antequera,Aceites Cortijo El Solano,Antequera,Aceite,"Aceite de oliva virgen extra, AOVE, olivar malagueño","Cortijo El Solano, 29540 Antequera, Málaga","Aceites Cortijo El Solano es un productor local de Antequera especializado en aceite de oliva virgen extra, aove, olivar malagueño, integrado en la oferta agroalimentaria de proximidad de la provincia de Málaga.",Consultar web o venta directa,952 72 00 05,cortijosolano@gmail.com,http://cortijoelsolano.com/,https://www.facebook.com/cortijoelsolano/,https://www.instagram.com/aceitecortijoelsolano/,https://www.google.com/maps/search/?api=1&query=Aceites%20Cortijo%20El%20Solano%2C%20Cortijo%20El%20Solano%2C%2029540%20Antequera%2C%20M%C3%A1laga&query_place_id=ChIJAQAAcKqicg0RVBmD1vcwTO4,37.0452711,-4.731214899999999,2026-05-14,
aceites-de-ardales-ardales,Aceites de Ardales,Ardales,Aceite,"Aceite de oliva virgen extra, AOVE, olivar malagueño","Poligono industrial, 29550 Ardales, Málaga","Aceites de Ardales es un productor local de Ardales especializado en aceite de oliva virgen extra, aove, olivar malagueño, integrado en la oferta agroalimentaria de proximidad de la provincia de Málaga.",Consultar web o venta directa,952 45 82 79,bravoliva@aceitesdeardales.com,http://www.aceitesdeardales.com/,,,https://www.google.com/maps/search/?api=1&query=Aceites%20de%20Ardales%2C%20Poligono%20industrial%2C%2029550%20Ardales%2C%20M%C3%A1laga&query_place_id=ChIJycsDmfC4cg0RXtqUWc35WLA,36.8876108,-4.8455343,2026-05-14,
aceites-el-nino-malaga,Aceites El Niño,Málaga,Aceite,"Aceite de oliva virgen extra, AOVE, olivar malagueño","C. Casares, 20, Carretera de Cádiz, 29004 Málaga","Aceites El Niño es un productor local de Málaga especializado en aceite de oliva virgen extra, aove, olivar malagueño, integrado en la oferta agroalimentaria de proximidad de la provincia de Málaga.",Consultar web o venta directa,952 23 55 63,info@aceiteselnino.com,https://www.aceiteselnino.com/,https://www.facebook.com/Aceites-El-Ni%C3%B1o-SL-722882467749516/,,https://www.google.com/maps/search/?api=1&query=Aceites%20El%20Ni%C3%B1o%2C%20C.%20Casares%2C%2020%2C%20Carretera%20de%20C%C3%A1diz%2C%2029004%20M%C3%A1laga&query_place_id=ChIJgSFJL9b5cg0RdpIcP8D6FBA,36.6826104,-4.4636719,2026-05-14,
aceites-esenciales-eva-pizarra,Aceites Esenciales Eva,Pizarra,Aceite,"Aceite de oliva virgen extra, AOVE, olivar malagueño","A-343, 29560 Pizarra, Málaga","Aceites Esenciales Eva es un productor local de Pizarra especializado en aceite de oliva virgen extra, aove, olivar malagueño, integrado en la oferta agroalimentaria de proximidad de la provincia de Málaga.",Consultar web o venta directa,686 67 53 94,aesencialeseva@gmail.com,https://tiendaeva.com/,https://www.facebook.com/aceitesesencialeseva/,https://www.instagram.com/evazomeno/,https://www.google.com/maps/search/?api=1&query=Aceites%20Esenciales%20Eva%2C%20A-343%2C%2029560%20Pizarra%2C%20M%C3%A1laga&query_place_id=ChIJSyQodj3qcg0R5DHI1QoAVN4,36.788996,-4.7065499,2026-05-14,
aceites-gil-luna-y-pasos-largos-el-burgo,Aceites Gil Luna y Pasos Largos,El Burgo,Aceite,"Aceite de oliva virgen extra, AOVE, olivar malagueño","C. Del Río, 6, 29420 El Burgo, Málaga","Aceites Gil Luna y Pasos Largos es un productor local de El Burgo especializado en aceite de oliva virgen extra, aove, olivar malagueño, integrado en la oferta agroalimentaria de proximidad de la provincia de Málaga.",Consultar web o venta directa,696 51 55 91,administracion@aceitesgil-luna.com,http://www.gil-luna.com/,https://www.facebook.com/Aceites-Gil-Luna-291033870916893/,,https://www.google.com/maps/search/?api=1&query=Aceites%20Gil%20Luna%20y%20Pasos%20Largos%2C%20C.%20Del%20R%C3%ADo%2C%206%2C%2029420%20El%20Burgo%2C%20M%C3%A1laga&query_place_id=ChIJ9RE_WxbJcg0RxkQre4v5PpQ,36.7895609,-4.9486314,2026-05-14,
aceites-malaga-malaga,Aceites Málaga,Málaga,Aceite,"Aceite de oliva virgen extra, AOVE, olivar malagueño","C. Herman Hesse, 7, Churriana, 29004 Málaga","Aceites Málaga es un productor local de Málaga especializado en aceite de oliva virgen extra, aove, olivar malagueño, integrado en la oferta agroalimentaria de proximidad de la provincia de Málaga.",Consultar web o venta directa,952 34 17 80,info@aceitesmalaga.com,http://www.aceitesmalaga.com/,https://www.facebook.com/aceitesmalaga,https://www.instagram.com/aceitesmalagaoficial/,https://www.google.com/maps/search/?api=1&query=Aceites%20M%C3%A1laga%2C%20C.%20Herman%20Hesse%2C%207%2C%20Churriana%2C%2029004%20M%C3%A1laga&query_place_id=ChIJ-1YaTE33cg0RghQMqlQbykQ,36.6890647,-4.4702302,2026-05-14,
aceites-molisur-alhaurin-el-grande,Aceites Molisur,Alhaurín el Grande,Aceite,"Aceite de oliva virgen extra, AOVE, olivar malagueño","Carretera Coín, Churriana, A-404, km5, 29120 Alhaurín el Grande, Málaga","Aceites Molisur es un productor local de Alhaurín el Grande especializado en aceite de oliva virgen extra, aove, olivar malagueño, integrado en la oferta agroalimentaria de proximidad de la provincia de Málaga.",Consultar web o venta directa,952 59 49 39,info@aceitesmolisur.com,https://aceitesmolisur.es/,https://www.facebook.com/aceitesmolisur/,https://www.instagram.com/aceitesmolisur/,https://www.google.com/maps/search/?api=1&query=Aceites%20Molisur%2C%20Carretera%20Co%C3%ADn%2C%20Churriana%2C%20A-404%2C%20km5%2C%2029120%20Alhaur%C3%ADn%20el%20Grande%2C%20M%C3%A1laga&query_place_id=ChIJt0bC0Krncg0RLHWMr-Dn7RM,36.6542892,-4.6916384,2026-05-14,
aceites-monttosa-velez-malaga,Aceites Monttosa,Vélez-Málaga,Aceite,"Aceite de oliva virgen extra, AOVE, olivar malagueño","Diseminado Almayate Alto, 483, 29749 Cajiz, Málaga","Aceites Monttosa es un productor local de Vélez-Málaga especializado en aceite de oliva virgen extra, aove, olivar malagueño, integrado en la oferta agroalimentaria de proximidad de la provincia de Málaga.",Consultar web o venta directa,952 51 46 11,info@aceitesmonttosa.com,https://aceitesmonttosa.com/,https://www.facebook.com/aceites.montosa/,,https://www.google.com/maps/search/?api=1&query=Aceites%20Monttosa%2C%20Diseminado%20Almayate%20Alto%2C%20483%2C%2029749%20Cajiz%2C%20M%C3%A1laga&query_place_id=ChIJ27KNQsJFcg0RfTO4PB-hP6g,36.732507,-4.164952599999999,2026-05-14,
aceites-sierra-de-yeguas-sierra-de-yeguas,Aceites Sierra de Yeguas,Sierra de Yeguas,Aceite,"Aceite de oliva virgen extra, AOVE, olivar malagueño","Carretera la Roda Andalucía, 3, 29328 Sierra de Yeguas, Málaga","Aceites Sierra de Yeguas es un productor local de Sierra de Yeguas especializado en aceite de oliva virgen extra, aove, olivar malagueño, integrado en la oferta agroalimentaria de proximidad de la provincia de Málaga.",Consultar web o venta directa,952 11 10 90,info@aceitesierrayeguas.es,http://www.aceitesierrayeguas.es/,,https://www.instagram.com/aceitessierradeyeguas/,https://www.google.com/maps/search/?api=1&query=Aceites%20Sierra%20de%20Yeguas%2C%20Carretera%20la%20Roda%20Andaluc%C3%ADa%2C%203%2C%2029328%20Sierra%20de%20Yeguas%2C%20M%C3%A1laga&query_place_id=ChIJ2W42156ncg0RTc8ETeiH9h8,37.14572649999999,-4.8586906,2026-05-14,
aceites-tapia-villanueva-de-tapia,Aceites Tapia,Villanueva de Tapia,Aceite,"Aceite de oliva virgen extra, AOVE, olivar malagueño","CTRA Comarcal A-333, Km 59, 29315 Villanueva de Tapia, Málaga","Aceites Tapia es un productor local de Villanueva de Tapia especializado en aceite de oliva virgen extra, aove, olivar malagueño, integrado en la oferta agroalimentaria de proximidad de la provincia de Málaga.",Consultar web o venta directa,683 61 33 31,info@aceitestapia.com,http://www.aceitestapia.com/,,https://www.instagram.com/aceitestapia/,https://www.google.com/maps/search/?api=1&query=Aceites%20Tapia%2C%20CTRA%20Comarcal%20A-333%2C%20Km%2059%2C%2029315%20Villanueva%20de%20Tapia%2C%20M%C3%A1laga&query_place_id=ChIJQQgo8iJ_cg0RTv4uOXQ4b6s,37.1874724,-4.339582099999999,2026-05-14,
aceitunas-castillo-malaga,Aceitunas Castillo,Málaga,Despensa artesanal,"Croquetas, salsas, conservas, platos preparados y despensa local","C. Rafaela, 6, Distrito Centro, 29009 Málaga","Aceitunas Castillo es un productor local de Málaga especializado en croquetas, salsas, conservas, platos preparados y despensa local, integrado en la oferta agroalimentaria de proximidad de la provincia de Málaga.",Consultar web o venta directa,952 27 51 60,info@aceitunascastillo.com,http://www.aceitunascastillo.com/,https://www.facebook.com/aceitunas.castillo,,https://www.google.com/maps/search/?api=1&query=Aceitunas%20Castillo%2C%20C.%20Rafaela%2C%206%2C%20Distrito%20Centro%2C%2029009%20M%C3%A1laga&query_place_id=ChIJDcrrNKL3cg0Rkt1Rr6RKZOk,36.7238678,-4.4326189,2026-05-14,
aceitunas-chicon-lebron-antequera,Aceitunas Chicón Lebrón,Antequera,Aceite,"Aceite de oliva virgen extra, AOVE, olivar malagueño","A-92, s/n, 29200 Antequera, Málaga","Aceitunas Chicón Lebrón es un productor local de Antequera especializado en aceite de oliva virgen extra, aove, olivar malagueño, integrado en la oferta agroalimentaria de proximidad de la provincia de Málaga.",Consultar web o venta directa,952 70 40 56,oficinasaboramalaga@malaga.es,https://aceitunaschiconlebron.com/,https://www.facebook.com/aceitunasantequera/?rc=p,,https://www.google.com/maps/search/?api=1&query=Aceitunas%20Chic%C3%B3n%20Lebr%C3%B3n%2C%20A-92%2C%20s%2Fn%2C%2029200%20Antequera%2C%20M%C3%A1laga&query_place_id=ChIJu1QlNhGFcg0RtmJllrKDdcg,37.0672746,-4.5361277,2026-05-14,
aceitunas-chicon-slu-antequera,Aceitunas Chicón SLU,Antequera,Aceite,"Aceite de oliva virgen extra, AOVE, olivar malagueño","C. Merecillas, 33, 29200 Antequera, Málaga","Aceitunas Chicón SLU es un productor local de Antequera especializado en aceite de oliva virgen extra, aove, olivar malagueño, integrado en la oferta agroalimentaria de proximidad de la provincia de Málaga.",Consultar web o venta directa,952 84 15 94,marisol@aceitunaschicon.es,,https://www.facebook.com/aceitunasChicon?locale=es_ES,https://www.instagram.com/aceitunaschicon/,https://www.google.com/maps/search/?api=1&query=Aceitunas%20Chic%C3%B3n%20SLU%2C%20C.%20Merecillas%2C%2033%2C%2029200%20Antequera%2C%20M%C3%A1laga&query_place_id=ChIJn1hCFB6Qcg0R55q547CT4mU,37.0211804,-4.5635205,2026-05-14,
aceitunas-el-alamillo-alhaurin-el-grande,Aceitunas El Alamillo,Alhaurín el Grande,Aceitunas y encurtidos,"Aceituna aloreña, aceitunas de mesa, encurtidos","C. Río Grande, 9, 29120 Alhaurín el Grande, Málaga","Aceitunas El Alamillo es un productor local de Alhaurín el Grande especializado en aceituna aloreña, aceitunas de mesa, encurtidos, integrado en la oferta agroalimentaria de proximidad de la provincia de Málaga.",Consultar web o venta directa,649 57 45 29,info@aceitunasalamillo.com,https://aceitunasalamillo.es/,https://www.facebook.com/aceitunaselalamillo,https://www.instagram.com/aceitunaselalamillo/?igshid=YjNmNGQ3MDY%3D,https://www.google.com/maps/search/?api=1&query=Aceitunas%20El%20Alamillo%2C%20C.%20R%C3%ADo%20Grande%2C%209%2C%2029120%20Alhaur%C3%ADn%20el%20Grande%2C%20M%C3%A1laga&query_place_id=ChIJOTHNcQ7ncg0R8_npmbSEEMU,36.6599537,-4.6939136,2026-05-14,
aceitunas-fernandez-ronda,Aceitunas Fernández,Ronda,Despensa artesanal,"Croquetas, salsas, conservas, platos preparados y despensa local","C. Guadalhorce, 4, 29400 Ronda, Málaga","Aceitunas Fernández es un productor local de Ronda especializado en croquetas, salsas, conservas, platos preparados y despensa local, integrado en la oferta agroalimentaria de proximidad de la provincia de Málaga.",Consultar web o venta directa,952 87 14 67,aceitunasfernandezsca@hotmail.com,,https://www.facebook.com/Aceitunas-Fern%C3%A1ndez-SCA-798610270166525/,,https://www.google.com/maps/search/?api=1&query=Aceitunas%20Fern%C3%A1ndez%2C%20C.%20Guadalhorce%2C%204%2C%2029400%20Ronda%2C%20M%C3%A1laga&query_place_id=ChIJ3287q04xDQ0RSxBNLOZyc70,36.7508186,-5.1589542,2026-05-14,
aceitunas-lima-alozaina,Aceitunas Lima,Alozaina,Aceitunas y encurtidos,"Aceituna aloreña, aceitunas de mesa, encurtidos","C. Talleres, 13, BAJO, 29567 Alozaina, Málaga","Aceitunas Lima es un productor local de Alozaina especializado en aceituna aloreña, aceitunas de mesa, encurtidos, integrado en la oferta agroalimentaria de proximidad de la provincia de Málaga.",Consultar web o venta directa,952 48 04 98,aceitunashermanoslima@gmail.com,,,,https://www.google.com/maps/search/?api=1&query=Aceitunas%20Lima%2C%20C.%20Talleres%2C%2013%2C%20BAJO%2C%2029567%20Alozaina%2C%20M%C3%A1laga&query_place_id=ChIJPTYB-anFcg0Ron-ESSGTfj4,36.7266047,-4.8569679,2026-05-14,
aceitunas-lucena-coin,Aceitunas Lucena,Coín,Despensa artesanal,"Croquetas, salsas, conservas, platos preparados y despensa local","A-404, A-404, Km 4, 29120 Alhaurín el Grande, Málaga","Aceitunas Lucena es un productor local de Coín especializado en croquetas, salsas, conservas, platos preparados y despensa local, integrado en la oferta agroalimentaria de proximidad de la provincia de Málaga.",Consultar web o venta directa,630 03 36 33,jlucenamacias@hotmail.com,https://aceitunaslucenacoin.es/,,,https://www.google.com/maps/search/?api=1&query=Aceitunas%20Lucena%2C%20A-404%2C%20A-404%2C%20Km%204%2C%2029120%20Alhaur%C3%ADn%20el%20Grande%2C%20M%C3%A1laga&query_place_id=ChIJcfP8alTdcg0RaophGjWOOJ0,36.6595311,-4.7280497,2026-05-14,
aceitunas-y-encurtidos-bravo-alhaurin-el-grande,Aceitunas y Encurtidos Bravo,Alhaurín el Grande,Aceitunas y encurtidos,"Aceituna aloreña, aceitunas de mesa, encurtidos","Carretera de Cártama, km8, 29120 Alhaurín el Grande, Málaga","Aceitunas y Encurtidos Bravo es un productor local de Alhaurín el Grande especializado en aceituna aloreña, aceitunas de mesa, encurtidos, integrado en la oferta agroalimentaria de proximidad de la provincia de Málaga.",Consultar web o venta directa,952 49 07 35,info@aceitunasbravo.com,http://www.aceitunasbravo.com/,https://www.facebook.com/aceitunas.bravo/,https://www.instagram.com/aceitunasbravo/,https://www.google.com/maps/search/?api=1&query=Aceitunas%20y%20Encurtidos%20Bravo%2C%20Carretera%20de%20C%C3%A1rtama%2C%20km8%2C%2029120%20Alhaur%C3%ADn%20el%20Grande%2C%20M%C3%A1laga&query_place_id=ChIJN9OT7Vbmcg0R6CMykH4JYT0,36.6558812,-4.6766507,2026-05-14,
aceitunas-yoliva-coin,Aceitunas Yoliva,Coín,Aceitunas y encurtidos,"Aceituna aloreña, aceitunas de mesa, encurtidos","C. Artesanía, 16, 29100 Coín, Málaga","Aceitunas Yoliva es un productor local de Coín especializado en aceituna aloreña, aceitunas de mesa, encurtidos, integrado en la oferta agroalimentaria de proximidad de la provincia de Málaga.",Consultar web o venta directa,625 19 71 39,aceitunasyoliva@hotmail.com,,,,https://www.google.com/maps/search/?api=1&query=Aceitunas%20Yoliva%2C%20C.%20Artesan%C3%ADa%2C%2016%2C%2029100%20Co%C3%ADn%2C%20M%C3%A1laga&query_place_id=ChIJ_wqQt0Hdcg0RD2go_AtfrrU,36.6689161,-4.744381,2026-05-14,
agammasur-s-c-a-colmenar,"Agammasur, S.C.A.",Colmenar,Aceite,"Aceite de oliva virgen extra, AOVE, olivar malagueño","Polígono Industrial Virgen de la Candelaria, C. Miguel Hernandez, 45, 29170 Colmenar, Málaga","Agammasur, S.C.A. es un productor local de Colmenar especializado en aceite de oliva virgen extra, aove, olivar malagueño, integrado en la oferta agroalimentaria de proximidad de la provincia de Málaga.",Consultar web o venta directa,952 73 08 19,info@agammasur.es,http://www.agammasur.es/,https://www.facebook.com/quesos.montes.de.Malaga/,,https://www.google.com/maps/search/?api=1&query=Agammasur%2C%20S.C.A.%2C%20Pol%C3%ADgono%20Industrial%20Virgen%20de%20la%20Candelaria%2C%20C.%20Miguel%20Hernandez%2C%2045%2C%2029170%20Colmenar%2C%20M%C3%A1laga&query_place_id=ChIJl7aXlulgcg0RCnha2Vvrxig,36.9080964,-4.3692625,2026-05-14,
agro-olivarera-riogordo-riogordo,Agro-Olivarera Riogordo,Riogordo,Aceite,"Aceite de oliva virgen extra, AOVE, olivar malagueño","Paraje El Campillo, S/n, 29180 Riogordo, Málaga","Agro-Olivarera Riogordo es un productor local de Riogordo especializado en aceite de oliva virgen extra, aove, olivar malagueño, integrado en la oferta agroalimentaria de proximidad de la provincia de Málaga.",Consultar web o venta directa,952 73 22 33,miguel@olivarerariogordo.es,http://www.olivarerariogordo.es/,https://www.facebook.com/www.alovarerariogordo.es/,,https://www.google.com/maps/search/?api=1&query=Agro-Olivarera%20Riogordo%2C%20Paraje%20El%20Campillo%2C%20S%2Fn%2C%2029180%20Riogordo%2C%20M%C3%A1laga&query_place_id=ChIJ3eaAzf1mcg0RL1xz9cAbI-c,36.9229719,-4.2797052,2026-05-14,
aguacates-dehesa-alta-cartama,Aguacates Dehesa Alta,Cártama,Fruta y verdura,"Aguacate, mango, cítricos, pasas y huerta malagueña","Carril de La Dehesa Alta, 29580 Estación de Cártama, Málaga","Aguacates Dehesa Alta es un productor local de Cártama especializado en aguacate, mango, cítricos, pasas y huerta malagueña, integrado en la oferta agroalimentaria de proximidad de la provincia de Málaga.",Consultar web o venta directa,616 48 83 22,info@dehesaalta.com,https://www.dehesaalta.com/,,https://www.instagram.com/dehesaalta/,https://www.google.com/maps/search/?api=1&query=Aguacates%20Dehesa%20Alta%2C%20Carril%20de%20La%20Dehesa%20Alta%2C%2029580%20Estaci%C3%B3n%20de%20C%C3%A1rtama%2C%20M%C3%A1laga&query_place_id=ChIJRZczIQTpcg0RAf1RzfIvtW8,36.7155597,-4.6697521,2026-05-14,
aguepan-coin,Agüepan,Coín,Pan y pastelería,"Pan, repostería, dulces artesanos y obrador","C. de la Jimena, 0, 29100 Coín, Málaga","Agüepan es un productor local de Coín especializado en pan, repostería, dulces artesanos y obrador, integrado en la oferta agroalimentaria de proximidad de la provincia de Málaga.",Consultar web o venta directa,952 45 24 09,aguepan@hotmail.com,,,,https://www.google.com/maps/search/?api=1&query=Ag%C3%BCepan%2C%20C.%20de%20la%20Jimena%2C%200%2C%2029100%20Co%C3%ADn%2C%20M%C3%A1laga&query_place_id=ChIJMaCYFhHdcg0RhnLeSi3r3Us,36.6588587,-4.7547561,2026-05-14,
ahumados-skandia-malaga,Ahumados Skandia,Málaga,Despensa artesanal,"Croquetas, salsas, conservas, platos preparados y despensa local","C. Hemingway, 30, Churriana, 29004 Málaga","Ahumados Skandia es un productor local de Málaga especializado en croquetas, salsas, conservas, platos preparados y despensa local, integrado en la oferta agroalimentaria de proximidad de la provincia de Málaga.",Consultar web o venta directa,952 23 80 40,comercial@vensy.es,https://skandiaahumados.es/,https://www.facebook.com/maestrosahumadores,https://www.instagram.com/skandiaahumados/,https://www.google.com/maps/search/?api=1&query=Ahumados%20Skandia%2C%20C.%20Hemingway%2C%2030%2C%20Churriana%2C%2029004%20M%C3%A1laga&query_place_id=ChIJF2Deu_n5cg0RJsfZOS0moaY,36.6887859,-4.4761383,2026-05-14,
ajoblanco-dona-amelia-benamocarra,Ajoblanco Doña Amelia,Benamocarra,Despensa artesanal,"Croquetas, salsas, conservas, platos preparados y despensa local","C. Enmedio, 11, 29719 Benamocarra, Málaga","Ajoblanco Doña Amelia es un productor local de Benamocarra especializado en croquetas, salsas, conservas, platos preparados y despensa local, integrado en la oferta agroalimentaria de proximidad de la provincia de Málaga.",Consultar web o venta directa,627 43 12 80,hola@donaamelia.es,https://ajoblancoamelia.com/,,,https://www.google.com/maps/search/?api=1&query=Ajoblanco%20Do%C3%B1a%20Amelia%2C%20C.%20Enmedio%2C%2011%2C%2029719%20Benamocarra%2C%20M%C3%A1laga&query_place_id=ChIJ936MVSRFcg0RQRgkSelBTZE,36.7899959,-4.1628573,2026-05-14,
alacena-del-angel-malaga,Alacena del Ángel,Málaga,Bodega y licores,"Vinos de Málaga, moscatel, tintos y blancos","C. Montalbán, 1, Distrito Centro, 29002 Málaga","Alacena del Ángel es un productor local de Málaga especializado en vinos de málaga, moscatel, tintos y blancos, integrado en la oferta agroalimentaria de proximidad de la provincia de Málaga.",Consultar web o venta directa,615 06 25 34,despacho@alacenadelangel.es,https://www.alacenadelangel.es/,https://www.facebook.com/Alacena-del-%C3%81ngel-1402032576696425,https://www.instagram.com/alacena_del_angel/,https://www.google.com/maps/search/?api=1&query=Alacena%20del%20%C3%81ngel%2C%20C.%20Montalb%C3%A1n%2C%201%2C%20Distrito%20Centro%2C%2029002%20M%C3%A1laga&query_place_id=ChIJk96ToJD3cg0R_oD1GwCM1H0,36.71481199999999,-4.428442,2026-05-14,
al-jaque-montejaque,Al-Jaque,Montejaque,Aceite,"Aceite de oliva virgen extra, AOVE, olivar malagueño","Av. Europa, 15, 29360 Montejaque, Málaga","Al-Jaque es un productor local de Montejaque especializado en aceite de oliva virgen extra, aove, olivar malagueño, integrado en la oferta agroalimentaria de proximidad de la provincia de Málaga.",Consultar web o venta directa,952 16 81 46,aljaque.sca@gmail.com,http://www.al-jaque.com/,https://www.facebook.com/aljaque/?fref=ts,,https://www.google.com/maps/search/?api=1&query=Al-Jaque%2C%20Av.%20Europa%2C%2015%2C%2029360%20Montejaque%2C%20M%C3%A1laga&query_place_id=ChIJVTSgnT46DQ0ROAg0b7Qu02A,36.7363913,-5.2511839,2026-05-14,
almazara-galvez-almogia,Almazara Gálvez,Almogía,Aceite,"Aceite de oliva virgen extra, AOVE, olivar malagueño","Lugar Arroyo Coche, 29239 Arroyo Coche, Málaga","Almazara Gálvez es un productor local de Almogía especializado en aceite de oliva virgen extra, aove, olivar malagueño, integrado en la oferta agroalimentaria de proximidad de la provincia de Málaga.",Consultar web o venta directa,620 31 19 55,almazaragalvezfhf@gmail.com,,https://www.facebook.com/Almazara-Galvez-sl-323268137877062/,,https://www.google.com/maps/search/?api=1&query=Almazara%20G%C3%A1lvez%2C%20Lugar%20Arroyo%20Coche%2C%2029239%20Arroyo%20Coche%2C%20M%C3%A1laga&query_place_id=ChIJhZkNIduMcg0RYbvUDtguEJ4,36.8814939,-4.5127302,2026-05-14,
almensur-cartama,Almensur,Cártama,Fruta y verdura,"Aguacate, mango, cítricos, pasas y huerta malagueña","Av. de Carlos Álvarez, s/n, 29580 Estación de Cártama, Málaga","Almensur es un productor local de Cártama especializado en aguacate, mango, cítricos, pasas y huerta malagueña, integrado en la oferta agroalimentaria de proximidad de la provincia de Málaga.",Consultar web o venta directa,952 42 00 20,comercial@almensur.com,http://www.almensur.com/,https://www.facebook.com/AlmendreraDelSur/,,https://www.google.com/maps/search/?api=1&query=Almensur%2C%20Av.%20de%20Carlos%20%C3%81lvarez%2C%20s%2Fn%2C%2029580%20Estaci%C3%B3n%20de%20C%C3%A1rtama%2C%20M%C3%A1laga&query_place_id=ChIJLfGKIUfvcg0RafG6QHMQPMo,36.7413979,-4.6048449,2026-05-14,
almodovar-productos-carnicos-coin,Almodóvar Productos Cárnicos,Coín,Carnes y embutidos,"Embutidos, salchichón de Málaga, chacinas y carnes","A-404, Km. 1, 2, 29100 Alhaurín el Grande, Málaga","Almodóvar Productos Cárnicos es un productor local de Coín especializado en embutidos, salchichón de málaga, chacinas y carnes, integrado en la oferta agroalimentaria de proximidad de la provincia de Málaga.",Consultar web o venta directa,687 41 58 54,almodovar@almodovarcoin.com,https://www.almodovarcoin.com/,,,https://www.google.com/maps/search/?api=1&query=Almod%C3%B3var%20Productos%20C%C3%A1rnicos%2C%20A-404%2C%20Km.%201%2C%202%2C%2029100%20Alhaur%C3%ADn%20el%20Grande%2C%20M%C3%A1laga&query_place_id=ChIJdbwaP8Tdcg0RDyfjWSLAGzw,36.6626378,-4.736803,2026-05-14,
aove-finca-las-morenas-cuevas-de-san-marcos,AOVE Finca Las Morenas,Cuevas de San Marcos,Aceite,"Aceite de oliva virgen extra, AOVE, olivar malagueño","Calle Carr Pantano, 38, 29210 Cuevas de San Marcos, Málaga","AOVE Finca Las Morenas es un productor local de Cuevas de San Marcos especializado en aceite de oliva virgen extra, aove, olivar malagueño, integrado en la oferta agroalimentaria de proximidad de la provincia de Málaga.",Consultar web o venta directa,651 81 40 33,info@aovefincalasmorenas.com,https://aovefincalasmorenas.com/,https://www.facebook.com/profile.php?id=100069676546349&locale=es_ES,https://www.instagram.com/aove_finca_las_morenas/,https://www.google.com/maps/search/?api=1&query=AOVE%20Finca%20Las%20Morenas%2C%20Calle%20Carr%20Pantano%2C%2038%2C%2029210%20Cuevas%20de%20San%20Marcos%2C%20M%C3%A1laga&query_place_id=ChIJrc0Jur1_bQ0RUHO8Kb0OyNI,37.2651966,-4.412886299999999,2026-05-14,
aove-oro-al-andalus-ronda,AOVE Oro Al-Andalus,Ronda,Aceite,"Aceite de oliva virgen extra, AOVE, olivar malagueño","Av. Príncipe de Asturias, 7, 29400 Ronda, Málaga","AOVE Oro Al-Andalus es un productor local de Ronda especializado en aceite de oliva virgen extra, aove, olivar malagueño, integrado en la oferta agroalimentaria de proximidad de la provincia de Málaga.",Consultar web o venta directa,634 20 19 81,info@aceiteoroalandalus.com,http://www.aceiteoroalandalus.com/,https://www.facebook.com/aceiteoroalandalus,https://www.instagram.com/oroalandalus/,https://www.google.com/maps/search/?api=1&query=AOVE%20Oro%20Al-Andalus%2C%20Av.%20Pr%C3%ADncipe%20de%20Asturias%2C%207%2C%2029400%20Ronda%2C%20M%C3%A1laga&query_place_id=ChIJ63fTgvcxDQ0RWVfEjFyZqek,36.7519274,-5.1488539,2026-05-14,
aove-tesoro-espanol-campillos,AOVE Tesoro Español,Campillos,Aceite,"Aceite de oliva virgen extra, AOVE, olivar malagueño","Paraje Quiebracántaros, 5, 29320 Campillos, Málaga","AOVE Tesoro Español es un productor local de Campillos especializado en aceite de oliva virgen extra, aove, olivar malagueño, integrado en la oferta agroalimentaria de proximidad de la provincia de Málaga.",Consultar web o venta directa,601 63 89 85,info@tesoroespanol.com,https://www.aceitunaverde.es/,https://www.facebook.com/Tesoro-Espa%C3%B1ol-545887493013131/,https://www.instagram.com/tesoroespanol/,https://www.google.com/maps/search/?api=1&query=AOVE%20Tesoro%20Espa%C3%B1ol%2C%20Paraje%20Quiebrac%C3%A1ntaros%2C%205%2C%2029320%20Campillos%2C%20M%C3%A1laga&query_place_id=ChIJY-0cm6Wlcg0R0FMWq-RhF-k,37.0651965,-4.8575952,2026-05-14,
aoves-finca-la-tortaita-archidona,AOVES Finca La Tortaita,Archidona,Aceite,"Aceite de oliva virgen extra, AOVE, olivar malagueño","Paraje Las Lagunillas, s/n, 29003 Archidona, Málaga","AOVES Finca La Tortaita es un productor local de Archidona especializado en aceite de oliva virgen extra, aove, olivar malagueño, integrado en la oferta agroalimentaria de proximidad de la provincia de Málaga.",Consultar web o venta directa,951 38 78 11,info@fincalatortaita.es,https://fincalatortaita.es/,https://www.facebook.com/latortaita.tortaita,https://www.instagram.com/fincalatortaita/,https://www.google.com/maps/search/?api=1&query=AOVES%20Finca%20La%20Tortaita%2C%20Paraje%20Las%20Lagunillas%2C%20s%2Fn%2C%2029003%20Archidona%2C%20M%C3%A1laga&query_place_id=ChIJ1wV81Xt9cg0RP6Kp7asQ_Lc,37.0820101,-4.3899782,2026-05-14,
apicola-luca-cartama,Apícola Luca,Cártama,Miel y mermeladas,"Miel, polen, mermeladas y confituras","C. Holanda, 18, 29580 Estación de Cártama, Málaga","Apícola Luca es un productor local de Cártama especializado en miel, polen, mermeladas y confituras, integrado en la oferta agroalimentaria de proximidad de la provincia de Málaga.",Consultar web o venta directa,952 42 05 80,manmeflor.mcv@gmail.com,https://www.pinturaslucas.com/,https://www.facebook.com/p/Apicola-Luca-100082493857651/,https://www.instagram.com/apicolaluca/,https://www.google.com/maps/search/?api=1&query=Ap%C3%ADcola%20Luca%2C%20C.%20Holanda%2C%2018%2C%2029580%20Estaci%C3%B3n%20de%20C%C3%A1rtama%2C%20M%C3%A1laga&query_place_id=ChIJS7vr5gLvcg0RVAzFDK_kM1I,36.7368878,-4.6161593,2026-05-14,
apicola-milosi-alhaurin-el-grande,Apícola Milosi,Alhaurín el Grande,Miel y mermeladas,"Miel, polen, mermeladas y confituras","Polígono Ind la Rosa, C. Río Grande, 36, 29120 Alhaurín el Grande, Málaga","Apícola Milosi es un productor local de Alhaurín el Grande especializado en miel, polen, mermeladas y confituras, integrado en la oferta agroalimentaria de proximidad de la provincia de Málaga.",Consultar web o venta directa,952 49 12 88,mielmilosi@gmail.com,https://mielmilosi.com/,https://www.facebook.com/Ap%C3%ADcola-Milosi-362540930549302/,,https://www.google.com/maps/search/?api=1&query=Ap%C3%ADcola%20Milosi%2C%20Pol%C3%ADgono%20Ind%20la%20Rosa%2C%20C.%20R%C3%ADo%20Grande%2C%2036%2C%2029120%20Alhaur%C3%ADn%20el%20Grande%2C%20M%C3%A1laga&query_place_id=ChIJD0SQ_LHncg0R5pMgQ9rgq20,36.6573777,-4.692065899999999,2026-05-14,
artisan-coffee-tostador-de-cafe-malaga,Artisan Coffee - Tostador de Café,Málaga,Café y tostadores,"Café tostado, mezclas, café de especialidad","Pl. de San Francisco, 8 (bis, Distrito Centro, 29008 Málaga","Artisan Coffee - Tostador de Café es un productor local de Málaga especializado en café tostado, mezclas, café de especialidad, integrado en la oferta agroalimentaria de proximidad de la provincia de Málaga.",Consultar web o venta directa,626 04 44 19,info@artisancoffee.es,http://www.artisancoffee.es/,https://www.facebook.com/Artisan-Coffee-Espa%C3%B1a-100874645384949/,https://www.instagram.com/artisancoffeeroaster/,https://www.google.com/maps/search/?api=1&query=Artisan%20Coffee%20-%20Tostador%20de%20Caf%C3%A9%2C%20Pl.%20de%20San%20Francisco%2C%208%20(bis%2C%20Distrito%20Centro%2C%2029008%20M%C3%A1laga&query_place_id=ChIJZSr84un3cg0R3t6cTEjuGHI,36.7242933,-4.4227287,2026-05-14,
aupa-gourmet-alhaurin-de-la-torre,Aúpa Gourmet,Alhaurín de la Torre,Carnes y embutidos,"Embutidos, salchichón de Málaga, chacinas y carnes","Av. Reyes Católicos, 10, 29130 Alhaurín de la Torre, Málaga","Aúpa Gourmet es un productor local de Alhaurín de la Torre especializado en embutidos, salchichón de málaga, chacinas y carnes, integrado en la oferta agroalimentaria de proximidad de la provincia de Málaga.",Consultar web o venta directa,722 83 52 93,info@aupa-gourmet.com,https://aupa-gourmet.com/,,https://www.instagram.com/aupagourmet/,https://www.google.com/maps/search/?api=1&query=A%C3%BApa%20Gourmet%2C%20Av.%20Reyes%20Cat%C3%B3licos%2C%2010%2C%2029130%20Alhaur%C3%ADn%20de%20la%20Torre%2C%20M%C3%A1laga&query_place_id=ChIJU8fjF0blcg0RwKbOKMvEg4g,36.6610125,-4.5653364,2026-05-14,
avicola-el-pinar-velez-malaga,Avícola el Pinar,Vélez-Málaga,Huevos,"Huevos camperos, producción avícola, granja local","Diseminado Real Alto, 80, 29700 Malaga, Málaga","Avícola el Pinar es un productor local de Vélez-Málaga especializado en huevos camperos, producción avícola, granja local, integrado en la oferta agroalimentaria de proximidad de la provincia de Málaga.",Consultar web o venta directa,608 95 33 65,administracion@avicolaelpinar.es,http://avicolaelpinar.es/,,,https://www.google.com/maps/search/?api=1&query=Av%C3%ADcola%20el%20Pinar%2C%20Diseminado%20Real%20Alto%2C%2080%2C%2029700%20Malaga%2C%20M%C3%A1laga&query_place_id=ChIJO9Di4zFHcg0RAs_PLN9CJoM,36.7992654,-4.100332799999999,2026-05-14,
avomix-velez-malaga,Avomix,Vélez-Málaga,Despensa artesanal,"Croquetas, salsas, conservas, platos preparados y despensa local","Parque Tecnoalimentario Parcela B1-B2 Carretera de Benamargosa Km 0.6, 29719 Vélez-Málaga, Málaga","Avomix es un productor local de Vélez-Málaga especializado en croquetas, salsas, conservas, platos preparados y despensa local, integrado en la oferta agroalimentaria de proximidad de la provincia de Málaga.",Consultar web o venta directa,952 50 59 41,recepcion@avomix.com,http://www.avomix.com/,https://www.facebook.com/FreshMixAvomix/,https://www.instagram.com/avomix/,https://www.google.com/maps/search/?api=1&query=Avomix%2C%20Parque%20Tecnoalimentario%20Parcela%20B1-B2%20Carretera%20de%20Benamargosa%20Km%200.6%2C%2029719%20V%C3%A9lez-M%C3%A1laga%2C%20M%C3%A1laga&query_place_id=ChIJI4lJh333cg0R6tIlCM7v5yI,36.8048574,-4.1320003,2026-05-14,
badman-wines-ronda,Badman Wines,Ronda,Bodega y licores,"Vinos de Málaga, moscatel, tintos y blancos","Fuente la higuera, 11, 29400 Ronda, Málaga","Badman Wines es un productor local de Ronda especializado en vinos de málaga, moscatel, tintos y blancos, integrado en la oferta agroalimentaria de proximidad de la provincia de Málaga.",Consultar web o venta directa,696 63 39 60,info@badmanwines.com,http://www.badmanwines.com/,https://www.facebook.com/badmanwines,https://www.instagram.com/badmanwines,https://www.google.com/maps/search/?api=1&query=Badman%20Wines%2C%20Fuente%20la%20higuera%2C%2011%2C%2029400%20Ronda%2C%20M%C3%A1laga&query_place_id=ChIJ9zoJvpA3DQ0RRQaJ3hDoK2E,36.7656005,-5.1850632,2026-05-14,
bee-garden-malaga-malaga,Bee Garden Málaga,Málaga,Miel y mermeladas,"Miel, polen, mermeladas y confituras","Promálaga La Pindola, s/n, Av. María Victoria Atencia, Teatinos-Universidad, 29010 Málaga","Bee Garden Málaga es un productor local de Málaga especializado en miel, polen, mermeladas y confituras, integrado en la oferta agroalimentaria de proximidad de la provincia de Málaga.",Consultar web o venta directa,653 28 32 09,mieles@mieles.net,https://mieles.net/,https://www.facebook.com/beegardenmalaga/,,https://www.google.com/maps/search/?api=1&query=Bee%20Garden%20M%C3%A1laga%2C%20Prom%C3%A1laga%20La%20Pindola%2C%20s%2Fn%2C%20Av.%20Mar%C3%ADa%20Victoria%20Atencia%2C%20Teatinos-Universidad%2C%2029010%20M%C3%A1laga&query_place_id=ChIJuSXN787wcg0RvGB5g8ydCSA,36.7261155,-4.486689999999999,2026-05-14,
bema-benamargosa,BEMA,Benamargosa,Fruta y verdura,"Aguacate, mango, cítricos, pasas y huerta malagueña","C. de José Beltrán ""Niño de Vélez'', 10, 29718 Benamargosa, Málaga","BEMA es un productor local de Benamargosa especializado en aguacate, mango, cítricos, pasas y huerta malagueña, integrado en la oferta agroalimentaria de proximidad de la provincia de Málaga.",Consultar web o venta directa,628 19 37 54,bematropik@gmail.com,https://bematropik.com/,https://www.facebook.com/bematropik?locale=es_ES,https://www.instagram.com/bematropik/,https://www.google.com/maps/search/?api=1&query=BEMA%2C%20C.%20de%20Jos%C3%A9%20Beltr%C3%A1n%20%22Ni%C3%B1o%20de%20V%C3%A9lez''%2C%2010%2C%2029718%20Benamargosa%2C%20M%C3%A1laga&query_place_id=ChIJg4isqlVDcg0Rk5EmBZmANcc,36.8337508,-4.1958322,2026-05-14,
bio-cetec-velez-malaga,Bio CETEC,Vélez-Málaga,Aromáticas y condimentos,"Aromáticas, especias, aceites esenciales y condimentos","Vélez-Málaga, Málaga","Bio CETEC es un productor local de Vélez-Málaga especializado en aromáticas, especias, aceites esenciales y condimentos, integrado en la oferta agroalimentaria de proximidad de la provincia de Málaga.",Consultar web o venta directa,606 25 86 92,comercial@biocetec.es,http://www.biocetec.es/,,,https://www.google.com/maps/search/?api=1&query=Bio%20CETEC%2C%20V%C3%A9lez-M%C3%A1laga%2C%20M%C3%A1laga&query_place_id=ChIJCQtJgDdBcg0RhkUIHxPauHk,36.8038746,-4.1303524,2026-05-14,
biobetica-malaga,bioBética,Málaga,Fruta y verdura,"Aguacate, mango, cítricos, pasas y huerta malagueña","C. Licurgo, 27, Carretera de Cádiz, 29004 Málaga","bioBética es un productor local de Málaga especializado en aguacate, mango, cítricos, pasas y huerta malagueña, integrado en la oferta agroalimentaria de proximidad de la provincia de Málaga.",Consultar web o venta directa,952 23 00 94,info@biobetica.com,https://biobetica.com/,https://www.facebook.com/Biobetica.eco/?locale=es_ES,https://www.instagram.com/biobetica/,https://www.google.com/maps/search/?api=1&query=bioB%C3%A9tica%2C%20C.%20Licurgo%2C%2027%2C%20Carretera%20de%20C%C3%A1diz%2C%2029004%20M%C3%A1laga&query_place_id=ChIJb5tx7ub5cg0R1-K1SiCuvT4,36.6921231,-4.462439,2026-05-14,
biomarun-malaga,BioMarun,Málaga,Pan y pastelería,"Pan, repostería, dulces artesanos y obrador","C. Alcalde Segalerva Sierra, 3, Cruz de Humilladero, 29006 Málaga","BioMarun es un productor local de Málaga especializado en pan, repostería, dulces artesanos y obrador, integrado en la oferta agroalimentaria de proximidad de la provincia de Málaga.",Consultar web o venta directa,711 70 44 34,biomarun20@gmail.com,,,https://www.instagram.com/biomarun20/?hl=es,https://www.google.com/maps/search/?api=1&query=BioMarun%2C%20C.%20Alcalde%20Segalerva%20Sierra%2C%203%2C%20Cruz%20de%20Humilladero%2C%2029006%20M%C3%A1laga&query_place_id=ChIJncy5R2f3cg0RP1bUDbs-U78,36.7083001,-4.473598,2026-05-14,
biotrap-velez-malaga,Biotrap,Vélez-Málaga,Miel y mermeladas,"Miel, polen, mermeladas y confituras","C. Velazquez, 18, Vélez-Málaga, Málaga","Biotrap es un productor local de Vélez-Málaga especializado en miel, polen, mermeladas y confituras, integrado en la oferta agroalimentaria de proximidad de la provincia de Málaga.",Consultar web o venta directa,952 54 90 11,calidad@biotrap.es,https://www.biotrap.es/,,,https://www.google.com/maps/search/?api=1&query=Biotrap%2C%20C.%20Velazquez%2C%2018%2C%20V%C3%A9lez-M%C3%A1laga%2C%20M%C3%A1laga&query_place_id=ChIJLRFi10JHcg0RoZM5bJADQjI,36.765318,-4.093049,2026-05-14,
biovega-antequera,Biovega,Antequera,Fruta y verdura,"Aguacate, mango, cítricos, pasas y huerta malagueña","Av. de la Vega, 29200 Antequera, Málaga","Biovega es un productor local de Antequera especializado en aguacate, mango, cítricos, pasas y huerta malagueña, integrado en la oferta agroalimentaria de proximidad de la provincia de Málaga.",Consultar web o venta directa,645 50 91 43,biovega.antakira@gmail.com,,https://www.facebook.com/bio.vega.37,https://www.instagram.com/biovega.antequera/?hl=es,https://www.google.com/maps/search/?api=1&query=Biovega%2C%20Av.%20de%20la%20Vega%2C%2029200%20Antequera%2C%20M%C3%A1laga&query_place_id=ChIJZWvGYpKPcg0RKzX18pTA8Dg,37.0275883,-4.5388816,2026-05-14,
bizcocheria-lulapai-malaga,Bizcochería Lulapai,Málaga,Lácteos y quesos,"Quesos de cabra, lácteos artesanos, yogur","Mercado El Carmen, C. la Serna, 3, Local 54/61, Distrito Centro, 29002 Málaga","Bizcochería Lulapai es un productor local de Málaga especializado en quesos de cabra, lácteos artesanos, yogur, integrado en la oferta agroalimentaria de proximidad de la provincia de Málaga.",Consultar web o venta directa,656 32 95 53,arual_78_@hotmail.com,https://www.instagram.com/invites/contact/?i=1rmuc4nscd5u9&utm_content=n51qxne,,,https://www.google.com/maps/search/?api=1&query=Bizcocher%C3%ADa%20Lulapai%2C%20Mercado%20El%20Carmen%2C%20C.%20la%20Serna%2C%203%2C%20Local%2054%2F61%2C%20Distrito%20Centro%2C%2029002%20M%C3%A1laga&query_place_id=ChIJA8TRaPr3cg0RQs6ImexH3gc,36.7139953,-4.429605899999999,2026-05-14,
bmaro-nerja,BMaro,Nerja,Despensa artesanal,"Croquetas, salsas, conservas, platos preparados y despensa local","29787 Maro, Málaga","BMaro es un productor local de Nerja especializado en croquetas, salsas, conservas, platos preparados y despensa local, integrado en la oferta agroalimentaria de proximidad de la provincia de Málaga.",Consultar web o venta directa,625 09 18 09,info@bmaro.com,https://www.bmaro.com/,,https://www.instagram.com/stories/bmaro_flores/,https://www.google.com/maps/search/?api=1&query=BMaro%2C%2029787%20Maro%2C%20M%C3%A1laga&query_place_id=ChIJSeFFIcolcg0RGVWvjpALhvA,36.7584503,-3.8432651,2026-05-14,
bodega-a-munoz-cabrera-dimobe-moclinejo,Bodega A. Muñoz Cabrera - Dimobe,Moclinejo,Bodega y licores,"Ginebra, licores, vermut y destilados","Carretera de Almachar, s/n, 29738 Moclinejo, Málaga","Bodega A. Muñoz Cabrera - Dimobe es un productor local de Moclinejo especializado en ginebra, licores, vermut y destilados, integrado en la oferta agroalimentaria de proximidad de la provincia de Málaga.",Consultar web o venta directa,952 40 05 94,ignacio@dimobe.es,http://www.dimobe.es/,http://www.facebook.com/dimobebodegas,https://www.instagram.com/bodegasdimobe/,https://www.google.com/maps/search/?api=1&query=Bodega%20A.%20Mu%C3%B1oz%20Cabrera%20-%20Dimobe%2C%20Carretera%20de%20Almachar%2C%20s%2Fn%2C%2029738%20Moclinejo%2C%20M%C3%A1laga&query_place_id=ChIJZahdqKFbcg0Rf2eDtcV9Rys,36.7707428,-4.2576515,2026-05-14,
bodega-antigua-casa-de-guardia-malaga,Bodega Antigua Casa de Guardia,Málaga,Bodega y licores,"Ginebra, licores, vermut y destilados","Alameda Principal, 18, Distrito Centro, 29005 Málaga","Bodega Antigua Casa de Guardia es un productor local de Málaga especializado en ginebra, licores, vermut y destilados, integrado en la oferta agroalimentaria de proximidad de la provincia de Málaga.",Consultar web o venta directa,952 21 46 80,info@casadeguardia.com,http://www.casadeguardia.com/,https://www.facebook.com/casadeguardia,https://www.instagram.com/explore/tags/antiguacasadeguardia/,https://www.google.com/maps/search/?api=1&query=Bodega%20Antigua%20Casa%20de%20Guardia%2C%20Alameda%20Principal%2C%2018%2C%20Distrito%20Centro%2C%2029005%20M%C3%A1laga&query_place_id=ChIJqcM6npb3cg0RHLq8vzr84HQ,36.7178003,-4.4233936,2026-05-14,
bodega-cortijo-la-fuente-mollina,Bodega Cortijo la Fuente,Mollina,Bodega y licores,"Vinos de Málaga, moscatel, tintos y blancos","37.110042, -4.643071, Bodega Cortijo La Fuente, 29532 Mollina, Málaga","Bodega Cortijo la Fuente es un productor local de Mollina especializado en vinos de málaga, moscatel, tintos y blancos, integrado en la oferta agroalimentaria de proximidad de la provincia de Málaga.",Consultar web o venta directa,663 04 59 06,bodegacortijolafuente@gmail.com,http://www.bodegacortijolafuente.es/,https://www.facebook.com/bodegacortijolafuente/,,https://www.google.com/maps/search/?api=1&query=Bodega%20Cortijo%20la%20Fuente%2C%2037.110042%2C%20-4.643071%2C%20Bodega%20Cortijo%20La%20Fuente%2C%2029532%20Mollina%2C%20M%C3%A1laga&query_place_id=ChIJNe1b0uKbcg0RWlf8woGaQ3A,37.1101044,-4.6430177,2026-05-14,
bodega-dona-felisa-ronda,Bodega Doña Felisa,Ronda,Bodega y licores,"Vinos de Málaga, moscatel, tintos y blancos","Cordel del Puerto al Quejigal, s/n, 29400 Ronda, Málaga","Bodega Doña Felisa es un productor local de Ronda especializado en vinos de málaga, moscatel, tintos y blancos, integrado en la oferta agroalimentaria de proximidad de la provincia de Málaga.",Consultar web o venta directa,951 16 60 33,ahernando@bodegadonafelisa.com,https://bodegadonafelisa.com/,https://www.facebook.com/bodegadonafelisa,https://www.instagram.com/bodegadonafelisa/,https://www.google.com/maps/search/?api=1&query=Bodega%20Do%C3%B1a%20Felisa%2C%20Cordel%20del%20Puerto%20al%20Quejigal%2C%20s%2Fn%2C%2029400%20Ronda%2C%20M%C3%A1laga&query_place_id=ChIJk2L9pB43DQ0RcuYY5LsQbec,36.8134678,-5.1882071,2026-05-14,
bodega-fabio-coullet-almachar,Bodega Fabio Coullet,Almáchar,Bodega y licores,"Vinos de Málaga, moscatel, tintos y blancos","Paseo de la Axarquia, 19, 29718 Almáchar, Málaga","Bodega Fabio Coullet es un productor local de Almáchar especializado en vinos de málaga, moscatel, tintos y blancos, integrado en la oferta agroalimentaria de proximidad de la provincia de Málaga.",Consultar web o venta directa,609 50 75 17,info@bodegafabiocoullet.com,https://www.bodegafabiocoullet.com/,https://www.facebook.com/people/Bodega-Fabio-Coullet/100079780387407/,https://www.instagram.com/bodegafabiocoullet/,https://www.google.com/maps/search/?api=1&query=Bodega%20Fabio%20Coullet%2C%20Paseo%20de%20la%20Axarquia%2C%2019%2C%2029718%20Alm%C3%A1char%2C%20M%C3%A1laga&query_place_id=ChIJAfjFsBVDcg0RtIPDOClsKJY,36.8103259,-4.2174344,2026-05-14,
bodega-fernandez-bolet-ronda,Bodega Fernández Bolet,Ronda,Bodega y licores,"Vinos de Málaga, moscatel, tintos y blancos","C. Guadalimar, 29, 29400 Ronda, Málaga","Bodega Fernández Bolet es un productor local de Ronda especializado en vinos de málaga, moscatel, tintos y blancos, integrado en la oferta agroalimentaria de proximidad de la provincia de Málaga.",Consultar web o venta directa,686 54 60 70,info@bodegafernandezbolet.com,http://www.bodegafernandezbolet.com/,https://www.facebook.com/pg/BodegaFernadezBolet/about/?ref=page_internal,https://www.instagram.com/bodegafernandezbolet/,https://www.google.com/maps/search/?api=1&query=Bodega%20Fern%C3%A1ndez%20Bolet%2C%20C.%20Guadalimar%2C%2029%2C%2029400%20Ronda%2C%20M%C3%A1laga&query_place_id=ChIJjxacD0sxDQ0R0Y8xXztXrso,36.7542673,-5.1607731,2026-05-14,
bodega-garcia-hidalgo-ronda,Bodega García Hidalgo,Ronda,Bodega y licores,"Vinos de Málaga, moscatel, tintos y blancos","A-6300, 38, 29400 Ronda, Málaga","Bodega García Hidalgo es un productor local de Ronda especializado en vinos de málaga, moscatel, tintos y blancos, integrado en la oferta agroalimentaria de proximidad de la provincia de Málaga.",Consultar web o venta directa,600 48 72 84,info@bodegasgarciahidalgo.es,http://bodegasgarciahidalgo.es/,https://www.facebook.com/BodegaGarciaHidalgo,,https://www.google.com/maps/search/?api=1&query=Bodega%20Garc%C3%ADa%20Hidalgo%2C%20A-6300%2C%2038%2C%2029400%20Ronda%2C%20M%C3%A1laga&query_place_id=ChIJ3wDPDr82DQ0RSsByF3izo4s,36.7748018,-5.1623196,2026-05-14,
bodega-gonzalo-beltran-ronda,Bodega Gonzalo Beltrán,Ronda,Bodega y licores,"Vinos de Málaga, moscatel, tintos y blancos","Partida los Molinos, 482, 29400 Ronda, Málaga","Bodega Gonzalo Beltrán es un productor local de Ronda especializado en vinos de málaga, moscatel, tintos y blancos, integrado en la oferta agroalimentaria de proximidad de la provincia de Málaga.",Consultar web o venta directa,629 45 55 58,info@bodegagonzalobeltran.com,http://www.bodegagonzalobeltran.com/index.php,https://www.facebook.com/BGonzaloBeltran,https://www.instagram.com/bodegagonzalobeltran/,https://www.google.com/maps/search/?api=1&query=Bodega%20Gonzalo%20Beltr%C3%A1n%2C%20Partida%20los%20Molinos%2C%20482%2C%2029400%20Ronda%2C%20M%C3%A1laga&query_place_id=ChIJcSmCFS43DQ0RwIVe1oy8TvA,36.74229589999999,-5.1736966,2026-05-14,
bodega-gross-hermanos-antequera,Bodega Gross Hermanos,Antequera,Bodega y licores,"Vinos de Málaga, moscatel, tintos y blancos","Ctra. Antequera – Valle Abdalajis, Finca “El Respiro, A-343, Km 13, 29200 Antequera, Málaga","Bodega Gross Hermanos es un productor local de Antequera especializado en vinos de málaga, moscatel, tintos y blancos, integrado en la oferta agroalimentaria de proximidad de la provincia de Málaga.",Consultar web o venta directa,658 07 98 71,info@bodegasgrosss.es,http://bodegasgross.es/,,,https://www.google.com/maps/search/?api=1&query=Bodega%20Gross%20Hermanos%2C%20Ctra.%20Antequera%20%E2%80%93%20Valle%20Abdalajis%2C%20Finca%20%E2%80%9CEl%20Respiro%2C%20A-343%2C%20Km%2013%2C%2029200%20Antequera%2C%20M%C3%A1laga&query_place_id=ChIJWemwAvGRcg0ROxcLacIXVLY,36.9806505,-4.5859346,2026-05-14,
bodega-jorge-bonet-montecorto,Bodega Jorge Bonet,Montecorto,Bodega y licores,"Vinos de Málaga, moscatel, tintos y blancos","Ctra. A-2300, Pk. 21, 6, 29430 Montecorto, Málaga","Bodega Jorge Bonet es un productor local de Montecorto especializado en vinos de málaga, moscatel, tintos y blancos, integrado en la oferta agroalimentaria de proximidad de la provincia de Málaga.",Consultar web o venta directa,629 58 93 36,bodegacuestalavina@gmail.com,,https://www.facebook.com/bodegacuestalavina,,https://www.google.com/maps/search/?api=1&query=Bodega%20Jorge%20Bonet%2C%20Ctra.%20A-2300%2C%20Pk.%2021%2C%206%2C%2029430%20Montecorto%2C%20M%C3%A1laga&query_place_id=ChIJyV3mONE4DQ0RQdIHWhoqMG4,36.799414,-5.303585000000001,2026-05-14,
bodega-kieninger-ronda,Bodega Kieninger,Ronda,Bodega y licores,"Vinos de Málaga, moscatel, tintos y blancos","Lugar Partido Rural los Frontones, 67, 29400 Ronda, Málaga","Bodega Kieninger es un productor local de Ronda especializado en vinos de málaga, moscatel, tintos y blancos, integrado en la oferta agroalimentaria de proximidad de la provincia de Málaga.",Consultar web o venta directa,621 19 28 98,araceli@bodegakieninger.com,http://www.bodegakieninger.com/,https://www.facebook.com/Bodega-Kieninger-134186289980822/,https://www.instagram.com/bodega_kieninger/?hl=es,https://www.google.com/maps/search/?api=1&query=Bodega%20Kieninger%2C%20Lugar%20Partido%20Rural%20los%20Frontones%2C%2067%2C%2029400%20Ronda%2C%20M%C3%A1laga&query_place_id=ChIJ07-Vsuo2DQ0RBJ02GxXejVc,36.797172,-5.165431,2026-05-14,
bodega-la-melonera-ronda,Bodega la Melonera,Ronda,Bodega y licores,"Vinos de Málaga, moscatel, tintos y blancos","Lugar Partido Rural los Frontones, 86, 29400 Ronda, Málaga","Bodega la Melonera es un productor local de Ronda especializado en vinos de málaga, moscatel, tintos y blancos, integrado en la oferta agroalimentaria de proximidad de la provincia de Málaga.",Consultar web o venta directa,951 19 40 18,info@lamelonera.com,http://www.lamelonera.com/,https://www.facebook.com/bodegamelonera/,https://www.instagram.com/bodegamelonera/,https://www.google.com/maps/search/?api=1&query=Bodega%20la%20Melonera%2C%20Lugar%20Partido%20Rural%20los%20Frontones%2C%2086%2C%2029400%20Ronda%2C%20M%C3%A1laga&query_place_id=ChIJUa5-TfU2DQ0RrAoKZcKiUI4,36.7975501,-5.1607756,2026-05-14,
bodega-lascas-de-pedernal-cartama,Bodega Lascas de Pedernal,Cártama,Bodega y licores,"Vinos de Málaga, moscatel, tintos y blancos","C. Limonar, 13, 29570 Cártama, Málaga","Bodega Lascas de Pedernal es un productor local de Cártama especializado en vinos de málaga, moscatel, tintos y blancos, integrado en la oferta agroalimentaria de proximidad de la provincia de Málaga.",Consultar web o venta directa,604 42 80 49,bodega@bodegalascas.com,,https://www.facebook.com/BodegaLascas/,https://www.instagram.com/bodegalascas/,https://www.google.com/maps/search/?api=1&query=Bodega%20Lascas%20de%20Pedernal%2C%20C.%20Limonar%2C%2013%2C%2029570%20C%C3%A1rtama%2C%20M%C3%A1laga&query_place_id=ChIJk7G-1yXvcg0RiThcN45STmY,36.7294965,-4.6333687,2026-05-14,
bodega-los-frutales-ronda,Bodega Los Frutales,Ronda,Bodega y licores,"Vinos de Málaga, moscatel, tintos y blancos","Paraje los Frontones, s/n, 29400 Ronda, Málaga","Bodega Los Frutales es un productor local de Ronda especializado en vinos de málaga, moscatel, tintos y blancos, integrado en la oferta agroalimentaria de proximidad de la provincia de Málaga.",Consultar web o venta directa,637 42 19 88,info@bodegalosfrutales.es,https://bodegalosfrutales.com/,https://www.facebook.com/bodegalosfrutales,https://www.instagram.com/bodegalosfrutales/,https://www.google.com/maps/search/?api=1&query=Bodega%20Los%20Frutales%2C%20Paraje%20los%20Frontones%2C%20s%2Fn%2C%2029400%20Ronda%2C%20M%C3%A1laga&query_place_id=ChIJUZrKLwA3DQ0RH7oGkxJpYM8,36.778355,-5.182939999999999,2026-05-14,
bodega-lunares-de-ronda-ronda,Bodega Lunares de Ronda,Ronda,Bodega y licores,"Vinos de Málaga, moscatel, tintos y blancos","Carretera Ronda-El Burgo, A366, Km 1, 29400, 29400 Ronda, Málaga","Bodega Lunares de Ronda es un productor local de Ronda especializado en vinos de málaga, moscatel, tintos y blancos, integrado en la oferta agroalimentaria de proximidad de la provincia de Málaga.",Consultar web o venta directa,649 69 08 47,vinos@bodegaslunares.com,http://www.bodegaslunares.com/,,,https://www.google.com/maps/search/?api=1&query=Bodega%20Lunares%20de%20Ronda%2C%20Carretera%20Ronda-El%20Burgo%2C%20A366%2C%20Km%201%2C%2029400%2C%2029400%20Ronda%2C%20M%C3%A1laga&query_place_id=ChIJT1yRgvczDQ0RE0YbznU3J2A,36.75518539999999,-5.1321208,2026-05-14,
bodega-nilva-enoturismo-manilva,Bodega Nilva Enoturismo,Manilva,Bodega y licores,"Vinos de Málaga, moscatel, tintos y blancos","Calle Dr. Alvarez Leiva, 2, 29691 Manilva, Málaga","Bodega Nilva Enoturismo es un productor local de Manilva especializado en vinos de málaga, moscatel, tintos y blancos, integrado en la oferta agroalimentaria de proximidad de la provincia de Málaga.",Consultar web o venta directa,609 29 03 70,info@nilva.es,http://www.nilva.es/,https://www.facebook.com/nilvaenoturismo,https://www.instagram.com/argi.nilvaenoturismo/,https://www.google.com/maps/search/?api=1&query=Bodega%20Nilva%20Enoturismo%2C%20Calle%20Dr.%20Alvarez%20Leiva%2C%202%2C%2029691%20Manilva%2C%20M%C3%A1laga&query_place_id=ChIJfzKGpkLaDA0RyvIqBsqcPfA,36.3762683,-5.2476325,2026-05-14,
bodega-nino-de-la-salina-almargen,Bodega Niño de la Salina,Almargen,Bodega y licores,"Vinos de Málaga, moscatel, tintos y blancos","C. Corredera, S/N, 29330 Almargen, Málaga","Bodega Niño de la Salina es un productor local de Almargen especializado en vinos de málaga, moscatel, tintos y blancos, integrado en la oferta agroalimentaria de proximidad de la provincia de Málaga.",Consultar web o venta directa,952 18 26 08,info@fontalbacapote.es,http://www.fontalbacapote.es/,,https://www.instagram.com/bodeganinodelasalina/,https://www.google.com/maps/search/?api=1&query=Bodega%20Ni%C3%B1o%20de%20la%20Salina%2C%20C.%20Corredera%2C%20S%2FN%2C%2029330%20Almargen%2C%20M%C3%A1laga&query_place_id=ChIJWYSRJImycg0Rz5pwn14fKis,37.0059,-5.022531,2026-05-14,
bodega-ucopaxa-velez-malaga,Bodega Ucopaxa,Vélez-Málaga,Bodega y licores,"Vinos de Málaga, moscatel, tintos y blancos","C. Juan de Juanes, 6, 29700 Vélez-Málaga, Málaga","Bodega Ucopaxa es un productor local de Vélez-Málaga especializado en vinos de málaga, moscatel, tintos y blancos, integrado en la oferta agroalimentaria de proximidad de la provincia de Málaga.",Consultar web o venta directa,952 50 34 00,oficinasaboramalaga@malaga.es,http://ucopaxa.com/,,,https://www.google.com/maps/search/?api=1&query=Bodega%20Ucopaxa%2C%20C.%20Juan%20de%20Juanes%2C%206%2C%2029700%20V%C3%A9lez-M%C3%A1laga%2C%20M%C3%A1laga&query_place_id=ChIJvyKRYhJHcg0RNlEJAWblD5o,36.7663959,-4.0925088,2026-05-14,
bodega-vetas-arriate,Bodega Vetas,Arriate,Bodega y licores,"Vinos de Málaga, moscatel, tintos y blancos","Camino Nador, S/N, 29350 Arriate, Málaga","Bodega Vetas es un productor local de Arriate especializado en vinos de málaga, moscatel, tintos y blancos, integrado en la oferta agroalimentaria de proximidad de la provincia de Málaga.",Consultar web o venta directa,647 17 76 20,info@bodegavetas.com,http://www.bodegavetas.com/,https://www.facebook.com/bodegavetas,https://www.instagram.com/bodegavetas/,https://www.google.com/maps/search/?api=1&query=Bodega%20Vetas%2C%20Camino%20Nador%2C%20S%2FN%2C%2029350%20Arriate%2C%20M%C3%A1laga&query_place_id=ChIJve3gCzg0DQ0R6dBOn1WVvQA,36.789331,-5.122579,2026-05-14,
bodega-victoria-ordonez-malaga,Bodega Victoria Ordoñez,Málaga,Bodega y licores,"Vinos de Málaga, moscatel, tintos y blancos","C. Ciro Alegría, 75, Churriana, 29004 Málaga","Bodega Victoria Ordoñez es un productor local de Málaga especializado en vinos de málaga, moscatel, tintos y blancos, integrado en la oferta agroalimentaria de proximidad de la provincia de Málaga.",Consultar web o venta directa,952 22 85 40,administracion@victoriaordonez.com,https://victoriaordonez.com/,https://www.facebook.com/bodegasvictoriaordonez/,https://www.instagram.com/bodegasvictoriaordonez/,https://www.google.com/maps/search/?api=1&query=Bodega%20Victoria%20Ordo%C3%B1ez%2C%20C.%20Ciro%20Alegr%C3%ADa%2C%2075%2C%20Churriana%2C%2029004%20M%C3%A1laga&query_place_id=ChIJyciaewD6cg0R3WOPJrosM4Q,36.697501,-4.4824932,2026-05-14,
bodegas-almijara-competa,Bodegas Almijara,Cómpeta,Bodega y licores,"Vinos de Málaga, moscatel, tintos y blancos","Cam. de Canillas de Albaida, 29755 Canillas de Albaida, Málaga","Bodegas Almijara es un productor local de Cómpeta especializado en vinos de málaga, moscatel, tintos y blancos, integrado en la oferta agroalimentaria de proximidad de la provincia de Málaga.",Consultar web o venta directa,952 55 32 85,bodegasalmijara@gmail.com,http://www.bodegasalmijara.com/,https://www.facebook.com/profile.php?id=100057548330394,https://www.instagram.com/bodegas_almijara/,https://www.google.com/maps/search/?api=1&query=Bodegas%20Almijara%2C%20Cam.%20de%20Canillas%20de%20Albaida%2C%2029755%20Canillas%20de%20Albaida%2C%20M%C3%A1laga&query_place_id=ChIJ5XIW76s7cg0R1Hh5NXrmh7s,36.835343,-3.9817607,2026-05-14,
bodegas-antakira-antequera,Bodegas Antakira,Antequera,Bodega y licores,"Vinos de Málaga, moscatel, tintos y blancos","C. Canarias, 151, 29200 Antequera, Málaga","Bodegas Antakira es un productor local de Antequera especializado en vinos de málaga, moscatel, tintos y blancos, integrado en la oferta agroalimentaria de proximidad de la provincia de Málaga.",Consultar web o venta directa,952 74 64 74,info@bodegasantakira.com,http://www.bodegasantakira.com/,https://www.facebook.com/NarbonaSeleccion/,,https://www.google.com/maps/search/?api=1&query=Bodegas%20Antakira%2C%20C.%20Canarias%2C%20151%2C%2029200%20Antequera%2C%20M%C3%A1laga&query_place_id=ChIJA4zsQACFcg0RAxY_d2WZc1w,37.0427773,-4.5208351,2026-05-14,
bodegas-bentomiz-sayalonga,Bodegas Bentomiz,Sayalonga,Bodega y licores,"Vinos de Málaga, moscatel, tintos y blancos","Finca El Almendro, Pago Cuesta Robano, 29752 Sayalonga, Málaga","Bodegas Bentomiz es un productor local de Sayalonga especializado en vinos de málaga, moscatel, tintos y blancos, integrado en la oferta agroalimentaria de proximidad de la provincia de Málaga.",Consultar web o venta directa,633 94 98 31,info@bodegasbentomiz.com,https://www.bodegasbentomiz.com/,https://www.facebook.com/BodegasBentomiz/,https://www.instagram.com/bodegasbentomiz/,https://www.google.com/maps/search/?api=1&query=Bodegas%20Bentomiz%2C%20Finca%20El%20Almendro%2C%20Pago%20Cuesta%20Robano%2C%2029752%20Sayalonga%2C%20M%C3%A1laga&query_place_id=ChIJpYx5Mq4-cg0RpQ3OuF7r_ug,36.8089749,-3.997391999999999,2026-05-14,
bodegas-carpe-diem-mollina,Bodegas Carpe Diem,Mollina,Bodega y licores,"Vinos de Málaga, moscatel, tintos y blancos","Av. de América, 35, 29532 Mollina, Málaga","Bodegas Carpe Diem es un productor local de Mollina especializado en vinos de málaga, moscatel, tintos y blancos, integrado en la oferta agroalimentaria de proximidad de la provincia de Málaga.",Consultar web o venta directa,952 74 01 00,info@virgendelaoliva.com,https://bodegascarpediem.com/,https://www.facebook.com/bodegascarpediem,https://www.instagram.com/bodegas_carpediem/,https://www.google.com/maps/search/?api=1&query=Bodegas%20Carpe%20Diem%2C%20Av.%20de%20Am%C3%A9rica%2C%2035%2C%2029532%20Mollina%2C%20M%C3%A1laga&query_place_id=ChIJJ2zCH7Secg0RZDhegeuH3DU,37.1241575,-4.6616251,2026-05-14,
bodegas-excelencia-ronda,Bodegas Excelencia,Ronda,Bodega y licores,"Vinos de Málaga, moscatel, tintos y blancos","Cordel del Puerto a El Quejigal, s/n, 29400 Ronda, Málaga","Bodegas Excelencia es un productor local de Ronda especializado en vinos de málaga, moscatel, tintos y blancos, integrado en la oferta agroalimentaria de proximidad de la provincia de Málaga.",Consultar web o venta directa,628 11 55 61,ronda@bodegasexcelencia.com,http://www.bodegasexcelencia.com/,http://www.facebook.com/BodegasExcelencia,,https://www.google.com/maps/search/?api=1&query=Bodegas%20Excelencia%2C%20Cordel%20del%20Puerto%20a%20El%20Quejigal%2C%20s%2Fn%2C%2029400%20Ronda%2C%20M%C3%A1laga&query_place_id=ChIJqzHq5UcxDQ0RGb492LcnW1A,36.8180461,-5.1816355,2026-05-14,
bodegas-jorge-ordonez-malaga-velez-malaga,Bodegas Jorge Ordóñez Málaga,Vélez-Málaga,Bodega y licores,"Vinos de Málaga, moscatel, tintos y blancos","C. Julio Romero de Torres, 12, 29700 Vélez-Málaga, Málaga","Bodegas Jorge Ordóñez Málaga es un productor local de Vélez-Málaga especializado en vinos de málaga, moscatel, tintos y blancos, integrado en la oferta agroalimentaria de proximidad de la provincia de Málaga.",Consultar web o venta directa,952 50 47 06,pedidos@jorgeordonez.es,https://jorgeordonez.es/,https://www.facebook.com/jorgeordonezselections?ref=hl,https://www.instagram.com/jorgeordonezselections/,https://www.google.com/maps/search/?api=1&query=Bodegas%20Jorge%20Ord%C3%B3%C3%B1ez%20M%C3%A1laga%2C%20C.%20Julio%20Romero%20de%20Torres%2C%2012%2C%2029700%20V%C3%A9lez-M%C3%A1laga%2C%20M%C3%A1laga&query_place_id=ChIJq8O35O9Hcg0RoSuIRx9gUb4,36.7616651,-4.094107699999999,2026-05-14,
bodegas-malaga-virgen-fuente-de-piedra,Bodegas Málaga Virgen,Fuente de Piedra,Bodega y licores,"Vinos de Málaga, moscatel, tintos y blancos","A-92 km 132, Finca Vistahermosa, 29520 Fuente de Piedra, Málaga","Bodegas Málaga Virgen es un productor local de Fuente de Piedra especializado en vinos de málaga, moscatel, tintos y blancos, integrado en la oferta agroalimentaria de proximidad de la provincia de Málaga.",Consultar web o venta directa,952 31 94 54,bodegas@bodegasmalagavirgen.com,http://www.bodegasmalagavirgen.com/,https://www.facebook.com/bodegasmalagavirgen/,https://www.instagram.com/bodegasmalagavirgen/,https://www.google.com/maps/search/?api=1&query=Bodegas%20M%C3%A1laga%20Virgen%2C%20A-92%20km%20132%2C%20Finca%20Vistahermosa%2C%2029520%20Fuente%20de%20Piedra%2C%20M%C3%A1laga&query_place_id=ChIJLVxY9s-hcg0Rq1dPAkQG6hY,37.15555459999999,-4.7429501,2026-05-14,
bodegas-manilva-manilva,Bodegas Manilva,Manilva,Bodega y licores,"Vinos de Málaga, moscatel, tintos y blancos","C. Mar, 76, 29691 Manilva, Málaga","Bodegas Manilva es un productor local de Manilva especializado en vinos de málaga, moscatel, tintos y blancos, integrado en la oferta agroalimentaria de proximidad de la provincia de Málaga.",Consultar web o venta directa,639 10 76 94,bodegasmanilva@gmail.com,http://bodegasmanilva.com/,,https://www.instagram.com/bodegas_manilva/,https://www.google.com/maps/search/?api=1&query=Bodegas%20Manilva%2C%20C.%20Mar%2C%2076%2C%2029691%20Manilva%2C%20M%C3%A1laga&query_place_id=ChIJg3Be6YHbDA0RL-HztXHKK7o,36.3764624,-5.248442,2026-05-14,
bodegas-morosanto-ronda,Bodegas Morosanto,Ronda,Bodega y licores,"Vinos de Málaga, moscatel, tintos y blancos","Carretera Arriate-Setenil, Km 1.6, 29400 Ronda, Málaga","Bodegas Morosanto es un productor local de Ronda especializado en vinos de málaga, moscatel, tintos y blancos, integrado en la oferta agroalimentaria de proximidad de la provincia de Málaga.",Consultar web o venta directa,662 67 11 11,info@bodegasmorosanto.com,http://www.bodegasmorosanto.com/,https://www.facebook.com/bodegasmorosanto/,https://www.instagram.com/bodegasmorosanto/,https://www.google.com/maps/search/?api=1&query=Bodegas%20Morosanto%2C%20Carretera%20Arriate-Setenil%2C%20Km%201.6%2C%2029400%20Ronda%2C%20M%C3%A1laga&query_place_id=ChIJBxo1Tgs2DQ0RnafdocW_7dg,36.8220589,-5.1481602,2026-05-14,
bodegas-perez-hidalgo-alora,Bodegas Pérez Hidalgo,Álora,Bodega y licores,"Ginebra, licores, vermut y destilados","Av. Virgen de Flores, 15, 29500 Álora, Málaga","Bodegas Pérez Hidalgo es un productor local de Álora especializado en ginebra, licores, vermut y destilados, integrado en la oferta agroalimentaria de proximidad de la provincia de Málaga.",Consultar web o venta directa,649 43 63 62,info@bodegasperezhidalgo.es,http://www.bodegasperezhidalgo.es/,,,https://www.google.com/maps/search/?api=1&query=Bodegas%20P%C3%A9rez%20Hidalgo%2C%20Av.%20Virgen%20de%20Flores%2C%2015%2C%2029500%20%C3%81lora%2C%20M%C3%A1laga&query_place_id=ChIJVVVVVSWVcg0RqJ-i9ZzRbmU,36.8304245,-4.705686099999999,2026-05-14,
bodegas-quitapenas-malaga,Bodegas Quitapenas,Málaga,Bodega y licores,"Ginebra, licores, vermut y destilados","Ctra. Guadalmar, 12, Churriana, 29004 Málaga","Bodegas Quitapenas es un productor local de Málaga especializado en ginebra, licores, vermut y destilados, integrado en la oferta agroalimentaria de proximidad de la provincia de Málaga.",Consultar web o venta directa,952 24 75 95,bodegas@quitapenas.es,http://www.quitapenas.es/,https://www.facebook.com/Bodegas.Quitapenas/,https://www.instagram.com/bquitapenas/,https://www.google.com/maps/search/?api=1&query=Bodegas%20Quitapenas%2C%20Ctra.%20Guadalmar%2C%2012%2C%20Churriana%2C%2029004%20M%C3%A1laga&query_place_id=ChIJKQcGCYz5cg0R3hUUMpdjb-E,36.671928,-4.474448499999999,2026-05-14,
bodegas-sanchez-rosado-cartama,Bodegas Sánchez-Rosado,Cártama,Bodega y licores,"Vinos de Málaga, moscatel, tintos y blancos","Parcela 47,Poligono 14,, 29570 Cártama, Málaga","Bodegas Sánchez-Rosado es un productor local de Cártama especializado en vinos de málaga, moscatel, tintos y blancos, integrado en la oferta agroalimentaria de proximidad de la provincia de Málaga.",Consultar web o venta directa,657 10 08 07,info@bodegassanchezrosado.com,http://www.bodegassanchezrosado.com/,,,https://www.google.com/maps/search/?api=1&query=Bodegas%20S%C3%A1nchez-Rosado%2C%20Parcela%2047%2CPoligono%2014%2C%2C%2029570%20C%C3%A1rtama%2C%20M%C3%A1laga&query_place_id=ChIJAU2sZ3rvcg0RdEPEUwVwhIY,36.703659,-4.611216,2026-05-14,
bodegas-y-vinedos-de-la-capuchina-mollina,Bodegas y Viñedos de la Capuchina,Mollina,Bodega y licores,"Vinos de Málaga, moscatel, tintos y blancos","Cortijo La Capuchina, s/n, 29532 Mollina, Málaga","Bodegas y Viñedos de la Capuchina es un productor local de Mollina especializado en vinos de málaga, moscatel, tintos y blancos, integrado en la oferta agroalimentaria de proximidad de la provincia de Málaga.",Consultar web o venta directa,651 58 79 56,info@bodegalacapuchina.es,http://www.bodegalacapuchina.es/,,,https://www.google.com/maps/search/?api=1&query=Bodegas%20y%20Vi%C3%B1edos%20de%20la%20Capuchina%2C%20Cortijo%20La%20Capuchina%2C%20s%2Fn%2C%2029532%20Mollina%2C%20M%C3%A1laga&query_place_id=ChIJRYhyJOudcg0RSp8_IkNVrnw,37.1705096,-4.642104799999999,2026-05-14,
burgoliva-el-burgo,Burgoliva,El Burgo,Aceite,"Aceite de oliva virgen extra, AOVE, olivar malagueño","POL. IND. LOS BUJEOS S/N, 29420 El Burgo, Málaga","Burgoliva es un productor local de El Burgo especializado en aceite de oliva virgen extra, aove, olivar malagueño, integrado en la oferta agroalimentaria de proximidad de la provincia de Málaga.",Consultar web o venta directa,952 16 03 28,info@burgoliva.com,https://burgoliva.com/,,,https://www.google.com/maps/search/?api=1&query=Burgoliva%2C%20POL.%20IND.%20LOS%20BUJEOS%20S%2FN%2C%2029420%20El%20Burgo%2C%20M%C3%A1laga&query_place_id=ChIJiymLP7_Jcg0R_0zcjKvl2vI,36.7935602,-4.9528596,2026-05-14,
cadelmar-antequera,Cadelmar,Antequera,Carnes y embutidos,"Embutidos, salchichón de Málaga, chacinas y carnes","CENTRO LOGISTICO PARCELA, Antequera, 10, 29200 Antequera, Málaga","Cadelmar es un productor local de Antequera especializado en embutidos, salchichón de málaga, chacinas y carnes, integrado en la oferta agroalimentaria de proximidad de la provincia de Málaga.",Consultar web o venta directa,951 06 03 90,marilo.jimenez@cadelmar.es,https://www.cadelmar.com/es/,,,https://www.google.com/maps/search/?api=1&query=Cadelmar%2C%20CENTRO%20LOGISTICO%20PARCELA%2C%20Antequera%2C%2010%2C%2029200%20Antequera%2C%20M%C3%A1laga&query_place_id=ChIJ3S7J2yaFcg0RatsA9tEqpC8,37.0798006,-4.5469957,2026-05-14,
cafes-carambuco-malaga,Cafés Carambuco,Málaga,Café y tostadores,"Café tostado, mezclas, café de especialidad","Av. de Molière, 12, Carretera de Cádiz, 29004 Málaga","Cafés Carambuco es un productor local de Málaga especializado en café tostado, mezclas, café de especialidad, integrado en la oferta agroalimentaria de proximidad de la provincia de Málaga.",Consultar web o venta directa,952 62 11 48,guillermo@carambuco.com,http://www.carambuco.com/,,,https://www.google.com/maps/search/?api=1&query=Caf%C3%A9s%20Carambuco%2C%20Av.%20de%20Moli%C3%A8re%2C%2012%2C%20Carretera%20de%20C%C3%A1diz%2C%2029004%20M%C3%A1laga&query_place_id=ChIJ38Yfutz5cg0RUQF1nQDMhh8,36.6886465,-4.4550402,2026-05-14,
cafes-la-hacienda-malaga,Cafés La Hacienda,Málaga,Café y tostadores,"Café tostado, mezclas, café de especialidad","C. Fernando Camino, 6, Málaga-Este, 29016 Málaga","Cafés La Hacienda es un productor local de Málaga especializado en café tostado, mezclas, café de especialidad, integrado en la oferta agroalimentaria de proximidad de la provincia de Málaga.",Consultar web o venta directa,616 54 05 55,info@lahacienda.es,https://lahacienda.es/,,,https://www.google.com/maps/search/?api=1&query=Caf%C3%A9s%20La%20Hacienda%2C%20C.%20Fernando%20Camino%2C%206%2C%20M%C3%A1laga-Este%2C%2029016%20M%C3%A1laga&query_place_id=ChIJ8wTjxL_3cg0RSKV6E6vGg6U,36.72000329999999,-4.4091979,2026-05-14,
cafes-mokasol-malaga,Cafés Mokasol,Málaga,Café y tostadores,"Café tostado, mezclas, café de especialidad","Pol. Industrial, C. Cuernavaca, 14, Cruz de Humilladero, 29006 Málaga","Cafés Mokasol es un productor local de Málaga especializado en café tostado, mezclas, café de especialidad, integrado en la oferta agroalimentaria de proximidad de la provincia de Málaga.",Consultar web o venta directa,952 34 86 28,ines@mokasol.es,https://www.mokasol.es/,https://www.facebook.com/Caf%C3%A9s-Mokasol-470151459813067/,,https://www.google.com/maps/search/?api=1&query=Caf%C3%A9s%20Mokasol%2C%20Pol.%20Industrial%2C%20C.%20Cuernavaca%2C%2014%2C%20Cruz%20de%20Humilladero%2C%2029006%20M%C3%A1laga&query_place_id=ChIJ23Hj-1P3cg0RYjT5lBrFajg,36.7036753,-4.4752686,2026-05-14,
campo-betica-malaga,Campo Bética,Málaga,Chocolate,"Chocolate, cacao, bombones y elaborados dulces","C. Licurgo, 27, Carretera de Cádiz, 29004 Málaga","Campo Bética es un productor local de Málaga especializado en chocolate, cacao, bombones y elaborados dulces, integrado en la oferta agroalimentaria de proximidad de la provincia de Málaga.",Consultar web o venta directa,952 23 00 94,info@campobetica.com,http://www.campobetica.com/,https://facebook.com/BioBETICA-161042763940978/,https://www.instagram.com/biobetica/,https://www.google.com/maps/search/?api=1&query=Campo%20B%C3%A9tica%2C%20C.%20Licurgo%2C%2027%2C%20Carretera%20de%20C%C3%A1diz%2C%2029004%20M%C3%A1laga&query_place_id=ChIJb5tx7ub5cg0R1-K1SiCuvT4,36.6921231,-4.462439,2026-05-14,
campo-de-benamayor-la-competena-malaga,"Campo de Benamayor, La Competeña",Málaga,Bodega y licores,"Vinos de Málaga, moscatel, tintos y blancos","Pl. Pintor Sandro Botticelli, 4, Teatinos-Universidad, 29010 Málaga","Campo de Benamayor, La Competeña es un productor local de Málaga especializado en vinos de málaga, moscatel, tintos y blancos, integrado en la oferta agroalimentaria de proximidad de la provincia de Málaga.",Consultar web o venta directa,651 48 13 25,info@campodebenamayor.es,http://www.campodebenamayor.es/,https://www.facebook.com/Campo-de-Benamayor-121460671318719/,,https://www.google.com/maps/search/?api=1&query=Campo%20de%20Benamayor%2C%20La%20Compete%C3%B1a%2C%20Pl.%20Pintor%20Sandro%20Botticelli%2C%204%2C%20Teatinos-Universidad%2C%2029010%20M%C3%A1laga&query_place_id=ChIJsZtcF-n3cg0RU_SqoYpFx8g,36.7189769,-4.4604978,2026-05-14,
capricho-helado-artesano-coin,Capricho Helado Artesano,Coín,Bodega y licores,"Vinos de Málaga, moscatel, tintos y blancos","Plaza de la Villa, 9, 29100 Coín, Málaga","Capricho Helado Artesano es un productor local de Coín especializado en vinos de málaga, moscatel, tintos y blancos, integrado en la oferta agroalimentaria de proximidad de la provincia de Málaga.",Consultar web o venta directa,678 98 47 52,caprichoheladoartesano@gmail.com,https://heladoscapricho.com/,https://www.facebook.com/CaprichoHeladoArtesano/,https://www.instagram.com/caprichoheladoartesano/?hl=es,https://www.google.com/maps/search/?api=1&query=Capricho%20Helado%20Artesano%2C%20Plaza%20de%20la%20Villa%2C%209%2C%2029100%20Co%C3%ADn%2C%20M%C3%A1laga&query_place_id=ChIJgW6FTmzdcg0RAqlaA8TPpSk,36.6609722,-4.7556479,2026-05-14,
caprisur-antequera,Caprisur,Antequera,Despensa artesanal,"Croquetas, salsas, conservas, platos preparados y despensa local","BDA LA HIGUERA S/N BUZON 96, 29200 Antequera, Málaga","Caprisur es un productor local de Antequera especializado en croquetas, salsas, conservas, platos preparados y despensa local, integrado en la oferta agroalimentaria de proximidad de la provincia de Málaga.",Consultar web o venta directa,652 11 89 42,info@caprisur.es,https://caprisur.es/,https://www.facebook.com/cabritoscaprisurMG/,https://www.instagram.com/caprisur.chivo.lechal.malaga/,https://www.google.com/maps/search/?api=1&query=Caprisur%2C%20BDA%20LA%20HIGUERA%20S%2FN%20BUZON%2096%2C%2029200%20Antequera%2C%20M%C3%A1laga&query_place_id=ChIJZ6ruPemTcg0RFlJ9srvyTSU,36.9269669,-4.5813403,2026-05-14,
carnes-y-chacinas-la-torcalena-antequera,Carnes y Chacinas La Torcaleña,Antequera,Despensa artesanal,"Croquetas, salsas, conservas, platos preparados y despensa local","Pl. San Francisco, Puesto 52, 29200 Antequera, Málaga","Carnes y Chacinas La Torcaleña es un productor local de Antequera especializado en croquetas, salsas, conservas, platos preparados y despensa local, integrado en la oferta agroalimentaria de proximidad de la provincia de Málaga.",Consultar web o venta directa,691 31 98 97,carnesychacinasantequera@hotmail.com,http://www.carnesychacinas.com/,https://www.facebook.com/latorcalena/,https://www.instagram.com/latorcalena/,https://www.google.com/maps/search/?api=1&query=Carnes%20y%20Chacinas%20La%20Torcale%C3%B1a%2C%20Pl.%20San%20Francisco%2C%20Puesto%2052%2C%2029200%20Antequera%2C%20M%C3%A1laga&query_place_id=ChIJ0SOYbbGPcg0RoC1OzLk2jro,37.0193126,-4.5581779,2026-05-14,
carniceria-adorin-el-sartenero-canillas-de-aceituno,Carnicería Adorín 'El Sartenero',Canillas de Aceituno,Carnes y embutidos,"Embutidos, salchichón de Málaga, chacinas y carnes","MA-125, 10, 29716 Canillas de Aceituno, Málaga","Carnicería Adorín 'El Sartenero' es un productor local de Canillas de Aceituno especializado en embutidos, salchichón de málaga, chacinas y carnes, integrado en la oferta agroalimentaria de proximidad de la provincia de Málaga.",Consultar web o venta directa,654 34 49 74,oficinasaboramalaga@malaga.es,https://adorincarniceria.wixsite.com/adorincarniceria,,,https://www.google.com/maps/search/?api=1&query=Carnicer%C3%ADa%20Ador%C3%ADn%20'El%20Sartenero'%2C%20MA-125%2C%2010%2C%2029716%20Canillas%20de%20Aceituno%2C%20M%C3%A1laga&query_place_id=ChIJDymmgBBAcg0Ru8rn6w9bT9g,36.8731716,-4.0823347,2026-05-14,
carniceria-aragon-pizarra,Carnicería Aragón,Pizarra,Carnes y embutidos,"Embutidos, salchichón de Málaga, chacinas y carnes","C. Virgen de los Dolores, 29569 Zalea, Málaga","Carnicería Aragón es un productor local de Pizarra especializado en embutidos, salchichón de málaga, chacinas y carnes, integrado en la oferta agroalimentaria de proximidad de la provincia de Málaga.",Consultar web o venta directa,952 48 39 33,Irenearagon28@gmail.com,,,,https://www.google.com/maps/search/?api=1&query=Carnicer%C3%ADa%20Arag%C3%B3n%2C%20C.%20Virgen%20de%20los%20Dolores%2C%2029569%20Zalea%2C%20M%C3%A1laga&query_place_id=ChIJAdsZmBjCcg0Rya5tISeffw8,36.7668371,-4.7477694,2026-05-14,
carniceria-diego-estepona,Carnicería Diego,Estepona,Carnes y embutidos,"Embutidos, salchichón de Málaga, chacinas y carnes","Av. Valencia, 20, 29680 Estepona, Málaga","Carnicería Diego es un productor local de Estepona especializado en embutidos, salchichón de málaga, chacinas y carnes, integrado en la oferta agroalimentaria de proximidad de la provincia de Málaga.",Consultar web o venta directa,659 98 06 19,carniceriadiegoenestepona@gmail.com,,,,https://www.google.com/maps/search/?api=1&query=Carnicer%C3%ADa%20Diego%2C%20Av.%20Valencia%2C%2020%2C%2029680%20Estepona%2C%20M%C3%A1laga&query_place_id=ChIJvcLSLbHXDA0RWJhPxdwS1ps,36.4295335,-5.1435866,2026-05-14,
carniceria-el-perdi-cartama,Carnicería El Perdi,Cártama,Carnes y embutidos,"Embutidos, salchichón de Málaga, chacinas y carnes","Arrabal Au-42 la Fabriquilla, 29580, Málaga","Carnicería El Perdi es un productor local de Cártama especializado en embutidos, salchichón de málaga, chacinas y carnes, integrado en la oferta agroalimentaria de proximidad de la provincia de Málaga.",Consultar web o venta directa,952 42 05 77,carniceria.elperdi@gmail.com,https://es-es.facebook.com/carniceriaelperdi,,,https://www.google.com/maps/search/?api=1&query=Carnicer%C3%ADa%20El%20Perdi%2C%20Arrabal%20Au-42%20la%20Fabriquilla%2C%2029580%2C%20M%C3%A1laga&query_place_id=ChIJs_-MllXucg0RbWs4zDLBqdA,36.7399639,-4.6025607,2026-05-14,
carniceria-hnos-lopez-colmenar,Carnicería Hnos López,Colmenar,Carnes y embutidos,"Embutidos, salchichón de Málaga, chacinas y carnes","C. Cam. de Malaga, 85, 29170 Colmenar, Málaga","Carnicería Hnos López es un productor local de Colmenar especializado en embutidos, salchichón de málaga, chacinas y carnes, integrado en la oferta agroalimentaria de proximidad de la provincia de Málaga.",Consultar web o venta directa,653 65 88 97,carniceriahnoslopez@hotmail.es,,,,https://www.google.com/maps/search/?api=1&query=Carnicer%C3%ADa%20Hnos%20L%C3%B3pez%2C%20C.%20Cam.%20de%20Malaga%2C%2085%2C%2029170%20Colmenar%2C%20M%C3%A1laga&query_place_id=ChIJt_tQIWxhcg0RKnSnyoATEU4,36.9035407,-4.3391939,2026-05-14,
carniceria-josefina-coin,Carnicería Josefina,Coín,Carnes y embutidos,"Embutidos, salchichón de Málaga, chacinas y carnes","C. Cristóbal Colón, 2, 29100 Coín, Málaga","Carnicería Josefina es un productor local de Coín especializado en embutidos, salchichón de málaga, chacinas y carnes, integrado en la oferta agroalimentaria de proximidad de la provincia de Málaga.",Consultar web o venta directa,952 45 37 69,carniceriajosefinacoin@hotmail.com,,,https://www.instagram.com/carniceriajosefinacoin/?hl=es,https://www.google.com/maps/search/?api=1&query=Carnicer%C3%ADa%20Josefina%2C%20C.%20Crist%C3%B3bal%20Col%C3%B3n%2C%202%2C%2029100%20Co%C3%ADn%2C%20M%C3%A1laga&query_place_id=ChIJicoipxndcg0RHTrhfFx4blE,36.6612278,-4.760847399999999,2026-05-14,
carniceria-maria-velez-malaga,Carnicería María,Vélez-Málaga,Carnes y embutidos,"Embutidos, salchichón de Málaga, chacinas y carnes","C. Molino Velasco, 2, 29700 Vélez-Málaga, Málaga","Carnicería María es un productor local de Vélez-Málaga especializado en embutidos, salchichón de málaga, chacinas y carnes, integrado en la oferta agroalimentaria de proximidad de la provincia de Málaga.",Consultar web o venta directa,600 02 19 33,alcauzaramirez@gmail.com,,,,https://www.google.com/maps/search/?api=1&query=Carnicer%C3%ADa%20Mar%C3%ADa%2C%20C.%20Molino%20Velasco%2C%202%2C%2029700%20V%C3%A9lez-M%C3%A1laga%2C%20M%C3%A1laga&query_place_id=ChIJL8YnQLdHcg0RsxchH6QB_3k,36.7749648,-4.1004958,2026-05-14,
carniceria-pepi-alora,Carnicería Pepi,Álora,Carnes y embutidos,"Embutidos, salchichón de Málaga, chacinas y carnes","C. Aranda, 33, 29510 Álora, Málaga","Carnicería Pepi es un productor local de Álora especializado en embutidos, salchichón de málaga, chacinas y carnes, integrado en la oferta agroalimentaria de proximidad de la provincia de Málaga.",Consultar web o venta directa,952 49 63 16,ventas@carniceriapepi.es,,https://facebook.com/Carniceria-Pepi-1505176773047162/,,https://www.google.com/maps/search/?api=1&query=Carnicer%C3%ADa%20Pepi%2C%20C.%20Aranda%2C%2033%2C%2029510%20%C3%81lora%2C%20M%C3%A1laga&query_place_id=ChIJmzAgDVfqcg0RV2Ztvc6DyZg,36.815613,-4.695377,2026-05-14,
carniceria-rivero-riogordo,Carnicería Rivero,Riogordo,Carnes y embutidos,"Embutidos, salchichón de Málaga, chacinas y carnes","Calle Gral. Antonio Morales Villanueva, 21, 29180 Riogordo, Málaga","Carnicería Rivero es un productor local de Riogordo especializado en embutidos, salchichón de málaga, chacinas y carnes, integrado en la oferta agroalimentaria de proximidad de la provincia de Málaga.",Consultar web o venta directa,952 73 20 95,carniceriarivero.17@gmail.com,,,,https://www.google.com/maps/search/?api=1&query=Carnicer%C3%ADa%20Rivero%2C%20Calle%20Gral.%20Antonio%20Morales%20Villanueva%2C%2021%2C%2029180%20Riogordo%2C%20M%C3%A1laga&query_place_id=ChIJ3-YQ-Oxncg0R9vEagmUDWkQ,36.9161042,-4.2930274,2026-05-14,
carniko-malaga,CÁRNIKO,Málaga,Carnes y embutidos,"Embutidos, salchichón de Málaga, chacinas y carnes","C. Benadalid, 45, Cruz de Humilladero, 29006 Málaga","CÁRNIKO es un productor local de Málaga especializado en embutidos, salchichón de málaga, chacinas y carnes, integrado en la oferta agroalimentaria de proximidad de la provincia de Málaga.",Consultar web o venta directa,635 47 94 15,direccion@carniko.com,https://www.carniko.es/,,,https://www.google.com/maps/search/?api=1&query=C%C3%81RNIKO%2C%20C.%20Benadalid%2C%2045%2C%20Cruz%20de%20Humilladero%2C%2029006%20M%C3%A1laga&query_place_id=ChIJZ-6kSov3cg0RVnV351BMFew,36.701915,-4.468142800000001,2026-05-14,
casa-kiki-malaga,Casa Kiki,Málaga,Lácteos y quesos,"Quesos de cabra, lácteos artesanos, yogur","C. Corregidor Nicolás Isidro, 1, Cruz de Humilladero, 29007 Málaga","Casa Kiki es un productor local de Málaga especializado en quesos de cabra, lácteos artesanos, yogur, integrado en la oferta agroalimentaria de proximidad de la provincia de Málaga.",Consultar web o venta directa,952 34 85 23,marketing@casakiki.com,https://www.casakiki.com/,https://www.facebook.com/CasaKikiMalaga,https://www.instagram.com/casakikimalaga/,https://www.google.com/maps/search/?api=1&query=Casa%20Kiki%2C%20C.%20Corregidor%20Nicol%C3%A1s%20Isidro%2C%201%2C%20Cruz%20de%20Humilladero%2C%2029007%20M%C3%A1laga&query_place_id=ChIJpeqmt233cg0RS-Ufc4WT4Do,36.7162934,-4.451027,2026-05-14,
casa-maribel-velez-malaga,Casa Maribel,Vélez-Málaga,Carnes y embutidos,"Embutidos, salchichón de Málaga, chacinas y carnes","C. Magallanes, 8, 29700 Vélez-Málaga, Málaga","Casa Maribel es un productor local de Vélez-Málaga especializado en embutidos, salchichón de málaga, chacinas y carnes, integrado en la oferta agroalimentaria de proximidad de la provincia de Málaga.",Consultar web o venta directa,610 17 30 59,maribelms2010@gmail.com,,https://www.facebook.com/profile.php?id=100063614651145,,https://www.google.com/maps/search/?api=1&query=Casa%20Maribel%2C%20C.%20Magallanes%2C%208%2C%2029700%20V%C3%A9lez-M%C3%A1laga%2C%20M%C3%A1laga&query_place_id=ChIJ6dlZ80RHcg0ROLHv4-klNZ4,36.7750665,-4.1031667,2026-05-14,
caserissimo-mijas,Caserissimo,Mijas,Aceitunas y encurtidos,"Aceituna aloreña, aceitunas de mesa, encurtidos","C. Fray Luis de León, 4, Local 3, 29640 Fuengirola, Málaga","Caserissimo es un productor local de Mijas especializado en aceituna aloreña, aceitunas de mesa, encurtidos, integrado en la oferta agroalimentaria de proximidad de la provincia de Málaga.",Consultar web o venta directa,617 32 96 42,rmelgar@rvcosta.com,http://www.caserissimo.es/,http://www.facebook.com/caserissimoartesanal/,https://www.instagram.com/caserissimo.es/,https://www.google.com/maps/search/?api=1&query=Caserissimo%2C%20C.%20Fray%20Luis%20de%20Le%C3%B3n%2C%204%2C%20Local%203%2C%2029640%20Fuengirola%2C%20M%C3%A1laga&query_place_id=ChIJjStgYzzicg0Rk4kbYkGdNVc,36.547161,-4.625497999999999,2026-05-14,
castanas-valgenal-pujerra,Castañas Valgenal,Pujerra,Fruta y verdura,"Aguacate, mango, cítricos, pasas y huerta malagueña","Calle Loma de la Hiedra, s/n, 29450 Pujerra, Málaga","Castañas Valgenal es un productor local de Pujerra especializado en aguacate, mango, cítricos, pasas y huerta malagueña, integrado en la oferta agroalimentaria de proximidad de la provincia de Málaga.",Consultar web o venta directa,660 13 79 10,info@valgenal.es,https://valgenal.es/,,,https://www.google.com/maps/search/?api=1&query=Casta%C3%B1as%20Valgenal%2C%20Calle%20Loma%20de%20la%20Hiedra%2C%20s%2Fn%2C%2029450%20Pujerra%2C%20M%C3%A1laga&query_place_id=ChIJlfMJMxwsDQ0Rv1QE9hxGgX0,36.6003179,-5.1402488,2026-05-14,
celi-ali-gluten-free-rincon-de-la-victoria,Celi Ali Gluten Free,Rincón de la Victoria,Pan y pastelería,"Pan, repostería, dulces artesanos y obrador","Av. del Mediterráneo, 24, 29730 Rincón de la Victoria, Málaga","Celi Ali Gluten Free es un productor local de Rincón de la Victoria especializado en pan, repostería, dulces artesanos y obrador, integrado en la oferta agroalimentaria de proximidad de la provincia de Málaga.",Consultar web o venta directa,851 95 04 37,info@celialiglutenfree.es,http://www.celialiglutenfree.es/,https://www.facebook.com/CeliAliGlutenFree,https://www.instagram.com/celialiglutenfree/,https://www.google.com/maps/search/?api=1&query=Celi%20Ali%20Gluten%20Free%2C%20Av.%20del%20Mediterr%C3%A1neo%2C%2024%2C%2029730%20Rinc%C3%B3n%20de%20la%20Victoria%2C%20M%C3%A1laga&query_place_id=ChIJqwpkM05bcg0RUNxbButU8lI,36.71586569999999,-4.2900427,2026-05-14,
cerveza-artesanal-rondena-ronda,Cerveza Artesanal Rondeña,Ronda,Cerveza artesana,"Cerveza artesana, estilos propios, producción local","Calle Guadalteba, 11, 29400 Ronda, Málaga","Cerveza Artesanal Rondeña es un productor local de Ronda especializado en cerveza artesana, estilos propios, producción local, integrado en la oferta agroalimentaria de proximidad de la provincia de Málaga.",Consultar web o venta directa,648 74 30 83,info@cervezasderonda.com,https://cervezasderonda.com/,https://www.facebook.com/CervezaRonda,https://www.instagram.com/cervezaronda,https://www.google.com/maps/search/?api=1&query=Cerveza%20Artesanal%20Ronde%C3%B1a%2C%20Calle%20Guadalteba%2C%2011%2C%2029400%20Ronda%2C%20M%C3%A1laga&query_place_id=ChIJf8zzzjkxDQ0RTNASuierPbQ,36.7542592,-5.161423099999999,2026-05-14,
cerveza-eukel-malaga,Cerveza Eukel,Málaga,Cerveza artesana,"Cerveza artesana, estilos propios, producción local","C. Madame Bovary, 20, Campanillas, 29590 Málaga","Cerveza Eukel es un productor local de Málaga especializado en cerveza artesana, estilos propios, producción local, integrado en la oferta agroalimentaria de proximidad de la provincia de Málaga.",Consultar web o venta directa,613 53 60 28,info@cervezaeukel.com,http://www.cervezaeukel.com/,,https://www.instagram.com/eukel.cerveza/,https://www.google.com/maps/search/?api=1&query=Cerveza%20Eukel%2C%20C.%20Madame%20Bovary%2C%2020%2C%20Campanillas%2C%2029590%20M%C3%A1laga&query_place_id=ChIJk99inf7xcg0Ry5wqT2rmm48,36.7305643,-4.5484323,2026-05-14,
cervezas-gaitanejo-ardales,Cervezas Gaitanejo,Ardales,Cerveza artesana,"Cerveza artesana, estilos propios, producción local","c/ Puente de la molina 3, 29550 Ardales, Málaga","Cervezas Gaitanejo es un productor local de Ardales especializado en cerveza artesana, estilos propios, producción local, integrado en la oferta agroalimentaria de proximidad de la provincia de Málaga.",Consultar web o venta directa,611 00 40 68,cervezasgaitanejo@gmail.com,http://www.cervezasgaitanejo.com/,,https://www.instagram.com/cervezasgaitanejo/?hl=es,https://www.google.com/maps/search/?api=1&query=Cervezas%20Gaitanejo%2C%20c%2F%20Puente%20de%20la%20molina%203%2C%2029550%20Ardales%2C%20M%C3%A1laga&query_place_id=ChIJYTSy3fC4cg0RFkaG45vSUA0,36.8856265,-4.845736,2026-05-14,
cervezas-victoria-malaga,Cervezas Victoria,Málaga,Cerveza artesana,"Cerveza artesana, estilos propios, producción local","Av. de Velázquez, 215, Carretera de Cádiz, 29004 Málaga","Cervezas Victoria es un productor local de Málaga especializado en cerveza artesana, estilos propios, producción local, integrado en la oferta agroalimentaria de proximidad de la provincia de Málaga.",Consultar web o venta directa,,vfabrica@cervezasvictoria.es,http://www.cervezavictoria.es/index.php,https://www.facebook.com/cervezavictoriamalaga/,https://www.instagram.com/cervezavictoria/,https://www.google.com/maps/search/?api=1&query=Cervezas%20Victoria%2C%20Av.%20de%20Vel%C3%A1zquez%2C%20215%2C%20Carretera%20de%20C%C3%A1diz%2C%2029004%20M%C3%A1laga&query_place_id=ChIJY_a2LOn5cg0RJLhbErwmm4Q,36.6850418,-4.464165899999999,2026-05-14,
cezar-bodegas-y-vinedos-gaucin,Cezar Bodegas y Viñedos,Gaucín,Aceite,"Aceite de oliva virgen extra, AOVE, olivar malagueño","3 Diseminado Hoya Valiente, 29480, Málaga","Cezar Bodegas y Viñedos es un productor local de Gaucín especializado en aceite de oliva virgen extra, aove, olivar malagueño, integrado en la oferta agroalimentaria de proximidad de la provincia de Málaga.",Consultar web o venta directa,666 64 44 50,info@bodegacezar.com,http://enkvistwines.com/,https://www.facebook.com/Bodega-Cezar-227776040747672/,https://www.instagram.com/cezar_bodega/,https://www.google.com/maps/search/?api=1&query=Cezar%20Bodegas%20y%20Vi%C3%B1edos%2C%203%20Diseminado%20Hoya%20Valiente%2C%2029480%2C%20M%C3%A1laga&query_place_id=ChIJM4I0CVEgDQ0Ry02S9x_kuvQ,36.525237,-5.3596172,2026-05-14,
cheesequeria-by-el-caserito-malaga,Cheesequería by El Caserito,Málaga,Lácteos y quesos,"Quesos de cabra, lácteos artesanos, yogur","Av. Mayorazgo, 26, Málaga-Este, 29016 Málaga","Cheesequería by El Caserito es un productor local de Málaga especializado en quesos de cabra, lácteos artesanos, yogur, integrado en la oferta agroalimentaria de proximidad de la provincia de Málaga.",Consultar web o venta directa,722 63 44 54,ricardochefmalaga@gmail.com,https://www.lacheesequeria.com/,,https://www.instagram.com/lacheesequeria_/?hl=es,https://www.google.com/maps/search/?api=1&query=Cheesequer%C3%ADa%20by%20El%20Caserito%2C%20Av.%20Mayorazgo%2C%2026%2C%20M%C3%A1laga-Este%2C%2029016%20M%C3%A1laga&query_place_id=ChIJUYtuHYdZcg0R2EUCtlHvl0U,36.7320069,-4.3968627,2026-05-14,
chivo-de-canillas-canillas-de-aceituno,Chivo de Canillas,Canillas de Aceituno,Despensa artesanal,"Croquetas, salsas, conservas, platos preparados y despensa local","C. Placeta, 29716 Canillas de Aceituno, Málaga","Chivo de Canillas es un productor local de Canillas de Aceituno especializado en croquetas, salsas, conservas, platos preparados y despensa local, integrado en la oferta agroalimentaria de proximidad de la provincia de Málaga.",Consultar web o venta directa,653 68 03 80,info@chivodecanillas.com,https://www.chivodecanillas.com/,https://facebook.com/ChivoDeCanillas,,https://www.google.com/maps/search/?api=1&query=Chivo%20de%20Canillas%2C%20C.%20Placeta%2C%2029716%20Canillas%20de%20Aceituno%2C%20M%C3%A1laga&query_place_id=ChIJEZe0rcZBcg0Rnnw4yIyUPKk,36.8722557,-4.0813447,2026-05-14,
chocolates-maychoco-velez-malaga,Chocolates Maychoco,Vélez-Málaga,Aceite,"Aceite de oliva virgen extra, AOVE, olivar malagueño","C. Campo de la Iglesia, 12, 29790 Vélez-Málaga, Málaga","Chocolates Maychoco es un productor local de Vélez-Málaga especializado en aceite de oliva virgen extra, aove, olivar malagueño, integrado en la oferta agroalimentaria de proximidad de la provincia de Málaga.",Consultar web o venta directa,600 45 25 53,maychocomalaga@gmail.com,https://www.maychoco.es/,https://www.facebook.com/CHOCOLATESMAYCHOCO,https://www.instagram.com/chocolatesmaychoco/,https://www.google.com/maps/search/?api=1&query=Chocolates%20Maychoco%2C%20C.%20Campo%20de%20la%20Iglesia%2C%2012%2C%2029790%20V%C3%A9lez-M%C3%A1laga%2C%20M%C3%A1laga&query_place_id=ChIJK_K_PDBFcg0Ry8f58jBmz6Q,36.7184879,-4.1963701,2026-05-14,
churreria-reme-cartama,Churrería Reme,Cártama,Despensa artesanal,"Croquetas, salsas, conservas, platos preparados y despensa local","C. González Marín, 88, 29570 Cártama, Málaga","Churrería Reme es un productor local de Cártama especializado en croquetas, salsas, conservas, platos preparados y despensa local, integrado en la oferta agroalimentaria de proximidad de la provincia de Málaga.",Consultar web o venta directa,647 11 52 58,info@churreriareme.com,https://churreriareme.com/,https://www.facebook.com/Churreria-reme-Cartama-1485153831496931/?ref=page_internal,,https://www.google.com/maps/search/?api=1&query=Churrer%C3%ADa%20Reme%2C%20C.%20Gonz%C3%A1lez%20Mar%C3%ADn%2C%2088%2C%2029570%20C%C3%A1rtama%2C%20M%C3%A1laga&query_place_id=ChIJGfFttoTvcg0RJQoiHWyLkwY,36.711213,-4.6317392,2026-05-14,
citrica-de-pizarra-pizarra,Cítrica de Pizarra,Pizarra,Fruta y verdura,"Aguacate, mango, cítricos, pasas y huerta malagueña","Vega Santa María Nº66, 29560 Pizarra, Málaga","Cítrica de Pizarra es un productor local de Pizarra especializado en aguacate, mango, cítricos, pasas y huerta malagueña, integrado en la oferta agroalimentaria de proximidad de la provincia de Málaga.",Consultar web o venta directa,952 11 25 22,citricapizarra@yahoo.es,http://citricapizarra.com/,,,https://www.google.com/maps/search/?api=1&query=C%C3%ADtrica%20de%20Pizarra%2C%20Vega%20Santa%20Mar%C3%ADa%20N%C2%BA66%2C%2029560%20Pizarra%2C%20M%C3%A1laga&query_place_id=ChIJVwhagz3qcg0RpBvXOx11Jp8,36.7888108,-4.7060315,2026-05-14,
citricos-el-romeral-alhaurin-de-la-torre,Cítricos el Romeral,Alhaurín de la Torre,Fruta y verdura,"Aguacate, mango, cítricos, pasas y huerta malagueña","C. Palomar, 16, 29130 El Romeral, Málaga","Cítricos el Romeral es un productor local de Alhaurín de la Torre especializado en aguacate, mango, cítricos, pasas y huerta malagueña, integrado en la oferta agroalimentaria de proximidad de la provincia de Málaga.",Consultar web o venta directa,952 41 32 20,naranjas@citricoselromeral.com,http://www.citricoselromeral.com/,https://www.facebook.com/CitricosElRomeral/,,https://www.google.com/maps/search/?api=1&query=C%C3%ADtricos%20el%20Romeral%2C%20C.%20Palomar%2C%2016%2C%2029130%20El%20Romeral%2C%20M%C3%A1laga&query_place_id=ChIJuajSvVPlcg0R7zgWymwXrQk,36.6888041,-4.5631472,2026-05-14,
citricos-valero-coin,Cítricos Valero,Coín,Fruta y verdura,"Aguacate, mango, cítricos, pasas y huerta malagueña","Carretera Málaga - Campillos, km. 47, 29570 Cártama, Málaga","Cítricos Valero es un productor local de Coín especializado en aguacate, mango, cítricos, pasas y huerta malagueña, integrado en la oferta agroalimentaria de proximidad de la provincia de Málaga.",Consultar web o venta directa,951 94 62 82,citricosvalero@gmail.com,http://www.agricolamiguelvalero.com/,,,https://www.google.com/maps/search/?api=1&query=C%C3%ADtricos%20Valero%2C%20Carretera%20M%C3%A1laga%20-%20Campillos%2C%20km.%2047%2C%2029570%20C%C3%A1rtama%2C%20M%C3%A1laga&query_place_id=ChIJr-NaIlnmcg0RXTiF02Wa-hE,36.7192306,-4.7001781,2026-05-14,
coin-pa-comerselo-coin,Coín Pa Comérselo,Coín,Despensa artesanal,"Croquetas, salsas, conservas, platos preparados y despensa local","Póligono Industrial ""La Trocha, 29100 Coín, Málaga","Coín Pa Comérselo es un productor local de Coín especializado en croquetas, salsas, conservas, platos preparados y despensa local, integrado en la oferta agroalimentaria de proximidad de la provincia de Málaga.",Consultar web o venta directa,952 45 30 20,info@coinpacomerselo.com,https://www.facebook.com/mercadoagroalimentarioguadalhorce/,,https://www.instagram.com/coinpacomerselo/,https://www.google.com/maps/search/?api=1&query=Co%C3%ADn%20Pa%20Com%C3%A9rselo%2C%20P%C3%B3ligono%20Industrial%20%22La%20Trocha%2C%2029100%20Co%C3%ADn%2C%20M%C3%A1laga&query_place_id=ChIJb47ZzVndcg0RJNhhrDPRunY,36.676479,-4.7304441,2026-05-14,
con-sabor-tradicional-v-gama-la-cruz-de-piedra-coin,Con Sabor Tradicional - V Gama La Cruz de Piedra,Coín,Bodega y licores,"Vinos de Málaga, moscatel, tintos y blancos","Carretera Coín-Marbella, km 1, 5, 29100 Malaga, Málaga","Con Sabor Tradicional - V Gama La Cruz de Piedra es un productor local de Coín especializado en vinos de málaga, moscatel, tintos y blancos, integrado en la oferta agroalimentaria de proximidad de la provincia de Málaga.",Consultar web o venta directa,620 53 59 10,info.lacruzdepiedra@gmail.com,https://lacruzdepiedra.es/,https://www.facebook.com/lacruz.depiedra/,,https://www.google.com/maps/search/?api=1&query=Con%20Sabor%20Tradicional%20-%20V%20Gama%20La%20Cruz%20de%20Piedra%2C%20Carretera%20Co%C3%ADn-Marbella%2C%20km%201%2C%205%2C%2029100%20Malaga%2C%20M%C3%A1laga&query_place_id=ChIJEVdN7VXccg0RMCrzp84_9-8,36.650238,-4.772872,2026-05-14,
confiteria-daver-ronda,Confitería Daver,Ronda,Helados,"Helados artesanos, turrones, sorbetes y postres fríos","C. Virgen de los Remedios, 6, 29400 Ronda, Málaga","Confitería Daver es un productor local de Ronda especializado en helados artesanos, turrones, sorbetes y postres fríos, integrado en la oferta agroalimentaria de proximidad de la provincia de Málaga.",Consultar web o venta directa,952 87 71 63,Info@confiteriadaver.es,https://confiteriadaver.es/,https://www.facebook.com/confiteria.daver/,https://www.instagram.com/confiteriadaver/,https://www.google.com/maps/search/?api=1&query=Confiter%C3%ADa%20Daver%2C%20C.%20Virgen%20de%20los%20Remedios%2C%206%2C%2029400%20Ronda%2C%20M%C3%A1laga&query_place_id=ChIJmwDSjDgxDQ0RdiWLsLb3gow,36.7423589,-5.1652681,2026-05-14,
confiteria-pasteleria-guzman-alhaurin-el-grande,Confitería Pastelería Guzmán,Alhaurín el Grande,Aceite,"Aceite de oliva virgen extra, AOVE, olivar malagueño","C. Nueva, 119, 29120 Alhaurín el Grande, Málaga","Confitería Pastelería Guzmán es un productor local de Alhaurín el Grande especializado en aceite de oliva virgen extra, aove, olivar malagueño, integrado en la oferta agroalimentaria de proximidad de la provincia de Málaga.",Consultar web o venta directa,952 49 03 70,confiteriaguzman27@hotmail.com,https://confiteriaguzman.com/,,,https://www.google.com/maps/search/?api=1&query=Confiter%C3%ADa%20Pasteler%C3%ADa%20Guzm%C3%A1n%2C%20C.%20Nueva%2C%20119%2C%2029120%20Alhaur%C3%ADn%20el%20Grande%2C%20M%C3%A1laga&query_place_id=ChIJF76zyQbncg0Rnm_cVIFO_ms,36.6426153,-4.6921155,2026-05-14,
confiteria-plaza-productos-la-alhaurina-alhaurin-el-grande,Confitería Plaza 'Productos La Alhaurina',Alhaurín el Grande,Pan y pastelería,"Pan, repostería, dulces artesanos y obrador","C. Albaicín, 51, 29120 Alhaurín el Grande, Málaga","Confitería Plaza 'Productos La Alhaurina' es un productor local de Alhaurín el Grande especializado en pan, repostería, dulces artesanos y obrador, integrado en la oferta agroalimentaria de proximidad de la provincia de Málaga.",Consultar web o venta directa,678 41 99 35,laalhaurina69@gmail.com,,https://www.facebook.com/Confiter%C3%ADa-Plaza-Productos-La-Alhaurina-654724831384774,,https://www.google.com/maps/search/?api=1&query=Confiter%C3%ADa%20Plaza%20'Productos%20La%20Alhaurina'%2C%20C.%20Albaic%C3%ADn%2C%2051%2C%2029120%20Alhaur%C3%ADn%20el%20Grande%2C%20M%C3%A1laga&query_place_id=ChIJl5QQ4gHncg0RxPGFUOL9-6A,36.6425235,-4.6862942,2026-05-14,
cooperativa-agricola-de-estepona-estepona,Cooperativa Agrícola de Estepona,Estepona,Fruta y verdura,"Aguacate, mango, cítricos, pasas y huerta malagueña","Calle alejo Martín Rodríguez, 8, 29680 Estepona, Málaga","Cooperativa Agrícola de Estepona es un productor local de Estepona especializado en aguacate, mango, cítricos, pasas y huerta malagueña, integrado en la oferta agroalimentaria de proximidad de la provincia de Málaga.",Consultar web o venta directa,952 80 00 25,cooperativaestepona@cooperativaestepona.es,http://www.cooperativaestepona.es/,,,https://www.google.com/maps/search/?api=1&query=Cooperativa%20Agr%C3%ADcola%20de%20Estepona%2C%20Calle%20alejo%20Mart%C3%ADn%20Rodr%C3%ADguez%2C%208%2C%2029680%20Estepona%2C%20M%C3%A1laga&query_place_id=ChIJAyaUMaHWDA0RhmbUxRrNg5Y,36.4314253,-5.1656658,2026-05-14,
copusan-alozaina,Copusan,Alozaina,Aceitunas y encurtidos,"Aceituna aloreña, aceitunas de mesa, encurtidos","Cam. de Alozaina, 29567 Alozaina, Málaga","Copusan es un productor local de Alozaina especializado en aceituna aloreña, aceitunas de mesa, encurtidos, integrado en la oferta agroalimentaria de proximidad de la provincia de Málaga.",Consultar web o venta directa,952 48 00 46,aceitunascopusan@gmail.com,http://www.copusan.com/,https://www.facebook.com/Copusan,https://www.instagram.com/aceitunascopusan/,https://www.google.com/maps/search/?api=1&query=Copusan%2C%20Cam.%20de%20Alozaina%2C%2029567%20Alozaina%2C%20M%C3%A1laga&query_place_id=ChIJC_oQ1KnFcg0R4W4El7qHdFY,36.7390267,-4.8416372,2026-05-14,
delicias-de-antequera-antequera,Delicias de Antequera,Antequera,Pan y pastelería,"Pan, repostería, dulces artesanos y obrador","C. Río Guadalhorce, 4, 29200 Antequera, Málaga","Delicias de Antequera es un productor local de Antequera especializado en pan, repostería, dulces artesanos y obrador, integrado en la oferta agroalimentaria de proximidad de la provincia de Málaga.",Consultar web o venta directa,952 84 14 95,deliciasdeantequera@deliciasdeantequera.es,https://tiendadeliciasdeantequera.es/,,https://www.instagram.com/deliciasdeantequera/,https://www.google.com/maps/search/?api=1&query=Delicias%20de%20Antequera%2C%20C.%20R%C3%ADo%20Guadalhorce%2C%204%2C%2029200%20Antequera%2C%20M%C3%A1laga&query_place_id=ChIJOzaQGN-Tcg0RYYWodPgQJcc,37.0273975,-4.535617,2026-05-14,
destilerias-el-tajo-ronda,Destilerías el Tajo,Ronda,Bodega y licores,"Ginebra, licores, vermut y destilados","Av. Málaga, 61, 29400 Ronda, Málaga","Destilerías el Tajo es un productor local de Ronda especializado en ginebra, licores, vermut y destilados, integrado en la oferta agroalimentaria de proximidad de la provincia de Málaga.",Consultar web o venta directa,678 77 49 38,administracion@destileriaseltajo.com,http://destileriaseltajo.com/,https://www.facebook.com/destileriaseltajo,https://www.instagram.com/destileriaseltajo/,https://www.google.com/maps/search/?api=1&query=Destiler%C3%ADas%20el%20Tajo%2C%20Av.%20M%C3%A1laga%2C%2061%2C%2029400%20Ronda%2C%20M%C3%A1laga&query_place_id=ChIJq6pqjVExDQ0REW4uPrpmK-8,36.75084810000001,-5.1522435,2026-05-14,
doblado-torres-cuevas-bajas,Doblado Torres,Cuevas Bajas,Pan y pastelería,"Pan, repostería, dulces artesanos y obrador","C. la Marchanta, 5, 29220 Cuevas Bajas, Málaga","Doblado Torres es un productor local de Cuevas Bajas especializado en pan, repostería, dulces artesanos y obrador, integrado en la oferta agroalimentaria de proximidad de la provincia de Málaga.",Consultar web o venta directa,952 72 95 33,info@dobladotorres.es,http://www.dobladotorres.es/,,,https://www.google.com/maps/search/?api=1&query=Doblado%20Torres%2C%20C.%20la%20Marchanta%2C%205%2C%2029220%20Cuevas%20Bajas%2C%20M%C3%A1laga&query_place_id=ChIJbVKCP959bQ0R6kgMcKqlxqY,37.2355883,-4.4832316,2026-05-14,
dulces-caseros-maria-conejo-riogordo,Dulces caseros María Conejo,Riogordo,Pan y pastelería,"Pan, repostería, dulces artesanos y obrador","C. San Jacinto, 3, 29180 Riogordo, Málaga","Dulces caseros María Conejo es un productor local de Riogordo especializado en pan, repostería, dulces artesanos y obrador, integrado en la oferta agroalimentaria de proximidad de la provincia de Málaga.",Consultar web o venta directa,617 47 46 01,dulcesmariaconejo@gmail.com,http://www.hornodecampos.es/,https://www.facebook.com/Dulces-Caseros-Mar%C3%ADa-Conejo-924029744470938/,,https://www.google.com/maps/search/?api=1&query=Dulces%20caseros%20Mar%C3%ADa%20Conejo%2C%20C.%20San%20Jacinto%2C%203%2C%2029180%20Riogordo%2C%20M%C3%A1laga&query_place_id=ChIJm3UroWtncg0RQGKITmYdhtA,36.9169719,-4.2933488,2026-05-14,
dulces-del-califa-ronda-ronda,Dulces del Califa-Ronda,Ronda,Aceite,"Aceite de oliva virgen extra, AOVE, olivar malagueño","C. Espíritu Santo, 8, 29400 Ronda, Málaga","Dulces del Califa-Ronda es un productor local de Ronda especializado en aceite de oliva virgen extra, aove, olivar malagueño, integrado en la oferta agroalimentaria de proximidad de la provincia de Málaga.",Consultar web o venta directa,641 23 78 11,dulcesdelcalifa@gmail.com,https://dulcesdelcalifaronda.com/,https://www.facebook.com/profile.php?id=100034743681953,https://www.instagram.com/dulces_del_califa_oficial/,https://www.google.com/maps/search/?api=1&query=Dulces%20del%20Califa-Ronda%2C%20C.%20Esp%C3%ADritu%20Santo%2C%208%2C%2029400%20Ronda%2C%20M%C3%A1laga&query_place_id=ChIJ258vAUAxDQ0Rb0oOeczOuKk,36.73526,-5.16414,2026-05-14,
dulces-del-mar-rincon-de-la-victoria,Dulces del Mar,Rincón de la Victoria,Lácteos y quesos,"Quesos de cabra, lácteos artesanos, yogur","C. Granada, 29730 Rincón de la Victoria, Málaga","Dulces del Mar es un productor local de Rincón de la Victoria especializado en quesos de cabra, lácteos artesanos, yogur, integrado en la oferta agroalimentaria de proximidad de la provincia de Málaga.",Consultar web o venta directa,653 79 52 68,reposteriadulcesdelmar@gmail.com,,https://www.facebook.com/natalia.lopezmontes.3/,https://www.instagram.com/dulces_del_mar/?hl=es,https://www.google.com/maps/search/?api=1&query=Dulces%20del%20Mar%2C%20C.%20Granada%2C%2029730%20Rinc%C3%B3n%20de%20la%20Victoria%2C%20M%C3%A1laga&query_place_id=ChIJwwL0BhJbcg0RzMnpX4FVtP8,36.71591129999999,-4.2856778,2026-05-14,
dulces-rivas-malaga,Dulces Rivas,Málaga,Pan y pastelería,"Pan, repostería, dulces artesanos y obrador","Av. de Molière, 27, Carretera de Cádiz, 29004 Málaga","Dulces Rivas es un productor local de Málaga especializado en pan, repostería, dulces artesanos y obrador, integrado en la oferta agroalimentaria de proximidad de la provincia de Málaga.",Consultar web o venta directa,692 34 53 96,info@dulcesrivas.com,,https://www.facebook.com/Dulces-RIVAS-1692490940989217/,,https://www.google.com/maps/search/?api=1&query=Dulces%20Rivas%2C%20Av.%20de%20Moli%C3%A8re%2C%2027%2C%20Carretera%20de%20C%C3%A1diz%2C%2029004%20M%C3%A1laga&query_place_id=ChIJk6fy48T5cg0R0jIjFgJJ1p8,36.6863913,-4.4519097,2026-05-14,
ecobalcon-nerja,Ecobalcón,Nerja,Despensa artesanal,"Croquetas, salsas, conservas, platos preparados y despensa local","Balcón de Europa, Pl. Balcón de Europa, 5, 29780 Nerja, Málaga","Ecobalcón es un productor local de Nerja especializado en croquetas, salsas, conservas, platos preparados y despensa local, integrado en la oferta agroalimentaria de proximidad de la provincia de Málaga.",Consultar web o venta directa,952 52 00 48,balcon@balconeuropa.com,https://somosnerja.com/que-ver/balcon-de-europa/,https://www.facebook.com/Cooperativa-Balcon-De-Europa-108252652678443/,,https://www.google.com/maps/search/?api=1&query=Ecobalc%C3%B3n%2C%20Balc%C3%B3n%20de%20Europa%2C%20Pl.%20Balc%C3%B3n%20de%20Europa%2C%205%2C%2029780%20Nerja%2C%20M%C3%A1laga&query_place_id=ChIJiXQwt8olcg0Rflgvmm3nmTM,36.7442334,-3.875415599999999,2026-05-14,
el-carrero-de-alfarnate-alfarnate,El Carrero de Alfarnate,Alfarnate,Aceite,"Aceite de oliva virgen extra, AOVE, olivar malagueño","C. Comandante Frías, 23, 29194 Alfarnate, Málaga","El Carrero de Alfarnate es un productor local de Alfarnate especializado en aceite de oliva virgen extra, aove, olivar malagueño, integrado en la oferta agroalimentaria de proximidad de la provincia de Málaga.",Consultar web o venta directa,635 33 81 24,morgal8@hotmail.com,,https://www.facebook.com/pepe.bueno.72/?hc_ref=ARTVWiXPPKwcSgL17vis_vnS5hdoGG_4f3o1OiCAzFPzm84eSWPtMMO45Y0Tr6biCT8&__xts__[0]=68.,,https://www.google.com/maps/search/?api=1&query=El%20Carrero%20de%20Alfarnate%2C%20C.%20Comandante%20Fr%C3%ADas%2C%2023%2C%2029194%20Alfarnate%2C%20M%C3%A1laga&query_place_id=ChIJ4_n_J31lcg0R1ZEQnqnTcJ4,36.9958209,-4.2595246,2026-05-14,
el-cerdito-andaluz-benaojan,El Cerdito Andaluz,Benaoján,Bodega y licores,"Vinos de Málaga, moscatel, tintos y blancos","Lugar Barriada la Estación, 0, 29370 Benaoján, Málaga","El Cerdito Andaluz es un productor local de Benaoján especializado en vinos de málaga, moscatel, tintos y blancos, integrado en la oferta agroalimentaria de proximidad de la provincia de Málaga.",Consultar web o venta directa,952 16 73 75,info@cerditoandaluz.com,http://www.cerditoandaluz.com/,https://www.facebook.com/CerditoAndaluz/?fref=ts,,https://www.google.com/maps/search/?api=1&query=El%20Cerdito%20Andaluz%2C%20Lugar%20Barriada%20la%20Estaci%C3%B3n%2C%200%2C%2029370%20Benaoj%C3%A1n%2C%20M%C3%A1laga&query_place_id=ChIJfdT65lw6DQ0R7ixnLzfis9E,36.71532190000001,-5.245292399999999,2026-05-14,
el-horno-de-lena-martin-malaga,El Horno de Leña Martín,Málaga,Pan y pastelería,"Pan, repostería, dulces artesanos y obrador","C. Filigrana, 2, Puerto de la Torre, 29591 Málaga","El Horno de Leña Martín es un productor local de Málaga especializado en pan, repostería, dulces artesanos y obrador, integrado en la oferta agroalimentaria de proximidad de la provincia de Málaga.",Consultar web o venta directa,656 32 20 23,gestiones@asesorianavarro.net,https://cocinaandaluza.es/panaderia-martin-horno-de-lena-en-malaga/,https://www.facebook.com/pages/category/Bakery/Panader%C3%ADa-Mart%C3%ADn-Horno-de-Le%C3%B1a-295981040420636/,,https://www.google.com/maps/search/?api=1&query=El%20Horno%20de%20Le%C3%B1a%20Mart%C3%ADn%2C%20C.%20Filigrana%2C%202%2C%20Puerto%20de%20la%20Torre%2C%2029591%20M%C3%A1laga&query_place_id=ChIJJ7oordTwcg0R3P_0hS5CeIY,36.7360889,-4.4800125,2026-05-14,
el-matorral-malaga,El Matorral,Málaga,Miel y mermeladas,"Miel, polen, mermeladas y confituras","35610 El Matorral, Las Palmas","El Matorral es un productor local de Málaga especializado en miel, polen, mermeladas y confituras, integrado en la oferta agroalimentaria de proximidad de la provincia de Málaga.",Consultar web o venta directa,666 92 99 48,info@elmatorral.com,http://www.elmatorral.com/,,https://www.instagram.com/el__matorral/,https://www.google.com/maps/search/?api=1&query=El%20Matorral%2C%2035610%20El%20Matorral%2C%20Las%20Palmas&query_place_id=ChIJq74gjCbHRwwRmOtemdu8pKI,28.4376311,-13.8723817,2026-05-14,
el-molino-de-colmenar-colmenar,El Molino de Colmenar,Colmenar,Aceite,"Aceite de oliva virgen extra, AOVE, olivar malagueño","C. Pedro Salinas, 17, 29170 Colmenar, Málaga","El Molino de Colmenar es un productor local de Colmenar especializado en aceite de oliva virgen extra, aove, olivar malagueño, integrado en la oferta agroalimentaria de proximidad de la provincia de Málaga.",Consultar web o venta directa,952 73 15 93,elmolinodecolmenar@gmail.com,http://www.elmolinodecolmenar.com/,https://www.facebook.com/El-Molino-de-Colmenar-302280316486251/,,https://www.google.com/maps/search/?api=1&query=El%20Molino%20de%20Colmenar%2C%20C.%20Pedro%20Salinas%2C%2017%2C%2029170%20Colmenar%2C%20M%C3%A1laga&query_place_id=ChIJE6rK1ZNhcg0Rd8-yHYkRLp8,36.9060568,-4.371672,2026-05-14,
el-pan-de-la-curruca-coin,El Pan de la Curruca,Coín,Pan y pastelería,"Pan, repostería, dulces artesanos y obrador","C. Cañuelo, 15, 29100 Coín, Málaga","El Pan de la Curruca es un productor local de Coín especializado en pan, repostería, dulces artesanos y obrador, integrado en la oferta agroalimentaria de proximidad de la provincia de Málaga.",Consultar web o venta directa,952 45 07 98,santicurruca@gmail.com,,,,https://www.google.com/maps/search/?api=1&query=El%20Pan%20de%20la%20Curruca%2C%20C.%20Ca%C3%B1uelo%2C%2015%2C%2029100%20Co%C3%ADn%2C%20M%C3%A1laga&query_place_id=ChIJj02TlxDdcg0RYFnNegd96LM,36.65869259999999,-4.7582911,2026-05-14,
el-piave-marbella,El Piave,Marbella,Lácteos y quesos,"Quesos de cabra, lácteos artesanos, yogur","C. Ntra. Sra. de Gracia, 28, 29602 Marbella, Málaga","El Piave es un productor local de Marbella especializado en quesos de cabra, lácteos artesanos, yogur, integrado en la oferta agroalimentaria de proximidad de la provincia de Málaga.",Consultar web o venta directa,952 86 57 15,oficina@elpiave.com,http://elpiave.com/,https://www.facebook.com/ElPiaveSpain/,,https://www.google.com/maps/search/?api=1&query=El%20Piave%2C%20C.%20Ntra.%20Sra.%20de%20Gracia%2C%2028%2C%2029602%20Marbella%2C%20M%C3%A1laga&query_place_id=ChIJZ3J4Ev8ncw0Re59U-gRPgeU,36.5076755,-4.8902525,2026-05-14,
el-reloj-malaga,El Reloj,Málaga,Bodega y licores,"Ginebra, licores, vermut y destilados","C. Veracruz, 38, Cruz de Humilladero, 29006 Málaga","El Reloj es un productor local de Málaga especializado en ginebra, licores, vermut y destilados, integrado en la oferta agroalimentaria de proximidad de la provincia de Málaga.",Consultar web o venta directa,952 31 43 56,nfo@especiaselreloj.es,http://www.especiaselreloj.es/,https://www.facebook.com/elrelojespecias,,https://www.google.com/maps/search/?api=1&query=El%20Reloj%2C%20C.%20Veracruz%2C%2038%2C%20Cruz%20de%20Humilladero%2C%2029006%20M%C3%A1laga&query_place_id=ChIJA-Yk4VP3cg0Rbb9Q0XnZpH0,36.7046131,-4.4750951,2026-05-14,
el-tio-de-las-papas-sierra-de-yeguas,El Tío de las Papas,Sierra de Yeguas,Despensa artesanal,"Croquetas, salsas, conservas, platos preparados y despensa local","C. Sabadell, 8, 29328 Sierra de Yeguas, Málaga","El Tío de las Papas es un productor local de Sierra de Yeguas especializado en croquetas, salsas, conservas, platos preparados y despensa local, integrado en la oferta agroalimentaria de proximidad de la provincia de Málaga.",Consultar web o venta directa,952 74 65 71,info@eltiodelaspapas.com,https://eltiodelaspapas.com/,https://www.facebook.com/eltio.laspapas/,,https://www.google.com/maps/search/?api=1&query=El%20T%C3%ADo%20de%20las%20Papas%2C%20C.%20Sabadell%2C%208%2C%2029328%20Sierra%20de%20Yeguas%2C%20M%C3%A1laga&query_place_id=ChIJh9y3sBKmcg0REIq57Ts613I,37.1232516,-4.8734683,2026-05-14,
embrujo-del-sur-malaga,Embrujo del Sur,Málaga,Despensa artesanal,"Croquetas, salsas, conservas, platos preparados y despensa local","C. Esteban Salazar Chapela, 20, Churriana, 29004 Málaga","Embrujo del Sur es un productor local de Málaga especializado en croquetas, salsas, conservas, platos preparados y despensa local, integrado en la oferta agroalimentaria de proximidad de la provincia de Málaga.",Consultar web o venta directa,697 59 04 85,jomisoce@gmail.com,https://www.embrujo.es/,,,https://www.google.com/maps/search/?api=1&query=Embrujo%20del%20Sur%2C%20C.%20Esteban%20Salazar%20Chapela%2C%2020%2C%20Churriana%2C%2029004%20M%C3%A1laga&query_place_id=ChIJ__-vVPn5cg0RmwVLuvPoYi8,36.6926785,-4.475096,2026-05-14,
embuaxarquia-alcaucin,EmbuAxarquía,Alcaucín,Carnes y embutidos,"Embutidos, salchichón de Málaga, chacinas y carnes","C. Cruce de Don Manuel, 6, 29713 Alcaucín, Málaga","EmbuAxarquía es un productor local de Alcaucín especializado en embutidos, salchichón de málaga, chacinas y carnes, integrado en la oferta agroalimentaria de proximidad de la provincia de Málaga.",Consultar web o venta directa,952 51 09 59,caremaxa@yahoo.es,https://embuaxarquia.es/,https://www.facebook.com/caremaxa,https://www.instagram.com/embuaxarquia/,https://www.google.com/maps/search/?api=1&query=EmbuAxarqu%C3%ADa%2C%20C.%20Cruce%20de%20Don%20Manuel%2C%206%2C%2029713%20Alcauc%C3%ADn%2C%20M%C3%A1laga&query_place_id=ChIJV8TEdwRqcg0R9MHrBORc24U,36.8892787,-4.1462797,2026-05-14,
embutidos-diaz-aranda-alora,Embutidos Díaz Aranda,Álora,Carnes y embutidos,"Embutidos, salchichón de Málaga, chacinas y carnes","Carretera del Chorro, km 2, 29500 Cerro Pelado, Málaga","Embutidos Díaz Aranda es un productor local de Álora especializado en embutidos, salchichón de málaga, chacinas y carnes, integrado en la oferta agroalimentaria de proximidad de la provincia de Málaga.",Consultar web o venta directa,952 49 66 27,embutidosdiaz@gmail.com,https://embutidosdiazaranda.es/,,,https://www.google.com/maps/search/?api=1&query=Embutidos%20D%C3%ADaz%20Aranda%2C%20Carretera%20del%20Chorro%2C%20km%202%2C%2029500%20Cerro%20Pelado%2C%20M%C3%A1laga&query_place_id=ChIJ_-odZJG_cg0RRASNfdc1beM,36.8454586,-4.7078314,2026-05-14,
embutidos-gamarro-arriate,Embutidos Gamarro,Arriate,Carnes y embutidos,"Embutidos, salchichón de Málaga, chacinas y carnes","C. Jose Montes, 7, 29350 Arriate, Málaga","Embutidos Gamarro es un productor local de Arriate especializado en embutidos, salchichón de málaga, chacinas y carnes, integrado en la oferta agroalimentaria de proximidad de la provincia de Málaga.",Consultar web o venta directa,952 16 50 00,embutidosgamarro@gmail.com,https://www.embutidosgamarro.com/,https://www.facebook.com/embutidos.gamarro/,,https://www.google.com/maps/search/?api=1&query=Embutidos%20Gamarro%2C%20C.%20Jose%20Montes%2C%207%2C%2029350%20Arriate%2C%20M%C3%A1laga&query_place_id=ChIJU0tS-yo0DQ0RSgetOPgDEAE,36.7974867,-5.140498,2026-05-14,
embutidos-la-abuela-loli-alhaurin-el-grande,Embutidos La Abuela Loli,Alhaurín el Grande,Carnes y embutidos,"Embutidos, salchichón de Málaga, chacinas y carnes","C. Nueva, 111, 29120 Alhaurín el Grande, Málaga","Embutidos La Abuela Loli es un productor local de Alhaurín el Grande especializado en embutidos, salchichón de málaga, chacinas y carnes, integrado en la oferta agroalimentaria de proximidad de la provincia de Málaga.",Consultar web o venta directa,952 49 08 09,migg66@hotmail.es,https://embutidoscaseros.es/,https://www.facebook.com/embutidoslaabuelaloli/,,https://www.google.com/maps/search/?api=1&query=Embutidos%20La%20Abuela%20Loli%2C%20C.%20Nueva%2C%20111%2C%2029120%20Alhaur%C3%ADn%20el%20Grande%2C%20M%C3%A1laga&query_place_id=ChIJxbAHyQbncg0RmBIffEFtH_0,36.6428197,-4.6919767,2026-05-14,
embutidos-moreno-plaza-alhaurin-el-grande,Embutidos Moreno Plaza,Alhaurín el Grande,Carnes y embutidos,"Embutidos, salchichón de Málaga, chacinas y carnes","Polígono Industrial la Rosa, C. Río Fahala, Parcela 7, 29120 Alhaurín el Grande, Málaga","Embutidos Moreno Plaza es un productor local de Alhaurín el Grande especializado en embutidos, salchichón de málaga, chacinas y carnes, integrado en la oferta agroalimentaria de proximidad de la provincia de Málaga.",Consultar web o venta directa,952 59 57 61,comercial@morenoplaza.es,http://www.morenoplaza.es/,,,https://www.google.com/maps/search/?api=1&query=Embutidos%20Moreno%20Plaza%2C%20Pol%C3%ADgono%20Industrial%20la%20Rosa%2C%20C.%20R%C3%ADo%20Fahala%2C%20Parcela%207%2C%2029120%20Alhaur%C3%ADn%20el%20Grande%2C%20M%C3%A1laga&query_place_id=ChIJt0bC0Krncg0R-ufb-N73WJU,36.6604396,-4.690858,2026-05-14,
embutidos-pelaez-archidona,Embutidos Peláez,Archidona,Carnes y embutidos,"Embutidos, salchichón de Málaga, chacinas y carnes","C. Nueva, 67, 29300 Archidona, Málaga","Embutidos Peláez es un productor local de Archidona especializado en embutidos, salchichón de málaga, chacinas y carnes, integrado en la oferta agroalimentaria de proximidad de la provincia de Málaga.",Consultar web o venta directa,952 71 48 32,comercial@carniceriaspelaez.com,http://www.carniceriaspelaez.com/,https://www.facebook.com/carniceriaspelaez,,https://www.google.com/maps/search/?api=1&query=Embutidos%20Pel%C3%A1ez%2C%20C.%20Nueva%2C%2067%2C%2029300%20Archidona%2C%20M%C3%A1laga&query_place_id=ChIJH8gM24x9cg0RFbOHmnWQcSo,37.09398669999999,-4.390817,2026-05-14,
encurtidos-almario-ronda,Encurtidos Almario,Ronda,Pan y pastelería,"Pan, repostería, dulces artesanos y obrador","Lugar Partido Rural Los Frontones, s/n, 29400 Llano de la Cruz, Málaga","Encurtidos Almario es un productor local de Ronda especializado en pan, repostería, dulces artesanos y obrador, integrado en la oferta agroalimentaria de proximidad de la provincia de Málaga.",Consultar web o venta directa,952 11 40 77,jmalmarioencurtidos@hotmail.com,,https://www.facebook.com/AceitunasAlmario,https://www.instagram.com/encurtidosalmariosl61/,https://www.google.com/maps/search/?api=1&query=Encurtidos%20Almario%2C%20Lugar%20Partido%20Rural%20Los%20Frontones%2C%20s%2Fn%2C%2029400%20Llano%20de%20la%20Cruz%2C%20M%C3%A1laga&query_place_id=ChIJiS9wl0E3DQ0R67FQUFTTt2Y,36.7794306,-5.1655334,2026-05-14,
especias-pedroza-fuente-de-piedra,Especias Pedroza,Fuente de Piedra,Carnes y embutidos,"Embutidos, salchichón de Málaga, chacinas y carnes","Poligono Industrial Fuente de Piedra, C. Clara Campoamor, s/n Parcela C-6, 29520 Fuente de Piedra, Málaga","Especias Pedroza es un productor local de Fuente de Piedra especializado en embutidos, salchichón de málaga, chacinas y carnes, integrado en la oferta agroalimentaria de proximidad de la provincia de Málaga.",Consultar web o venta directa,952 73 55 07,info@especiaspedroza.es,http://especiaspedroza.es/es/,https://www.facebook.com/Especias-Hermanos-Pedroza-130313193808291/,,https://www.google.com/maps/search/?api=1&query=Especias%20Pedroza%2C%20Poligono%20Industrial%20Fuente%20de%20Piedra%2C%20C.%20Clara%20Campoamor%2C%20s%2Fn%20Parcela%20C-6%2C%2029520%20Fuente%20de%20Piedra%2C%20M%C3%A1laga&query_place_id=ChIJg1bFYFyfcg0RiyFu5MDivJk,37.1353874,-4.7208638,2026-05-14,
exotic-fruit-box-rincon-de-la-victoria,Exotic Fruit Box,Rincón de la Victoria,Fruta y verdura,"Aguacate, mango, cítricos, pasas y huerta malagueña","Finca la Tropicana Arroyo Granadillas, 29730 Torre de Benagalbón, Málaga","Exotic Fruit Box es un productor local de Rincón de la Victoria especializado en aguacate, mango, cítricos, pasas y huerta malagueña, integrado en la oferta agroalimentaria de proximidad de la provincia de Málaga.",Consultar web o venta directa,659 06 93 65,finance@exoticfruitbox.com,http://www.exoticfruitbox.com/,https://www.facebook.com/FincalaTropicana/?ref=ts,https://www.instagram.com/exoticfruitbox/,https://www.google.com/maps/search/?api=1&query=Exotic%20Fruit%20Box%2C%20Finca%20la%20Tropicana%20Arroyo%20Granadillas%2C%2029730%20Torre%20de%20Benagalb%C3%B3n%2C%20M%C3%A1laga&query_place_id=ChIJsaHXAH1bcg0R3JiyVGj7kTw,36.7408199,-4.2747009,2026-05-14,
extra-natural-mijas,Extra Natural,Mijas,Despensa artesanal,"Croquetas, salsas, conservas, platos preparados y despensa local","Edificio Mijas Paraíso, Av. de Méjico, 6, Local 9, 29650 Mijas, Málaga","Extra Natural es un productor local de Mijas especializado en croquetas, salsas, conservas, platos preparados y despensa local, integrado en la oferta agroalimentaria de proximidad de la provincia de Málaga.",Consultar web o venta directa,952 59 08 23,extranaturalmijas@gmail.com,https://www.mijasnatural.com/,https://www.facebook.com/extranaturalmijas/,,https://www.google.com/maps/search/?api=1&query=Extra%20Natural%2C%20Edificio%20Mijas%20Para%C3%ADso%2C%20Av.%20de%20M%C3%A9jico%2C%206%2C%20Local%209%2C%2029650%20Mijas%2C%20M%C3%A1laga&query_place_id=ChIJgXMbAmrjcg0RfDJE8g4XzaY,36.5974649,-4.6370404,2026-05-14,
f-r-a-molino-don-felix-ronda,F.R.A. Molino Don Félix,Ronda,Aceite,"Aceite de oliva virgen extra, AOVE, olivar malagueño","C. Sta. María la Cañada, 1, 29400 Ronda, Málaga","F.R.A. Molino Don Félix es un productor local de Ronda especializado en aceite de oliva virgen extra, aove, olivar malagueño, integrado en la oferta agroalimentaria de proximidad de la provincia de Málaga.",Consultar web o venta directa,952 87 13 74,comercial@molinodonfelix.com,https://www.molinodonfelix.com/,,,https://www.google.com/maps/search/?api=1&query=F.R.A.%20Molino%20Don%20F%C3%A9lix%2C%20C.%20Sta.%20Mar%C3%ADa%20la%20Ca%C3%B1ada%2C%201%2C%2029400%20Ronda%2C%20M%C3%A1laga&query_place_id=ChIJRVCbTA80DQ0RhtxzuuTP6N0,36.7545031,-5.1471847,2026-05-14,
famadesa-malaga,FAMADESA,Málaga,Carnes y embutidos,"Embutidos, salchichón de Málaga, chacinas y carnes","Camino de Sta. Inés, 71, Campanillas, 29590 Málaga","FAMADESA es un productor local de Málaga especializado en embutidos, salchichón de málaga, chacinas y carnes, integrado en la oferta agroalimentaria de proximidad de la provincia de Málaga.",Consultar web o venta directa,952 43 30 50,comunicacion@famadesa.es,https://famadesa.es/,https://www.facebook.com/famadesa/,https://www.instagram.com/famadesa_/?hl=es,https://www.google.com/maps/search/?api=1&query=FAMADESA%2C%20Camino%20de%20Sta.%20In%C3%A9s%2C%2071%2C%20Campanillas%2C%2029590%20M%C3%A1laga&query_place_id=ChIJk-cbFl3wcg0RQY75IOdKTWA,36.7196764,-4.5309405,2026-05-14,
familia-hevilla-coin,Familia Hevilla,Coín,Aceite,"Aceite de oliva virgen extra, AOVE, olivar malagueño","Ctra. de Mijas, 29100 Coín, Málaga","Familia Hevilla es un productor local de Coín especializado en aceite de oliva virgen extra, aove, olivar malagueño, integrado en la oferta agroalimentaria de proximidad de la provincia de Málaga.",Consultar web o venta directa,676 47 29 87,familiahevilla@gmail.com,https://familiahevilla.es/,https://www.facebook.com/familiahevilla/,https://www.instagram.com/familiahevilla/,https://www.google.com/maps/search/?api=1&query=Familia%20Hevilla%2C%20Ctra.%20de%20Mijas%2C%2029100%20Co%C3%ADn%2C%20M%C3%A1laga&query_place_id=ChIJNRnjVrPdcg0RGvWS8bxolmw,36.6480545,-4.7490048,2026-05-14,
finca-la-juntilla-coin,Finca la Juntilla,Coín,Fruta y verdura,"Aguacate, mango, cítricos, pasas y huerta malagueña","C. Gallardo, 31, 29100 Coín, Málaga","Finca la Juntilla es un productor local de Coín especializado en aguacate, mango, cítricos, pasas y huerta malagueña, integrado en la oferta agroalimentaria de proximidad de la provincia de Málaga.",Consultar web o venta directa,635 60 76 12,fincadiaz@hotmail.com,http://www.fincalajuntilla.com/,,,https://www.google.com/maps/search/?api=1&query=Finca%20la%20Juntilla%2C%20C.%20Gallardo%2C%2031%2C%2029100%20Co%C3%ADn%2C%20M%C3%A1laga&query_place_id=ChIJyTdJfcndcg0RvOfAz7XiQR8,36.6614964,-4.7583845,2026-05-14,
finca-la-torre-antequera,Finca la Torre,Antequera,Aceite,"Aceite de oliva virgen extra, AOVE, olivar malagueño","Camino Finca la torre, 29540 Bobadilla, Málaga","Finca la Torre es un productor local de Antequera especializado en aceite de oliva virgen extra, aove, olivar malagueño, integrado en la oferta agroalimentaria de proximidad de la provincia de Málaga.",Consultar web o venta directa,952 11 16 19,info@fincalatorre.com,http://www.fincalatorre.com/,https://www.facebook.com/FincaLaTorre1,https://www.instagram.com/fincalatorre/,https://www.google.com/maps/search/?api=1&query=Finca%20la%20Torre%2C%20Camino%20Finca%20la%20torre%2C%2029540%20Bobadilla%2C%20M%C3%A1laga&query_place_id=ChIJAwvqFZ2Xcg0RFwzb8UAxQ_U,37.0212108,-4.687893799999999,2026-05-14,
flor-bermeja-casabermeja,Flor Bermeja,Casabermeja,Aceite,"Aceite de oliva virgen extra, AOVE, olivar malagueño","Polígono industrial la huerta, C. Madroño, nave 4, 29160 Casabermeja, Málaga","Flor Bermeja es un productor local de Casabermeja especializado en aceite de oliva virgen extra, aove, olivar malagueño, integrado en la oferta agroalimentaria de proximidad de la provincia de Málaga.",Consultar web o venta directa,620 40 40 25,contacto@florbermeja.com,http://www.florbermeja.com/,https://www.facebook.com/quesosflorbermeja/,https://www.instagram.com/flor_bermeja/,https://www.google.com/maps/search/?api=1&query=Flor%20Bermeja%2C%20Pol%C3%ADgono%20industrial%20la%20huerta%2C%20C.%20Madro%C3%B1o%2C%20nave%204%2C%2029160%20Casabermeja%2C%20M%C3%A1laga&query_place_id=ChIJbbod7D9jcg0RjpAaDzwmT6E,36.8974483,-4.4266953,2026-05-14,
framancha-monda,Framancha,Monda,Pan y pastelería,"Pan, repostería, dulces artesanos y obrador","C. Fuente, 6, 7, 29110 Monda, Málaga","Framancha es un productor local de Monda especializado en pan, repostería, dulces artesanos y obrador, integrado en la oferta agroalimentaria de proximidad de la provincia de Málaga.",Consultar web o venta directa,952 45 70 98,framancha@hotmail.com,https://es-la.facebook.com/pages/category/Local-Business/Framancha-MONDA-398353764095357/,https://www.facebook.com/Framancha-SL-468463669945134/,,https://www.google.com/maps/search/?api=1&query=Framancha%2C%20C.%20Fuente%2C%206%2C%207%2C%2029110%20Monda%2C%20M%C3%A1laga&query_place_id=ChIJj8qbFb3bcg0ReEbmuWTU--Y,36.628975,-4.8330435,2026-05-14,
frumaco-frudel-velez-malaga,Frumaco - FRUDEL,Vélez-Málaga,Despensa artesanal,"Croquetas, salsas, conservas, platos preparados y despensa local","Polígono Industrial El Trapiche Nave TROPS s/n, 29700 Vélez-Málaga, Málaga","Frumaco - FRUDEL es un productor local de Vélez-Málaga especializado en croquetas, salsas, conservas, platos preparados y despensa local, integrado en la oferta agroalimentaria de proximidad de la provincia de Málaga.",Consultar web o venta directa,952 91 63 16,pedidos@frumaco.com,https://www.frumaco.com/,https://www.facebook.com/frudel,,https://www.google.com/maps/search/?api=1&query=Frumaco%20-%20FRUDEL%2C%20Pol%C3%ADgono%20Industrial%20El%20Trapiche%20Nave%20TROPS%20s%2Fn%2C%2029700%20V%C3%A9lez-M%C3%A1laga%2C%20M%C3%A1laga&query_place_id=ChIJ0bZ_iA5Hcg0R47f4lyov_xA,36.8001102,-4.1188772,2026-05-14,
frutas-montosa-velez-malaga,Frutas Montosa,Vélez-Málaga,Fruta y verdura,"Aguacate, mango, cítricos, pasas y huerta malagueña","P.I. Cajiz, Finca el molino, S/N, Valle-Niza FINCA EL MOLINO S/N, 29792 MÁLAGA, Málaga","Frutas Montosa es un productor local de Vélez-Málaga especializado en aguacate, mango, cítricos, pasas y huerta malagueña, integrado en la oferta agroalimentaria de proximidad de la provincia de Málaga.",Consultar web o venta directa,952 51 35 33,marketing@frutasmontosa.com,http://www.frutasmontosa.com/es/,,,https://www.google.com/maps/search/?api=1&query=Frutas%20Montosa%2C%20P.I.%20Cajiz%2C%20Finca%20el%20molino%2C%20S%2FN%2C%20Valle-Niza%20FINCA%20EL%20MOLINO%20S%2FN%2C%2029792%20M%C3%81LAGA%2C%20M%C3%A1laga&query_place_id=ChIJVVVVRtpFcg0RDaV3bfrwjyI,36.7324645,-4.1646053,2026-05-14,
frutas-rocio-pizarra,Frutas Rocío,Pizarra,Fruta y verdura,"Aguacate, mango, cítricos, pasas y huerta malagueña","C. Diego Romero, 13, 29560 Pizarra, Málaga","Frutas Rocío es un productor local de Pizarra especializado en aguacate, mango, cítricos, pasas y huerta malagueña, integrado en la oferta agroalimentaria de proximidad de la provincia de Málaga.",Consultar web o venta directa,952 48 49 69,correo@frutasrocio.com,,,,https://www.google.com/maps/search/?api=1&query=Frutas%20Roc%C3%ADo%2C%20C.%20Diego%20Romero%2C%2013%2C%2029560%20Pizarra%2C%20M%C3%A1laga&query_place_id=ChIJtWHYQfLpcg0R7C0SCvJBUfU,36.7657142,-4.710893500000001,2026-05-14,
frutos-secos-esteban-fuengirola,Frutos secos Esteban,Fuengirola,Fruta y verdura,"Aguacate, mango, cítricos, pasas y huerta malagueña","C. la Orotava, 35, Cruz de Humilladero, 29006 Málaga","Frutos secos Esteban es un productor local de Fuengirola especializado en aguacate, mango, cítricos, pasas y huerta malagueña, integrado en la oferta agroalimentaria de proximidad de la provincia de Málaga.",Consultar web o venta directa,952 31 25 91,estebanfrutossecos@gmail.com,https://estebanfrutossecos.wordpress.com/,,,https://www.google.com/maps/search/?api=1&query=Frutos%20secos%20Esteban%2C%20C.%20la%20Orotava%2C%2035%2C%20Cruz%20de%20Humilladero%2C%2029006%20M%C3%A1laga&query_place_id=ChIJGZj5jlP3cg0RUCet3wixLBE,36.7040451,-4.476416,2026-05-14,
garo-campillos,Garo,Campillos,Aceite,"Aceite de oliva virgen extra, AOVE, olivar malagueño","Paraje Quiebracantaros, s/n, 29320 Campillos, Málaga","Garo es un productor local de Campillos especializado en aceite de oliva virgen extra, aove, olivar malagueño, integrado en la oferta agroalimentaria de proximidad de la provincia de Málaga.",Consultar web o venta directa,601 63 89 85,ingo@aceitunaverde.com,http://www.aceitunaverde.com/,,,https://www.google.com/maps/search/?api=1&query=Garo%2C%20Paraje%20Quiebracantaros%2C%20s%2Fn%2C%2029320%20Campillos%2C%20M%C3%A1laga&query_place_id=ChIJ26ztYx-lcg0R8pM1Dtnkqjs,37.0653476,-4.857580599999999,2026-05-14,
gazpacheria-malaguena-pizarra,Gazpachería Malagueña,Pizarra,Despensa artesanal,"Croquetas, salsas, conservas, platos preparados y despensa local","C. Somera, 14, Distrito Centro, 29001 Málaga","Gazpachería Malagueña es un productor local de Pizarra especializado en croquetas, salsas, conservas, platos preparados y despensa local, integrado en la oferta agroalimentaria de proximidad de la provincia de Málaga.",Consultar web o venta directa,627 25 33 60,juanalr@hotmail.es,,https://www.facebook.com/gazpacheriamlg,,https://www.google.com/maps/search/?api=1&query=Gazpacher%C3%ADa%20Malague%C3%B1a%2C%20C.%20Somera%2C%2014%2C%20Distrito%20Centro%2C%2029001%20M%C3%A1laga&query_place_id=ChIJ1R9e3pP3cg0R3Jq1kcl4bHw,36.7146746,-4.4231123,2026-05-14,
gin-alboran-velez-malaga,Gin Alborán,Vélez-Málaga,Bodega y licores,"Ginebra, licores, vermut y destilados","Urb. Alborán, Vélez-Málaga, Málaga","Gin Alborán es un productor local de Vélez-Málaga especializado en ginebra, licores, vermut y destilados, integrado en la oferta agroalimentaria de proximidad de la provincia de Málaga.",Consultar web o venta directa,605 26 28 34,infodestileriasalboran@gmail.com,,https://www.facebook.com/alborangin/,,https://www.google.com/maps/search/?api=1&query=Gin%20Albor%C3%A1n%2C%20Urb.%20Albor%C3%A1n%2C%20V%C3%A9lez-M%C3%A1laga%2C%20M%C3%A1laga&query_place_id=ChIJQ0yZzBpHcg0R5Y98_X1QLOQ,36.7654073,-4.1018358,2026-05-14,
good-cafeteria-y-pasteleria-sierra-de-yeguas,Good Cafetería y Pastelería,Sierra de Yeguas,Aceite,"Aceite de oliva virgen extra, AOVE, olivar malagueño","Calle Travesía del Nte., 29328 Sierra de Yeguas, Málaga","Good Cafetería y Pastelería es un productor local de Sierra de Yeguas especializado en aceite de oliva virgen extra, aove, olivar malagueño, integrado en la oferta agroalimentaria de proximidad de la provincia de Málaga.",Consultar web o venta directa,646 95 66 75,oficinasaboramalaga@malaga.es,https://www.facebook.com/share/19w49TNX3M/?mibextid=wwXIfr,,https://www.instagram.com/goodpasteleria/,https://www.google.com/maps/search/?api=1&query=Good%20Cafeter%C3%ADa%20y%20Pasteler%C3%ADa%2C%20Calle%20Traves%C3%ADa%20del%20Nte.%2C%2029328%20Sierra%20de%20Yeguas%2C%20M%C3%A1laga&query_place_id=ChIJeb65CwCncg0Rq91ASY_4TZc,37.1268068,-4.865365199999999,2026-05-14,
gotas-de-gloria-antequera,Gotas de Gloria,Antequera,Aceite,"Aceite de oliva virgen extra, AOVE, olivar malagueño","C. Infante Don Fernando, 68, 29200 Antequera, Málaga","Gotas de Gloria es un productor local de Antequera especializado en aceite de oliva virgen extra, aove, olivar malagueño, integrado en la oferta agroalimentaria de proximidad de la provincia de Málaga.",Consultar web o venta directa,951 53 59 84,jlorentemata@gmail.com,http://www.gotasdegloria.es/,https://www.facebook.com/pg/GotasDeGloria/shop/?ref=page_internal,,https://www.google.com/maps/search/?api=1&query=Gotas%20de%20Gloria%2C%20C.%20Infante%20Don%20Fernando%2C%2068%2C%2029200%20Antequera%2C%20M%C3%A1laga&query_place_id=ChIJG5Z4KOCPcg0Rf4O7UoTiVtc,37.0189773,-4.5623067,2026-05-14,
granja-casado-el-burgo,Granja Casado,El Burgo,Huevos,"Huevos camperos, producción avícola, granja local","Q3J6+84, 29420 El Burgo, Málaga","Granja Casado es un productor local de El Burgo especializado en huevos camperos, producción avícola, granja local, integrado en la oferta agroalimentaria de proximidad de la provincia de Málaga.",Consultar web o venta directa,650 19 35 79,oficinasaboramalaga@malaga.es,,,,https://www.google.com/maps/search/?api=1&query=Granja%20Casado%2C%20Q3J6%2B84%2C%2029420%20El%20Burgo%2C%20M%C3%A1laga&query_place_id=ChIJ-XMnhXzJcg0Rt1hqRqgCDcM,36.7808279,-4.9399792,2026-05-14,
granja-ecologica-las-pencas-mijas,Granja Ecológica Las Pencas,Mijas,Huevos,"Huevos camperos, producción avícola, granja local","Diseminado arroyo, 29649 La Cala de Mijas, Málaga","Granja Ecológica Las Pencas es un productor local de Mijas especializado en huevos camperos, producción avícola, granja local, integrado en la oferta agroalimentaria de proximidad de la provincia de Málaga.",Consultar web o venta directa,613 23 93 40,granjaecolaspencas@gmail.com,,https://www.facebook.com/granjalaspencas/,,https://www.google.com/maps/search/?api=1&query=Granja%20Ecol%C3%B3gica%20Las%20Pencas%2C%20Diseminado%20arroyo%2C%2029649%20La%20Cala%20de%20Mijas%2C%20M%C3%A1laga&query_place_id=ChIJla4UtyPicg0R1tfgsnhEuRM,36.5159756,-4.7152411,2026-05-14,
granja-salvi-coin,Granja Salvi,Coín,Huevos,"Huevos camperos, producción avícola, granja local","Partido el Cerradillo, S/N, 29100 Coín, Málaga","Granja Salvi es un productor local de Coín especializado en huevos camperos, producción avícola, granja local, integrado en la oferta agroalimentaria de proximidad de la provincia de Málaga.",Consultar web o venta directa,952 11 22 60,inma@granjasalvi.es,http://www.granjasalvi.es/,,,https://www.google.com/maps/search/?api=1&query=Granja%20Salvi%2C%20Partido%20el%20Cerradillo%2C%20S%2FN%2C%2029100%20Co%C3%ADn%2C%20M%C3%A1laga&query_place_id=ChIJI0Niowbdcg0R01l95qHQOcg,36.7007956,-4.7498756,2026-05-14,
grupo-hermanos-gallego-alhaurin-de-la-torre,Grupo Hermanos Gallego,Alhaurín de la Torre,Fruta y verdura,"Aguacate, mango, cítricos, pasas y huerta malagueña","Pol. Ind., P.º de la Hispanidad, 50, 29130 Alhaurín de la Torre, Málaga","Grupo Hermanos Gallego es un productor local de Alhaurín de la Torre especializado en aguacate, mango, cítricos, pasas y huerta malagueña, integrado en la oferta agroalimentaria de proximidad de la provincia de Málaga.",Consultar web o venta directa,952 62 20 81,juancarlos@hermanosgallego.es,http://hermanosgallego.es/,https://www.facebook.com/Grupo-Hnos-Gallego-Fdez-1761551887414167,,https://www.google.com/maps/search/?api=1&query=Grupo%20Hermanos%20Gallego%2C%20Pol.%20Ind.%2C%20P.%C2%BA%20de%20la%20Hispanidad%2C%2050%2C%2029130%20Alhaur%C3%ADn%20de%20la%20Torre%2C%20M%C3%A1laga&query_place_id=ChIJAwmVf836cg0RzB7BD37Zl9o,36.6743437,-4.5469408,2026-05-14,
grupo-sancho-melero-antequera,Grupo Sancho Melero,Antequera,Pan y pastelería,"Pan, repostería, dulces artesanos y obrador","C. Río Guadalhorce, 14, 29200 Antequera, Málaga","Grupo Sancho Melero es un productor local de Antequera especializado en pan, repostería, dulces artesanos y obrador, integrado en la oferta agroalimentaria de proximidad de la provincia de Málaga.",Consultar web o venta directa,952 84 21 82,info@incoansl.com,https://www.incoansl.com/,,,https://www.google.com/maps/search/?api=1&query=Grupo%20Sancho%20Melero%2C%20C.%20R%C3%ADo%20Guadalhorce%2C%2014%2C%2029200%20Antequera%2C%20M%C3%A1laga&query_place_id=ChIJNfKZU5CPcg0RifyWBaxbd60,37.0264396,-4.5338492,2026-05-14,
guadalhorce-ecologico-s-coop-adn-alhaurin-el-grande,Guadalhorce Ecológico S.COOP.ADN,Alhaurín el Grande,Aceite,"Aceite de oliva virgen extra, AOVE, olivar malagueño","Calle Rda. Pte., S/N, 29570 Villafranco del Guadalhorce, Málaga","Guadalhorce Ecológico S.COOP.ADN es un productor local de Alhaurín el Grande especializado en aceite de oliva virgen extra, aove, olivar malagueño, integrado en la oferta agroalimentaria de proximidad de la provincia de Málaga.",Consultar web o venta directa,952 42 31 49,eco@guadalhoreecologico.es,http://www.guadalhorceecologico.com/,,https://www.instagram.com/guadalhorce_eco/,https://www.google.com/maps/search/?api=1&query=Guadalhorce%20Ecol%C3%B3gico%20S.COOP.ADN%2C%20Calle%20Rda.%20Pte.%2C%20S%2FN%2C%2029570%20Villafranco%20del%20Guadalhorce%2C%20M%C3%A1laga&query_place_id=ChIJGcSRYm7ocg0RzfzNlah0F3I,36.7028368,-4.7011077,2026-05-14,
hacienda-de-colchado-antequera,Hacienda de Colchado,Antequera,Aceite,"Aceite de oliva virgen extra, AOVE, olivar malagueño","Cortijo de Colchado S/N C/ Iglesia, 29250 Cartaojal, Málaga","Hacienda de Colchado es un productor local de Antequera especializado en aceite de oliva virgen extra, aove, olivar malagueño, integrado en la oferta agroalimentaria de proximidad de la provincia de Málaga.",Consultar web o venta directa,605 84 72 10,info@haciendadecolchado.com,http://www.haciendadecolchado.com/,https://www.facebook.com/Hacienda-de-Colchado-749042591897014/,https://www.instagram.com/hacienda_de_colchado/,https://www.google.com/maps/search/?api=1&query=Hacienda%20de%20Colchado%2C%20Cortijo%20de%20Colchado%20S%2FN%20C%2F%20Iglesia%2C%2029250%20Cartaojal%2C%20M%C3%A1laga&query_place_id=ChIJd6ADUT-Ecg0RAc7cbCWjIHQ,37.1001994,-4.5000832,2026-05-14,
harinas-la-fuensanta-coin,Harinas La Fuensanta,Coín,Despensa artesanal,"Croquetas, salsas, conservas, platos preparados y despensa local","C. Antequera, 53, 29100 Coín, Málaga","Harinas La Fuensanta es un productor local de Coín especializado en croquetas, salsas, conservas, platos preparados y despensa local, integrado en la oferta agroalimentaria de proximidad de la provincia de Málaga.",Consultar web o venta directa,952 45 01 93,tienda@harinaslafuensanta.com,https://harinaslafuensanta.com/,https://www.facebook.com/HARINASLAFUENSANTA/?ref=ts,,https://www.google.com/maps/search/?api=1&query=Harinas%20La%20Fuensanta%2C%20C.%20Antequera%2C%2053%2C%2029100%20Co%C3%ADn%2C%20M%C3%A1laga&query_place_id=ChIJD4HpFBndcg0RaPqNtbB-IyY,36.6614064,-4.7622067,2026-05-14,
harinera-el-molino-eco-coin-coin,Harinera El Molino Eco-Coín,Coín,Despensa artesanal,"Croquetas, salsas, conservas, platos preparados y despensa local","C. los Molinos, 4, 29100 Coín, Málaga","Harinera El Molino Eco-Coín es un productor local de Coín especializado en croquetas, salsas, conservas, platos preparados y despensa local, integrado en la oferta agroalimentaria de proximidad de la provincia de Málaga.",Consultar web o venta directa,952 45 05 96,info@harineraelmolino.com,https://harineraelmolino.com/,https://www.facebook.com/Harinera-El-Molino-Ecocoin-Mendez-188331274841509/,,https://www.google.com/maps/search/?api=1&query=Harinera%20El%20Molino%20Eco-Co%C3%ADn%2C%20C.%20los%20Molinos%2C%204%2C%2029100%20Co%C3%ADn%2C%20M%C3%A1laga&query_place_id=ChIJo3i_hxndcg0Ry8RqwSCAXr4,36.6603283,-4.7608228,2026-05-14,
hay-mango-velez-malaga,Hay Mango,Vélez-Málaga,Fruta y verdura,"Aguacate, mango, cítricos, pasas y huerta malagueña","C.C. El Ingenio, Carr. de Cadiz, s/n, 29740 Torre del Mar, Málaga","Hay Mango es un productor local de Vélez-Málaga especializado en aguacate, mango, cítricos, pasas y huerta malagueña, integrado en la oferta agroalimentaria de proximidad de la provincia de Málaga.",Consultar web o venta directa,952 54 24 59,info@hay-mango.com,https://shop.mango.com/es/es?utm_source=google&utm_medium=organic&utm_campaign=googlemaps,https://www.facebook.com/Hay-Mango-420268671490941/,,https://www.google.com/maps/search/?api=1&query=Hay%20Mango%2C%20C.C.%20El%20Ingenio%2C%20Carr.%20de%20Cadiz%2C%20s%2Fn%2C%2029740%20Torre%20del%20Mar%2C%20M%C3%A1laga&query_place_id=ChIJa1d5qbxHcg0RxYIa3muoMYk,36.755552,-4.0991643,2026-05-14,
haza-del-palmar-coin,Haza del Palmar,Coín,Fruta y verdura,"Aguacate, mango, cítricos, pasas y huerta malagueña","Partida Haza Palmar, 8, 29100 Coín, Málaga","Haza del Palmar es un productor local de Coín especializado en aguacate, mango, cítricos, pasas y huerta malagueña, integrado en la oferta agroalimentaria de proximidad de la provincia de Málaga.",Consultar web o venta directa,651 41 87 49,hazadelpalmar@gmail.com,http://hazadelpalmarweb.wixsite.com/documento-maestro,https://www.facebook.com/hazadelpalmar/,,https://www.google.com/maps/search/?api=1&query=Haza%20del%20Palmar%2C%20Partida%20Haza%20Palmar%2C%208%2C%2029100%20Co%C3%ADn%2C%20M%C3%A1laga&query_place_id=ChIJla3NC8XCcg0RBPg-KxaU2F4,36.69963910000001,-4.756393,2026-05-14,
helados-y-turrones-sucesores-de-dimas-mira-malaga,Helados y Turrones Sucesores de Dimas Mira,Málaga,Helados,"Helados artesanos, turrones, sorbetes y postres fríos","C. Marqués de Larios, 5, Distrito Centro, 29015 Málaga","Helados y Turrones Sucesores de Dimas Mira es un productor local de Málaga especializado en helados artesanos, turrones, sorbetes y postres fríos, integrado en la oferta agroalimentaria de proximidad de la provincia de Málaga.",Consultar web o venta directa,952 22 30 69,casamira@telefonica.net,https://casamira.es/,https://www.facebook.com/heladeriacasamira/,https://www.instagram.com/casamiramadridoficial/,https://www.google.com/maps/search/?api=1&query=Helados%20y%20Turrones%20Sucesores%20de%20Dimas%20Mira%2C%20C.%20Marqu%C3%A9s%20de%20Larios%2C%205%2C%20Distrito%20Centro%2C%2029015%20M%C3%A1laga&query_place_id=ChIJjWZZupX3cg0RC4chqyYyMog,36.7194654,-4.4214885,2026-05-14,
hermanos-montanez-gomez-malaga,Hermanos Montañez Gómez,Málaga,Bodega y licores,"Vinos de Málaga, moscatel, tintos y blancos","Calle Mar, 7, Málaga-Este, 29017 Málaga","Hermanos Montañez Gómez es un productor local de Málaga especializado en vinos de málaga, moscatel, tintos y blancos, integrado en la oferta agroalimentaria de proximidad de la provincia de Málaga.",Consultar web o venta directa,687 27 43 46,comercial@elpanmoreno.com,https://www.roscosdevinomontanez.com/,http://www.facebook.com/roscosmontanez/,,https://www.google.com/maps/search/?api=1&query=Hermanos%20Monta%C3%B1ez%20G%C3%B3mez%2C%20Calle%20Mar%2C%207%2C%20M%C3%A1laga-Este%2C%2029017%20M%C3%A1laga&query_place_id=ChIJ5XjcVzRYcg0R45FULtIqJlQ,36.7206355,-4.3590156,2026-05-14,
hijos-de-cordobilla-competa,Hijos de Cordobilla,Cómpeta,Aceite,"Aceite de oliva virgen extra, AOVE, olivar malagueño","C. Panaderos, 38, 29754 Cómpeta, Málaga","Hijos de Cordobilla es un productor local de Cómpeta especializado en aceite de oliva virgen extra, aove, olivar malagueño, integrado en la oferta agroalimentaria de proximidad de la provincia de Málaga.",Consultar web o venta directa,952 51 60 78,cuestaruano@gmail.com,https://hijosdecordobilla.wordpress.com/,https://www.facebook.com/productoscordobilla/,,https://www.google.com/maps/search/?api=1&query=Hijos%20de%20Cordobilla%2C%20C.%20Panaderos%2C%2038%2C%2029754%20C%C3%B3mpeta%2C%20M%C3%A1laga&query_place_id=ChIJqzN6DTo8cg0R1KKaObj_tB4,36.8327664,-3.97415,2026-05-14,
hnos-fernandez-malaga,Hnos. Fernández,Málaga,Carnes y embutidos,"Embutidos, salchichón de Málaga, chacinas y carnes","Pl. Moreno Villa, 5, Carretera de Cádiz, 29002 Málaga","Hnos. Fernández es un productor local de Málaga especializado en embutidos, salchichón de málaga, chacinas y carnes, integrado en la oferta agroalimentaria de proximidad de la provincia de Málaga.",Consultar web o venta directa,952 32 71 05,info@productoscarnicosfernandez.es,https://www.productoscarnicosfernandez.es/,,,https://www.google.com/maps/search/?api=1&query=Hnos.%20Fern%C3%A1ndez%2C%20Pl.%20Moreno%20Villa%2C%205%2C%20Carretera%20de%20C%C3%A1diz%2C%2029002%20M%C3%A1laga&query_place_id=ChIJy4N2lYP3cg0RBQrc2oeOPCY,36.7064899,-4.4346517,2026-05-14,
horno-de-lena-pinto-valle-de-abdalajis,Horno de Leña Pinto,Valle de Abdalajís,Aceite,"Aceite de oliva virgen extra, AOVE, olivar malagueño","C. Damas, 3, 29240 Valle de Abdalajís, Málaga","Horno de Leña Pinto es un productor local de Valle de Abdalajís especializado en aceite de oliva virgen extra, aove, olivar malagueño, integrado en la oferta agroalimentaria de proximidad de la provincia de Málaga.",Consultar web o venta directa,652 45 93 56,hornodelvallepinto@gmail.com,,https://www.facebook.com/pancatetodelvalle/,https://www.instagram.com/hornodelvallepinto/,https://www.google.com/maps/search/?api=1&query=Horno%20de%20Le%C3%B1a%20Pinto%2C%20C.%20Damas%2C%203%2C%2029240%20Valle%20de%20Abdalaj%C3%ADs%2C%20M%C3%A1laga&query_place_id=ChIJMaucLcKVcg0RRZ44KFjgzjg,36.93169,-4.68274,2026-05-14,
horno-san-pancracio-antequera,Horno San Pancracio,Antequera,Pan y pastelería,"Pan, repostería, dulces artesanos y obrador","C. Calzada, 11, 29200 Antequera, Málaga","Horno San Pancracio es un productor local de Antequera especializado en pan, repostería, dulces artesanos y obrador, integrado en la oferta agroalimentaria de proximidad de la provincia de Málaga.",Consultar web o venta directa,952 84 36 42,info@confiteriaartesana.com,http://confiteriaartesana.com/,,,https://www.google.com/maps/search/?api=1&query=Horno%20San%20Pancracio%2C%20C.%20Calzada%2C%2011%2C%2029200%20Antequera%2C%20M%C3%A1laga&query_place_id=ChIJu3mrVOePcg0Ruv4QBdd1ndo,37.0175894,-4.5574378,2026-05-14,
horno-san-roque-de-hermanos-paradas-pedraza-antequera,Horno San Roque de Hermanos Paradas Pedraza,Antequera,Pan y pastelería,"Pan, repostería, dulces artesanos y obrador","Puente los Remedios, 29200 Antequera, Málaga","Horno San Roque de Hermanos Paradas Pedraza es un productor local de Antequera especializado en pan, repostería, dulces artesanos y obrador, integrado en la oferta agroalimentaria de proximidad de la provincia de Málaga.",Consultar web o venta directa,952 84 40 24,hnos.paradas@gmail.com,http://molletesantequera.com/,,,https://www.google.com/maps/search/?api=1&query=Horno%20San%20Roque%20de%20Hermanos%20Paradas%20Pedraza%2C%20Puente%20los%20Remedios%2C%2029200%20Antequera%2C%20M%C3%A1laga&query_place_id=ChIJMZ5BuumPcg0ReUa35lmxDME,37.0192279,-4.5485958,2026-05-14,
horticola-sierra-sierra-de-yeguas,Hortícola Sierra,Sierra de Yeguas,Despensa artesanal,"Croquetas, salsas, conservas, platos preparados y despensa local","C. Sevilla, 8, 29329 Navahermosa, Málaga","Hortícola Sierra es un productor local de Sierra de Yeguas especializado en croquetas, salsas, conservas, platos preparados y despensa local, integrado en la oferta agroalimentaria de proximidad de la provincia de Málaga.",Consultar web o venta directa,952 74 66 68,josemiguel@horticolasierra.com,http://www.horticolasierra.com/,https://www.facebook.com/pg/horticola/photos/?ref=page_internal,,https://www.google.com/maps/search/?api=1&query=Hort%C3%ADcola%20Sierra%2C%20C.%20Sevilla%2C%208%2C%2029329%20Navahermosa%2C%20M%C3%A1laga&query_place_id=ChIJ2dQ7pG2mcg0R1jQuXoaAxt0,37.1566658,-4.8405542,2026-05-14,
huerta-rio-grande-coin,Huerta Río Grande,Coín,Huevos,"Huevos camperos, producción avícola, granja local","Lugar Partido el Cerradillo, 10, 29100 Coín, Málaga","Huerta Río Grande es un productor local de Coín especializado en huevos camperos, producción avícola, granja local, integrado en la oferta agroalimentaria de proximidad de la provincia de Málaga.",Consultar web o venta directa,669 09 41 34,contacto@huertariogrande.com,http://www.huertariogrande.com/,,,https://www.google.com/maps/search/?api=1&query=Huerta%20R%C3%ADo%20Grande%2C%20Lugar%20Partido%20el%20Cerradillo%2C%2010%2C%2029100%20Co%C3%ADn%2C%20M%C3%A1laga&query_place_id=ChIJ3Q_1UHHDcg0RXsYrqzO3hhw,36.7048491,-4.748914,2026-05-14,
huerto-de-la-condesa-ronda,Huerto de la Condesa,Ronda,Bodega y licores,"Vinos de Málaga, moscatel, tintos y blancos","C. Guadalquivir, 2, 29400 Ronda, Málaga","Huerto de la Condesa es un productor local de Ronda especializado en vinos de málaga, moscatel, tintos y blancos, integrado en la oferta agroalimentaria de proximidad de la provincia de Málaga.",Consultar web o venta directa,689 34 29 11,luis@caiconsultores.com,http://www.huertodelacondesa.com/,https://www.facebook.com/HuertodelaCondesa/,https://www.instagram.com/Huertodelacondesa/,https://www.google.com/maps/search/?api=1&query=Huerto%20de%20la%20Condesa%2C%20C.%20Guadalquivir%2C%202%2C%2029400%20Ronda%2C%20M%C3%A1laga&query_place_id=ChIJN7_p_l83DQ0RQmi_T-kC5HU,36.7513203,-5.164342,2026-05-14,
huesal-malaga,Huesal,Málaga,Carnes y embutidos,"Embutidos, salchichón de Málaga, chacinas y carnes","Tr.ª Marcos Zapata, Málaga-Este, 29016 Málaga","Huesal es un productor local de Málaga especializado en embutidos, salchichón de málaga, chacinas y carnes, integrado en la oferta agroalimentaria de proximidad de la provincia de Málaga.",Consultar web o venta directa,680 58 96 39,huesal@hotmail.es,,,,https://www.google.com/maps/search/?api=1&query=Huesal%2C%20Tr.%C2%AA%20Marcos%20Zapata%2C%20M%C3%A1laga-Este%2C%2029016%20M%C3%A1laga&query_place_id=ChIJU3Po1VtZcg0R2rRVDiOrDUA,36.7233818,-4.3625224,2026-05-14,
huevos-ama-malaga,Huevos AMA,Málaga,Huevos,"Huevos camperos, producción avícola, granja local","C. Estado, 36, BAJO, Campanillas, 29196 Málaga","Huevos AMA es un productor local de Málaga especializado en huevos camperos, producción avícola, granja local, integrado en la oferta agroalimentaria de proximidad de la provincia de Málaga.",Consultar web o venta directa,952 17 95 04,huevosama@huevosama.com,http://www.huevosama.com/,,,https://www.google.com/maps/search/?api=1&query=Huevos%20AMA%2C%20C.%20Estado%2C%2036%2C%20BAJO%2C%20Campanillas%2C%2029196%20M%C3%A1laga&query_place_id=ChIJDVTKL4Xwcg0R-qRcvSl5GCU,36.7054323,-4.5113806,2026-05-14,
huevos-y-gallinas-campechanas-villanueva-del-trabuco,Huevos y Gallinas Campechanas,Villanueva del Trabuco,Huevos,"Huevos camperos, producción avícola, granja local","Cortijuelo, 29313 Villanueva del Trabuco, Málaga","Huevos y Gallinas Campechanas es un productor local de Villanueva del Trabuco especializado en huevos camperos, producción avícola, granja local, integrado en la oferta agroalimentaria de proximidad de la provincia de Málaga.",Consultar web o venta directa,605 01 24 70,gallinascampechanas@hotmail.com,,https://www.facebook.com/victormanuelluqueaguilar/,https://www.instagram.com/gallinascampechanas/?hl=es,https://www.google.com/maps/search/?api=1&query=Huevos%20y%20Gallinas%20Campechanas%2C%20Cortijuelo%2C%2029313%20Villanueva%20del%20Trabuco%2C%20M%C3%A1laga&query_place_id=ChIJASzJCoxjcg0ReS6hiOE4j64,37.0280014,-4.3387196,2026-05-14,
hutesa-fuente-de-piedra,Hutesa,Fuente de Piedra,Aceite,"Aceite de oliva virgen extra, AOVE, olivar malagueño","Km 10 Carretera A-7280, 29520 Fuente de Piedra, Málaga","Hutesa es un productor local de Fuente de Piedra especializado en aceite de oliva virgen extra, aove, olivar malagueño, integrado en la oferta agroalimentaria de proximidad de la provincia de Málaga.",Consultar web o venta directa,952 73 52 25,hutesa@hutesa.com,http://www.hutesa.com/,,,https://www.google.com/maps/search/?api=1&query=Hutesa%2C%20Km%2010%20Carretera%20A-7280%2C%2029520%20Fuente%20de%20Piedra%2C%20M%C3%A1laga&query_place_id=ChIJPdATUlqfcg0Rv-Om92xUqMA,37.130346,-4.7202211,2026-05-14,
ibericos-aro-cortes-de-la-frontera,Ibéricos ARO,Cortes de la Frontera,Carnes y embutidos,"Embutidos, salchichón de Málaga, chacinas y carnes","C. Cañada del Real Tesoro, 23, 29391 Cañada del Real Tesoro, Málaga","Ibéricos ARO es un productor local de Cortes de la Frontera especializado en embutidos, salchichón de málaga, chacinas y carnes, integrado en la oferta agroalimentaria de proximidad de la provincia de Málaga.",Consultar web o venta directa,952 15 32 86,francisco@ibericosaro.es,http://www.ibericosaro.es/,,,https://www.google.com/maps/search/?api=1&query=Ib%C3%A9ricos%20ARO%2C%20C.%20Ca%C3%B1ada%20del%20Real%20Tesoro%2C%2023%2C%2029391%20Ca%C3%B1ada%20del%20Real%20Tesoro%2C%20M%C3%A1laga&query_place_id=ChIJZbRu8r8jDQ0RLCXi7o26QGU,36.598888,-5.332252,2026-05-14,
ibericos-langenal-arriate,Ibéricos LanGenal,Arriate,Carnes y embutidos,"Embutidos, salchichón de Málaga, chacinas y carnes","Casa de Guadarrín, 29461 Faraján, Málaga","Ibéricos LanGenal es un productor local de Arriate especializado en embutidos, salchichón de málaga, chacinas y carnes, integrado en la oferta agroalimentaria de proximidad de la provincia de Málaga.",Consultar web o venta directa,669 14 30 61,Ibericoslangenal@gmail.com,https://langenal.com/,,https://www.instagram.com/ibericoslangenal/,https://www.google.com/maps/search/?api=1&query=Ib%C3%A9ricos%20LanGenal%2C%20Casa%20de%20Guadarr%C3%ADn%2C%2029461%20Faraj%C3%A1n%2C%20M%C3%A1laga&query_place_id=ChIJ1XrucgAvDQ0RYfA4pU7ieIE,36.608021,-5.206824,2026-05-14,
ibericos-yunquera-yunquera,Ibéricos Yunquera,Yunquera,Carnes y embutidos,"Embutidos, salchichón de Málaga, chacinas y carnes","C/Las Tobas nº 2 Pol.Industrial, 29410 Yunquera, Málaga","Ibéricos Yunquera es un productor local de Yunquera especializado en embutidos, salchichón de málaga, chacinas y carnes, integrado en la oferta agroalimentaria de proximidad de la provincia de Málaga.",Consultar web o venta directa,952 48 22 64,oficinasaboramalaga@malaga.es,,,,https://www.google.com/maps/search/?api=1&query=Ib%C3%A9ricos%20Yunquera%2C%20C%2FLas%20Tobas%20n%C2%BA%202%20Pol.Industrial%2C%2029410%20Yunquera%2C%20M%C3%A1laga&query_place_id=ChIJsT8rxRDPcg0RJno5mrDncPI,36.73880430000001,-4.9227349,2026-05-14,
icarben-benaojan,Icarben,Benaoján,Carnes y embutidos,"Embutidos, salchichón de Málaga, chacinas y carnes","zona de la vega, s/n, 29370 Benaoján, Málaga","Icarben es un productor local de Benaoján especializado en embutidos, salchichón de málaga, chacinas y carnes, integrado en la oferta agroalimentaria de proximidad de la provincia de Málaga.",Consultar web o venta directa,952 16 73 25,info@icarben.com,http://www.icarben.com/web/principal.php,https://www.facebook.com/ICARBEN/?fref=ts,,https://www.google.com/maps/search/?api=1&query=Icarben%2C%20zona%20de%20la%20vega%2C%20s%2Fn%2C%2029370%20Benaoj%C3%A1n%2C%20M%C3%A1laga&query_place_id=ChIJqRrki0I6DQ0RxNi1n6rKw0k,36.7229825,-5.2486721,2026-05-14,
ifm-ronda,IFM,Ronda,Aceite,"Aceite de oliva virgen extra, AOVE, olivar malagueño","C. Cam. de Parchite, 29394 Ronda, Málaga","IFM es un productor local de Ronda especializado en aceite de oliva virgen extra, aove, olivar malagueño, integrado en la oferta agroalimentaria de proximidad de la provincia de Málaga.",Consultar web o venta directa,626 84 75 59,info@ifmaoveserraniaderonda.com,https://ifmaoveserraniaderonda.com/,https://www.facebook.com/people/IFM-AOVE/61571662834602/,https://www.instagram.com/ifmaove?igsh=ZDVmNzVha3IzYjN5&ut,https://www.google.com/maps/search/?api=1&query=IFM%2C%20C.%20Cam.%20de%20Parchite%2C%2029394%20Ronda%2C%20M%C3%A1laga&query_place_id=ChIJM0zab9sfcw0ROsStlVsKP-I,36.8068725,-5.1161578,2026-05-14,
industria-confitera-colmenar-colmenar,Industria Confitera Colmenar,Colmenar,Bodega y licores,"Vinos de Málaga, moscatel, tintos y blancos","Virgen Candelaria, Pol. Industrial, C. Miguel Hernandez, 12, BAJO, DUP 12-14, 29170 Colmenar, Málaga","Industria Confitera Colmenar es un productor local de Colmenar especializado en vinos de málaga, moscatel, tintos y blancos, integrado en la oferta agroalimentaria de proximidad de la provincia de Málaga.",Consultar web o venta directa,952 73 15 24,oficinasaboramalaga@malaga.es,https://www.artesanosangulo.com/,,,https://www.google.com/maps/search/?api=1&query=Industria%20Confitera%20Colmenar%2C%20Virgen%20Candelaria%2C%20Pol.%20Industrial%2C%20C.%20Miguel%20Hernandez%2C%2012%2C%20BAJO%2C%20DUP%2012-14%2C%2029170%20Colmenar%2C%20M%C3%A1laga&query_place_id=ChIJywG-No9hcg0Rn1-LZOL0F8A,36.9055657,-4.3699792,2026-05-14,
industrias-carnicas-perdiguero-riogordo,Industrias Cárnicas Perdiguero,Riogordo,Carnes y embutidos,"Embutidos, salchichón de Málaga, chacinas y carnes","C. Malaga, nº13, 29180 Riogordo, Málaga","Industrias Cárnicas Perdiguero es un productor local de Riogordo especializado en embutidos, salchichón de málaga, chacinas y carnes, integrado en la oferta agroalimentaria de proximidad de la provincia de Málaga.",Consultar web o venta directa,952 73 20 21,industriascarnicasperdiguero@hotmail.com,http://www.carnicasperdiguero.com/,https://www.facebook.com/PRODUCTOS-CARNICOS-PERDIGUERO-SLL-292703730746936/?ref=page_internal,,https://www.google.com/maps/search/?api=1&query=Industrias%20C%C3%A1rnicas%20Perdiguero%2C%20C.%20Malaga%2C%20n%C2%BA13%2C%2029180%20Riogordo%2C%20M%C3%A1laga&query_place_id=ChIJFY2uFx5ncg0RGUXquBh_jpY,36.918675,-4.2911814,2026-05-14,
innotech-food-benalmadena,Innotech Food,Benalmádena,Pescado y conservas,"Pescado, marisco, salazones y conservas del mar","C. de Mario Roso de Luna, 33, San Blas-Canillejas, 28022 Madrid","Innotech Food es un productor local de Benalmádena especializado en pescado, marisco, salazones y conservas del mar, integrado en la oferta agroalimentaria de proximidad de la provincia de Málaga.",Consultar web o venta directa,644 27 05 99,comercial@innotechfood.es,https://innotecfood.com/,,https://www.instagram.com/innotechfood/,https://www.google.com/maps/search/?api=1&query=Innotech%20Food%2C%20C.%20de%20Mario%20Roso%20de%20Luna%2C%2033%2C%20San%20Blas-Canillejas%2C%2028022%20Madrid&query_place_id=ChIJq6o6i2spQg0R-hNQX5NGn-Y,40.4429892,-3.5590768,2026-05-14,
insigne-aove-antequera,Insigne AOVE,Antequera,Aceite,"Aceite de oliva virgen extra, AOVE, olivar malagueño","C. del Carmen, 9, 29200 Antequera, Málaga","Insigne AOVE es un productor local de Antequera especializado en aceite de oliva virgen extra, aove, olivar malagueño, integrado en la oferta agroalimentaria de proximidad de la provincia de Málaga.",Consultar web o venta directa,699 21 67 54,info@insigneaove.com,http://www.insigneaove.com/,,,https://www.google.com/maps/search/?api=1&query=Insigne%20AOVE%2C%20C.%20del%20Carmen%2C%209%2C%2029200%20Antequera%2C%20M%C3%A1laga&query_place_id=ChIJcWmD4V-Pcg0ROz3_C4q-pQ4,37.0161938,-4.5548597,2026-05-14,
jamones-alameda-alameda,Jamones Alameda,Alameda,Bodega y licores,"Vinos de Málaga, moscatel, tintos y blancos","Camino De Mollina, 29530 Alameda, Málaga","Jamones Alameda es un productor local de Alameda especializado en vinos de málaga, moscatel, tintos y blancos, integrado en la oferta agroalimentaria de proximidad de la provincia de Málaga.",Consultar web o venta directa,952 71 05 00,mcarrionf@famadesal.es,,https://www.facebook.com/pg/Jamones-Alameda-SL-1333145596729843/photos/?tab=album&album_id=1337125836331819&ref=page_internal,,https://www.google.com/maps/search/?api=1&query=Jamones%20Alameda%2C%20Camino%20De%20Mollina%2C%2029530%20Alameda%2C%20M%C3%A1laga&query_place_id=ChIJ6YBgeOFhbQ0RFQGmZSmXQKM,37.203479,-4.649451,2026-05-14,
jamones-alto-genal-farajan,Jamones Alto Genal,Faraján,Carnes y embutidos,"Embutidos, salchichón de Málaga, chacinas y carnes","C. Genal, 24, 29461 Faraján, Málaga","Jamones Alto Genal es un productor local de Faraján especializado en embutidos, salchichón de málaga, chacinas y carnes, integrado en la oferta agroalimentaria de proximidad de la provincia de Málaga.",Consultar web o venta directa,678 78 16 70,jamonesaltogenal@yahoo.es,https://jamonesaltogenal.com/,,,https://www.google.com/maps/search/?api=1&query=Jamones%20Alto%20Genal%2C%20C.%20Genal%2C%2024%2C%2029461%20Faraj%C3%A1n%2C%20M%C3%A1laga&query_place_id=ChIJRR9FS-wvDQ0RPhH8CgDtbbM,36.6170502,-5.1877057,2026-05-14,
jamones-y-embutidos-andres-ramos-benarraba,Jamones y Embutidos Andrés Ramos,Benarrabá,Aceite,"Aceite de oliva virgen extra, AOVE, olivar malagueño","C. Mesón, 5, 29490 Benarrabá, Málaga","Jamones y Embutidos Andrés Ramos es un productor local de Benarrabá especializado en aceite de oliva virgen extra, aove, olivar malagueño, integrado en la oferta agroalimentaria de proximidad de la provincia de Málaga.",Consultar web o venta directa,952 15 00 47,info@andresramos.es,,,,https://www.google.com/maps/search/?api=1&query=Jamones%20y%20Embutidos%20Andr%C3%A9s%20Ramos%2C%20C.%20Mes%C3%B3n%2C%205%2C%2029490%20Benarrab%C3%A1%2C%20M%C3%A1laga&query_place_id=ChIJbU8gC_EmDQ0RLw0eWsj3Wjw,36.55097240000001,-5.276025799999999,2026-05-14,
jamones-y-embutidos-melgar-arriate,Jamones y Embutidos Melgar,Arriate,Bodega y licores,"Vinos de Málaga, moscatel, tintos y blancos","C. Gabriel Celaya, 1, 29350 Arriate, Málaga","Jamones y Embutidos Melgar es un productor local de Arriate especializado en vinos de málaga, moscatel, tintos y blancos, integrado en la oferta agroalimentaria de proximidad de la provincia de Málaga.",Consultar web o venta directa,952 16 50 25,info@embutidosmelgar.com,http://www.embutidosmelgar.com/,,,https://www.google.com/maps/search/?api=1&query=Jamones%20y%20Embutidos%20Melgar%2C%20C.%20Gabriel%20Celaya%2C%201%2C%2029350%20Arriate%2C%20M%C3%A1laga&query_place_id=ChIJ____jys0DQ0R4vMEyopO6pA,36.7977104,-5.1413777,2026-05-14,
la-alqueria-de-la-sierra-miel-y-solo-miel-colmenar,La Alquería de la Sierra - Miel y solo Miel,Colmenar,Miel y mermeladas,"Miel, polen, mermeladas y confituras","Manuel Altolaguirre 31, Pol. Ind. Virgen de la Candelaria, 29170 Colmenar, Málaga","La Alquería de la Sierra - Miel y solo Miel es un productor local de Colmenar especializado en miel, polen, mermeladas y confituras, integrado en la oferta agroalimentaria de proximidad de la provincia de Málaga.",Consultar web o venta directa,952 71 85 42,info@naturmel.es,http://www.naturmel.es/,https://www.facebook.com/naturmel.honey/,,https://www.google.com/maps/search/?api=1&query=La%20Alquer%C3%ADa%20de%20la%20Sierra%20-%20Miel%20y%20solo%20Miel%2C%20Manuel%20Altolaguirre%2031%2C%20Pol.%20Ind.%20Virgen%20de%20la%20Candelaria%2C%2029170%20Colmenar%2C%20M%C3%A1laga&query_place_id=ChIJQ0LB7UVgcg0Rii2aeE6jYjI,36.9053145,-4.370926,2026-05-14,
la-antequerana-antequera,La Antequerana,Antequera,Aceite,"Aceite de oliva virgen extra, AOVE, olivar malagueño","C. Merecillas, 16, 29200 Antequera, Málaga","La Antequerana es un productor local de Antequera especializado en aceite de oliva virgen extra, aove, olivar malagueño, integrado en la oferta agroalimentaria de proximidad de la provincia de Málaga.",Consultar web o venta directa,952 73 35 48,mantecados@laantequerana.com,http://www.gruposanroqueantequera.com/,http://www.facebook.com/LaAntequerana,https://www.instagram.com/laantequerana/,https://www.google.com/maps/search/?api=1&query=La%20Antequerana%2C%20C.%20Merecillas%2C%2016%2C%2029200%20Antequera%2C%20M%C3%A1laga&query_place_id=ChIJBVXQHx6Qcg0RwdmMlJdAZwM,37.0210017,-4.561500800000001,2026-05-14,
la-artesana-de-la-pasta-malaga,La Artesana de la Pasta,Málaga,Huevos,"Huevos camperos, producción avícola, granja local","Av. de los Guindos, 16, Carretera de Cádiz, 29004 Málaga","La Artesana de la Pasta es un productor local de Málaga especializado en huevos camperos, producción avícola, granja local, integrado en la oferta agroalimentaria de proximidad de la provincia de Málaga.",Consultar web o venta directa,654 51 41 54,laartesanadelapasta@hotmail.com,https://www.guiademalaga.net/la-artesana-de-la-pasta-fresca-malaga/,https://www.facebook.com/masadeempanadas,https://www.instagram.com/laartesanadelapasta/?hl=es,https://www.google.com/maps/search/?api=1&query=La%20Artesana%20de%20la%20Pasta%2C%20Av.%20de%20los%20Guindos%2C%2016%2C%20Carretera%20de%20C%C3%A1diz%2C%2029004%20M%C3%A1laga&query_place_id=ChIJ1bZbX9D5cg0RdCyG2ev188E,36.6923463,-4.452179999999999,2026-05-14,
la-borgena-el-borge,La Borgeña,El Borge,Miel y mermeladas,"Miel, polen, mermeladas y confituras","Carretera ALMACHAR, KM. 0, 29718, 29718, Málaga","La Borgeña es un productor local de El Borge especializado en miel, polen, mermeladas y confituras, integrado en la oferta agroalimentaria de proximidad de la provincia de Málaga.",Consultar web o venta directa,639 04 28 20,Info@laborgena.com,http://www.laborgena.com/,https://www.facebook.com/laborgena/,,https://www.google.com/maps/search/?api=1&query=La%20Borge%C3%B1a%2C%20Carretera%20ALMACHAR%2C%20KM.%200%2C%2029718%2C%2029718%2C%20M%C3%A1laga&query_place_id=ChIJv-M_dSxDcg0RSD_2iux6coc,36.8117704,-4.2231519,2026-05-14,
la-canada-del-sacristan-villanueva-del-rosario,La Cañada del Sacristán,Villanueva del Rosario,Aceite,"Aceite de oliva virgen extra, AOVE, olivar malagueño","29312 Villanueva del Rosario, Málaga","La Cañada del Sacristán es un productor local de Villanueva del Rosario especializado en aceite de oliva virgen extra, aove, olivar malagueño, integrado en la oferta agroalimentaria de proximidad de la provincia de Málaga.",Consultar web o venta directa,656 41 13 67,antonio@canadadelsacristan.com,,https://www.facebook.com/Cortijolacanadadelsacristan/,,https://www.google.com/maps/search/?api=1&query=La%20Ca%C3%B1ada%20del%20Sacrist%C3%A1n%2C%2029312%20Villanueva%20del%20Rosario%2C%20M%C3%A1laga&query_place_id=ChIJJ68lC1dicg0RNQo2AcAV5Uw,37.0368237,-4.4127103,2026-05-14,
la-huerta-de-carmen-coin,La Huerta de Carmen,Coín,Aceite,"Aceite de oliva virgen extra, AOVE, olivar malagueño","Partido la Campiñuela, 29100, Málaga","La Huerta de Carmen es un productor local de Coín especializado en aceite de oliva virgen extra, aove, olivar malagueño, integrado en la oferta agroalimentaria de proximidad de la provincia de Málaga.",Consultar web o venta directa,609 86 00 55,agrjosecarlos@hotmail.com,https://lahuertadecarmenguadalhorce.com/,https://www.facebook.com/huertadecarmen/?locale=es_ES,https://www.instagram.com/la_huerta_de_carmen/,https://www.google.com/maps/search/?api=1&query=La%20Huerta%20de%20Carmen%2C%20Partido%20la%20Campi%C3%B1uela%2C%2029100%2C%20M%C3%A1laga&query_place_id=ChIJD3qGhJLncg0RdAUDkQTuw68,36.6650223,-4.7173896,2026-05-14,
la-huerta-de-carolina-velez-malaga,La Huerta de Carolina,Vélez-Málaga,Bodega y licores,"Vinos de Málaga, moscatel, tintos y blancos","C. los Nardos, 18, 29740 Torre del Mar, Málaga","La Huerta de Carolina es un productor local de Vélez-Málaga especializado en vinos de málaga, moscatel, tintos y blancos, integrado en la oferta agroalimentaria de proximidad de la provincia de Málaga.",Consultar web o venta directa,952 54 06 78,lahuertadecarolina@gmail.com,,https://www.facebook.com/lahuertadecarolina/?ref=bookmarks,,https://www.google.com/maps/search/?api=1&query=La%20Huerta%20de%20Carolina%2C%20C.%20los%20Nardos%2C%2018%2C%2029740%20Torre%20del%20Mar%2C%20M%C3%A1laga&query_place_id=ChIJA92R2bxHcg0RpAENs57tMVY,36.7433152,-4.092824999999999,2026-05-14,
la-huertezuela-alozaina,La Huertezuela,Alozaina,Huevos,"Huevos camperos, producción avícola, granja local","Mercamálaga, Av Ortega y Gasset, 553 Local 316, Campanillas, 29196 Málaga","La Huertezuela es un productor local de Alozaina especializado en huevos camperos, producción avícola, granja local, integrado en la oferta agroalimentaria de proximidad de la provincia de Málaga.",Consultar web o venta directa,952 23 79 96,info@lahuertezuela.com,http://lahuertezuela.com/,,,https://www.google.com/maps/search/?api=1&query=La%20Huertezuela%2C%20Mercam%C3%A1laga%2C%20Av%20Ortega%20y%20Gasset%2C%20553%20Local%20316%2C%20Campanillas%2C%2029196%20M%C3%A1laga&query_place_id=ChIJW4IgZd75cg0RDgHKCIJMUhA,36.7050057,-4.5187934,2026-05-14,
la-laguna-de-fuente-de-piedra-fuente-de-piedra,La Laguna de Fuente de Piedra,Fuente de Piedra,Aceite,"Aceite de oliva virgen extra, AOVE, olivar malagueño","Unnamed Road, 29520 Fuente de Piedra, Málaga","La Laguna de Fuente de Piedra es un productor local de Fuente de Piedra especializado en aceite de oliva virgen extra, aove, olivar malagueño, integrado en la oferta agroalimentaria de proximidad de la provincia de Málaga.",Consultar web o venta directa,675 64 59 57,extravirgen@satlabrador.es,https://www.satlabrador.es/,,,https://www.google.com/maps/search/?api=1&query=La%20Laguna%20de%20Fuente%20de%20Piedra%2C%20Unnamed%20Road%2C%2029520%20Fuente%20de%20Piedra%2C%20M%C3%A1laga&query_place_id=ChIJ50MoB-yhcg0RTkye4OwA_ak,37.1322125,-4.7428406,2026-05-14,
la-molienda-verde-benalauria,La Molienda Verde,Benalauría,Aceite,"Aceite de oliva virgen extra, AOVE, olivar malagueño","Paraje Era Cabezas, s/n, 29491 Benalauría, Málaga","La Molienda Verde es un productor local de Benalauría especializado en aceite de oliva virgen extra, aove, olivar malagueño, integrado en la oferta agroalimentaria de proximidad de la provincia de Málaga.",Consultar web o venta directa,679 49 48 90,verde@molienda.es,https://molienda.es/,https://www.facebook.com/profile.php?id=100009692108461,,https://www.google.com/maps/search/?api=1&query=La%20Molienda%20Verde%2C%20Paraje%20Era%20Cabezas%2C%20s%2Fn%2C%2029491%20Benalaur%C3%ADa%2C%20M%C3%A1laga&query_place_id=ChIJM-TizMwlDQ0RmW5frGjGhKw,36.5943678,-5.268708699999999,2026-05-14,
la-pinocha-chocolates-casabermeja,La Pinocha Chocolates,Casabermeja,Aceite,"Aceite de oliva virgen extra, AOVE, olivar malagueño","Av. de la Huerta, 10, 29160 Casabermeja, Málaga","La Pinocha Chocolates es un productor local de Casabermeja especializado en aceite de oliva virgen extra, aove, olivar malagueño, integrado en la oferta agroalimentaria de proximidad de la provincia de Málaga.",Consultar web o venta directa,662 47 83 77,lapinochaes.comercial@gmail.com,https://lapinochachocolates.com/es/,https://www.facebook.com/LaPinocha.Es/,,https://www.google.com/maps/search/?api=1&query=La%20Pinocha%20Chocolates%2C%20Av.%20de%20la%20Huerta%2C%2010%2C%2029160%20Casabermeja%2C%20M%C3%A1laga&query_place_id=ChIJTf1MODuLcg0Rqg-B7806byw,36.8980337,-4.4267116,2026-05-14,
la-reciproca-competa,La Recíproca,Cómpeta,Aceite,"Aceite de oliva virgen extra, AOVE, olivar malagueño","Av. de Torrox, 37, 29754 Cómpeta, Málaga","La Recíproca es un productor local de Cómpeta especializado en aceite de oliva virgen extra, aove, olivar malagueño, integrado en la oferta agroalimentaria de proximidad de la provincia de Málaga.",Consultar web o venta directa,952 51 63 01,info@oleocompeta.com,http://www.oleocompeta.com/,https://www.facebook.com/reciproca.competa,,https://www.google.com/maps/search/?api=1&query=La%20Rec%C3%ADproca%2C%20Av.%20de%20Torrox%2C%2037%2C%2029754%20C%C3%B3mpeta%2C%20M%C3%A1laga&query_place_id=ChIJU3Qa0Ts8cg0R4WNL_GtReZQ,36.8300306,-3.9727607,2026-05-14,
la-samiaja-archidona,La Samiaja,Archidona,Aceite,"Aceite de oliva virgen extra, AOVE, olivar malagueño","Camino, Huertas del Rio, s/n, 29300 Archidona, Málaga","La Samiaja es un productor local de Archidona especializado en aceite de oliva virgen extra, aove, olivar malagueño, integrado en la oferta agroalimentaria de proximidad de la provincia de Málaga.",Consultar web o venta directa,645 84 19 75,info@lasamiaja.com,http://lasamiaja.com/,https://www.facebook.com/lasamiaja,https://www.instagram.com/lasamiaja/,https://www.google.com/maps/search/?api=1&query=La%20Samiaja%2C%20Camino%2C%20Huertas%20del%20Rio%2C%20s%2Fn%2C%2029300%20Archidona%2C%20M%C3%A1laga&query_place_id=ChIJRe2i73SHcg0Ro86eTfN2QgQ,37.0836287,-4.417004599999999,2026-05-14,
la-victoria-campillos,La Victoria,Campillos,Carnes y embutidos,"Embutidos, salchichón de Málaga, chacinas y carnes","Poligono Industrial Sector PP7, C. Astronauta Pedro Duque, 29320 Campillos, Málaga","La Victoria es un productor local de Campillos especializado en embutidos, salchichón de málaga, chacinas y carnes, integrado en la oferta agroalimentaria de proximidad de la provincia de Málaga.",Consultar web o venta directa,952 12 37 61,carnicastrigolimpiocampillos25@gmail.com,https://lavictoriaecija.com/,https://www.facebook.com/profile.php?id=100063681834690&locale=es_ES,,https://www.google.com/maps/search/?api=1&query=La%20Victoria%2C%20Poligono%20Industrial%20Sector%20PP7%2C%20C.%20Astronauta%20Pedro%20Duque%2C%2029320%20Campillos%2C%20M%C3%A1laga&query_place_id=ChIJx4K6iKVXeY8RuqK27YGPzro,37.0513659,-4.8742746,2026-05-14,
lacteos-el-pastor-del-valle-alhaurin-el-grande,Lácteos El Pastor del Valle,Alhaurín el Grande,Aceite,"Aceite de oliva virgen extra, AOVE, olivar malagueño","Partida Huertas Altas, 3D, 29120, Málaga","Lácteos El Pastor del Valle es un productor local de Alhaurín el Grande especializado en aceite de oliva virgen extra, aove, olivar malagueño, integrado en la oferta agroalimentaria de proximidad de la provincia de Málaga.",Consultar web o venta directa,643 29 41 31,elpastordelvalle@gmail.com,https://www.elpastordelvalle.com/,http://www.facebook.com/lacteoselpastordelvalle,,https://www.google.com/maps/search/?api=1&query=L%C3%A1cteos%20El%20Pastor%20del%20Valle%2C%20Partida%20Huertas%20Altas%2C%203D%2C%2029120%2C%20M%C3%A1laga&query_place_id=ChIJD_9OaPfmcg0RaSkGhB5mxvY,36.6434317,-4.6752614,2026-05-14,
lagar-del-chorro-torremolinos,Lagar del Chorro,Torremolinos,Aceite,"Aceite de oliva virgen extra, AOVE, olivar malagueño","18, Diseminado Poligono, 24, 29552 El Chorro, Málaga","Lagar del Chorro es un productor local de Torremolinos especializado en aceite de oliva virgen extra, aove, olivar malagueño, integrado en la oferta agroalimentaria de proximidad de la provincia de Málaga.",Consultar web o venta directa,682 11 82 91,info@lagardelchorro.com,http://lagardelchorro.com/,,,https://www.google.com/maps/search/?api=1&query=Lagar%20del%20Chorro%2C%2018%2C%20Diseminado%20Poligono%2C%2024%2C%2029552%20El%20Chorro%2C%20M%C3%A1laga&query_place_id=ChIJQ_CmuOu_cg0R6KgxW35lCyg,36.9017604,-4.7483037,2026-05-14,
las-delicias-artesanas-de-la-yaya-coin,Las Delicias Artesanas de la Yaya,Coín,Despensa artesanal,"Croquetas, salsas, conservas, platos preparados y despensa local","Av. Félix Rodríguez de la Fuente, 2, 29100 Coín, Málaga","Las Delicias Artesanas de la Yaya es un productor local de Coín especializado en croquetas, salsas, conservas, platos preparados y despensa local, integrado en la oferta agroalimentaria de proximidad de la provincia de Málaga.",Consultar web o venta directa,622 71 03 27,croquetasartesanasdelayaya@gmail.com,https://lasdeliciasartesanasdelayaya.com/,https://www.facebook.com/people/Las-Croquetas-Artesanas-de-la-Yaya/100063469483589/,https://www.instagram.com/deliciasartesanasdelayaya/,https://www.google.com/maps/search/?api=1&query=Las%20Delicias%20Artesanas%20de%20la%20Yaya%2C%20Av.%20F%C3%A9lix%20Rodr%C3%ADguez%20de%20la%20Fuente%2C%202%2C%2029100%20Co%C3%ADn%2C%20M%C3%A1laga&query_place_id=ChIJI_ossiXdcg0RYlM1KasE1LM,36.6625787,-4.7596807,2026-05-14,
las-delicias-de-mi-noe-malaga,Las delicias de mi Noe,Málaga,Lácteos y quesos,"Quesos de cabra, lácteos artesanos, yogur","C. Pastor de Filida, 7, Local 4A, bajo, Cdad. Jardín, 29014 Málaga","Las delicias de mi Noe es un productor local de Málaga especializado en quesos de cabra, lácteos artesanos, yogur, integrado en la oferta agroalimentaria de proximidad de la provincia de Málaga.",Consultar web o venta directa,635 46 28 23,info@lasdeliciasdeminoe.es,https://lasdeliciasdeminoe.com/,https://www.facebook.com/lasdeliciasdeminoe/,https://www.instagram.com/lasdeliciasdeminoe/,https://www.google.com/maps/search/?api=1&query=Las%20delicias%20de%20mi%20Noe%2C%20C.%20Pastor%20de%20Filida%2C%207%2C%20Local%204A%2C%20bajo%2C%20Cdad.%20Jard%C3%ADn%2C%2029014%20M%C3%A1laga&query_place_id=ChIJ1Yoi6Y73cg0Rddud-JJGRDA,36.7472391,-4.4212162,2026-05-14,
legumbres-y-frutos-secos-dominguez-arriate,Legumbres y Frutos Secos Domínguez,Arriate,Fruta y verdura,"Aguacate, mango, cítricos, pasas y huerta malagueña","Pista de Parchite, 17, 29350 Arriate, Málaga","Legumbres y Frutos Secos Domínguez es un productor local de Arriate especializado en aguacate, mango, cítricos, pasas y huerta malagueña, integrado en la oferta agroalimentaria de proximidad de la provincia de Málaga.",Consultar web o venta directa,952 16 62 29,info@productosdominguez.com,http://www.productosdominguez.com/,,,https://www.google.com/maps/search/?api=1&query=Legumbres%20y%20Frutos%20Secos%20Dom%C3%ADnguez%2C%20Pista%20de%20Parchite%2C%2017%2C%2029350%20Arriate%2C%20M%C3%A1laga&query_place_id=ChIJfdS887E1DQ0Rcu-5iaWn-qo,36.8028608,-5.1280265,2026-05-14,
licores-de-la-abuela-alfarnate,Licores de la Abuela,Alfarnate,Bodega y licores,"Ginebra, licores, vermut y destilados","Calle Ote., 22, 29194 Alfarnate, Málaga","Licores de la Abuela es un productor local de Alfarnate especializado en ginebra, licores, vermut y destilados, integrado en la oferta agroalimentaria de proximidad de la provincia de Málaga.",Consultar web o venta directa,605 61 48 95,arrvisc@gmail.com,https://licoresdelaabuela.com/,https://www.facebook.com/Licoresabuela/,,https://www.google.com/maps/search/?api=1&query=Licores%20de%20la%20Abuela%2C%20Calle%20Ote.%2C%2022%2C%2029194%20Alfarnate%2C%20M%C3%A1laga&query_place_id=ChIJh3LZW7tlcg0R0RZDlTWpPyc,36.9949024,-4.2589029,2026-05-14,
lucas-sanchez-slu-antequera,"Lucas Sánchez, SLU",Antequera,Carnes y embutidos,"Embutidos, salchichón de Málaga, chacinas y carnes","C/ SAN CRISTOBAL, Cjón. Vidal, NAVE 10 N, 14 BAJO, 29200 Antequera, Málaga","Lucas Sánchez, SLU es un productor local de Antequera especializado en embutidos, salchichón de málaga, chacinas y carnes, integrado en la oferta agroalimentaria de proximidad de la provincia de Málaga.",Consultar web o venta directa,952 84 40 40,lucasespecias@gmail.com,https://www.especiassanchez.com/,,,https://www.google.com/maps/search/?api=1&query=Lucas%20S%C3%A1nchez%2C%20SLU%2C%20C%2F%20SAN%20CRISTOBAL%2C%20Cj%C3%B3n.%20Vidal%2C%20NAVE%2010%20N%2C%2014%20BAJO%2C%2029200%20Antequera%2C%20M%C3%A1laga&query_place_id=ChIJiUnL3JGPcg0RTXI9zy4FaVQ,37.026688,-4.5319219,2026-05-14,
lujo-del-paladar-velez-malaga,Lujo del Paladar,Vélez-Málaga,Aceite,"Aceite de oliva virgen extra, AOVE, olivar malagueño","Av. Vivar Téllez, 14, 29700 Vélez-Málaga, Málaga","Lujo del Paladar es un productor local de Vélez-Málaga especializado en aceite de oliva virgen extra, aove, olivar malagueño, integrado en la oferta agroalimentaria de proximidad de la provincia de Málaga.",Consultar web o venta directa,603 80 53 12,info@lujodelpaladar.es,http://lujodelpaladar.es/,https://www.facebook.com/Ajobacalao/,,https://www.google.com/maps/search/?api=1&query=Lujo%20del%20Paladar%2C%20Av.%20Vivar%20T%C3%A9llez%2C%2014%2C%2029700%20V%C3%A9lez-M%C3%A1laga%2C%20M%C3%A1laga&query_place_id=ChIJHZpsyvlHcg0RNcHpyeCEYj4,36.77705,-4.1004699,2026-05-14,
luzana-malaga,Luzana,Málaga,Lácteos y quesos,"Quesos de cabra, lácteos artesanos, yogur","C. Actriz Amelia de la Torre, 30, Campanillas, 29196 Málaga","Luzana es un productor local de Málaga especializado en quesos de cabra, lácteos artesanos, yogur, integrado en la oferta agroalimentaria de proximidad de la provincia de Málaga.",Consultar web o venta directa,663 30 57 69,juancho@luzanagastronomia.com,http://luzanagastronomia.com/,,https://www.instagram.com/luzanagastronomia/,https://www.google.com/maps/search/?api=1&query=Luzana%2C%20C.%20Actriz%20Amelia%20de%20la%20Torre%2C%2030%2C%20Campanillas%2C%2029196%20M%C3%A1laga&query_place_id=ChIJ34rFQqjxcg0RAgJuqh8kqwc,36.708835,-4.517541599999999,2026-05-14,
mantecados-la-joya-de-antequera-antequera,Mantecados la Joya de Antequera,Antequera,Aceite,"Aceite de oliva virgen extra, AOVE, olivar malagueño","29260 Antequera, Málaga","Mantecados la Joya de Antequera es un productor local de Antequera especializado en aceite de oliva virgen extra, aove, olivar malagueño, integrado en la oferta agroalimentaria de proximidad de la provincia de Málaga.",Consultar web o venta directa,633 09 09 27,mantecadoslajoya@gmail.com,https://m.facebook.com/pages/category/Grocery-Store/Productos-la-joya-de-antequera-426926614523834/,,,https://www.google.com/maps/search/?api=1&query=Mantecados%20la%20Joya%20de%20Antequera%2C%2029260%20Antequera%2C%20M%C3%A1laga&query_place_id=ChIJ9b4_X1OTcg0RBL_d29MBl0w,36.9310078,-4.6241023,2026-05-14,
manzanilla-alorena-alora,Manzanilla Aloreña,Álora,Aceite,"Aceite de oliva virgen extra, AOVE, olivar malagueño","C. Isaac Peral, 51, 29510 Álora, Málaga","Manzanilla Aloreña es un productor local de Álora especializado en aceite de oliva virgen extra, aove, olivar malagueño, integrado en la oferta agroalimentaria de proximidad de la provincia de Málaga.",Consultar web o venta directa,952 49 89 60,info@manzaoliva.com,http://www.manzaoliva.com/,,,https://www.google.com/maps/search/?api=1&query=Manzanilla%20Alore%C3%B1a%2C%20C.%20Isaac%20Peral%2C%2051%2C%2029510%20%C3%81lora%2C%20M%C3%A1laga&query_place_id=ChIJmy5kKuXqcg0R20bAdS5OfxA,36.8294224,-4.6940379,2026-05-14,
mermelada-la-higuera-estepona,Mermelada La Higuera,Estepona,Miel y mermeladas,"Miel, polen, mermeladas y confituras","Cam. Cantarrana, 115, 29680 Estepona, Málaga","Mermelada La Higuera es un productor local de Estepona especializado en miel, polen, mermeladas y confituras, integrado en la oferta agroalimentaria de proximidad de la provincia de Málaga.",Consultar web o venta directa,615 87 29 86,info@mermeladalahiguera.com,http://www.mermeladalahiguera.com/,https://www.facebook.com/Mermelada-La-Higuera-Estepona-338863793974056,https://www.instagram.com/mermeladalahiguera/,https://www.google.com/maps/search/?api=1&query=Mermelada%20La%20Higuera%2C%20Cam.%20Cantarrana%2C%20115%2C%2029680%20Estepona%2C%20M%C3%A1laga&query_place_id=ChIJI9-tNIzXDA0RON5K0JRC5to,36.4343052,-5.1856921,2026-05-14,
mesura-mijas,Mesura,Mijas,Bodega y licores,"Ginebra, licores, vermut y destilados","Carrer de Gomis, 34, Gràcia, 08023 Barcelona","Mesura es un productor local de Mijas especializado en ginebra, licores, vermut y destilados, integrado en la oferta agroalimentaria de proximidad de la provincia de Málaga.",Consultar web o venta directa,934 67 21 90,info@mesuraspirit.com,https://www.mesuraspirit.com/,https://www.facebook.com/mesuraspiritcom-132642676809178/,,https://www.google.com/maps/search/?api=1&query=Mesura%2C%20Carrer%20de%20Gomis%2C%2034%2C%20Gr%C3%A0cia%2C%2008023%20Barcelona&query_place_id=ChIJ1YWeZO6ipBIRBNvVWCafx5o,41.41225,2.14185,2026-05-14,
miel-agustin-teba,Miel Agustín,Teba,Miel y mermeladas,"Miel, polen, mermeladas y confituras","Polígono Industrial de Teba Parcela 48, 29327 Teba, Málaga","Miel Agustín es un productor local de Teba especializado en miel, polen, mermeladas y confituras, integrado en la oferta agroalimentaria de proximidad de la provincia de Málaga.",Consultar web o venta directa,695 12 28 53,mielagustin_teba@hotmail.com,https://mielagustin-teba.blogspot.com/,https://www.facebook.com/MIELAGUSTINTEBA/?fref=ts,,https://www.google.com/maps/search/?api=1&query=Miel%20Agust%C3%ADn%2C%20Pol%C3%ADgono%20Industrial%20de%20Teba%20Parcela%2048%2C%2029327%20Teba%2C%20M%C3%A1laga&query_place_id=ChIJbdc9j1Wwcg0R3Pb-CLVEBiU,36.981197,-4.931744999999999,2026-05-14,
miel-el-chozo-villanueva-del-trabuco,Miel El Chozo,Villanueva del Trabuco,Miel y mermeladas,"Miel, polen, mermeladas y confituras","Plaza de la constitución, 29313 Villanueva del Trabuco, Málaga","Miel El Chozo es un productor local de Villanueva del Trabuco especializado en miel, polen, mermeladas y confituras, integrado en la oferta agroalimentaria de proximidad de la provincia de Málaga.",Consultar web o venta directa,644 95 65 12,apiculturaelchozo@gmail.com,https://guadalhorceecologico.org/calendario/,https://www.facebook.com/profile.php?id=100057795634133&locale=es_ES,https://www.instagram.com/mielelchozo/,https://www.google.com/maps/search/?api=1&query=Miel%20El%20Chozo%2C%20Plaza%20de%20la%20constituci%C3%B3n%2C%2029313%20Villanueva%20del%20Trabuco%2C%20M%C3%A1laga&query_place_id=ChIJkWcJEz5jcg0Rpqc2Zy6RNao,37.0264558,-4.3402272,2026-05-14,
molino-aceitero-la-molina-alora,"Molino Aceitero ""La Molina""",Álora,Aceite,"Aceite de oliva virgen extra, AOVE, olivar malagueño","C/ Isaac Peral, Pol. Ind. la Molina, PARC, 50, 29500 Álora, Málaga","Molino Aceitero ""La Molina"" es un productor local de Álora especializado en aceite de oliva virgen extra, aove, olivar malagueño, integrado en la oferta agroalimentaria de proximidad de la provincia de Málaga.",Consultar web o venta directa,952 49 86 77,antonio@anvioro.es,http://www.anvioro.es/,https://www.facebook.com/Molino-Aceitero-La-Molina-wwwanvioroes-53671806338/,,https://www.google.com/maps/search/?api=1&query=Molino%20Aceitero%20%22La%20Molina%22%2C%20C%2F%20Isaac%20Peral%2C%20Pol.%20Ind.%20la%20Molina%2C%20PARC%2C%2050%2C%2029500%20%C3%81lora%2C%20M%C3%A1laga&query_place_id=ChIJ_TtBLeXqcg0RMrYCIovhVr4,36.8295085,-4.694812499999999,2026-05-14,
molino-de-harina-almogia-almogia,Molino de Harina Almogía,Almogía,Pan y pastelería,"Pan, repostería, dulces artesanos y obrador","C. Arrabal de los Angeles, 29150 Almogía, Málaga","Molino de Harina Almogía es un productor local de Almogía especializado en pan, repostería, dulces artesanos y obrador, integrado en la oferta agroalimentaria de proximidad de la provincia de Málaga.",Consultar web o venta directa,625 09 44 49,molinodeharinajr@hotmail.com,https://molinodeharinaalmogia.com/,https://www.facebook.com/harinasjr/,,https://www.google.com/maps/search/?api=1&query=Molino%20de%20Harina%20Almog%C3%ADa%2C%20C.%20Arrabal%20de%20los%20Angeles%2C%2029150%20Almog%C3%ADa%2C%20M%C3%A1laga&query_place_id=ChIJb6s0zLTzcg0RB2UY3yi9ALo,36.8273973,-4.5375387,2026-05-14,
molino-del-hortelano-casabermeja,Molino del Hortelano,Casabermeja,Aceite,"Aceite de oliva virgen extra, AOVE, olivar malagueño","Camino Real, 29160 Casabermeja, Málaga","Molino del Hortelano es un productor local de Casabermeja especializado en aceite de oliva virgen extra, aove, olivar malagueño, integrado en la oferta agroalimentaria de proximidad de la provincia de Málaga.",Consultar web o venta directa,628 27 32 76,contacto@molinodelhortelano.com,http://www.molinodelhortelano.com/,https://www.facebook.com/Molinodelhortelano-349708141816128/,,https://www.google.com/maps/search/?api=1&query=Molino%20del%20Hortelano%2C%20Camino%20Real%2C%2029160%20Casabermeja%2C%20M%C3%A1laga&query_place_id=ChIJh7IGX6v0cg0R51jkQFwcTPg,36.8689298,-4.4749267,2026-05-14,
mollete-san-roque-antequera,Mollete San Roque,Antequera,Pan y pastelería,"Pan, repostería, dulces artesanos y obrador","Polígono Industrial La Azucarera, C. Don José García Berdoy, Nave 19, 29200 Antequera, Málaga","Mollete San Roque es un productor local de Antequera especializado en pan, repostería, dulces artesanos y obrador, integrado en la oferta agroalimentaria de proximidad de la provincia de Málaga.",Consultar web o venta directa,952 84 30 65,sanroque@mollete.com,http://www.mollete.com/,http://www.facebook.com/MolleteSanRoque,,https://www.google.com/maps/search/?api=1&query=Mollete%20San%20Roque%2C%20Pol%C3%ADgono%20Industrial%20La%20Azucarera%2C%20C.%20Don%20Jos%C3%A9%20Garc%C3%ADa%20Berdoy%2C%20Nave%2019%2C%2029200%20Antequera%2C%20M%C3%A1laga&query_place_id=ChIJW9U-q4iPcg0R3bnnfAUT-rE,37.0329305,-4.5311404,2026-05-14,
mondat-baker-monda,Mondat Baker,Monda,Pan y pastelería,"Pan, repostería, dulces artesanos y obrador","Terreno Parque Empresarial, 26, 29110 Monda, Málaga","Mondat Baker es un productor local de Monda especializado en pan, repostería, dulces artesanos y obrador, integrado en la oferta agroalimentaria de proximidad de la provincia de Málaga.",Consultar web o venta directa,951 06 29 50,comercial@mondat.com,https://www.mondat.com/,,,https://www.google.com/maps/search/?api=1&query=Mondat%20Baker%2C%20Terreno%20Parque%20Empresarial%2C%2026%2C%2029110%20Monda%2C%20M%C3%A1laga&query_place_id=ChIJ0eHcHnnccg0RJFlA_h7oSGw,36.6350744,-4.807860499999999,2026-05-14,
montes-del-guadalhorce-villanueva-del-trabuco,Montes del Guadalhorce,Villanueva del Trabuco,Aceite,"Aceite de oliva virgen extra, AOVE, olivar malagueño","Carretera de los Alazores, Km 1, 29313 Villanueva del Trabuco, Málaga","Montes del Guadalhorce es un productor local de Villanueva del Trabuco especializado en aceite de oliva virgen extra, aove, olivar malagueño, integrado en la oferta agroalimentaria de proximidad de la provincia de Málaga.",Consultar web o venta directa,952 03 11 33,info@montesdelguadalhorce.com,http://www.montesdelguadalhorce.com/,https://www.facebook.com/MontesDelGuadalhorce/,,https://www.google.com/maps/search/?api=1&query=Montes%20del%20Guadalhorce%2C%20Carretera%20de%20los%20Alazores%2C%20Km%201%2C%2029313%20Villanueva%20del%20Trabuco%2C%20M%C3%A1laga&query_place_id=ChIJgQ1JVT5jcg0R_tTsOdWc9DA,37.0412812,-4.322464,2026-05-14,
montexaquez-oliva-montejaque,Montexaquez Oliva,Montejaque,Aceite,"Aceite de oliva virgen extra, AOVE, olivar malagueño","Av. Europa, 15, 29360 Montejaque, Málaga","Montexaquez Oliva es un productor local de Montejaque especializado en aceite de oliva virgen extra, aove, olivar malagueño, integrado en la oferta agroalimentaria de proximidad de la provincia de Málaga.",Consultar web o venta directa,952 16 70 19,info@montexaquezoliva.es,http://www.montexaquezoliva.es/,https://www.facebook.com/cristobal.montexaquezoliva,,https://www.google.com/maps/search/?api=1&query=Montexaquez%20Oliva%2C%20Av.%20Europa%2C%2015%2C%2029360%20Montejaque%2C%20M%C3%A1laga&query_place_id=ChIJ6Ts9vT46DQ0RSkquvrMy7vY,36.73634,-5.25124,2026-05-14,
natur-aceites-casarabonela,Natur-Aceites,Casarabonela,Aceite,"Aceite de oliva virgen extra, AOVE, olivar malagueño","A-354, km 7.5, 29566, Málaga","Natur-Aceites es un productor local de Casarabonela especializado en aceite de oliva virgen extra, aove, olivar malagueño, integrado en la oferta agroalimentaria de proximidad de la provincia de Málaga.",Consultar web o venta directa,951 16 51 77,natur-aceites@hotmail.com,http://naturaceites.com/,,,https://www.google.com/maps/search/?api=1&query=Natur-Aceites%2C%20A-354%2C%20km%207.5%2C%2029566%2C%20M%C3%A1laga&query_place_id=ChIJq6qqGo7Gcg0Rb43A8vk2jmI,36.7692116,-4.8281379,2026-05-14,
naturdis-alhaurin-de-la-torre,Naturdis,Alhaurín de la Torre,Miel y mermeladas,"Miel, polen, mermeladas y confituras","Avenida 9 Polígono Industrial Fase II, Nave 32B, 29130 Alhaurín de la Torre, Málaga","Naturdis es un productor local de Alhaurín de la Torre especializado en miel, polen, mermeladas y confituras, integrado en la oferta agroalimentaria de proximidad de la provincia de Málaga.",Consultar web o venta directa,673 59 87 27,info@naturdis.es,http://www.naturdis.es/,https://www.facebook.com/Naturdisecologico/,https://www.instagram.com/naturdis/,https://www.google.com/maps/search/?api=1&query=Naturdis%2C%20Avenida%209%20Pol%C3%ADgono%20Industrial%20Fase%20II%2C%20Nave%2032B%2C%2029130%20Alhaur%C3%ADn%20de%20la%20Torre%2C%20M%C3%A1laga&query_place_id=ChIJ_5Owncf6cg0R6RDkvOZ9Oro,36.6728155,-4.5496819,2026-05-14,
nerja-coffee-roasters-nerja,Nerja Coffee Roasters,Nerja,Café y tostadores,"Café tostado, mezclas, café de especialidad","En el fin de La Calle, C/ Manuel Marín, Local numero 1, 29780 Nerja, Málaga","Nerja Coffee Roasters es un productor local de Nerja especializado en café tostado, mezclas, café de especialidad, integrado en la oferta agroalimentaria de proximidad de la provincia de Málaga.",Consultar web o venta directa,604 43 59 06,nerjacoffeeroasters@gmail.com,http://nerjacoffeeroasters.com/,,,https://www.google.com/maps/search/?api=1&query=Nerja%20Coffee%20Roasters%2C%20En%20el%20fin%20de%20La%20Calle%2C%20C%2F%20Manuel%20Mar%C3%ADn%2C%20Local%20numero%201%2C%2029780%20Nerja%2C%20M%C3%A1laga&query_place_id=ChIJMXoCI8clcg0RkCRUzNoTFlE,36.7458706,-3.8786916,2026-05-14,
nonna-helado-artesanal-rincon-de-la-victoria,NONNA helado artesanal,Rincón de la Victoria,Aceite,"Aceite de oliva virgen extra, AOVE, olivar malagueño","Av. del Mediterráneo, 114, 29730 Rincón de la Victoria, Málaga","NONNA helado artesanal es un productor local de Rincón de la Victoria especializado en aceite de oliva virgen extra, aove, olivar malagueño, integrado en la oferta agroalimentaria de proximidad de la provincia de Málaga.",Consultar web o venta directa,638 47 12 85,ventas@nonnaheladoartesanal.com,http://www.nonnaheladoartesanal.com/,https://www.facebook.com/nonnaheladoartesanal/,https://www.instagram.com/nonnahelados/?hl=es,https://www.google.com/maps/search/?api=1&query=NONNA%20helado%20artesanal%2C%20Av.%20del%20Mediterr%C3%A1neo%2C%20114%2C%2029730%20Rinc%C3%B3n%20de%20la%20Victoria%2C%20M%C3%A1laga&query_place_id=ChIJMenUCXBacg0R4m0m7JA09yo,36.714996,-4.284638,2026-05-14,
nueces-de-ronda-malaga,Nueces de Ronda,Málaga,Fruta y verdura,"Aguacate, mango, cítricos, pasas y huerta malagueña","Finca La Molinilla, Carretera Ronda-El Burgo, km 3, 29400 Ronda, Málaga","Nueces de Ronda es un productor local de Málaga especializado en aguacate, mango, cítricos, pasas y huerta malagueña, integrado en la oferta agroalimentaria de proximidad de la provincia de Málaga.",Consultar web o venta directa,952 22 28 44,info@nuecesderonda.es,https://nuecesderonda.es/,https://www.facebook.com/Nueces-De-RONDA-110438004211936/?ref=page_internal,,https://www.google.com/maps/search/?api=1&query=Nueces%20de%20Ronda%2C%20Finca%20La%20Molinilla%2C%20Carretera%20Ronda-El%20Burgo%2C%20km%203%2C%2029400%20Ronda%2C%20M%C3%A1laga&query_place_id=ChIJRzQa9jM1DQ0RO0LAs3kvmLk,36.7641518,-5.1175785,2026-05-14,
nanduti-by-dora-ortiz-malaga,Ñanduti by Dora Ortiz,Málaga,Pan y pastelería,"Pan, repostería, dulces artesanos y obrador","C. Canales, 3, Distrito Centro, 29002 Málaga","Ñanduti by Dora Ortiz es un productor local de Málaga especializado en pan, repostería, dulces artesanos y obrador, integrado en la oferta agroalimentaria de proximidad de la provincia de Málaga.",Consultar web o venta directa,951 49 80 02,contacto@nanduti.es,http://www.nanduti.es/,https://www.facebook.com/nandutibydoraortiz,https://www.instagram.com/nandutibydoraortiz/,https://www.google.com/maps/search/?api=1&query=%C3%91anduti%20by%20Dora%20Ortiz%2C%20C.%20Canales%2C%203%2C%20Distrito%20Centro%2C%2029002%20M%C3%A1laga&query_place_id=ChIJ-3mIPJD3cg0Rm9BG9vj8m6Q,36.7114722,-4.4269241,2026-05-14,
obrador-de-confiteria-tejeros-malaga,Obrador de Confitería Tejeros,Málaga,Bodega y licores,"Vinos de Málaga, moscatel, tintos y blancos","C. Obispo Salvador de los Reyes, 7, Distrito Centro, 29013 Málaga","Obrador de Confitería Tejeros es un productor local de Málaga especializado en vinos de málaga, moscatel, tintos y blancos, integrado en la oferta agroalimentaria de proximidad de la provincia de Málaga.",Consultar web o venta directa,952 25 55 99,comunicacion@tejeros.es,http://www.tejeros.es/,https://www.facebook.com/Tejeros.ObradordeConfiteria,https://www.instagram.com/obradortejeros/,https://www.google.com/maps/search/?api=1&query=Obrador%20de%20Confiter%C3%ADa%20Tejeros%2C%20C.%20Obispo%20Salvador%20de%20los%20Reyes%2C%207%2C%20Distrito%20Centro%2C%2029013%20M%C3%A1laga&query_place_id=ChIJSx1SL7b3cg0RHNNiep8zsX8,36.7356443,-4.418431099999999,2026-05-14,
oleum-alcazaba-alhaurin-de-la-torre,Oleum Alcazaba,Alhaurín de la Torre,Aceite,"Aceite de oliva virgen extra, AOVE, olivar malagueño","Poligono Industrial La Moraga, 25, 29130 Alhaurín de la Torre, Málaga","Oleum Alcazaba es un productor local de Alhaurín de la Torre especializado en aceite de oliva virgen extra, aove, olivar malagueño, integrado en la oferta agroalimentaria de proximidad de la provincia de Málaga.",Consultar web o venta directa,687 56 15 84,andres@oleumalcazaba.com,https://www.oleumalcazaba.com/,https://www.facebook.com/p/Oleum-Alcazaba-61576160867506/,https://www.instagram.com/oleumalcazaba,https://www.google.com/maps/search/?api=1&query=Oleum%20Alcazaba%2C%20Poligono%20Industrial%20La%20Moraga%2C%2025%2C%2029130%20Alhaur%C3%ADn%20de%20la%20Torre%2C%20M%C3%A1laga&query_place_id=ChIJoZSbncblcg0RB58sg51iK4s,36.6731895,-4.577911299999999,2026-05-14,
olivarera-san-benito-campillos,Olivarera San Benito,Campillos,Aceite,"Aceite de oliva virgen extra, AOVE, olivar malagueño","Tr.ª Extramuros, 29320 Campillos, Málaga","Olivarera San Benito es un productor local de Campillos especializado en aceite de oliva virgen extra, aove, olivar malagueño, integrado en la oferta agroalimentaria de proximidad de la provincia de Málaga.",Consultar web o venta directa,952 72 22 62,info@scaolivarerasanbenito.com,http://www.scaolivarerasanbenito.com/,https://www.facebook.com/olivarera.sanbenito,,https://www.google.com/maps/search/?api=1&query=Olivarera%20San%20Benito%2C%20Tr.%C2%AA%20Extramuros%2C%2029320%20Campillos%2C%20M%C3%A1laga&query_place_id=ChIJYb76PPrxcg0RkfqeMNeCDTY,37.0536906,-4.8587577,2026-05-14,
organic-passion-y-giallo-royal-velez-malaga,Organic Passion y Giallo Royal,Vélez-Málaga,Fruta y verdura,"Aguacate, mango, cítricos, pasas y huerta malagueña","C. los Prados, 2, Loc.3-6, 29740 Torre del Mar, Málaga","Organic Passion y Giallo Royal es un productor local de Vélez-Málaga especializado en aguacate, mango, cítricos, pasas y huerta malagueña, integrado en la oferta agroalimentaria de proximidad de la provincia de Málaga.",Consultar web o venta directa,620 74 90 90,info@gialloroyal.com,http://www.gialloroyal.com/,https://www.facebook.com/gialloroyal/?ref=page_internal,https://www.instagram.com/giallo_royal/,https://www.google.com/maps/search/?api=1&query=Organic%20Passion%20y%20Giallo%20Royal%2C%20C.%20los%20Prados%2C%202%2C%20Loc.3-6%2C%2029740%20Torre%20del%20Mar%2C%20M%C3%A1laga&query_place_id=ChIJ7Y9vOiVHcg0RMI1yrPewbmU,36.737486,-4.100882299999999,2026-05-14,
padepan-antequera,Padepan,Antequera,Aceite,"Aceite de oliva virgen extra, AOVE, olivar malagueño","C. Los Olivos, 29532 Mollina, Málaga","Padepan es un productor local de Antequera especializado en aceite de oliva virgen extra, aove, olivar malagueño, integrado en la oferta agroalimentaria de proximidad de la provincia de Málaga.",Consultar web o venta directa,952 74 05 67,molletespadepan@gmail.com,http://www.hornodonmollete.com/,,,https://www.google.com/maps/search/?api=1&query=Padepan%2C%20C.%20Los%20Olivos%2C%2029532%20Mollina%2C%20M%C3%A1laga&query_place_id=ChIJoQduvp6Zcg0Rnu9mhfb4620,37.1145168,-4.6546816,2026-05-14,
paltavo-velez-malaga,Paltavo,Vélez-Málaga,Despensa artesanal,"Croquetas, salsas, conservas, platos preparados y despensa local","C. las Guirnaldas, 25, 29749 Vélez-Málaga, Málaga","Paltavo es un productor local de Vélez-Málaga especializado en croquetas, salsas, conservas, platos preparados y despensa local, integrado en la oferta agroalimentaria de proximidad de la provincia de Málaga.",Consultar web o venta directa,951 17 19 95,oramirez@paltavo.es,https://paltavo.com/,,https://www.instagram.com/palt_avo/,https://www.google.com/maps/search/?api=1&query=Paltavo%2C%20C.%20las%20Guirnaldas%2C%2025%2C%2029749%20V%C3%A9lez-M%C3%A1laga%2C%20M%C3%A1laga&query_place_id=ChIJvQwA5BdFcg0RKgRGyTjYUeQ,36.7332156,-4.1730827,2026-05-14,
pan-bendito-marbella,Pan Bendito,Marbella,Chocolate,"Chocolate, cacao, bombones y elaborados dulces","Centro Comercial Guadalmina alta, bloque 2, local 17, 29670 San Pedro Alcántara, Málaga","Pan Bendito es un productor local de Marbella especializado en chocolate, cacao, bombones y elaborados dulces, integrado en la oferta agroalimentaria de proximidad de la provincia de Málaga.",Consultar web o venta directa,951 05 77 33,hola@panbendito.com,https://panbendito.com/,https://www.facebook.com/panbenditobakehouse,https://www.instagram.com/panbendito_bakehouse/,https://www.google.com/maps/search/?api=1&query=Pan%20Bendito%2C%20Centro%20Comercial%20Guadalmina%20alta%2C%20bloque%202%2C%20local%2017%2C%2029670%20San%20Pedro%20Alc%C3%A1ntara%2C%20M%C3%A1laga&query_place_id=ChIJ-3Y5a0wrcw0RHMWSidNU3xo,36.4743786,-5.0031719,2026-05-14,
panaderia-confiteria-claudio-riogordo,Panadería Confitería Claudio,Riogordo,Pan y pastelería,"Pan, repostería, dulces artesanos y obrador","C. Pablo Picasso, 10, 29180 Riogordo, Málaga","Panadería Confitería Claudio es un productor local de Riogordo especializado en pan, repostería, dulces artesanos y obrador, integrado en la oferta agroalimentaria de proximidad de la provincia de Málaga.",Consultar web o venta directa,952 73 24 12,panaderiaconfiteriaclaudio@gmail.com,,,,https://www.google.com/maps/search/?api=1&query=Panader%C3%ADa%20Confiter%C3%ADa%20Claudio%2C%20C.%20Pablo%20Picasso%2C%2010%2C%2029180%20Riogordo%2C%20M%C3%A1laga&query_place_id=ChIJxTqsox9ncg0RuKqf7Y697o0,36.91766520000001,-4.2936454,2026-05-14,
panaderia-confiteria-cristo-rey-malaga,Panadería Confitería Cristo Rey,Málaga,Aceite,"Aceite de oliva virgen extra, AOVE, olivar malagueño","Rotonda de Suárez, 1, Bailén-Miraflores, 29011 Málaga","Panadería Confitería Cristo Rey es un productor local de Málaga especializado en aceite de oliva virgen extra, aove, olivar malagueño, integrado en la oferta agroalimentaria de proximidad de la provincia de Málaga.",Consultar web o venta directa,635 38 40 85,administracion@panaderiacristorey.es,,https://www.facebook.com/profile.php?id=100076964096953,,https://www.google.com/maps/search/?api=1&query=Panader%C3%ADa%20Confiter%C3%ADa%20Cristo%20Rey%2C%20Rotonda%20de%20Su%C3%A1rez%2C%201%2C%20Bail%C3%A9n-Miraflores%2C%2029011%20M%C3%A1laga&query_place_id=ChIJC8Ih2Aj3cg0Rdg8WHdTfypw,36.7289092,-4.443435,2026-05-14,
panaderia-confiteria-salvador-velez-malaga,Panadería Confitería Salvador,Vélez-Málaga,Pan y pastelería,"Pan, repostería, dulces artesanos y obrador","Carr. de Almería, 150, Loc, 29790 Benajarafe, Málaga","Panadería Confitería Salvador es un productor local de Vélez-Málaga especializado en pan, repostería, dulces artesanos y obrador, integrado en la oferta agroalimentaria de proximidad de la provincia de Málaga.",Consultar web o venta directa,952 51 30 78,pedidos@panaderiasalvador.es,http://www.panaderiasalvador.es/,https://www.facebook.com/panaderiasalvador/,,https://www.google.com/maps/search/?api=1&query=Panader%C3%ADa%20Confiter%C3%ADa%20Salvador%2C%20Carr.%20de%20Almer%C3%ADa%2C%20150%2C%20Loc%2C%2029790%20Benajarafe%2C%20M%C3%A1laga&query_place_id=ChIJG2VYebo5cg0ROqLpUuz1d6E,36.7162255,-4.1965884,2026-05-14,
panaderia-ecologica-la-molineta-malaga,Panadería Ecológica La Molineta,Málaga,Pan y pastelería,"Pan, repostería, dulces artesanos y obrador","C. Alcalde Segalerva Sierra, 3, Cruz de Humilladero, 29006 Málaga","Panadería Ecológica La Molineta es un productor local de Málaga especializado en pan, repostería, dulces artesanos y obrador, integrado en la oferta agroalimentaria de proximidad de la provincia de Málaga.",Consultar web o venta directa,669 68 20 06,la_molineta@hotmail.es,https://www.guiademalaga.net/panaderia-ecologica-la-molineta-malaga/,https://www.facebook.com/Panader%C3%ADa-Ecol%C3%B3gica-la-Molineta-168689579882261/?hc_ref=ARSrZDGRqilzyKDFMPYrELGg6l8MWJTalXuLVa1oR3i1TmmpeQoLg0OSIyOklHGjEXc&fref=nf&__xts__[0]=68.,,https://www.google.com/maps/search/?api=1&query=Panader%C3%ADa%20Ecol%C3%B3gica%20La%20Molineta%2C%20C.%20Alcalde%20Segalerva%20Sierra%2C%203%2C%20Cruz%20de%20Humilladero%2C%2029006%20M%C3%A1laga&query_place_id=ChIJuW1gMlD3cg0RvqsEmAJmcDE,36.7083539,-4.4738202,2026-05-14,
panaderia-guijarro-rincon-de-la-victoria,Panadería Guijarro,Rincón de la Victoria,Bodega y licores,"Vinos de Málaga, moscatel, tintos y blancos","Cam. Viejo de Vélez, 2, 29730 Rincón de la Victoria, Málaga","Panadería Guijarro es un productor local de Rincón de la Victoria especializado en vinos de málaga, moscatel, tintos y blancos, integrado en la oferta agroalimentaria de proximidad de la provincia de Málaga.",Consultar web o venta directa,952 40 51 67,panaderiaguijarro@gmail.com,http://www.panaderiaguijarro.es/,http://www.facebook.com/panaderiaguijarro/,https://www.instagram.com/panaderiaguijarro/,https://www.google.com/maps/search/?api=1&query=Panader%C3%ADa%20Guijarro%2C%20Cam.%20Viejo%20de%20V%C3%A9lez%2C%202%2C%2029730%20Rinc%C3%B3n%20de%20la%20Victoria%2C%20M%C3%A1laga&query_place_id=ChIJk5mm2Ydacg0Rqvf1tFjpREI,36.7170482,-4.280416199999999,2026-05-14,
panaderia-ntra-sra-monsalud-alfarnate,Panadería Ntra. Sra. Monsalud,Alfarnate,Aceite,"Aceite de oliva virgen extra, AOVE, olivar malagueño","C. Ermita, 13, 29194 Alfarnate, Málaga","Panadería Ntra. Sra. Monsalud es un productor local de Alfarnate especializado en aceite de oliva virgen extra, aove, olivar malagueño, integrado en la oferta agroalimentaria de proximidad de la provincia de Málaga.",Consultar web o venta directa,658 01 34 19,jesuspascualvivas@hotmail.com,,,,https://www.google.com/maps/search/?api=1&query=Panader%C3%ADa%20Ntra.%20Sra.%20Monsalud%2C%20C.%20Ermita%2C%2013%2C%2029194%20Alfarnate%2C%20M%C3%A1laga&query_place_id=ChIJpYCXZQBlcg0R808pnAc6ggw,36.99348,-4.25948,2026-05-14,
panaderia-nuestra-senora-de-las-nieves-gaucin,Panadería Nuestra Señora de las Nieves,Gaucín,Pan y pastelería,"Pan, repostería, dulces artesanos y obrador","C. San Millán, 3, Distrito Centro, 29013 Málaga","Panadería Nuestra Señora de las Nieves es un productor local de Gaucín especializado en pan, repostería, dulces artesanos y obrador, integrado en la oferta agroalimentaria de proximidad de la provincia de Málaga.",Consultar web o venta directa,627 10 45 06,mariadelosangelesgodino@gmail.com,,https://www.facebook.com/panaderia123456/,,https://www.google.com/maps/search/?api=1&query=Panader%C3%ADa%20Nuestra%20Se%C3%B1ora%20de%20las%20Nieves%2C%20C.%20San%20Mill%C3%A1n%2C%203%2C%20Distrito%20Centro%2C%2029013%20M%C3%A1laga&query_place_id=ChIJYShlLb_3cg0RxMKkOeUnong,36.7268686,-4.420062199999999,2026-05-14,
panaderia-pan-pina-algatocin,Panadería Pan Piña,Algatocín,Miel y mermeladas,"Miel, polen, mermeladas y confituras","Calle Plazoleta, 12, 29491 Algatocín, Málaga","Panadería Pan Piña es un productor local de Algatocín especializado en miel, polen, mermeladas y confituras, integrado en la oferta agroalimentaria de proximidad de la provincia de Málaga.",Consultar web o venta directa,610 77 45 42,info@tupanadero.es,http://www.tupanadero.es/,https://www.facebook.com/Grupoaleman.es/,https://www.instagram.com/juanmanuelmorenopacheco/,https://www.google.com/maps/search/?api=1&query=Panader%C3%ADa%20Pan%20Pi%C3%B1a%2C%20Calle%20Plazoleta%2C%2012%2C%2029491%20Algatoc%C3%ADn%2C%20M%C3%A1laga&query_place_id=ChIJE_4CY4QmDQ0REx6IGWpPKi4,36.5730219,-5.2761767,2026-05-14,
panaderia-zapelia-coin,Panadería Zapelia,Coín,Pan y pastelería,"Pan, repostería, dulces artesanos y obrador","C. la Cruz, 4, 29100 Coín, Málaga","Panadería Zapelia es un productor local de Coín especializado en pan, repostería, dulces artesanos y obrador, integrado en la oferta agroalimentaria de proximidad de la provincia de Málaga.",Consultar web o venta directa,952 45 20 42,panaderiazapelia@hotmail.com,http://www.panaderiazapelia.es/,,,https://www.google.com/maps/search/?api=1&query=Panader%C3%ADa%20Zapelia%2C%20C.%20la%20Cruz%2C%204%2C%2029100%20Co%C3%ADn%2C%20M%C3%A1laga&query_place_id=ChIJVVVVVRXDcg0R3pTnMyLz3XI,36.65772140000001,-4.7611786,2026-05-14,
panaderia-pasteleria-ramos-velez-malaga,Panadería-Pastelería Ramos,Vélez-Málaga,Pan y pastelería,"Pan, repostería, dulces artesanos y obrador","Av. de Andalucía, 63, 29751 Caleta de Vélez, Málaga","Panadería-Pastelería Ramos es un productor local de Vélez-Málaga especializado en pan, repostería, dulces artesanos y obrador, integrado en la oferta agroalimentaria de proximidad de la provincia de Málaga.",Consultar web o venta directa,952 51 13 17,pastelesramos@gmail.com,http://www.pasteleriaramos.com/,https://www.facebook.com/pasteleria.ramos,,https://www.google.com/maps/search/?api=1&query=Panader%C3%ADa-Pasteler%C3%ADa%20Ramos%2C%20Av.%20de%20Andaluc%C3%ADa%2C%2063%2C%2029751%20Caleta%20de%20V%C3%A9lez%2C%20M%C3%A1laga&query_place_id=ChIJBZ7tvXs4cg0Ryl2fsAOWDx4,36.7488998,-4.0626364,2026-05-14,
panaderias-el-mimbre-malaga,Panaderías El Mimbre,Málaga,Pan y pastelería,"Pan, repostería, dulces artesanos y obrador","C. Cuarteles, 60, Distrito Centro, 29002 Málaga","Panaderías El Mimbre es un productor local de Málaga especializado en pan, repostería, dulces artesanos y obrador, integrado en la oferta agroalimentaria de proximidad de la provincia de Málaga.",Consultar web o venta directa,952 32 39 93,elmimbre@elmimbre.com,http://www.elmimbre.com/,https://www.facebook.com/panaderiaselmimbre/,https://www.instagram.com/pan.elmimbre/,https://www.google.com/maps/search/?api=1&query=Panader%C3%ADas%20El%20Mimbre%2C%20C.%20Cuarteles%2C%2060%2C%20Distrito%20Centro%2C%2029002%20M%C3%A1laga&query_place_id=ChIJ23TxkZr3cg0RUq4ourIlp5I,36.712541,-4.4296133,2026-05-14,
panificadora-casares-casares,Panificadora Casares,Casares,Huevos,"Huevos camperos, producción avícola, granja local","C. Carrera, 24, 29690 Casares, Málaga","Panificadora Casares es un productor local de Casares especializado en huevos camperos, producción avícola, granja local, integrado en la oferta agroalimentaria de proximidad de la provincia de Málaga.",Consultar web o venta directa,952 89 52 50,elpandecasares@gmail.com,https://www.pandecasares.com/,,,https://www.google.com/maps/search/?api=1&query=Panificadora%20Casares%2C%20C.%20Carrera%2C%2024%2C%2029690%20Casares%2C%20M%C3%A1laga&query_place_id=ChIJ404kHS3ZDA0R3jjNx23d07A,36.4445789,-5.2730497,2026-05-14,
panificadora-hnos-lucena-la-sagrada-familia-ii-velez-malaga,Panificadora Hnos. Lucena - La Sagrada Familia II,Vélez-Málaga,Pan y pastelería,"Pan, repostería, dulces artesanos y obrador","Av. Vivar Téllez, 12, 29700 Vélez-Málaga, Málaga","Panificadora Hnos. Lucena - La Sagrada Familia II es un productor local de Vélez-Málaga especializado en pan, repostería, dulces artesanos y obrador, integrado en la oferta agroalimentaria de proximidad de la provincia de Málaga.",Consultar web o venta directa,952 55 88 91,info@panaxarquia.com,,,,https://www.google.com/maps/search/?api=1&query=Panificadora%20Hnos.%20Lucena%20-%20La%20Sagrada%20Familia%20II%2C%20Av.%20Vivar%20T%C3%A9llez%2C%2012%2C%2029700%20V%C3%A9lez-M%C3%A1laga%2C%20M%C3%A1laga&query_place_id=ChIJ_zCIsyJHcg0RuTWr43YfGqE,36.7771781,-4.1004695,2026-05-14,
panificadora-ntra-sra-de-gracia-malaga,Panificadora Ntra. Sra. de Gracia,Málaga,Pan y pastelería,"Pan, repostería, dulces artesanos y obrador","Carr. Carril de Guetaria, 66, Churriana, 29004 Málaga","Panificadora Ntra. Sra. de Gracia es un productor local de Málaga especializado en pan, repostería, dulces artesanos y obrador, integrado en la oferta agroalimentaria de proximidad de la provincia de Málaga.",Consultar web o venta directa,952 23 09 40,panaderiagracia@gmail.com,https://panhuertas.com/,https://www.facebook.com/Pan-Huertas-445386618970158/?hc_ref=ARTd4-vcuCMZbTWXArvPLGrDPPKT9QVNQmB2OerfwWDYxl0EQ4NkesxGOvTb1JP-ET4&fref=nf&__xts__%5B0%5D=68.,,https://www.google.com/maps/search/?api=1&query=Panificadora%20Ntra.%20Sra.%20de%20Gracia%2C%20Carr.%20Carril%20de%20Guetaria%2C%2066%2C%20Churriana%2C%2029004%20M%C3%A1laga&query_place_id=ChIJ6zEZjY35cg0RIvq-JsiPuag,36.6728574,-4.4702609,2026-05-14,
pasteleria-el-molinero-archidona,Pastelería El Molinero,Archidona,Aceite,"Aceite de oliva virgen extra, AOVE, olivar malagueño","C. Carpinteros, 30, 29300 Archidona, Málaga","Pastelería El Molinero es un productor local de Archidona especializado en aceite de oliva virgen extra, aove, olivar malagueño, integrado en la oferta agroalimentaria de proximidad de la provincia de Málaga.",Consultar web o venta directa,952 71 43 22,pasteleriaelmolinero@yahoo.es,https://www.facebook.com/pages/Pasteleria-el-molinero/305619339561470?ref=bookmarks,https://www.facebook.com/Pasteleria-El-Molinero-305619339561470/,https://www.instagram.com/pasteleriaelmolinero/,https://www.google.com/maps/search/?api=1&query=Pasteler%C3%ADa%20El%20Molinero%2C%20C.%20Carpinteros%2C%2030%2C%2029300%20Archidona%2C%20M%C3%A1laga&query_place_id=ChIJoVZpRpt9cg0RU5oII3fUpDM,37.0999436,-4.3696706,2026-05-14,
patatas-fritas-y-aperitivos-paco-jose-malaga,Patatas fritas y Aperitivos Paco José,Málaga,Fruta y verdura,"Aguacate, mango, cítricos, pasas y huerta malagueña","C. Sebastián Souvirón, 5, Distrito Centro, 29005 Málaga","Patatas fritas y Aperitivos Paco José es un productor local de Málaga especializado en aguacate, mango, cítricos, pasas y huerta malagueña, integrado en la oferta agroalimentaria de proximidad de la provincia de Málaga.",Consultar web o venta directa,952 21 59 07,patataspacojose@hotmail.com,http://www.patataspacojose.com/,https://www.facebook.com/Patatas-Paco-Jos%C3%A9-248636091958082/,,https://www.google.com/maps/search/?api=1&query=Patatas%20fritas%20y%20Aperitivos%20Paco%20Jos%C3%A9%2C%20C.%20Sebasti%C3%A1n%20Souvir%C3%B3n%2C%205%2C%20Distrito%20Centro%2C%2029005%20M%C3%A1laga&query_place_id=ChIJk-9PY5b3cg0RIX6J2oTe5xs,36.7191099,-4.4240546,2026-05-14,
patatas-millan-campillos,Patatas Millán,Campillos,Fruta y verdura,"Aguacate, mango, cítricos, pasas y huerta malagueña","Parque Ind. SOTOLUZ, C. Manuel Enriquez, 5, 29320 Campillos, Málaga","Patatas Millán es un productor local de Campillos especializado en aguacate, mango, cítricos, pasas y huerta malagueña, integrado en la oferta agroalimentaria de proximidad de la provincia de Málaga.",Consultar web o venta directa,656 87 29 02,info@patatasfritasmillan.com,http://www.patatasfritasmillan.com/,,,https://www.google.com/maps/search/?api=1&query=Patatas%20Mill%C3%A1n%2C%20Parque%20Ind.%20SOTOLUZ%2C%20C.%20Manuel%20Enriquez%2C%205%2C%2029320%20Campillos%2C%20M%C3%A1laga&query_place_id=ChIJR_5uBGulcg0R2Skfg9BmlHw,37.05046859999999,-4.874967700000001,2026-05-14,
pecan-del-sur-alhaurin-de-la-torre,Pecán del Sur,Alhaurín de la Torre,Fruta y verdura,"Aguacate, mango, cítricos, pasas y huerta malagueña","Av. las Americas, Nave 8, 29130 Alhaurín de la Torre, Málaga","Pecán del Sur es un productor local de Alhaurín de la Torre especializado en aguacate, mango, cítricos, pasas y huerta malagueña, integrado en la oferta agroalimentaria de proximidad de la provincia de Málaga.",Consultar web o venta directa,609 50 38 42,info@pecandelsur.com,https://www.pecandelsur.es/,https://www.facebook.com/pecandelsur/,https://www.instagram.com/pecandelsur/,https://www.google.com/maps/search/?api=1&query=Pec%C3%A1n%20del%20Sur%2C%20Av.%20las%20Americas%2C%20Nave%208%2C%2029130%20Alhaur%C3%ADn%20de%20la%20Torre%2C%20M%C3%A1laga&query_place_id=ChIJa3AYHvP7cg0Rx4Lu1vop5gg,36.6780023,-4.544346,2026-05-14,
pescados-y-congelados-guerrero-velez-malaga,Pescados y Congelados Guerrero,Vélez-Málaga,Despensa artesanal,"Croquetas, salsas, conservas, platos preparados y despensa local","C. Cam. del Higueral, 72, 29700 Vélez-Málaga, Málaga","Pescados y Congelados Guerrero es un productor local de Vélez-Málaga especializado en croquetas, salsas, conservas, platos preparados y despensa local, integrado en la oferta agroalimentaria de proximidad de la provincia de Málaga.",Consultar web o venta directa,952 50 83 89,jventas@congeladosguerrero.es,http://congeladosguerrero.es/,https://www.facebook.com/congeladosguerrero.es,,https://www.google.com/maps/search/?api=1&query=Pescados%20y%20Congelados%20Guerrero%2C%20C.%20Cam.%20del%20Higueral%2C%2072%2C%2029700%20V%C3%A9lez-M%C3%A1laga%2C%20M%C3%A1laga&query_place_id=ChIJJeAFeIFHcg0RujavnHv9VMc,36.76128,-4.0920391,2026-05-14,
pescados-y-mariscos-rodriguez-torremolinos,Pescados y Mariscos Rodríguez,Torremolinos,Despensa artesanal,"Croquetas, salsas, conservas, platos preparados y despensa local","C. Manuel Franco Cubeiro, 30, 29620 Torremolinos, Málaga","Pescados y Mariscos Rodríguez es un productor local de Torremolinos especializado en croquetas, salsas, conservas, platos preparados y despensa local, integrado en la oferta agroalimentaria de proximidad de la provincia de Málaga.",Consultar web o venta directa,952 05 81 03,info@pymrodriguez.com,http://www.pymrodriguez.com/,,,https://www.google.com/maps/search/?api=1&query=Pescados%20y%20Mariscos%20Rodr%C3%ADguez%2C%20C.%20Manuel%20Franco%20Cubeiro%2C%2030%2C%2029620%20Torremolinos%2C%20M%C3%A1laga&query_place_id=ChIJq9lhHIH7cg0R5b9ACgb-MH4,36.6133758,-4.5178487,2026-05-14,
pesquemar-mollina,Pesquemar,Mollina,Pescado y conservas,"Pescado, marisco, salazones y conservas del mar","Poligono las Viñas, Calle Moscatel, nº 56, 29532 Mollina, Málaga","Pesquemar es un productor local de Mollina especializado en pescado, marisco, salazones y conservas del mar, integrado en la oferta agroalimentaria de proximidad de la provincia de Málaga.",Consultar web o venta directa,681 25 14 20,pesquemar@hotmail.com,https://www.pesquemar.es/,,https://www.instagram.com/pesquemar.sl/,https://www.google.com/maps/search/?api=1&query=Pesquemar%2C%20Poligono%20las%20Vi%C3%B1as%2C%20Calle%20Moscatel%2C%20n%C2%BA%2056%2C%2029532%20Mollina%2C%20M%C3%A1laga&query_place_id=ChIJ8ej2eayRcg0RstP2rzioULA,37.1249326,-4.6612753,2026-05-14,
picos-granados-antequera,Picos Granados,Antequera,Pan y pastelería,"Pan, repostería, dulces artesanos y obrador","C/Galicia, Edif 1, Nave 12 PEAN, 29200 Antequera, Málaga","Picos Granados es un productor local de Antequera especializado en pan, repostería, dulces artesanos y obrador, integrado en la oferta agroalimentaria de proximidad de la provincia de Málaga.",Consultar web o venta directa,629 96 99 18,comercial@picosgranados.com,https://picosgranados.com/,https://www.facebook.com/people/Picos-Granados/100093921806160/,https://www.instagram.com/picos_granados/,https://www.google.com/maps/search/?api=1&query=Picos%20Granados%2C%20C%2FGalicia%2C%20Edif%201%2C%20Nave%2012%20PEAN%2C%2029200%20Antequera%2C%20M%C3%A1laga&query_place_id=ChIJew9xK-aPcg0RJEzlJuUu81I,37.0395133,-4.5205478,2026-05-14,
pinchomania-malaga,Pinchomanía,Málaga,Pescado y conservas,"Pescado, marisco, salazones y conservas del mar","C. Emilio Hurtado, 12, Churriana, 29004 Málaga","Pinchomanía es un productor local de Málaga especializado en pescado, marisco, salazones y conservas del mar, integrado en la oferta agroalimentaria de proximidad de la provincia de Málaga.",Consultar web o venta directa,952 24 56 11,pilardetorres@pinchomania.com,https://www.pinchomania.com/,,,https://www.google.com/maps/search/?api=1&query=Pinchoman%C3%ADa%2C%20C.%20Emilio%20Hurtado%2C%2012%2C%20Churriana%2C%2029004%20M%C3%A1laga&query_place_id=ChIJgXd-4I75cg0R_Or06OEM9Oo,36.6687345,-4.4735486,2026-05-14,
piobiem-antequera,Piobiem,Antequera,Pan y pastelería,"Pan, repostería, dulces artesanos y obrador","C. Infante Don Fernando, 10, 29200 Antequera, Málaga","Piobiem es un productor local de Antequera especializado en pan, repostería, dulces artesanos y obrador, integrado en la oferta agroalimentaria de proximidad de la provincia de Málaga.",Consultar web o venta directa,689 72 56 39,acarmona2528@gmail.com,http://www.piobiem.es/,https://www.facebook.com/piononos.es/,https://www.instagram.com/piobiem/,https://www.google.com/maps/search/?api=1&query=Piobiem%2C%20C.%20Infante%20Don%20Fernando%2C%2010%2C%2029200%20Antequera%2C%20M%C3%A1laga&query_place_id=ChIJr2zHCeaRcg0R_QJK3lwDRDs,37.0172118,-4.5597979,2026-05-14,
piquitos-rubio-ardales,Piquitos Rubio,Ardales,Pan y pastelería,"Pan, repostería, dulces artesanos y obrador","C. Fuente Vieja, 4, 29550 Ardales, Málaga","Piquitos Rubio es un productor local de Ardales especializado en pan, repostería, dulces artesanos y obrador, integrado en la oferta agroalimentaria de proximidad de la provincia de Málaga.",Consultar web o venta directa,952 45 91 64,piquitos@piquitosrubio.com,http://www.piquitosrubio.com/,https://www.facebook.com/piquitosrubio/,https://www.instagram.com/piquitos_rubio/,https://www.google.com/maps/search/?api=1&query=Piquitos%20Rubio%2C%20C.%20Fuente%20Vieja%2C%204%2C%2029550%20Ardales%2C%20M%C3%A1laga&query_place_id=ChIJJRseNY24cg0ReLx8SgBIll8,36.8762661,-4.8434585,2026-05-14,
piquitos-san-roque-antequera,Piquitos San Roque,Antequera,Aceite,"Aceite de oliva virgen extra, AOVE, olivar malagueño","Polígono Industrial La Azucarera, C. Don José García Berdoy, 13, 29200 Antequera, Málaga","Piquitos San Roque es un productor local de Antequera especializado en aceite de oliva virgen extra, aove, olivar malagueño, integrado en la oferta agroalimentaria de proximidad de la provincia de Málaga.",Consultar web o venta directa,952 84 30 65,info@piquitossanroque.com,http://www.piquitos.es/,https://www.facebook.com/PiquitosSanRoque,,https://www.google.com/maps/search/?api=1&query=Piquitos%20San%20Roque%2C%20Pol%C3%ADgono%20Industrial%20La%20Azucarera%2C%20C.%20Don%20Jos%C3%A9%20Garc%C3%ADa%20Berdoy%2C%2013%2C%2029200%20Antequera%2C%20M%C3%A1laga&query_place_id=ChIJmTC3Et2Pcg0RHG9943mUOvI,37.0336561,-4.5318653,2026-05-14,
pitayas-la-mistica-velez-malaga,Pitayas La Mística,Vélez-Málaga,Fruta y verdura,"Aguacate, mango, cítricos, pasas y huerta malagueña","Av. Amatista, 17, 29749 Vélez-Málaga, Málaga","Pitayas La Mística es un productor local de Vélez-Málaga especializado en aguacate, mango, cítricos, pasas y huerta malagueña, integrado en la oferta agroalimentaria de proximidad de la provincia de Málaga.",Consultar web o venta directa,662 52 67 81,lamistica@pitayaslamistica.com,http://www.pitayaslamistica.com/,,https://www.instagram.com/pitayaslamistica/,https://www.google.com/maps/search/?api=1&query=Pitayas%20La%20M%C3%ADstica%2C%20Av.%20Amatista%2C%2017%2C%2029749%20V%C3%A9lez-M%C3%A1laga%2C%20M%C3%A1laga&query_place_id=ChIJVWSUlrZHcg0RUZevWZgDNB0,36.7277007,-4.1583048,2026-05-14,
postres-truffel-malaga,Postres Truffel,Málaga,Pan y pastelería,"Pan, repostería, dulces artesanos y obrador","C. la Gitanilla, 17, Churriana, 29196 Málaga","Postres Truffel es un productor local de Málaga especializado en pan, repostería, dulces artesanos y obrador, integrado en la oferta agroalimentaria de proximidad de la provincia de Málaga.",Consultar web o venta directa,616 75 92 80,info@postrestruffel.com,http://www.postrestruffel.com/,,https://www.instagram.com/postrestruffel/,https://www.google.com/maps/search/?api=1&query=Postres%20Truffel%2C%20C.%20la%20Gitanilla%2C%2017%2C%20Churriana%2C%2029196%20M%C3%A1laga&query_place_id=ChIJd_PjXqHwcg0RdNpiC_StJeU,36.7022906,-4.4966021,2026-05-14,
productos-de-la-cabra-malaguena-casabermeja,Productos de la Cabra Malagueña,Casabermeja,Bodega y licores,"Vinos de Málaga, moscatel, tintos y blancos","C. El Corralon, 18, 29160 Casabermeja, Málaga","Productos de la Cabra Malagueña es un productor local de Casabermeja especializado en vinos de málaga, moscatel, tintos y blancos, integrado en la oferta agroalimentaria de proximidad de la provincia de Málaga.",Consultar web o venta directa,647 21 31 48,pedidos@cabrama.com,https://www.cabrama.com/,https://www.facebook.com/cabra.malaguena/,,https://www.google.com/maps/search/?api=1&query=Productos%20de%20la%20Cabra%20Malague%C3%B1a%2C%20C.%20El%20Corralon%2C%2018%2C%2029160%20Casabermeja%2C%20M%C3%A1laga&query_place_id=ChIJwU08tFSLcg0RHLmcwIG1AIU,36.89154260000001,-4.427974,2026-05-14,
productos-laure-alameda,Productos Laure,Alameda,Carnes y embutidos,"Embutidos, salchichón de Málaga, chacinas y carnes","Pol. Ind. La Amarguilla, C. Cádiz, 17, 29530 Alameda, Málaga","Productos Laure es un productor local de Alameda especializado en embutidos, salchichón de málaga, chacinas y carnes, integrado en la oferta agroalimentaria de proximidad de la provincia de Málaga.",Consultar web o venta directa,952 71 00 92,info@productoslaure.com,https://www.productoslaure.com/,https://www.facebook.com/Productos-Laure-1567487430133692/,,https://www.google.com/maps/search/?api=1&query=Productos%20Laure%2C%20Pol.%20Ind.%20La%20Amarguilla%2C%20C.%20C%C3%A1diz%2C%2017%2C%2029530%20Alameda%2C%20M%C3%A1laga&query_place_id=ChIJG2kX9f1hbQ0RSheCmiMtS7E,37.2143249,-4.6485748,2026-05-14,
productos-marcos-ardales,Productos Marcos,Ardales,Aceite,"Aceite de oliva virgen extra, AOVE, olivar malagueño","C. Cruz, 21, 29550 Ardales, Málaga","Productos Marcos es un productor local de Ardales especializado en aceite de oliva virgen extra, aove, olivar malagueño, integrado en la oferta agroalimentaria de proximidad de la provincia de Málaga.",Consultar web o venta directa,652 40 85 84,info@productosmarcos.com,https://productosmarcos.es/,,,https://www.google.com/maps/search/?api=1&query=Productos%20Marcos%2C%20C.%20Cruz%2C%2021%2C%2029550%20Ardales%2C%20M%C3%A1laga&query_place_id=ChIJKRQrc_O4cg0RhSvbmfJH6X0,36.8792237,-4.845610499999999,2026-05-14,
prolongo-cartama,Prolongo,Cártama,Carnes y embutidos,"Embutidos, salchichón de Málaga, chacinas y carnes","Plaza Prolongo, 1, 29580 Estación de Cártama, Málaga","Prolongo es un productor local de Cártama especializado en embutidos, salchichón de málaga, chacinas y carnes, integrado en la oferta agroalimentaria de proximidad de la provincia de Málaga.",Consultar web o venta directa,952 42 00 00,marketing@prolongo.es,http://www.prolongo.es/es/,https://www.facebook.com/ProlongoES/,,https://www.google.com/maps/search/?api=1&query=Prolongo%2C%20Plaza%20Prolongo%2C%201%2C%2029580%20Estaci%C3%B3n%20de%20C%C3%A1rtama%2C%20M%C3%A1laga&query_place_id=ChIJcTxTGQLvcg0R8dtBlH4fwiI,36.735243,-4.6088013,2026-05-14,
pronaxa-velez-malaga,Pronaxa,Vélez-Málaga,Despensa artesanal,"Croquetas, salsas, conservas, platos preparados y despensa local","Avenida de la innovacion, 13, 29740 Trapiche, Málaga","Pronaxa es un productor local de Vélez-Málaga especializado en croquetas, salsas, conservas, platos preparados y despensa local, integrado en la oferta agroalimentaria de proximidad de la provincia de Málaga.",Consultar web o venta directa,952 55 76 58,pronaxatecnoalimentariasl@gmail.com,https://pronaxa.com/,,,https://www.google.com/maps/search/?api=1&query=Pronaxa%2C%20Avenida%20de%20la%20innovacion%2C%2013%2C%2029740%20Trapiche%2C%20M%C3%A1laga&query_place_id=ChIJtzuwvC5Hcg0RKo2n_Wu5Rfc,36.8011944,-4.1312232,2026-05-14,
puente-don-manuel-alcaucin,Puente Don Manuel,Alcaucín,Aceite,"Aceite de oliva virgen extra, AOVE, olivar malagueño","C. Puente Don Manuel, 29713, Málaga","Puente Don Manuel es un productor local de Alcaucín especializado en aceite de oliva virgen extra, aove, olivar malagueño, integrado en la oferta agroalimentaria de proximidad de la provincia de Málaga.",Consultar web o venta directa,952 51 08 07,sca_sansebastian@cemawin.com,https://www.aceitepuentedonmanuel.com/,,,https://www.google.com/maps/search/?api=1&query=Puente%20Don%20Manuel%2C%20C.%20Puente%20Don%20Manuel%2C%2029713%2C%20M%C3%A1laga&query_place_id=ChIJKdMIaQdqcg0RVV5sfFMlVvM,36.8828043,-4.1447512,2026-05-14,
puente-nuevo-arriate,Puente Nuevo,Arriate,Cerveza artesana,"Cerveza artesana, estilos propios, producción local","Pl. España, s/n, 29400 Ronda, Málaga","Puente Nuevo es un productor local de Arriate especializado en cerveza artesana, estilos propios, producción local, integrado en la oferta agroalimentaria de proximidad de la provincia de Málaga.",Consultar web o venta directa,649 96 53 38,cervezapuentenuevo@outlook.com,http://www.turismoderonda.es/,https://www.facebook.com/Puente-Nuevo-416975518486530/,https://www.instagram.com/puente_nuevo/,https://www.google.com/maps/search/?api=1&query=Puente%20Nuevo%2C%20Pl.%20Espa%C3%B1a%2C%20s%2Fn%2C%2029400%20Ronda%2C%20M%C3%A1laga&query_place_id=ChIJnRAtxTgxDQ0RrB3Gsr1VgcY,36.740838,-5.1659617,2026-05-14,
queseria-artesanal-los-barrancos-sierra-de-yeguas,Quesería artesanal Los Barrancos,Sierra de Yeguas,Lácteos y quesos,"Quesos de cabra, lácteos artesanos, yogur","C. Sabadell, 7, 29328 Sierra de Yeguas, Málaga","Quesería artesanal Los Barrancos es un productor local de Sierra de Yeguas especializado en quesos de cabra, lácteos artesanos, yogur, integrado en la oferta agroalimentaria de proximidad de la provincia de Málaga.",Consultar web o venta directa,603 65 62 42,losbarrancospa@gmail.com,,https://www.facebook.com/profile.php?id=100063563561880&locale=es_ES,https://www.instagram.com/quesoslosbarrancos/,https://www.google.com/maps/search/?api=1&query=Queser%C3%ADa%20artesanal%20Los%20Barrancos%2C%20C.%20Sabadell%2C%207%2C%2029328%20Sierra%20de%20Yeguas%2C%20M%C3%A1laga&query_place_id=ChIJU1jJqDCzcg0RGYOBYTPDi8s,37.123122,-4.8731825,2026-05-14,
queseria-el-arquillo-campillos,Quesería el Arquillo,Campillos,Lácteos y quesos,"Quesos de cabra, lácteos artesanos, yogur","Km 4, A-357, 5, 29320 Campillos, Málaga","Quesería el Arquillo es un productor local de Campillos especializado en quesos de cabra, lácteos artesanos, yogur, integrado en la oferta agroalimentaria de proximidad de la provincia de Málaga.",Consultar web o venta directa,952 72 22 00,irene@condehinojosa.com,http://www.quesoselarquillo.com/,,,https://www.google.com/maps/search/?api=1&query=Queser%C3%ADa%20el%20Arquillo%2C%20Km%204%2C%20A-357%2C%205%2C%2029320%20Campillos%2C%20M%C3%A1laga&query_place_id=ChIJEWvgzie7cg0RQMbF8pDeeok,37.0153793,-4.8499515,2026-05-14,
quesos-argudo-campillos,Quesos Argudo,Campillos,Lácteos y quesos,"Quesos de cabra, lácteos artesanos, yogur","Severo Ochoa, 29320 Campillos, Málaga","Quesos Argudo es un productor local de Campillos especializado en quesos de cabra, lácteos artesanos, yogur, integrado en la oferta agroalimentaria de proximidad de la provincia de Málaga.",Consultar web o venta directa,952 72 42 48,lactargudo@gmail.com,,,,https://www.google.com/maps/search/?api=1&query=Quesos%20Argudo%2C%20Severo%20Ochoa%2C%2029320%20Campillos%2C%20M%C3%A1laga&query_place_id=ChIJtccQDi3wcg0R6R6cJrduKVE,37.049634,-4.8726395,2026-05-14,
quesos-crestellina-casares,Quesos Crestellina,Casares,Aceite,"Aceite de oliva virgen extra, AOVE, olivar malagueño","Ctra. Manilva-Gaucín, Km 13.5, Diseminado La Laguna, 1, 29690 Casares, Málaga","Quesos Crestellina es un productor local de Casares especializado en aceite de oliva virgen extra, aove, olivar malagueño, integrado en la oferta agroalimentaria de proximidad de la provincia de Málaga.",Consultar web o venta directa,660 72 68 36,info@quesossierracrestellina.es,http://www.quesossierracrestellina.es/,https://www.facebook.com/QuesosSierraCrestellina,https://www.instagram.com/crestellina/,https://www.google.com/maps/search/?api=1&query=Quesos%20Crestellina%2C%20Ctra.%20Manilva-Gauc%C3%ADn%2C%20Km%2013.5%2C%20Diseminado%20La%20Laguna%2C%201%2C%2029690%20Casares%2C%20M%C3%A1laga&query_place_id=ChIJN6LtXt7YDA0RuTZPk7mxeQM,36.4530061,-5.2918023,2026-05-14,
quesos-el-alcornocal-cortes-de-la-frontera,Quesos El Alcornocal,Cortes de la Frontera,Aceite,"Aceite de oliva virgen extra, AOVE, olivar malagueño","C. Real, 8, 29380 Cortes de la Frontera, Málaga","Quesos El Alcornocal es un productor local de Cortes de la Frontera especializado en aceite de oliva virgen extra, aove, olivar malagueño, integrado en la oferta agroalimentaria de proximidad de la provincia de Málaga.",Consultar web o venta directa,652 03 58 30,el.alcornocal@hotmail.com,https://quesoselalcornocal.com/,https://www.facebook.com/QUESOS-EL-ALCORNOCAL-119732308128354/,,https://www.google.com/maps/search/?api=1&query=Quesos%20El%20Alcornocal%2C%20C.%20Real%2C%208%2C%2029380%20Cortes%20de%20la%20Frontera%2C%20M%C3%A1laga&query_place_id=ChIJg1YpmKgjDQ0RG9AmKihwP2I,36.6180615,-5.3423811,2026-05-14,
quesos-el-llano-jaral-alora,Quesos El Llano Jaral,Álora,Aceite,"Aceite de oliva virgen extra, AOVE, olivar malagueño","Calle Juan De La Cierva, 19 ( Pol La Molina ), 29510 Álora, Málaga","Quesos El Llano Jaral es un productor local de Álora especializado en aceite de oliva virgen extra, aove, olivar malagueño, integrado en la oferta agroalimentaria de proximidad de la provincia de Málaga.",Consultar web o venta directa,952 49 55 12,ellanojaral@telefonica.net,,http://www.facebook.com/quesoselllanojaral,,https://www.google.com/maps/search/?api=1&query=Quesos%20El%20Llano%20Jaral%2C%20Calle%20Juan%20De%20La%20Cierva%2C%2019%20(%20Pol%20La%20Molina%20)%2C%2029510%20%C3%81lora%2C%20M%C3%A1laga&query_place_id=ChIJrWNi_CLrcg0RGC3CgXPD4Zo,36.8304329,-4.691995299999999,2026-05-14,
quesos-el-pastor-del-torcal-antequera,Quesos El Pastor del Torcal,Antequera,Aceite,"Aceite de oliva virgen extra, AOVE, olivar malagueño","C. Euskadi, Nave D1/A7, 29200 Antequera, Málaga","Quesos El Pastor del Torcal es un productor local de Antequera especializado en aceite de oliva virgen extra, aove, olivar malagueño, integrado en la oferta agroalimentaria de proximidad de la provincia de Málaga.",Consultar web o venta directa,658 78 48 58,ventas@elpastordeltorcal.com,https://www.elpastordeltorcal.com/,https://www.facebook.com/profile.php?id=100083311936330,,https://www.google.com/maps/search/?api=1&query=Quesos%20El%20Pastor%20del%20Torcal%2C%20C.%20Euskadi%2C%20Nave%20D1%2FA7%2C%2029200%20Antequera%2C%20M%C3%A1laga&query_place_id=ChIJb7gFSmSFcg0R2sh9DBBhiFI,37.0429644,-4.524215799999999,2026-05-14,
quesos-el-porticatero-yunquera,Quesos el Porticatero,Yunquera,Lácteos y quesos,"Quesos de cabra, lácteos artesanos, yogur","C. Alozaina, 95, 29410 Yunquera, Málaga","Quesos el Porticatero es un productor local de Yunquera especializado en quesos de cabra, lácteos artesanos, yogur, integrado en la oferta agroalimentaria de proximidad de la provincia de Málaga.",Consultar web o venta directa,952 48 26 25,porticatero@hotmail.es,,,,https://www.google.com/maps/search/?api=1&query=Quesos%20el%20Porticatero%2C%20C.%20Alozaina%2C%2095%2C%2029410%20Yunquera%2C%20M%C3%A1laga&query_place_id=ChIJ4UXY_wzPcg0RbIu__LLRtxM,36.731882,-4.9166782,2026-05-14,
quesos-la-canada-del-capitan-velez-malaga,Quesos La Cañada del Capitán,Vélez-Málaga,Aceite,"Aceite de oliva virgen extra, AOVE, olivar malagueño","C. las Guirnaldas, 4, 29749 Vélez-Málaga, Málaga","Quesos La Cañada del Capitán es un productor local de Vélez-Málaga especializado en aceite de oliva virgen extra, aove, olivar malagueño, integrado en la oferta agroalimentaria de proximidad de la provincia de Málaga.",Consultar web o venta directa,952 50 81 19,info@quesoslacanadadelcapitan.com,http://www.quesoslacanadadelcapitan.com/,https://www.facebook.com/lacanadadelcapitan/,,https://www.google.com/maps/search/?api=1&query=Quesos%20La%20Ca%C3%B1ada%20del%20Capit%C3%A1n%2C%20C.%20las%20Guirnaldas%2C%204%2C%2029749%20V%C3%A9lez-M%C3%A1laga%2C%20M%C3%A1laga&query_place_id=ChIJV3dS-upFcg0R3DVsdQ1KTNs,36.7335569,-4.1748283,2026-05-14,
quesos-la-hortelana-coin,Quesos La Hortelana,Coín,Lácteos y quesos,"Quesos de cabra, lácteos artesanos, yogur","Pol. Ind., Partido Cantarranas, 29100, Málaga","Quesos La Hortelana es un productor local de Coín especializado en quesos de cabra, lácteos artesanos, yogur, integrado en la oferta agroalimentaria de proximidad de la provincia de Málaga.",Consultar web o venta directa,633 15 09 79,queserialahortelana@hotmail.com,,https://www.facebook.com/QUESOSLAHORTELANA/?ref=br_rs,https://www.instagram.com/queserialahortelana/,https://www.google.com/maps/search/?api=1&query=Quesos%20La%20Hortelana%2C%20Pol.%20Ind.%2C%20Partido%20Cantarranas%2C%2029100%2C%20M%C3%A1laga&query_place_id=ChIJE5Nrdb_dcg0Rj2fHhz-bOnA,36.669586,-4.740044399999999,2026-05-14,
quesos-la-laja-ronda,Quesos La Laja,Ronda,Aceite,"Aceite de oliva virgen extra, AOVE, olivar malagueño","Partida Sanguijuela, 1194, 29400 Ronda, Málaga","Quesos La Laja es un productor local de Ronda especializado en aceite de oliva virgen extra, aove, olivar malagueño, integrado en la oferta agroalimentaria de proximidad de la provincia de Málaga.",Consultar web o venta directa,627 34 28 83,info@quesoslalaja.com,https://quesoslalaja.com/,https://www.facebook.com/quesoslalaja,https://www.instagram.com/quesoslalaja/,https://www.google.com/maps/search/?api=1&query=Quesos%20La%20Laja%2C%20Partida%20Sanguijuela%2C%201194%2C%2029400%20Ronda%2C%20M%C3%A1laga&query_place_id=ChIJt4fhIwA3DQ0RbkrTJfoIbrI,36.7702,-5.20136,2026-05-14,
quesos-santa-maria-del-cerro-villanueva-de-la-concepcion,Quesos Santa María del Cerro,Villanueva de la Concepción,Aceite,"Aceite de oliva virgen extra, AOVE, olivar malagueño","Barriada el Cerro, 29230 Villanueva de la Concepción, Málaga","Quesos Santa María del Cerro es un productor local de Villanueva de la Concepción especializado en aceite de oliva virgen extra, aove, olivar malagueño, integrado en la oferta agroalimentaria de proximidad de la provincia de Málaga.",Consultar web o venta directa,626 96 25 71,david.mari.1@hotmail.com,https://www.quesossantamariadelcerro.com/,https://www.facebook.com/quesossanta.mariadelcerro,https://www.instagram.com/quesossantamariadelcerro/,https://www.google.com/maps/search/?api=1&query=Quesos%20Santa%20Mar%C3%ADa%20del%20Cerro%2C%20Barriada%20el%20Cerro%2C%2029230%20Villanueva%20de%20la%20Concepci%C3%B3n%2C%20M%C3%A1laga&query_place_id=ChIJS5_GhViScg0RURmJzH5jK6Y,36.909167,-4.5906152,2026-05-14,
quinto-toro-el-burgo,Quinto Toro,El Burgo,Aceite,"Aceite de oliva virgen extra, AOVE, olivar malagueño","Pol. Ind. Los Bujeos S/N, 29420 El Burgo, Málaga","Quinto Toro es un productor local de El Burgo especializado en aceite de oliva virgen extra, aove, olivar malagueño, integrado en la oferta agroalimentaria de proximidad de la provincia de Málaga.",Consultar web o venta directa,661 16 15 57,info@quintotoro.es,http://www.quintotoro.es/,https://www.facebook.com/quintotorogourmet/,https://www.instagram.com/quinto_toro_gourmet/,https://www.google.com/maps/search/?api=1&query=Quinto%20Toro%2C%20Pol.%20Ind.%20Los%20Bujeos%20S%2FN%2C%2029420%20El%20Burgo%2C%20M%C3%A1laga&query_place_id=ChIJ713ISLXJcg0R31Lkj4omR9Q,36.7903297,-4.9474281,2026-05-14,
revival-espirulina-coin,Revival Espirulina,Coín,Aromáticas y condimentos,"Aromáticas, especias, aceites esenciales y condimentos","Ctra. Coín - Alozaina. km 53, 29100, Málaga","Revival Espirulina es un productor local de Coín especializado en aromáticas, especias, aceites esenciales y condimentos, integrado en la oferta agroalimentaria de proximidad de la provincia de Málaga.",Consultar web o venta directa,696 92 32 27,revivalespirulina@gmail.com,https://www.revivalespirulina.com/,,,https://www.google.com/maps/search/?api=1&query=Revival%20Espirulina%2C%20Ctra.%20Co%C3%ADn%20-%20Alozaina.%20km%2053%2C%2029100%2C%20M%C3%A1laga&query_place_id=ChIJd-6u8f_Dcg0RtuL0VrZRis8,36.68980579999999,-4.808644,2026-05-14,
reyes-gutierrez-velez-malaga,Reyes Gutiérrez,Vélez-Málaga,Despensa artesanal,"Croquetas, salsas, conservas, platos preparados y despensa local","C. Cam. de Málaga, S/N, 29700 Vélez-Málaga, Málaga","Reyes Gutiérrez es un productor local de Vélez-Málaga especializado en croquetas, salsas, conservas, platos preparados y despensa local, integrado en la oferta agroalimentaria de proximidad de la provincia de Málaga.",Consultar web o venta directa,952 50 56 06,comercial@reyesgutierrez.com,http://www.reyesgutierrez.com/,https://www.facebook.com/reyesgutierrezsubtropicales,,https://www.google.com/maps/search/?api=1&query=Reyes%20Guti%C3%A9rrez%2C%20C.%20Cam.%20de%20M%C3%A1laga%2C%20S%2FN%2C%2029700%20V%C3%A9lez-M%C3%A1laga%2C%20M%C3%A1laga&query_place_id=ChIJWRLJryNHcg0RuTGCMVNRTyA,36.7661638,-4.108645,2026-05-14,
ribera-del-genil-cuevas-bajas,Ribera del Genil,Cuevas Bajas,Aceite,"Aceite de oliva virgen extra, AOVE, olivar malagueño","Isla Grande, S/N, 29220 Cuevas Bajas, Málaga","Ribera del Genil es un productor local de Cuevas Bajas especializado en aceite de oliva virgen extra, aove, olivar malagueño, integrado en la oferta agroalimentaria de proximidad de la provincia de Málaga.",Consultar web o venta directa,690 08 36 93,info@riberadelgenil.com,https://www.isladelgenilcasarural.com/,https://www.facebook.com/ribera.delgenil.33,,https://www.google.com/maps/search/?api=1&query=Ribera%20del%20Genil%2C%20Isla%20Grande%2C%20S%2FN%2C%2029220%20Cuevas%20Bajas%2C%20M%C3%A1laga&query_place_id=ChIJZ-DvjMh9bQ0RrqIx5Z7xyzk,37.2451553,-4.4977231,2026-05-14,
rimicol-colmenar,Rimicol,Colmenar,Carnes y embutidos,"Embutidos, salchichón de Málaga, chacinas y carnes","C. Isaac Peral, 1, 29170 Colmenar, Málaga","Rimicol es un productor local de Colmenar especializado en embutidos, salchichón de málaga, chacinas y carnes, integrado en la oferta agroalimentaria de proximidad de la provincia de Málaga.",Consultar web o venta directa,610 70 30 47,rimicol93@gmail.com,,https://www.facebook.com/rimicol.sca,,https://www.google.com/maps/search/?api=1&query=Rimicol%2C%20C.%20Isaac%20Peral%2C%201%2C%2029170%20Colmenar%2C%20M%C3%A1laga&query_place_id=ChIJtzXzKeVgcg0Rb9EfCrcKBBY,36.9105107,-4.34413,2026-05-14,
rioliva-alameda,Rioliva,Alameda,Aceite,"Aceite de oliva virgen extra, AOVE, olivar malagueño","Calle Palenciana, 0 S N ( Pol Ind La C/.Junquillo,esq. C/.Colartealle, C. Amarguilla, 29530 Alameda, Málaga","Rioliva es un productor local de Alameda especializado en aceite de oliva virgen extra, aove, olivar malagueño, integrado en la oferta agroalimentaria de proximidad de la provincia de Málaga.",Consultar web o venta directa,952 71 11 44,aceitesrioliva@hotmail.com,http://riolivaaceite.com/,,,https://www.google.com/maps/search/?api=1&query=Rioliva%2C%20Calle%20Palenciana%2C%200%20S%20N%20(%20Pol%20Ind%20La%20C%2F.Junquillo%2Cesq.%20C%2F.Colartealle%2C%20C.%20Amarguilla%2C%2029530%20Alameda%2C%20M%C3%A1laga&query_place_id=ChIJOd72nephbQ0Rs1b3-0NYi-Y,37.2119789,-4.6541347,2026-05-14,
roe-roe-casa-lola-sierra-de-yeguas,Roe-Roe Casa Lola,Sierra de Yeguas,Chocolate,"Chocolate, cacao, bombones y elaborados dulces","C. Pintor Antonio Ramos, 10, 29328 Sierra de Yeguas, Málaga","Roe-Roe Casa Lola es un productor local de Sierra de Yeguas especializado en chocolate, cacao, bombones y elaborados dulces, integrado en la oferta agroalimentaria de proximidad de la provincia de Málaga.",Consultar web o venta directa,952 74 71 00,roeroecasalola@yahoo.es,,,https://www.instagram.com/casalolaroe/?hl=es,https://www.google.com/maps/search/?api=1&query=Roe-Roe%20Casa%20Lola%2C%20C.%20Pintor%20Antonio%20Ramos%2C%2010%2C%2029328%20Sierra%20de%20Yeguas%2C%20M%C3%A1laga&query_place_id=ChIJ4cI_I22mcg0RrzJYTVgOgtM,37.1245828,-4.871722399999999,2026-05-14,
roman-y-martos-malaga,Román y Martos,Málaga,Despensa artesanal,"Croquetas, salsas, conservas, platos preparados y despensa local","C. Limitación, 12, Campanillas, 29004 Málaga","Román y Martos es un productor local de Málaga especializado en croquetas, salsas, conservas, platos preparados y despensa local, integrado en la oferta agroalimentaria de proximidad de la provincia de Málaga.",Consultar web o venta directa,952 17 93 83,pedidos@romanymartos.es,http://www.romanymartos.com/es/,https://www.facebook.com/romanymartos/,https://www.instagram.com/romanymartos/,https://www.google.com/maps/search/?api=1&query=Rom%C3%A1n%20y%20Martos%2C%20C.%20Limitaci%C3%B3n%2C%2012%2C%20Campanillas%2C%2029004%20M%C3%A1laga&query_place_id=ChIJGwpOLJvwcg0Ryq6tessYK8o,36.7046147,-4.509533300000001,2026-05-14,
rondasal-ronda,Rondasal,Ronda,Carnes y embutidos,"Embutidos, salchichón de Málaga, chacinas y carnes","C. Guadalete, 0, 29400 Ronda, Málaga","Rondasal es un productor local de Ronda especializado en embutidos, salchichón de málaga, chacinas y carnes, integrado en la oferta agroalimentaria de proximidad de la provincia de Málaga.",Consultar web o venta directa,952 87 95 98,rondasal@hotmail.es,,,,https://www.google.com/maps/search/?api=1&query=Rondasal%2C%20C.%20Guadalete%2C%200%2C%2029400%20Ronda%2C%20M%C3%A1laga&query_place_id=ChIJV3cseEwxDQ0RsHc7ekAp04A,36.7533931,-5.1597379,2026-05-14,
s-c-a-almazara-de-ronda-ronda,S.C.A. Almazara de Ronda,Ronda,Aceite,"Aceite de oliva virgen extra, AOVE, olivar malagueño","Ctra. Circunvalación de Ronda, km. 33,3, 29400, 29400 Ronda, Málaga","S.C.A. Almazara de Ronda es un productor local de Ronda especializado en aceite de oliva virgen extra, aove, olivar malagueño, integrado en la oferta agroalimentaria de proximidad de la provincia de Málaga.",Consultar web o venta directa,952 87 30 35,info@almazararonda.com,http://www.almazararonda.com/,https://www.facebook.com/Almazara-de-Ronda-449402841788741/,,https://www.google.com/maps/search/?api=1&query=S.C.A.%20Almazara%20de%20Ronda%2C%20Ctra.%20Circunvalaci%C3%B3n%20de%20Ronda%2C%20km.%2033%2C3%2C%2029400%2C%2029400%20Ronda%2C%20M%C3%A1laga&query_place_id=ChIJ1a7-2TYxDQ0Rv-hJd8w3Mq0,36.7555427,-5.153147100000001,2026-05-14,
sabor-a-mango-malaga,Sabor a Mango,Málaga,Bodega y licores,"Ginebra, licores, vermut y destilados","C. Lope de Rueda, 65, Puerto de la Torre, 29591 Málaga","Sabor a Mango es un productor local de Málaga especializado en ginebra, licores, vermut y destilados, integrado en la oferta agroalimentaria de proximidad de la provincia de Málaga.",Consultar web o venta directa,648 03 73 38,juancarlos@saboramango.com,https://www.saboramango.com/,https://www.facebook.com/saboramangoesp/,https://www.instagram.com/saboramango_esp/,https://www.google.com/maps/search/?api=1&query=Sabor%20a%20Mango%2C%20C.%20Lope%20de%20Rueda%2C%2065%2C%20Puerto%20de%20la%20Torre%2C%2029591%20M%C3%A1laga&query_place_id=ChIJLxrXINXwcg0Ry73Y_3hfgM0,36.7383755,-4.4809755,2026-05-14,
sabores-caseros-antequera,Sabores Caseros,Antequera,Aceite,"Aceite de oliva virgen extra, AOVE, olivar malagueño","Av. del Romeral, 4, 29200 Antequera, Málaga","Sabores Caseros es un productor local de Antequera especializado en aceite de oliva virgen extra, aove, olivar malagueño, integrado en la oferta agroalimentaria de proximidad de la provincia de Málaga.",Consultar web o venta directa,952 84 31 30,confiteriacamachoromero@hotmail.com,http://www.saborescaseros.com/,https://www.facebook.com/mantecados.saborescaseros,,https://www.google.com/maps/search/?api=1&query=Sabores%20Caseros%2C%20Av.%20del%20Romeral%2C%204%2C%2029200%20Antequera%2C%20M%C3%A1laga&query_place_id=ChIJ4Zpy7JCPcg0Rmk7GaKG3m3M,37.0248832,-4.5327994,2026-05-14,
safrante-alhaurin-de-la-torre,Safrante,Alhaurín de la Torre,Pan y pastelería,"Pan, repostería, dulces artesanos y obrador","Poligono Industrial La Moraga, Nave 1A, 29130 Alhaurín de la Torre, Málaga","Safrante es un productor local de Alhaurín de la Torre especializado en pan, repostería, dulces artesanos y obrador, integrado en la oferta agroalimentaria de proximidad de la provincia de Málaga.",Consultar web o venta directa,672 72 20 88,info@safrante.com,http://www.safrante.com/,,,https://www.google.com/maps/search/?api=1&query=Safrante%2C%20Poligono%20Industrial%20La%20Moraga%2C%20Nave%201A%2C%2029130%20Alhaur%C3%ADn%20de%20la%20Torre%2C%20M%C3%A1laga&query_place_id=ChIJa_UCR0flcg0Rb8vmyp6SHDQ,36.67354419999999,-4.576954199999999,2026-05-14,
safrina-torremolinos,Safrina,Torremolinos,Aromáticas y condimentos,"Aromáticas, especias, aceites esenciales y condimentos","C. Manuel Franco Cubeiro, 35, 29620 Torremolinos, Málaga","Safrina es un productor local de Torremolinos especializado en aromáticas, especias, aceites esenciales y condimentos, integrado en la oferta agroalimentaria de proximidad de la provincia de Málaga.",Consultar web o venta directa,952 37 12 50,ventas-nacional@safrina.es,http://safrina.es/,https://www.facebook.com/AzafranSafrina,https://www.instagram.com/azafransafrina/,https://www.google.com/maps/search/?api=1&query=Safrina%2C%20C.%20Manuel%20Franco%20Cubeiro%2C%2035%2C%2029620%20Torremolinos%2C%20M%C3%A1laga&query_place_id=ChIJ-8T5AoH7cg0Rbc6UY2dsWkM,36.61314000000001,-4.51812,2026-05-14,
sanamar-malaga,Sanamar,Málaga,Despensa artesanal,"Croquetas, salsas, conservas, platos preparados y despensa local","Ctra. de la Azucarera Intelhorce, 20, Churriana, 29004 Málaga","Sanamar es un productor local de Málaga especializado en croquetas, salsas, conservas, platos preparados y despensa local, integrado en la oferta agroalimentaria de proximidad de la provincia de Málaga.",Consultar web o venta directa,952 23 91 19,info@sanamar.es,https://www.sanamar.es/,https://www.facebook.com/SanamarAlimentacion,,https://www.google.com/maps/search/?api=1&query=Sanamar%2C%20Ctra.%20de%20la%20Azucarera%20Intelhorce%2C%2020%2C%20Churriana%2C%2029004%20M%C3%A1laga&query_place_id=ChIJjcxqdPj5cg0R4dID8RTGz6c,36.688783,-4.4787586,2026-05-14,
santa-gema-rincon-de-la-victoria,Santa Gema,Rincón de la Victoria,Lácteos y quesos,"Quesos de cabra, lácteos artesanos, yogur","C. Alhelí, 6, 29730 Rincón de la Victoria, Málaga","Santa Gema es un productor local de Rincón de la Victoria especializado en quesos de cabra, lácteos artesanos, yogur, integrado en la oferta agroalimentaria de proximidad de la provincia de Málaga.",Consultar web o venta directa,952 40 59 74,fabrica@heladossantagema.com,https://www.heladossantagema.com/,https://www.facebook.com/heladeriasSantaGema/?locale=es_ES,https://www.instagram.com/heladeria_santagema/,https://www.google.com/maps/search/?api=1&query=Santa%20Gema%2C%20C.%20Alhel%C3%AD%2C%206%2C%2029730%20Rinc%C3%B3n%20de%20la%20Victoria%2C%20M%C3%A1laga&query_place_id=ChIJG_MWbolacg0Rx_v4mMBqjvU,36.7208279,-4.2708709,2026-05-14,
sigfridofruit-velez-malaga,SigfridoFruit,Vélez-Málaga,Fruta y verdura,"Aguacate, mango, cítricos, pasas y huerta malagueña","Av. Innovación 1-2 Parque Tecnoalimentario C. del Sol, 29719 Trapiche, Málaga","SigfridoFruit es un productor local de Vélez-Málaga especializado en aguacate, mango, cítricos, pasas y huerta malagueña, integrado en la oferta agroalimentaria de proximidad de la provincia de Málaga.",Consultar web o venta directa,951 91 99 44,sigfrido@sigfridofruit.com,http://www.sigfridofruit.com/,https://www.facebook.com/Sigfrido-Fruit-735169613169439/,https://www.instagram.com/sigfrido_fruit/,https://www.google.com/maps/search/?api=1&query=SigfridoFruit%2C%20Av.%20Innovaci%C3%B3n%201-2%20Parque%20Tecnoalimentario%20C.%20del%20Sol%2C%2029719%20Trapiche%2C%20M%C3%A1laga&query_place_id=ChIJdUkIFQYlcg0RffCfCu1cD6M,36.8047487,-4.1304527,2026-05-14,
spiga-negra-humilladero,Spiga Negra,Humilladero,Pan y pastelería,"Pan, repostería, dulces artesanos y obrador","C. la Zahareña, 9, 29531 Humilladero, Málaga","Spiga Negra es un productor local de Humilladero especializado en pan, repostería, dulces artesanos y obrador, integrado en la oferta agroalimentaria de proximidad de la provincia de Málaga.",Consultar web o venta directa,952 73 74 55,info@spiganegra.com,https://spiganegra.com/,https://www.facebook.com/spiganegra,https://www.instagram.com/spiganegra/,https://www.google.com/maps/search/?api=1&query=Spiga%20Negra%2C%20C.%20la%20Zahare%C3%B1a%2C%209%2C%2029531%20Humilladero%2C%20M%C3%A1laga&query_place_id=ChIJa72LbtOYcg0RJ7Hgpl8Zo9U,37.1171282,-4.6923787,2026-05-14,
terraverne-aove-teba,Terraverne AOVE,Teba,Aceite,"Aceite de oliva virgen extra, AOVE, olivar malagueño","A-7278, 29327 Teba, Málaga","Terraverne AOVE es un productor local de Teba especializado en aceite de oliva virgen extra, aove, olivar malagueño, integrado en la oferta agroalimentaria de proximidad de la provincia de Málaga.",Consultar web o venta directa,683 40 59 63,gerencia@terraverne.com,https://www.terraverne.com/,https://www.facebook.com/terraverne/,https://www.instagram.com/terraverne/,https://www.google.com/maps/search/?api=1&query=Terraverne%20AOVE%2C%20A-7278%2C%2029327%20Teba%2C%20M%C3%A1laga&query_place_id=ChIJj6-u5buwcg0R_XPtyIVVYek,36.9539794,-4.908874,2026-05-14,
the-coven-obrador-malaga,The Coven Obrador,Málaga,Chocolate,"Chocolate, cacao, bombones y elaborados dulces","C. Obispo Salvador de los Reyes, 4, CENTROLLETAS, LOCAL A, Distrito Centro, 29013 Málaga","The Coven Obrador es un productor local de Málaga especializado en chocolate, cacao, bombones y elaborados dulces, integrado en la oferta agroalimentaria de proximidad de la provincia de Málaga.",Consultar web o venta directa,676 04 62 46,info@thecovenobrador.com,http://www.thecovenobrador.com/,,https://www.instagram.com/the_coven_obrador,https://www.google.com/maps/search/?api=1&query=The%20Coven%20Obrador%2C%20C.%20Obispo%20Salvador%20de%20los%20Reyes%2C%204%2C%20CENTROLLETAS%2C%20LOCAL%20A%2C%20Distrito%20Centro%2C%2029013%20M%C3%A1laga&query_place_id=ChIJ-wnUfVv3cg0R31txZfha3Uc,36.7356882,-4.4183047,2026-05-14,
torcadul-antequera,Torcadul,Antequera,Pan y pastelería,"Pan, repostería, dulces artesanos y obrador","Pol. Ind. Antequera, C. Los Pinos, 1, 29200 Antequera, Málaga","Torcadul es un productor local de Antequera especializado en pan, repostería, dulces artesanos y obrador, integrado en la oferta agroalimentaria de proximidad de la provincia de Málaga.",Consultar web o venta directa,951 11 70 95,info@torcadul.com,https://www.torcadul.com/,https://www.facebook.com/torcadul/,,https://www.google.com/maps/search/?api=1&query=Torcadul%2C%20Pol.%20Ind.%20Antequera%2C%20C.%20Los%20Pinos%2C%201%2C%2029200%20Antequera%2C%20M%C3%A1laga&query_place_id=ChIJD3Ccf7iNcg0RmWSBmsrD9M8,37.0248704,-4.5390079,2026-05-14,
tortas-carmen-lupianez-algarrobo,Tortas Carmen Lupiáñez,Algarrobo,Aceite,"Aceite de oliva virgen extra, AOVE, olivar malagueño","C. Blas Infante, 1, 29750 Algarrobo, Málaga","Tortas Carmen Lupiáñez es un productor local de Algarrobo especializado en aceite de oliva virgen extra, aove, olivar malagueño, integrado en la oferta agroalimentaria de proximidad de la provincia de Málaga.",Consultar web o venta directa,613 29 60 19,info@tortascarmenlupianez.com,https://tortascarmenlupianez.com/,https://www.facebook.com/Tortas-Carmen-Lupia%C3%B1ez-777530979031635/,,https://www.google.com/maps/search/?api=1&query=Tortas%20Carmen%20Lupi%C3%A1%C3%B1ez%2C%20C.%20Blas%20Infante%2C%201%2C%2029750%20Algarrobo%2C%20M%C3%A1laga&query_place_id=ChIJ8zKcUO84cg0RUpHij46cf5g,36.7735488,-4.0390364,2026-05-14,
trafrut-cano-pizarra,Trafrut Cano,Pizarra,Carnes y embutidos,"Embutidos, salchichón de Málaga, chacinas y carnes","C. Confianza, 21, 29560 Pizarra, Málaga","Trafrut Cano es un productor local de Pizarra especializado en embutidos, salchichón de málaga, chacinas y carnes, integrado en la oferta agroalimentaria de proximidad de la provincia de Málaga.",Consultar web o venta directa,952 48 47 94,trafrutcano@gmail.com,http://www.trafrutcano.com/,https://www.facebook.com/people/Trafrut-Cano-SL/100067010311213/,,https://www.google.com/maps/search/?api=1&query=Trafrut%20Cano%2C%20C.%20Confianza%2C%2021%2C%2029560%20Pizarra%2C%20M%C3%A1laga&query_place_id=ChIJOwveG_Tpcg0RLGH98BPUHp8,36.7704007,-4.7119648,2026-05-14,
tree-natural-bars-velez-malaga,Tree Natural Bars,Vélez-Málaga,Chocolate,"Chocolate, cacao, bombones y elaborados dulces","Calle Dr. Ros Alférez, 18, 29740 Torre del Mar, Málaga","Tree Natural Bars es un productor local de Vélez-Málaga especializado en chocolate, cacao, bombones y elaborados dulces, integrado en la oferta agroalimentaria de proximidad de la provincia de Málaga.",Consultar web o venta directa,630 43 64 11,raulgonzalez@treenaturalbars.com,https://treenaturalbars.com/,https://www.facebook.com/people/Tree-Natural-Bars/100086706483673/,https://www.instagram.com/treenaturalbars/,https://www.google.com/maps/search/?api=1&query=Tree%20Natural%20Bars%2C%20Calle%20Dr.%20Ros%20Alf%C3%A9rez%2C%2018%2C%2029740%20Torre%20del%20Mar%2C%20M%C3%A1laga&query_place_id=ChIJtXbJooJHcg0RQ4_n0h7vcMc,36.74437,-4.0954,2026-05-14,
tres-espigas-malaga,Tres Espigas,Málaga,Pan y pastelería,"Pan, repostería, dulces artesanos y obrador","C. del Alcalde Guillermo Rein, 38, Cruz de Humilladero, 29006 Málaga","Tres Espigas es un productor local de Málaga especializado en pan, repostería, dulces artesanos y obrador, integrado en la oferta agroalimentaria de proximidad de la provincia de Málaga.",Consultar web o venta directa,952 39 84 06,hola@tresespigas.es,,,,https://www.google.com/maps/search/?api=1&query=Tres%20Espigas%2C%20C.%20del%20Alcalde%20Guillermo%20Rein%2C%2038%2C%20Cruz%20de%20Humilladero%2C%2029006%20M%C3%A1laga&query_place_id=ChIJ1yaeD073cg0RzK2i-4swtwI,36.7096231,-4.4743426,2026-05-14,
trops-velez-malaga,TROPS,Vélez-Málaga,Fruta y verdura,"Aguacate, mango, cítricos, pasas y huerta malagueña","Polígono Industrial TROPS. Nave TROPS, s/n. C.P. 29719, 29719 Vélez-Málaga, Málaga","TROPS es un productor local de Vélez-Málaga especializado en aguacate, mango, cítricos, pasas y huerta malagueña, integrado en la oferta agroalimentaria de proximidad de la provincia de Málaga.",Consultar web o venta directa,952 50 07 00,comunicacion@trops.es,http://www.trops.es/,https://www.facebook.com/frutasTROPS,https://www.instagram.com/ftrops_/,https://www.google.com/maps/search/?api=1&query=TROPS%2C%20Pol%C3%ADgono%20Industrial%20TROPS.%20Nave%20TROPS%2C%20s%2Fn.%20C.P.%2029719%2C%2029719%20V%C3%A9lez-M%C3%A1laga%2C%20M%C3%A1laga&query_place_id=ChIJTTAM8SxBcg0RyXwFW6qHC2s,36.7991942,-4.1171962,2026-05-14,
turbojam-cutar,Turbojam,Cútar,Bodega y licores,"Ginebra, licores, vermut y destilados","C. Saucos, S/N, 29718 Cútar, Málaga","Turbojam es un productor local de Cútar especializado en ginebra, licores, vermut y destilados, integrado en la oferta agroalimentaria de proximidad de la provincia de Málaga.",Consultar web o venta directa,697 15 64 70,info@turbojam.es,https://turbojam.es/,,,https://www.google.com/maps/search/?api=1&query=Turbojam%2C%20C.%20Saucos%2C%20S%2FN%2C%2029718%20C%C3%BAtar%2C%20M%C3%A1laga&query_place_id=ChIJV99magSPCC4RUQW31mgOlWg,36.8313639,-4.2295019,2026-05-14,
