slug,nombre,municipio,categoria,productos estrella,direccion,descripcion,horario,telefono,correo,web,Facebook,Instagram,Google Maps,lat,lon,imagen,verificacion
bodega-solana-de-la-bernarda-solana-de-la-bernarda-alanis,Bodega Solana de la Bernarda Solana de la Bernarda,Alanís,Bodega,"Vinos de Sevilla, mosto, licores y enoturismo","Cam. los Guindales, 41380 Alanís, Sevilla","Bodega Solana de la Bernarda Solana de la Bernarda es un productor local de Alanís especializado en vinos de sevilla, mosto, licores y enoturismo, integrado en la oferta agroalimentaria de proximidad de la provincia de Sevilla.",Consultar web o venta directa,637 53 08 04,bodegasolanadelabernarda@gmail.com,,,,https://www.google.com/maps/search/?api=1&query=Bodega%20Solana%20de%20la%20Bernarda%20Solana%20de%20la%20Bernarda%2C%20Cam.%20los%20Guindales%2C%2041380%20Alan%C3%ADs%2C%20Sevilla&query_place_id=ChIJt9vndUEJEw0R8wfP7GbLB0I,38.0448076,-5.7176312,,pendiente
los-romeros-de-alanis-romero-alvarez-alanis,Los Romeros de Alanís Romero Álvarez,Alanís,Charcutería,"Embutidos, jamones, carnes de la Sierra Norte","Carretera Fuenteovejuna, 0, 41380 Alanís, Sevilla","Los Romeros de Alanís Romero Álvarez es un productor local de Alanís especializado en embutidos, jamones, carnes de la sierra norte, integrado en la oferta agroalimentaria de proximidad de la provincia de Sevilla.",Consultar web o venta directa,954 88 59 12,secaderoalanis@romeroalvarez.com,https://romeroalvarez.com,,,https://www.google.com/maps/search/?api=1&query=Los%20Romeros%20de%20Alan%C3%ADs%20Romero%20%C3%81lvarez%2C%20Carretera%20Fuenteovejuna%2C%200%2C%2041380%20Alan%C3%ADs%2C%20Sevilla&query_place_id=ChIJxULryjkIEw0RCQXPRrYgggQ,38.0390892,-5.7074675,,pendiente
la-sabrosita-olivaida-albaida-del-aljarafe,La Sabrosita Olivaida,Albaida del Aljarafe,Aceitunas y encurtidos,"Aceitunas de mesa, encurtidos, aceituna sevillana","C. Sevilla, 23, 41809 Albaida del Aljarafe, Sevilla","La Sabrosita Olivaida es un productor local de Albaida del Aljarafe especializado en aceitunas de mesa, encurtidos, aceituna sevillana, integrado en la oferta agroalimentaria de proximidad de la provincia de Sevilla.",Consultar web o venta directa,955 71 90 75,olivaida@olivaida.com,https://olivaida.com,,,https://www.google.com/maps/search/?api=1&query=La%20Sabrosita%20Olivaida%2C%20C.%20Sevilla%2C%2023%2C%2041809%20Albaida%20del%20Aljarafe%2C%20Sevilla&query_place_id=ChIJQ2HaAY8WEg0RrnA6rOlfSHM,37.4283196,-6.1646459,,pendiente
cafe-ab-sevillana-de-cafe-alcala-de-guadaira,Café AB Sevillana de Café,Alcalá de Guadaíra,Café,"Café tostado, mezclas, café de especialidad","C. Hacienda Dolores Siete, 35, 41500 Alcalá de Guadaíra, Sevilla","Café AB Sevillana de Café es un productor local de Alcalá de Guadaíra especializado en café tostado, mezclas, café de especialidad, integrado en la oferta agroalimentaria de proximidad de la provincia de Sevilla.",Consultar web o venta directa,955 63 15 62,hola@cafeab.com,https://cafeab.com,https://www.facebook.com/ABcafeAB/,https://www.instagram.com/abcafeab/,https://www.google.com/maps/search/?api=1&query=Caf%C3%A9%20AB%20Sevillana%20de%20Caf%C3%A9%2C%20C.%20Hacienda%20Dolores%20Siete%2C%2035%2C%2041500%20Alcal%C3%A1%20de%20Guada%C3%ADra%2C%20Sevilla&query_place_id=ChIJAQAAAEB7Eg0RRKTpvzlfLeo,37.3604573,-5.8838816,,pendiente
capon-de-galera-alcala-de-guadaira,Capón de Galera,Alcalá de Guadaíra,Despensa artesanal,"Elaborados artesanos, platos preparados y despensa local","Calle Cristalería Díez, 56, 41500 Alcalá de Guadaíra, Sevilla","Capón de Galera es un productor local de Alcalá de Guadaíra especializado en elaborados artesanos, platos preparados y despensa local, integrado en la oferta agroalimentaria de proximidad de la provincia de Sevilla.",Consultar web o venta directa,658 85 13 73,capondegalera@gmail.com,,,,https://www.google.com/maps/search/?api=1&query=Cap%C3%B3n%20de%20Galera%2C%20Calle%20Cristaler%C3%ADa%20D%C3%ADez%2C%2056%2C%2041500%20Alcal%C3%A1%20de%20Guada%C3%ADra%2C%20Sevilla&query_place_id=ChIJ6TPCOGVlEg0R7Rmxaqxwe58,37.3551024,-5.8765706,,pendiente
frutos-secos-san-blas-sucesores-de-frutos-secos-san-blas-alcala-de-guadaira,Frutos Secos San Blas Sucesores de Frutos Secos San Blas,Alcalá de Guadaíra,Aperitivos,"Patatas fritas, frutos secos, altramuces y aperitivos","P.I. LA RED, C. la Red Uno, NAVE 41, 41500 Alcalá de Guadaíra, Sevilla","Frutos Secos San Blas Sucesores de Frutos Secos San Blas es un productor local de Alcalá de Guadaíra especializado en patatas fritas, frutos secos, altramuces y aperitivos, integrado en la oferta agroalimentaria de proximidad de la provincia de Sevilla.",Consultar web o venta directa,955 63 17 21,sanblas@frutossecossanblas.com,https://frutossecossanblas.com,,https://www.instagram.com/frutossecos_sanblas/,https://www.google.com/maps/search/?api=1&query=Frutos%20Secos%20San%20Blas%20Sucesores%20de%20Frutos%20Secos%20San%20Blas%2C%20P.I.%20LA%20RED%2C%20C.%20la%20Red%20Uno%2C%20NAVE%2041%2C%2041500%20Alcal%C3%A1%20de%20Guada%C3%ADra%2C%20Sevilla&query_place_id=ChIJG6dNoaFlEg0Rfzheu01eT60,37.3770223,-5.8917728,,pendiente
salysol-sal-y-sol-alcala-de-guadaira,Salysol Sal y Sol,Alcalá de Guadaíra,Aperitivos,"Patatas fritas, frutos secos, altramuces y aperitivos","Pol. Ind. Fridex, C. Fridex Seis, 22, 41500 Alcalá de Guadaíra, Sevilla","Salysol Sal y Sol es un productor local de Alcalá de Guadaíra especializado en patatas fritas, frutos secos, altramuces y aperitivos, integrado en la oferta agroalimentaria de proximidad de la provincia de Sevilla.",Consultar web o venta directa,955 63 10 13,comercial@salysol.com,https://salysol.com,https://www.facebook.com/SalysolOficial/,https://www.instagram.com/salysol_oficial/,https://www.google.com/maps/search/?api=1&query=Salysol%20Sal%20y%20Sol%2C%20Pol.%20Ind.%20Fridex%2C%20C.%20Fridex%20Seis%2C%2022%2C%2041500%20Alcal%C3%A1%20de%20Guada%C3%ADra%2C%20Sevilla&query_place_id=ChIJdxcoLYZlEg0RqfB0C7Oi1nQ,37.3744019,-5.8961204,,pendiente
tragus-obrador-camacho-sanchez-alcala-de-guadaira,Tragus Obrador Camacho Sánchez,Alcalá de Guadaíra,Pan y pastelería,"Pan, picos, regañás, dulces y repostería","Poligono Industrial La Red, C. la Red Cinco, 13, 41500 Alcalá de Guadaíra, Sevilla","Tragus Obrador Camacho Sánchez es un productor local de Alcalá de Guadaíra especializado en pan, picos, regañás, dulces y repostería, integrado en la oferta agroalimentaria de proximidad de la provincia de Sevilla.",Consultar web o venta directa,663 36 99 99,pablocamacho@tragus.es,https://tragus.es,https://www.facebook.com/traguspasteleria/,https://www.instagram.com/tragus.pasteleria/,https://www.google.com/maps/search/?api=1&query=Tragus%20Obrador%20Camacho%20S%C3%A1nchez%2C%20Poligono%20Industrial%20La%20Red%2C%20C.%20la%20Red%20Cinco%2C%2013%2C%2041500%20Alcal%C3%A1%20de%20Guada%C3%ADra%2C%20Sevilla&query_place_id=ChIJG1bnK5xlEg0R9M0pdeGAfRw,37.3674945,-5.8831204,,pendiente
vermut-florum-alonso-jimenez-miguel-angel-alcala-de-guadaira,Vermut Florum Alonso Jiménez Miguel Ángel,Alcalá de Guadaíra,Bodega,"Anís, ginebra, vermut, licores y destilados","Pol. Ind. La Red, Calle la Red Veintisiete, n° 26, 41500 Alcalá de Guadaíra, Sevilla","Vermut Florum Alonso Jiménez Miguel Ángel es un productor local de Alcalá de Guadaíra especializado en anís, ginebra, vermut, licores y destilados, integrado en la oferta agroalimentaria de proximidad de la provincia de Sevilla.",Consultar web o venta directa,637 85 35 95,vermutflorum@vermutflorum.com,https://vermutflorum.com,,,https://www.google.com/maps/search/?api=1&query=Vermut%20Florum%20Alonso%20Jim%C3%A9nez%20Miguel%20%C3%81ngel%2C%20Pol.%20Ind.%20La%20Red%2C%20Calle%20la%20Red%20Veintisiete%2C%20n%C2%B0%2026%2C%2041500%20Alcal%C3%A1%20de%20Guada%C3%ADra%2C%20Sevilla&query_place_id=ChIJc2ZzSoZlEg0R5l5VSPfhvfI,37.3731325,-5.891293999999999,,pendiente
catering-hermanos-gonzalez-alcolea-del-rio,Catering Hermanos González,Alcolea del Río,Despensa artesanal,"Elaborados artesanos, platos preparados y despensa local","C. D, 41449 Alcolea del Río, Sevilla","Catering Hermanos González es un productor local de Alcolea del Río especializado en elaborados artesanos, platos preparados y despensa local, integrado en la oferta agroalimentaria de proximidad de la provincia de Sevilla.",Consultar web o venta directa,955 64 46 48,direccion@cateringhgonzalez.com,https://cateringhgonzalez.com,,,https://www.google.com/maps/search/?api=1&query=Catering%20Hermanos%20Gonz%C3%A1lez%2C%20C.%20D%2C%2041449%20Alcolea%20del%20R%C3%ADo%2C%20Sevilla&query_place_id=ChIJ_d-7dcP2Eg0RhE_MP1ctW1E,37.6177085,-5.661628299999999,,pendiente
queseria-artesanal-rancho-villalba-concepcion-saldana-navarro-alcolea-del-rio,Quesería Artesanal Rancho Villalba Concepción Saldaña Navarro,Alcolea del Río,Lácteos y quesos,"Quesos artesanos, lácteos, leche de cabra u oveja","C. Colon, 10, 41449 Alcolea del Río, Sevilla","Quesería Artesanal Rancho Villalba Concepción Saldaña Navarro es un productor local de Alcolea del Río especializado en quesos artesanos, lácteos, leche de cabra u oveja, integrado en la oferta agroalimentaria de proximidad de la provincia de Sevilla.",Consultar web o venta directa,625 52 88 70,conchitasal74@gmail.com,https://www.facebook.com/QueseriaRanchoVillalba/,https://www.facebook.com/QueseriaRanchoVillalba/,,https://www.google.com/maps/search/?api=1&query=Queser%C3%ADa%20Artesanal%20Rancho%20Villalba%20Concepci%C3%B3n%20Salda%C3%B1a%20Navarro%2C%20C.%20Colon%2C%2010%2C%2041449%20Alcolea%20del%20R%C3%ADo%2C%20Sevilla&query_place_id=ChIJC0jJEOn3Eg0R7HjZujzEPRU,37.61524,-5.66911,,pendiente
jamones-caballero-jamones-y-embutidos-caballero-almaden-de-la-plata,Jamones Caballero Jamones y Embutidos Caballero,Almadén de la Plata,Charcutería,"Embutidos, jamones, carnes de la Sierra Norte","Av. Andalucía, 35, 41240 Almadén de la Plata, Sevilla","Jamones Caballero Jamones y Embutidos Caballero es un productor local de Almadén de la Plata especializado en embutidos, jamones, carnes de la sierra norte, integrado en la oferta agroalimentaria de proximidad de la provincia de Sevilla.",Consultar web o venta directa,954 73 50 39,jamonescaballero@jamonescaballero.es,https://jamonescaballero.es,,,https://www.google.com/maps/search/?api=1&query=Jamones%20Caballero%20Jamones%20y%20Embutidos%20Caballero%2C%20Av.%20Andaluc%C3%ADa%2C%2035%2C%2041240%20Almad%C3%A9n%20de%20la%20Plata%2C%20Sevilla&query_place_id=ChIJt9gzpWXKEw0RYlZ-06DCFO4,37.8727226,-6.081830999999999,,pendiente
la-prieta-de-oro-antonio-sanchez-flores-arahal,La Prieta de Oro Antonio Sánchez Flores,Arahal,Aceitunas y encurtidos,"Aceitunas de mesa, encurtidos, aceituna sevillana","C. Chapistas, 17, 41600 Arahal, Sevilla","La Prieta de Oro Antonio Sánchez Flores es un productor local de Arahal especializado en aceitunas de mesa, encurtidos, aceituna sevillana, integrado en la oferta agroalimentaria de proximidad de la provincia de Sevilla.",Consultar web o venta directa,645 92 69 40,info@aceitunaslaprieta.com,https://aceitunaslaprieta.com,,,https://www.google.com/maps/search/?api=1&query=La%20Prieta%20de%20Oro%20Antonio%20S%C3%A1nchez%20Flores%2C%20C.%20Chapistas%2C%2017%2C%2041600%20Arahal%2C%20Sevilla&query_place_id=ChIJY1KEfqWcEg0Rn7w5P5Adit4,37.2468674,-5.547666,,pendiente
el-macaco-productos-agricolas-y-transformados-arahal,El Macaco Productos Agrícolas y Transformados,Arahal,Aceite,"Aceite de oliva virgen extra, olivar sevillano, AOVE","Av. Virgen de Montemayor, 56, 41600 Arahal, Sevilla","El Macaco Productos Agrícolas y Transformados es un productor local de Arahal especializado en aceite de oliva virgen extra, olivar sevillano, aove, integrado en la oferta agroalimentaria de proximidad de la provincia de Sevilla.",Consultar web o venta directa,954 84 07 33,magdalena@elmacaco.com,https://elmacaco.com,https://www.facebook.com/AceiteDeOlivaVirgenExtraElMacaco/,,https://www.google.com/maps/search/?api=1&query=El%20Macaco%20Productos%20Agr%C3%ADcolas%20y%20Transformados%2C%20Av.%20Virgen%20de%20Montemayor%2C%2056%2C%2041600%20Arahal%2C%20Sevilla&query_place_id=ChIJuYo1XrCcEg0R9grLBU62rD0,37.2396852,-5.5540596,,pendiente
ibericos-benito-arahal,Ibéricos Benito,Arahal,Charcutería,"Embutidos, jamones, carnes de la Sierra Norte","Ctra. Arahal - El Coronil Km 1.5, 41600 Arahal, Sevilla","Ibéricos Benito es un productor local de Arahal especializado en embutidos, jamones, carnes de la sierra norte, integrado en la oferta agroalimentaria de proximidad de la provincia de Sevilla.",Consultar web o venta directa,954 84 05 00,comunicacion@ibericosbenito.com,https://ibericosbenito.com,,,https://www.google.com/maps/search/?api=1&query=Ib%C3%A9ricos%20Benito%2C%20Ctra.%20Arahal%20-%20El%20Coronil%20Km%201.5%2C%2041600%20Arahal%2C%20Sevilla&query_place_id=ChIJ_7zN0a-cEg0RbsxD41GBBcw,37.2427177,-5.5528588,,pendiente
labradores-de-la-campina-arahal,Labradores de la Campiña,Arahal,Aceitunas y encurtidos,"Aceitunas de mesa, encurtidos, aceituna sevillana","Calle Villamartín, Km. 2, 400, 41600 Arahal, Sevilla","Labradores de la Campiña es un productor local de Arahal especializado en aceitunas de mesa, encurtidos, aceituna sevillana, integrado en la oferta agroalimentaria de proximidad de la provincia de Sevilla.",Consultar web o venta directa,954 84 13 01,labradoresdelacampina@arahal.net,https://arahal.net,,,https://www.google.com/maps/search/?api=1&query=Labradores%20de%20la%20Campi%C3%B1a%2C%20Calle%20Villamart%C3%ADn%2C%20Km.%202%2C%20400%2C%2041600%20Arahal%2C%20Sevilla&query_place_id=ChIJ7-lQvFmbEg0RTy3bQrsM3i8,37.234544,-5.554774999999999,,pendiente
los-artesanos-arahal,Los Artesanos,Arahal,Pan y pastelería,"Pan, picos, regañás, dulces y repostería","C. Agricultores, 2, 41600 Arahal, Sevilla","Los Artesanos es un productor local de Arahal especializado en pan, picos, regañás, dulces y repostería, integrado en la oferta agroalimentaria de proximidad de la provincia de Sevilla.",Consultar web o venta directa,955 84 19 56,marian@los-artesanos.com,https://los-artesanos.com,,,https://www.google.com/maps/search/?api=1&query=Los%20Artesanos%2C%20C.%20Agricultores%2C%202%2C%2041600%20Arahal%2C%20Sevilla&query_place_id=ChIJR6npLKScEg0R5tXunDyVOdg,37.2479407,-5.5490827,,pendiente
embutidos-el-romeral-aznalcollar,Embutidos El Romeral,Aznalcóllar,Charcutería,"Embutidos, jamones, carnes de la Sierra Norte","C. Espronceda, 14, 41870 Aznalcóllar, Sevilla","Embutidos El Romeral es un productor local de Aznalcóllar especializado en embutidos, jamones, carnes de la sierra norte, integrado en la oferta agroalimentaria de proximidad de la provincia de Sevilla.",Consultar web o venta directa,954 13 57 83,embutidoselromeral@gmail.com,,,,https://www.google.com/maps/search/?api=1&query=Embutidos%20El%20Romeral%2C%20C.%20Espronceda%2C%2014%2C%2041870%20Aznalc%C3%B3llar%2C%20Sevilla&query_place_id=ChIJC-dMZQMjEg0R4yUJdxIj-SI,37.51976,-6.271470000000001,,pendiente
aljaoliva-bollullos-de-la-mitacion,Aljaoliva,Bollullos de la Mitación,Aceite,"Aceite de oliva virgen extra, olivar sevillano, AOVE","Carretera Bormujos-Bollullos de la Mitación, km 9, Salida Urb. Entre caminos, 41110 Bollullos de la Mitación, Sevilla","Aljaoliva es un productor local de Bollullos de la Mitación especializado en aceite de oliva virgen extra, olivar sevillano, aove, integrado en la oferta agroalimentaria de proximidad de la provincia de Sevilla.",Consultar web o venta directa,955 76 69 02,almazara@aljaoliva.com,https://aljaoliva.com,https://www.facebook.com/Aceite.Oliva.AljaOliva/,https://www.instagram.com/aljaoliva/,https://www.google.com/maps/search/?api=1&query=Aljaoliva%2C%20Carretera%20Bormujos-Bollullos%20de%20la%20Mitaci%C3%B3n%2C%20km%209%2C%20Salida%20Urb.%20Entre%20caminos%2C%2041110%20Bollullos%20de%20la%20Mitaci%C3%B3n%2C%20Sevilla&query_place_id=ChIJfbX9yC0TEg0RoOaJlKjFK_I,37.3445712,-6.1064308,,pendiente
chocolates-mama-goye-eoh-eoh-negocios-bollullos-de-la-mitacion,Chocolates Mamá Goye Eoh Eoh Negocios,Bollullos de la Mitación,Chocolate,"Chocolate, cacao, bombones y elaborados dulces","Av. Mairena del Aljarafe, 4, 41110 Bollullos de la Mitación, Sevilla","Chocolates Mamá Goye Eoh Eoh Negocios es un productor local de Bollullos de la Mitación especializado en chocolate, cacao, bombones y elaborados dulces, integrado en la oferta agroalimentaria de proximidad de la provincia de Sevilla.",Consultar web o venta directa,,colegios@chocolatesmamagoye.es,https://chocolatesmamagoye.es,,,https://www.google.com/maps/search/?api=1&query=Chocolates%20Mam%C3%A1%20Goye%20Eoh%20Eoh%20Negocios%2C%20Av.%20Mairena%20del%20Aljarafe%2C%204%2C%2041110%20Bollullos%20de%20la%20Mitaci%C3%B3n%2C%20Sevilla&query_place_id=ChIJ28TR0MsTEg0RuQI2ZEYJlYE,37.3552127,-6.1405715,,pendiente
kombucha-t-handcrafted-drinks-joseph-kyle-graham-bollullos-de-la-mitacion,Kombucha-T Handcrafted Drinks Joseph Kyle Graham,Bollullos de la Mitación,Fruta y verdura,"Producción agrícola, verduras, frutas y transformados vegetales","Avenida de Albaida 108, Polígono Industrial PIBO, Local, 12, 41110 Bollullos de la Mitación, Sevilla","Kombucha-T Handcrafted Drinks Joseph Kyle Graham es un productor local de Bollullos de la Mitación especializado en producción agrícola, verduras, frutas y transformados vegetales, integrado en la oferta agroalimentaria de proximidad de la provincia de Sevilla.",Consultar web o venta directa,633 73 45 30,holakombuchate@gmail.com,http://www.kombuchatsevilla.com/,,,https://www.google.com/maps/search/?api=1&query=Kombucha-T%20Handcrafted%20Drinks%20Joseph%20Kyle%20Graham%2C%20Avenida%20de%20Albaida%20108%2C%20Pol%C3%ADgono%20Industrial%20PIBO%2C%20Local%2C%2012%2C%2041110%20Bollullos%20de%20la%20Mitaci%C3%B3n%2C%20Sevilla&query_place_id=ChIJDcPPm10TEg0RCyYhwJfsUQg,37.3533784,-6.141970499999999,,pendiente
helados-la-valenciana-productos-giralda-jose-gomez-alcaraz-brenes,Helados La Valenciana Productos Giralda José Gómez Alcaraz,Brenes,Helados,"Helados artesanos, sorbetes, postres fríos","Calle Ntra. Sra. del Rosario, 12, 41310 Brenes, Sevilla","Helados La Valenciana Productos Giralda José Gómez Alcaraz es un productor local de Brenes especializado en helados artesanos, sorbetes, postres fríos, integrado en la oferta agroalimentaria de proximidad de la provincia de Sevilla.",Consultar web o venta directa,635 60 30 26,info@heladoslavalenciana.com,https://heladoslavalenciana.com,https://www.facebook.com/HeladosLaValenciana/,https://www.instagram.com/heladeria_la_valenciana/,https://www.google.com/maps/search/?api=1&query=Helados%20La%20Valenciana%20Productos%20Giralda%20Jos%C3%A9%20G%C3%B3mez%20Alcaraz%2C%20Calle%20Ntra.%20Sra.%20del%20Rosario%2C%2012%2C%2041310%20Brenes%2C%20Sevilla&query_place_id=ChIJl8P82ehcEg0RdxblmVZQWLM,37.5485027,-5.8730398,,pendiente
productos-la-soledad-brenes,Productos La Soledad,Brenes,Pan y pastelería,"Pan, picos, regañás, dulces y repostería","P.º José Fernández Vega, 41310 Brenes, Sevilla","Productos La Soledad es un productor local de Brenes especializado en pan, picos, regañás, dulces y repostería, integrado en la oferta agroalimentaria de proximidad de la provincia de Sevilla.",Consultar web o venta directa,625 06 80 22,productoslasoledad@outlook.com,,,,https://www.google.com/maps/search/?api=1&query=Productos%20La%20Soledad%2C%20P.%C2%BA%20Jos%C3%A9%20Fern%C3%A1ndez%20Vega%2C%2041310%20Brenes%2C%20Sevilla&query_place_id=ChIJQzVXHFtdEg0RdlCgpEhUOf0,37.5475936,-5.8716311,,pendiente
artesanos-mendez-canada-rosal,Artesanos Méndez,Cañada Rosal,Pan y pastelería,"Pan, picos, regañás, dulces y repostería","P I El Rosal, C. Galileo Galilei, 1, 41439 Cañada Rosal, Sevilla","Artesanos Méndez es un productor local de Cañada Rosal especializado en pan, picos, regañás, dulces y repostería, integrado en la oferta agroalimentaria de proximidad de la provincia de Sevilla.",Consultar web o venta directa,954 83 90 40,marketing@artesanosmendez.com,https://artesanosmendez.com,https://www.facebook.com/artesanosmendez/,https://www.instagram.com/artesanosmendez/,https://www.google.com/maps/search/?api=1&query=Artesanos%20M%C3%A9ndez%2C%20P%20I%20El%20Rosal%2C%20C.%20Galileo%20Galilei%2C%201%2C%2041439%20Ca%C3%B1ada%20Rosal%2C%20Sevilla&query_place_id=ChIJjx3WDrfIEg0RQU6J79ptE-c,37.5903854,-5.1982111,,pendiente
aloe-vera-las-coronas-exa-las-coronas-carmona,Aloe Vera Las Coronas Exa Las Coronas,Carmona,Aromáticas y condimentos,"Aromáticas, especias, aloe, infusiones y condimentos","Carretera Carmona, SE-4107, km 10.5, 41410 Guadajoz, Sevilla","Aloe Vera Las Coronas Exa Las Coronas es un productor local de Carmona especializado en aromáticas, especias, aloe, infusiones y condimentos, integrado en la oferta agroalimentaria de proximidad de la provincia de Sevilla.",Consultar web o venta directa,636 85 91 40,eventos@aloeveralascoronas.es,https://aloeveralascoronas.es,https://www.facebook.com/aloelascoronas/,https://www.instagram.com/aloelascoronas/,https://www.google.com/maps/search/?api=1&query=Aloe%20Vera%20Las%20Coronas%20Exa%20Las%20Coronas%2C%20Carretera%20Carmona%2C%20SE-4107%2C%20km%2010.5%2C%2041410%20Guadajoz%2C%20Sevilla&query_place_id=ChIJi09RnWPfbA0RjmVF2gB3cVg,37.5680103,-5.6434033,,pendiente
pantesano-panaderia-garcia-martin-carmona,Pantesano Panadería García Martín,Carmona,Pan y pastelería,"Pan, picos, regañás, dulces y repostería","Rda. León de San Francisco, 10, 41410 Carmona, Sevilla","Pantesano Panadería García Martín es un productor local de Carmona especializado en pan, picos, regañás, dulces y repostería, integrado en la oferta agroalimentaria de proximidad de la provincia de Sevilla.",Consultar web o venta directa,954 14 10 13,panaderiagm@gmail.com,,,,https://www.google.com/maps/search/?api=1&query=Pantesano%20Panader%C3%ADa%20Garc%C3%ADa%20Mart%C3%ADn%2C%20Rda.%20Le%C3%B3n%20de%20San%20Francisco%2C%2010%2C%2041410%20Carmona%2C%20Sevilla&query_place_id=ChIJeZYnR32LEg0R_evpRHfB3yA,37.4711031,-5.6469125,,pendiente
puerto-de-indias-los-alcores-de-carmona-carmona,Puerto de Indias Los Alcores de Carmona,Carmona,Bodega,"Anís, ginebra, vermut, licores y destilados","Carretera Carmona, s/n, 41410 El Viso del Alcor, Sevilla","Puerto de Indias Los Alcores de Carmona es un productor local de Carmona especializado en anís, ginebra, vermut, licores y destilados, integrado en la oferta agroalimentaria de proximidad de la provincia de Sevilla.",Consultar web o venta directa,954 19 13 66,info@ginpuertodeindias.com,https://ginpuertodeindias.com,,https://www.instagram.com/ginpuertodeindias/,https://www.google.com/maps/search/?api=1&query=Puerto%20de%20Indias%20Los%20Alcores%20de%20Carmona%2C%20Carretera%20Carmona%2C%20s%2Fn%2C%2041410%20El%20Viso%20del%20Alcor%2C%20Sevilla&query_place_id=ChIJVyubwYKLEg0ROwlzakjPpf8,37.4593236,-5.6550112,,pendiente
queseria-dehesa-castilblanco-antonio-felix-fernandez-perez-castilblanco-de-los-arroyos,Quesería Dehesa Castilblanco Antonio Félix Fernández Pérez,Castilblanco de los Arroyos,Lácteos y quesos,"Quesos artesanos, lácteos, leche de cabra u oveja","Finca, Huerto del cura, S/N, 41230 Castilblanco de los Arroyos, Sevilla","Quesería Dehesa Castilblanco Antonio Félix Fernández Pérez es un productor local de Castilblanco de los Arroyos especializado en quesos artesanos, lácteos, leche de cabra u oveja, integrado en la oferta agroalimentaria de proximidad de la provincia de Sevilla.",Consultar web o venta directa,615 17 75 06,quesosdehesacastilblanco@gmail.com,https://quesosdehesacastilblanco.es/,,,https://www.google.com/maps/search/?api=1&query=Queser%C3%ADa%20Dehesa%20Castilblanco%20Antonio%20F%C3%A9lix%20Fern%C3%A1ndez%20P%C3%A9rez%2C%20Finca%2C%20Huerto%20del%20cura%2C%20S%2FN%2C%2041230%20Castilblanco%20de%20los%20Arroyos%2C%20Sevilla&query_place_id=ChIJWeMqPqdIEg0R7r7uxIA6Q7Q,37.6584362,-5.997823200000001,,pendiente
sierras-andaluzas-castilblanco-de-los-arroyos,Sierras Andaluzas,Castilblanco de los Arroyos,Miel y mermeladas,"Miel, mermeladas, productos apícolas","P.I. CRUZ ALTA, C/ HUERTO DEL CURA, 10-12, 41230 Castilblanco de los Arroyos, Sevilla","Sierras Andaluzas es un productor local de Castilblanco de los Arroyos especializado en miel, mermeladas, productos apícolas, integrado en la oferta agroalimentaria de proximidad de la provincia de Sevilla.",Consultar web o venta directa,955 73 44 48,sierrasandaluzas@hotmail.com,https://sierrasandaluzas.com/,,,https://www.google.com/maps/search/?api=1&query=Sierras%20Andaluzas%2C%20P.I.%20CRUZ%20ALTA%2C%20C%2F%20HUERTO%20DEL%20CURA%2C%2010-12%2C%2041230%20Castilblanco%20de%20los%20Arroyos%2C%20Sevilla&query_place_id=ChIJ0bkXuK9IEg0RZY61VxyP4rg,37.6659784,-5.9921281,,pendiente
upita-de-los-reyes-castilleja-de-la-cuesta,Upita de Los Reyes,Castilleja de la Cuesta,Pan y pastelería,"Pan, picos, regañás, dulces y repostería","C. Real, 111, 41950 Castilleja de la Cuesta, Sevilla","Upita de Los Reyes es un productor local de Castilleja de la Cuesta especializado en pan, picos, regañás, dulces y repostería, integrado en la oferta agroalimentaria de proximidad de la provincia de Sevilla.",Consultar web o venta directa,954 16 36 92,tiendaupitadelosreyes@gmail.com,https://www.upitadelosreyes.com/,https://www.facebook.com/UpitaDeLosReyes/,https://www.instagram.com/upitadelosreyes/,https://www.google.com/maps/search/?api=1&query=Upita%20de%20Los%20Reyes%2C%20C.%20Real%2C%20111%2C%2041950%20Castilleja%20de%20la%20Cuesta%2C%20Sevilla&query_place_id=ChIJAf1D_LpsEg0R4pC5SgTh02Y,37.38581509999999,-6.0549127,,pendiente
la-noria-castilleja-del-campo,La Noria,Castilleja del Campo,Lácteos y quesos,"Quesos artesanos, lácteos, leche de cabra u oveja","Av. Andalucía, 50, Bajo, 41810 Castilleja del Campo, Sevilla","La Noria es un productor local de Castilleja del Campo especializado en quesos artesanos, lácteos, leche de cabra u oveja, integrado en la oferta agroalimentaria de proximidad de la provincia de Sevilla.",Consultar web o venta directa,954 75 58 42,info@lacteoslanoria.com,https://lacteoslanoria.com,,,https://www.google.com/maps/search/?api=1&query=La%20Noria%2C%20Av.%20Andaluc%C3%ADa%2C%2050%2C%20Bajo%2C%2041810%20Castilleja%20del%20Campo%2C%20Sevilla&query_place_id=ChIJ0bLCqYwfEg0RoehTfn1_KJ8,37.38715,-6.339630000000001,,pendiente
bodega-colonias-de-galeon-vina-las-colonias-de-galeon-cazalla-de-la-sierra,Bodega Colonias de Galeón Viña Las Colonias de Galeón,Cazalla de la Sierra,Bodega,"Vinos de Sevilla, mosto, licores y enoturismo","Pol. Los Manantiales Fase II, Nave 16, Carr. de Alanis, 16, 41370 Cazalla de la Sierra, Sevilla","Bodega Colonias de Galeón Viña Las Colonias de Galeón es un productor local de Cazalla de la Sierra especializado en vinos de sevilla, mosto, licores y enoturismo, integrado en la oferta agroalimentaria de proximidad de la provincia de Sevilla.",Consultar web o venta directa,638 43 83 96,pedidos@coloniasdegaleon.com,https://coloniasdegaleon.com,https://www.facebook.com/VinosColoniasdeGaleon/,https://www.instagram.com/colonias_galeon/,https://www.google.com/maps/search/?api=1&query=Bodega%20Colonias%20de%20Gale%C3%B3n%20Vi%C3%B1a%20Las%20Colonias%20de%20Gale%C3%B3n%2C%20Pol.%20Los%20Manantiales%20Fase%20II%2C%20Nave%2016%2C%20Carr.%20de%20Alanis%2C%2016%2C%2041370%20Cazalla%20de%20la%20Sierra%2C%20Sevilla&query_place_id=ChIJCS3T8pepEw0Rtp4XD0cTEIg,37.9422105,-5.7610487,,pendiente
bodegas-tierra-savia-cazalla-de-la-sierra,Bodegas Tierra Savia,Cazalla de la Sierra,Bodega,"Vinos de Sevilla, mosto, licores y enoturismo","C. San Benito, 20, 41370 Cazalla de la Sierra, Sevilla","Bodegas Tierra Savia es un productor local de Cazalla de la Sierra especializado en vinos de sevilla, mosto, licores y enoturismo, integrado en la oferta agroalimentaria de proximidad de la provincia de Sevilla.",Consultar web o venta directa,623 06 86 15,bodegastierrasavia@gmail.com,https://www.bodegastierrasavia.com/,,,https://www.google.com/maps/search/?api=1&query=Bodegas%20Tierra%20Savia%2C%20C.%20San%20Benito%2C%2020%2C%2041370%20Cazalla%20de%20la%20Sierra%2C%20Sevilla&query_place_id=ChIJx-OJlzEIEw0RLzAbfRMV1As,37.92814,-5.76161,,pendiente
cazallaoliva-cazalla-de-la-sierra,Cazallaoliva,Cazalla de la Sierra,Aceite,"Aceite de oliva virgen extra, olivar sevillano, AOVE","Carretera Alanis, 3, 41370 Cazalla de la Sierra, Sevilla","Cazallaoliva es un productor local de Cazalla de la Sierra especializado en aceite de oliva virgen extra, olivar sevillano, aove, integrado en la oferta agroalimentaria de proximidad de la provincia de Sevilla.",Consultar web o venta directa,954 88 43 36,cazallaoliva@cazallaoliva.es,https://cazallaoliva.es,,,https://www.google.com/maps/search/?api=1&query=Cazallaoliva%2C%20Carretera%20Alanis%2C%203%2C%2041370%20Cazalla%20de%20la%20Sierra%2C%20Sevilla&query_place_id=ChIJ0eEZnZepEw0R2HAdsUuHfA0,37.941268,-5.759668,,pendiente
confiteria-ortiz-herederos-de-manuel-ortiz-mateo-cazalla-de-la-sierra,Confitería Ortiz Herederos de Manuel Ortiz Mateo,Cazalla de la Sierra,Pan y pastelería,"Mantecados, polvorones, dulces y repostería","C. la Plazuela, 10, 41370 Cazalla de la Sierra, Sevilla","Confitería Ortiz Herederos de Manuel Ortiz Mateo es un productor local de Cazalla de la Sierra especializado en mantecados, polvorones, dulces y repostería, integrado en la oferta agroalimentaria de proximidad de la provincia de Sevilla.",Consultar web o venta directa,954 88 42 20,contacto@confiteriaortiz.com,https://confiteriaortiz.com,,,https://www.google.com/maps/search/?api=1&query=Confiter%C3%ADa%20Ortiz%20Herederos%20de%20Manuel%20Ortiz%20Mateo%2C%20C.%20la%20Plazuela%2C%2010%2C%2041370%20Cazalla%20de%20la%20Sierra%2C%20Sevilla&query_place_id=ChIJneIYu4-pEw0R44ZPnV-fJ7g,37.93107,-5.759819999999999,,pendiente
corsevilla-cazalla-de-la-sierra,Corsevilla,Cazalla de la Sierra,Lácteos y quesos,"Quesos artesanos, lácteos, leche de cabra u oveja","Ctra de Guadalcanal, 1, 41370 Cazalla de la Sierra, Sevilla","Corsevilla es un productor local de Cazalla de la Sierra especializado en quesos artesanos, lácteos, leche de cabra u oveja, integrado en la oferta agroalimentaria de proximidad de la provincia de Sevilla.",Consultar web o venta directa,954 88 42 86,corsevilla@corsevilla.es,https://corsevilla.es,,https://www.instagram.com/corsevilla/,https://www.google.com/maps/search/?api=1&query=Corsevilla%2C%20Ctra%20de%20Guadalcanal%2C%201%2C%2041370%20Cazalla%20de%20la%20Sierra%2C%20Sevilla&query_place_id=ChIJdybNd5epEw0R9ugo1tQZDHw,37.945849,-5.762315,,pendiente
el-clavel-alquitaras-de-cazalla-cazalla-de-la-sierra,El Clavel Alquitaras de Cazalla,Cazalla de la Sierra,Bodega,"Anís, ginebra, vermut, licores y destilados","C. San Benito, 8, BAJO, 41370 Cazalla de la Sierra, Sevilla","El Clavel Alquitaras de Cazalla es un productor local de Cazalla de la Sierra especializado en anís, ginebra, vermut, licores y destilados, integrado en la oferta agroalimentaria de proximidad de la provincia de Sevilla.",Consultar web o venta directa,954 88 40 19,destileria@delclavel.com,https://delclavel.com,,,https://www.google.com/maps/search/?api=1&query=El%20Clavel%20Alquitaras%20de%20Cazalla%2C%20C.%20San%20Benito%2C%208%2C%20BAJO%2C%2041370%20Cazalla%20de%20la%20Sierra%2C%20Sevilla&query_place_id=ChIJ1fKzWo-pEw0RdjceiUdtCHw,37.9286333,-5.760759,,pendiente
embutidos-y-quesos-corral-nuria-maguillo-venegas-cazalla-de-la-sierra,Embutidos y Quesos Corral Nuria Maguillo Venegas,Cazalla de la Sierra,Lácteos y quesos,"Quesos artesanos, lácteos, leche de cabra u oveja","C. Virgen del Monte, 26, 41370 Cazalla de la Sierra, Sevilla","Embutidos y Quesos Corral Nuria Maguillo Venegas es un productor local de Cazalla de la Sierra especializado en quesos artesanos, lácteos, leche de cabra u oveja, integrado en la oferta agroalimentaria de proximidad de la provincia de Sevilla.",Consultar web o venta directa,647 58 23 64,administracion@embutidosyquesoscorral.es,https://embutidosyquesoscorral.es,,,https://www.google.com/maps/search/?api=1&query=Embutidos%20y%20Quesos%20Corral%20Nuria%20Maguillo%20Venegas%2C%20C.%20Virgen%20del%20Monte%2C%2026%2C%2041370%20Cazalla%20de%20la%20Sierra%2C%20Sevilla&query_place_id=ChIJJWxLrY-pEw0RpBjWyS_JCbw,37.9310679,-5.7590011,,pendiente
iberico-sierra-de-cazalla-rivero-francisco-rivero-venegas-cazalla-de-la-sierra,Ibérico Sierra de Cazalla “Rivero” Francisco Rivero Venegas,Cazalla de la Sierra,Charcutería,"Embutidos, jamones, carnes de la Sierra Norte","C. Virgen del Monte, 41, 41370 Cazalla de la Sierra, Sevilla","Ibérico Sierra de Cazalla “Rivero” Francisco Rivero Venegas es un productor local de Cazalla de la Sierra especializado en embutidos, jamones, carnes de la sierra norte, integrado en la oferta agroalimentaria de proximidad de la provincia de Sevilla.",Consultar web o venta directa,954 88 43 42,ibericosierradecazalla-rivero@hotmail.com,,,,https://www.google.com/maps/search/?api=1&query=Ib%C3%A9rico%20Sierra%20de%20Cazalla%20%E2%80%9CRivero%E2%80%9D%20Francisco%20Rivero%20Venegas%2C%20C.%20Virgen%20del%20Monte%2C%2041%2C%2041370%20Cazalla%20de%20la%20Sierra%2C%20Sevilla&query_place_id=ChIJjQjgs4-pEw0RhgNJaf5fTks,37.9314445,-5.7593499,,pendiente
mantecados-trigo-cazalla-de-la-sierra,Mantecados Trigo,Cazalla de la Sierra,Pan y pastelería,"Mantecados, polvorones, dulces y repostería","Carretera de la Estación, 3, 41370 Cazalla de la Sierra, Sevilla","Mantecados Trigo es un productor local de Cazalla de la Sierra especializado en mantecados, polvorones, dulces y repostería, integrado en la oferta agroalimentaria de proximidad de la provincia de Sevilla.",Consultar web o venta directa,954 88 33 95,oficina@mantecadostrigo.es,https://mantecadostrigo.es,https://www.facebook.com/MantecadosTrigo/,https://www.instagram.com/mantecadostrigo/,https://www.google.com/maps/search/?api=1&query=Mantecados%20Trigo%2C%20Carretera%20de%20la%20Estaci%C3%B3n%2C%203%2C%2041370%20Cazalla%20de%20la%20Sierra%2C%20Sevilla&query_place_id=ChIJp8Z329KqEw0RQ7M0FRPSZ1U,37.9378936,-5.757557600000001,,pendiente
pergara-cazalla-de-la-sierra,Pergara,Cazalla de la Sierra,Cerveza artesana,"Cerveza artesana, estilos propios, producción local","Ermita de San Sebastian, Llano de San Sebastian, 41370 Cazalla de la Sierra, Sevilla","Pergara es un productor local de Cazalla de la Sierra especializado en cerveza artesana, estilos propios, producción local, integrado en la oferta agroalimentaria de proximidad de la provincia de Sevilla.",Consultar web o venta directa,624 45 71 99,quiero@pergara.es,https://pergara.es,https://www.facebook.com/CervezasPergara/,https://www.instagram.com/cervezaspergara/,https://www.google.com/maps/search/?api=1&query=Pergara%2C%20Ermita%20de%20San%20Sebastian%2C%20Llano%20de%20San%20Sebastian%2C%2041370%20Cazalla%20de%20la%20Sierra%2C%20Sevilla&query_place_id=ChIJ2SxFVo-pEw0RyztcZmbw0F4,37.9256858,-5.769707599999999,,pendiente
queseria-artesanal-flor-de-cazalla-eduvigis-del-monte-martin-abril-cazalla-de-la-sierra,Quesería Artesanal Flor de Cazalla Eduvigis del Monte Martín Abril,Cazalla de la Sierra,Lácteos y quesos,"Quesos artesanos, lácteos, leche de cabra u oveja","Carril del Obispo, 41370 Cazalla de la Sierra, Sevilla","Quesería Artesanal Flor de Cazalla Eduvigis del Monte Martín Abril es un productor local de Cazalla de la Sierra especializado en quesos artesanos, lácteos, leche de cabra u oveja, integrado en la oferta agroalimentaria de proximidad de la provincia de Sevilla.",Consultar web o venta directa,673 41 99 73,flordecazalla@gmail.com,https://www.escapadarural.com/casa-rural/sevilla/cortijo-rural-flor-de-cazalla,,,https://www.google.com/maps/search/?api=1&query=Queser%C3%ADa%20Artesanal%20Flor%20de%20Cazalla%20Eduvigis%20del%20Monte%20Mart%C3%ADn%20Abril%2C%20Carril%20del%20Obispo%2C%2041370%20Cazalla%20de%20la%20Sierra%2C%20Sevilla&query_place_id=ChIJnb609ASvEw0R6xbSVpUd-m4,37.9326011,-5.8245174,,pendiente
anis-la-violetera-m-amparo-garcia-mendez-constantina,Anís La Violetera Mª Amparo García Méndez,Constantina,Bodega,"Anís, ginebra, vermut, licores y destilados","C. Mentidero, 2, 41450 Constantina, Sevilla","Anís La Violetera Mª Amparo García Méndez es un productor local de Constantina especializado en anís, ginebra, vermut, licores y destilados, integrado en la oferta agroalimentaria de proximidad de la provincia de Sevilla.",Consultar web o venta directa,955 88 07 63,anislavioletera@hotmail.com,http://www.anislavioletera.com/,,,https://www.google.com/maps/search/?api=1&query=An%C3%ADs%20La%20Violetera%20M%C2%AA%20Amparo%20Garc%C3%ADa%20M%C3%A9ndez%2C%20C.%20Mentidero%2C%202%2C%2041450%20Constantina%2C%20Sevilla&query_place_id=ChIJIWw4nEECEw0RH9cNwkieGfk,37.868196,-5.620418,,pendiente
bodegas-cazallo-david-cazallo-gomez-constantina,Bodegas Cazallo David Cazallo Gómez,Constantina,Bodega,"Vinos de Sevilla, mosto, licores y enoturismo","C. Pablo Iglesias, 3, 41450 Constantina, Sevilla","Bodegas Cazallo David Cazallo Gómez es un productor local de Constantina especializado en vinos de sevilla, mosto, licores y enoturismo, integrado en la oferta agroalimentaria de proximidad de la provincia de Sevilla.",Consultar web o venta directa,676 44 91 65,bodegascazallo@gmail.com,https://www.google.com/url?sa=t&source=web&rct=j&url=https://m.facebook.com/BODEGASCAZALLO/?locale2=es_ES&ved=2ahUKEwj4mb-r_rXwAhUHxYUKHSEDBWIQFjAAegQIBxAC&usg=AOvVaw2N5HvLaRr4SMY0M9jnIXoO,,,https://www.google.com/maps/search/?api=1&query=Bodegas%20Cazallo%20David%20Cazallo%20G%C3%B3mez%2C%20C.%20Pablo%20Iglesias%2C%203%2C%2041450%20Constantina%2C%20Sevilla&query_place_id=ChIJ0f7qOaEDEw0RZluKqUpNKjg,37.8770531,-5.6220694,,pendiente
bodega-la-margarita-juan-fernandez-grado-constantina,Bodega La Margarita Juan Fernández Grado,Constantina,Bodega,"Vinos de Sevilla, mosto, licores y enoturismo","Carretera Constantina - San Nicolás del Puerto, Km 5, 41451, Sevilla","Bodega La Margarita Juan Fernández Grado es un productor local de Constantina especializado en vinos de sevilla, mosto, licores y enoturismo, integrado en la oferta agroalimentaria de proximidad de la provincia de Sevilla.",Consultar web o venta directa,676 84 85 70,tintozancuo@gmail.com,http://bodegalamargarita.es/,,,https://www.google.com/maps/search/?api=1&query=Bodega%20La%20Margarita%20Juan%20Fern%C3%A1ndez%20Grado%2C%20Carretera%20Constantina%20-%20San%20Nicol%C3%A1s%20del%20Puerto%2C%20Km%205%2C%2041451%2C%20Sevilla&query_place_id=ChIJy1QhUUJvEg0RjIuPUqrSuQg,37.906683,-5.6159022,,pendiente
finca-dehesa-frias-sucum-dehesa-frias-constantina,Finca Dehesa Frías - Sucum Dehesa Frías,Constantina,Lácteos y quesos,"Quesos artesanos, lácteos, leche de cabra u oveja","SE-197, 41450 Constantina, Sevilla","Finca Dehesa Frías - Sucum Dehesa Frías es un productor local de Constantina especializado en quesos artesanos, lácteos, leche de cabra u oveja, integrado en la oferta agroalimentaria de proximidad de la provincia de Sevilla.",Consultar web o venta directa,955 95 40 40,direccion@dehesafrias.com,https://dehesafrias.com,,,https://www.google.com/maps/search/?api=1&query=Finca%20Dehesa%20Fr%C3%ADas%20-%20Sucum%20Dehesa%20Fr%C3%ADas%2C%20SE-197%2C%2041450%20Constantina%2C%20Sevilla&query_place_id=ChIJJ1P4MWwCEw0RwFWjX12JX0E,37.7726506,-5.6606808,,pendiente
fuente-fria-constantina,Fuente Fría,Constantina,Bodega,"Vinos de Sevilla, mosto, licores y enoturismo","Carretera Constantina San Nicolás del Puerto Km 2 Finca ""El Rancho"", 41450 Constantina, Sevilla","Fuente Fría es un productor local de Constantina especializado en vinos de sevilla, mosto, licores y enoturismo, integrado en la oferta agroalimentaria de proximidad de la provincia de Sevilla.",Consultar web o venta directa,678 45 76 53,contacto@bodegafuentefria.es,https://bodegafuentefria.es,,,https://www.google.com/maps/search/?api=1&query=Fuente%20Fr%C3%ADa%2C%20Carretera%20Constantina%20San%20Nicol%C3%A1s%20del%20Puerto%20Km%202%20Finca%20%22El%20Rancho%22%2C%2041450%20Constantina%2C%20Sevilla&query_place_id=ChIJS9Z6M8ADEw0RWHWjvZkQXDE,37.906772,-5.627269999999999,,pendiente
obrador-valle-de-la-osa-constantina,Obrador Valle de la Osa,Constantina,Miel y mermeladas,"Miel, mermeladas, productos apícolas","P.º de la Alameda, 38, A, 41450 Constantina, Sevilla","Obrador Valle de la Osa es un productor local de Constantina especializado en miel, mermeladas, productos apícolas, integrado en la oferta agroalimentaria de proximidad de la provincia de Sevilla.",Consultar web o venta directa,954 96 30 29,obradorvalledelaosa@hotmail.com,https://instabio.cc/Obradorvalledelaosa,https://www.facebook.com/valledelaosaobrador/,https://www.instagram.com/cafeteriavalledelaosa/,https://www.google.com/maps/search/?api=1&query=Obrador%20Valle%20de%20la%20Osa%2C%20P.%C2%BA%20de%20la%20Alameda%2C%2038%2C%20A%2C%2041450%20Constantina%2C%20Sevilla&query_place_id=ChIJ15q85qQDEw0RICwmd_nwJ54,37.8782091,-5.621891799999999,,pendiente
el-capellan-productos-el-capellan-constantina,El Capellán Productos El Capellán,Constantina,Charcutería,"Embutidos, jamones, carnes de la Sierra Norte","C. Alamos, 18, 41450 Constantina, Sevilla","El Capellán Productos El Capellán es un productor local de Constantina especializado en embutidos, jamones, carnes de la sierra norte, integrado en la oferta agroalimentaria de proximidad de la provincia de Sevilla.",Consultar web o venta directa,955 88 08 10,info@embutidoscapellan.com,https://embutidoscapellan.com,,https://www.instagram.com/productoselcapellan/,https://www.google.com/maps/search/?api=1&query=El%20Capell%C3%A1n%20Productos%20El%20Capell%C3%A1n%2C%20C.%20Alamos%2C%2018%2C%2041450%20Constantina%2C%20Sevilla&query_place_id=ChIJP1JzLEQCEw0RunmrbBnES_Q,37.8737982,-5.6192302,,pendiente
arroces-y-salsas-dona-elena-dona-elena-alimentaria-coria-del-rio,Arroces y Salsas Doña Elena Doña Elena Alimentaria,Coria del Río,Conservas vegetales,"Conservas vegetales, salsas, tomate y elaborados de huerta","C/ Electricista nº 15, 41100 Coria del Río, Sevilla","Arroces y Salsas Doña Elena Doña Elena Alimentaria es un productor local de Coria del Río especializado en conservas vegetales, salsas, tomate y elaborados de huerta, integrado en la oferta agroalimentaria de proximidad de la provincia de Sevilla.",Consultar web o venta directa,,info@salsasdonaelena.com,https://salsasdonaelena.com,,,https://www.google.com/maps/search/?api=1&query=Arroces%20y%20Salsas%20Do%C3%B1a%20Elena%20Do%C3%B1a%20Elena%20Alimentaria%2C%20C%2F%20Electricista%20n%C2%BA%2015%2C%2041100%20Coria%20del%20R%C3%ADo%2C%20Sevilla&query_place_id=ChIJW7cEKvxzEg0R5qn-yPxnvxo,37.2965968,-6.0571191,,pendiente
angel-lopez-sanz-gisur-coripe,Ángel López Sanz Gisur,Coripe,Charcutería,"Embutidos, jamones, carnes de la Sierra Norte","C. las Onzas, 42, 41780 Coripe, Sevilla","Ángel López Sanz Gisur es un productor local de Coripe especializado en embutidos, jamones, carnes de la sierra norte, integrado en la oferta agroalimentaria de proximidad de la provincia de Sevilla.",Consultar web o venta directa,722 16 42 19,info@gisur.es,https://gisur.es,,,https://www.google.com/maps/search/?api=1&query=%C3%81ngel%20L%C3%B3pez%20Sanz%20Gisur%2C%20C.%20las%20Onzas%2C%2042%2C%2041780%20Coripe%2C%20Sevilla&query_place_id=ChIJcRuVOvRpDQ0R_wUS8XKF-uQ,36.9722901,-5.441070499999999,,pendiente
panceliac-horno-virgen-de-los-reyes-dos-hermanas,Panceliac Horno Virgen de los Reyes,Dos Hermanas,Pan y pastelería,"Pan, picos, regañás, dulces y repostería","C/ Etesio & Tramontana Street, 12, 41700 Dos Hermanas, Sevilla","Panceliac Horno Virgen de los Reyes es un productor local de Dos Hermanas especializado en pan, picos, regañás, dulces y repostería, integrado en la oferta agroalimentaria de proximidad de la provincia de Sevilla.",Consultar web o venta directa,955 66 93 95,cristina@recienhecho.com,https://recienhecho.com,,,https://www.google.com/maps/search/?api=1&query=Panceliac%20Horno%20Virgen%20de%20los%20Reyes%2C%20C%2F%20Etesio%20%26%20Tramontana%20Street%2C%2012%2C%2041700%20Dos%20Hermanas%2C%20Sevilla&query_place_id=ChIJDQnh5exwEg0RPnwTWuW6gts,37.2638015,-5.9216494,,pendiente
picole-artesanos-miguel-angel-aguado-sanchez-dos-hermanas,Picolé Artesanos Miguel Ángel Aguado Sánchez,Dos Hermanas,Pan y pastelería,"Pan, picos, regañás, dulces y repostería","Av. de Adolfo Suárez, 32, 41704 Dos Hermanas, Sevilla","Picolé Artesanos Miguel Ángel Aguado Sánchez es un productor local de Dos Hermanas especializado en pan, picos, regañás, dulces y repostería, integrado en la oferta agroalimentaria de proximidad de la provincia de Sevilla.",Consultar web o venta directa,696 15 05 36,info@picole.es,https://picole.es,,,https://www.google.com/maps/search/?api=1&query=Picol%C3%A9%20Artesanos%20Miguel%20%C3%81ngel%20Aguado%20S%C3%A1nchez%2C%20Av.%20de%20Adolfo%20Su%C3%A1rez%2C%2032%2C%2041704%20Dos%20Hermanas%2C%20Sevilla&query_place_id=ChIJ-3c3xElwEg0R3JG-oXWUzvo,37.2977193,-5.933413499999999,,pendiente
apilore-ecija,Apilore,Écija,Miel y mermeladas,"Miel, mermeladas, productos apícolas","Pol. Quinta de Machado s/n (Ctra. Nacional IV - Km. 451), 41400 Écija, Sevilla","Apilore es un productor local de Écija especializado en miel, mermeladas, productos apícolas, integrado en la oferta agroalimentaria de proximidad de la provincia de Sevilla.",Consultar web o venta directa,655 58 45 02,info@apilore.com,https://apilore.com,,,https://www.google.com/maps/search/?api=1&query=Apilore%2C%20Pol.%20Quinta%20de%20Machado%20s%2Fn%20(Ctra.%20Nacional%20IV%20-%20Km.%20451)%2C%2041400%20%C3%89cija%2C%20Sevilla&query_place_id=ChIJm7_qkUU1bQ0RyaxgGxloAu0,37.545218,-5.048732999999999,,pendiente
ibericos-la-union-1890-union-chacinera-ecija,Ibéricos La Unión 1890 Unión Chacinera,Écija,Charcutería,"Embutidos, jamones, carnes de la Sierra Norte","Ctra. Écija, 41400 Marchena, Sevilla","Ibéricos La Unión 1890 Unión Chacinera es un productor local de Écija especializado en embutidos, jamones, carnes de la sierra norte, integrado en la oferta agroalimentaria de proximidad de la provincia de Sevilla.",Consultar web o venta directa,647 53 93 35,info@jamoneslaunion.com,https://jamoneslaunion.com,https://www.facebook.com/Jamones-Ib%C3%A9ricos-La-Uni%C3%B3n-1890-179418915438337/,https://www.instagram.com/jamones_la_union_de_jabugo/,https://www.google.com/maps/search/?api=1&query=Ib%C3%A9ricos%20La%20Uni%C3%B3n%201890%20Uni%C3%B3n%20Chacinera%2C%20Ctra.%20%C3%89cija%2C%2041400%20Marchena%2C%20Sevilla&query_place_id=ChIJkY3XLIG1Eg0RH67AZFVEZeI,37.5246338,-5.10568,,pendiente
1948-oleum-aove-eco-premium-maria-miro-arias-ecija,1948 Oleum Aove Eco Premium María Miró Arias,Écija,Aceite,"Aceite de oliva virgen extra, olivar sevillano, AOVE","Plazuela de Puerta Osuna, 15, 41400 Écija, Sevilla","1948 Oleum Aove Eco Premium María Miró Arias es un productor local de Écija especializado en aceite de oliva virgen extra, olivar sevillano, aove, integrado en la oferta agroalimentaria de proximidad de la provincia de Sevilla.",Consultar web o venta directa,651 52 23 83,mariamiro@1948oleum.es,https://1948oleum.es,https://www.facebook.com/1948oleum/,https://www.instagram.com/1948oleumaceiteolivaecologico/,https://www.google.com/maps/search/?api=1&query=1948%20Oleum%20Aove%20Eco%20Premium%20Mar%C3%ADa%20Mir%C3%B3%20Arias%2C%20Plazuela%20de%20Puerta%20Osuna%2C%2015%2C%2041400%20%C3%89cija%2C%20Sevilla&query_place_id=ChIJbdrZv5W6Eg0Rc4Bojow9wu4,37.5381798,-5.0800953,,pendiente
molino-del-genil-ecija,Molino del Genil,Écija,Aceite,"Aceite de oliva virgen extra, olivar sevillano, AOVE","Palma del Río - Écija, A-453, Km 18, 700, 41400, Sevilla","Molino del Genil es un productor local de Écija especializado en aceite de oliva virgen extra, olivar sevillano, aove, integrado en la oferta agroalimentaria de proximidad de la provincia de Sevilla.",Consultar web o venta directa,955 13 44 81,mariadelmar@molinodelgenil.com,https://molinodelgenil.com,,,https://www.google.com/maps/search/?api=1&query=Molino%20del%20Genil%2C%20Palma%20del%20R%C3%ADo%20-%20%C3%89cija%2C%20A-453%2C%20Km%2018%2C%20700%2C%2041400%2C%20Sevilla&query_place_id=ChIJQzpUV8TKEg0R-4WDqcHaSjs,37.6299949,-5.132943099999999,,pendiente
san-martin-de-porres-ecija,San Martín de Porres,Écija,Pan y pastelería,"Pan, picos, regañás, dulces y repostería","67, Parque Industrial La Campiña, 41400 Écija, Sevilla","San Martín de Porres es un productor local de Écija especializado en pan, picos, regañás, dulces y repostería, integrado en la oferta agroalimentaria de proximidad de la provincia de Sevilla.",Consultar web o venta directa,954 83 05 96,info@smporres.com,https://smporres.com,https://www.facebook.com/smporressl/,https://www.instagram.com/reposteriasmporres/,https://www.google.com/maps/search/?api=1&query=San%20Mart%C3%ADn%20de%20Porres%2C%2067%2C%20Parque%20Industrial%20La%20Campi%C3%B1a%2C%2041400%20%C3%89cija%2C%20Sevilla&query_place_id=ChIJ4ZdVQHPKEg0Rj8rbV2pEA8s,37.5343038,-5.1209394,,pendiente
el-obrador-de-chelin-antonio-j-salinas-moreno-el-castillo-de-las-guardas,El Obrador de Chelín Antonio J. Salinas Moreno,El Castillo de las Guardas,Pan y pastelería,"Pan, picos, regañás, dulces y repostería","C. Roman Garcia, 7, 41890 El Castillo de las Guardas, Sevilla","El Obrador de Chelín Antonio J. Salinas Moreno es un productor local de El Castillo de las Guardas especializado en pan, picos, regañás, dulces y repostería, integrado en la oferta agroalimentaria de proximidad de la provincia de Sevilla.",Consultar web o venta directa,615 61 35 72,elobradordechelin@gmail.com,,,,https://www.google.com/maps/search/?api=1&query=El%20Obrador%20de%20Chel%C3%ADn%20Antonio%20J.%20Salinas%20Moreno%2C%20C.%20Roman%20Garcia%2C%207%2C%2041890%20El%20Castillo%20de%20las%20Guardas%2C%20Sevilla&query_place_id=ChIJSQfVpVcvEg0R4IsB8q94tzs,37.6913399,-6.31562,,pendiente
sierra-del-castillo-el-castillo-de-las-guardas,Sierra del Castillo,El Castillo de las Guardas,Miel y mermeladas,"Miel, mermeladas, productos apícolas","41890 El Castillo de las Guardas, Sevilla","Sierra del Castillo es un productor local de El Castillo de las Guardas especializado en miel, mermeladas, productos apícolas, integrado en la oferta agroalimentaria de proximidad de la provincia de Sevilla.",Consultar web o venta directa,,apianferlo@gmail.com,,,,https://www.google.com/maps/search/?api=1&query=Sierra%20del%20Castillo%2C%2041890%20El%20Castillo%20de%20las%20Guardas%2C%20Sevilla&query_place_id=ChIJx0I09kgvEg0R4t4KHiX0mwA,37.6937871,-6.3135628,,pendiente
la-tahona-de-luis-luis-eduardo-bejarano-sanchez-el-pedroso,La Tahona de Luis Luis Eduardo Bejarano Sánchez,El Pedroso,Pan y pastelería,"Pan, picos, regañás, dulces y repostería","C. Poligono Industrial, Sierra Norte, 41360 El Pedroso, Sevilla","La Tahona de Luis Luis Eduardo Bejarano Sánchez es un productor local de El Pedroso especializado en pan, picos, regañás, dulces y repostería, integrado en la oferta agroalimentaria de proximidad de la provincia de Sevilla.",Consultar web o venta directa,609 72 17 48,luiseduardo_besa@hotmail.com,http://panaderialatahona.jimdo.es/,,,https://www.google.com/maps/search/?api=1&query=La%20Tahona%20de%20Luis%20Luis%20Eduardo%20Bejarano%20S%C3%A1nchez%2C%20C.%20Poligono%20Industrial%2C%20Sierra%20Norte%2C%2041360%20El%20Pedroso%2C%20Sevilla&query_place_id=ChIJMYxghdVVEg0Rw7RajfRlOw8,37.83633630000001,-5.7648572,,pendiente
nortecaza-el-pedroso,Nortecaza,El Pedroso,Charcutería,"Embutidos, jamones, carnes de la Sierra Norte","A-432, 60, 41360 El Pedroso, Sevilla","Nortecaza es un productor local de El Pedroso especializado en embutidos, jamones, carnes de la sierra norte, integrado en la oferta agroalimentaria de proximidad de la provincia de Sevilla.",Consultar web o venta directa,615 51 17 97,nortecazasl@gmail.com,,,,https://www.google.com/maps/search/?api=1&query=Nortecaza%2C%20A-432%2C%2060%2C%2041360%20El%20Pedroso%2C%20Sevilla&query_place_id=ChIJ-y3OmyxVEg0RfVqxMBPilfw,37.8359534,-5.7664272,,pendiente
anda-la-oveja-agroeco-san-miguel-el-real-de-la-jara,Anda la Oveja Agroeco San Miguel,El Real de la Jara,Lácteos y quesos,"Quesos artesanos, lácteos, leche de cabra u oveja","Cam. del Batrocal, s/n, 41250 El Real de la Jara, Sevilla","Anda la Oveja Agroeco San Miguel es un productor local de El Real de la Jara especializado en quesos artesanos, lácteos, leche de cabra u oveja, integrado en la oferta agroalimentaria de proximidad de la provincia de Sevilla.",Consultar web o venta directa,,finca@andalaoveja.es,https://andalaoveja.es,,,https://www.google.com/maps/search/?api=1&query=Anda%20la%20Oveja%20Agroeco%20San%20Miguel%2C%20Cam.%20del%20Batrocal%2C%20s%2Fn%2C%2041250%20El%20Real%20de%20la%20Jara%2C%20Sevilla&query_place_id=ChIJQ-S5dc_OEw0RdNuU6HghdTY,37.9310171,-6.1622097,,pendiente
quesos-aguilar-fabrica-aguilar-coronado-el-real-de-la-jara,Quesos Aguilar Fábrica Aguilar Coronado,El Real de la Jara,Lácteos y quesos,"Quesos artesanos, lácteos, leche de cabra u oveja","Av. La Encina, 10, 41250 El Real de la Jara, Sevilla","Quesos Aguilar Fábrica Aguilar Coronado es un productor local de El Real de la Jara especializado en quesos artesanos, lácteos, leche de cabra u oveja, integrado en la oferta agroalimentaria de proximidad de la provincia de Sevilla.",Consultar web o venta directa,605 67 59 86,quesosdelreal@gmail.com,https://quesosaguilar.com/,,,https://www.google.com/maps/search/?api=1&query=Quesos%20Aguilar%20F%C3%A1brica%20Aguilar%20Coronado%2C%20Av.%20La%20Encina%2C%2010%2C%2041250%20El%20Real%20de%20la%20Jara%2C%20Sevilla&query_place_id=ChIJ0ZNveSrPEw0RFZd7e3Vq6ng,37.9449617,-6.1558055,,pendiente
antojo-del-sur-agroganadera-perez-racero-el-saucejo,Antojo del Sur Agroganadera Pérez Racero,El Saucejo,Aceite,"Aceite de oliva virgen extra, olivar sevillano, AOVE","41650 El Saucejo, Sevilla","Antojo del Sur Agroganadera Pérez Racero es un productor local de El Saucejo especializado en aceite de oliva virgen extra, olivar sevillano, aove, integrado en la oferta agroalimentaria de proximidad de la provincia de Sevilla.",Consultar web o venta directa,649 98 23 86,juanpr@antojodelsur.com,https://antojodelsur.com,https://www.facebook.com/aceiteantojodelsur/,,https://www.google.com/maps/search/?api=1&query=Antojo%20del%20Sur%20Agroganadera%20P%C3%A9rez%20Racero%2C%2041650%20El%20Saucejo%2C%20Sevilla&query_place_id=ChIJ85nQgW9TDQ0Rag-orbaQFiQ,37.091762,-5.088528999999999,,pendiente
quesos-la-saucedilla-explotaciones-ganadera-la-saucedilla-el-saucejo,Quesos La Saucedilla Explotaciones Ganadera La Saucedilla,El Saucejo,Lácteos y quesos,"Quesos artesanos, lácteos, leche de cabra u oveja","C. Lechin, 9, 41650 El Saucejo, Sevilla","Quesos La Saucedilla Explotaciones Ganadera La Saucedilla es un productor local de El Saucejo especializado en quesos artesanos, lácteos, leche de cabra u oveja, integrado en la oferta agroalimentaria de proximidad de la provincia de Sevilla.",Consultar web o venta directa,649 75 29 01,quesoslasaucedilla@gmail.com,http://www.quesoslasaucedilla.com/,,,https://www.google.com/maps/search/?api=1&query=Quesos%20La%20Saucedilla%20Explotaciones%20Ganadera%20La%20Saucedilla%2C%20C.%20Lechin%2C%209%2C%2041650%20El%20Saucejo%2C%20Sevilla&query_place_id=ChIJa8Q0CwVTDQ0RMo7bg5AoZSY,37.06995,-5.088649999999999,,pendiente
basilippo-oleomorillo-el-viso-del-alcor,Basilippo Oleomorillo,El Viso del Alcor,Aceite,"Aceite de oliva virgen extra, olivar sevillano, AOVE","Ctra- Viso, Ctra. Tocina, km 2, 41520 El Viso del Alcor, Sevilla","Basilippo Oleomorillo es un productor local de El Viso del Alcor especializado en aceite de oliva virgen extra, olivar sevillano, aove, integrado en la oferta agroalimentaria de proximidad de la provincia de Sevilla.",Consultar web o venta directa,955 74 06 95,info@basilippo.com,https://basilippo.com,https://www.facebook.com/basilippovirgenextra/,https://www.instagram.com/basilippo/,https://www.google.com/maps/search/?api=1&query=Basilippo%20Oleomorillo%2C%20Ctra-%20Viso%2C%20Ctra.%20Tocina%2C%20km%202%2C%2041520%20El%20Viso%20del%20Alcor%2C%20Sevilla&query_place_id=ChIJXen8NtqJEg0Rqzx7ZIBcXk4,37.402974,-5.7355152,,pendiente
andalusi-destilerias-andalusi-beverages-el-viso-del-alcor,Andalusí Destilerías Andalusi Beverages,El Viso del Alcor,Bodega,"Anís, ginebra, vermut, licores y destilados","PARQUE LOGISTICO DE CARMONA, CALLE MERCURIO, 5, MODULO B, 41410 Carmona, Sevilla","Andalusí Destilerías Andalusi Beverages es un productor local de El Viso del Alcor especializado en anís, ginebra, vermut, licores y destilados, integrado en la oferta agroalimentaria de proximidad de la provincia de Sevilla.",Consultar web o venta directa,955 27 88 83,info@beremot.com,https://beremot.com,https://www.facebook.com/beremotvodka/,https://www.instagram.com/beremotvodka/,https://www.google.com/maps/search/?api=1&query=Andalus%C3%AD%20Destiler%C3%ADas%20Andalusi%20Beverages%2C%20PARQUE%20LOGISTICO%20DE%20CARMONA%2C%20CALLE%20MERCURIO%2C%205%2C%20MODULO%20B%2C%2041410%20Carmona%2C%20Sevilla&query_place_id=ChIJtbtXzu2JEg0R40VwJiB054A,37.4417196,-5.781571599999999,,pendiente
dietaecologica-com-bioalcores-el-viso-del-alcor,Dietaecologica.com Bioalcores,El Viso del Alcor,Fruta y verdura,"Producción agrícola, verduras, frutas y transformados vegetales","Huerta Cesáreo. Vereda de Alcaudete s/n., 41520 Viso del Alcor (El), Sevilla","Dietaecologica.com Bioalcores es un productor local de El Viso del Alcor especializado en producción agrícola, verduras, frutas y transformados vegetales, integrado en la oferta agroalimentaria de proximidad de la provincia de Sevilla.",Consultar web o venta directa,687 56 39 79,ventas@dietaecologica.com,https://Dietaecologica.com,,,https://www.google.com/maps/search/?api=1&query=Dietaecologica.com%20Bioalcores%2C%20Huerta%20Ces%C3%A1reo.%20Vereda%20de%20Alcaudete%20s%2Fn.%2C%2041520%20Viso%20del%20Alcor%20(El)%2C%20Sevilla&query_place_id=ChIJuV7xa9eJEg0RszShEebhqu8,37.4165914,-5.711631,,pendiente
campo-alcor-diego-pavon-palacios-el-viso-del-alcor,Campo Alcor Diego Pavón Palacios,El Viso del Alcor,Huevos,"Huevos camperos, producción avícola, productos de granja","41520 El Viso del Alcor, Sevilla","Campo Alcor Diego Pavón Palacios es un productor local de El Viso del Alcor especializado en huevos camperos, producción avícola, productos de granja, integrado en la oferta agroalimentaria de proximidad de la provincia de Sevilla.",Consultar web o venta directa,615 54 09 54,campoalcor@hotmail.com,https://huevosecologicos.net/,,,https://www.google.com/maps/search/?api=1&query=Campo%20Alcor%20Diego%20Pav%C3%B3n%20Palacios%2C%2041520%20El%20Viso%20del%20Alcor%2C%20Sevilla&query_place_id=ChIJecWt-e9hEg0Rq_p-jy4Y3Pc,37.4182001,-5.741511900000001,,pendiente
talafoods-transformados-agricolas-los-alcores-el-viso-del-alcor,Talafoods Transformados Agrícolas Los Alcores,El Viso del Alcor,Fruta y verdura,"Producción agrícola, verduras, frutas y transformados vegetales","Ctra. Tocina, Km 2, 41520 El Viso del Alcor, Sevilla","Talafoods Transformados Agrícolas Los Alcores es un productor local de El Viso del Alcor especializado en producción agrícola, verduras, frutas y transformados vegetales, integrado en la oferta agroalimentaria de proximidad de la provincia de Sevilla.",Consultar web o venta directa,955 74 38 00,talafoods@talafoods.com,https://talafoods.com,,,https://www.google.com/maps/search/?api=1&query=Talafoods%20Transformados%20Agr%C3%ADcolas%20Los%20Alcores%2C%20Ctra.%20Tocina%2C%20Km%202%2C%2041520%20El%20Viso%20del%20Alcor%2C%20Sevilla&query_place_id=ChIJ-fe_ed2JEg0R-i-B9zp8HH8,37.4011877,-5.7312264,,pendiente
pepelnary-espartinas,Pepelnary,Espartinas,Pan y pastelería,"Pan, picos, regañás, dulces y repostería","Av. Alcaldesa María Regla Jiménez, 41, 41807 Espartinas, Sevilla","Pepelnary es un productor local de Espartinas especializado en pan, picos, regañás, dulces y repostería, integrado en la oferta agroalimentaria de proximidad de la provincia de Sevilla.",Consultar web o venta directa,954 32 92 90,pepelnary@pepelnary.com,https://pepelnary.com,https://www.facebook.com/pepelnary/,https://www.instagram.com/pepelnary/,https://www.google.com/maps/search/?api=1&query=Pepelnary%2C%20Av.%20Alcaldesa%20Mar%C3%ADa%20Regla%20Jim%C3%A9nez%2C%2041%2C%2041807%20Espartinas%2C%20Sevilla&query_place_id=ChIJjykZ5ZITEg0RDb9D0iVx34g,37.38212499999999,-6.1296284,,pendiente
tortas-andres-gavino-ruiz-torreno-espartinas,Tortas Andrés Gaviño Ruiz Torreño,Espartinas,Pan y pastelería,"Pan, picos, regañás, dulces y repostería","Calle Dr. Andres Gaviño, 2, 41807 Espartinas, Sevilla","Tortas Andrés Gaviño Ruiz Torreño es un productor local de Espartinas especializado en pan, picos, regañás, dulces y repostería, integrado en la oferta agroalimentaria de proximidad de la provincia de Sevilla.",Consultar web o venta directa,955 95 02 84,administracion@tortasaceite.es,https://tortasaceite.es,https://www.facebook.com/tortasdeaceite/,https://www.instagram.com/tortasandresgavino/,https://www.google.com/maps/search/?api=1&query=Tortas%20Andr%C3%A9s%20Gavi%C3%B1o%20Ruiz%20Torre%C3%B1o%2C%20Calle%20Dr.%20Andres%20Gavi%C3%B1o%2C%202%2C%2041807%20Espartinas%2C%20Sevilla&query_place_id=ChIJccaugIwTEg0R4pOSVNmJLJ0,37.38575,-6.12667,,pendiente
welldone-lacticos-rodolfo-del-rio-lameyer-espartinas,Welldone Lácticos Rodolfo del Río Lameyer,Espartinas,Lácteos y quesos,"Quesos artesanos, lácteos, leche de cabra u oveja","C. Camilo José Cela, 2, 41807 Espartinas, Sevilla","Welldone Lácticos Rodolfo del Río Lameyer es un productor local de Espartinas especializado en quesos artesanos, lácteos, leche de cabra u oveja, integrado en la oferta agroalimentaria de proximidad de la provincia de Sevilla.",Consultar web o venta directa,655 13 10 74,welldone_quesos@yahoo.com,https://yahoo.com,,,https://www.google.com/maps/search/?api=1&query=Welldone%20L%C3%A1cticos%20Rodolfo%20del%20R%C3%ADo%20Lameyer%2C%20C.%20Camilo%20Jos%C3%A9%20Cela%2C%202%2C%2041807%20Espartinas%2C%20Sevilla&query_place_id=ChIJyX5LvkcTEg0RYhXXe_jkTH4,37.3873609,-6.097084,,pendiente
antiguo-obrador-san-joaquin-panaderia-los-manolos-manuel-fernandez-arteaga-estepa,"Antiguo obrador San Joaquín - Panadería ""Los Manolos"" Manuel Fernández Arteaga",Estepa,Pan y pastelería,"Pan, picos, regañás, dulces y repostería","Av. de Andalucía, 127, 41560 Estepa, Sevilla","Antiguo obrador San Joaquín - Panadería ""Los Manolos"" Manuel Fernández Arteaga es un productor local de Estepa especializado en pan, picos, regañás, dulces y repostería, integrado en la oferta agroalimentaria de proximidad de la provincia de Sevilla.",Consultar web o venta directa,,obradorsanjoaquin1956@gmail.com,,,,https://www.google.com/maps/search/?api=1&query=Antiguo%20obrador%20San%20Joaqu%C3%ADn%20-%20Panader%C3%ADa%20%22Los%20Manolos%22%20Manuel%20Fern%C3%A1ndez%20Arteaga%2C%20Av.%20de%20Andaluc%C3%ADa%2C%20127%2C%2041560%20Estepa%2C%20Sevilla&query_place_id=ChIJ0dDC2TVbbQ0RazE8az1YOtE,37.2953042,-4.87976,,pendiente
confiteria-julia-avalos-julia-maria-avalos-carmona-estepa,Confitería Julia Ávalos Julia María Ávalos Carmona,Estepa,Pan y pastelería,"Mantecados, polvorones, dulces y repostería","C. Almendra, Nº 11, 41560 Estepa, Sevilla","Confitería Julia Ávalos Julia María Ávalos Carmona es un productor local de Estepa especializado en mantecados, polvorones, dulces y repostería, integrado en la oferta agroalimentaria de proximidad de la provincia de Sevilla.",Consultar web o venta directa,662 28 14 97,confiteriajuliaavalos@gmail.com,,,,https://www.google.com/maps/search/?api=1&query=Confiter%C3%ADa%20Julia%20%C3%81valos%20Julia%20Mar%C3%ADa%20%C3%81valos%20Carmona%2C%20C.%20Almendra%2C%20N%C2%BA%2011%2C%2041560%20Estepa%2C%20Sevilla&query_place_id=ChIJqzk5ox9bbQ0REk2eyhQas6M,37.2993925,-4.8756259,,pendiente
convento-de-santa-clara-de-jesus-estepa-clarisas-convento-de-santa-clara-en-estepa-estepa,Convento de Santa Clara de Jesús-Estepa Clarisas Convento de Santa Clara en Estepa,Estepa,Pan y pastelería,"Mantecados, polvorones, dulces y repostería","Convento de Santa Clara, 41560 Estepa, Sevilla","Convento de Santa Clara de Jesús-Estepa Clarisas Convento de Santa Clara en Estepa es un productor local de Estepa especializado en mantecados, polvorones, dulces y repostería, integrado en la oferta agroalimentaria de proximidad de la provincia de Sevilla.",Consultar web o venta directa,955 91 32 20,santaclaraestepa@gmail.com,https://www.santaclaraestepa.com/,,,https://www.google.com/maps/search/?api=1&query=Convento%20de%20Santa%20Clara%20de%20Jes%C3%BAs-Estepa%20Clarisas%20Convento%20de%20Santa%20Clara%20en%20Estepa%2C%20Convento%20de%20Santa%20Clara%2C%2041560%20Estepa%2C%20Sevilla&query_place_id=ChIJF7HeuLZbbQ0RIwXu97wNso4,37.2884975,-4.8754841,,pendiente
e-moreno-somos-los-artesanitos-e-moreno-estepa,E. Moreno Somos Los Artesanitos E. Moreno,Estepa,Pan y pastelería,"Pan, picos, regañás, dulces y repostería","Av. Badía Polesine, 26, 41560 Estepa, Sevilla","E. Moreno Somos Los Artesanitos E. Moreno es un productor local de Estepa especializado en pan, picos, regañás, dulces y repostería, integrado en la oferta agroalimentaria de proximidad de la provincia de Sevilla.",Consultar web o venta directa,955 91 26 96,emoreno@emoreno.com,https://emoreno.com,https://www.facebook.com/artesanitos/,https://www.instagram.com/mantecadosmoreno/,https://www.google.com/maps/search/?api=1&query=E.%20Moreno%20Somos%20Los%20Artesanitos%20E.%20Moreno%2C%20Av.%20Bad%C3%ADa%20Polesine%2C%2026%2C%2041560%20Estepa%2C%20Sevilla&query_place_id=ChIJHxQLyxpabQ0Rtgd4L2q2yB0,37.2994175,-4.8825425,,pendiente
el-bodegon-estepa,El Bodegón,Estepa,Bodega,"Vinos de Sevilla, mosto, licores y enoturismo","C. Écija, 19, 41560 Estepa, Sevilla","El Bodegón es un productor local de Estepa especializado en vinos de sevilla, mosto, licores y enoturismo, integrado en la oferta agroalimentaria de proximidad de la provincia de Sevilla.",Consultar web o venta directa,954 82 01 95,info@elbodegondeestepa.com,https://elbodegondeestepa.com,,,https://www.google.com/maps/search/?api=1&query=El%20Bodeg%C3%B3n%2C%20C.%20%C3%89cija%2C%2019%2C%2041560%20Estepa%2C%20Sevilla&query_place_id=ChIJ0UMHixBabQ0RL1L7nvA98ks,37.2940043,-4.8803715,,pendiente
el-mesias-estepa,El Mesias,Estepa,Pan y pastelería,"Pan, picos, regañás, dulces y repostería","Av. de Andalucía, 24, 41560 Estepa, Sevilla","El Mesias es un productor local de Estepa especializado en pan, picos, regañás, dulces y repostería, integrado en la oferta agroalimentaria de proximidad de la provincia de Sevilla.",Consultar web o venta directa,955 91 28 18,elmesias@elmesias.es,https://elmesias.es,,,https://www.google.com/maps/search/?api=1&query=El%20Mesias%2C%20Av.%20de%20Andaluc%C3%ADa%2C%2024%2C%2041560%20Estepa%2C%20Sevilla&query_place_id=ChIJGx6aMwVabQ0RjlyIMo3Cgtw,37.2911849,-4.8837893,,pendiente
helados-estepa-obrador-helados-estepa-estepa,Helados Estepa Obrador Helados Estepa,Estepa,Helados,"Helados artesanos, sorbetes, postres fríos","C. Anisados, 7, 41560 Estepa, Sevilla","Helados Estepa Obrador Helados Estepa es un productor local de Estepa especializado en helados artesanos, sorbetes, postres fríos, integrado en la oferta agroalimentaria de proximidad de la provincia de Sevilla.",Consultar web o venta directa,854 80 53 10,comunicacion@heladosestepa.com,https://heladosestepa.com,,,https://www.google.com/maps/search/?api=1&query=Helados%20Estepa%20Obrador%20Helados%20Estepa%2C%20C.%20Anisados%2C%207%2C%2041560%20Estepa%2C%20Sevilla&query_place_id=ChIJ-UWhgRNabQ0RrM0jdU3TnNw,37.3009874,-4.8782223,,pendiente
la-colmena-de-teo-estepa,La Colmena de Teo,Estepa,Miel y mermeladas,"Miel, mermeladas, productos apícolas","Plaza Miguel Hernandez n°10, 41560 Estepa, Sevilla","La Colmena de Teo es un productor local de Estepa especializado en miel, mermeladas, productos apícolas, integrado en la oferta agroalimentaria de proximidad de la provincia de Sevilla.",Consultar web o venta directa,655 77 40 44,hola@lacolmenadeteo.com,https://lacolmenadeteo.com,https://www.facebook.com/lacolmenadeteo/,https://www.instagram.com/lacolmenadeteo/,https://www.google.com/maps/search/?api=1&query=La%20Colmena%20de%20Teo%2C%20Plaza%20Miguel%20Hernandez%20n%C2%B010%2C%2041560%20Estepa%2C%20Sevilla&query_place_id=ChIJdZeMsBpabQ0RF7yEpIZTO1w,37.2921948,-4.883011499999999,,pendiente
la-despensa-de-palacio-confiteria-familia-rivero-fernandez-estepa,La Despensa de Palacio Confiteria Familia Rivero Fernández,Estepa,Pan y pastelería,"Mantecados, polvorones, dulces y repostería","Polígono Industrial, C. Alfajor, 14, 41560 Estepa, Sevilla","La Despensa de Palacio Confiteria Familia Rivero Fernández es un productor local de Estepa especializado en mantecados, polvorones, dulces y repostería, integrado en la oferta agroalimentaria de proximidad de la provincia de Sevilla.",Consultar web o venta directa,955 91 45 25,info@ladespensadepalacio.com,https://ladespensadepalacio.com,https://www.facebook.com/LaDespensaDePalacio/,https://www.instagram.com/ladespensadepalacio/,https://www.google.com/maps/search/?api=1&query=La%20Despensa%20de%20Palacio%20Confiteria%20Familia%20Rivero%20Fern%C3%A1ndez%2C%20Pol%C3%ADgono%20Industrial%2C%20C.%20Alfajor%2C%2014%2C%2041560%20Estepa%2C%20Sevilla&query_place_id=ChIJb127EhRabQ0R68neDsD_Xxo,37.2997842,-4.877302999999999,,pendiente
la-flor-de-estepa-estepa,La Flor de Estepa,Estepa,Pan y pastelería,"Mantecados, polvorones, dulces y repostería","Av. de Andalucía, 170, 41560 Estepa, Sevilla","La Flor de Estepa es un productor local de Estepa especializado en mantecados, polvorones, dulces y repostería, integrado en la oferta agroalimentaria de proximidad de la provincia de Sevilla.",Consultar web o venta directa,955 91 32 18,info@laflordeestepa.com,https://laflordeestepa.com,,,https://www.google.com/maps/search/?api=1&query=La%20Flor%20de%20Estepa%2C%20Av.%20de%20Andaluc%C3%ADa%2C%20170%2C%2041560%20Estepa%2C%20Sevilla&query_place_id=ChIJh9BICRhabQ0RaMIMzvO_VFw,37.292392,-4.8730831,,pendiente
la-fortaleza-fortadul-estepa,La Fortaleza Fortadul,Estepa,Pan y pastelería,"Pan, picos, regañás, dulces y repostería","Polígono Industrial, Av. de la Canela, 38, 41560 Estepa, Sevilla","La Fortaleza Fortadul es un productor local de Estepa especializado en pan, picos, regañás, dulces y repostería, integrado en la oferta agroalimentaria de proximidad de la provincia de Sevilla.",Consultar web o venta directa,955 91 57 37,mariajesus@lafortaleza.net,https://lafortaleza.net,https://www.facebook.com/polvoroneslafortaleza/,https://www.instagram.com/la_fortaleza_estepa/,https://www.google.com/maps/search/?api=1&query=La%20Fortaleza%20Fortadul%2C%20Pol%C3%ADgono%20Industrial%2C%20Av.%20de%20la%20Canela%2C%2038%2C%2041560%20Estepa%2C%20Sevilla&query_place_id=ChIJz3bHQxJabQ0R30lC_E7NnuM,37.300292,-4.8815775,,pendiente
la-ponderosa-estepa,La Ponderosa,Estepa,Pan y pastelería,"Pan, picos, regañás, dulces y repostería","Av. de Andalucía, 227, 41560 Estepa, Sevilla","La Ponderosa es un productor local de Estepa especializado en pan, picos, regañás, dulces y repostería, integrado en la oferta agroalimentaria de proximidad de la provincia de Sevilla.",Consultar web o venta directa,955 91 27 20,info@dulces-laponderosa.com,https://dulces-laponderosa.com,https://www.facebook.com/DulcesLaPonderosaSL/,https://www.instagram.com/dulces_la_ponderosa/,https://www.google.com/maps/search/?api=1&query=La%20Ponderosa%2C%20Av.%20de%20Andaluc%C3%ADa%2C%20227%2C%2041560%20Estepa%2C%20Sevilla&query_place_id=ChIJz5F49RdabQ0RlVJ3_HieoNc,37.2907266,-4.8702019,,pendiente
mantecados-el-dulce-nombre-rafael-arias-arias-estepa,Mantecados El Dulce Nombre Rafael Arias Arias,Estepa,Pan y pastelería,"Mantecados, polvorones, dulces y repostería","C. Corrientes, 12, 41560 Estepa, Sevilla","Mantecados El Dulce Nombre Rafael Arias Arias es un productor local de Estepa especializado en mantecados, polvorones, dulces y repostería, integrado en la oferta agroalimentaria de proximidad de la provincia de Sevilla.",Consultar web o venta directa,654 56 52 09,eldulcenombre@eldulcenombre.com,https://eldulcenombre.com,https://www.facebook.com/mantecadoseldulcenombre/,https://www.instagram.com/eldulcenombre_/,https://www.google.com/maps/search/?api=1&query=Mantecados%20El%20Dulce%20Nombre%20Rafael%20Arias%20Arias%2C%20C.%20Corrientes%2C%2012%2C%2041560%20Estepa%2C%20Sevilla&query_place_id=ChIJx81HyxtabQ0Rt4w-tyaUotU,37.2904925,-4.879042,,pendiente
mantecados-el-gamo-e-moreno-estepa,Mantecados El Gamo E. Moreno,Estepa,Pan y pastelería,"Mantecados, polvorones, dulces y repostería","C. Écija, 12, 41560 Estepa, Sevilla","Mantecados El Gamo E. Moreno es un productor local de Estepa especializado en mantecados, polvorones, dulces y repostería, integrado en la oferta agroalimentaria de proximidad de la provincia de Sevilla.",Consultar web o venta directa,674 22 96 10,info@mantecadoselgamo.com,https://mantecadoselgamo.com,,,https://www.google.com/maps/search/?api=1&query=Mantecados%20El%20Gamo%20E.%20Moreno%2C%20C.%20%C3%89cija%2C%2012%2C%2041560%20Estepa%2C%20Sevilla&query_place_id=ChIJBYGGjhBabQ0RBBlAnZyA5Tk,37.2941597,-4.8802105,,pendiente
mantecados-el-santo-manzano-gamito-hnos-estepa,Mantecados El Santo Manzano Gamito Hnos,Estepa,Pan y pastelería,"Mantecados, polvorones, dulces y repostería","Av. de la Canela, 15, 41560 Estepa, Sevilla","Mantecados El Santo Manzano Gamito Hnos es un productor local de Estepa especializado en mantecados, polvorones, dulces y repostería, integrado en la oferta agroalimentaria de proximidad de la provincia de Sevilla.",Consultar web o venta directa,955 91 27 63,mantecados@el-santo.com,https://el-santo.com,https://www.facebook.com/MantecadosElSanto/,https://www.instagram.com/elsantomantecados/,https://www.google.com/maps/search/?api=1&query=Mantecados%20El%20Santo%20Manzano%20Gamito%20Hnos%2C%20Av.%20de%20la%20Canela%2C%2015%2C%2041560%20Estepa%2C%20Sevilla&query_place_id=ChIJm6R_lBNabQ0RqjS9rX7ZbrM,37.2999507,-4.8789761,,pendiente
obrador-real-de-confiteria-a-olmedo-e-hijos-estepa,Obrador Real de Confitería A Olmedo e Hijos,Estepa,Pan y pastelería,"Mantecados, polvorones, dulces y repostería","Av. de Andalucía, 195, 41560 Estepa, Sevilla","Obrador Real de Confitería A Olmedo e Hijos es un productor local de Estepa especializado en mantecados, polvorones, dulces y repostería, integrado en la oferta agroalimentaria de proximidad de la provincia de Sevilla.",Consultar web o venta directa,955 91 31 21,info@obradorreal.es,https://obradorreal.es,https://www.facebook.com/obradorreal/,https://www.instagram.com/obradorreal/,https://www.google.com/maps/search/?api=1&query=Obrador%20Real%20de%20Confiter%C3%ADa%20A%20Olmedo%20e%20Hijos%2C%20Av.%20de%20Andaluc%C3%ADa%2C%20195%2C%2041560%20Estepa%2C%20Sevilla&query_place_id=ChIJM0qQjxdabQ0RtN6AR3B8xko,37.2941842,-4.875119,,pendiente
obrador-san-jeronimo-la-confiteria-de-la-cruz-hermanos-estepa,Obrador San Jerónimo-La Confitería De la Cruz Hermanos,Estepa,Pan y pastelería,"Mantecados, polvorones, dulces y repostería","C. Vivero, 3, 41560 Estepa, Sevilla","Obrador San Jerónimo-La Confitería De la Cruz Hermanos es un productor local de Estepa especializado en mantecados, polvorones, dulces y repostería, integrado en la oferta agroalimentaria de proximidad de la provincia de Sevilla.",Consultar web o venta directa,955 91 27 28,web@laconfitera.es,https://laconfitera.es,,,https://www.google.com/maps/search/?api=1&query=Obrador%20San%20Jer%C3%B3nimo-La%20Confiter%C3%ADa%20De%20la%20Cruz%20Hermanos%2C%20C.%20Vivero%2C%203%2C%2041560%20Estepa%2C%20Sevilla&query_place_id=ChIJTaLWKgRabQ0R4CUquWruwsE,37.2904256,-4.8882485,,pendiente
picos-atanet-panificadora-atanet-estepa,Picos Atanet Panificadora Atanet,Estepa,Pan y pastelería,"Pan, picos, regañás, dulces y repostería","C. Dehesa, 30, 41560 Estepa, Sevilla","Picos Atanet Panificadora Atanet es un productor local de Estepa especializado en pan, picos, regañás, dulces y repostería, integrado en la oferta agroalimentaria de proximidad de la provincia de Sevilla.",Consultar web o venta directa,954 82 07 88,info@picoselgato.com,https://picoselgato.com,,,https://www.google.com/maps/search/?api=1&query=Picos%20Atanet%20Panificadora%20Atanet%2C%20C.%20Dehesa%2C%2030%2C%2041560%20Estepa%2C%20Sevilla&query_place_id=ChIJD9rvUwNabQ0RfbqnT3uhosg,37.2872878,-4.8836586,,pendiente
san-enrique-jose-toro-cejudo-estepa,San Enrique José Toro Cejudo,Estepa,Pan y pastelería,"Pan, picos, regañás, dulces y repostería","Av. de Andalucía, 39, 41560 Estepa, Sevilla","San Enrique José Toro Cejudo es un productor local de Estepa especializado en pan, picos, regañás, dulces y repostería, integrado en la oferta agroalimentaria de proximidad de la provincia de Sevilla.",Consultar web o venta directa,954 82 01 16,info@sanenrique.com,https://sanenrique.com,,https://www.instagram.com/delisanenrique/,https://www.google.com/maps/search/?api=1&query=San%20Enrique%20Jos%C3%A9%20Toro%20Cejudo%2C%20Av.%20de%20Andaluc%C3%ADa%2C%2039%2C%2041560%20Estepa%2C%20Sevilla&query_place_id=ChIJQVcDowVabQ0Rr0yaB0jikDw,37.29160419999999,-4.882801,,pendiente
confiteria-cabrera-pedro-cabrera-rodriguez-fuentes-de-andalucia,Confitería Cabrera Pedro Cabrera Rodríguez,Fuentes de Andalucía,Pan y pastelería,"Mantecados, polvorones, dulces y repostería","C. Flores, 37, 41420 Fuentes de Andalucía, Sevilla","Confitería Cabrera Pedro Cabrera Rodríguez es un productor local de Fuentes de Andalucía especializado en mantecados, polvorones, dulces y repostería, integrado en la oferta agroalimentaria de proximidad de la provincia de Sevilla.",Consultar web o venta directa,,confiteriacabrera@gmail.com,,,,https://www.google.com/maps/search/?api=1&query=Confiter%C3%ADa%20Cabrera%20Pedro%20Cabrera%20Rodr%C3%ADguez%2C%20C.%20Flores%2C%2037%2C%2041420%20Fuentes%20de%20Andaluc%C3%ADa%2C%20Sevilla&query_place_id=ChIJ7xaKrvC-Eg0RHN62QGgow3A,37.46424620000001,-5.346464699999999,,pendiente
destilerias-rigo-fuentes-de-andalucia,Destilerías Rigo,Fuentes de Andalucía,Bodega,"Anís, ginebra, vermut, licores y destilados","C. la Lantejuela, 41420 Fuentes de Andalucía, Sevilla","Destilerías Rigo es un productor local de Fuentes de Andalucía especializado en anís, ginebra, vermut, licores y destilados, integrado en la oferta agroalimentaria de proximidad de la provincia de Sevilla.",Consultar web o venta directa,678 73 57 40,anisrigo@hotmail.com,https://www.ginde.es/productor/destilerias-rigo/,https://www.facebook.com/1947gin/,https://www.instagram.com/ginrigo/,https://www.google.com/maps/search/?api=1&query=Destiler%C3%ADas%20Rigo%2C%20C.%20la%20Lantejuela%2C%2041420%20Fuentes%20de%20Andaluc%C3%ADa%2C%20Sevilla&query_place_id=ChIJtUOhcsK-Eg0R3tXPQc0vNbo,37.464721,-5.3372261,,pendiente
quesos-la-verea-andaluza-fontaleva-quesera-fuentes-de-andalucia,Quesos La Verea Andaluza Fontaleva Quesera,Fuentes de Andalucía,Aceite,"Aceite de oliva virgen extra, olivar sevillano, AOVE","Calle Rda., 1, 41420 Fuentes de Andalucía, Sevilla","Quesos La Verea Andaluza Fontaleva Quesera es un productor local de Fuentes de Andalucía especializado en aceite de oliva virgen extra, olivar sevillano, aove, integrado en la oferta agroalimentaria de proximidad de la provincia de Sevilla.",Consultar web o venta directa,695 55 88 92,contacto@fontaleva.com,https://fontaleva.com,,,https://www.google.com/maps/search/?api=1&query=Quesos%20La%20Verea%20Andaluza%20Fontaleva%20Quesera%2C%20Calle%20Rda.%2C%201%2C%2041420%20Fuentes%20de%20Andaluc%C3%ADa%2C%20Sevilla&query_place_id=ChIJIyWPkfa-Eg0RNwpWBFJj8L8,37.4603021,-5.3486956,,pendiente
patisserie-tokyo-irene-morcillo-martinez-gerena,Pâtisserie Tokyo Irene Morcillo Martínez,Gerena,Pan y pastelería,"Pan, picos, regañás, dulces y repostería","C. de Goya, 18, B, 41860 Gerena, Sevilla","Pâtisserie Tokyo Irene Morcillo Martínez es un productor local de Gerena especializado en pan, picos, regañás, dulces y repostería, integrado en la oferta agroalimentaria de proximidad de la provincia de Sevilla.",Consultar web o venta directa,686 10 36 64,patisserietokyo@gmail.com,https://www.patisserietokyo.es/inicio,,,https://www.google.com/maps/search/?api=1&query=P%C3%A2tisserie%20Tokyo%20Irene%20Morcillo%20Mart%C3%ADnez%2C%20C.%20de%20Goya%2C%2018%2C%20B%2C%2041860%20Gerena%2C%20Sevilla&query_place_id=ChIJJRJcq3k9Eg0REBM0Yd9hg6Y,37.5320011,-6.1564231,,pendiente
sierra-guadalcanal-y-guadalimon-guadalcanal,Sierra Guadalcanal y Guadalimón,Guadalcanal,Aceite,"Aceite de oliva virgen extra, olivar sevillano, AOVE","Calle del, C. Coso Bajo, 13, 41390 Guadalcanal, Sevilla","Sierra Guadalcanal y Guadalimón es un productor local de Guadalcanal especializado en aceite de oliva virgen extra, olivar sevillano, aove, integrado en la oferta agroalimentaria de proximidad de la provincia de Sevilla.",Consultar web o venta directa,954 88 61 11,pedidos@sierradeguadalcanal.com,https://sierradeguadalcanal.com,https://www.facebook.com/sierradeguadalcanal/,,https://www.google.com/maps/search/?api=1&query=Sierra%20Guadalcanal%20y%20Guadalim%C3%B3n%2C%20Calle%20del%2C%20C.%20Coso%20Bajo%2C%2013%2C%2041390%20Guadalcanal%2C%20Sevilla&query_place_id=ChIJadnqxv-jEw0RCCpyYGONJZY,38.0898129,-5.8147155,,pendiente
la-alacena-del-tinao-guillena,La Alacena del Tinao,Guillena,Pan y pastelería,"Pan, picos, regañás, dulces y repostería","Avenida Alcalde Justo Padilla Burgos, 7 Guillena Avenida de Andalucía 75 ( Antiguo supermercado DIA) Guillena Avenida Villaverde local 2 Burguillos 41220 ( Sevilla Sevilla ES, Pl. Diprasa, 41210 Guillena, Sevilla","La Alacena del Tinao es un productor local de Guillena especializado en pan, picos, regañás, dulces y repostería, integrado en la oferta agroalimentaria de proximidad de la provincia de Sevilla.",Consultar web o venta directa,656 70 66 02,eltinao@eltinao.com,https://eltinao.com,,,https://www.google.com/maps/search/?api=1&query=La%20Alacena%20del%20Tinao%2C%20Avenida%20Alcalde%20Justo%20Padilla%20Burgos%2C%207%20Guillena%20Avenida%20de%20Andaluc%C3%ADa%2075%20(%20Antiguo%20supermercado%20DIA)%20Guillena%20Avenida%20Villaverde%20local%202%20Burguillos%2041220%20(%20Sevilla%20Sevilla%20ES%2C%20Pl.%20Diprasa%2C%2041210%20Guillena%2C%20Sevilla&query_place_id=ChIJ7UzogapBEg0RljZ_QFSdwJA,37.5455665,-6.0567438,,pendiente
torrelareina-quesos-torrelareina-guillena,Torrelareina Quesos Torrelareina,Guillena,Lácteos y quesos,"Quesos artesanos, lácteos, leche de cabra u oveja","Av. de la Vega, S-N, 41210 Guillena, Sevilla","Torrelareina Quesos Torrelareina es un productor local de Guillena especializado en quesos artesanos, lácteos, leche de cabra u oveja, integrado en la oferta agroalimentaria de proximidad de la provincia de Sevilla.",Consultar web o venta directa,955 78 55 24,torrelareina@gmail.com,https://quesostorrelareina.es/,,,https://www.google.com/maps/search/?api=1&query=Torrelareina%20Quesos%20Torrelareina%2C%20Av.%20de%20la%20Vega%2C%20S-N%2C%2041210%20Guillena%2C%20Sevilla&query_place_id=ChIJfdOme5xBEg0RzOFe64-bad4,37.5461772,-6.052548199999999,,pendiente
special-food-factory-herrera,Special Food Factory,Herrera,Pan y pastelería,"Pan, picos, regañás, dulces y repostería","C. Duero, 9, 41567 Herrera, Sevilla","Special Food Factory es un productor local de Herrera especializado en pan, picos, regañás, dulces y repostería, integrado en la oferta agroalimentaria de proximidad de la provincia de Sevilla.",Consultar web o venta directa,,info@specialfoodfactory.com,https://specialfoodfactory.com,,,https://www.google.com/maps/search/?api=1&query=Special%20Food%20Factory%2C%20C.%20Duero%2C%209%2C%2041567%20Herrera%2C%20Sevilla&query_place_id=ChIJAUF9MQBbbQ0R-UNJV7NogfU,37.3628762,-4.8385814,,pendiente
framoliva-huevar-del-aljarafe,Framoliva,Huevar del Aljarafe,Aceite,"Aceite de oliva virgen extra, olivar sevillano, AOVE","Ctra. SE-639 Huévar-Sanlúcar- Vereda de los Esparragales, s/n, 41830 Huévar del Aljarafe, Sevilla","Framoliva es un productor local de Huevar del Aljarafe especializado en aceite de oliva virgen extra, olivar sevillano, aove, integrado en la oferta agroalimentaria de proximidad de la provincia de Sevilla.",Consultar web o venta directa,954 75 70 80,framoliva@framoliva.com,https://framoliva.com,,,https://www.google.com/maps/search/?api=1&query=Framoliva%2C%20Ctra.%20SE-639%20Hu%C3%A9var-Sanl%C3%BAcar-%20Vereda%20de%20los%20Esparragales%2C%20s%2Fn%2C%2041830%20Hu%C3%A9var%20del%20Aljarafe%2C%20Sevilla&query_place_id=ChIJYZhzjkcaEg0RgiZmcOC5RaE,37.366611,-6.268352,,pendiente
jolca-huevar-del-aljarafe,Jolca,Huevar del Aljarafe,Aceitunas y encurtidos,"Aceitunas de mesa, encurtidos, aceituna sevillana","A49, km 22,5, 41830 Huévar del Aljarafe, Sevilla","Jolca es un productor local de Huevar del Aljarafe especializado en aceitunas de mesa, encurtidos, aceituna sevillana, integrado en la oferta agroalimentaria de proximidad de la provincia de Sevilla.",Consultar web o venta directa,954 15 40 32,gerencia@jolca.es,https://jolca.es,https://www.facebook.com/aceitunasjolca/,https://www.instagram.com/aceitunasjolca/,https://www.google.com/maps/search/?api=1&query=Jolca%2C%20A49%2C%20km%2022%2C5%2C%2041830%20Hu%C3%A9var%20del%20Aljarafe%2C%20Sevilla&query_place_id=ChIJYSRWXU0aEg0RufH1_gT65yc,37.3619256,-6.2785012,,pendiente
ines-rosales-huevar-del-aljarafe,Inés Rosales,Huévar del Aljarafe,Pan y pastelería,"Pan, picos, regañás, dulces y repostería","PE Vereda de la Herrería, S/N, 41830 Huévar del Aljarafe, Sevilla","Inés Rosales es un productor local de Huévar del Aljarafe especializado en pan, picos, regañás, dulces y repostería, integrado en la oferta agroalimentaria de proximidad de la provincia de Sevilla.",Consultar web o venta directa,954 75 64 27,telefono30@inesrosales.com,https://inesrosales.com,,https://www.instagram.com/inesrosales/,https://www.google.com/maps/search/?api=1&query=In%C3%A9s%20Rosales%2C%20PE%20Vereda%20de%20la%20Herrer%C3%ADa%2C%20S%2FN%2C%2041830%20Hu%C3%A9var%20del%20Aljarafe%2C%20Sevilla&query_place_id=ChIJd-zMlU4aEg0RZAj0aTLwcz0,37.3675716,-6.2565158,,pendiente
arroz-dona-ana-arrozua-isla-mayor,Arroz Doña Ana Arrozua,Isla Mayor,Arroz,"Arroz de las marismas, arroz redondo, grano local","Finca Veta la Mora, s/n, 41140 Isla Mayor, Sevilla","Arroz Doña Ana Arrozua es un productor local de Isla Mayor especializado en arroz de las marismas, arroz redondo, grano local, integrado en la oferta agroalimentaria de proximidad de la provincia de Sevilla.",Consultar web o venta directa,954 77 75 64,arrozua@arrozua.com,https://arrozua.com,,,https://www.google.com/maps/search/?api=1&query=Arroz%20Do%C3%B1a%20Ana%20Arrozua%2C%20Finca%20Veta%20la%20Mora%2C%20s%2Fn%2C%2041140%20Isla%20Mayor%2C%20Sevilla&query_place_id=ChIJVVVVVZX2DQ0RlA12XiPGNtg,37.1245324,-6.164949699999999,,pendiente
emfacar-isla-mayor,Emfacar,Isla Mayor,Despensa artesanal,"Elaborados artesanos, platos preparados y despensa local","Pol. Ind. El Puntal, C. Arroz Bahia, 41140 Isla Mayor, Sevilla","Emfacar es un productor local de Isla Mayor especializado en elaborados artesanos, platos preparados y despensa local, integrado en la oferta agroalimentaria de proximidad de la provincia de Sevilla.",Consultar web o venta directa,954 77 77 91,info@emfacar.com,https://emfacar.com,https://www.facebook.com/emfacar/,https://www.instagram.com/emfacar/,https://www.google.com/maps/search/?api=1&query=Emfacar%2C%20Pol.%20Ind.%20El%20Puntal%2C%20C.%20Arroz%20Bahia%2C%2041140%20Isla%20Mayor%2C%20Sevilla&query_place_id=ChIJUbIfNAP2DQ0R3LQuc_wAz3Q,37.139004,-6.159136999999999,,pendiente
picos-artesanos-castilla-artecasti-la-luisiana,Picos Artesanos Castilla Artecasti,La Luisiana,Pan y pastelería,"Pan, picos, regañás, dulces y repostería","Los Motillos, C. Zaragoza, 22, 41430 La Luisiana, Sevilla","Picos Artesanos Castilla Artecasti es un productor local de La Luisiana especializado en pan, picos, regañás, dulces y repostería, integrado en la oferta agroalimentaria de proximidad de la provincia de Sevilla.",Consultar web o venta directa,955 90 90 22,empresa@picoslaluisiana.com,https://picoslaluisiana.com,,,https://www.google.com/maps/search/?api=1&query=Picos%20Artesanos%20Castilla%20Artecasti%2C%20Los%20Motillos%2C%20C.%20Zaragoza%2C%2022%2C%2041430%20La%20Luisiana%2C%20Sevilla&query_place_id=ChIJqz1P9_DHEg0R2nCiNJe_CJg,37.530612,-5.238975,,pendiente
puebla-oliva-la-puebla-de-cazalla,Puebla Oliva,La Puebla de Cazalla,Aceite,"Aceite de oliva virgen extra, olivar sevillano, AOVE","AUTOV A-92 KM 66, 41540 La Puebla de Cazalla, Sevilla","Puebla Oliva es un productor local de La Puebla de Cazalla especializado en aceite de oliva virgen extra, olivar sevillano, aove, integrado en la oferta agroalimentaria de proximidad de la provincia de Sevilla.",Consultar web o venta directa,954 84 70 31,pedidos@omolive.es,https://omolive.es,,,https://www.google.com/maps/search/?api=1&query=Puebla%20Oliva%2C%20AUTOV%20A-92%20KM%2066%2C%2041540%20La%20Puebla%20de%20Cazalla%2C%20Sevilla&query_place_id=ChIJa0WrlI6nEg0RURo70YRDqlU,37.2234039,-5.2890796,,pendiente
soberbio-la-puebla-de-cazalla,Soberbio,La Puebla de Cazalla,Aceite,"Aceite de oliva virgen extra, olivar sevillano, AOVE","AUTOV A-92 KM 66, 41540 La Puebla de Cazalla, Sevilla","Soberbio es un productor local de La Puebla de Cazalla especializado en aceite de oliva virgen extra, olivar sevillano, aove, integrado en la oferta agroalimentaria de proximidad de la provincia de Sevilla.",Consultar web o venta directa,954 84 70 31,pedidos@omolive.es,https://omolive.es,,,https://www.google.com/maps/search/?api=1&query=Soberbio%2C%20AUTOV%20A-92%20KM%2066%2C%2041540%20La%20Puebla%20de%20Cazalla%2C%20Sevilla&query_place_id=ChIJa0WrlI6nEg0RURo70YRDqlU,37.2234039,-5.2890796,,pendiente
miel-la-puebla-de-los-infantes-antonio-santana-jimenez-miel-2antonioysantana-gmail-com-la-puebla-de-los-infantes,Miel La Puebla de los Infantes Antonio Santana Jiménez Miel 2antonioysantana@gmail.com,La Puebla de los Infantes,Despensa artesanal,"Elaborados artesanos, platos preparados y despensa local","C. Feria, 5, 41479 La Puebla de los Infantes, Sevilla","Miel La Puebla de los Infantes Antonio Santana Jiménez Miel 2antonioysantana@gmail.com es un productor local de La Puebla de los Infantes especializado en elaborados artesanos, platos preparados y despensa local, integrado en la oferta agroalimentaria de proximidad de la provincia de Sevilla.",Consultar web o venta directa,954 80 81 95,2antonioysantana@gmail.com,,,,https://www.google.com/maps/search/?api=1&query=Miel%20La%20Puebla%20de%20los%20Infantes%20Antonio%20Santana%20Jim%C3%A9nez%20Miel%202antonioysantana%40gmail.com%2C%20C.%20Feria%2C%205%2C%2041479%20La%20Puebla%20de%20los%20Infantes%2C%20Sevilla&query_place_id=ChIJkenwuLTfEg0R0qbX_WPmsAo,37.78238169999999,-5.3884881,,pendiente
cervezas-mond-la-rinconada,Cervezas Mond,La Rinconada,Cerveza artesana,"Cerveza artesana, estilos propios, producción local","Calle Torrepavas 4 ( Cortijo Torrepavas, 41309 La Rinconada, Sevilla","Cervezas Mond es un productor local de La Rinconada especializado en cerveza artesana, estilos propios, producción local, integrado en la oferta agroalimentaria de proximidad de la provincia de Sevilla.",Consultar web o venta directa,654 97 09 06,,https://www.cervezasmond.com,,https://www.instagram.com/cervezasmond/,https://www.google.com/maps/search/?api=1&query=Cervezas%20Mond%2C%20Calle%20Torrepavas%204%20(%20Cortijo%20Torrepavas%2C%2041309%20La%20Rinconada%2C%20Sevilla&query_place_id=ChIJY6gCDSloEg0R8U81bgnzWzc,37.4741955,-5.9732188,,pendiente
hacienda-guzman-aceites-del-sur-coosur-s-a-la-rinconada,"Hacienda Guzmán Aceites del Sur-Coosur,S.A",La Rinconada,Aceite,"Aceite de oliva virgen extra, olivar sevillano, AOVE","Carretera de Mairena del Alcor, S/N, 41309 La Rinconada, Sevilla","Hacienda Guzmán Aceites del Sur-Coosur,S.A es un productor local de La Rinconada especializado en aceite de oliva virgen extra, olivar sevillano, aove, integrado en la oferta agroalimentaria de proximidad de la provincia de Sevilla.",Consultar web o venta directa,955 51 17 77,info@haciendaguzman.com,https://haciendaguzman.com,https://www.facebook.com/HaciendaGuzman/,https://www.instagram.com/haciendaguzman/,https://www.google.com/maps/search/?api=1&query=Hacienda%20Guzm%C3%A1n%20Aceites%20del%20Sur-Coosur%2CS.A%2C%20Carretera%20de%20Mairena%20del%20Alcor%2C%20S%2FN%2C%2041309%20La%20Rinconada%2C%20Sevilla&query_place_id=ChIJm7YRVCRkEg0RZlPSRTvT_SQ,37.4019984,-5.8420578,,pendiente
la-hogaza-la-rinconada,La Hogaza,La Rinconada,Pan y pastelería,"Pan, picos, regañás, dulces y repostería","C. Johann Gutenberg, 50, 41300 San José de la Rinconada, Sevilla","La Hogaza es un productor local de La Rinconada especializado en pan, picos, regañás, dulces y repostería, integrado en la oferta agroalimentaria de proximidad de la provincia de Sevilla.",Consultar web o venta directa,685 82 45 36,info@obradorlahogaza.com,https://obradorlahogaza.com,https://www.facebook.com/obradorlahogazasevilla/,https://www.instagram.com/obrador.lahogaza/,https://www.google.com/maps/search/?api=1&query=La%20Hogaza%2C%20C.%20Johann%20Gutenberg%2C%2050%2C%2041300%20San%20Jos%C3%A9%20de%20la%20Rinconada%2C%20Sevilla&query_place_id=ChIJFyK3bCloEg0R82LeB6ioXQI,37.4905688,-5.9290482,,pendiente
we-the-legend-palacio-oliaxi-la-roda-de-andalucia,We The Legend Palacio Oliaxi,La Roda de Andalucía,Aceite,"Aceite de oliva virgen extra, olivar sevillano, AOVE","C. del Horno, 8, 41590 La Roda de Andalucía, Sevilla","We The Legend Palacio Oliaxi es un productor local de La Roda de Andalucía especializado en aceite de oliva virgen extra, olivar sevillano, aove, integrado en la oferta agroalimentaria de proximidad de la provincia de Sevilla.",Consultar web o venta directa,954 01 51 44,info@palacioliaxi.com,https://palacioliaxi.com,,,https://www.google.com/maps/search/?api=1&query=We%20The%20Legend%20Palacio%20Oliaxi%2C%20C.%20del%20Horno%2C%208%2C%2041590%20La%20Roda%20de%20Andaluc%C3%ADa%2C%20Sevilla&query_place_id=ChIJAXpBsoKgcg0RL0EHaHqTV4c,37.2002953,-4.7792737,,pendiente
carniceria-manoli-manuela-sanchez-alvarez-las-navas-de-la-concepcion,Carnicería Manoli Manuela Sánchez Álvarez,Las Navas de la Concepción,Charcutería,"Embutidos, jamones, carnes de la Sierra Norte","Calle Daoiz, 5, 41460 Las Navas de la Concepción, Sevilla","Carnicería Manoli Manuela Sánchez Álvarez es un productor local de Las Navas de la Concepción especializado en embutidos, jamones, carnes de la sierra norte, integrado en la oferta agroalimentaria de proximidad de la provincia de Sevilla.",Consultar web o venta directa,615 11 69 15,sierra48@gmx.es,,,,https://www.google.com/maps/search/?api=1&query=Carnicer%C3%ADa%20Manoli%20Manuela%20S%C3%A1nchez%20%C3%81lvarez%2C%20Calle%20Daoiz%2C%205%2C%2041460%20Las%20Navas%20de%20la%20Concepci%C3%B3n%2C%20Sevilla&query_place_id=ChIJPXPwAk8fEw0Rm58hiMSj6_4,37.9337505,-5.4648772,,pendiente
dehesa-navera-las-navas-de-la-concepcion,Dehesa Navera,Las Navas de la Concepción,Charcutería,"Embutidos, jamones, carnes de la Sierra Norte","41460 Las Navas de la Concepción, Sevilla","Dehesa Navera es un productor local de Las Navas de la Concepción especializado en embutidos, jamones, carnes de la sierra norte, integrado en la oferta agroalimentaria de proximidad de la provincia de Sevilla.",Consultar web o venta directa,689 70 69 96,,https://dehesanavera.com/,,,https://www.google.com/maps/search/?api=1&query=Dehesa%20Navera%2C%2041460%20Las%20Navas%20de%20la%20Concepci%C3%B3n%2C%20Sevilla&query_place_id=ChIJEb2ZWLQeEw0RHGogAhbYzts,37.933506,-5.4600329,,pendiente
hnos-gutierrez-bermejo-hermanos-gutierrez-bermejo-las-navas-de-la-concepcion,Hnos. Gutiérrez Bermejo Hermanos Gutiérrez Bermejo,Las Navas de la Concepción,Charcutería,"Embutidos, jamones, carnes de la Sierra Norte","C. Nueva, 70, 41460 Las Navas de la Concepción, Sevilla","Hnos. Gutiérrez Bermejo Hermanos Gutiérrez Bermejo es un productor local de Las Navas de la Concepción especializado en embutidos, jamones, carnes de la sierra norte, integrado en la oferta agroalimentaria de proximidad de la provincia de Sevilla.",Consultar web o venta directa,678 47 00 61,embutidoshermanosgutierrez@gmail.com,,,,https://www.google.com/maps/search/?api=1&query=Hnos.%20Guti%C3%A9rrez%20Bermejo%20Hermanos%20Guti%C3%A9rrez%20Bermejo%2C%20C.%20Nueva%2C%2070%2C%2041460%20Las%20Navas%20de%20la%20Concepci%C3%B3n%2C%20Sevilla&query_place_id=ChIJY91LRbEeEw0R5zPTk2mbtrQ,37.9307817,-5.4628534,,pendiente
bodegas-gonzalez-palacios-lebrija,Bodegas González Palacios,Lebrija,Bodega,"Vinos de Sevilla, mosto, licores y enoturismo","C. Virgen de Consolación, 60, 41740 Lebrija, Sevilla","Bodegas González Palacios es un productor local de Lebrija especializado en vinos de sevilla, mosto, licores y enoturismo, integrado en la oferta agroalimentaria de proximidad de la provincia de Sevilla.",Consultar web o venta directa,655 88 30 99,bodegas@gonzalezpalacios.com,https://gonzalezpalacios.com,https://www.facebook.com/BodegasGonzalezPalacios/,,https://www.google.com/maps/search/?api=1&query=Bodegas%20Gonz%C3%A1lez%20Palacios%2C%20C.%20Virgen%20de%20Consolaci%C3%B3n%2C%2060%2C%2041740%20Lebrija%2C%20Sevilla&query_place_id=ChIJQ8zJaMPsDQ0R3NYlMpvsRO0,36.9150416,-6.0846478,,pendiente
bodegas-halcon-lebrija,Bodegas Halcón,Lebrija,Bodega,"Vinos de Sevilla, mosto, licores y enoturismo","C. Adán y Eva, 4, 41740 Lebrija, Sevilla","Bodegas Halcón es un productor local de Lebrija especializado en vinos de sevilla, mosto, licores y enoturismo, integrado en la oferta agroalimentaria de proximidad de la provincia de Sevilla.",Consultar web o venta directa,616 67 12 12,hola@bodegashalcon.es,https://bodegashalcon.es,https://www.facebook.com/bodegashalconoficial/,https://www.instagram.com/bodegas_halcon/,https://www.google.com/maps/search/?api=1&query=Bodegas%20Halc%C3%B3n%2C%20C.%20Ad%C3%A1n%20y%20Eva%2C%204%2C%2041740%20Lebrija%2C%20Sevilla&query_place_id=ChIJxw2Sv9ntDQ0RoFdjT4jcl90,36.9201885,-6.0806244,,pendiente
confiteria-dovi-andres-dominguez-vidal-lebrija,Confitería Dovi Andrés Domínguez Vidal,Lebrija,Pan y pastelería,"Mantecados, polvorones, dulces y repostería","C. Filipinas, 14, 41740 Lebrija, Sevilla","Confitería Dovi Andrés Domínguez Vidal es un productor local de Lebrija especializado en mantecados, polvorones, dulces y repostería, integrado en la oferta agroalimentaria de proximidad de la provincia de Sevilla.",Consultar web o venta directa,955 97 50 14,info@confiteriadovi.es,https://confiteriadovi.es,,,https://www.google.com/maps/search/?api=1&query=Confiter%C3%ADa%20Dovi%20Andr%C3%A9s%20Dom%C3%ADnguez%20Vidal%2C%20C.%20Filipinas%2C%2014%2C%2041740%20Lebrija%2C%20Sevilla&query_place_id=ChIJKeyaI9TsDQ0RA3918kvOM68,36.9242248,-6.0727251,,pendiente
lagrimas-de-nebrija-lebrija,Lágrimas de Nebrija,Lebrija,Pan y pastelería,"Pan, picos, regañás, dulces y repostería","C. Cristóbal Colón, 34, 41740 Lebrija, Sevilla","Lágrimas de Nebrija es un productor local de Lebrija especializado en pan, picos, regañás, dulces y repostería, integrado en la oferta agroalimentaria de proximidad de la provincia de Sevilla.",Consultar web o venta directa,610 81 18 10,nivelacioneselmimi@gmail.com,https://www.lagrimasdenebrija.com/,,,https://www.google.com/maps/search/?api=1&query=L%C3%A1grimas%20de%20Nebrija%2C%20C.%20Crist%C3%B3bal%20Col%C3%B3n%2C%2034%2C%2041740%20Lebrija%2C%20Sevilla&query_place_id=ChIJN3q5GFXtDQ0R2nox_p7xWOA,36.923954,-6.0770623,,pendiente
marismas-salud-las-marismas-de-lebrija-lebrija,Marismas Salud Las Marismas de Lebrija,Lebrija,Conservas vegetales,"Conservas vegetales, salsas, tomate y elaborados de huerta","Parcela 1.029-BB, Polig. Industrial Las Marismas, 41740 Lebrija, Sevilla","Marismas Salud Las Marismas de Lebrija es un productor local de Lebrija especializado en conservas vegetales, salsas, tomate y elaborados de huerta, integrado en la oferta agroalimentaria de proximidad de la provincia de Sevilla.",Consultar web o venta directa,955 97 70 11,infoweb@marismas.es,https://marismas.es,,,https://www.google.com/maps/search/?api=1&query=Marismas%20Salud%20Las%20Marismas%20de%20Lebrija%2C%20Parcela%201.029-BB%2C%20Polig.%20Industrial%20Las%20Marismas%2C%2041740%20Lebrija%2C%20Sevilla&query_place_id=ChIJmZVNuxPtDQ0Rg7gY71noiUI,36.944807,-6.0960912,,pendiente
panaderia-jose-dorantes-lebrija,Panadería José Dorantes,Lebrija,Pan y pastelería,"Pan, picos, regañás, dulces y repostería","C. San Isidro, 38, 41740 Lebrija, Sevilla","Panadería José Dorantes es un productor local de Lebrija especializado en pan, picos, regañás, dulces y repostería, integrado en la oferta agroalimentaria de proximidad de la provincia de Sevilla.",Consultar web o venta directa,609 52 27 47,panypicosartesanos@gmail.com,,,,https://www.google.com/maps/search/?api=1&query=Panader%C3%ADa%20Jos%C3%A9%20Dorantes%2C%20C.%20San%20Isidro%2C%2038%2C%2041740%20Lebrija%2C%20Sevilla&query_place_id=ChIJYQrGmNrsDQ0R07nZxI58-68,36.9206319,-6.0683986,,pendiente
patatas-fritas-bandera-productos-hermanos-sojo-lora-de-estepa,Patatas Fritas Bandera Productos Hermanos Sojo,Lora de Estepa,Aperitivos,"Patatas fritas, frutos secos, altramuces y aperitivos","C. Cueva Peñarrubia, 0, 41564 Lora de Estepa, Sevilla","Patatas Fritas Bandera Productos Hermanos Sojo es un productor local de Lora de Estepa especializado en patatas fritas, frutos secos, altramuces y aperitivos, integrado en la oferta agroalimentaria de proximidad de la provincia de Sevilla.",Consultar web o venta directa,676 00 48 74,info@patatasbandera.com,https://patatasbandera.com,https://www.facebook.com/patatasfritasbandera/,https://www.instagram.com/patatas_fritas_bandera/,https://www.google.com/maps/search/?api=1&query=Patatas%20Fritas%20Bandera%20Productos%20Hermanos%20Sojo%2C%20C.%20Cueva%20Pe%C3%B1arrubia%2C%200%2C%2041564%20Lora%20de%20Estepa%2C%20Sevilla&query_place_id=ChIJOzNP701ZbQ0RFCvcEBZ1wFU,37.2732759,-4.8152079,,pendiente
cortijo-el-puerto-ingeoliva-lora-del-rio,Cortijo El Puerto Ingeoliva,Lora del Río,Aceite,"Aceite de oliva virgen extra, olivar sevillano, AOVE","A-456, km 18, 6, 41440 Lora del Río, Sevilla","Cortijo El Puerto Ingeoliva es un productor local de Lora del Río especializado en aceite de oliva virgen extra, olivar sevillano, aove, integrado en la oferta agroalimentaria de proximidad de la provincia de Sevilla.",Consultar web o venta directa,677 95 32 64,info@cortijoelpuerto.com,https://cortijoelpuerto.com,,,https://www.google.com/maps/search/?api=1&query=Cortijo%20El%20Puerto%20Ingeoliva%2C%20A-456%2C%20km%2018%2C%206%2C%2041440%20Lora%20del%20R%C3%ADo%2C%20Sevilla&query_place_id=ChIJ6_PV4_DuEg0Ryt-ysQzW4nM,37.6258104,-5.5045819,,pendiente
frutos-secos-alfer-manuel-alvarez-y-fernandez-lora-del-rio,Frutos Secos Alfer Manuel Álvarez y Fernández,Lora del Río,Aperitivos,"Patatas fritas, frutos secos, altramuces y aperitivos","Ctra. Peñaflor, 41440 Lora del Río, Sevilla","Frutos Secos Alfer Manuel Álvarez y Fernández es un productor local de Lora del Río especializado en patatas fritas, frutos secos, altramuces y aperitivos, integrado en la oferta agroalimentaria de proximidad de la provincia de Sevilla.",Consultar web o venta directa,606 96 78 05,,https://www.frutossecosalfer.es,https://www.facebook.com/alferfrutossecos/,https://www.instagram.com/frutossecosalfer/,https://www.google.com/maps/search/?api=1&query=Frutos%20Secos%20Alfer%20Manuel%20%C3%81lvarez%20y%20Fern%C3%A1ndez%2C%20Ctra.%20Pe%C3%B1aflor%2C%2041440%20Lora%20del%20R%C3%ADo%2C%20Sevilla&query_place_id=ChIJgd8zPZXvEg0RgKhLaFzk_Kc,37.6598182,-5.5372457,,pendiente
hacienda-valdivieso-josefa-claro-villa-lora-del-rio,Hacienda Valdivieso Josefa Claro Villa,Lora del Río,Aceite,"Aceite de oliva virgen extra, olivar sevillano, AOVE","C. Roda Arriba, 99, 3º C, 41440 Lora del Río, Sevilla","Hacienda Valdivieso Josefa Claro Villa es un productor local de Lora del Río especializado en aceite de oliva virgen extra, olivar sevillano, aove, integrado en la oferta agroalimentaria de proximidad de la provincia de Sevilla.",Consultar web o venta directa,628 57 96 98,valdiviesoclaro@gmail.com,http://www.haciendavaldivieso.com/,,,https://www.google.com/maps/search/?api=1&query=Hacienda%20Valdivieso%20Josefa%20Claro%20Villa%2C%20C.%20Roda%20Arriba%2C%2099%2C%203%C2%BA%20C%2C%2041440%20Lora%20del%20R%C3%ADo%2C%20Sevilla&query_place_id=ChIJxesyO3LvEg0RAZeIpQrnvmw,37.65766,-5.52566,,pendiente
loramiel-juan-ignacio-lopez-martinez-lora-del-rio,Loramiel Juan Ignacio López Martínez,Lora del Río,Miel y mermeladas,"Miel, mermeladas, productos apícolas","poligono industrial matallana, calle arrieria nº6, 41440 Lora del Río, Sevilla","Loramiel Juan Ignacio López Martínez es un productor local de Lora del Río especializado en miel, mermeladas, productos apícolas, integrado en la oferta agroalimentaria de proximidad de la provincia de Sevilla.",Consultar web o venta directa,685 69 71 45,mundoabeja@gmail.com,https://www.mundoabeja.es,,,https://www.google.com/maps/search/?api=1&query=Loramiel%20Juan%20Ignacio%20L%C3%B3pez%20Mart%C3%ADnez%2C%20poligono%20industrial%20matallana%2C%20calle%20arrieria%20n%C2%BA6%2C%2041440%20Lora%20del%20R%C3%ADo%2C%20Sevilla&query_place_id=ChIJe7AIbErvEg0RdBN1VCoFRQI,37.6521213,-5.5487791,,pendiente
blanca-parejo-bodega-maria-luisa-ponce-mayo-los-palacios-y-villafranca,Blanca Parejo Bodega María Luisa Ponce Mayo,Los Palacios y Villafranca,Bodega,"Vinos de Sevilla, mosto, licores y enoturismo","C. Iniciativa, 4, 41720 Los Palacios y Villafranca, Sevilla","Blanca Parejo Bodega María Luisa Ponce Mayo es un productor local de Los Palacios y Villafranca especializado en vinos de sevilla, mosto, licores y enoturismo, integrado en la oferta agroalimentaria de proximidad de la provincia de Sevilla.",Consultar web o venta directa,692 72 25 21,m.luisa@blancaparejo.com,https://blancaparejo.com,,https://www.instagram.com/blancaparejo.bodega/,https://www.google.com/maps/search/?api=1&query=Blanca%20Parejo%20Bodega%20Mar%C3%ADa%20Luisa%20Ponce%20Mayo%2C%20C.%20Iniciativa%2C%204%2C%2041720%20Los%20Palacios%20y%20Villafranca%2C%20Sevilla&query_place_id=ChIJUwRLJKR3Eg0RQP0qxP8tVEQ,37.1641763,-5.9381661,,pendiente
cerveza-artesana-8-huellas-los-palacios-y-villafranca,Cerveza Artesana 8 Huellas,Los Palacios y Villafranca,Cerveza artesana,"Cerveza artesana, estilos propios, producción local","C. Creación, 18, 41720 Los Palacios y Villafranca, Sevilla","Cerveza Artesana 8 Huellas es un productor local de Los Palacios y Villafranca especializado en cerveza artesana, estilos propios, producción local, integrado en la oferta agroalimentaria de proximidad de la provincia de Sevilla.",Consultar web o venta directa,,,https://8huellas.es/,,,https://www.google.com/maps/search/?api=1&query=Cerveza%20Artesana%208%20Huellas%2C%20C.%20Creaci%C3%B3n%2C%2018%2C%2041720%20Los%20Palacios%20y%20Villafranca%2C%20Sevilla&query_place_id=ChIJmaCee8t3Eg0R_IiWibXAl7w,37.1650982,-5.938808,,pendiente
el-distinguido-confiteria-distinguido-los-palacios-y-villafranca,El Distinguido Confitería Distinguido,Los Palacios y Villafranca,Pan y pastelería,"Mantecados, polvorones, dulces y repostería","C. Diego Llorente, 36, 41720 Los Palacios y Villafranca, Sevilla","El Distinguido Confitería Distinguido es un productor local de Los Palacios y Villafranca especializado en mantecados, polvorones, dulces y repostería, integrado en la oferta agroalimentaria de proximidad de la provincia de Sevilla.",Consultar web o venta directa,955 81 47 33,cdistinguido@gmail.com,,,,https://www.google.com/maps/search/?api=1&query=El%20Distinguido%20Confiter%C3%ADa%20Distinguido%2C%20C.%20Diego%20Llorente%2C%2036%2C%2041720%20Los%20Palacios%20y%20Villafranca%2C%20Sevilla&query_place_id=ChIJ_TZ4qcR3Eg0RiuY20rWIM5E,37.1605095,-5.9254218,,pendiente
la-tomateria-palaciega-frescampo-la-union-los-palacios-y-villafranca,La Tomatería Palaciega Frescampo La Unión,Los Palacios y Villafranca,Conservas vegetales,"Conservas vegetales, salsas, tomate y elaborados de huerta","C. Iniciativa, 2, 41720 Los Palacios y Villafranca, Sevilla","La Tomatería Palaciega Frescampo La Unión es un productor local de Los Palacios y Villafranca especializado en conservas vegetales, salsas, tomate y elaborados de huerta, integrado en la oferta agroalimentaria de proximidad de la provincia de Sevilla.",Consultar web o venta directa,722 31 34 83,info@latomateriadelospalacios.com,https://latomateriadelospalacios.com,,,https://www.google.com/maps/search/?api=1&query=La%20Tomater%C3%ADa%20Palaciega%20Frescampo%20La%20Uni%C3%B3n%2C%20C.%20Iniciativa%2C%202%2C%2041720%20Los%20Palacios%20y%20Villafranca%2C%20Sevilla&query_place_id=ChIJb0Xee8d3Eg0RmYznUMS42k4,37.1642887,-5.9379551,,pendiente
las-nieves-los-palacios-y-villafranca,Las Nieves,Los Palacios y Villafranca,Bodega,"Vinos de Sevilla, mosto, licores y enoturismo","Av. Utrera, s/n, 41720 Los Palacios y Villafranca, Sevilla","Las Nieves es un productor local de Los Palacios y Villafranca especializado en vinos de sevilla, mosto, licores y enoturismo, integrado en la oferta agroalimentaria de proximidad de la provincia de Sevilla.",Consultar web o venta directa,955 81 03 60,ventas@cooperativalasnieves.com,https://cooperativalasnieves.com,https://www.facebook.com/cooperativalasnieves/,https://www.instagram.com/cooperativalasnieves/,https://www.google.com/maps/search/?api=1&query=Las%20Nieves%2C%20Av.%20Utrera%2C%20s%2Fn%2C%2041720%20Los%20Palacios%20y%20Villafranca%2C%20Sevilla&query_place_id=ChIJcbr0le93Eg0RGzY4xLCLK_E,37.1625,-5.910833299999999,,pendiente
tierra-palaciega-los-palacios-y-villafranca,Tierra Palaciega,Los Palacios y Villafranca,Miel y mermeladas,"Miel, mermeladas, productos apícolas","C. Cooperacion, 51, 1, 41720 Los Palacios y Villafranca, Sevilla","Tierra Palaciega es un productor local de Los Palacios y Villafranca especializado en miel, mermeladas, productos apícolas, integrado en la oferta agroalimentaria de proximidad de la provincia de Sevilla.",Consultar web o venta directa,630 27 90 05,info@tierrapalaciega.com,https://tierrapalaciega.com,,,https://www.google.com/maps/search/?api=1&query=Tierra%20Palaciega%2C%20C.%20Cooperacion%2C%2051%2C%201%2C%2041720%20Los%20Palacios%20y%20Villafranca%2C%20Sevilla&query_place_id=ChIJHQKAnsx3Eg0RpMkJ8dfW8GI,37.1645169,-5.939267999999999,,pendiente
campolea-campos-de-olea-mairena-del-alcor,Campolea Campos de Olea,Mairena del Alcor,Aceite,"Aceite de oliva virgen extra, olivar sevillano, AOVE","C. Benajete, 2B, 41510 Mairena del Alcor, Sevilla","Campolea Campos de Olea es un productor local de Mairena del Alcor especializado en aceite de oliva virgen extra, olivar sevillano, aove, integrado en la oferta agroalimentaria de proximidad de la provincia de Sevilla.",Consultar web o venta directa,955 74 68 60,info@campolea.com,https://campolea.com,,,https://www.google.com/maps/search/?api=1&query=Campolea%20Campos%20de%20Olea%2C%20C.%20Benajete%2C%202B%2C%2041510%20Mairena%20del%20Alcor%2C%20Sevilla&query_place_id=ChIJReJUoPViEg0Ry03LQ4sEYjs,37.3696831,-5.7538858,,pendiente
pimientos-casa-garcia-mairena-del-alcor,Pimientos Casa García,Mairena del Alcor,Despensa artesanal,"Elaborados artesanos, platos preparados y despensa local","C. los Carpinteros, 13, 15, 41510 Mairena del Alcor, Sevilla","Pimientos Casa García es un productor local de Mairena del Alcor especializado en elaborados artesanos, platos preparados y despensa local, integrado en la oferta agroalimentaria de proximidad de la provincia de Sevilla.",Consultar web o venta directa,955 74 70 12,info@pimientoscasagarcia.com,https://pimientoscasagarcia.com,,,https://www.google.com/maps/search/?api=1&query=Pimientos%20Casa%20Garc%C3%ADa%2C%20C.%20los%20Carpinteros%2C%2013%2C%2015%2C%2041510%20Mairena%20del%20Alcor%2C%20Sevilla&query_place_id=ChIJUwhuf_FiEg0RZihQDk6gESw,37.3631251,-5.7564687,,pendiente
salazones-gonzalez-e-hijos-mairena-del-alcor,Salazones González e Hijos,Mairena del Alcor,Charcutería,"Embutidos, jamones, carnes de la Sierra Norte","C. Corbones, 2, 41510 Mairena del Alcor, Sevilla","Salazones González e Hijos es un productor local de Mairena del Alcor especializado en embutidos, jamones, carnes de la sierra norte, integrado en la oferta agroalimentaria de proximidad de la provincia de Sevilla.",Consultar web o venta directa,609 56 20 96,cristinagonza92@gmail.com,https://salazonesgonzalez.com/contacto/,,,https://www.google.com/maps/search/?api=1&query=Salazones%20Gonz%C3%A1lez%20e%20Hijos%2C%20C.%20Corbones%2C%202%2C%2041510%20Mairena%20del%20Alcor%2C%20Sevilla&query_place_id=ChIJ_2EmGHxiEg0RKje_IlP-rQM,37.3760979,-5.735889299999999,,pendiente
desiderata-beer-and-dreams-company-mairena-del-aljarafe,Desiderata Beer And Dreams Company,Mairena del Aljarafe,Cerveza artesana,"Cerveza artesana, estilos propios, producción local","C. Congreso, Nº61, 41927 Mairena del Aljarafe, Sevilla","Desiderata Beer And Dreams Company es un productor local de Mairena del Aljarafe especializado en cerveza artesana, estilos propios, producción local, integrado en la oferta agroalimentaria de proximidad de la provincia de Sevilla.",Consultar web o venta directa,662 14 99 46,info@beeranddreams.com,https://beeranddreams.com,,,https://www.google.com/maps/search/?api=1&query=Desiderata%20Beer%20And%20Dreams%20Company%2C%20C.%20Congreso%2C%20N%C2%BA61%2C%2041927%20Mairena%20del%20Aljarafe%2C%20Sevilla&query_place_id=ChIJYXvIHwYBMhURU6Yg530DFek,37.3528164,-6.0629041,,pendiente
majao-new-way-foods-mairena-del-aljarafe,Majao New Way Foods,Mairena del Aljarafe,Conservas vegetales,"Conservas vegetales, salsas, tomate y elaborados de huerta","C. Artesanía, 5, 41927 Mairena del Aljarafe, Sevilla","Majao New Way Foods es un productor local de Mairena del Aljarafe especializado en conservas vegetales, salsas, tomate y elaborados de huerta, integrado en la oferta agroalimentaria de proximidad de la provincia de Sevilla.",Consultar web o venta directa,955 92 55 37,pedidos@majao.es,https://majao.es,,https://www.instagram.com/gazpachomajao/,https://www.google.com/maps/search/?api=1&query=Majao%20New%20Way%20Foods%2C%20C.%20Artesan%C3%ADa%2C%205%2C%2041927%20Mairena%20del%20Aljarafe%2C%20Sevilla&query_place_id=ChIJfzWN1SltEg0R5PctC2N-800,37.355806,-6.0602341,,pendiente
industria-aceitunera-marciense-marchena,Industria Aceitunera Marciense,Marchena,Aceitunas y encurtidos,"Aceitunas de mesa, encurtidos, aceituna sevillana","Tr.ª San Ignacio, S/N, 41620 Marchena, Sevilla","Industria Aceitunera Marciense es un productor local de Marchena especializado en aceitunas de mesa, encurtidos, aceituna sevillana, integrado en la oferta agroalimentaria de proximidad de la provincia de Sevilla.",Consultar web o venta directa,955 84 54 00,iamar@marciense.es,https://marciense.es,,https://www.instagram.com/marciense/,https://www.google.com/maps/search/?api=1&query=Industria%20Aceitunera%20Marciense%2C%20Tr.%C2%AA%20San%20Ignacio%2C%20S%2FN%2C%2041620%20Marchena%2C%20Sevilla&query_place_id=ChIJb4jJ-BSYEg0RCreKm3sgL0w,37.3268525,-5.4091995,,pendiente
lacase-plantaroma-marchena,Lacase Plantaroma,Marchena,Aromáticas y condimentos,"Aromáticas, especias, aloe, infusiones y condimentos","C. la Cilla, 10, 41620 Marchena, Sevilla","Lacase Plantaroma es un productor local de Marchena especializado en aromáticas, especias, aloe, infusiones y condimentos, integrado en la oferta agroalimentaria de proximidad de la provincia de Sevilla.",Consultar web o venta directa,661 75 52 20,plantaroma.sl@hotmail.com,,,,https://www.google.com/maps/search/?api=1&query=Lacase%20Plantaroma%2C%20C.%20la%20Cilla%2C%2010%2C%2041620%20Marchena%2C%20Sevilla&query_place_id=ChIJI9wspz2YEg0R3raZl4n2RYU,37.3310341,-5.4165886,,pendiente
maria-de-miel-maria-isabel-carmona-pazos-marchena,María de Miel Maria Isabel Carmona Pazos,Marchena,Miel y mermeladas,"Miel, mermeladas, productos apícolas","C. Carpintería, 8, 41620 Marchena, Sevilla","María de Miel Maria Isabel Carmona Pazos es un productor local de Marchena especializado en miel, mermeladas, productos apícolas, integrado en la oferta agroalimentaria de proximidad de la provincia de Sevilla.",Consultar web o venta directa,630 01 05 40,info@mariademiel.es,https://mariademiel.es,https://www.facebook.com/mariademiel.mariademiel/,https://www.instagram.com/mariademiel/,https://www.google.com/maps/search/?api=1&query=Mar%C3%ADa%20de%20Miel%20Maria%20Isabel%20Carmona%20Pazos%2C%20C.%20Carpinter%C3%ADa%2C%208%2C%2041620%20Marchena%2C%20Sevilla&query_place_id=ChIJxVFlN2CZEg0RNGxKMh1Wo0Y,37.3222108,-5.4096848,,pendiente
monasterio-de-la-purisima-concepcion-marchena,Monasterio de la Purísima Concepción,Marchena,Pan y pastelería,"Pan, picos, regañás, dulces y repostería","C. Palacio Ducal, 16, 41620 Marchena, Sevilla","Monasterio de la Purísima Concepción es un productor local de Marchena especializado en pan, picos, regañás, dulces y repostería, integrado en la oferta agroalimentaria de proximidad de la provincia de Sevilla.",Consultar web o venta directa,,clarisas@clarisas.es,https://clarisas.es,https://www.facebook.com/clarisasmarchena/,,https://www.google.com/maps/search/?api=1&query=Monasterio%20de%20la%20Pur%C3%ADsima%20Concepci%C3%B3n%2C%20C.%20Palacio%20Ducal%2C%2016%2C%2041620%20Marchena%2C%20Sevilla&query_place_id=ChIJx5T8ND2YEg0ReYQ0zsR0ydI,37.33356029999999,-5.4164598,,pendiente
panaderia-azucena-juan-luis-gutierrez-jimenez-marchena,Panadería Azucena Juan Luis Gutiérrez Jiménez,Marchena,Pan y pastelería,"Pan, picos, regañás, dulces y repostería","41620, Ctra. Carmona, 20I, 41620 Marchena, Sevilla","Panadería Azucena Juan Luis Gutiérrez Jiménez es un productor local de Marchena especializado en pan, picos, regañás, dulces y repostería, integrado en la oferta agroalimentaria de proximidad de la provincia de Sevilla.",Consultar web o venta directa,659 05 62 35,azucena@molletesdemarchena.es,https://molletesdemarchena.es,,,https://www.google.com/maps/search/?api=1&query=Panader%C3%ADa%20Azucena%20Juan%20Luis%20Guti%C3%A9rrez%20Jim%C3%A9nez%2C%2041620%2C%20Ctra.%20Carmona%2C%2020I%2C%2041620%20Marchena%2C%20Sevilla&query_place_id=ChIJ-SW1-SWYEg0RjOqU78PN9fw,37.3270754,-5.427684,,pendiente
panaderia-el-chispa-isaac-jimenez-segovia-marchena,Panadería El Chispa Isaac Jiménez Segovia,Marchena,Pan y pastelería,"Pan, picos, regañás, dulces y repostería","C. Manzanilla, 11, 41620 Sevilla","Panadería El Chispa Isaac Jiménez Segovia es un productor local de Marchena especializado en pan, picos, regañás, dulces y repostería, integrado en la oferta agroalimentaria de proximidad de la provincia de Sevilla.",Consultar web o venta directa,955 38 07 10,anitatjj1@gmail.com,,,,https://www.google.com/maps/search/?api=1&query=Panader%C3%ADa%20El%20Chispa%20Isaac%20Jim%C3%A9nez%20Segovia%2C%20C.%20Manzanilla%2C%2011%2C%2041620%20Sevilla&query_place_id=ChIJUxIx5G2ZEg0R_5zDHRIdt7I,37.3209478,-5.4128063,,pendiente
panaderia-la-cuesta-marchena,Panadería La Cuesta,Marchena,Pan y pastelería,"Pan, picos, regañás, dulces y repostería","C. Xaheriz, 12, 41620 Marchena, Sevilla","Panadería La Cuesta es un productor local de Marchena especializado en pan, picos, regañás, dulces y repostería, integrado en la oferta agroalimentaria de proximidad de la provincia de Sevilla.",Consultar web o venta directa,954 84 30 77,administracion@panaderialacuesta.com,https://panaderialacuesta.com,,,https://www.google.com/maps/search/?api=1&query=Panader%C3%ADa%20La%20Cuesta%2C%20C.%20Xaheriz%2C%2012%2C%2041620%20Marchena%2C%20Sevilla&query_place_id=ChIJJQSjyySYEg0RoyZ0YZq-T1I,37.3336801,-5.421819999999999,,pendiente
procavi-marchena,Procavi,Marchena,Charcutería,"Embutidos, jamones, carnes de la Sierra Norte","Ctra. Carmona, 339, 41620 Marchena, Sevilla","Procavi es un productor local de Marchena especializado en embutidos, jamones, carnes de la sierra norte, integrado en la oferta agroalimentaria de proximidad de la provincia de Sevilla.",Consultar web o venta directa,955 84 78 79,procavi@procavi.es,https://procavi.es,,,https://www.google.com/maps/search/?api=1&query=Procavi%2C%20Ctra.%20Carmona%2C%20339%2C%2041620%20Marchena%2C%20Sevilla&query_place_id=ChIJzT45VT2YEg0Rq8XE302waT4,37.344422,-5.4358599,,pendiente
los-angeles-montellano,Los Ángeles,Montellano,Aceite,"Aceite de oliva virgen extra, olivar sevillano, AOVE","Calle Rda., 34, 41770 Montellano, Sevilla","Los Ángeles es un productor local de Montellano especializado en aceite de oliva virgen extra, olivar sevillano, aove, integrado en la oferta agroalimentaria de proximidad de la provincia de Sevilla.",Consultar web o venta directa,954 87 53 35,admon@oleoangeles.com,https://oleoangeles.com,,,https://www.google.com/maps/search/?api=1&query=Los%20%C3%81ngeles%2C%20Calle%20Rda.%2C%2034%2C%2041770%20Montellano%2C%20Sevilla&query_place_id=ChIJ8VtdPgZwDQ0RlE3wBWL2KDc,36.9930888,-5.5671709,,pendiente
molino-el-palancar-ferti-fersal-montellano,Molino El Palancar Ferti Fersal,Montellano,Aceite,"Aceite de oliva virgen extra, olivar sevillano, AOVE","A-375, 36, 41760 El Coronil, Sevilla","Molino El Palancar Ferti Fersal es un productor local de Montellano especializado en aceite de oliva virgen extra, olivar sevillano, aove, integrado en la oferta agroalimentaria de proximidad de la provincia de Sevilla.",Consultar web o venta directa,954 02 90 20,fertifersal@gmail.com,https://www.molinoelpalancar.com/,,,https://www.google.com/maps/search/?api=1&query=Molino%20El%20Palancar%20Ferti%20Fersal%2C%20A-375%2C%2036%2C%2041760%20El%20Coronil%2C%20Sevilla&query_place_id=ChIJr9a-uGhlDQ0Rn75KnZfTC0o,36.9516983,-5.5837702,,pendiente
panaderia-confiteria-juan-garcia-david-gallego-garcia-montellano,Panadería Confitería Juan García David Gallego García,Montellano,Pan y pastelería,"Mantecados, polvorones, dulces y repostería","Calle Rda., 41770 Montellano, Sevilla","Panadería Confitería Juan García David Gallego García es un productor local de Montellano especializado en mantecados, polvorones, dulces y repostería, integrado en la oferta agroalimentaria de proximidad de la provincia de Sevilla.",Consultar web o venta directa,634 21 30 20,pan.confiteria-juangarcia@hotmail.com,,,,https://www.google.com/maps/search/?api=1&query=Panader%C3%ADa%20Confiter%C3%ADa%20Juan%20Garc%C3%ADa%20David%20Gallego%20Garc%C3%ADa%2C%20Calle%20Rda.%2C%2041770%20Montellano%2C%20Sevilla&query_place_id=ChIJl4HMugdwDQ0Rl1wQYVXb6nw,36.9935321,-5.5702698,,pendiente
la-choza-del-abuelo-almazara-el-pinalejo-moron-de-la-frontera,La Choza del Abuelo Almazara El Pinalejo,Morón de la Frontera,Aceite,"Aceite de oliva virgen extra, olivar sevillano, AOVE","Pruna, Carr. Morón, 41530 Morón de la Frontera, Sevilla","La Choza del Abuelo Almazara El Pinalejo es un productor local de Morón de la Frontera especializado en aceite de oliva virgen extra, olivar sevillano, aove, integrado en la oferta agroalimentaria de proximidad de la provincia de Sevilla.",Consultar web o venta directa,678 37 26 23,almazaraelpinalejo@gmail.com,http://www.lachozadelabuelo.com/,,,https://www.google.com/maps/search/?api=1&query=La%20Choza%20del%20Abuelo%20Almazara%20El%20Pinalejo%2C%20Pruna%2C%20Carr.%20Mor%C3%B3n%2C%2041530%20Mor%C3%B3n%20de%20la%20Frontera%2C%20Sevilla&query_place_id=ChIJj7aRXHtfDQ0R7bYKWRao8ss,37.0926805,-5.3825313,,pendiente
monasterio-de-santa-clara-clarisas-convento-de-santa-clara-moron-de-la-frontera,Monasterio de Santa Clara Clarisas Convento de Santa Clara,Morón de la Frontera,Pan y pastelería,"Pan, picos, regañás, dulces y repostería","C. Utrera, 1, 41530 Morón de la Frontera, Sevilla","Monasterio de Santa Clara Clarisas Convento de Santa Clara es un productor local de Morón de la Frontera especializado en pan, picos, regañás, dulces y repostería, integrado en la oferta agroalimentaria de proximidad de la provincia de Sevilla.",Consultar web o venta directa,954 85 05 91,clarisasmoron@yahoo.es,https://yahoo.es,,,https://www.google.com/maps/search/?api=1&query=Monasterio%20de%20Santa%20Clara%20Clarisas%20Convento%20de%20Santa%20Clara%2C%20C.%20Utrera%2C%201%2C%2041530%20Mor%C3%B3n%20de%20la%20Frontera%2C%20Sevilla&query_place_id=ChIJZWNl2HJhDQ0RQJtZvRvUWIs,37.12080479999999,-5.456478499999999,,pendiente
quesos-mena-ismael-mena-perez-moron-de-la-frontera,Quesos Mena Ismael Mena Pérez,Morón de la Frontera,Lácteos y quesos,"Quesos artesanos, lácteos, leche de cabra u oveja","Vereda del, Vereda Congosto o Pozo Amargo, 41530 Morón de la Frontera, Sevilla","Quesos Mena Ismael Mena Pérez es un productor local de Morón de la Frontera especializado en quesos artesanos, lácteos, leche de cabra u oveja, integrado en la oferta agroalimentaria de proximidad de la provincia de Sevilla.",Consultar web o venta directa,660 60 56 56,ismaelmena575@gmail.com,https://www.quesosmena.com/,,,https://www.google.com/maps/search/?api=1&query=Quesos%20Mena%20Ismael%20Mena%20P%C3%A9rez%2C%20Vereda%20del%2C%20Vereda%20Congosto%20o%20Pozo%20Amargo%2C%2041530%20Mor%C3%B3n%20de%20la%20Frontera%2C%20Sevilla&query_place_id=ChIJVQ2Wv2BhDQ0R5EJUdoxaiGc,37.112793,-5.4537472,,pendiente
aceitunas-la-andaluza-olivares,Aceitunas La Andaluza,Olivares,Aceitunas y encurtidos,"Aceitunas de mesa, encurtidos, aceituna sevillana","Ctra. Olivares Gerena, 12, 41804 Olivares, Sevilla","Aceitunas La Andaluza es un productor local de Olivares especializado en aceitunas de mesa, encurtidos, aceituna sevillana, integrado en la oferta agroalimentaria de proximidad de la provincia de Sevilla.",Consultar web o venta directa,955 70 17 16,ventas@aceitunaslaandaluza.com,https://aceitunaslaandaluza.com,,,https://www.google.com/maps/search/?api=1&query=Aceitunas%20La%20Andaluza%2C%20Ctra.%20Olivares%20Gerena%2C%2012%2C%2041804%20Olivares%2C%20Sevilla&query_place_id=ChIJ_f-rZZ0WEg0Rn6bZKIdD3oE,37.4237085,-6.1532144,,pendiente
patatas-hijas-de-castulo-encarnacion-garcia-rodriguez-olivares,Patatas Hijas de Castulo Encarnación García Rodríguez,Olivares,Aperitivos,"Patatas fritas, frutos secos, altramuces y aperitivos","C. Perpetuo Socorro, 24, 41804 Olivares, Sevilla","Patatas Hijas de Castulo Encarnación García Rodríguez es un productor local de Olivares especializado en patatas fritas, frutos secos, altramuces y aperitivos, integrado en la oferta agroalimentaria de proximidad de la provincia de Sevilla.",Consultar web o venta directa,954 11 11 79,patatasdecastulohijas@gmail.com,,,,https://www.google.com/maps/search/?api=1&query=Patatas%20Hijas%20de%20Castulo%20Encarnaci%C3%B3n%20Garc%C3%ADa%20Rodr%C3%ADguez%2C%20C.%20Perpetuo%20Socorro%2C%2024%2C%2041804%20Olivares%2C%20Sevilla&query_place_id=ChIJkxF8rZkWEg0R8okLMGOAPFQ,37.4173563,-6.160993899999999,,pendiente
1881-sat-1941-santa-teresa-osuna,1881 SAT 1941 Santa Teresa,Osuna,Aceite,"Aceite de oliva virgen extra, olivar sevillano, AOVE","Carretera Lantejuela, 1, Ctra. Lantejuela, 5, 41640 Osuna, Sevilla","1881 SAT 1941 Santa Teresa es un productor local de Osuna especializado en aceite de oliva virgen extra, olivar sevillano, aove, integrado en la oferta agroalimentaria de proximidad de la provincia de Sevilla.",Consultar web o venta directa,954 81 09 50,1881@1881.es,https://1881.es,,,https://www.google.com/maps/search/?api=1&query=1881%20SAT%201941%20Santa%20Teresa%2C%20Carretera%20Lantejuela%2C%201%2C%20Ctra.%20Lantejuela%2C%205%2C%2041640%20Osuna%2C%20Sevilla&query_place_id=ChIJoWFV3qSrEg0RxZYL6RiMrm8,37.2431423,-5.1105588,,pendiente
convento-purisima-concepcion-concepcionistas-franciscanas-convento-de-la-purisima-concepcion-osuna,Convento Purísima Concepción Concepcionistas Franciscanas Convento de la Purísima Concepción,Osuna,Pan y pastelería,"Pan, picos, regañás, dulces y repostería","C. Sevilla, 1, 41640 Osuna, Sevilla","Convento Purísima Concepción Concepcionistas Franciscanas Convento de la Purísima Concepción es un productor local de Osuna especializado en pan, picos, regañás, dulces y repostería, integrado en la oferta agroalimentaria de proximidad de la provincia de Sevilla.",Consultar web o venta directa,954 81 04 25,conceposuna@hotmail.com,,,,https://www.google.com/maps/search/?api=1&query=Convento%20Pur%C3%ADsima%20Concepci%C3%B3n%20Concepcionistas%20Franciscanas%20Convento%20de%20la%20Pur%C3%ADsima%20Concepci%C3%B3n%2C%20C.%20Sevilla%2C%201%2C%2041640%20Osuna%2C%20Sevilla&query_place_id=ChIJszznCamrEg0RefLxefI-Tk4,37.237337,-5.1041512,,pendiente
herriza-de-la-lobilla-oleico-pallares-osuna,Herriza de la Lobilla Oleico Pallares,Osuna,Aceite,"Aceite de oliva virgen extra, olivar sevillano, AOVE","P.I, C. Carraca Europea, 23, 41640 Las Vegas, Sevilla","Herriza de la Lobilla Oleico Pallares es un productor local de Osuna especializado en aceite de oliva virgen extra, olivar sevillano, aove, integrado en la oferta agroalimentaria de proximidad de la provincia de Sevilla.",Consultar web o venta directa,854 56 13 13,alvaro@pallares.es,https://pallares.es,,,https://www.google.com/maps/search/?api=1&query=Herriza%20de%20la%20Lobilla%20Oleico%20Pallares%2C%20P.I%2C%20C.%20Carraca%20Europea%2C%2023%2C%2041640%20Las%20Vegas%2C%20Sevilla&query_place_id=ChIJecC9yU2rEg0RWT2mKjYFtxc,37.23933,-5.129259999999999,,pendiente
mercedarias-descalzas-convento-de-la-encarnacion-osuna,Mercedarias Descalzas Convento de la Encarnación,Osuna,Pan y pastelería,"Pan, picos, regañás, dulces y repostería","Pl. la Encarnación, 2, 41640 Osuna, Sevilla","Mercedarias Descalzas Convento de la Encarnación es un productor local de Osuna especializado en pan, picos, regañás, dulces y repostería, integrado en la oferta agroalimentaria de proximidad de la provincia de Sevilla.",Consultar web o venta directa,954 81 11 21,mercedariasdescalzasosuna@hotmail.com,,,,https://www.google.com/maps/search/?api=1&query=Mercedarias%20Descalzas%20Convento%20de%20la%20Encarnaci%C3%B3n%2C%20Pl.%20la%20Encarnaci%C3%B3n%2C%202%2C%2041640%20Osuna%2C%20Sevilla&query_place_id=ChIJUaXkdgerEg0R1t246zSNqIk,37.2382698,-5.1006975,,pendiente
monasterio-de-san-pedro-carmelitas-de-la-a-o-convento-de-san-pedro-osuna,Monasterio de San Pedro Carmelitas de la A O Convento de San Pedro,Osuna,Pan y pastelería,"Pan, picos, regañás, dulces y repostería","C. Cristo, 19, 41640 Osuna, Sevilla","Monasterio de San Pedro Carmelitas de la A O Convento de San Pedro es un productor local de Osuna especializado en pan, picos, regañás, dulces y repostería, integrado en la oferta agroalimentaria de proximidad de la provincia de Sevilla.",Consultar web o venta directa,954 81 06 47,carmelosanpedro@gmail.com,,,,https://www.google.com/maps/search/?api=1&query=Monasterio%20de%20San%20Pedro%20Carmelitas%20de%20la%20A%20O%20Convento%20de%20San%20Pedro%2C%20C.%20Cristo%2C%2019%2C%2041640%20Osuna%2C%20Sevilla&query_place_id=ChIJa1nmIK-rEg0RF9VgSFbya84,37.2381041,-5.1078291,,pendiente
senorio-del-sabinal-grupo-foods-olive-osuna-osuna,Señorío del Sabinal Grupo Foods Olive Osuna,Osuna,Aceite,"Aceite de oliva virgen extra, olivar sevillano, AOVE","41640 Osuna, Sevilla","Señorío del Sabinal Grupo Foods Olive Osuna es un productor local de Osuna especializado en aceite de oliva virgen extra, olivar sevillano, aove, integrado en la oferta agroalimentaria de proximidad de la provincia de Sevilla.",Consultar web o venta directa,854 56 35 06,info@senoriodelsabinal.com,https://senoriodelsabinal.com,https://www.facebook.com/senoriodelsabinal/,https://www.instagram.com/aceitesenoriodelsabinal/,https://www.google.com/maps/search/?api=1&query=Se%C3%B1or%C3%ADo%20del%20Sabinal%20Grupo%20Foods%20Olive%20Osuna%2C%2041640%20Osuna%2C%20Sevilla&query_place_id=ChIJfe56buqrEg0RU37DRejBnxU,37.2145633,-5.1109851,,pendiente
fermentados-artesanales-del-aljarafe-palomares-del-rio,Fermentados Artesanales del Aljarafe,Palomares del Río,Cerveza artesana,"Cerveza artesana, estilos propios, producción local","Av. Coria, 31, C, 41928 Palomares del Río, Sevilla","Fermentados Artesanales del Aljarafe es un productor local de Palomares del Río especializado en cerveza artesana, estilos propios, producción local, integrado en la oferta agroalimentaria de proximidad de la provincia de Sevilla.",Consultar web o venta directa,614 37 63 12,fermentados.info@gmail.com,http://linktr.ee/fermentaljarafe,https://www.facebook.com/fermentaljarafe/,https://www.instagram.com/fermentaljarafe/,https://www.google.com/maps/search/?api=1&query=Fermentados%20Artesanales%20del%20Aljarafe%2C%20Av.%20Coria%2C%2031%2C%20C%2C%2041928%20Palomares%20del%20R%C3%ADo%2C%20Sevilla&query_place_id=ChIJx6WBnVNtEg0RJ_5yRfSTPjo,37.3204739,-6.059755300000001,,pendiente
el-descansillo-agrocarnes-barrera-paradas,El Descansillo Agrocarnes Barrera,Paradas,Charcutería,"Embutidos, jamones, carnes de la Sierra Norte","A-361, Km 4, 41610 Paradas, Sevilla","El Descansillo Agrocarnes Barrera es un productor local de Paradas especializado en embutidos, jamones, carnes de la sierra norte, integrado en la oferta agroalimentaria de proximidad de la provincia de Sevilla.",Consultar web o venta directa,,info@agromoron.com,https://agromoron.com,,,https://www.google.com/maps/search/?api=1&query=El%20Descansillo%20Agrocarnes%20Barrera%2C%20A-361%2C%20Km%204%2C%2041610%20Paradas%2C%20Sevilla&query_place_id=ChIJ8ze2OeaeEg0RuhZtXEJx5GQ,37.2334994,-5.4453906,,pendiente
altramuces-saladitos-hermabar-paradas,Altramuces Saladitos Hermabar,Paradas,Aperitivos,"Patatas fritas, frutos secos, altramuces y aperitivos","Autovia A-92, Km 46, 41610 Paradas, Sevilla","Altramuces Saladitos Hermabar es un productor local de Paradas especializado en patatas fritas, frutos secos, altramuces y aperitivos, integrado en la oferta agroalimentaria de proximidad de la provincia de Sevilla.",Consultar web o venta directa,954 84 91 49,info@saladitos.com,https://saladitos.com,,,https://www.google.com/maps/search/?api=1&query=Altramuces%20Saladitos%20Hermabar%2C%20Autovia%20A-92%2C%20Km%2046%2C%2041610%20Paradas%2C%20Sevilla&query_place_id=ChIJ4aYF6N-eEg0R80C43xu-M4I,37.276935,-5.484382,,pendiente
grupo-buzon-carnicas-buzon-paradas,Grupo Buzón Cárnicas Buzón,Paradas,Despensa artesanal,"Elaborados artesanos, platos preparados y despensa local","C. Fernando Villalón, S/N, 41610 Paradas, Sevilla","Grupo Buzón Cárnicas Buzón es un productor local de Paradas especializado en elaborados artesanos, platos preparados y despensa local, integrado en la oferta agroalimentaria de proximidad de la provincia de Sevilla.",Consultar web o venta directa,670 72 90 10,administracion@grupobuzon.com,https://grupobuzon.com,,,https://www.google.com/maps/search/?api=1&query=Grupo%20Buz%C3%B3n%20C%C3%A1rnicas%20Buz%C3%B3n%2C%20C.%20Fernando%20Villal%C3%B3n%2C%20S%2FN%2C%2041610%20Paradas%2C%20Sevilla&query_place_id=ChIJp4wjudqbEg0R-AzyPlJk-3s,37.2866592,-5.4870691,,pendiente
la-pedrerena-la-pedrerena-olivas-pedrera,La Pedrereña La Pedrereña Olivas,Pedrera,Aceitunas y encurtidos,"Aceitunas de mesa, encurtidos, aceituna sevillana","Cerro del Ojo, Carretera Pedrera, s/n, 41566 Pedrera, Sevilla","La Pedrereña La Pedrereña Olivas es un productor local de Pedrera especializado en aceitunas de mesa, encurtidos, aceituna sevillana, integrado en la oferta agroalimentaria de proximidad de la provincia de Sevilla.",Consultar web o venta directa,645 62 41 40,comercial@lapedrerena.com,https://lapedrerena.com,https://www.facebook.com/lapedrerenaaceitunas/,https://www.instagram.com/lapedrerena/,https://www.google.com/maps/search/?api=1&query=La%20Pedrere%C3%B1a%20La%20Pedrere%C3%B1a%20Olivas%2C%20Cerro%20del%20Ojo%2C%20Carretera%20Pedrera%2C%20s%2Fn%2C%2041566%20Pedrera%2C%20Sevilla&query_place_id=ChIJQbtGshxXbQ0RM_dE-lr_GlY,37.23178970000001,-4.8966924,,pendiente
panflor-juan-bautista-riejos-ortega-penaflor,Panflor Juan Bautista Riejos Ortega,Peñaflor,Pan y pastelería,"Pan, picos, regañás, dulces y repostería","C. San Pedro, 2, 41470 Peñaflor, Sevilla","Panflor Juan Bautista Riejos Ortega es un productor local de Peñaflor especializado en pan, picos, regañás, dulces y repostería, integrado en la oferta agroalimentaria de proximidad de la provincia de Sevilla.",Consultar web o venta directa,,jbriejos@gmail.com,,,,https://www.google.com/maps/search/?api=1&query=Panflor%20Juan%20Bautista%20Riejos%20Ortega%2C%20C.%20San%20Pedro%2C%202%2C%2041470%20Pe%C3%B1aflor%2C%20Sevilla&query_place_id=ChIJecME6wfdEg0RGODPdEreuiA,37.707,-5.34772,,pendiente
bodega-y-vinedo-dehesa-del-zarco-juan-diego-moreno-rodriguez-pilas,Bodega y Viñedo Dehesa del Zarco Juan Diego Moreno Rodríguez,Pilas,Bodega,"Vinos de Sevilla, mosto, licores y enoturismo","Ctra. Circunvalación, 399, 41840 Pilas, Sevilla","Bodega y Viñedo Dehesa del Zarco Juan Diego Moreno Rodríguez es un productor local de Pilas especializado en vinos de sevilla, mosto, licores y enoturismo, integrado en la oferta agroalimentaria de proximidad de la provincia de Sevilla.",Consultar web o venta directa,600 78 12 79,juandimr88@gmail.com,http://www.dehesadelzarco.com/,,,https://www.google.com/maps/search/?api=1&query=Bodega%20y%20Vi%C3%B1edo%20Dehesa%20del%20Zarco%20Juan%20Diego%20Moreno%20Rodr%C3%ADguez%2C%20Ctra.%20Circunvalaci%C3%B3n%2C%20399%2C%2041840%20Pilas%2C%20Sevilla&query_place_id=ChIJO5WwQa0FEg0RBOinZIpo01k,37.29699919999999,-6.3201938,,pendiente
campos-carnes-ecologicas-pilas,Campos Carnes Ecológicas,Pilas,Charcutería,"Embutidos, jamones, carnes de la Sierra Norte","Av. el Aljarafe, 29, 41840 Pilas, Sevilla","Campos Carnes Ecológicas es un productor local de Pilas especializado en embutidos, jamones, carnes de la sierra norte, integrado en la oferta agroalimentaria de proximidad de la provincia de Sevilla.",Consultar web o venta directa,955 75 25 21,consultas@camposcarneecologica.com,https://camposcarneecologica.com,https://www.facebook.com/camposcarnesecologicas/,https://www.instagram.com/campos_carnes/,https://www.google.com/maps/search/?api=1&query=Campos%20Carnes%20Ecol%C3%B3gicas%2C%20Av.%20el%20Aljarafe%2C%2029%2C%2041840%20Pilas%2C%20Sevilla&query_place_id=ChIJtSkVFTMbEg0RTSt3mgYwrVI,37.3026639,-6.2945937,,pendiente
cobelen-pilas,Cobelen,Pilas,Aceitunas y encurtidos,"Aceitunas de mesa, encurtidos, aceituna sevillana","Av. el Aljarafe, 94 Nave, 41840 Pilas, Sevilla","Cobelen es un productor local de Pilas especializado en aceitunas de mesa, encurtidos, aceituna sevillana, integrado en la oferta agroalimentaria de proximidad de la provincia de Sevilla.",Consultar web o venta directa,954 75 01 00,cobelen@cobelen.es,https://cobelen.es,,,https://www.google.com/maps/search/?api=1&query=Cobelen%2C%20Av.%20el%20Aljarafe%2C%2094%20Nave%2C%2041840%20Pilas%2C%20Sevilla&query_place_id=ChIJlcI1Ey0bEg0R2yYNmQuPvrA,37.3026809,-6.289064799999999,,pendiente
prunaoliva-pruna,Prunaoliva,Pruna,Aceite,"Aceite de oliva virgen extra, olivar sevillano, AOVE","Av. de los Emigrantes, 12, 41670 Pruna, Sevilla","Prunaoliva es un productor local de Pruna especializado en aceite de oliva virgen extra, olivar sevillano, aove, integrado en la oferta agroalimentaria de proximidad de la provincia de Sevilla.",Consultar web o venta directa,954 85 85 30,info@prunaoliva.com,https://prunaoliva.com,,,https://www.google.com/maps/search/?api=1&query=Prunaoliva%2C%20Av.%20de%20los%20Emigrantes%2C%2012%2C%2041670%20Pruna%2C%20Sevilla&query_place_id=ChIJKdjR5oZPDQ0R6UzdwPKpPd4,36.97511,-5.223619999999999,,pendiente
la-alqueria-de-pruna-salvador-marquez-chacon-pruna,La Alqueria de Pruna Salvador Márquez Chacón,Pruna,Bodega,"Vinos de Sevilla, mosto, licores y enoturismo","Camino del Rancho, s/n, 41670 Pruna, Sevilla","La Alqueria de Pruna Salvador Márquez Chacón es un productor local de Pruna especializado en vinos de sevilla, mosto, licores y enoturismo, integrado en la oferta agroalimentaria de proximidad de la provincia de Sevilla.",Consultar web o venta directa,617 55 15 75,,https://www.laalqueriadepruna.com,,,https://www.google.com/maps/search/?api=1&query=La%20Alqueria%20de%20Pruna%20Salvador%20M%C3%A1rquez%20Chac%C3%B3n%2C%20Camino%20del%20Rancho%2C%20s%2Fn%2C%2041670%20Pruna%2C%20Sevilla&query_place_id=ChIJMw9gRenyy0ERohHUuBJLjXM,36.9796348,-5.2323286,,pendiente
patatas-fritas-las-de-pruna-grande-y-ponce-pruna,Patatas Fritas Las de Pruna Grande y Ponce,Pruna,Aperitivos,"Patatas fritas, frutos secos, altramuces y aperitivos","POLIGONO INDUSTRIAL LA QUINTA NAVE Nº 3, 41670 Pruna, Sevilla","Patatas Fritas Las de Pruna Grande y Ponce es un productor local de Pruna especializado en patatas fritas, frutos secos, altramuces y aperitivos, integrado en la oferta agroalimentaria de proximidad de la provincia de Sevilla.",Consultar web o venta directa,681 26 73 53,lasdepruna@gmail.com,http://lasdepruna.es/,,,https://www.google.com/maps/search/?api=1&query=Patatas%20Fritas%20Las%20de%20Pruna%20Grande%20y%20Ponce%2C%20POLIGONO%20INDUSTRIAL%20LA%20QUINTA%20NAVE%20N%C2%BA%203%2C%2041670%20Pruna%2C%20Sevilla&query_place_id=ChIJz7BZ4XJPDQ0Rwigtzhx6dxg,36.9765602,-5.2249416,,pendiente
queseria-cabanil-agroalimentaria-cabanil-salteras,Quesería Cabañil Agroalimentaria Cabañil,Salteras,Lácteos y quesos,"Quesos artesanos, lácteos, leche de cabra u oveja","C. Cristo de la Vera Cruz, 34, 41909 Salteras, Sevilla","Quesería Cabañil Agroalimentaria Cabañil es un productor local de Salteras especializado en quesos artesanos, lácteos, leche de cabra u oveja, integrado en la oferta agroalimentaria de proximidad de la provincia de Sevilla.",Consultar web o venta directa,633 50 98 81,info@cabanil.es,https://cabanil.es,https://www.facebook.com/queseriacabanil/,https://www.instagram.com/queseriacabanil/,https://www.google.com/maps/search/?api=1&query=Queser%C3%ADa%20Caba%C3%B1il%20Agroalimentaria%20Caba%C3%B1il%2C%20C.%20Cristo%20de%20la%20Vera%20Cruz%2C%2034%2C%2041909%20Salteras%2C%20Sevilla&query_place_id=ChIJ-UuexdcVEg0RBe69KNJ2tak,37.416204,-6.110659,,pendiente
salsas-moja-matias-romero-diaz-salteras,Salsas Moja Matías Romero Díaz,Salteras,Conservas vegetales,"Conservas vegetales, salsas, tomate y elaborados de huerta","Pol. Ind. Malpesa, Av. de la Industria, 60, 41909 Salteras, Sevilla","Salsas Moja Matías Romero Díaz es un productor local de Salteras especializado en conservas vegetales, salsas, tomate y elaborados de huerta, integrado en la oferta agroalimentaria de proximidad de la provincia de Sevilla.",Consultar web o venta directa,955 70 76 00,salsasmoja@gmail.com,,,,https://www.google.com/maps/search/?api=1&query=Salsas%20Moja%20Mat%C3%ADas%20Romero%20D%C3%ADaz%2C%20Pol.%20Ind.%20Malpesa%2C%20Av.%20de%20la%20Industria%2C%2060%2C%2041909%20Salteras%2C%20Sevilla&query_place_id=ChIJsYWG1lwUEg0RLJyesyaJk0s,37.4194302,-6.1205321,,pendiente
tu-otra-cocina-tu-otra-cocina-spain-salteras,Tu Otra Cocina Tu Otra Cocina Spain,Salteras,Despensa artesanal,"Elaborados artesanos, platos preparados y despensa local","Av. de la Industria, 44, 41909 Salteras, Sevilla","Tu Otra Cocina Tu Otra Cocina Spain es un productor local de Salteras especializado en elaborados artesanos, platos preparados y despensa local, integrado en la oferta agroalimentaria de proximidad de la provincia de Sevilla.",Consultar web o venta directa,600 23 35 58,info@tuotracocina.com,https://tuotracocina.com,,,https://www.google.com/maps/search/?api=1&query=Tu%20Otra%20Cocina%20Tu%20Otra%20Cocina%20Spain%2C%20Av.%20de%20la%20Industria%2C%2044%2C%2041909%20Salteras%2C%20Sevilla&query_place_id=ChIJc7rZ1D0VEg0RowkQt0sa45w,37.4209615,-6.1204119,,pendiente
embutidos-el-manantial-jose-antonio-garcia-rocho-san-nicolas-del-puerto,Embutidos El Manantial José Antonio García Rocho,San Nicolás del Puerto,Charcutería,"Embutidos, jamones, carnes de la Sierra Norte","Av. de Hueznar, 30, 41388 San Nicolás del Puerto, Sevilla","Embutidos El Manantial José Antonio García Rocho es un productor local de San Nicolás del Puerto especializado en embutidos, jamones, carnes de la sierra norte, integrado en la oferta agroalimentaria de proximidad de la provincia de Sevilla.",Consultar web o venta directa,617 09 80 45,sierraadentro@gmail.com,,,,https://www.google.com/maps/search/?api=1&query=Embutidos%20El%20Manantial%20Jos%C3%A9%20Antonio%20Garc%C3%ADa%20Rocho%2C%20Av.%20de%20Hueznar%2C%2030%2C%2041388%20San%20Nicol%C3%A1s%20del%20Puerto%2C%20Sevilla&query_place_id=ChIJoxcGjgwGEw0RElhTiP3lgNM,37.9928199,-5.6520801,,pendiente
l-andalusi-panaderia-sanlucar-la-mayor,L'Andalusí Panadería,Sanlúcar la Mayor,Pan y pastelería,"Pan, picos, regañás, dulces y repostería","C. Isaac Peral, 8, 41800 Sanlúcar la Mayor, Sevilla","L'Andalusí Panadería es un productor local de Sanlúcar la Mayor especializado en pan, picos, regañás, dulces y repostería, integrado en la oferta agroalimentaria de proximidad de la provincia de Sevilla.",Consultar web o venta directa,955 70 35 78,contacto@panaderialaandalusi.com,https://panaderialaandalusi.com,,,https://www.google.com/maps/search/?api=1&query=L'Andalus%C3%AD%20Panader%C3%ADa%2C%20C.%20Isaac%20Peral%2C%208%2C%2041800%20Sanl%C3%BAcar%20la%20Mayor%2C%20Sevilla&query_place_id=ChIJfZGGQdQQEg0Rtj-BPQ_4pSY,37.3655508,-6.198441600000001,,pendiente
la-gloria-la-gloria-de-sanlucar-sanlucar-la-mayor,La Gloria La Gloria de Sanlucar,Sanlúcar la Mayor,Pan y pastelería,"Pan, picos, regañás, dulces y repostería","C. Pinta, 3, 41800 Sanlúcar la Mayor, Sevilla","La Gloria La Gloria de Sanlucar es un productor local de Sanlúcar la Mayor especializado en pan, picos, regañás, dulces y repostería, integrado en la oferta agroalimentaria de proximidad de la provincia de Sevilla.",Consultar web o venta directa,622 72 67 86,lagloriadesanlucar@gmail.com,,,,https://www.google.com/maps/search/?api=1&query=La%20Gloria%20La%20Gloria%20de%20Sanlucar%2C%20C.%20Pinta%2C%203%2C%2041800%20Sanl%C3%BAcar%20la%20Mayor%2C%20Sevilla&query_place_id=ChIJK3tQ10AREg0RodfcYU-x_Yk,37.38731,-6.2004133,,pendiente
d-cabo-chicharrones-sevilla,D'Cabo Chicharrones,Sevilla,Charcutería,"Embutidos, jamones, carnes de la Sierra Norte","MERCASEVILLA NAVES POLIVALENTES 8 Y18, 41020 Sevilla","D'Cabo Chicharrones es un productor local de Sevilla especializado en embutidos, jamones, carnes de la sierra norte, integrado en la oferta agroalimentaria de proximidad de la provincia de Sevilla.",Consultar web o venta directa,954 51 24 21,dcabochicharrones@gmail.com,https://chicharronesdesevilla.blogspot.com.es/,,,https://www.google.com/maps/search/?api=1&query=D'Cabo%20Chicharrones%2C%20MERCASEVILLA%20NAVES%20POLIVALENTES%208%20Y18%2C%2041020%20Sevilla&query_place_id=ChIJxVLy_CNvEg0RTenhIzQhxo8,37.388239,-5.935452,,pendiente
enboca-aove-ecologico-enboca-aove-ecologico-premium-sevilla,Enboca Aove Ecológico Enboca Aove Ecológico Premium,Sevilla,Aceite,"Aceite de oliva virgen extra, olivar sevillano, AOVE","Carretera de la Presa, SE-452, km 6, 5, 41540 La Puebla de Cazalla, Sevilla","Enboca Aove Ecológico Enboca Aove Ecológico Premium es un productor local de Sevilla especializado en aceite de oliva virgen extra, olivar sevillano, aove, integrado en la oferta agroalimentaria de proximidad de la provincia de Sevilla.",Consultar web o venta directa,668 56 17 52,info@aoveenboca.com,https://aoveenboca.com,,https://www.instagram.com/aoveenboca/,https://www.google.com/maps/search/?api=1&query=Enboca%20Aove%20Ecol%C3%B3gico%20Enboca%20Aove%20Ecol%C3%B3gico%20Premium%2C%20Carretera%20de%20la%20Presa%2C%20SE-452%2C%20km%206%2C%205%2C%2041540%20La%20Puebla%20de%20Cazalla%2C%20Sevilla&query_place_id=ChIJv057xFanEg0R6_La4UeXs0M,37.1964337,-5.2324379,,pendiente
la-papa-que-llevas-patatas-artesanas-del-sur-sevilla,La Papa que llevas Patatas Artesanas del Sur,Sevilla,Aperitivos,"Patatas fritas, frutos secos, altramuces y aperitivos","C. Juan de Mesa, 4, Casco Antiguo, 41003 Sevilla","La Papa que llevas Patatas Artesanas del Sur es un productor local de Sevilla especializado en patatas fritas, frutos secos, altramuces y aperitivos, integrado en la oferta agroalimentaria de proximidad de la provincia de Sevilla.",Consultar web o venta directa,955 12 10 38,info@lapapaquellevas.es,https://lapapaquellevas.es,,,https://www.google.com/maps/search/?api=1&query=La%20Papa%20que%20llevas%20Patatas%20Artesanas%20del%20Sur%2C%20C.%20Juan%20de%20Mesa%2C%204%2C%20Casco%20Antiguo%2C%2041003%20Sevilla&query_place_id=ChIJj3zrYANsEg0RHDExsH4ebc4,37.3928501,-5.988317299999999,,pendiente
mariscos-espinosa-manuel-espinosa-alonso-sevilla,Mariscos Espinosa Manuel Espinosa Alonso,Sevilla,Despensa artesanal,"Elaborados artesanos, platos preparados y despensa local","C. Vereda de Poco Aceite, 15, Norte, 41020 Sevilla","Mariscos Espinosa Manuel Espinosa Alonso es un productor local de Sevilla especializado en elaborados artesanos, platos preparados y despensa local, integrado en la oferta agroalimentaria de proximidad de la provincia de Sevilla.",Consultar web o venta directa,607 87 87 13,manuel@mariscosespinosa.es,https://mariscosespinosa.es,https://www.facebook.com/MariscosEspinosaSevilla/,https://www.instagram.com/mariscosespinosa/,https://www.google.com/maps/search/?api=1&query=Mariscos%20Espinosa%20Manuel%20Espinosa%20Alonso%2C%20C.%20Vereda%20de%20Poco%20Aceite%2C%2015%2C%20Norte%2C%2041020%20Sevilla&query_place_id=ChIJG6-Em-hoEg0RmuTkzwsS4TA,37.4298426,-5.9300503,,pendiente
orangitas-de-sevilla-y-drawings-amparo-morales-fernandez-sevilla,Orangitas de Sevilla & Drawings Amparo Morales Fernández,Sevilla,Pan y pastelería,"Pan, picos, regañás, dulces y repostería","C. Mezquita, 6 Acc, Casco Antiguo, 41004 Sevilla","Orangitas de Sevilla & Drawings Amparo Morales Fernández es un productor local de Sevilla especializado en pan, picos, regañás, dulces y repostería, integrado en la oferta agroalimentaria de proximidad de la provincia de Sevilla.",Consultar web o venta directa,679 91 83 73,sevilla@orangitas.com,https://orangitas.com,,,https://www.google.com/maps/search/?api=1&query=Orangitas%20de%20Sevilla%20%26%20Drawings%20Amparo%20Morales%20Fern%C3%A1ndez%2C%20C.%20Mezquita%2C%206%20Acc%2C%20Casco%20Antiguo%2C%2041004%20Sevilla&query_place_id=ChIJobKzCSVtEg0Rb1wjST1BJE0,37.3853495,-5.9880857,,pendiente
salsas-quietud-sevilla,Salsas Quietud,Sevilla,Conservas vegetales,"Conservas vegetales, salsas, tomate y elaborados de huerta","P.º de las Delicias, nº 1, Casco Antiguo, 41001 Sevilla","Salsas Quietud es un productor local de Sevilla especializado en conservas vegetales, salsas, tomate y elaborados de huerta, integrado en la oferta agroalimentaria de proximidad de la provincia de Sevilla.",Consultar web o venta directa,600 96 46 04,julio.estalella@salsasquietud.com,http://www.salsasquietud.com/,,,https://www.google.com/maps/search/?api=1&query=Salsas%20Quietud%2C%20P.%C2%BA%20de%20las%20Delicias%2C%20n%C2%BA%201%2C%20Casco%20Antiguo%2C%2041001%20Sevilla&query_place_id=ChIJk8kQY-ZtEg0RdV03a3Ph0DU,37.3821595,-5.995516400000001,,pendiente
bodegas-f-salado-umbrete,Bodegas F. Salado,Umbrete,Bodega,"Vinos de Sevilla, mosto, licores y enoturismo","Cam. de Merida, 14, 41806 Umbrete, Sevilla","Bodegas F. Salado es un productor local de Umbrete especializado en vinos de sevilla, mosto, licores y enoturismo, integrado en la oferta agroalimentaria de proximidad de la provincia de Sevilla.",Consultar web o venta directa,955 71 56 01,bodegassalado@hotmail.com,http://www.bodegassalado.es/,,,https://www.google.com/maps/search/?api=1&query=Bodegas%20F.%20Salado%2C%20Cam.%20de%20Merida%2C%2014%2C%2041806%20Umbrete%2C%20Sevilla&query_place_id=ChIJqb7R4GAREg0RdNHaxDGsQ7o,37.372587,-6.159594999999999,,pendiente
escamilla-aceituna-sevillana-escamilla-sat-2080-umbrete,Escamilla Aceituna Sevillana Escamilla Sat 2080,Umbrete,Aceitunas y encurtidos,"Aceitunas de mesa, encurtidos, aceituna sevillana","C. Domingo Martinez, 32, 41806 Umbrete, Sevilla","Escamilla Aceituna Sevillana Escamilla Sat 2080 es un productor local de Umbrete especializado en aceitunas de mesa, encurtidos, aceituna sevillana, integrado en la oferta agroalimentaria de proximidad de la provincia de Sevilla.",Consultar web o venta directa,955 71 56 00,comercial@escamilla.es,https://escamilla.es,,,https://www.google.com/maps/search/?api=1&query=Escamilla%20Aceituna%20Sevillana%20Escamilla%20Sat%202080%2C%20C.%20Domingo%20Martinez%2C%2032%2C%2041806%20Umbrete%2C%20Sevilla&query_place_id=ChIJmbd_X2EREg0R0HjG38zoHNI,37.36448,-6.15647,,pendiente
patatas-fritas-umbrete-umbrete,Patatas Fritas Umbrete,Umbrete,Aperitivos,"Patatas fritas, frutos secos, altramuces y aperitivos","C. Maria Fernandez Palacios, 9, 41806 Umbrete, Sevilla","Patatas Fritas Umbrete es un productor local de Umbrete especializado en patatas fritas, frutos secos, altramuces y aperitivos, integrado en la oferta agroalimentaria de proximidad de la provincia de Sevilla.",Consultar web o venta directa,955 71 54 38,info@patatasfritasumbrete.es,https://patatasfritasumbrete.es,https://www.facebook.com/patatasfritasumbrete/,,https://www.google.com/maps/search/?api=1&query=Patatas%20Fritas%20Umbrete%2C%20C.%20Maria%20Fernandez%20Palacios%2C%209%2C%2041806%20Umbrete%2C%20Sevilla&query_place_id=ChIJF3sB0mYREg0R2EW99vgV-zU,37.36868219999999,-6.158359799999999,,pendiente
cafes-mocaibo-diego-panal-sanchez-utrera,Cafés Mocaibo Diego Panal Sánchez,Utrera,Café,"Café tostado, mezclas, café de especialidad","Pol. Ind. la Morera, C. Carreros, 19-23, 41710 Utrera, Sevilla","Cafés Mocaibo Diego Panal Sánchez es un productor local de Utrera especializado en café tostado, mezclas, café de especialidad, integrado en la oferta agroalimentaria de proximidad de la provincia de Sevilla.",Consultar web o venta directa,954 87 30 07,tienda@mocaibo.es,https://mocaibo.es,,,https://www.google.com/maps/search/?api=1&query=Caf%C3%A9s%20Mocaibo%20Diego%20Panal%20S%C3%A1nchez%2C%20Pol.%20Ind.%20la%20Morera%2C%20C.%20Carreros%2C%2019-23%2C%2041710%20Utrera%2C%20Sevilla&query_place_id=ChIJaa1prtB-Eg0Rc-iK0SIjMOY,37.20134,-5.80699,,pendiente
destileria-la-flor-de-utrera-utrera,Destilería La Flor de Utrera,Utrera,Bodega,"Anís, ginebra, vermut, licores y destilados","C. Industria, 20, 41710 Utrera, Sevilla","Destilería La Flor de Utrera es un productor local de Utrera especializado en anís, ginebra, vermut, licores y destilados, integrado en la oferta agroalimentaria de proximidad de la provincia de Sevilla.",Consultar web o venta directa,954 86 01 59,info@flordeutrera.es,https://flordeutrera.es,https://www.facebook.com/flordeutrera/,https://www.instagram.com/flordeutrera/,https://www.google.com/maps/search/?api=1&query=Destiler%C3%ADa%20La%20Flor%20de%20Utrera%2C%20C.%20Industria%2C%2020%2C%2041710%20Utrera%2C%20Sevilla&query_place_id=ChIJS7V3Nx9_Eg0ROjs6AdO2Xb8,37.1939726,-5.7916449,,pendiente
manzanilla-olive-oleand-utrera,Manzanilla Olive Oleand,Utrera,Aceitunas y encurtidos,"Aceitunas de mesa, encurtidos, aceituna sevillana","Ctra. Utrera-los Palacios, Km. 3.5, 41710 Utrera, Sevilla","Manzanilla Olive Oleand es un productor local de Utrera especializado en aceitunas de mesa, encurtidos, aceituna sevillana, integrado en la oferta agroalimentaria de proximidad de la provincia de Sevilla.",Consultar web o venta directa,954 86 33 95,comunicaciones@manzanillaolive.es,https://manzanillaolive.es,https://www.facebook.com/manzanillaolive/,https://www.instagram.com/manzanillaolive/,https://www.google.com/maps/search/?api=1&query=Manzanilla%20Olive%20Oleand%2C%20Ctra.%20Utrera-los%20Palacios%2C%20Km.%203.5%2C%2041710%20Utrera%2C%20Sevilla&query_place_id=ChIJG2i9o-54Eg0RCAQGIgk6saE,37.1814729,-5.840747299999999,,pendiente
panaderia-obando-utrera,Panadería Obando,Utrera,Pan y pastelería,"Pan, picos, regañás, dulces y repostería","Ctra. Utrera-Carmona, nave 13, 41710 Utrera, Sevilla","Panadería Obando es un productor local de Utrera especializado en pan, picos, regañás, dulces y repostería, integrado en la oferta agroalimentaria de proximidad de la provincia de Sevilla.",Consultar web o venta directa,954 86 07 43,info@panaderiaobando.com,https://panaderiaobando.com,,https://www.instagram.com/panaderiaobando/,https://www.google.com/maps/search/?api=1&query=Panader%C3%ADa%20Obando%2C%20Ctra.%20Utrera-Carmona%2C%20nave%2013%2C%2041710%20Utrera%2C%20Sevilla&query_place_id=ChIJ4w-lonJ_Eg0Ra-nJukz7RfA,37.1923183,-5.7890609,,pendiente
cervezas-vandalia-utrera,Cervezas Vandalia,Utrera,Cerveza artesana,"Cerveza artesana, estilos propios, producción local","C. Vendimiadores, 74, 41710 Utrera, Sevilla","Cervezas Vandalia es un productor local de Utrera especializado en cerveza artesana, estilos propios, producción local, integrado en la oferta agroalimentaria de proximidad de la provincia de Sevilla.",Consultar web o venta directa,744 61 07 71,info@cervezasvandalia.com,https://cervezasvandalia.com,,https://www.instagram.com/cervezasvandalia/,https://www.google.com/maps/search/?api=1&query=Cervezas%20Vandalia%2C%20C.%20Vendimiadores%2C%2074%2C%2041710%20Utrera%2C%20Sevilla&query_place_id=ChIJIy6-icd_Eg0Rog75hpTMKbE,37.200118,-5.8058175,,pendiente
bodegas-gongora-villanueva-del-ariscal,Bodegas Góngora,Villanueva del Ariscal,Bodega,"Vinos de Sevilla, mosto, licores y enoturismo","Calle Beato José Limón, SE-512, nº 1, 3, 41808 Villanueva del Ariscal, Sevilla","Bodegas Góngora es un productor local de Villanueva del Ariscal especializado en vinos de sevilla, mosto, licores y enoturismo, integrado en la oferta agroalimentaria de proximidad de la provincia de Sevilla.",Consultar web o venta directa,954 11 37 00,direccion2@bodegasgongora.com,https://bodegasgongora.com,https://www.facebook.com/BodegasGongora/,https://www.instagram.com/bodegasgongora/,https://www.google.com/maps/search/?api=1&query=Bodegas%20G%C3%B3ngora%2C%20Calle%20Beato%20Jos%C3%A9%20Lim%C3%B3n%2C%20SE-512%2C%20n%C2%BA%201%2C%203%2C%2041808%20Villanueva%20del%20Ariscal%2C%20Sevilla&query_place_id=ChIJNw46AQcUEg0RssAoMILwLlk,37.3956633,-6.1442543,,pendiente
horno-herederos-de-hermenegildo-martin-villaverde-del-rio,Horno Herederos de Hermenegildo Martín,Villaverde del Río,Pan y pastelería,"Pan, picos, regañás, dulces y repostería","C. Polvillo, 18, 41318 Villaverde del Río, Sevilla","Horno Herederos de Hermenegildo Martín es un productor local de Villaverde del Río especializado en pan, picos, regañás, dulces y repostería, integrado en la oferta agroalimentaria de proximidad de la provincia de Sevilla.",Consultar web o venta directa,955 73 67 43,panpandero31@gmail.com,,,,https://www.google.com/maps/search/?api=1&query=Horno%20Herederos%20de%20Hermenegildo%20Mart%C3%ADn%2C%20C.%20Polvillo%2C%2018%2C%2041318%20Villaverde%20del%20R%C3%ADo%2C%20Sevilla&query_place_id=ChIJd0wZnmhbEg0RXlwAVRWF8BY,37.58862999999999,-5.87383,,pendiente
productos-alimentarios-quesi-s-l-osuna,Productos Alimentarios Quesí S.L.,Osuna,Lácteos y quesos,"EL QUESÍ CON ORO, Queso Fresco Quesí","Osuna, Sevilla, España","Productor lácteo de Osuna incluido en el directorio World Cheese Awards con productos como EL QUESÍ CON ORO, Queso Fresco Quesí.",Consultar fuente,,,https://gff.co.uk/directory/producer/?id=48352,,,https://www.google.com/maps/search/?api=1&query=Productos%20Alimentarios%20Ques%C3%AD%20S.L.%2C%20Osuna%2C%20Sevilla%2C%20Espa%C3%B1a,,,,pendiente
quesos-los-vazquez-castilleja-del-campo,Quesos los Vazquez,Castilleja del Campo,Lácteos y quesos,"Antaño, Hogaño","Ctra. Sevilla-Huelva, km 580, 41810 Castilleja del Campo, Sevilla","Productor lácteo de Castilleja del Campo incluido en el directorio World Cheese Awards con productos como Antaño, Hogaño.",Consultar fuente,,,https://gff.co.uk/directory/producer/?id=48372,,https://www.instagram.com/quesoslosvazquez/,https://www.google.com/maps/search/?api=1&query=Quesos%20los%20Vazquez%2C%20Ctra.%20Sevilla-Huelva%2C%20km%20580%2C%2041810%20Castilleja%20del%20Campo%2C%20Sevilla,,,,pendiente
