slug,nombre,municipio,categoria,productos estrella,direccion,descripcion,horario,telefono,correo,web,Facebook,Instagram,Google Maps,lat,lon,imagen,verificacion,Venta online
aceite-de-arbequina-victoriano,Aceite de arbequina Victoriano,Badajoz,Aceite,Aceite de oliva,"C. Gaspar Mendez, 17b, 06011 Badajoz, Spain",Productor local de aceite de oliva y elaboraciones vinculadas al olivar pacense.,,620240240,vganivet@gmail.com,https://aovevictoriano.es/,https://es-la.facebook.com/aceitedearbequinavictoriano,,https://www.google.com/maps/search/?api=1&query=Victoriano%20organic&query_place_id=ChIJz-mLzg3lFg0RFZsdswsVCC4,38.8663803,-6.990363299999999,/productores/badajoz/aceite-de-arbequina-victoriano.webp,pendiente,no comprobado
aceites-bonet,Aceites Bonet,Olivenza,Aceite,Aceite de oliva,"Pl. Callao, 19, 06100 Olivenza, Badajoz, España",Productor local de aceite de oliva y elaboraciones vinculadas al olivar pacense.,,924490158 / 616494216,bonetcalidad@gmail.com,,,,https://www.google.com/maps/search/?api=1&query=Aceites%20Bonet&query_place_id=ChIJ21_gFVEnFw0RGMY0-8b0Y4E,38.6816418,-7.099255899999999,,pendiente,no comprobado
aceites-clemen,Aceites Clemen,Puebla de Sancho Pérez,Aceite,Aceite de oliva,"C. San Antonio, 9, 06310 Puebla de Sancho Pérez, Badajoz, España",Productor local de aceite de oliva y elaboraciones vinculadas al olivar pacense.,,924575214 / 620914092,info@aceitesclemen.com,https://www.aceitesclemen.com,https://www.facebook.com/AceitesClemen,https://www.instagram.com/aceitesclemen/,https://www.google.com/maps/search/?api=1&query=ACEITES%20CLEMEN&query_place_id=ChIJJ20oigf-Ew0RvWvWIMS8Sr0,38.3947578,-6.3987465,/productores/badajoz/aceites-clemen.webp,pendiente,no comprobado
aceites-juzgado,Aceites Juzgado,Monterrubio de la Serena,Aceite,Aceite de oliva,"Ctra. Helechal, Km 1,5. 06427, Monterrubio de la Serena, Badajoz",Productor local de aceite de oliva y elaboraciones vinculadas al olivar pacense.,,924610684 / 630891534,aceitesjuzgado@aceitesjuzgado.com,https://www.aceitesjuzgado.com/,https://www.facebook.com/profile.php?id=100075059574169,https://www.instagram.com/aceitesjuzgado/?hl=es,https://www.google.com/maps/search/?api=1&query=Aceites%20Juzgado%20Ctra.%20Helechal%2C%20Km%201%2C5.%2006427%2C%20Monterrubio%20de%20la%20Serena%2C%20Badajoz&query_place_id=EkVDdHJhLiBDaXJjdW52YWxhY2nDs24sIDA2NDI3IE1vbnRlcnJ1YmlvIGRlIGxhIFNlcmVuYSwgQmFkYWpveiwgU3BhaW4iLiosChQKEgkbQjK-wp4UDRE-PESL4ieOMRIUChIJvQEiA-ieFA0RhC16_vhkT5c,38.5903967,-5.4510312,/productores/badajoz/aceites-juzgado.webp,pendiente,no comprobado
aceites-obreo,Aceites Obreo,Fuente del Maestre,Aceite,Aceite de oliva,"Ctra. Villalba,1. 06360, Fuente del Maestre, Badajoz",Productor local de aceite de oliva y elaboraciones vinculadas al olivar pacense.,,924530028 / 627436001,aceitesobreo@gmail.com,https://www.aceitesobreo.com/,https://www.facebook.com/Aceites-Obreo-225647767822738/,,https://www.google.com/maps/search/?api=1&query=Aceites%20Obreo%20Ctra.%20Villalba%2C1.%2006360%2C%20Fuente%20del%20Maestre%2C%20Badajoz&query_place_id=ChIJ-z08gU6qFg0RB520RBudboQ,38.5310915,-6.4447245,/productores/badajoz/aceites-obreo.webp,pendiente,no comprobado
aceites-orellana,Aceites Orellana,Orellana la Vieja,Aceite,Aceite de oliva,"Calle Convento, 36, 06740 Orellana la Vieja, Badajoz",Productor local de aceite de oliva y elaboraciones vinculadas al olivar pacense.,,924866116 / 605688063,info@aceitesorellana.com,,https://es-la.facebook.com/people/Aceites-Orellana/100028989564484/,,https://www.google.com/maps/search/?api=1&query=Aceites%20Orellana%20Calle%20Convento%2C%2036%2C%2006740%20Orellana%20la%20Vieja%2C%20Badajoz&query_place_id=ChIJhWWvFZfvFA0R8nquANUc1QU,39.0064603,-5.5317371,,pendiente,no comprobado
aceites-siruela,Aceites Siruela,Siruela,Aceite,Aceite de oliva,"Avda. Guadalupe, 23. 06650, Siruela, Badajoz",Productor local de aceite de oliva y elaboraciones vinculadas al olivar pacense.,,615258392 / 673977858,gonzalomundi@hotmail.com,https://www.aceitessiruela.es/,,,https://www.google.com/maps/search/?api=1&query=Aceites%20Siruela%20Avda.%20Guadalupe%2C%2023.%2006650%2C%20Siruela%2C%20Badajoz&query_place_id=ChIJkwWvoEYzaw0RELBp1ED3tG8,38.9779233,-5.0452651,/productores/badajoz/aceites-siruela.webp,pendiente,no comprobado
albalata,Albalata,Los Santos de Maimona,Aceite,Aceite de oliva,"Pol. Ind. La Nava 14-15. 06230, Los Santos de Maimona,Badajoz",Productor local de aceite de oliva y elaboraciones vinculadas al olivar pacense.,,924543635,info@albalata.es,https://www.albalata.es/,https://www.facebook.com/Almazara-Ecol%C3%B3gica-Maimona-140798553113702/,https://www.instagram.com/almazaraecologica_maimona/,https://www.google.com/maps/search/?api=1&query=Albalata%20Pol.%20Ind.%20La%20Nava%2014-15.%2006230%2C%20Los%20Santos%20de%20Maimona%2CBadajoz&query_place_id=EjhMYSBOYXZhLCAxNCwgMDYyMzAgTG9zIFNhbnRvcyBkZSBNYWltb25hLCBCYWRham96LCBTcGFpbiIwEi4KFAoSCUdZjEKo_xMNEWR8imZOnndlEA4qFAoSCZON3Y4H_xMNEYlkBCNbi0tR,38.44695859999999,-6.3671709,/productores/badajoz/albalata.webp,pendiente,no comprobado
alguijuela,Alguijuela,Torremayor,Aceite,Aceite de oliva,"AVENIDA DE LA ESTACIÓN S/N, 06880 TORREMAYOR (BADAJOZ)",Productor local de aceite de oliva y elaboraciones vinculadas al olivar pacense.,,635293740 / 924145571,info@aceitesalguijuela.com,https://aceitesalguijuela.com/,https://www.facebook.com/almazaraalguijuela,https://www.instagram.com/aceitesalguijuela/,https://www.google.com/maps/search/?api=1&query=Alguijuela%20AVENIDA%20DE%20LA%20ESTACI%C3%93N%20S/N%2C%2006880%20TORREMAYOR%20%28BADAJOZ%29&query_place_id=ChIJFxUJBziaFg0RcAenyABkBBw,38.9178092,-6.5676625,/productores/badajoz/alguijuela.webp,pendiente,no comprobado
almazara-las-torres,Almazara las Torres,Medina de las Torres,Aceite,Aceite de oliva,"Calle Valencia, 7. 06320, Medina de las Torres, Badajoz",Productor local de aceite de oliva y elaboraciones vinculadas al olivar pacense.,,675981660 / 924560083,fernando@almazaralastorres.com,https://www.almazaralastorres.com/es/,https://www.facebook.com/almazaralastorres,,https://www.google.com/maps/search/?api=1&query=Almazara%20las%20Torres%20Calle%20Valencia%2C%207.%2006320%2C%20Medina%20de%20las%20Torres%2C%20Badajoz&query_place_id=ChIJ3eNfC9pXEQ0R5sD9cO3sBVM,38.3410132,-6.414308999999999,/productores/badajoz/almazara-las-torres.webp,pendiente,no comprobado
almazara-molero-maza,Almazara Molero Maza,Puebla de la Calzada,Aceite,Aceite de oliva,"C. Pista del Canal, km 1, 06498 Lobón, Badajoz, España",Productor local de aceite de oliva y elaboraciones vinculadas al olivar pacense.,,699856782,amoleromaza@hotmail.com,https://amoleromaza.com/,https://www.facebook.com/Almazaramoleromaza/,https://www.instagram.com/almazaramoleromaza/,https://www.google.com/maps/search/?api=1&query=Almazara%20Molero%20Maza&query_place_id=ChIJQ-6LzPKWFg0RV8kkPuT0Ymk,38.8495842,-6.6424013,/productores/badajoz/almazara-molero-maza.webp,pendiente,no comprobado
baeturia,Baeturia,Medina de las Torres,Aceite,Aceite de oliva,"Cristo,5 06320 Medina de las Torres, Badajoz",Productor local de aceite de oliva y elaboraciones vinculadas al olivar pacense.,,924560517,contacto@baeturia.es,https://www.baeturia.es/,https://www.facebook.com/BaeturiaOrganic,https://www.instagram.com/baeturia_organic/,https://www.google.com/maps/search/?api=1&query=Baeturia%20Cristo%2C5%2006320%20Medina%20de%20las%20Torres%2C%20Badajoz&query_place_id=ChIJwWgMjNBXEQ0RcwySAoZtjzw,38.3424359,-6.415087199999999,/productores/badajoz/baeturia.webp,pendiente,no comprobado
bio-alandre,Bio Alandre,Talarrubias,Aceite,Aceite de oliva,"Calle Jardín 8, 06640 Talarrubias, Badajoz",Productor local de aceite de oliva y elaboraciones vinculadas al olivar pacense.,,647526327,contabilidad@bioalandre.com,https://www.crolivareros.com/,https://www.facebook.com/people/CR-olivareros-1898/100057497475898/,https://www.instagram.com/cr_olivareros1898/,https://www.google.com/maps/search/?api=1&query=Bio%20Alandre%20Calle%20Jard%C3%ADn%208%2C%2006640%20Talarrubias%2C%20Badajoz&query_place_id=ChIJGQp74qzaFA0RKHyle9z2ewg,39.0389414,-5.2344674,/productores/badajoz/bio-alandre.webp,pendiente,no comprobado
cooperativa-san-isidro,Cooperativa San Isidro,Monesterio,Aceite,Aceite de oliva,"Barrio De La Cruz s/n, 06260 Monesterio, Badajoz",Productor local de aceite de oliva y elaboraciones vinculadas al olivar pacense.,,666570182,eva@coopsanisidro.com,,,,https://www.google.com/maps/search/?api=1&query=Cooperativa%20San%20Isidro%20Barrio%20De%20La%20Cruz%20s/n%2C%2006260%20Monesterio%2C%20Badajoz&query_place_id=ChIJV8eW8fHcEw0Rj4xdendz1p0,38.0913737,-6.2706759,,pendiente,no comprobado
el-lacara,El Lácara,Cordobilla de Lácara,Aceite,Aceite de oliva,"Paseo del Lácara, 22. 06487, Cordobilla de Lácara,Badajoz",Productor local de aceite de oliva y elaboraciones vinculadas al olivar pacense.,,924320124 / 630601801,info@aceiteslacara.com,http://www.aceiteslacara.com/,https://www.facebook.com/lacara.aceite,,https://www.google.com/maps/search/?api=1&query=El%20L%C3%A1cara%20Paseo%20del%20L%C3%A1cara%2C%2022.%2006487%2C%20Cordobilla%20de%20L%C3%A1cara%2CBadajoz&query_place_id=ChIJxxRvFtx_Fg0RKipBq92iKpE,39.1494307,-6.4330732,/productores/badajoz/el-lacara.webp,pendiente,no comprobado
ermita-del-ara,Ermita del Ara,Ahillones,Aceite,Aceite de oliva,"Calle Toledillo, 20. 06940, Ahillones, Badajoz",Productor local de aceite de oliva y elaboraciones vinculadas al olivar pacense.,,666709452,fernando@ermitadelara.com,https://www.ermitadelara.com/,https://www.facebook.com/Ermita-Del-Ara-1924944244453793/,https://www.instagram.com/ermitadelaragourmet/,https://www.google.com/maps/search/?api=1&query=Ermita%20del%20Ara%20Calle%20Toledillo%2C%2020.%2006940%2C%20Ahillones%2C%20Badajoz&query_place_id=ChIJZ5C5Xi-aEw0Rr8ejUDHv5gI,38.260799,-5.866719000000001,,pendiente,no comprobado
extrema-oliva,Extrema oliva,Navalvillar de Pela,Aceite,Aceite de oliva,"Calle Ramón y Cajal, 79. 06760, Navalvillar de Pela,Badajoz",Productor local de aceite de oliva y elaboraciones vinculadas al olivar pacense.,,924860376 / 609531690,extremaoliva@navalvillardepela.es,https://www.extremaoliva.com/,,,https://www.google.com/maps/search/?api=1&query=Extrema%20oliva%20Calle%20Ram%C3%B3n%20y%20Cajal%2C%2079.%2006760%2C%20Navalvillar%20de%20Pela%2CBadajoz&query_place_id=ChIJxX6twKPmFA0R8VZzIq5McH4,39.0922679,-5.4712616,/productores/badajoz/extrema-oliva.webp,pendiente,no comprobado
la-milagrosa,La Milagrosa,Monterrubio de la Serena,Aceite,Aceite de oliva,"Calle Cuesta de los tejares, s/n. 06427, Monterrubio dela Serena, Badajoz",Productor local de aceite de oliva y elaboraciones vinculadas al olivar pacense.,,924610440 / 692630795,administracion@aceitel.com,https://www.aceitel.com/,https://es-es.facebook.com/aceitel/,,https://www.google.com/maps/search/?api=1&query=La%20Milagrosa%20Calle%20Cuesta%20de%20los%20tejares%2C%20s/n.%2006427%2C%20Monterrubio%20dela%20Serena%2C%20Badajoz&query_place_id=ChIJvQEiA-ieFA0RhC16_vhkT5c,38.588169,-5.445022199999999,/productores/badajoz/la-milagrosa.webp,pendiente,no comprobado
la-monterrubiana,La Monterrubiana,Monterrubio de la Serena,Aceite,Aceite de oliva,"Calle Feria, 145. 06427, Monterrubio de la Serena,Badajoz",Productor local de aceite de oliva y elaboraciones vinculadas al olivar pacense.,,924610501,info@lamonterrubiana.com,https://lamonterrubiana.com/,https://es-la.facebook.com/people/Aceite-de-Oliva-La-Monterrubiana/100067532207812/,,https://www.google.com/maps/search/?api=1&query=La%20Monterrubiana%20Calle%20Feria%2C%20145.%2006427%2C%20Monterrubio%20de%20la%20Serena%2CBadajoz&query_place_id=ChIJw_dO5N-eFA0RFTL-Epm5_lk,38.5903254,-5.4367231,/productores/badajoz/la-monterrubiana.webp,pendiente,no comprobado
la-unidad,La Unidad,Monterrubio de la Serena,Aceite,Aceite de oliva,"Avda. Helechal s/n, 06427, Monterrubio de la Serena,Badajoz",Productor local de aceite de oliva y elaboraciones vinculadas al olivar pacense.,,610752112 / 924610088,jose@launidad.es,http://launidad.es/,https://www.facebook.com/aceitelaunidad,,https://www.google.com/maps/search/?api=1&query=La%20Unidad%20Avda.%20Helechal%20s/n%2C%2006427%2C%20Monterrubio%20de%20la%20Serena%2CBadajoz&query_place_id=ChIJD0PrUt6eFA0RqRHlrONYW7g,38.592614,-5.4382876,/productores/badajoz/la-unidad.webp,pendiente,no comprobado
marquesado-de-obando,Marquesado de Obando,Puebla de Obando,Aceite,Aceite de oliva,"Calle Horno, 3. 06191, Puebla de Obando, Badajoz",Productor local de aceite de oliva y elaboraciones vinculadas al olivar pacense.,,924407349 / 665614818,marquesadodeobando@gmail.com,,https://www.facebook.com/marquesadodeobando,,https://www.google.com/maps/search/?api=1&query=Marquesado%20de%20Obando%20Calle%20Horno%2C%203.%2006191%2C%20Puebla%20de%20Obando%2C%20Badajoz&query_place_id=ChIJZZeiSKxjFg0R8k1spbEbLXs,39.1774375,-6.6284277,,pendiente,no comprobado
mundioliva,Mundioliva,Siruela,Aceite,Aceite de oliva,"C. Barranquilla, 1, 06650 Siruela, Badajoz, España",Productor local de aceite de oliva y elaboraciones vinculadas al olivar pacense.,,627656994,sergiomr@mundioliva.com,https://mundioliva.com/,https://www.facebook.com/MundiOliva,,https://www.google.com/maps/search/?api=1&query=MundiOliva&query_place_id=ChIJORVYMUczaw0RCGsrQS9qGhw,38.9818345,-5.043018399999999,/productores/badajoz/mundioliva.webp,pendiente,no comprobado
naturvie,Naturvie,Guareña,Aceite,Aceite de oliva,"Extrarradio Diseminados, 16, 06475 Oliva de Mérida, Badajoz, España",Productor local de aceite de oliva y elaboraciones vinculadas al olivar pacense.,,924352312,admon@naturvie.com,https://www.naturvie.com/,https://www.facebook.com/Naturviegourmet,https://www.instagram.com/naturviegourmet/,https://www.google.com/maps/search/?api=1&query=Naturvie&query_place_id=ChIJ4ZQYJSgVFA0RH6fuFAf-Sz4,38.7665309,-6.117901499999999,/productores/badajoz/naturvie.webp,pendiente,no comprobado
ntra-senora-de-consolacion,Ntra. Señora de Consolación,Herrera del Duque,Aceite,Aceite de oliva,"Calle La Feria, 59. 06670, Herrera del Duque, Badajoz",Productor local de aceite de oliva y elaboraciones vinculadas al olivar pacense.,,924650055,coopconsolacion@hotmail.com,,,,https://www.google.com/maps/search/?api=1&query=Ntra.%20Se%C3%B1ora%20de%20Consolaci%C3%B3n%20Calle%20La%20Feria%2C%2059.%2006670%2C%20Herrera%20del%20Duque%2C%20Badajoz&query_place_id=ChIJCUgPFdYqaw0RagXZTXgK7T4,39.1709706,-5.053379899999999,,pendiente,no comprobado
ntra-senora-de-las-cruces,Ntra. Señora de las Cruces,Don Benito,Aceite,Aceite de oliva,"Calle Mesones, 9. 06400, Don Benito, Badajoz",Productor local de aceite de oliva y elaboraciones vinculadas al olivar pacense.,,924811301 / 667745814,coopvirgendelascruces@gmail.com,,,,https://www.google.com/maps/search/?api=1&query=Ntra.%20Se%C3%B1ora%20de%20las%20Cruces%20Calle%20Mesones%2C%209.%2006400%2C%20Don%20Benito%2C%20Badajoz&query_place_id=ChIJVQ4FPQ9bFA0R1C0tt-5tXJI,38.9534597,-5.8630743,,pendiente,no comprobado
oleicola-berlanguena,Oleícola Berlangueña,Berlanga,Aceite,Aceite de oliva,"Carrera de zalamea, s/n, 06930 Berlanga, Badajoz, España",Productor local de aceite de oliva y elaboraciones vinculadas al olivar pacense.,,610436681 / 678850089,berlanga@todoaceite.com,https://todoaceite.com/,https://www.facebook.com/OleicolaBerlanga/,https://www.instagram.com/oleicolaberlanguena/,https://www.google.com/maps/search/?api=1&query=Ole%C3%ADcola%20Berlangue%C3%B1a&query_place_id=ChIJna81pZabEw0RMG6_qKyiAkw,38.2877626,-5.8204961,/productores/badajoz/oleicola-berlanguena.webp,pendiente,no comprobado
oliva-nature,Oliva Nature,Mérida,Aceite,Aceite de oliva,"C. Camilo José Cela, 4, 06800 Mérida, Badajoz, España",Productor local de aceite de oliva y elaboraciones vinculadas al olivar pacense.,,654309170,info@olivanature.es,https://olivanature.es/,https://www.facebook.com/olivanature,https://www.instagram.com/olivanature.es/,https://www.google.com/maps/search/?api=1&query=Oliva%20Nature&query_place_id=ChIJUxmn1KsnFA0RTeXyPOqzUn0,38.9187775,-6.3436555,/productores/badajoz/oliva-nature.webp,pendiente,no comprobado
olivense,Olivense,Zafra,Aceite,Aceite de oliva,"Margarita Harrington, 11 1ºD. 06290, Zafra, Badajoz",Productor local de aceite de oliva y elaboraciones vinculadas al olivar pacense.,,693751705,nuriacabezas13@gmail.com,https://www.olivense.com/,,,https://www.google.com/maps/search/?api=1&query=Olivense%20Margarita%20Harrington%2C%2011%201%C2%BAD.%2006290%2C%20Zafra%2C%20Badajoz&query_place_id=Ej5DLiBNYXJnYXJpdGEgSGFycmluZ3RvbiwgMTEsIDHCumQsIDA2MzAwIFphZnJhLCBCYWRham96LCBTcGFpbiIgGh4KFgoUChIJDXkSZYtVEQ0RnLsVFg4cn18SBDHCumQ,38.4166473,-6.412557199999999,,pendiente,no comprobado
retamar-aceite-con-alma,Retamar Aceite con Alma,Guareña,Aceite,Aceite de oliva,"Pol. Ind. la Alberca, 4, NAVE B, 06470 Guareña, Badajoz, España",Productor local de aceite de oliva y elaboraciones vinculadas al olivar pacense.,,924350152 / 630160942,correo@aceiteretamar.es,https://www.aceiteretamar.es/,https://www.facebook.com/aceiteretamares,,https://www.google.com/maps/search/?api=1&query=Retamar%20Aceite%20con%20Alma&query_place_id=ChIJNQ6tc7w_FA0RYkMggWShS_Y,38.8576643,-6.0874349,/productores/badajoz/retamar-aceite-con-alma.webp,pendiente,no comprobado
sabor-de-extremadura,Sabor de Extremadura,Montijo,Aceite,Aceite de oliva,Polígono Industrial de Montijo.Herreros nº 6. 06480 Montijo,Productor local de aceite de oliva y elaboraciones vinculadas al olivar pacense.,,675597005,ventas@sabordeextremadura.es,https://www.sabordeextremadura.es/,,,https://www.google.com/maps/search/?api=1&query=Sabor%20de%20Extremadura%20Pol%C3%ADgono%20Industrial%20de%20Montijo.Herreros%20n%C2%BA%206.%2006480%20Montijo&query_place_id=ChIJDd8RzeaQFg0R7tpuhkgqF3A,38.9089185,-6.6172103,,pendiente,no comprobado
tentuoliva,Tentuoliva,Cabeza la Vaca,Aceite,Aceite de oliva,"C. Fontanilla, 14, 06293 Cabeza la Vaca, Badajoz, España",Productor local de aceite de oliva y elaboraciones vinculadas al olivar pacense.,,679482490,joseibarra@tentuoliva.com,https://www.tentuoliva.com/es/,https://www.facebook.com/tentuoliva/,https://www.instagram.com/tentuoliva/,https://www.google.com/maps/search/?api=1&query=Tentuoliva&query_place_id=ChIJ2S3_f8NhEQ0RKnFEKX5nF2o,38.0834067,-6.4211512,/productores/badajoz/tentuoliva.webp,pendiente,no comprobado
valdelaseras,Valdelaseras,La Codosera,Aceite,Aceite de oliva,"Finca Valdelaseras, 06518, La Tojera, La Codesera, Badajoz",Productor local de aceite de oliva y elaboraciones vinculadas al olivar pacense.,,629894242,anacanela35@yahoo.es,https://www.aceitevaldelaseras.com/,https://www.facebook.com/people/Valdelaseras-Aceites/100063744506417/,https://www.instagram.com/aceitevaldelaseras/,https://www.google.com/maps/search/?api=1&query=Valdelaseras%20Finca%20Valdelaseras%2C%2006518%2C%20La%20Tojera%2C%20La%20Codesera%2C%20Badajoz&query_place_id=ChIJO_oYca6uFw0RrZDsHxIfbzU,39.1876106,-7.187980199999999,/productores/badajoz/valdelaseras.webp,pendiente,no comprobado
vianoleo,Vianoleo,Don Benito,Aceite,Aceite de oliva,"Serrezuela 70, 06400 Don Benito, Badajoz, España",Productor local de aceite de oliva y elaboraciones vinculadas al olivar pacense.,,924804298 / 639305743,info@vianoleo.com,https://www.vianoleo.com/,https://www.facebook.com/Vianoleo,https://www.instagram.com/vianoleo/,https://www.google.com/maps/search/?api=1&query=Vianoleo&query_place_id=ChIJte9FQOZaFA0RolyCNOs3e9A,38.9743232,-5.8733754,/productores/badajoz/vianoleo.webp,pendiente,no comprobado
el-conchito,El Conchito,Puebla de Sancho Pérez,Aperitivos,Snacks,"Calle Felipe Checa 13, Puebla de Sancho Pérez, Badajoz",Productor local de aperitivos o snacks elaborados.,,629463327,elconchitog@gmail.com,https://elconchitogourmet.com/,https://www.facebook.com/elconchitog,https://www.instagram.com/elconchitogourmet/,https://www.google.com/maps/search/?api=1&query=El%20Conchito%20Calle%20Felipe%20Checa%2013%2C%20Puebla%20de%20Sancho%20P%C3%A9rez%2C%20Badajoz&query_place_id=ChIJxTOzBwb-Ew0RF1SQfWpPMNc,38.3997714,-6.3976429,/productores/badajoz/el-conchito.webp,pendiente,no comprobado
la-turruca,La Turruca,Azuaga,Aperitivos,Snacks,"C/ San José 11, 06920 Azuaga, Badajoz",Productor local de aperitivos o snacks elaborados.,,635958413 / 606034300,laturruca@gmail.com,https://laturruca.es/,https://www.facebook.com/people/Pistachos-la-Turruca/100076076978625/,https://www.instagram.com/laturruca/,https://www.google.com/maps/search/?api=1&query=La%20Turruca%20C/%20San%20Jos%C3%A9%2011%2C%2006920%20Azuaga%2C%20Badajoz&query_place_id=ChIJ352Hsid0Ew0RXi4ugj2z9Ds,38.2614464,-5.6753683,/productores/badajoz/la-turruca.webp,pendiente,no comprobado
patatas-fritas-mm,Patatas Fritas MM,Zalamea de la Serena,Aperitivos,Snacks,"Av. Primero de Mayo 26, 06430 Zalamea de la Serena, Badajoz",Productor local de aperitivos o snacks elaborados.,,685160699,patatasfritasmm@gmail.com,https://www.patatasfritasmm.es/,https://www.facebook.com/Patatas-Fritas-MM-1104279649634494/,,https://www.google.com/maps/search/?api=1&query=Patatas%20Fritas%20MM%20Av.%20Primero%20de%20Mayo%2026%2C%2006430%20Zalamea%20de%20la%20Serena%2C%20Badajoz&query_place_id=ChIJO-6HOGWGFA0RgLtrqauWusA,38.6512937,-5.6571361,,pendiente,no comprobado
roman-duran,Román Durán,Badajoz,Aperitivos,Snacks,"Avda. del Alcornoque, 22, 06011, Badajoz",Productor local de aperitivos o snacks elaborados.,,924260389 / 667778638,info@romanduran.es,http://www.romanduran.es/,,,https://www.google.com/maps/search/?api=1&query=Rom%C3%A1n%20Dur%C3%A1n%20Avda.%20del%20Alcornoque%2C%2022%2C%2006011%2C%20Badajoz&query_place_id=ChIJ6zifhPrnFg0RJLchybf01UY,38.8562058,-6.989747200000001,/productores/badajoz/roman-duran.webp,pendiente,no comprobado
territorios,Territorios,Arroyo de San Serván,Aperitivos,Snacks,"Calle la Resbaliza, 39, 06850 Arroyo de San Serván, Badajoz",Productor local de aperitivos o snacks elaborados.,,629440398,eva.agrozeo@hotmail.es,https://territoriospecanas.es/,https://www.facebook.com/nuecespecanasterritorios,https://www.instagram.com/nuecespecanasterritorios/,https://www.google.com/maps/search/?api=1&query=Territorios%20Calle%20la%20Resbaliza%2C%2039%2C%2006850%20Arroyo%20de%20San%20Serv%C3%A1n%2C%20Badajoz&query_place_id=ChIJK3Rx5feeFg0RVGPBsLR9crk,38.8626486,-6.4509192,/productores/badajoz/territorios.webp,pendiente,no comprobado
bodega-domblasco,Bodega Domblasco,Feria,Bodega,Vino y bebidas,"Bodega Domblasco  Carretera Ex-320  P. Km.18,2  Feria, Badajoz","Bodega local vinculada a vino, cava, licores u otras bebidas elaboradas en la provincia.",,699430832,leon.martinezconcha@gmail.com,https://www.domblasco.com/,https://es-es.facebook.com/bodegadomblasco/,https://www.instagram.com/bodegadomblasco/,https://www.google.com/maps/search/?api=1&query=Bodega%20Domblasco%20Bodega%20Domblasco%20%20Carretera%20Ex-320%20%20P.%20Km.18%2C2%20%20Feria%2C%20Badajoz&query_place_id=ChIJL2RhI6xNEQ0R0i9miPUVymw,38.4621104,-6.596361399999999,/productores/badajoz/bodega-domblasco.webp,pendiente,no comprobado
bodegas-angel-ortiz,Bodegas Ángel Ortiz,Zafra,Bodega,Vino y bebidas,"C. Mártires, 12, 06300 Zafra, Badajoz, España","Bodega local vinculada a vino, cava, licores u otras bebidas elaboradas en la provincia.",,625546700,info@bodegasangelortiz.com,http://www.bodegasangelortiz.com/,https://www.facebook.com/bodegasangelortiz,,https://www.google.com/maps/search/?api=1&query=bodegas%20%C3%A1ngel%20ortiz&query_place_id=ChIJz4BsNZBVEQ0RqpPsb6XFW4I,38.4224167,-6.419649400000001,/productores/badajoz/bodegas-angel-ortiz.webp,pendiente,no comprobado
bodegas-castelar,Bodegas Castelar,Hornachos,Bodega,Vino y bebidas,"Avda. de Extremadura, 1 , 06228, Hornachos, Badajoz","Bodega local vinculada a vino, cava, licores u otras bebidas elaboradas en la provincia.",,924533073 / 605864599,bodega@bodegascastelar.com,,,,https://www.google.com/maps/search/?api=1&query=Bodegas%20Castelar%20Avda.%20de%20Extremadura%2C%201%20%2C%2006228%2C%20Hornachos%2C%20Badajoz&query_place_id=ChIJESaJjDYLFA0RLRN9NxJpoH0,38.5555891,-6.0745757,,pendiente,no comprobado
bodegas-oran-y-occidente,Bodegas Orán y Occidente,Almendralejo,Bodega,Vino y bebidas,"Calle Granados, nº 1 bajo, 06200 Almendralejo, Badajoz","Bodega local vinculada a vino, cava, licores u otras bebidas elaboradas en la provincia.",,629955044 / 662952800,contabilidad@bodegasoran.com,https://bodegasoran.com/,https://www.facebook.com/BodegasOran/,,https://www.google.com/maps/search/?api=1&query=Bodegas%20Or%C3%A1n%20y%20Occidente%20Calle%20Granados%2C%20n%C2%BA%201%20bajo%2C%2006200%20Almendralejo%2C%20Badajoz&query_place_id=ChIJD58f7ICnFg0RXWA6Eg8DwRs,38.6834599,-6.40939,/productores/badajoz/bodegas-oran-y-occidente.webp,pendiente,no comprobado
cave-san-jose,Cave San José,Villafranca de los Barros,Bodega,Vino y bebidas,"Ctra. De Palomas, Km 1,800, 06220, Villafranca de losBarros, Badajoz","Bodega local vinculada a vino, cava, licores u otras bebidas elaboradas en la provincia.",,600460097 / 924524417,cavesanjose@ceme.es,https://bodegascave.com/,https://www.facebook.com/BodegasCaveSanJose,,https://www.google.com/maps/search/?api=1&query=Cave%20San%20Jos%C3%A9%20Ctra.%20De%20Palomas%2C%20Km%201%2C800%2C%2006220%2C%20Villafranca%20de%20losBarros%2C%20Badajoz&query_place_id=ChIJgykKr-IDFA0ROYgEdFQ4aSg,38.5658952,-6.3343166,/productores/badajoz/cave-san-jose.webp,pendiente,no comprobado
cerveza-ballut,Cerveza Ballut,Badajoz,Cerveza artesana,Cerveza artesana,"Pol. Ind. El Nevero, Calle 18, Nave 25, 06006, Badajoz",Productor local de cerveza artesana.,,677643982,info@cervezaballut.es,https://www.cervezaballut.es/,https://www.facebook.com/Cervezaballut,https://www.instagram.com/ballutcervezas/,https://www.google.com/maps/search/?api=1&query=Cerveza%20Ballut%20Pol.%20Ind.%20El%20Nevero%2C%20Calle%2018%2C%20Nave%2025%2C%2006006%2C%20Badajoz&query_place_id=ChIJadyK0XrkFg0R8Rx7mo35cHg,38.8949902,-6.9965962,/productores/badajoz/cerveza-ballut.webp,pendiente,no comprobado
cerveza-de-monesterio,Cerveza de Monesterio,Monesterio,Cerveza artesana,Cerveza artesana,"Los Templarios, 44, 06260 Monesterio, Badajoz",Productor local de cerveza artesana.,,648903044,info@lacervezademipueblo.com,https://www.lacervezademipueblo.com/,https://www.facebook.com/CervezadeMonesterio/,https://www.instagram.com/cervezademonesterio/,https://www.google.com/maps/search/?api=1&query=Cerveza%20de%20Monesterio%20Los%20Templarios%2C%2044%2C%2006260%20Monesterio%2C%20Badajoz&query_place_id=ChIJ-2JqAfPcEw0RBimV_MKTO_U,38.0885392,-6.2723639,/productores/badajoz/cerveza-de-monesterio.webp,pendiente,no comprobado
cosecha-extremena,Cosecha Extremeña,Fuente del Maestre,Bodega,Vino y bebidas,"Ctra de Aceuchal a Villafranca de los Barros, 23, 06360 Fuente del Maestre, Badajoz, España","Bodega local vinculada a vino, cava, licores u otras bebidas elaboradas en la provincia.",,659 44 79 47,josecarlos208@hotmail.com,,https://www.facebook.com/cosecha.extremena,,https://www.google.com/maps/search/?api=1&query=Bodegas%20Cosecha%20Extreme%C3%B1a%20S.L.%2C%20Ctra%20de%20Aceuchal%20a%20Villafranca%20de%20los%20Barros%2C%2023%2C%2006360%20Fuente%20del%20Maestre%2C%20Badajoz%2C%20Espa%C3%B1a&query_place_id=ChIJF_FSy0-qFg0RXXoYkder49Y,38.5294687,-6.4424264,,pendiente,no comprobado
delauvin,Delauvin,Castuera,Bodega,Vino y bebidas,"Calle Laguna 33, 06420 Castuera, Badajoz","Bodega local vinculada a vino, cava, licores u otras bebidas elaboradas en la provincia.",,630640383,info@delauvin.es,https://delauvin.es/,https://es-la.facebook.com/people/Delauv%C3%ADn-Bodegas/100057232128405/,,https://www.google.com/maps/search/?api=1&query=Delauvin%20Calle%20Laguna%2033%2C%2006420%20Castuera%2C%20Badajoz&query_place_id=ChIJI7F7GzeQFA0RQlUrhhqyMC8,38.7230219,-5.544215599999999,/productores/badajoz/delauvin.webp,pendiente,no comprobado
encina-blanca-de-alburquerque,Encina Blanca de Alburquerque,Alburquerque,Bodega,Vino y bebidas,"Ctra. EX 302, Km 84.5, 06510, Alburquerque, Badajoz","Bodega local vinculada a vino, cava, licores u otras bebidas elaboradas en la provincia.",,679807326 / 924401596,bodega@encinablanca.com,,https://www.facebook.com/encinablancadealburquerque,,https://www.google.com/maps/search/?api=1&query=Encina%20Blanca%20de%20Alburquerque%20Ctra.%20EX%20302%2C%20Km%2084.5%2C%2006510%2C%20Alburquerque%2C%20Badajoz&query_place_id=EipFWC0zMDIsIDA2NTEwIEFsYnVycXVlcnF1ZSwgQmFkYWpveiwgU3BhaW4iLiosChQKEgnXBhgXMDkWDRHXJOXsyIJFNRIUChIJncBo591QFg0RYP2myABkBBw,39.3786102,-6.8582725,,pendiente,no comprobado
leneus,Leneus,Almendralejo,Bodega,Vino y bebidas,"Autovía A-66, Salida 650 06200, Almendralejo, Badajoz","Bodega local vinculada a vino, cava, licores u otras bebidas elaboradas en la provincia.",,691340843,contacto@vinosleneus.com,https://www.vinosleneus.com/,https://www.facebook.com/vinosleneus,https://www.instagram.com/vinoleneus/,https://www.google.com/maps/search/?api=1&query=Leneus%20Autov%C3%ADa%20A-66%2C%20Salida%20650%2006200%2C%20Almendralejo%2C%20Badajoz&query_place_id=EjdBdXRvdsOtYSBSdXRhIGRlIGxhIFBsYXRhLCBBbG1lbmRyYWxlam8sIEJhZGFqb3osIFNwYWluIi4qLAoUChIJh51GMrOcNw0Rk_FBeIyFS4ESFAoSCeWq-v-ApxYNEXTeRZLhFbzL,38.6963339,-6.3872526,/productores/badajoz/leneus.webp,pendiente,no comprobado
nestle-waters,Nestle Waters,Herrera del Duque,Agua mineral natural,Agua mineral natural,"Pol. Ind. El Borbollon parcela 7, 06670 Herrera del Duque, Badajoz",Productor local de agua mineral natural.,,924640001,maria-victoria.sanchez@waters.nestle.com,https://empresa.nestle.es/es/marcas/aguas-minerales,https://www.facebook.com/NestleAquarelEs/,https://www.instagram.com/nestleaquarelesp/?hl=es,https://www.google.com/maps/search/?api=1&query=Nestle%20Waters%20Pol.%20Ind.%20El%20Borbollon%20parcela%207%2C%2006670%20Herrera%20del%20Duque%2C%20Badajoz&query_place_id=ChIJsSqkSCgraw0RfASsNFU-w9k,39.1686078,-5.050761200000001,,pendiente,no comprobado
pago-los-balancines,Pago Los Balancines,Oliva de Mérida,Bodega,Vino y bebidas,"Paraje de la agraria, s/n, 06475 Oliva de Mérida, Badajoz, España","Bodega local vinculada a vino, cava, licores u otras bebidas elaboradas en la provincia.",,924367399,info@pagolosbalancines.com,https://pagolosbalancines.com/,https://www.facebook.com/PagolosBalancines,https://www.instagram.com/pagobalancines/,https://www.google.com/maps/search/?api=1&query=Pago%20los%20Balancines&query_place_id=ChIJVVVVlbMVFA0R-EANLcqrOjQ,38.7878327,-6.148890499999999,,pendiente,no comprobado
palacio-quemado,Palacio Quemado,Alange,Bodega,Vino y bebidas,"Carretera Almendralejo-Palomas Km 6,9, 06840 Alange, Badajoz, España","Bodega local vinculada a vino, cava, licores u otras bebidas elaboradas en la provincia.",,924 120 296 / 609 940 278,palacioquemado@alvear.es,https://www.alvear.es/palacio-quemado/,https://www.facebook.com/BodegasAlvear,https://www.instagram.com/bodegas_alvear/,https://www.google.com/maps/search/?api=1&query=Palacio%20Quemado&query_place_id=ChIJRRo8rt0aFA0R0PWOVgXJoMA,38.671315,-6.272721000000001,/productores/badajoz/palacio-quemado.webp,pendiente,no comprobado
sevebrau,Sevebrau,Villanueva de la Serena,Cerveza artesana,Cerveza artesana,"Hernán Cortés, 140, 06700. Villanueva de la Serena, Badajoz",Productor local de cerveza artesana.,,600241016 / 924847935,info@sevebrau.com,https://www.sevebrau.com/,https://www.facebook.com/SevebrauCervezaArtesana,https://www.instagram.com/Sevebrau/,https://www.google.com/maps/search/?api=1&query=Sevebrau%20Hern%C3%A1n%20Cort%C3%A9s%2C%20140%2C%2006700.%20Villanueva%20de%20la%20Serena%2C%20Badajoz&query_place_id=ChIJMbURgJhZFA0RSZ4DQuR6xJ4,38.9769602,-5.7932523,/productores/badajoz/sevebrau.webp,pendiente,no comprobado
viticultores-de-barros,Viticultores de Barros,Almendralejo,Bodega,Vino y bebidas,"C. Badajoz, s/n, 06200 Almendralejo, Badajoz, España","Bodega local vinculada a vino, cava, licores u otras bebidas elaboradas en la provincia.",,924 66 48 52,administracion@vbarros.com,https://www.viticultoresdebarros.es/,https://www.facebook.com/bodegavbarros/,https://www.instagram.com/bodegavbarros/?hl=es,https://www.google.com/maps/search/?api=1&query=Bodegas%20Viticultores%20de%20Barros%2C%20C.%20Badajoz%2C%20s%2Fn%2C%2006200%20Almendralejo%2C%20Badajoz%2C%20Espa%C3%B1a&query_place_id=ChIJA34cQAynFg0R8z7qL2oAX40,38.6927129,-6.4271231,/productores/badajoz/viticultores-de-barros.webp,pendiente,no comprobado
ecoextincion,Ecoextinción,Don Benito,Charcutería,Carnes y embutidos,"C/José Ramírez de Arellano y Orellana, 9,3ºF.06400, Don Benito, Badajoz",Productor local de carnes frescas o elaborados cárnicos.,,667739507 / 667739506,jmholgin01@hotmail.com,,,,https://www.google.com/maps/search/?api=1&query=Ecoextinci%C3%B3n%20C/Jos%C3%A9%20Ram%C3%ADrez%20de%20Arellano%20y%20Orellana%2C%209%2C3%C2%BAF.06400%2C%20Don%20Benito%2C%20Badajoz&query_place_id=ElNDLiBKb3PDqSBSYW3DrXJleiBkZSBBcmVsbGFubyB5IE9yZWxsYW5hLCA5LCAzwrpmLCAwNjQwMCBEb24gQmVuaXRvLCBCYWRham96LCBTcGFpbiI6GjgKMBIuChQKEgmBXUhnClsUDRFtJAOgwmmyAhAJKhQKEglBE-taClsUDRHMszX3nmleCxIEM8K6Zg,38.9481439,-5.857885,,pendiente,no comprobado
arte-corte,Arte Corte,Monesterio,Charcutería,Jamones y embutidos,"Calle Cañuelo 11, 06260 Monesterio, Badajoz","Productor local de jamones, embutidos o elaborados cárnicos de tradición extremeña.",,653222329,cortador.jamon@yahoo.es,https://extremaduraenmimesa.com/,https://es-es.facebook.com/people/Arte-Corte/100063534942432/,,https://www.google.com/maps/search/?api=1&query=Arte%20Corte%20Calle%20Ca%C3%B1uelo%2011%2C%2006260%20Monesterio%2C%20Badajoz&query_place_id=ChIJg6hAZfTcEw0RNL9Ai_ZrofE,38.0889952,-6.275023399999999,,pendiente,no comprobado
degil-ibericos,DeGil Ibéricos,Olivenza,Charcutería,Jamones y embutidos,"C. López de Ayala, 6, 06100 Olivenza, Badajoz","Productor local de jamones, embutidos o elaborados cárnicos de tradición extremeña.",,645060924,info@degilibericos.com,https://degilibericos.com/,https://www.facebook.com/degilibericos31,https://www.instagram.com/degilibericos/,https://www.google.com/maps/search/?api=1&query=DeGil%20Ib%C3%A9ricos%20C.%20L%C3%B3pez%20de%20Ayala%2C%206%2C%2006100%20Olivenza%2C%20Badajoz&query_place_id=ChIJ8YFSSFInFw0Rs2FQ1GGgtWM,38.6849107,-7.1014545,,pendiente,no comprobado
dehesa-guadarranque,Dehesa Guadarranque,Alburquerque,Charcutería,Jamones y embutidos,"Pol. Ind. San Blas - Calle La Faseja 16, 06510, Alburquerque, Badajoz","Productor local de jamones, embutidos o elaborados cárnicos de tradición extremeña.",,686768516,info@dehesaguadarranque.com,https://dehesaguadarranque.com/,https://www.facebook.com/dehesaguadarranqueembutidos,https://www.instagram.com/dehesaguadarranque/,https://www.google.com/maps/search/?api=1&query=Dehesa%20Guadarranque%20Pol.%20Ind.%20San%20Blas%20-%20Calle%20La%20Faseja%2016%2C%2006510%2C%20Alburquerque%2C%20Badajoz&query_place_id=ChIJWetbYddTFg0RymC11zaTzM8,39.22415,-7.01056,/productores/badajoz/dehesa-guadarranque.webp,pendiente,no comprobado
el-culebrin,El Culebrin,Monesterio,Charcutería,Jamones y embutidos,"Ctra. N-630 Km 730,5, 06260 Monesterio, Badajoz","Productor local de jamones, embutidos o elaborados cárnicos de tradición extremeña.",,924516139,elculebrin@ibericosdelculebrin.com,https://www.elculebrin.com/,https://www.facebook.com/ibericosculebrin.elculebrin,https://www.instagram.com/ibericoselculebrin/,https://www.google.com/maps/search/?api=1&query=El%20Culebrin%20Ctra.%20N-630%20Km%20730%2C5%2C%2006260%20Monesterio%2C%20Badajoz&query_place_id=EiFOLTYzMCwgTW9uZXN0ZXJpbywgQmFkYWpveiwgU3BhaW4iLiosChQKEglBJoqgy_82DRGpcNoDqV9-uRIUChIJ4e_jo_PcEw0RWGME9co8tpQ,38.0886419,-6.2726686,/productores/badajoz/el-culebrin.webp,pendiente,no comprobado
elaborados-sanchez-iglesias,Elaborados Sánchez Iglesias,Almendralejo,Charcutería,Jamones y embutidos,"C/Padre Marcos Suárez 3 B iz, 06200,Almendralejo, Badajoz","Productor local de jamones, embutidos o elaborados cárnicos de tradición extremeña.",,691442931 / 615830402,elaboradosisancheziglesias@gmail.com,http://www.ocasancheziglesias.com/,https://www.facebook.com/people/Elaborados-Sanchez-Iglesias/100064319154601/,,https://www.google.com/maps/search/?api=1&query=Elaborados%20S%C3%A1nchez%20Iglesias%20C/Padre%20Marcos%20Su%C3%A1rez%203%20B%20iz%2C%2006200%2CAlmendralejo%2C%20Badajoz&query_place_id=EkBDLiBQYWRyZSBNYXJjbyBTdcOhcmV6LCAzLCBiLCAwNjIwMCBBbG1lbmRyYWxlam8sIEJhZGFqb3osIFNwYWluIh0aGwoWChQKEgkt_AFJex0UDRGULCxQyPX-ARIBYg,38.6774568,-6.401257699999999,,pendiente,no comprobado
embutidos-antonio-centeno,Embutidos Antonio Centeno,Zalamea de la Serena,Charcutería,Jamones y embutidos,"Calle Malpartida, 10, 06430 Zalamea de la Serena, Badajoz","Productor local de jamones, embutidos o elaborados cárnicos de tradición extremeña.",,924775539,embutidoscenteno@hotmail.es,https://www.dehesaselecta.com/,https://es-es.facebook.com/DehesaSelecta/,,https://www.google.com/maps/search/?api=1&query=Embutidos%20Antonio%20Centeno%20Calle%20Malpartida%2C%2010%2C%2006430%20Zalamea%20de%20la%20Serena%2C%20Badajoz&query_place_id=ChIJW53t-G6GFA0RrALVkxroALM,38.6563494,-5.6586302,/productores/badajoz/embutidos-antonio-centeno.webp,pendiente,no comprobado
embutidos-morato,Embutidos Morato,Los Santos de Maimona,Charcutería,Jamones y embutidos,"P.I. La Nava s/n, Carretera nacional 435, km 1, 06230 Los Santos de Maimona, Badajoz, España","Productor local de jamones, embutidos o elaborados cárnicos de tradición extremeña.",,669450790,comercial@embutidosmorato.com,https://www.embutidosmorato.com/,https://es-es.facebook.com/embutidosmorato/,https://www.instagram.com/embutidosmorato/,https://www.google.com/maps/search/?api=1&query=Embutidos%20Morato&query_place_id=ChIJ51eJbsf_Ew0RjtP_RcnC2nw,38.4458198,-6.3689932,,pendiente,no comprobado
embutidos-romero,Embutidos Romero,Segura de León,Charcutería,Jamones y embutidos,"C. Maestro Don Jacinto, 10, 06270 Segura de León, Badajoz","Productor local de jamones, embutidos o elaborados cárnicos de tradición extremeña.",,924 703 001,embutidosromero@hotmail.com,https://www.embutidosromero.es/,https://www.facebook.com/Jamonesyembutidosromero/,https://www.instagram.com/embutidosromero/,https://www.google.com/maps/search/?api=1&query=Embutidos%20Romero%20C.%20Maestro%20Don%20Jacinto%2C%2010%2C%2006270%20Segura%20de%20Le%C3%B3n%2C%20Badajoz&query_place_id=ChIJO3QFv3ZnEQ0RtIlvDZQjCgI,38.120622,-6.531445,/productores/badajoz/embutidos-romero.webp,pendiente,no comprobado
iberico-del-brillante,Ibérico del Brillante,Castuera,Charcutería,Jamones y embutidos,"Calle Pilar, 106 06420, Castuera, Badajoz","Productor local de jamones, embutidos o elaborados cárnicos de tradición extremeña.",,924 761 185/ 670660927,pgallego@sierraextremena.com,https://www.jamonia.com/,https://www.facebook.com/JAMONIA,https://www.instagram.com/jamonia_central/,https://www.google.com/maps/search/?api=1&query=Ib%C3%A9rico%20del%20Brillante%20Calle%20Pilar%2C%20106%2006420%2C%20Castuera%2C%20Badajoz&query_place_id=ChIJQ1a370qQFA0RITdn3_J1pLo,38.7295691,-5.5388852,/productores/badajoz/iberico-del-brillante.webp,pendiente,no comprobado
jamon-y-salud,Jamón y Salud,Llerena,Charcutería,Jamones y embutidos,"Ctra. N-432, Km 112, 06900 Llerena, Badajoz","Productor local de jamones, embutidos o elaborados cárnicos de tradición extremeña.",,650212904,Info@jamonysalud.com,https://www.jamonysalud.com/,https://www.facebook.com/jamonysaludfabrica,https://www.instagram.com/jamonysalud/,https://www.google.com/maps/search/?api=1&query=Jam%C3%B3n%20y%20Salud%20Ctra.%20N-432%2C%20Km%20112%2C%2006900%20Llerena%2C%20Badajoz&query_place_id=Eh5OLTQzMiwgTGxlcmVuYSwgQmFkYWpveiwgU3BhaW4iLiosChQKEgm_5y87JegWDRGuu5BUlOEmgRIUChIJR5swvHqUEw0RjvPcUL0cX5g,38.2443412,-6.008671,/productores/badajoz/jamon-y-salud.webp,pendiente,no comprobado
jamones-y-embutidos-gallardo,Jamones y Embutidos Gallardo,Campanario,Charcutería,Jamones y embutidos,"Travesia Miguel de Cervantes, 15, 06460 Campanario, Badajoz","Productor local de jamones, embutidos o elaborados cárnicos de tradición extremeña.",,680173053,embutidosdiegogallardo@yahoo.es,,https://es-es.facebook.com/people/Diego-Gallardo-Fernandez-Sl/100063671283388/,,https://www.google.com/maps/search/?api=1&query=Jamones%20y%20Embutidos%20Gallardo%20Travesia%20Miguel%20de%20Cervantes%2C%2015%2C%2006460%20Campanario%2C%20Badajoz&query_place_id=ChIJqaBkzSXzFA0RRqd4uAuprcg,38.8661396,-5.6096783,,pendiente,no comprobado
matarrevalva,Matarrevalva,Almendralejo,Charcutería,Jamones y embutidos,"C. Pintor Barjola, 6, 06200 Almendralejo, Badajoz, España","Productor local de jamones, embutidos o elaborados cárnicos de tradición extremeña.",,924667035 / 636698132,ana@matarrevalva.es,https://matarrevalva.es/,https://www.facebook.com/people/Matarrevalva-Jamones-y-Embutidos-de-Extremadura/100063709236635/,https://www.instagram.com/jamonesmatarrevalva/,https://www.google.com/maps/search/?api=1&query=Matarrevalva&query_place_id=ChIJx5r2ZAunFg0R1M8aVmAezMc,38.6905784,-6.4309439,/productores/badajoz/matarrevalva.webp,pendiente,no comprobado
montesano-extremadura,Montesano Extremadura,Jerez de los Caballeros,Charcutería,Jamones y embutidos,"N-435, KM 234, 06380 Jerez de los Caballeros, Badajoz, España","Productor local de jamones, embutidos o elaborados cárnicos de tradición extremeña.",,924750220 / 647323550,cmangas@montesano.es,https://www.ibericosmontesano.es/,https://www.facebook.com/GrupoMontesano,https://www.instagram.com/grupomontesano/,https://www.google.com/maps/search/?api=1&query=Montesano%20Extremadura&query_place_id=ChIJnag7Z8A3EQ0R2bOOuUXRc4g,38.33452030000001,-6.7697426,/productores/badajoz/montesano-extremadura.webp,pendiente,no comprobado
senorio-porrino,Señorío Porrino,Salvaleón,Charcutería,Jamones y embutidos,"P. Emp. Salvaleón, Naves 14–15-33 06174, Salvaleón,Badajoz","Productor local de jamones, embutidos o elaborados cárnicos de tradición extremeña.",,665775811 / 924752501,info@herlodisa.com,https://senorioporrino.com/,https://www.facebook.com/senorioporrino/,https://www.instagram.com/senorioporrino/,https://www.google.com/maps/search/?api=1&query=Se%C3%B1or%C3%ADo%20Porrino%20P.%20Emp.%20Salvale%C3%B3n%2C%20Naves%2014%E2%80%9315-33%2006174%2C%20Salvale%C3%B3n%2CBadajoz&query_place_id=ChIJ9TT4P07KFg0RSa77oOTQcLw,38.5103202,-6.785540399999999,/productores/badajoz/senorio-porrino.webp,pendiente,no comprobado
sierra-extremena,Sierra Extremeña,La Parra,Charcutería,Jamones y embutidos,"Calle San Juan s/n, 06176, La Parra, Badajoz","Productor local de jamones, embutidos o elaborados cárnicos de tradición extremeña.",,651068941,inmalagar@hotmail.com,,https://www.facebook.com/people/Sierra-Extreme%C3%B1a/100057543065943/,,https://www.google.com/maps/search/?api=1&query=Sierra%20Extreme%C3%B1a%20Calle%20San%20Juan%20s/n%2C%2006176%2C%20La%20Parra%2C%20Badajoz&query_place_id=ChIJ4xdaQbOzFg0RrxIo-C8vLaI,38.5226477,-6.6221963,,pendiente,no comprobado
aceitunas-y-encurtidos-oliber,Aceitunas y Encurtidos Oliber,Berlanga,Despensa artesanal,Conservas y elaborados,"Finca La Rehoya s/n, 06930, Berlanga, Badajoz","Productor local de conservas, encurtidos, especias u otras elaboraciones de despensa.",,924148912,aceitunas.oliber@hotmail.com,,,,https://www.google.com/maps/search/?api=1&query=Aceitunas%20y%20Encurtidos%20Oliber%20Finca%20La%20Rehoya%20s/n%2C%2006930%2C%20Berlanga%2C%20Badajoz&query_place_id=ChIJFb9whbmbEw0RcP-myABkBBw,38.2870261,-5.8459341,,pendiente,no comprobado
carniceria-manuela-morera,Carnicería Manuela Morera,San Vicente de Alcántara,Charcutería,Carnes y embutidos,"Av. Extremadura 36, 06500 San Vicente de Alcántara, Badajoz",Productor local de carnes frescas o elaborados cárnicos.,,629007722 / 616649589,azahara-gm@hotmail.com,,https://www.facebook.com/carniceriamorera/,,https://www.google.com/maps/search/?api=1&query=Carnicer%C3%ADa%20Manuela%20Morera%20Av.%20Extremadura%2036%2C%2006500%20San%20Vicente%20de%20Alc%C3%A1ntara%2C%20Badajoz&query_place_id=ChIJExgVtWK0Fw0Rny0S6L39LI4,39.360918,-7.137200699999999,,pendiente,no comprobado
conservas-martinete,Conservas Martinete,Puebla de la Calzada,Despensa artesanal,Conservas y elaborados,"Ctra. Puebla a Lobón, 4, 06490 Puebla de la Calzada, Badajoz, España","Productor local de conservas, encurtidos, especias u otras elaboraciones de despensa.",,924455758,calidad@martinete.es,https://www.martinete.es/,https://www.facebook.com/cmartinete,https://instagram.com/conservasmartinete/,https://www.google.com/maps/search/?api=1&query=Conservas%20Martinete%20SA&query_place_id=ChIJa8U_LSqRFg0RQincgupG8Lw,38.888103,-6.623698,/productores/badajoz/conservas-martinete.webp,pendiente,no comprobado
cooperativa-del-campo-san-isidro,Cooperativa del Campo San Isidro,Valencia del Ventoso,Bodega,Vino,"ctra zafra, s/n, km 0,800, 06330 Valencia del Ventoso, Badajoz, España","Bodega local vinculada a vino, cava, licores u otras bebidas elaboradas en la provincia.",,924562056,ccvvsanisidro45@hotmail.com,https://www.sanisidrocooperativa.es/es/,https://www.facebook.com/Cooperativa-del-Campo-San-Isidro-308494442980677/,,https://www.google.com/maps/search/?api=1&query=COOPERATIVA%20DEL%20CAMPO%20SAN%20ISIDRO&query_place_id=ChIJA-kGWaNZEQ0RtnaWw5S2IW8,38.2742931,-6.4664673,/productores/badajoz/cooperativa-del-campo-san-isidro.webp,pendiente,no comprobado
cooperativa-la-siberia-extremena,Cooperativa La Siberia Extremeña,Talarrubias,Aceite,Aceite de oliva,"Avenida Extremadura, 118, 06640 Talarrubias, Badajoz",Productor local de aceite de oliva y elaboraciones vinculadas al olivar pacense.,,924630192,cosiberia@hotmail.es,https://www.aceiteolivavirgenlasiberia.com/,https://www.facebook.com/people/Cooperativa-La-Siberia-Extreme%C3%B1a-Aceite-Semillas-Fitosanitarios/100070151036435/,,https://www.google.com/maps/search/?api=1&query=Cooperativa%20La%20Siberia%20Extreme%C3%B1a%20Avenida%20Extremadura%2C%20118%2C%2006640%20Talarrubias%2C%20Badajoz&query_place_id=ChIJIdf18q7aFA0RwsxTanUu0co,39.0437997,-5.233903700000001,/productores/badajoz/cooperativa-la-siberia-extremena.webp,pendiente,no comprobado
cultivando-empleo,Cultivando Empleo,Cabeza la Vaca,Despensa artesanal,Conservas y elaborados,"Calle Viario 5, nº1 (nave junto al helipuerto, 06293 Cabeza la Vaca, Badajoz, España","Productor local de conservas, encurtidos, especias u otras elaboraciones de despensa.",,681980679,contacto@cultivandoempleo.com,https://cultivandoempleo.com/,,,https://www.google.com/maps/search/?api=1&query=Cultivando%20Empleo&query_place_id=ChIJ5fjI26VhEQ0RquEVE33yVyI,38.0862372,-6.4262124,/productores/badajoz/cultivando-empleo.webp,pendiente,no comprobado
green-spirit,Green Spirit,Badajoz,Despensa artesanal,Conservas y elaborados,"Calle Santa Lucía, 10, 2º Dcha, 06001, Badajoz","Productor local de conservas, encurtidos, especias u otras elaboraciones de despensa.",,924233301,shop@greenspirit.bio,https://shop.greenspirit.bio/,https://www.facebook.com/greenspiritbio,,https://www.google.com/maps/search/?api=1&query=Green%20Spirit%20Calle%20Santa%20Luc%C3%ADa%2C%2010%2C%202%C2%BA%20Dcha%2C%2006001%2C%20Badajoz&query_place_id=Ei1DLiBTdGEuIEx1Y8OtYSwgMTAsIDLCuiwgMDYwMDEgQmFkYWpveiwgU3BhaW4iHxodChYKFAoSCbn_kWs35BYNEYTAQDM2a8i1EgMywro,38.8802756,-6.9734799,,pendiente,no comprobado
hacienda-el-vedado,Hacienda El Vedado,Segura de León,Despensa artesanal,Conservas y elaborados,Carretera Pasay s/n Segura de León 06270 Badajoz,"Productor local de conservas, encurtidos, especias u otras elaboraciones de despensa.",,636243946,haciendaelvedado@gmail.com,https://www.jamonesyembutidos.es/,https://www.facebook.com/elvedado/,https://www.instagram.com/haciendaelvedado/,https://www.google.com/maps/search/?api=1&query=Hacienda%20El%20Vedado%20Carretera%20Pasay%20s/n%20Segura%20de%20Le%C3%B3n%2006270%20Badajoz&query_place_id=ChIJ40FkI11dEQ0RRhYABwTllJA,38.14319,-6.5591,/productores/badajoz/hacienda-el-vedado.webp,pendiente,no comprobado
iberex,Iberex,La Zarza,Despensa artesanal,Conservas y elaborados,"Polígono Industrial San Marcos 49, 06830, La Zarza, Badajoz","Productor local de conservas, encurtidos, especias u otras elaboraciones de despensa.",,645152299,pedidos@iberexgourmet.es,https://iberexgourmet.es/,,,https://www.google.com/maps/search/?api=1&query=Iberex%20Pol%C3%ADgono%20Industrial%20San%20Marcos%2049%2C%2006830%2C%20La%20Zarza%2C%20Badajoz&query_place_id=ChIJR2y7PucXFA0RMvgmWJPWcE4,38.81621,-6.217969999999999,,pendiente,no comprobado
industrias-carnicas-el-pantano,Industrias Cárnicas El Pantano,Herrera del Duque,Charcutería,Carnes y embutidos,"Calle Alonso de Sotomayor 24, 06670 Herrera del Duque, Badajoz",Productor local de carnes frescas o elaborados cárnicos.,,924642026 / 646770936,sergiomuca23@gmail.com,,https://www.facebook.com/people/Fabrica-de-Embutidos-El-Pantano/100046172665787/,,https://www.google.com/maps/search/?api=1&query=Industrias%20C%C3%A1rnicas%20El%20Pantano%20Calle%20Alonso%20de%20Sotomayor%2024%2C%2006670%20Herrera%20del%20Duque%2C%20Badajoz&query_place_id=ChIJfRcRFZsraw0RZ1SmsIet3uU,39.1670817,-5.0523906,,pendiente,no comprobado
pambiotica,Pambiótica,El Raposo,Despensa artesanal,Conservas y elaborados,"Ctra. Balneario El Raposo, 06392, El Raposo, Badajoz","Productor local de conservas, encurtidos, especias u otras elaboraciones de despensa.",,924570451 / 696269035,info@pambiotica.com,http://www.pambiotica.com/,https://www.facebook.com/yerbal.es,https://www.instagram.com/yerbal_bio/,https://www.google.com/maps/search/?api=1&query=Pambi%C3%B3tica%20Ctra.%20Balneario%20El%20Raposo%2C%2006392%2C%20El%20Raposo%2C%20Badajoz&query_place_id=ChIJUVEKqvX7Ew0RWRuH6hNA3qA,38.3831423,-6.3223566,/productores/badajoz/pambiotica.webp,pendiente,no comprobado
productos-del-tito-rodrigo,Productos del Tito Rodrigo,Orellana la Vieja,Despensa artesanal,Conservas y elaborados,"Calle el Olivo, 8, 06740 Orellana la Vieja, Badajoz","Productor local de conservas, encurtidos, especias u otras elaboraciones de despensa.",,608527739,info@titorodrigo.com,,https://www.facebook.com/people/Productos-Del-Tito-Rodrigo/100064370550370/,https://www.instagram.com/cangrejogourmet/?hl=es,https://www.google.com/maps/search/?api=1&query=Productos%20del%20Tito%20Rodrigo%20Calle%20el%20Olivo%2C%208%2C%2006740%20Orellana%20la%20Vieja%2C%20Badajoz&query_place_id=ChIJ0cnbO-rvFA0R4uFL1w5bLVY,39.00379,-5.545020000000001,,pendiente,no comprobado
s-coop-san-isidro,S. Coop. San Isidro,Villafranca de los Barros,Despensa artesanal,Conservas y elaborados,"Ctra. Fuente del Maestre, 10, 06220, Villafranca de losBarros, Badajoz","Productor local de conservas, encurtidos, especias u otras elaboraciones de despensa.",,924524136 / 617487114,export@cooperativasanisidro.com,https://www.cooperativasanisidro.com/,,,https://www.google.com/maps/search/?api=1&query=S.%20Coop.%20San%20Isidro%20Ctra.%20Fuente%20del%20Maestre%2C%2010%2C%2006220%2C%20Villafranca%20de%20losBarros%2C%20Badajoz&query_place_id=ChIJi8nsbWMBFA0RcQry2mJMgRw,38.5605116,-6.352583699999999,/productores/badajoz/s-coop-san-isidro.webp,pendiente,no comprobado
sol-de-valdivia,Sol de Valdivia,Valdivia,Despensa artesanal,Conservas y elaborados,"Ctra. Entrerríos, 0, 06720 Valdivia, Badajoz, España","Productor local de conservas, encurtidos, especias u otras elaboraciones de despensa.",,924832921 / 607 728 963,calidad@soldevaldivia.com,http://www.soldevaldivia.com/,https://www.facebook.com/GrupoSolBadajoz,https://www.instagram.com/gruposolbadajoz/,https://www.google.com/maps/search/?api=1&query=Sol%20de%20Valdivia%20S%20L&query_place_id=ChIJVy4lJRT4FA0RGjmhFojYWOI,39.03669800000001,-5.710254099999999,/productores/badajoz/sol-de-valdivia.webp,pendiente,no comprobado
transa,Transa,Villanueva de la Serena,Despensa artesanal,Conservas y elaborados,"Ctra. Entrerrios km 0,4. 06700, Villanueva de la Serena,Badajoz","Productor local de conservas, encurtidos, especias u otras elaboraciones de despensa.",,924845886,transa@transa.es,http://www.transa.es/,https://www.facebook.com/TRANSATOMATOPASTE/,https://www.instagram.com/transa_tomato/,https://www.google.com/maps/search/?api=1&query=Transa%20Ctra.%20Entrerrios%20km%200%2C4.%2006700%2C%20Villanueva%20de%20la%20Serena%2CBadajoz&query_place_id=EjpDdHJhLiBFbnRyZXJyw61vcywgVmlsbGFudWV2YSBkZSBsYSBTZXJlbmEsIEJhZGFqb3osIFNwYWluIi4qLAoUChIJLfpfrxT3FA0RuhJ2MI9b1qsSFAoSCYfFVf6bWRQNEfSqyDhs8EDJ,38.9824055,-5.7902338,/productores/badajoz/transa.webp,pendiente,no comprobado
vina-oliva,Viña oliva,Almendralejo,Bodega,"Vino, aceite y aceitunas","Calle Automoción, 1, 06200, Almendralejo, Badajoz","Bodega local vinculada a vino, cava, licores u otras bebidas elaboradas en la provincia.",,924677321,info@vinaoliva.com,https://vinaoliva.com/,https://www.facebook.com/vinaoliva1,https://www.instagram.com/tiendaonlinevinaoliva/,https://www.google.com/maps/search/?api=1&query=Vi%C3%B1a%20oliva%20Calle%20Automoci%C3%B3n%2C%201%2C%2006200%2C%20Almendralejo%2C%20Badajoz&query_place_id=ChIJibA4Fn2nFg0RQQpGq6PH8WQ,38.6959313,-6.409566,/productores/badajoz/vina-oliva.webp,pendiente,no comprobado
ajos-tierra-de-barros,Ajos Tierra de Barros,Aceuchal,Fruta y verdura,Fruta y hortaliza,"Ctra. Don Benito-Olivenza, Km 76,5 06207, Aceuchal,Badajoz","Productor local de fruta, hortaliza, arroz u otros cultivos de la provincia.",,924107060 / 639857210,ajostierradebarros@gmail.com,http://ajostierradebarros.com/,https://www.facebook.com/ajostierradebarros.sociedadcooperativa,,https://www.google.com/maps/search/?api=1&query=Ajos%20Tierra%20de%20Barros%20Ctra.%20Don%20Benito-Olivenza%2C%20Km%2076%2C5%2006207%2C%20Aceuchal%2CBadajoz&query_place_id=ChIJr1R0oj-vFg0RkAdeHlUfgKw,38.616603,-6.511907,/productores/badajoz/ajos-tierra-de-barros.webp,pendiente,no comprobado
frubardo,Frubardo,Badajoz,Fruta y verdura,Fruta y hortaliza,"Calle Antonio de Nebrija, 4, 1ºC 06006, Badajoz","Productor local de fruta, hortaliza, arroz u otros cultivos de la provincia.",,645149258 / 924108119,n.cruz@frubardo.es,https://www.frubardo.es/,,,https://www.google.com/maps/search/?api=1&query=Frubardo%20Calle%20Antonio%20de%20Nebrija%2C%204%2C%201%C2%BAC%2006006%2C%20Badajoz&query_place_id=EjRDLiBBbnRvbmlvIGRlIE5lYnJpamEsIDQsIDHCumMsIDA2MDA2IEJhZGFqb3osIFNwYWluIiAaHgoWChQKEglxzHnJEuQWDRFY40nv8fmYQRIEMcK6Yw,38.88224,-6.99457,,pendiente,no comprobado
frutas-kora,Frutas Kora,Barbaño,Fruta y verdura,Fruta y hortaliza,"Carretera Circunvalación, s/n, 06499. Barbaño,Badajoz","Productor local de fruta, hortaliza, arroz u otros cultivos de la provincia.",,616198913 / 600584404 / 924449481,frutaskora@yahoo.es,http://www.frutaskora.es/,https://www.facebook.com/frutaskora,,https://www.google.com/maps/search/?api=1&query=Frutas%20Kora%20Carretera%20Circunvalaci%C3%B3n%2C%20s/n%2C%2006499.%20Barba%C3%B1o%2CBadajoz&query_place_id=EjRDYXJyLiBDaXJjdW52YWxhY2lvbiwgMDY0OTkgQmFyYmHDsW8sIEJhZGFqb3osIFNwYWluIi4qLAoUChIJUUhUGFCXFg0RTVOm6faHB-USFAoSCXkZBI9alxYNEXuoP61UReo_,38.8762252,-6.5874641,,pendiente,no comprobado
fuensana-bio,Fuensana Bio,Torremayor,Fruta y verdura,Fruta y hortaliza,"Calle Calzada Romana s/n, (PackingHouse) 06880,Torremayor, Badajoz","Productor local de fruta, hortaliza, arroz u otros cultivos de la provincia.",,924454513,comercial@fuensanabio.com,https://fuensanabio.com/,https://www.facebook.com/Fuensanabiocom-746116708819167/,,https://www.google.com/maps/search/?api=1&query=Fuensana%20Bio%20Calle%20Calzada%20Romana%20s/n%2C%20%28PackingHouse%29%2006880%2CTorremayor%2C%20Badajoz&query_place_id=EjFDLiBDYWx6LiBSb21hbmEsIDA2ODgwIFRvcnJlbWF5b3IsIEJhZGFqb3osIFNwYWluIi4qLAoUChIJ8c1zAzKaFg0RVsVtp2ZAKswSFAoSCS_0eOYymhYNEYar4XRCiGQ0,38.8988114,-6.5397486,/productores/badajoz/fuensana-bio.webp,pendiente,no comprobado
tany-nature,Tany Nature,Zurbarán,Fruta y verdura,Fruta y hortaliza,"Camino General, 1, 06712, Zurbarán, Badajoz","Productor local de fruta, hortaliza, arroz u otros cultivos de la provincia.",,924856096,info@tany.es,https://www.tanynature.com/,https://www.facebook.com/tanynaturesa,https://www.instagram.com/tanynature/,https://www.google.com/maps/search/?api=1&query=Tany%20Nature%20Camino%20General%2C%201%2C%2006712%2C%20Zurbar%C3%A1n%2C%20Badajoz&query_place_id=ChIJm6hgLT9UFA0Rwxi73LJsAC8,39.1128786,-5.7882269,/productores/badajoz/tany-nature.webp,pendiente,no comprobado
castilcerro,Castilcerro,Castilblanco,Lácteos y quesos,Quesos y lácteos,"Paraje Fuente Vieja, 217, 06680 Castilblanco, Badajoz, España",Productor local de quesos o elaboraciones lácteas de la provincia.,,650460249,castilcerro@gmail.com,http://www.castilcerro.com/,https://www.facebook.com/people/Castilcerro/100064015114573/,,https://www.google.com/maps/search/?api=1&query=CASTILCERRO&query_place_id=ChIJb-lVJrcrFQ0RxXupxjfmxmI,39.2776788,-5.098707999999999,/productores/badajoz/castilcerro.webp,pendiente,no comprobado
comercial-royca,Comercial Royca,Campanario,Lácteos y quesos,Quesos y lácteos,"Polígono Industrial Cerro Redondo, Naves 11-12, 06460, Campanario, Badajoz",Productor local de quesos o elaboraciones lácteas de la provincia.,,638845101,info@xn--quesoselmontao-2nb.com,http://www.quesoselmontaño.com/,,,https://www.google.com/maps/search/?api=1&query=Comercial%20Royca%20Pol%C3%ADgono%20Industrial%20Cerro%20Redondo%2C%20Naves%2011-12%2C%2006460%2C%20Campanario%2C%20Badajoz&query_place_id=ChIJNboMdGrzFA0R1AEE3livi-U,38.8738397,-5.6280522,/productores/badajoz/comercial-royca.webp,pendiente,no comprobado
cremositos-del-zujar,Cremositos del Zújar,Campanario,Lácteos y quesos,Quesos y lácteos,"Crtra. EX-104, Km 21,100, 06460, Campanario, Badajoz",Productor local de quesos o elaboraciones lácteas de la provincia.,,670429235,gerencia@cremositos.es,https://www.naturser.com/,https://www.facebook.com/Naturser,https://www.instagram.com/cremositos/,https://www.google.com/maps/search/?api=1&query=Cremositos%20del%20Z%C3%BAjar%20Crtra.%20EX-104%2C%20Km%2021%2C100%2C%2006460%2C%20Campanario%2C%20Badajoz&query_place_id=EiJFWC0xMDQsIENhbXBhbmFyaW8sIEJhZGFqb3osIFNwYWluIi4qLAoUChIJG163RyewFA0RhzNhsQEDTiESFAoSCSOtGR468xQNEUnVHdu29ZsE,38.8652542,-5.62409,/productores/badajoz/cremositos-del-zujar.webp,pendiente,no comprobado
dona-leonor-de-alburquerque,Doña Leonor de Alburquerque,Alburquerque,Lácteos y quesos,Quesos y lácteos,"Pol. Ind. San Blas, s/n, 06510, Alburquerque , Badajoz",Productor local de quesos o elaboraciones lácteas de la provincia.,,605192080 / 924105089,info@leonordealburquerque.com,https://leonordealburquerque.com/,https://www.facebook.com/queserialeonordealburquerque,,https://www.google.com/maps/search/?api=1&query=Do%C3%B1a%20Leonor%20de%20Alburquerque%20Pol.%20Ind.%20San%20Blas%2C%20s/n%2C%2006510%2C%20Alburquerque%20%2C%20Badajoz&query_place_id=ChIJSUifeNhTFg0R5PoHtLrNdxg,39.2219903,-7.0068086,/productores/badajoz/dona-leonor-de-alburquerque.webp,pendiente,no comprobado
jarropa-y-sita-queseria-artesana,Jarropa y Sita - Quesería Artesana,Zafra,Lácteos y quesos,Quesos y lácteos,"Plazuela de Ruy López, 1, 06300 Zafra, Badajoz, España",Productor local de quesos o elaboraciones lácteas de la provincia.,,613015423,hola@jarropaysita.com,https://www.subscribepage.com/jarropaysita,,,https://www.google.com/maps/search/?api=1&query=Jarropa%20y%20Sita%20-%20Queser%C3%ADa%20Artesana&query_place_id=ChIJ3ybIPaFVEQ0R5__x7sErUEw,38.42541569999999,-6.4208661,/productores/badajoz/jarropa-y-sita-queseria-artesana.webp,pendiente,no comprobado
mama-cabra,Mamá Cabra,Bodonal de la Sierra,Lácteos y quesos,Quesos y lácteos,"C. San Isidro, 7, 06394 Bodonal de la Sierra, Badajoz, España",Productor local de quesos o elaboraciones lácteas de la provincia.,,647836951 / 629558824,quesos@mamacabra.es,https://www.mamacabra.es/,https://www.facebook.com/queseriamamacabra,https://www.instagram.com/queseriamamacabra/,https://www.google.com/maps/search/?api=1&query=Mam%C3%A1%20Cabra&query_place_id=ChIJ-ahRrmddEQ0RjBul3it7Yg4,38.142337,-6.554791,,pendiente,no comprobado
queseria-artesana-tesoro-de-cabra,Quesería Artesana Tesoro de Cabra,Cabeza la Vaca,Lácteos y quesos,Quesos y lácteos,"Polígono industrial, C. Viario 2, S/N, 06293 Cabeza la Vaca, Badajoz",Productor local de quesos o elaboraciones lácteas de la provincia.,,665285586,maricarmenreyeslavado@gmail.com,,https://www.facebook.com/people/Queser%C3%ADa-Artesana-Tesoro-de-Cabra/100064090388450/,,https://www.google.com/maps/search/?api=1&query=Queser%C3%ADa%20Artesana%20Tesoro%20de%20Cabra%20Pol%C3%ADgono%20industrial%2C%20C.%20Viario%202%2C%20S/N%2C%2006293%20Cabeza%20la%20Vaca%2C%20Badajoz&query_place_id=EjFDLiBWaWFyaW8gMiwgMDYyOTMgQ2FiZXphIGxhIFZhY2EsIEJhZGFqb3osIFNwYWluIi4qLAoUChIJCfrlWcZhEQ0R5YpuMNpCiqcSFAoSCYfWMazFYRENEZ92nTM-VZat,38.0867726,-6.4264502,,pendiente,no comprobado
queseria-el-majadal,Quesería El Majadal,Bodonal de la Sierra,Lácteos y quesos,Quesos y lácteos,"Poligono Industrial Las Huertas, 06394 Bodonal de la Sierra, Badajoz, España",Productor local de quesos o elaboraciones lácteas de la provincia.,,616082436,fmoyola@hotmail.com,http://elmajadal.net/,https://es-es.facebook.com/QueseriaElMajadal,https://www.instagram.com/queseriaelmajadal/,https://www.google.com/maps/search/?api=1&query=Queser%C3%ADa%20El%20Majadal&query_place_id=ChIJI1BDJnRnEQ0Rj14iseRQfOQ,38.1435792,-6.5597822,,pendiente,no comprobado
quesos-marina,Quesos Marina,Mérida,Lácteos y quesos,Quesos y lácteos,"Calle del Palo, 12, 06800, Mérida, Badajoz",Productor local de quesos o elaboraciones lácteas de la provincia.,,651650469,quesosmarina@gmail.com,,https://www.facebook.com/Quesos-de-Campo-Marina-2111986682374911/,,https://www.google.com/maps/search/?api=1&query=Quesos%20Marina%20Calle%20del%20Palo%2C%2012%2C%2006800%2C%20M%C3%A9rida%2C%20Badajoz&query_place_id=ChIJ2XJeXfAmFA0RDN9_3Y_EqjI,38.9317052,-6.353177199999999,,pendiente,no comprobado
quesos-moran-piris,Quesos Morán Piris,Badajoz,Lácteos y quesos,Quesos y lácteos,"Avenida Joaquín Sanchez Valverde, Parcela H-2, Nave 19, 06006 Badajoz, España",Productor local de quesos o elaboraciones lácteas de la provincia.,,924276369,info@moranpiris.com,https://www.moranpiris.com/,https://www.facebook.com/quesosmoranpiris,,https://www.google.com/maps/search/?api=1&query=QUESOS%20MOR%C3%81N%20PIRIS&query_place_id=ChIJ8xkP2gDlFg0R9DRqMRsuCS4,38.8896334,-6.9941425,/productores/badajoz/quesos-moran-piris.webp,pendiente,no comprobado
quesos-roniel,Quesos Roniel,Fuente del Maestre,Lácteos y quesos,Quesos y lácteos,"Calle del Sueño, 16, 06360, Fuente del Maestre,Badajoz",Productor local de quesos o elaboraciones lácteas de la provincia.,,622070060,artesanosvalledelagua@gmail.com,,,,https://www.google.com/maps/search/?api=1&query=Quesos%20Roniel%20Calle%20del%20Sue%C3%B1o%2C%2016%2C%2006360%2C%20Fuente%20del%20Maestre%2CBadajoz&query_place_id=ChIJIeW38lKqFg0Rgmsqj8F-TA8,38.5267275,-6.4490114,,pendiente,no comprobado
quesos-rufino-afinadores,Quesos Rufino Afinadores,Oliva de la Frontera,Lácteos y quesos,Quesos y lácteos,"Ctra. Jerez, 153, 06120, Oliva de la Frontera, Badajoz",Productor local de quesos o elaboraciones lácteas de la provincia.,,658495296 / 924740310,info@quesosrufino.es,https://quesosrufino.es/,https://www.facebook.com/Quesos-Artesanos-Rufino-84110244317/,https://www.instagram.com/explore/tags/quesosrufino/,https://www.google.com/maps/search/?api=1&query=Quesos%20Rufino%20Afinadores%20Ctra.%20Jerez%2C%20153%2C%2006120%2C%20Oliva%20de%20la%20Frontera%2C%20Badajoz&query_place_id=ChIJe75-XgYwEQ0RN4D7bv_g2Fo,38.2853294,-6.9125443,/productores/badajoz/quesos-rufino-afinadores.webp,pendiente,no comprobado
quesos-santiago-madera,Quesos Santiago Madera,Santa Marta,Lácteos y quesos,Quesos y lácteos,"C/ Almendral, 4, 06150, Santa Marta de los Barros,Badajoz",Productor local de quesos o elaboraciones lácteas de la provincia.,,678771947 / 652176194,quesosantiegomadera@gmail.com,https://queseriasantiagomadera.com/,https://es-es.facebook.com/people/Quesos-Santiago-Madera-Maestros-artesanos/100057390552642/,,https://www.google.com/maps/search/?api=1&query=Quesos%20Santiago%20Madera%20C/%20Almendral%2C%204%2C%2006150%2C%20Santa%20Marta%20de%20los%20Barros%2CBadajoz&query_place_id=ChIJDwCwh4uwFg0RHmciqTNbEu8,38.6153785,-6.6262861,/productores/badajoz/quesos-santiago-madera.webp,pendiente,no comprobado
quesos-tena-nunez,Quesos Tena Núñez,Castuera,Lácteos y quesos,Quesos y lácteos,"Calle Felicidad, nave 3, 06420 Castuera, Badajoz",Productor local de quesos o elaboraciones lácteas de la provincia.,,666480590,distribucion-tn@hotmail.com,,https://es-la.facebook.com/people/Quesos-Tena-N%C3%BA%C3%B1ez/100063950589187/,https://www.instagram.com/rulosexperience/?hl=es,https://www.google.com/maps/search/?api=1&query=Quesos%20Tena%20N%C3%BA%C3%B1ez%20Calle%20Felicidad%2C%20nave%203%2C%2006420%20Castuera%2C%20Badajoz&query_place_id=ChIJIRqEHzKQFA0RBo3FqUom31Y,38.725819,-5.550044,,pendiente,no comprobado
simon-romero,Simón Romero,Castuera,Lácteos y quesos,Quesos y lácteos,"Ctra. Villanueva – Andújar, Km 34, 06420, Castuera, Badajoz",Productor local de quesos o elaboraciones lácteas de la provincia.,,924760105 / 686514541,simonromero@simonromero.com,http://simonromero.com/,,,https://www.google.com/maps/search/?api=1&query=Sim%C3%B3n%20Romero%20Ctra.%20Villanueva%20%E2%80%93%20And%C3%BAjar%2C%20Km%2034%2C%2006420%2C%20Castuera%2C%20Badajoz&query_place_id=ChIJQVJjXc2RFA0RZ9gekucFzcQ,38.7318218,-5.5502726,,pendiente,no comprobado
abeja-obrera,Abeja Obrera,Fuenlabrada de los Montes,Miel,Miel,"C. Real, 3, 06660 Fuenlabrada de los Montes, Badajoz, España","Productor local de miel, apicultura o elaboraciones asociadas.",,657287919,productosabejaobrera@gmail.com,https://www.mielabejaobrera.com/,https://www.facebook.com/abejaobrera.oficial/,https://www.instagram.com/abeja_obrera/,https://www.google.com/maps/search/?api=1&query=Abeja%20Obrera&query_place_id=ChIJF1Z1Ph4vaw0R0cl0xsJI09A,39.1313494,-4.938301399999999,/productores/badajoz/abeja-obrera.webp,pendiente,no comprobado
cooperativa-montemiel,Cooperativa Montemiel,Fuenlabrada de los Montes,Miel,Miel,"Carretera de Extramuros, 06660 Fuenlabrada de los Montes, Badajoz, España","Productor local de miel, apicultura o elaboraciones asociadas.",,924656186,montemiel@montemiel.com,https://www.montemiel.es/,https://www.facebook.com/people/Cooperativa-Montemiel/100077306000380/,,https://www.google.com/maps/search/?api=1&query=Cooperativa%20Montemiel&query_place_id=ChIJzzODa9Quaw0RImsNOm8Bnl0,39.1306096,-4.946878799999999,,pendiente,no comprobado
el-encinar-del-porrino,El Encinar del Porrino,Salvaleón,Miel,Miel,"calle Travesia del Monte, 3, 06174 Salvaleón, Badajoz","Productor local de miel, apicultura o elaboraciones asociadas.",,626594661,elencinardelporrino@gmail.com,,,,https://www.google.com/maps/search/?api=1&query=El%20Encinar%20del%20Porrino%20calle%20Travesia%20del%20Monte%2C%203%2C%2006174%20Salvale%C3%B3n%2C%20Badajoz&query_place_id=ChIJ7c7n9VHKFg0RhJNReJOhq5M,38.5091592,-6.786863899999999,,pendiente,no comprobado
mermeladas-glasai,Mermeladas Glasai,Valdecaballeros,Mermeladas,Mermeladas,"Ctra. Badajoz, 06689 Valdecaballeros, Badajoz, España",Productor local de mermeladas artesanas.,,634558151,valdeglasai@msn.com,https://mermeladasglasai.wordpress.com/,https://www.facebook.com/Mermeladas-Artesanas-Glasai-Delicatessen-155669421136764/,,https://www.google.com/maps/search/?api=1&query=Mermeladas%20Artesanas%20Glasai%2C%20Ctra.%20Badajoz%2C%2006689%20Valdecaballeros%2C%20Badajoz%2C%20Espa%C3%B1a&query_place_id=ChIJDUCFolQoFQ0R8LDZDKJpR5k,39.2497651,-5.1893053,/productores/badajoz/mermeladas-glasai.webp,pendiente,no comprobado
miel-calabresa,Miel Calabresa,Fuenlabrada de los Montes,Miel,Miel,"Av. Camino Vecinal, Nº 66, 06660 Fuenlabrada de los Montes, Badajoz, España","Productor local de miel, apicultura o elaboraciones asociadas.",,676735575,rocioriscoalvarez@gmail.com,,,,https://www.google.com/maps/search/?api=1&query=MIEL%20CALABRESA&query_place_id=ChIJn8QuE9Quaw0RY4NEJK74UfY,39.1292282,-4.9394508,,pendiente,no comprobado
miel-cuarta-generacion,Miel Cuarta Generación,Castilblanco,Miel,Miel,"C. Huertos, 7, 06680 Castilblanco, Badajoz, España","Productor local de miel, apicultura o elaboraciones asociadas.",,659238401,alcazarventas@hotmail.com,https://mielcuartageneracion.es/,https://www.facebook.com/MielCuartaGeneracion/,https://www.instagram.com/miel_cuartageneracion/,https://www.google.com/maps/search/?api=1&query=Miel%20Cuarta%20Generaci%C3%B3n&query_place_id=ChIJpd_inoErFQ0Rgx9wbNe0cZA,39.2868707,-5.0866774,,pendiente,no comprobado
miel-los-juanes,Miel Los Juanes,Fuenlabrada de los Montes,Miel,Miel,"C. Charcona, 1, 06660 Fuenlabrada de los Montes, Badajoz, España","Productor local de miel, apicultura o elaboraciones asociadas.",,659371445,jyl313@hotmail.com,https://www.miellosjuanes.com/,https://www.facebook.com/Losjuanes1979/,https://www.instagram.com/miel.los.juanes/,https://www.google.com/maps/search/?api=1&query=Miel%20Los%20Juanes&query_place_id=ChIJi2CLALMvaw0R7Ol2eQWiJ74,39.1313321,-4.9320704,/productores/badajoz/miel-los-juanes.webp,pendiente,no comprobado
sibermiel,Sibermiel,Fuenlabrada de los Montes,Miel,Miel,"Avda. Camino vecinal, 17, 06660, Fuenlabrada de losMontes, Badajoz","Productor local de miel, apicultura o elaboraciones asociadas.",,628585839 / 686289021,sibermiel@gmail.com,,https://www.facebook.com/SiberMiel/,https://www.instagram.com/sibermiel/,https://www.google.com/maps/search/?api=1&query=Sibermiel%20Avda.%20Camino%20vecinal%2C%2017%2C%2006660%2C%20Fuenlabrada%20de%20losMontes%2C%20Badajoz&query_place_id=ChIJx3S0QdQuaw0ROmPnXRObIlo,39.1294568,-4.9388874,,pendiente,no comprobado
valles-de-anam,Valles de Anam,Calamonte,Miel,Miel,"Parque Isaac Newton, 16, 06810 Calamonte, Merida, Badajoz","Productor local de miel, apicultura o elaboraciones asociadas.",,656615408,mielvallesdelanam@yahoo.com,https://vallesdelanam.es/,https://www.facebook.com/MielnaturaldelosVallesdelGuadiana/,https://www.instagram.com/vallesdelanam/,https://www.google.com/maps/search/?api=1&query=Valles%20de%20Anam%20Parque%20Isaac%20Newton%2C%2016%2C%2006810%20Calamonte%2C%20Merida%2C%20Badajoz&query_place_id=ChIJd6IlW9wgFA0RwP18h8sdtBA,38.8800538,-6.3725229,/productores/badajoz/valles-de-anam.webp,pendiente,no comprobado
arteluc,Arteluc,Castuera,Pan y pastelería,Pan y dulces,"Calle Arcos, 14, 06420 Castuera, Badajoz","Obrador local de panadería, dulces o repostería artesanal.",,633154733,lurebrame35@gmail.com,https://www.artelucreposteriacasera.es/,https://www.facebook.com/people/Arteluc/100064095311044/,,https://www.google.com/maps/search/?api=1&query=Arteluc%20Calle%20Arcos%2C%2014%2C%2006420%20Castuera%2C%20Badajoz&query_place_id=ChIJzyDCTzeQFA0R3afN0J14vsc,38.7213884,-5.545410899999999,,pendiente,no comprobado
chocolate-moro,Chocolate Moro,Llerena,Pan y pastelería,Pan y dulces,"Calle Santiago 47, 06900 Llerena, Badajoz","Obrador local de panadería, dulces o repostería artesanal.",,681270080,info@chocolatemoro.es,https://www.chocolatemoro.es/,https://www.facebook.com/people/Chocolate-Moro/100063481785149/,https://www.instagram.com/chocolate_bymoro/?hl=es,https://www.google.com/maps/search/?api=1&query=Chocolate%20Moro%20Calle%20Santiago%2047%2C%2006900%20Llerena%2C%20Badajoz&query_place_id=ChIJ3wgZt3qUEw0RWqAq5_RjN1E,38.2369982,-6.0160018,/productores/badajoz/chocolate-moro.webp,pendiente,no comprobado
clarisas,Clarisas,Badajoz,Pan y pastelería,Pan y dulces,"Calle Duque de San German, 13C, 06001 Badajoz","Obrador local de panadería, dulces o repostería artesanal.",,690300764,badajozclarisas@gmail.com,http://www.clarisasbadajoz.com/,https://es-es.facebook.com/clarisasbadajoz/,https://www.instagram.com/clarisassantaana/?hl=es,https://www.google.com/maps/search/?api=1&query=Clarisas%20Calle%20Duque%20de%20San%20German%2C%2013C%2C%2006001%20Badajoz&query_place_id=ChIJ7XVWGzfkFg0RVnRUys2bG6g,38.8806649,-6.9722596,/productores/badajoz/clarisas.webp,pendiente,no comprobado
dulce-el-cristo,Dulce El Cristo,Zalamea de la Serena,Pan y pastelería,Pan y dulces,"Calle Pío XII 21, 06430 Zalamea de la Serena, Badajoz","Obrador local de panadería, dulces o repostería artesanal.",,924780235 / 618427899,dulceselcristo@gmail.com,,https://www.facebook.com/Dulces-el-Cristo-1561695197403030/,https://www.instagram.com/dulceselcristo/?hl=es,https://www.google.com/maps/search/?api=1&query=Dulce%20El%20Cristo%20Calle%20P%C3%ADo%20XII%2021%2C%2006430%20Zalamea%20de%20la%20Serena%2C%20Badajoz&query_place_id=ChIJTwgramWGFA0RKUfw7nKvH3U,38.6516149,-5.6577812,,pendiente,no comprobado
dulceria-dolores,Dulceria Dolores,San Vicente de Alcántara,Pan y pastelería,Pan y dulces,"Travesia Colón 4, 06500 San Vicente de Alcántara, Badajoz","Obrador local de panadería, dulces o repostería artesanal.",,669030699,info.dulceriadolores@gmail.com,,https://www.facebook.com/people/Dulceria-Dolores/100069661278724/,,https://www.google.com/maps/search/?api=1&query=Dulceria%20Dolores%20Travesia%20Col%C3%B3n%204%2C%2006500%20San%20Vicente%20de%20Alc%C3%A1ntara%2C%20Badajoz&query_place_id=ChIJJVRd0WK0Fw0Rb9gREeCNotw,39.3611148,-7.1382096,,pendiente,no comprobado
dulces-artesanos-romo,Dulces Artesanos Romo,Higuera la Real,Pan y pastelería,Pan y dulces,"C. Agua, s/n, 06350 Higuera la Real, Badajoz, España","Obrador local de panadería, dulces o repostería artesanal.",,924723425 / 686959903,info@dulcesartesanosromo.com,https://www.dulcesartesanosromo.com/,https://www.facebook.com/dulcesartesanosromo/,https://instagram.com/dulces_artesanos_romo,https://www.google.com/maps/search/?api=1&query=Dulces%20Artesanos%20Romo&query_place_id=ChIJm0pirsRBEQ0RMBdW2zAZWMM,38.1371763,-6.6908134,/productores/badajoz/dulces-artesanos-romo.webp,pendiente,no comprobado
dulces-ruiz,Dulces Ruiz,Navalvillar de Pela,Pan y pastelería,Pan y dulces,"Ramon y Cajal 36, Av. de la Constitución, 17, 06760 Navalvillar de Pela, Badajoz, España","Obrador local de panadería, dulces o repostería artesanal.",,625628834,dulcesruiz@gmail.com,https://dulcesruiz.com/,https://www.facebook.com/dulcesruiz.artesanos,,https://www.google.com/maps/search/?api=1&query=DULCES%20RUIZ&query_place_id=ChIJAQAMR6LmFA0RUi29Fud6a6g,39.090415,-5.467394,,pendiente,no comprobado
el-callejon-de-las-delicias,El Callejón de las Delicias,Berlanga,Pan y pastelería,Pan y dulces,"Calle Ulpiano Vázquez, 9, 06930 Berlanga, Badajoz","Obrador local de panadería, dulces o repostería artesanal.",,663980464 - 645333402,aleyda402@hotmail.com,,https://www.facebook.com/elcallejondelasdelicias,,https://www.google.com/maps/search/?api=1&query=El%20Callej%C3%B3n%20de%20las%20Delicias%20Calle%20Ulpiano%20V%C3%A1zquez%2C%209%2C%2006930%20Berlanga%2C%20Badajoz&query_place_id=ChIJt_LJB5SbEw0R2hIfKVGX7XA,38.2819725,-5.830257899999999,,pendiente,no comprobado
el-horno-del-seron,El Horno del Serón,Villanueva de la Serena,Pan y pastelería,Pan y dulces,"Calle Marcelo Macías, 44 06700, Villanueva de laSerena, Badajoz","Obrador local de panadería, dulces o repostería artesanal.",,636294671 / 924841755,cscsanchezcasatejada@gmail.com,,,,https://www.google.com/maps/search/?api=1&query=El%20Horno%20del%20Ser%C3%B3n%20Calle%20Marcelo%20Mac%C3%ADas%2C%2044%2006700%2C%20Villanueva%20de%20laSerena%2C%20Badajoz&query_place_id=ChIJQdv5Tp5ZFA0Rttc3XbvqcjM,38.9708294,-5.7962916,,pendiente,no comprobado
exmesa,Exmesa,Badajoz,Pan y pastelería,Pan y dulces,"Pol. Ind. Pealsa, Ctra. Madrid, Km 397 06008, Badajoz","Obrador local de panadería, dulces o repostería artesanal.",,924250318,exmesa@exmesa.com,,,,https://www.google.com/maps/search/?api=1&query=Exmesa%20Pol.%20Ind.%20Pealsa%2C%20Ctra.%20Madrid%2C%20Km%20397%2006008%2C%20Badajoz&query_place_id=ChIJ5SNqasLlFg0RS5GIi9xSqM0,38.878919,-6.943649,,pendiente,no comprobado
freeglut,Freeglut,Puebla de Sancho Pérez,Pan y pastelería,Pan y dulces,"Carretera Medina, 60, 06310 Puebla de SanchoPérez, Badajoz","Obrador local de panadería, dulces o repostería artesanal.",,615638539,foodsfreeglut@gmail.com,https://freeglut.es/,https://www.facebook.com/freeglut/,,https://www.google.com/maps/search/?api=1&query=Freeglut%20Carretera%20Medina%2C%2060%2C%2006310%20Puebla%20de%20SanchoP%C3%A9rez%2C%20Badajoz&query_place_id=ChIJkxJ-av39Ew0ReM9WH0x4xXY,38.39350659999999,-6.398437100000001,,pendiente,no comprobado
la-abuela-laly,La Abuela Laly,Puebla de Sancho Pérez,Pan y pastelería,Pan y dulces,"Calle San Antonio, 13 06310 Puebla de SanchoPérez, Badajoz","Obrador local de panadería, dulces o repostería artesanal.",,607472200 / 924575324,artesanosdelaabuelalaly@gmail.com,https://www.dulceslaly.es/,https://www.facebook.com/artesanosdelaabuelalaly/,https://www.instagram.com/artesanosdelabuelalaly/,https://www.google.com/maps/search/?api=1&query=La%20Abuela%20Laly%20Calle%20San%20Antonio%2C%2013%2006310%20Puebla%20de%20SanchoP%C3%A9rez%2C%20Badajoz&query_place_id=ChIJRZxI9Qf-Ew0R5A_AcfDf0zA,38.3947201,-6.3983785,/productores/badajoz/la-abuela-laly.webp,pendiente,no comprobado
la-cuba,La Cuba,Montijo,Pan y pastelería,Pan y dulces,"Calle Doctor Gómez Ulla, 5 06480 Montijo, Badajoz","Obrador local de panadería, dulces o repostería artesanal.",,630435632 / 644239870,info@la-cuba.es,http://www.la-cuba.com/index.php/es/,https://www.facebook.com/LaCubaHigosyDerivados/,,https://www.google.com/maps/search/?api=1&query=La%20Cuba%20Calle%20Doctor%20G%C3%B3mez%20Ulla%2C%205%2006480%20Montijo%2C%20Badajoz&query_place_id=ChIJzWUhF-GQFg0RGHdz6Q2FlGs,38.9079968,-6.6173302,/productores/badajoz/la-cuba.webp,pendiente,no comprobado
lazaro-pasteleros,Lázaro Pasteleros,Bienvenida,Pan y pastelería,Pan y dulces,"Calle Usagre, 25, 06250, Bienvenida, Badajoz","Obrador local de panadería, dulces o repostería artesanal.",,924506580,info@pastelerialazaro.es,https://pastelerialazaro.es/,https://www.facebook.com/pastelerialazaro/,https://www.instagram.com/lazaro_pasteleros/,https://www.google.com/maps/search/?api=1&query=L%C3%A1zaro%20Pasteleros%20Calle%20Usagre%2C%2025%2C%2006250%2C%20Bienvenida%2C%20Badajoz&query_place_id=ChIJdUS1x8fvEw0RDZ37ZCDgYWI,38.3019273,-6.2068863,,pendiente,no comprobado
obrador-el-colibri,Obrador El Colibrí,Zafra,Pan y pastelería,Pan y dulces,"C. Andrés Pro, 3C, 06300 Zafra, Badajoz, España","Obrador local de panadería, dulces o repostería artesanal.",,658795208,mjer.mjer@gmail.com,,https://www.facebook.com/people/Obrador-El-Colibr%C3%AD/100057629342062/,https://www.instagram.com/obradorelcolibri/?hl=es,https://www.google.com/maps/search/?api=1&query=Obrador%20El%20Colibr%C3%AD&query_place_id=ChIJ39TkJhBVEQ0RUvh61LGbUGo,38.4214174,-6.413865700000001,,pendiente,no comprobado
panaderia-carrasco-v-generacion,Panadería Carrasco V Generación,Calera de León,Pan y pastelería,Pan y dulces,"Plazuela Cruz, 16, 06292 Calera de León, Badajoz, España","Obrador local de panadería, dulces o repostería artesanal.",,634271125,juanmanuelmartincarrasco96@gmail.com,,https://www.facebook.com/people/Panader%C3%ADa-Carrasco-5-generaci%C3%B3n/100072413418864/,https://www.instagram.com/carrasco_5_generacion/,https://www.google.com/maps/search/?api=1&query=Panader%C3%ADa%20carrasco%205%20generaci%C3%B3n%2C%20Plazuela%20Cruz%2C%2016%2C%2006292%20Calera%20de%20Le%C3%B3n%2C%20Badajoz%2C%20Espa%C3%B1a&query_place_id=ChIJRRektGPeEw0RhEEvqzaa56g,38.1064557,-6.336921600000001,,pendiente,no comprobado
panaderia-pasteleria-lavado-y-lavado,Panadería Pastelería Lavado Y Lavado,Cabeza la Vaca,Pan y pastelería,Pan y dulces,"Calle Charquito 6, 06293 Cabeza la Vaca, Badajoz","Obrador local de panadería, dulces o repostería artesanal.",,628484802,alavado89@gmail.com,https://panaderiapastelerialavado.wordpress.com/,https://www.facebook.com/panaderiapastelerialavadoylavado,https://www.instagram.com/panaderiapastelerialav/?hl=es,https://www.google.com/maps/search/?api=1&query=Panader%C3%ADa%20Pasteler%C3%ADa%20Lavado%20Y%20Lavado%20Calle%20Charquito%206%2C%2006293%20Cabeza%20la%20Vaca%2C%20Badajoz&query_place_id=ChIJ5QV6K8VhEQ0RDblhn2J3m0Y,38.0864529,-6.4185279,/productores/badajoz/panaderia-pasteleria-lavado-y-lavado.webp,pendiente,no comprobado
pasteleria-angel-cascales,Pastelería Ángel Cascales,San Vicente de Alcántara,Pan y pastelería,Pan y dulces,"Avenida Extremadura 35, 06500 San Vicente de Alcántara, Badajoz","Obrador local de panadería, dulces o repostería artesanal.",,675596846,pasteleriaangelcascales@gmail.com,https://pasteleria-angel-cascales.negocio.site/,https://es-es.facebook.com/pasteleriaangelcascales/,,https://www.google.com/maps/search/?api=1&query=Pasteler%C3%ADa%20%C3%81ngel%20Cascales%20Avenida%20Extremadura%2035%2C%2006500%20San%20Vicente%20de%20Alc%C3%A1ntara%2C%20Badajoz&query_place_id=ChIJPy2jymK0Fw0RCzVNKpbxH30,39.360892,-7.137333,,pendiente,no comprobado
pasteleria-artesanal-la-siberia,Pastelería artesanal La Siberia,Siruela,Pan y pastelería,Pan y dulces,"Trav. Mozas 2, 06650 Siruela, Badajoz","Obrador local de panadería, dulces o repostería artesanal.",,699350525,victoriarr@live.com,https://www.pastelerialasiberia.es/,https://www.facebook.com/pastelerialasiberia,https://www.instagram.com/pastelerialasiberia/,https://www.google.com/maps/search/?api=1&query=Pasteler%C3%ADa%20artesanal%20La%20Siberia%20Trav.%20Mozas%202%2C%2006650%20Siruela%2C%20Badajoz&query_place_id=Ei1Uci7CqiBNb3phcywgMiwgMDY2NTAgU2lydWVsYSwgQmFkYWpveiwgU3BhaW4iMBIuChQKEgmhUr5GTzNrDRG2joYCBckNeRACKhQKEgmhUr5GTzNrDRHNzByZFfuJmg,38.9769006,-5.0504605,,pendiente,no comprobado
pasteleria-mauro,Pastelería Mauro,La Zarza,Pan y pastelería,Pan y dulces,"Calle Coso, 13, 06830 La Zarza, Badajoz","Obrador local de panadería, dulces o repostería artesanal.",,678596508,pasteleriamauro@hotmail.com,,https://www.facebook.com/people/Pasteler%C3%ADa-Mauro/100063597281478/,https://www.instagram.com/past_mauro/?hl=es,https://www.google.com/maps/search/?api=1&query=Pasteler%C3%ADa%20Mauro%20Calle%20Coso%2C%2013%2C%2006830%20La%20Zarza%2C%20Badajoz&query_place_id=ChIJcXPMO94XFA0RilFECJvPOeM,38.81915559999999,-6.2154307,,pendiente,no comprobado
turrones-dos-hermanos,Turrones Dos Hermanos,Castuera,Pan y pastelería,Pan y dulces,"Av. del Gral. Luxán, 105, 06420 Castuera, Badajoz, España","Obrador local de panadería, dulces o repostería artesanal.",,924760820 / 647416757 / 639613637,turronesdoshermanos@turronesdoshermanos.com,https://turronesdoshermanos.com/,https://www.facebook.com/turronesdoshermanoscastuera/,,https://www.google.com/maps/search/?api=1&query=Turrones%20DosHermanos&query_place_id=ChIJ76bG6MqRFA0RyI_DZq-ewAo,38.7329519,-5.5427798,/productores/badajoz/turrones-dos-hermanos.webp,pendiente,no comprobado
aceite-de-oliva-jose-manuel-izquierdo-tena,Aceite de Oliva Jose Manuel Izquierdo Tena,Helechal,Aceite,Aceite de oliva,"C. Angarillas, 58, 06613 Helechal, Badajoz, España",Productor local de aceite de oliva y elaboraciones vinculadas al olivar pacense.,lunes: 9:00–20:00 | martes: 9:00–20:00 | miércoles: 9:00–20:00 | jueves: 9:00–20:00 | viernes: 9:00–20:00 | sábado: 9:00–20:00 | domingo: 9:00–20:00,607 72 30 11,,,,,https://www.google.com/maps/search/?api=1&query=Aceite%20de%20Oliva%20Jose%20Manuel%20Izquierdo%20Tena%2C%20C.%20Angarillas%2C%2058%2C%2006613%20Helechal%2C%20Badajoz%2C%20Espa%C3%B1a&query_place_id=ChIJ-XLE6uuiFA0RFdeVflTd8Jg,38.6740084,-5.3646378,,pendiente,no comprobado
aceite-de-oliva-olea-organic,Aceite de Oliva Olea Organic,Castuera,Aceite,Aceite de oliva,"Ctra. Ronda de Castuera, s/n, 06420 Castuera, Badajoz, España",Productor local de aceite de oliva y elaboraciones vinculadas al olivar pacense.,,672 24 57 89,,,,,https://www.google.com/maps/search/?api=1&query=Aceite%20de%20Oliva%20Olea%20Organic%2C%20Ctra.%20Ronda%20de%20Castuera%2C%20s%2Fn%2C%2006420%20Castuera%2C%20Badajoz%2C%20Espa%C3%B1a&query_place_id=ChIJmeN6zDGQFA0RaM7wJaG3Nlo,38.7232498,-5.5502778,,pendiente,no comprobado
aceite-de-oliva-virgen-extra-telesforo-perez,Aceite de Oliva Virgen Extra Telesforo Pérez,Zalamea de la Serena,Aceite,Aceite de oliva,"C. Trajano, 11, 06430 Zalamea de la Serena, Badajoz, España",Productor local de aceite de oliva y elaboraciones vinculadas al olivar pacense.,lunes: 9:15–13:45 | martes: 9:15–13:45 | miércoles: 9:15–13:45 | jueves: 9:15–13:45 | viernes: 9:15–13:45 | sábado: 9:15–13:45 | domingo: Cerrado,924 78 00 14,,http://www.aceitetelesforo.com/,,,https://www.google.com/maps/search/?api=1&query=Aceite%20de%20Oliva%20Virgen%20Extra%20Telesforo%20P%C3%A9rez%2C%20C.%20Trajano%2C%2011%2C%2006430%20Zalamea%20de%20la%20Serena%2C%20Badajoz%2C%20Espa%C3%B1a&query_place_id=ChIJSykeiG-GFA0RKH88oYMpewY,38.6525323,-5.658333799999999,/productores/badajoz/aceite-de-oliva-virgen-extra-telesforo-perez.webp,pendiente,no comprobado
aceite-finca-la-jacoba,Aceite Finca La Jacoba,Azuaga,Aceite,Aceite de oliva,"Pl. Cristo, 22, 06920 Azuaga, Badajoz, España",Productor local de aceite de oliva y elaboraciones vinculadas al olivar pacense.,,626 26 94 20,,https://aceitelajacoba.es/,,,https://www.google.com/maps/search/?api=1&query=Aceite%20Finca%20La%20Jacoba%2C%20Pl.%20Cristo%2C%2022%2C%2006920%20Azuaga%2C%20Badajoz%2C%20Espa%C3%B1a&query_place_id=ChIJm7BD-R51Ew0R6G0Qm2Qfh4Q,38.2588977,-5.6767598,,pendiente,no comprobado
aceite-olevm,Aceite Olevm,Mérida,Aceite,Aceite de oliva,"C. Manuel Núñez, 3, Portal 5 bajo A, 06800 Mérida, Badajoz, España",Productor local de aceite de oliva y elaboraciones vinculadas al olivar pacense.,lunes: 9:00–19:00 | martes: 9:00–19:00 | miércoles: 9:00–19:00 | jueves: 9:00–19:00 | viernes: 9:00–19:00 | sábado: 9:00–14:00 | domingo: Cerrado,924 37 12 81,,https://aceiteolevm.com/,https://www.facebook.com/profile.php,https://www.instagram.com/aceite_olevm/,https://www.google.com/maps/search/?api=1&query=Aceite%20Olevm%2C%20C.%20Manuel%20N%C3%BA%C3%B1ez%2C%203%2C%20Portal%205%20bajo%20A%2C%2006800%20M%C3%A9rida%2C%20Badajoz%2C%20Espa%C3%B1a&query_place_id=ChIJPUgMy054j6sRa70p-RKXYU4,38.9200638,-6.3662157,/productores/badajoz/aceite-olevm.webp,pendiente,no comprobado
aceites-del-pozo,Aceites Del Pozo,Puebla de Alcocer,Aceite,Aceite de oliva,"Av. Francisco Chacón, 31, BAJO, 06630 Puebla de Alcocer, Badajoz, España",Productor local de aceite de oliva y elaboraciones vinculadas al olivar pacense.,"lunes: 9:00–14:00, 17:00–20:00 | martes: 9:00–14:00, 17:00–20:00 | miércoles: 9:00–14:00, 17:00–20:00 | jueves: 9:00–14:00, 17:00–20:00 | viernes: 9:00–14:00, 17:00–20:00 | sábado: Cerrado | domingo: Cerrado",924 62 00 43,,http://www.industriasdelpozo.es/,,,https://www.google.com/maps/search/?api=1&query=Aceites%20Del%20Pozo%2C%20Av.%20Francisco%20Chac%C3%B3n%2C%2031%2C%20BAJO%2C%2006630%20Puebla%20de%20Alcocer%2C%20Badajoz%2C%20Espa%C3%B1a&query_place_id=ChIJZcwmUKTFFA0RetPZdV9b3-M,38.9881913,-5.2543484,/productores/badajoz/aceites-del-pozo.webp,pendiente,no comprobado
aceites-tome,Aceites Tomé,Zalamea de la Serena,Aceite,Aceite de oliva,"C. Hermanas de la Cruz, 39, 06430 Zalamea de la Serena, Badajoz, España",Productor local de aceite de oliva y elaboraciones vinculadas al olivar pacense.,lunes: 8:00–13:30 | martes: 8:00–13:30 | miércoles: 8:00–13:30 | jueves: 8:00–13:30 | viernes: 8:00–13:30 | sábado: Cerrado | domingo: Cerrado,924 78 02 60,,http://aceitestome.com/,,,https://www.google.com/maps/search/?api=1&query=Aceites%20Tom%C3%A9%2C%20C.%20Hermanas%20de%20la%20Cruz%2C%2039%2C%2006430%20Zalamea%20de%20la%20Serena%2C%20Badajoz%2C%20Espa%C3%B1a&query_place_id=ChIJyRzXq2iGFA0RRgueE9XUwII,38.65247830000001,-5.6618156,,pendiente,no comprobado
aceites-villamur-aove-extremadura-santa-amalia-aceite-de-oliva-virgen-extra,Aceites Villamur - AOVE Extremadura (Santa Amalia) (Aceite de Oliva Virgen Extra),Santa Amalia,Aceite,Aceite de oliva,"N-430, km 92, 3, 06410 Santa Amalia, Badajoz, España",Productor local de aceite de oliva y elaboraciones vinculadas al olivar pacense.,lunes: 6:00–22:00 | martes: 6:00–22:00 | miércoles: 6:00–22:00 | jueves: 6:00–22:00 | viernes: 6:00–22:00 | sábado: 6:00–22:00 | domingo: 6:00–22:00,659 76 42 96,,https://aceitesvillamur.com/,https://www.facebook.com/tr,,https://www.google.com/maps/search/?api=1&query=Aceites%20Villamur%20-%20AOVE%20Extremadura%20%28Santa%20Amalia%29%20%28Aceite%20de%20Oliva%20Virgen%20Extra%29%2C%20N-430%2C%20km%2092%2C%203%2C%2006410%20Santa%20Amalia%2C%20Badajoz%2C%20Espa%C3%B1a&query_place_id=ChIJLTZrP6LgVgwRjCBjdvyqiEg,39.0074729,-6.0060991,/productores/badajoz/aceites-villamur-aove-extremadura-santa-amalia-aceite-de-oliva-virgen-extra.webp,pendiente,no comprobado
almagral-coop-olivarera-cabeza-del-buey,Almagral - Coop. Olivarera Cabeza del Buey,Cabeza del Buey,Aceite,Aceite de oliva,"Carretera EX-322, km 1, Carretera Cabeza de Buey, 06600 Cabeza del Buey, Badajoz, España",Productor local de aceite de oliva y elaboraciones vinculadas al olivar pacense.,lunes: 8:00–14:30 | martes: 8:00–14:30 | miércoles: 8:00–14:30 | jueves: 8:00–14:30 | viernes: 8:00–14:30 | sábado: 8:00–14:00 | domingo: Cerrado,924 60 03 61,,http://www.almagral.com/,https://www.facebook.com/aceitedeoliva.almagral/,,https://www.google.com/maps/search/?api=1&query=Almagral%20-%20Coop.%20Olivarera%20Cabeza%20del%20Buey%2C%20Carretera%20EX-322%2C%20km%201%2C%20Carretera%20Cabeza%20de%20Buey%2C%2006600%20Cabeza%20del%20Buey%2C%20Badajoz%2C%20Espa%C3%B1a&query_place_id=ChIJERA89HawFA0Rv_VbA_9b5o8,38.7318199,-5.2238595,,pendiente,no comprobado
almazara-de-fuente-de-cantos-s-l,"Almazara de Fuente de Cantos, S.L.",Fuente de Cantos,Aceite,Aceite de oliva,"Polg. Las Capellanías, 29, 06240 Fuente de Cantos, Badajoz, España",Productor local de aceite de oliva y elaboraciones vinculadas al olivar pacense.,lunes: 7:00–15:00 | martes: 7:00–15:00 | miércoles: 7:00–15:00 | jueves: 7:00–15:00 | viernes: 7:00–15:00 | sábado: Cerrado | domingo: Cerrado,655 94 48 05,,http://www.almazarafuentedecantos.es/,,,https://www.google.com/maps/search/?api=1&query=Almazara%20de%20Fuente%20de%20Cantos%2C%20S.L.%2C%20Polg.%20Las%20Capellan%C3%ADas%2C%2029%2C%2006240%20Fuente%20de%20Cantos%2C%20Badajoz%2C%20Espa%C3%B1a&query_place_id=ChIJYQlKNcflEw0RgMXj02adNbI,38.2505846,-6.296358199999999,/productores/badajoz/almazara-de-fuente-de-cantos-s-l.webp,pendiente,no comprobado
almazara-de-villafranca-s-l,Almazara De Villafranca S. L.,Villafranca de los Barros,Aceite,Aceite de oliva,"06220 Villafranca de los Barros, Badajoz, España",Productor local de aceite de oliva y elaboraciones vinculadas al olivar pacense.,,,,,,,https://www.google.com/maps/search/?api=1&query=ALMAZARA%20DE%20VILLAFRANCA%20S.%20L.%2C%2006220%20Villafranca%20de%20los%20Barros%2C%20Badajoz%2C%20Espa%C3%B1a&query_place_id=ChIJ-XzQ_VUBFA0RaMz43XJK1RY,38.5656256,-6.3278967,,pendiente,no comprobado
almazara-ducoy-olive-oil,Almazara Ducoy Olive Oil,Villalba de los Barros,Aceite,Aceite de oliva,"Carretera Presa del Embalse de, 06360 Villalba de los Barros, Badajoz, España",Productor local de aceite de oliva y elaboraciones vinculadas al olivar pacense.,lunes: 9:00–15:00 | martes: 9:00–15:00 | miércoles: 9:00–15:00 | jueves: 9:00–15:00 | viernes: 9:00–15:00 | sábado: Cerrado | domingo: Cerrado,679 67 25 40,,http://www.aceitesducoy.com/,,https://www.instagram.com/aceitesducoy/,https://www.google.com/maps/search/?api=1&query=Almazara%20Ducoy%20Olive%20Oil%2C%20Carretera%20Presa%20del%20Embalse%20de%2C%2006360%20Villalba%20de%20los%20Barros%2C%20Badajoz%2C%20Espa%C3%B1a&query_place_id=ChIJvaG2LMWpFg0RkcE9euofTaw,38.5771947,-6.4848099,/productores/badajoz/almazara-ducoy-olive-oil.webp,pendiente,no comprobado
almazara-la-cana,Almazara La Cana,Badajoz,Aceite,Aceite de oliva,"C. de Cáceres, km 40, 8, 06191 Badajoz, España",Productor local de aceite de oliva y elaboraciones vinculadas al olivar pacense.,lunes: Abierto 24 horas | martes: Abierto 24 horas | miércoles: Abierto 24 horas | jueves: Abierto 24 horas | viernes: Abierto 24 horas | sábado: Abierto 24 horas | domingo: Abierto 24 horas,644 70 19 08,,https://www.lacanaaove.com/,,,https://www.google.com/maps/search/?api=1&query=Almazara%20La%20Cana%2C%20C.%20de%20C%C3%A1ceres%2C%20km%2040%2C%208%2C%2006191%20Badajoz%2C%20Espa%C3%B1a&query_place_id=ChIJ___vicbuFg0R8rXDTD6GOiM,39.1727452,-6.624162099999999,,pendiente,no comprobado
castuo-cooperativa-cooperativa-de-aceite-y-vino,Castúo Cooperativa- Cooperativa de aceite y vino,Guareña,Aceite,Aceite de oliva,"C. Don Benito, 13, 06470 Guareña, Badajoz, España",Productor local de aceite de oliva y elaboraciones vinculadas al olivar pacense.,lunes: 9:00–19:00 | martes: 9:00–19:00 | miércoles: 9:00–19:00 | jueves: 9:00–19:00 | viernes: 9:00–19:00 | sábado: 9:00–19:00 | domingo: Cerrado,924 00 00 00,,https://castuo.es/,,,https://www.google.com/maps/search/?api=1&query=Cast%C3%BAo%20Cooperativa-%20Cooperativa%20de%20aceite%20y%20vino%2C%20C.%20Don%20Benito%2C%2013%2C%2006470%20Guare%C3%B1a%2C%20Badajoz%2C%20Espa%C3%B1a&query_place_id=ChIJATDZaLY_FA0Rk648MAuA-oM,38.8603363,-6.095459900000001,/productores/badajoz/castuo-cooperativa-cooperativa-de-aceite-y-vino.webp,pendiente,no comprobado
coop-olivarera-ntra-sra-de-los-angeles,"Coop, Olivarera Ntra, Sra De Los Angeles",Fuentes de León,Aceite,Aceite de oliva,"BA-092, 06280 Fuentes de León, Badajoz, España",Productor local de aceite de oliva y elaboraciones vinculadas al olivar pacense.,lunes: 9:15–13:00 | martes: Cerrado | miércoles: Cerrado | jueves: Cerrado | viernes: Cerrado | sábado: Cerrado | domingo: Cerrado,924 72 41 03,,https://almazaralosangeles.com/,,,https://www.google.com/maps/search/?api=1&query=Coop%2C%20Olivarera%20Ntra%2C%20Sra%20De%20Los%20Angeles%2C%20BA-092%2C%2006280%20Fuentes%20de%20Le%C3%B3n%2C%20Badajoz%2C%20Espa%C3%B1a&query_place_id=ChIJqRnm-2hmEQ0Rz5ZjwbSbiLE,38.0680855,-6.548579999999999,,pendiente,no comprobado
cooperativa-olivarera-nuestra-senora-de-las-cruces,Cooperativa Olivarera Nuestra Señora de las Cruces,Don Benito,Aceite,Aceite de oliva,"Almazara - Molino, C. Margarita, 1, 06400 Don Benito, Badajoz, España",Productor local de aceite de oliva y elaboraciones vinculadas al olivar pacense.,lunes: 9:00–14:00 | martes: 9:00–14:00 | miércoles: 9:00–14:00 | jueves: 9:00–14:00 | viernes: 9:00–14:00 | sábado: Cerrado | domingo: Cerrado,924 81 13 01,,https://coopvirgendelascruces.com/,,,https://www.google.com/maps/search/?api=1&query=Cooperativa%20Olivarera%20Nuestra%20Se%C3%B1ora%20de%20las%20Cruces%2C%20Almazara%20-%20Molino%2C%20C.%20Margarita%2C%201%2C%2006400%20Don%20Benito%2C%20Badajoz%2C%20Espa%C3%B1a&query_place_id=ChIJq6qqqupaFA0RWPHrLXHzDDw,38.9532315,-5.8752406,/productores/badajoz/cooperativa-olivarera-nuestra-senora-de-las-cruces.webp,pendiente,no comprobado
cooperativa-santa-quiteria,Cooperativa Santa Quiteria,La Nava de Santiago,Aceite,Aceite de oliva,"C. Pozo Nuevo, 20, 06486 La Nava de Santiago, Badajoz, España",Productor local de aceite de oliva y elaboraciones vinculadas al olivar pacense.,"lunes: 8:00–14:00, 15:30–17:00 | martes: 8:00–14:00, 15:30–17:00 | miércoles: 8:00–14:00, 15:30–17:00 | jueves: 8:00–14:00, 15:30–17:00 | viernes: 8:00–14:00, 15:30–17:00 | sábado: 8:00–13:00 | domingo: Cerrado",924 32 10 45,,http://www.cooperativasantaquiteria.com/,https://www.facebook.com/Cooperativa-del-Campo-Santa-Quiteria-145687955480236/,,https://www.google.com/maps/search/?api=1&query=Cooperativa%20Santa%20Quiteria%2C%20C.%20Pozo%20Nuevo%2C%2020%2C%2006486%20La%20Nava%20de%20Santiago%2C%20Badajoz%2C%20Espa%C3%B1a&query_place_id=ChIJIS_Vj6WGFg0Ro3uhUayKWWI,39.0624914,-6.504061300000001,/productores/badajoz/cooperativa-santa-quiteria.webp,pendiente,no comprobado
el-turunuelo-aove,El turuñuelo AOVE,Guareña,Aceite,Aceite de oliva,"C. Pajares, 06470 Guareña, Badajoz, España",Productor local de aceite de oliva y elaboraciones vinculadas al olivar pacense.,,679 59 46 32,,https://www.elturunuelo.com/,https://www.facebook.com/p/,https://www.instagram.com/elturunuelo.aove/,https://www.google.com/maps/search/?api=1&query=El%20turu%C3%B1uelo%20AOVE%2C%20C.%20Pajares%2C%2006470%20Guare%C3%B1a%2C%20Badajoz%2C%20Espa%C3%B1a&query_place_id=ChIJXVTdrqI_FA0RNTTHOzUOp8I,38.85950649999999,-6.101714800000001,/productores/badajoz/el-turunuelo-aove.webp,pendiente,no comprobado
sociedad-cooperativa-de-colonos-de-gevora,Sociedad Cooperativa de Colonos de Gévora,Gévora,Aceite,Aceite de oliva,"Carretera Montijo - Badajoz, EX-209, km 5, 9, 06180 Gévora, Badajoz, España",Productor local de aceite de oliva y elaboraciones vinculadas al olivar pacense.,"lunes: 8:00–14:00, 16:00–18:00 | martes: 8:00–14:00, 16:00–18:00 | miércoles: 8:00–14:00, 16:00–18:00 | jueves: 8:00–14:00, 16:00–18:00 | viernes: 8:00–14:00, 16:00–18:00 | sábado: 9:00–12:00 | domingo: Cerrado",924 43 02 27,,http://www.cooperativagevora.com/,https://www.facebook.com/p/,https://www.instagram.com/almazaragevora/,https://www.google.com/maps/search/?api=1&query=Sociedad%20Cooperativa%20de%20Colonos%20de%20G%C3%A9vora%2C%20Carretera%20Montijo%20-%20Badajoz%2C%20EX-209%2C%20km%205%2C%209%2C%2006180%20G%C3%A9vora%2C%20Badajoz%2C%20Espa%C3%B1a&query_place_id=ChIJD3WA696QFg0R6tbDw1kWk8w,38.9140544,-6.9437486,/productores/badajoz/sociedad-cooperativa-de-colonos-de-gevora.webp,pendiente,no comprobado
bodega-el-coto-de-galan-s-a,Bodega El Coto de Galán S.A.,Castuera,Bodega,Vino y bebidas,"Av. del Gral. Luxán, 59, 06420 Castuera, Badajoz, España","Bodega local vinculada a vino, cava, licores u otras bebidas elaboradas en la provincia.","lunes: 7:00–15:00, 19:30–24:00 | martes: 7:00–15:00, 19:30–24:00 | miércoles: 7:00–15:00, 19:30–24:00 | jueves: 7:00–15:00, 19:30–24:00 | viernes: 7:00–15:00, 19:30–24:00 | sábado: 7:00–15:00, 19:30–24:00 | domingo: Cerrado",924 77 20 10,,http://www.elcotodegalan.es/,https://www.facebook.com/El-Coto-Del-Jam,,https://www.google.com/maps/search/?api=1&query=Bodega%20El%20Coto%20de%20Gal%C3%A1n%20S.A.%2C%20Av.%20del%20Gral.%20Lux%C3%A1n%2C%2059%2C%2006420%20Castuera%2C%20Badajoz%2C%20Espa%C3%B1a&query_place_id=ChIJGQ4r-jSQFA0R3oK6YcQ0fbg,38.7289238,-5.543947,/productores/badajoz/bodega-el-coto-de-galan-s-a.webp,pendiente,no comprobado
bodega-los-castuos,Bodega Los Castuos,Montijo,Bodega,Vino y bebidas,"Ctra. Torremayor, 8, 06480 Montijo, Badajoz, España","Bodega local vinculada a vino, cava, licores u otras bebidas elaboradas en la provincia.","lunes: 9:00–14:00, 17:00–20:00 | martes: 9:00–14:00, 17:00–20:00 | miércoles: 9:00–14:00, 17:00–20:00 | jueves: 9:00–14:00, 17:00–20:00 | viernes: 9:00–14:00, 17:00–20:00 | sábado: 9:00–14:00 | domingo: Cerrado",,,,,,https://www.google.com/maps/search/?api=1&query=Bodega%20Los%20Castuos%2C%20Ctra.%20Torremayor%2C%208%2C%2006480%20Montijo%2C%20Badajoz%2C%20Espa%C3%B1a&query_place_id=ChIJ_dWMIemQFg0RkWmSWjzcEcQ,38.9091488,-6.6074046,,pendiente,no comprobado
bodega-otero-vaquera-vinos-bureo,Bodega Otero Vaquera · Vinos Bureo,Azuaga,Bodega,Vino y bebidas,"Ctra. Azuaga-Maguilla, km. 11,5, Apdo. de Correos, 56, 06920, 06920 Azuaga, Badajoz, España","Bodega local vinculada a vino, cava, licores u otras bebidas elaboradas en la provincia.",lunes: 9:00–15:00 | martes: 9:00–15:00 | miércoles: 9:00–15:00 | jueves: 9:00–15:00 | viernes: 9:00–15:00 | sábado: 9:00–15:00 | domingo: 9:00–15:00,660 29 31 90,,http://www.vinosbureo.com/,,,https://www.google.com/maps/search/?api=1&query=Bodega%20Otero%20Vaquera%20%C2%B7%20Vinos%20Bureo%2C%20Ctra.%20Azuaga-Maguilla%2C%20km.%2011%2C5%2C%20Apdo.%20de%20Correos%2C%2056%2C%2006920%2C%2006920%20Azuaga%2C%20Badajoz%2C%20Espa%C3%B1a&query_place_id=ChIJXWeOrih0Ew0RMrAVzDBQ-zs,38.3467764,-5.7734176,/productores/badajoz/bodega-otero-vaquera-vinos-bureo.webp,pendiente,no comprobado
bodega-pago-de-las-encomiendas,Bodega Pago de las Encomiendas,Villafranca de los Barros,Bodega,Vino y bebidas,"Camino de San Isidro, S/N, 06220 Villafranca de los Barros, Badajoz, España","Bodega local vinculada a vino, cava, licores u otras bebidas elaboradas en la provincia.","lunes: 9:00–14:00, 16:00–20:00 | martes: 9:00–14:00, 16:00–20:00 | miércoles: 9:00–14:00, 16:00–20:00 | jueves: 9:00–14:00, 16:00–20:00 | viernes: 9:00–14:00, 16:00–20:00 | sábado: 9:00–14:00 | domingo: Cerrado",924 11 82 80,,https://bodegalasencomiendas.es/,https://www.facebook.com/pagoencomiendas/,https://www.instagram.com/pagodelasencomiendas/,https://www.google.com/maps/search/?api=1&query=Bodega%20Pago%20de%20las%20Encomiendas%2C%20Camino%20de%20San%20Isidro%2C%20S%2FN%2C%2006220%20Villafranca%20de%20los%20Barros%2C%20Badajoz%2C%20Espa%C3%B1a&query_place_id=ChIJNWPecn0BFA0RcPppYXtRPo0,38.5544647,-6.3448217,/productores/badajoz/bodega-pago-de-las-encomiendas.webp,pendiente,no comprobado
bodega-puente-ajuda,Bodega Puente Ajuda,Olivenza,Bodega,Vino y bebidas,"Ctra. Puente Ayuda, 06100 Olivenza, Badajoz, España","Bodega local vinculada a vino, cava, licores u otras bebidas elaboradas en la provincia.",lunes: Abierto 24 horas | martes: Abierto 24 horas | miércoles: Abierto 24 horas | jueves: Abierto 24 horas | viernes: Abierto 24 horas | sábado: Abierto 24 horas | domingo: Abierto 24 horas,924 27 48 75,,http://bodegaspuenteajuda.com/,,,https://www.google.com/maps/search/?api=1&query=Bodega%20Puente%20Ajuda%2C%20Ctra.%20Puente%20Ayuda%2C%2006100%20Olivenza%2C%20Badajoz%2C%20Espa%C3%B1a&query_place_id=ChIJb7vKRKwgFw0Ri0JUUB9CFQM,38.7680554,-7.169358000000001,/productores/badajoz/bodega-puente-ajuda.webp,pendiente,no comprobado
bodega-rosal,Bodega Rosal,Montijo,Bodega,Vino y bebidas,"C. Virgen de Barbaño, 76, 06480 Montijo, Badajoz, España","Bodega local vinculada a vino, cava, licores u otras bebidas elaboradas en la provincia.",lunes: 8:30–14:30 | martes: 8:30–14:30 | miércoles: 8:30–14:30 | jueves: 8:30–14:30 | viernes: 8:30–14:30 | sábado: 8:30–14:00 | domingo: Cerrado,639 31 14 70,,,,,https://www.google.com/maps/search/?api=1&query=Bodega%20Rosal%2C%20C.%20Virgen%20de%20Barba%C3%B1o%2C%2076%2C%2006480%20Montijo%2C%20Badajoz%2C%20Espa%C3%B1a&query_place_id=ChIJ131b0M-RFg0RqtMjF90ph84,38.90615409999999,-6.609517800000001,,pendiente,no comprobado
bodega-valdealto,Bodega Valdealto,Mérida,Bodega,Vino y bebidas,"C/ Ctra. N-630. P.K. 634. Aptdo .714, 06800 Mérida, Badajoz, España","Bodega local vinculada a vino, cava, licores u otras bebidas elaboradas en la provincia.",lunes: 9:00–14:00 | martes: 9:00–14:00 | miércoles: 9:00–14:00 | jueves: 9:00–14:00 | viernes: 9:00–14:00 | sábado: Cerrado | domingo: Cerrado,824 60 70 01,,https://valdealto.com/,,,https://www.google.com/maps/search/?api=1&query=BODEGA%20VALDEALTO%2C%20C%2F%20Ctra.%20N-630.%20P.K.%20634.%20Aptdo%20.714%2C%2006800%20M%C3%A9rida%2C%20Badajoz%2C%20Espa%C3%B1a&query_place_id=ChIJ0xx_NzEgFA0RRVRj5pHhx7k,38.8286994,-6.371510199999999,/productores/badajoz/bodega-valdealto.webp,pendiente,no comprobado
bodega-vinicola-las-minitas,Bodega Vinícola Las Minitas,Almendralejo,Bodega,Vino y bebidas,"C. del Molino, 0, 06200 Almendralejo, Badajoz, España","Bodega local vinculada a vino, cava, licores u otras bebidas elaboradas en la provincia.",,924 67 11 24,,http://www.lasminitas.es/,,,https://www.google.com/maps/search/?api=1&query=Bodega%20Vin%C3%ADcola%20Las%20Minitas%2C%20C.%20del%20Molino%2C%200%2C%2006200%20Almendralejo%2C%20Badajoz%2C%20Espa%C3%B1a&query_place_id=ChIJy8Z_23kdFA0R83J9XMGwy5o,38.6843977,-6.396013399999999,,pendiente,no comprobado
bodegas-cerro-la-barca-s-l,Bodegas Cerro La Barca S.L.,Villanueva de la Serena,Bodega,Vino y bebidas,"Carretera Castuera (EX 104), Km 4,750, 06700 Villanueva de la Serena, Badajoz, España","Bodega local vinculada a vino, cava, licores u otras bebidas elaboradas en la provincia.",lunes: 7:00–15:00 | martes: 7:00–15:00 | miércoles: 7:00–15:00 | jueves: 7:00–15:00 | viernes: 7:00–15:00 | sábado: Cerrado | domingo: Cerrado,654 02 28 56,,,,,https://www.google.com/maps/search/?api=1&query=Bodegas%20Cerro%20La%20Barca%20S.L.%2C%20Carretera%20Castuera%20%28EX%20104%29%2C%20Km%204%2C750%2C%2006700%20Villanueva%20de%20la%20Serena%2C%20Badajoz%2C%20Espa%C3%B1a&query_place_id=ChIJ9zuS6KBZFA0RuQj2kIAftC8,38.956869,-5.734732,,pendiente,no comprobado
bodegas-cortes,Bodegas Cortés,Llerena,Bodega,Vino y bebidas,"Av. de Badajoz, s/n, 06900 Llerena, Badajoz, España","Bodega local vinculada a vino, cava, licores u otras bebidas elaboradas en la provincia.","lunes: 8:30–14:00, 17:00–19:30 | martes: 8:30–14:00, 17:00–19:30 | miércoles: 8:30–14:00, 17:00–19:30 | jueves: 8:30–14:00, 17:00–19:30 | viernes: 8:30–14:00, 17:00–19:30 | sábado: Cerrado | domingo: Cerrado",924 87 01 52,,https://www.bodegascortes.es/,,,https://www.google.com/maps/search/?api=1&query=Bodegas%20Cort%C3%A9s%2C%20Av.%20de%20Badajoz%2C%20s%2Fn%2C%2006900%20Llerena%2C%20Badajoz%2C%20Espa%C3%B1a&query_place_id=ChIJrwvq-3GUEw0RWpd85pI0Y78,38.2447315,-6.0127479,/productores/badajoz/bodegas-cortes.webp,pendiente,no comprobado
bodegas-el-maestrino,Bodegas El Maestrino,Puebla de Sancho Pérez,Bodega,Vino y bebidas,"C. San Antonio, 2, 06310 Puebla de Sancho Pérez, Badajoz, España","Bodega local vinculada a vino, cava, licores u otras bebidas elaboradas en la provincia.","lunes: 9:00–14:30, 17:00–20:00 | martes: 9:00–14:30, 17:00–20:00 | miércoles: 9:00–14:30, 17:00–20:00 | jueves: 9:00–14:30, 17:00–20:00 | viernes: 9:00–14:30, 17:00–20:00 | sábado: 9:00–13:30 | domingo: Cerrado",924 55 13 59,,https://bodegaselmaestrino.es/es/,https://www.facebook.com/profile.php,https://www.instagram.com/bodegaselmaestrino/,https://www.google.com/maps/search/?api=1&query=Bodegas%20El%20Maestrino%2C%20C.%20San%20Antonio%2C%202%2C%2006310%20Puebla%20de%20Sancho%20P%C3%A9rez%2C%20Badajoz%2C%20Espa%C3%B1a&query_place_id=ChIJr0_ZYf39Ew0RJqohyoaKdNE,38.3946199,-6.3986459,/productores/badajoz/bodegas-el-maestrino.webp,pendiente,no comprobado
bodegas-garcia-rebollo,Bodegas García Rebollo,Guareña,Bodega,Vino y bebidas,"La estación, 44, 06470 Guareña, Badajoz, España","Bodega local vinculada a vino, cava, licores u otras bebidas elaboradas en la provincia.",lunes: 9:00–17:00 | martes: 9:00–17:00 | miércoles: 9:00–17:00 | jueves: 9:00–17:00 | viernes: 9:00–17:00 | sábado: Cerrado | domingo: Cerrado,680 32 66 76,,,,,https://www.google.com/maps/search/?api=1&query=Bodegas%20Garc%C3%ADa%20Rebollo%2C%20La%20estaci%C3%B3n%2C%2044%2C%2006470%20Guare%C3%B1a%2C%20Badajoz%2C%20Espa%C3%B1a&query_place_id=ChIJlcjGQTw_FA0RQCE8S6UPrUA,38.8969003,-6.1251235,,pendiente,no comprobado
bodegas-girol-pareja,Bodegas Girol Pareja,Fuente de Cantos,Bodega,Vino y bebidas,"C. Altos de Cigüeñas, 15, 06240 Fuente de Cantos, Badajoz, España","Bodega local vinculada a vino, cava, licores u otras bebidas elaboradas en la provincia.",lunes: 8:00–20:00 | martes: 8:00–20:00 | miércoles: 8:00–20:00 | jueves: 8:00–20:00 | viernes: 8:00–20:00 | sábado: 8:00–12:00 | domingo: Cerrado,924 50 04 21,,https://bodegasgirolpareja.com/,,,https://www.google.com/maps/search/?api=1&query=Bodegas%20Girol%20Pareja%2C%20C.%20Altos%20de%20Cig%C3%BCe%C3%B1as%2C%2015%2C%2006240%20Fuente%20de%20Cantos%2C%20Badajoz%2C%20Espa%C3%B1a&query_place_id=ChIJCYEE1hPkEw0RaQCbetU9JDc,38.2533442,-6.300278899999999,/productores/badajoz/bodegas-girol-pareja.webp,pendiente,no comprobado
bodegas-hermanos-zapata,Bodegas Hermanos Zapata,Los Santos de Maimona,Bodega,Vino y bebidas,"C. Carrera Grande, 16, 06230, 06230 Los Santos de Maimona, Badajoz, España","Bodega local vinculada a vino, cava, licores u otras bebidas elaboradas en la provincia.",lunes: 9:00–17:00 | martes: 9:00–17:00 | miércoles: 9:00–17:00 | jueves: 9:00–17:00 | viernes: 9:00–17:00 | sábado: Cerrado | domingo: Cerrado,,,https://bodegashermanoszapata.es/,,,https://www.google.com/maps/search/?api=1&query=Bodegas%20Hermanos%20Zapata%2C%20C.%20Carrera%20Grande%2C%2016%2C%2006230%2C%2006230%20Los%20Santos%20de%20Maimona%2C%20Badajoz%2C%20Espa%C3%B1a&query_place_id=ChIJNw0UNfCariIRwJCwjkWJo0c,38.4511982,-6.379901299999999,,pendiente,no comprobado
bodegas-hijos-de-francisco-escaso,Bodegas Hijos de Francisco Escaso,Fuente del Maestre,Bodega,Vino y bebidas,"Ctra. Villalba, 17, 06360 Fuente del Maestre, Badajoz, España","Bodega local vinculada a vino, cava, licores u otras bebidas elaboradas en la provincia.","lunes: 9:00–14:00, 16:00–18:00 | martes: Cerrado | miércoles: 9:00–14:00, 16:00–18:00 | jueves: Cerrado | viernes: Cerrado | sábado: Cerrado | domingo: Cerrado",924 53 00 12,,,,,https://www.google.com/maps/search/?api=1&query=Bodegas%20Hijos%20de%20Francisco%20Escaso%2C%20Ctra.%20Villalba%2C%2017%2C%2006360%20Fuente%20del%20Maestre%2C%20Badajoz%2C%20Espa%C3%B1a&query_place_id=ChIJiTbqBE6qFg0RN46SYtQuJTQ,38.5299335,-6.4430459,,pendiente,no comprobado
bodegas-la-pelina,Bodegas La Pelina,Usagre,Bodega,Vino y bebidas,"Carretera el raposo s/n, 06392 Finca la Pelina, Badajoz, España","Bodega local vinculada a vino, cava, licores u otras bebidas elaboradas en la provincia.","lunes: 9:00–14:00, 16:00–19:00 | martes: 9:00–14:00, 16:00–19:00 | miércoles: 9:00–14:00, 16:00–19:00 | jueves: 9:00–14:00, 16:00–19:00 | viernes: 9:00–14:00, 16:00–19:00 | sábado: 9:00–14:00, 16:00–19:00 | domingo: Cerrado",924 14 90 04,,https://bodegaslapelina.com/,https://www.facebook.com/lapelinabodegas/,https://www.instagram.com/bodegaslapelina/,https://www.google.com/maps/search/?api=1&query=Bodegas%20La%20Pelina%2C%20Carretera%20el%20raposo%20s%2Fn%2C%2006392%20Finca%20la%20Pelina%2C%20Badajoz%2C%20Espa%C3%B1a&query_place_id=ChIJhStJAJvxEw0RYwv0cg-NjDw,38.37648000000001,-6.294319,/productores/badajoz/bodegas-la-pelina.webp,pendiente,no comprobado
bodegas-lopez-morenas,Bodegas López Morenas,Almendralejo,Bodega,Vino y bebidas,"C. Badajoz, 94F, 06200 Almendralejo, Badajoz, España","Bodega local vinculada a vino, cava, licores u otras bebidas elaboradas en la provincia.",,,,,,,https://www.google.com/maps/search/?api=1&query=Bodegas%20L%C3%B3pez%20Morenas%2C%20C.%20Badajoz%2C%2094F%2C%2006200%20Almendralejo%2C%20Badajoz%2C%20Espa%C3%B1a&query_place_id=ChIJS5nTMgynFg0RWHcp0G5EV-4,38.6934609,-6.4335549,,pendiente,no comprobado
bodegas-macario,Bodegas Macario,Montijo,Bodega,Vino y bebidas,"C. Prta del Sol, 75, 06480 Montijo, Badajoz, España","Bodega local vinculada a vino, cava, licores u otras bebidas elaboradas en la provincia.",lunes: 9:00–13:30 | martes: 9:00–13:30 | miércoles: 9:00–13:30 | jueves: 9:00–13:30 | viernes: 9:00–13:30 | sábado: Cerrado | domingo: Cerrado,924 45 50 10,,,,,https://www.google.com/maps/search/?api=1&query=Bodegas%20Macario%2C%20C.%20Prta%20del%20Sol%2C%2075%2C%2006480%20Montijo%2C%20Badajoz%2C%20Espa%C3%B1a&query_place_id=ChIJFwhvB--QFg0R9tx7mEnL3wc,38.91293,-6.60824,,pendiente,no comprobado
bodegas-martinez-paiva,Bodegas Martínez Paiva,Almendralejo,Bodega,Vino y bebidas,"Ctra N-630, Km 646, 06200 Almendralejo, Badajoz, España","Bodega local vinculada a vino, cava, licores u otras bebidas elaboradas en la provincia.","lunes: 8:30–14:00, 15:00–18:00 | martes: 8:30–14:00, 15:00–18:00 | miércoles: 8:30–14:00, 15:00–18:00 | jueves: 8:30–14:00, 15:00–18:00 | viernes: 8:00–14:00 | sábado: Cerrado | domingo: Cerrado",924 67 11 30,,https://www.bodegasmartinezpaiva.com/,https://www.facebook.com/BodegasMartinezPaiva/,https://www.instagram.com/bodegas_martinezpaiva/,https://www.google.com/maps/search/?api=1&query=Bodegas%20Mart%C3%ADnez%20Paiva%2C%20Ctra%20N-630%2C%20Km%20646%2C%2006200%20Almendralejo%2C%20Badajoz%2C%20Espa%C3%B1a&query_place_id=ChIJ4Qh2GomnFg0Rw9r_uvAEDUs,38.7198419,-6.396477399999999,/productores/badajoz/bodegas-martinez-paiva.webp,pendiente,no comprobado
bodegas-medina-el-convento,Bodegas Medina - El Convento,Zafra,Bodega,Vino y bebidas,"C. Cestería, 4, 06300 Zafra, Badajoz, España","Bodega local vinculada a vino, cava, licores u otras bebidas elaboradas en la provincia.",lunes: 10:00–14:00 | martes: 10:00–14:00 | miércoles: 10:00–14:00 | jueves: 10:00–14:00 | viernes: 10:00–14:30 | sábado: 10:00–14:00 | domingo: Cerrado,629 77 34 64,,http://www.bodegasmedina.es/,https://www.facebook.com/profile.php,https://www.instagram.com/bodegasmedina/,https://www.google.com/maps/search/?api=1&query=Bodegas%20Medina%20-%20El%20Convento%2C%20C.%20Cester%C3%ADa%2C%204%2C%2006300%20Zafra%2C%20Badajoz%2C%20Espa%C3%B1a&query_place_id=ChIJC5XwcFx7IUARHzI_Uhh9i-s,38.4267846,-6.4225037,/productores/badajoz/bodegas-medina-el-convento.webp,pendiente,no comprobado
bodegas-moreno,Bodegas moreno,Monesterio,Bodega,Vino y bebidas,"Paseo de Extremadura, 130, 06260 Monesterio, Badajoz, España","Bodega local vinculada a vino, cava, licores u otras bebidas elaboradas en la provincia.",,924 51 63 28,,,,,https://www.google.com/maps/search/?api=1&query=Bodegas%20moreno%2C%20Paseo%20de%20Extremadura%2C%20130%2C%2006260%20Monesterio%2C%20Badajoz%2C%20Espa%C3%B1a&query_place_id=ChIJb6k0lfPcEw0Ry6VIHnRV0X8,38.0900486,-6.273548099999999,,pendiente,no comprobado
bodegas-periane-s-l,Bodegas Periane S.L.,Almendralejo,Bodega,Vino y bebidas,"C. Badajoz, 44, 06200 Almendralejo, Badajoz, España","Bodega local vinculada a vino, cava, licores u otras bebidas elaboradas en la provincia.",,924 66 39 51,,https://www.bodegasperiane.com/,,,https://www.google.com/maps/search/?api=1&query=Bodegas%20Periane%20S.L.%2C%20C.%20Badajoz%2C%2044%2C%2006200%20Almendralejo%2C%20Badajoz%2C%20Espa%C3%B1a&query_place_id=ChIJiU4EJRynFg0RiBgsVs7CMy0,38.6881936,-6.4212972,/productores/badajoz/bodegas-periane-s-l.webp,pendiente,no comprobado
bodegas-regajo,Bodegas Regajo,Fregenal de la Sierra,Bodega,Vino y bebidas,"C. Nueva Sta. Ana, 33, 06340 Fregenal de la Sierra, Badajoz, España","Bodega local vinculada a vino, cava, licores u otras bebidas elaboradas en la provincia.","lunes: 10:00–14:00, 17:30–20:30 | martes: 10:00–14:00, 17:30–20:30 | miércoles: 10:00–14:00, 17:30–20:30 | jueves: 10:00–14:00, 17:30–20:30 | viernes: 10:00–14:00, 17:30–20:30 | sábado: 9:30–14:00 | domingo: 9:30–14:00",924 70 12 94,,http://www.bodegasregajo.com/,https://www.facebook.com/profile.php,https://www.instagram.com/bodegaregajo/,https://www.google.com/maps/search/?api=1&query=Bodegas%20Regajo%2C%20C.%20Nueva%20Sta.%20Ana%2C%2033%2C%2006340%20Fregenal%20de%20la%20Sierra%2C%20Badajoz%2C%20Espa%C3%B1a&query_place_id=ChIJrdpMZtNDEQ0RZMyjTuYv0to,38.1716956,-6.6577997,/productores/badajoz/bodegas-regajo.webp,pendiente,no comprobado
bodegas-repite,Bodegas Repite,Fregenal de la Sierra,Bodega,Vino y bebidas,"Calle Virgen de la Salud, C. Vasco Díaz Tanco, 16, 06340 Fregenal de la Sierra, Badajoz, España","Bodega local vinculada a vino, cava, licores u otras bebidas elaboradas en la provincia.","lunes: 9:00–14:00, 16:30–20:00 | martes: 9:00–14:00, 16:30–20:00 | miércoles: 9:00–14:00, 16:30–20:00 | jueves: 9:00–14:00, 16:30–20:00 | viernes: 9:00–14:00, 16:30–20:00 | sábado: 9:00–14:00 | domingo: Cerrado",635 54 96 34,,https://bodegasrepite.com/,,,https://www.google.com/maps/search/?api=1&query=Bodegas%20Repite%2C%20Calle%20Virgen%20de%20la%20Salud%2C%20C.%20Vasco%20D%C3%ADaz%20Tanco%2C%2016%2C%2006340%20Fregenal%20de%20la%20Sierra%2C%20Badajoz%2C%20Espa%C3%B1a&query_place_id=ChIJQ2ZIvMZDEQ0Rn3RAcHeJpDI,38.1687793,-6.652156499999999,/productores/badajoz/bodegas-repite.webp,pendiente,no comprobado
bodegas-rey-de-los-reyes-sl,Bodegas Rey de los Reyes sl,Fuente de Cantos,Bodega,Vino y bebidas,"06240 Fuente de Cantos, Badajoz, España","Bodega local vinculada a vino, cava, licores u otras bebidas elaboradas en la provincia.",,924 93 69 37,,http://wwwbodegasreydelosreyes.es/,,,https://www.google.com/maps/search/?api=1&query=Bodegas%20Rey%20de%20los%20Reyes%20sl%2C%2006240%20Fuente%20de%20Cantos%2C%20Badajoz%2C%20Espa%C3%B1a&query_place_id=ChIJsVoKvdrlEw0RQeYrrFg2H10,38.2510209,-6.300737,,pendiente,no comprobado
bodegas-romale,Bodegas Romale,Almendralejo,Bodega,Vino y bebidas,"C. Mecánica, s/n, 06200 Almendralejo, Badajoz, España","Bodega local vinculada a vino, cava, licores u otras bebidas elaboradas en la provincia.","lunes: 9:00–14:00, 16:00–19:00 | martes: 9:00–14:00, 16:00–19:00 | miércoles: 9:00–14:00, 16:00–19:00 | jueves: 9:00–14:00, 16:00–19:00 | viernes: 9:00–14:00, 16:00–19:00 | sábado: 9:00–14:00 | domingo: Cerrado",924 66 72 55,,http://www.romale.com/,https://www.facebook.com/policies/,https://www.instagram.com/bodegasromale/,https://www.google.com/maps/search/?api=1&query=Bodegas%20Romale%2C%20C.%20Mec%C3%A1nica%2C%20s%2Fn%2C%2006200%20Almendralejo%2C%20Badajoz%2C%20Espa%C3%B1a&query_place_id=ChIJHZqKcH6nFg0RcEZvdDJLq_I,38.6974252,-6.4130563,/productores/badajoz/bodegas-romale.webp,pendiente,no comprobado
bodegas-s-a-t-el-majuelo,Bodegas S.A.T El Majuelo,Guareña,Bodega,Vino y bebidas,"Ctra. Manchita, 2, 06470 Guareña, Badajoz, España","Bodega local vinculada a vino, cava, licores u otras bebidas elaboradas en la provincia.",,670 05 30 70,,,,,https://www.google.com/maps/search/?api=1&query=Bodegas%20S.A.T%20El%20Majuelo%2C%20Ctra.%20Manchita%2C%202%2C%2006470%20Guare%C3%B1a%2C%20Badajoz%2C%20Espa%C3%B1a&query_place_id=ChIJoS_Kxlk_FA0RGkTUGPKAU0Y,38.856344,-6.088017,,pendiente,no comprobado
bodegas-san-antonio-s-a-t,Bodegas San Antonio S.A.T,Almendralejo,Bodega,Vino y bebidas,"C. Badajoz, 60, 06200 Almendralejo, Badajoz, España","Bodega local vinculada a vino, cava, licores u otras bebidas elaboradas en la provincia.",lunes: 7:00–15:00 | martes: 7:00–15:00 | miércoles: 7:00–15:00 | jueves: 7:00–15:00 | viernes: 7:00–15:00 | sábado: Cerrado | domingo: Cerrado,,,,,,https://www.google.com/maps/search/?api=1&query=Bodegas%20San%20Antonio%20S.A.T%2C%20C.%20Badajoz%2C%2060%2C%2006200%20Almendralejo%2C%20Badajoz%2C%20Espa%C3%B1a&query_place_id=ChIJm6R7eNWnFg0RI4KYe6aO5r4,38.689436,-6.426008899999999,,pendiente,no comprobado
bodegas-sani-primavera-s-l,"Bodegas Sani Primavera, S.L",Almendralejo,Bodega,Vino y bebidas,"C. Zarza, 4, 06200 Almendralejo, Badajoz, España","Bodega local vinculada a vino, cava, licores u otras bebidas elaboradas en la provincia.","lunes: 9:00–14:00, 16:00–19:00 | martes: 9:00–14:00, 16:00–19:00 | miércoles: 9:00–14:00, 16:00–19:00 | jueves: 9:00–14:00, 16:00–19:00 | viernes: 9:00–14:00, 16:00–19:00 | sábado: Cerrado | domingo: Cerrado",924 67 79 17,,http://www.bodegasani.com/,,,https://www.google.com/maps/search/?api=1&query=Bodegas%20Sani%20Primavera%2C%20S.L%2C%20C.%20Zarza%2C%204%2C%2006200%20Almendralejo%2C%20Badajoz%2C%20Espa%C3%B1a&query_place_id=ChIJk9qsHYQdFA0Rbs8xx6vmyp8,38.6911849,-6.404607299999999,/productores/badajoz/bodegas-sani-primavera-s-l.webp,pendiente,no comprobado
bodegas-sat-satiba,Bodegas SAT SATIBA,Almendralejo,Bodega,Vino y bebidas,"C. Zarza, 9, 06200 Almendralejo, Badajoz, España","Bodega local vinculada a vino, cava, licores u otras bebidas elaboradas en la provincia.",lunes: 9:00–20:00 | martes: 9:00–20:00 | miércoles: 9:00–20:00 | jueves: 9:00–20:00 | viernes: 9:00–20:00 | sábado: Cerrado | domingo: Cerrado,924 66 06 09,,,,,https://www.google.com/maps/search/?api=1&query=Bodegas%20SAT%20SATIBA%2C%20C.%20Zarza%2C%209%2C%2006200%20Almendralejo%2C%20Badajoz%2C%20Espa%C3%B1a&query_place_id=ChIJD6GVqIUdFA0Ru5CxyJVxa60,38.69197399999999,-6.404007,,pendiente,no comprobado
bodegas-toribio-vina-puebla,Bodegas Toribio (Viña Puebla),Puebla de Sancho Pérez,Bodega,Vino y bebidas,"BA-160, km 4, 200, 06310 Puebla de Sancho Pérez, Badajoz, España","Bodega local vinculada a vino, cava, licores u otras bebidas elaboradas en la provincia.","lunes: 9:00–14:00, 16:30–19:00 | martes: 9:00–14:00, 16:30–19:00 | miércoles: 9:00–14:00, 16:30–19:00 | jueves: 9:00–14:00, 16:30–19:00 | viernes: 9:00–14:00, 16:30–19:00 | sábado: 10:00–14:00 | domingo: Cerrado",924 55 14 49,,http://www.bodegastoribio.com/,https://www.facebook.com/bodegastoribio,https://www.instagram.com/bodegastoribio/,https://www.google.com/maps/search/?api=1&query=Bodegas%20Toribio%20%28Vi%C3%B1a%20Puebla%29%2C%20BA-160%2C%20km%204%2C%20200%2C%2006310%20Puebla%20de%20Sancho%20P%C3%A9rez%2C%20Badajoz%2C%20Espa%C3%B1a&query_place_id=ChIJpxnr6Qf-Ew0RATz_zHCcIOM,38.3864491,-6.406496,/productores/badajoz/bodegas-toribio-vina-puebla.webp,pendiente,no comprobado
bodegas-ventura-de-vega-s-l,Bodegas Ventura De Vega S.L.,Almendralejo,Bodega,Vino y bebidas,"C. Badajoz, 70, 06200 Almendralejo, Badajoz, España","Bodega local vinculada a vino, cava, licores u otras bebidas elaboradas en la provincia.",lunes: 7:00–15:00 | martes: 7:00–15:00 | miércoles: 7:00–15:00 | jueves: 7:00–15:00 | viernes: 7:00–15:00 | sábado: Cerrado | domingo: Cerrado,924 67 11 05,,http://www.vegaesteban.com/,,,https://www.google.com/maps/search/?api=1&query=BODEGAS%20VENTURA%20DE%20VEGA%20S.L.%2C%20C.%20Badajoz%2C%2070%2C%2006200%20Almendralejo%2C%20Badajoz%2C%20Espa%C3%B1a&query_place_id=ChIJifrRhnanFg0R_L233AGh-uk,38.689016,-6.4233546,,pendiente,no comprobado
bodegas-via-de-la-plata,Bodegas Via de la Plata,Almendralejo,Bodega,Vino y bebidas,"C. Zugasti, 9, 06200 Almendralejo, Badajoz, España","Bodega local vinculada a vino, cava, licores u otras bebidas elaboradas en la provincia.",lunes: 7:00–15:00 | martes: 7:00–15:00 | miércoles: 7:00–15:00 | jueves: 7:00–15:00 | viernes: 7:00–15:00 | sábado: Cerrado | domingo: Cerrado,924 66 11 55,,http://www.bodegasviadelaplata.es/,https://www.facebook.com/cavasviadelaplata/,,https://www.google.com/maps/search/?api=1&query=Bodegas%20Via%20de%20la%20Plata%2C%20C.%20Zugasti%2C%209%2C%2006200%20Almendralejo%2C%20Badajoz%2C%20Espa%C3%B1a&query_place_id=ChIJRYWjCoEdFA0R1XfPutJre7Q,38.6900867,-6.4036817,/productores/badajoz/bodegas-via-de-la-plata.webp,pendiente,no comprobado
bodegas-vina-extremena,Bodegas Viña Extremeña,Almendralejo,Bodega,Vino y bebidas,"C. Alange, 0 S N, 06200 Almendralejo, Badajoz, España","Bodega local vinculada a vino, cava, licores u otras bebidas elaboradas en la provincia.",lunes: 9:00–20:00 | martes: 9:00–20:00 | miércoles: 9:00–20:00 | jueves: 9:00–20:00 | viernes: 9:00–20:00 | sábado: Cerrado | domingo: Cerrado,924 67 01 58,,,,,https://www.google.com/maps/search/?api=1&query=Bodegas%20Vi%C3%B1a%20Extreme%C3%B1a%2C%20C.%20Alange%2C%200%20S%20N%2C%2006200%20Almendralejo%2C%20Badajoz%2C%20Espa%C3%B1a&query_place_id=ChIJq3HVunceFA0RNtlysZUAlfk,38.6858147,-6.3950897,,pendiente,no comprobado
bodegas-vinedos-pozanco-s-l,"Bodegas Viñedos Pozanco, S.L",Mérida,Bodega,Vino y bebidas,"Km. 15,700, BA-001, 06800, Badajoz, España","Bodega local vinculada a vino, cava, licores u otras bebidas elaboradas en la provincia.",lunes: 7:00–15:00 | martes: 7:00–15:00 | miércoles: 7:00–15:00 | jueves: 7:00–15:00 | viernes: 7:00–15:00 | sábado: Cerrado | domingo: Cerrado,924 14 32 49,,http://www.bodegaspozanco.com/,,,https://www.google.com/maps/search/?api=1&query=Bodegas%20Vi%C3%B1edos%20Pozanco%2C%20S.L%2C%20Km.%2015%2C700%2C%20BA-001%2C%2006800%2C%20Badajoz%2C%20Espa%C3%B1a&query_place_id=ChIJb9pn_TWiFg0RfDW0QvLrrIs,38.770009,-6.513923999999999,,pendiente,no comprobado
coloma-vinedos-y-bodegas,Coloma Viñedos y Bodegas,Alvarado,Bodega,Vino y bebidas,"Ctra Ex363, km 5, 6, 06170 Alvarado, Badajoz, España","Bodega local vinculada a vino, cava, licores u otras bebidas elaboradas en la provincia.",lunes: 9:00–16:00 | martes: 9:00–16:00 | miércoles: 9:00–16:00 | jueves: 9:00–16:00 | viernes: 9:00–16:00 | sábado: 10:00–13:00 | domingo: Cerrado,924 44 00 28,,https://www.bodegascoloma.com/,https://www.facebook.com/coloma.vinedosbodegas,https://www.instagram.com/colomavinedosbodegas/,https://www.google.com/maps/search/?api=1&query=Coloma%20Vi%C3%B1edos%20y%20Bodegas%2C%20Ctra%20Ex363%2C%20km%205%2C%206%2C%2006170%20Alvarado%2C%20Badajoz%2C%20Espa%C3%B1a&query_place_id=ChIJpRpm7azrFg0RftkaXgBaysY,38.8334553,-6.798514300000001,/productores/badajoz/coloma-vinedos-y-bodegas.webp,pendiente,no comprobado
hermanos-garcia-triguero-vino-401,Hermanos García Triguero Vino 401,Guareña,Bodega,Vino y bebidas,"C. Medellín, 28, 06470 Guareña, Badajoz, España","Bodega local vinculada a vino, cava, licores u otras bebidas elaboradas en la provincia.",,924 35 09 03,,,,,https://www.google.com/maps/search/?api=1&query=Hermanos%20Garc%C3%ADa%20Triguero%20Vino%20401%2C%20C.%20Medell%C3%ADn%2C%2028%2C%2006470%20Guare%C3%B1a%2C%20Badajoz%2C%20Espa%C3%B1a&query_place_id=ChIJybx2G2dqFA0RK-hqPwdlx78,38.8623514,-6.102068,,pendiente,no comprobado
carniceria-anastasio-nunez-antunez,Carnicería Anastasio Núñez Antúnez,Talavera la Real,Charcutería,Carnes y embutidos,"Calle, Av. de la Concordia, 7, 06140 Talavera la Real, Badajoz, España",Productor local de carnes frescas o elaborados cárnicos.,,924 44 11 26,,,,,https://www.google.com/maps/search/?api=1&query=Carnicer%C3%ADa%20Anastasio%20N%C3%BA%C3%B1ez%20Ant%C3%BAnez%2C%20Calle%2C%20Av.%20de%20la%20Concordia%2C%207%2C%2006140%20Talavera%20la%20Real%2C%20Badajoz%2C%20Espa%C3%B1a&query_place_id=ChIJ2XXkRFnrFg0Ryad0D2U10PA,38.8745913,-6.7674202,,pendiente,no comprobado
carniceria-antonio-carmona,Carnicería Antonio Carmona,Mérida,Charcutería,Carnes y embutidos,"C. Díaz Tanco, 3, 06800 Mérida, Badajoz, España",Productor local de carnes frescas o elaborados cárnicos.,lunes: 9:15–13:45 | martes: 9:15–13:45 | miércoles: 9:15–13:45 | jueves: 9:15–13:45 | viernes: 9:15–13:45 | sábado: 9:15–13:45 | domingo: Cerrado,924 30 29 01,,,,,https://www.google.com/maps/search/?api=1&query=Carnicer%C3%ADa%20Antonio%20Carmona%2C%20C.%20D%C3%ADaz%20Tanco%2C%203%2C%2006800%20M%C3%A9rida%2C%20Badajoz%2C%20Espa%C3%B1a&query_place_id=ChIJufwk2p0mFA0Rm686JpJjX44,38.9264002,-6.3244926,,pendiente,no comprobado
carniceria-domingo-gordillo,Carnicería Domingo Gordillo,Montijo,Charcutería,Carnes y embutidos,"C. San Antonio, 7, 06480 Montijo, Badajoz, España",Productor local de carnes frescas o elaborados cárnicos.,"lunes: 9:30–14:30 | martes: 9:30–14:30 | miércoles: 9:30–14:30 | jueves: 9:30–14:00, 17:00–20:00 | viernes: 9:30–14:00, 17:00–20:00 | sábado: 9:30–14:00 | domingo: Cerrado",924 45 06 83,,https://domingogordillo.com/,https://www.facebook.com/carniceriadomingogordillo,,https://www.google.com/maps/search/?api=1&query=Carnicer%C3%ADa%20Domingo%20Gordillo%2C%20C.%20San%20Antonio%2C%207%2C%2006480%20Montijo%2C%20Badajoz%2C%20Espa%C3%B1a&query_place_id=ChIJl1Dl2uaQFg0RGK0xjCLBWiQ,38.9079163,-6.6148371,/productores/badajoz/carniceria-domingo-gordillo.webp,pendiente,no comprobado
carniceria-martinez-crespo,Carnicería Martínez Crespo,Montijo,Charcutería,Carnes y embutidos,"C. Carreras, 7, 06480 Montijo, Badajoz, España",Productor local de carnes frescas o elaborados cárnicos.,"lunes: 9:00–14:00, 17:30–20:30 | martes: 9:00–14:00, 17:30–20:30 | miércoles: 9:00–14:00, 17:30–20:30 | jueves: 9:00–14:00, 17:30–20:30 | viernes: 9:00–14:00, 17:30–20:30 | sábado: 9:00–14:00 | domingo: Cerrado",924 98 37 18,,,,,https://www.google.com/maps/search/?api=1&query=Carnicer%C3%ADa%20Mart%C3%ADnez%20Crespo%2C%20C.%20Carreras%2C%207%2C%2006480%20Montijo%2C%20Badajoz%2C%20Espa%C3%B1a&query_place_id=ChIJVSRrZuGQFg0RmMBFhqW1IjI,38.9075753,-6.6159548,,pendiente,no comprobado
carniceria-texeira,Carnicería Texeira,Don Benito,Charcutería,Carnes y embutidos,"Calle Villanueva, 7, 06400 Don Benito, Badajoz, España",Productor local de carnes frescas o elaborados cárnicos.,,,,,,,https://www.google.com/maps/search/?api=1&query=Carnicer%C3%ADa%20Texeira%2C%20Calle%20Villanueva%2C%207%2C%2006400%20Don%20Benito%2C%20Badajoz%2C%20Espa%C3%B1a&query_place_id=ChIJh0GJz0ZbFA0RCKqfPW5v9es,38.9545618,-5.8605429,,pendiente,no comprobado
carniceria-victoriano-perez,Carnicería Victoriano Pérez,Don Benito,Charcutería,Carnes y embutidos,"C. San Antonio María Claret, 4, 06400 Don Benito, Badajoz, España",Productor local de carnes frescas o elaborados cárnicos.,"lunes: 9:00–14:00, 17:30–20:30 | martes: 9:00–14:00, 17:30–20:30 | miércoles: 9:00–14:00, 17:30–20:30 | jueves: 9:00–14:00, 17:30–20:30 | viernes: 9:00–14:00, 17:30–20:30 | sábado: 9:00–14:00 | domingo: Cerrado",924 81 34 20,,,,,https://www.google.com/maps/search/?api=1&query=Carnicer%C3%ADa%20Victoriano%20P%C3%A9rez%2C%20C.%20San%20Antonio%20Mar%C3%ADa%20Claret%2C%204%2C%2006400%20Don%20Benito%2C%20Badajoz%2C%20Espa%C3%B1a&query_place_id=ChIJKdlW9RpbFA0Rog3SyEvCyXI,38.9563719,-5.8696676,,pendiente,no comprobado
cerveza-extremadura-jacha-jigo-jiguera,Cerveza Extremadura Jacha Jigo Jiguera,Santa Amalia,Cerveza artesana,Cerveza artesana,"Eras de las matas, 10, planta baja, oficina 4, 06410 Santa Amalia, Badajoz, España",Productor local de cerveza artesana.,lunes: 17:00–20:00 | martes: 17:00–20:00 | miércoles: 17:00–20:00 | jueves: 17:00–20:00 | viernes: 17:00–20:00 | sábado: 9:00–14:00 | domingo: 9:00–17:00,650 92 08 75,,https://www.cervezajachajigojiguera.com/,,,https://www.google.com/maps/search/?api=1&query=Cerveza%20Extremadura%20Jacha%20Jigo%20Jiguera%2C%20Eras%20de%20las%20matas%2C%2010%2C%20planta%20baja%2C%20oficina%204%2C%2006410%20Santa%20Amalia%2C%20Badajoz%2C%20Espa%C3%B1a&query_place_id=ChIJd8fczUJJFA0RWod2HKDfFvE,39.0167171,-6.0067054,/productores/badajoz/cerveza-extremadura-jacha-jigo-jiguera.webp,pendiente,no comprobado
cerveza-piporra-artesana,Cerveza Piporra Artesana,Aceuchal,Cerveza artesana,Cerveza artesana,"C. Postrera Alta, 48, 06207 Aceuchal, Badajoz, España",Productor local de cerveza artesana.,"lunes: 8:00–14:00, 16:30–21:00 | martes: 8:00–14:00, 16:30–21:00 | miércoles: 8:00–14:00, 16:30–21:00 | jueves: 8:00–14:00, 16:30–21:00 | viernes: 8:00–14:00, 16:30–21:00 | sábado: 8:00–14:00, 16:30–21:00 | domingo: Cerrado",655 73 22 67,,,,,https://www.google.com/maps/search/?api=1&query=Cerveza%20Piporra%20Artesana%2C%20C.%20Postrera%20Alta%2C%2048%2C%2006207%20Aceuchal%2C%20Badajoz%2C%20Espa%C3%B1a&query_place_id=ChIJafjyYQGmFg0R00jHowkawMA,38.6500054,-6.487711099999999,,pendiente,no comprobado
carnicas-y-embutidos-extremenos-sl,Carnicas Y Embutidos Extremeños Sl,Fuente de Cantos,Charcutería,Jamones y embutidos,"C. Francisco Asuar, 9, 06240 Fuente de Cantos, Badajoz, España","Productor local de jamones, embutidos o elaborados cárnicos de tradición extremeña.",,,,,,,https://www.google.com/maps/search/?api=1&query=Carnicas%20Y%20Embutidos%20Extreme%C3%B1os%20Sl%2C%20C.%20Francisco%20Asuar%2C%209%2C%2006240%20Fuente%20de%20Cantos%2C%20Badajoz%2C%20Espa%C3%B1a&query_place_id=ChIJR-VHJhLkEw0RYXBplvjeQ1w,38.247439,-6.3100667,,pendiente,no comprobado
carniceria-charcuteria-retama,Carnicería / Charcutería Retama,Mérida,Charcutería,Jamones y embutidos,"C. Camilo José Cela, 5, 06800 Mérida, Badajoz, España","Productor local de jamones, embutidos o elaborados cárnicos de tradición extremeña.","lunes: 9:00–14:00, 17:30–20:00 | martes: 9:00–14:00, 17:30–20:00 | miércoles: 9:00–14:00, 17:30–20:00 | jueves: 9:00–14:00, 17:30–20:00 | viernes: 9:00–14:00, 17:30–20:00 | sábado: 9:00–14:00 | domingo: Cerrado",924 31 99 69,,http://carniceriaretama.es/,https://www.facebook.com/carniceriaretama.es,https://www.instagram.com/carniceria_retama/,https://www.google.com/maps/search/?api=1&query=Carnicer%C3%ADa%20%2F%20Charcuter%C3%ADa%20Retama%2C%20C.%20Camilo%20Jos%C3%A9%20Cela%2C%205%2C%2006800%20M%C3%A9rida%2C%20Badajoz%2C%20Espa%C3%B1a&query_place_id=ChIJR-AE-b8mFA0RqswrX-50bfM,38.9189242,-6.343667099999999,/productores/badajoz/carniceria-charcuteria-retama.webp,pendiente,no comprobado
carniceria-fabrica-de-embutidos-el-pantano-artesanos-de-herrera-del-duque,Carnicería | Fábrica de Embutidos El Pantano |Artesanos de Herrera del Duque,Herrera del Duque,Charcutería,Jamones y embutidos,"C. Alonso de Sotomayor, 24, 06670 Herrera del Duque, Badajoz, España","Productor local de jamones, embutidos o elaborados cárnicos de tradición extremeña.","lunes: 9:00–14:00, 17:00–19:30 | martes: 9:00–14:00, 17:30–19:30 | miércoles: 9:00–14:00, 17:30–19:30 | jueves: 9:00–14:00, 17:30–19:30 | viernes: 9:00–14:00, 17:30–19:30 | sábado: 9:00–14:00 | domingo: Cerrado",924 64 20 26,sergiomuca23@gmail.com,https://sites.google.com/view/embutidos-el-pantano/inicio,https://www.facebook.com/people/Fabrica-de-Embutidos-El-Pantano/100046172665787/,,https://www.google.com/maps/search/?api=1&query=Carnicer%C3%ADa%20%7C%20F%C3%A1brica%20de%20Embutidos%20El%20Pantano%20%7CArtesanos%20de%20Herrera%20del%20Duque%2C%20C.%20Alonso%20de%20Sotomayor%2C%2024%2C%2006670%20Herrera%20del%20Duque%2C%20Badajoz%2C%20Espa%C3%B1a&query_place_id=ChIJ5wt8Dykraw0Rl_E6i7k2x20,39.1671305,-5.0523486,/productores/badajoz/carniceria-fabrica-de-embutidos-el-pantano-artesanos-de-herrera-del-duque.webp,pendiente,no comprobado
carniceria-y-embutidos-hermanos-martinez-martin,Carnicería y Embutidos Hermanos Martínez Martín,Montijo,Charcutería,Jamones y embutidos,"Campo de la Iglesia, 28, 06480 Montijo, Badajoz, España","Productor local de jamones, embutidos o elaborados cárnicos de tradición extremeña.","lunes: 8:00–15:00 | martes: 8:00–15:00 | miércoles: 8:00–15:00 | jueves: 8:00–15:00 | viernes: 8:00–15:00, 18:00–21:00 | sábado: 8:00–14:00 | domingo: Cerrado",924 45 72 50,,http://www.carniceriamartinezmartin.com/,https://www.facebook.com/Carniceria-Martinez-Martin-590753364419248/,,https://www.google.com/maps/search/?api=1&query=Carnicer%C3%ADa%20y%20Embutidos%20Hermanos%20Mart%C3%ADnez%20Mart%C3%ADn%2C%20Campo%20de%20la%20Iglesia%2C%2028%2C%2006480%20Montijo%2C%20Badajoz%2C%20Espa%C3%B1a&query_place_id=ChIJNdeaZluRFg0RmTQTEVychdY,38.910428,-6.6173718,/productores/badajoz/carniceria-y-embutidos-hermanos-martinez-martin.webp,pendiente,no comprobado
charcuteria-alfonso,Charcuteria Alfonso,Almendralejo,Charcutería,Jamones y embutidos,"C. Viñas, 06200 Almendralejo, Badajoz, España","Productor local de jamones, embutidos o elaborados cárnicos de tradición extremeña.","lunes: 8:00–14:00, 17:30–20:00 | martes: 8:00–14:00, 17:30–20:00 | miércoles: 8:00–14:00, 17:30–20:00 | jueves: 8:00–14:00, 17:30–20:00 | viernes: 8:00–14:00, 17:30–20:00 | sábado: 8:00–14:00 | domingo: Cerrado",615 22 07 18,,https://charcuteriaalfonso.jimdofree.com/,https://www.facebook.com/charcuteriaalfonso,,https://www.google.com/maps/search/?api=1&query=Charcuteria%20Alfonso%2C%20C.%20Vi%C3%B1as%2C%2006200%20Almendralejo%2C%20Badajoz%2C%20Espa%C3%B1a&query_place_id=ChIJ09zICn0dFA0RWeLh1_gEV-I,38.6813727,-6.405735,/productores/badajoz/charcuteria-alfonso.webp,pendiente,no comprobado
charcuteria-casa-hernandez,Charcutería Casa Hernández,Montijo,Charcutería,Jamones y embutidos,"Campo de la Iglesia, 4, 06480 Montijo, Badajoz, España","Productor local de jamones, embutidos o elaborados cárnicos de tradición extremeña.",lunes: 10:00–14:00 | martes: 10:00–14:00 | miércoles: 10:00–14:00 | jueves: 10:00–14:00 | viernes: 10:00–14:00 | sábado: 10:00–14:00 | domingo: Cerrado,924 45 45 06,,,,,https://www.google.com/maps/search/?api=1&query=Charcuter%C3%ADa%20Casa%20Hern%C3%A1ndez%2C%20Campo%20de%20la%20Iglesia%2C%204%2C%2006480%20Montijo%2C%20Badajoz%2C%20Espa%C3%B1a&query_place_id=ChIJtxh6E9WRFg0RD8N0Sgpzga8,38.9095819,-6.617126700000001,,pendiente,no comprobado
charcuteria-el-paisano,Charcuteria el Paisano,Badajoz,Charcutería,Jamones y embutidos,"C. Dolores Rodriguez Sopeña, 2, 06010 Badajoz, España","Productor local de jamones, embutidos o elaborados cárnicos de tradición extremeña.","lunes: 9:20–14:00, 17:30–20:00 | martes: 9:20–14:00, 17:30–20:00 | miércoles: 9:20–14:00, 17:30–20:00 | jueves: 9:20–14:00, 17:30–20:00 | viernes: 9:20–14:00, 17:30–20:00 | sábado: 10:00–14:30 | domingo: Cerrado",693 37 95 93,,,,,https://www.google.com/maps/search/?api=1&query=Charcuteria%20el%20Paisano%2C%20C.%20Dolores%20Rodriguez%20Sope%C3%B1a%2C%202%2C%2006010%20Badajoz%2C%20Espa%C3%B1a&query_place_id=ChIJ1VsMXCjkFg0RKHSN8jbU5e4,38.8655451,-6.9731213,,pendiente,no comprobado
charcuteria-juaqui,Charcuteria Juaqui,Almendralejo,Charcutería,Jamones y embutidos,"C. Prado, 2, 06200 Almendralejo, Badajoz, España","Productor local de jamones, embutidos o elaborados cárnicos de tradición extremeña.","lunes: 9:00–14:00, 17:00–20:30 | martes: 9:00–14:00, 17:00–20:30 | miércoles: 9:00–14:00, 17:00–20:30 | jueves: 9:00–14:00, 17:00–20:30 | viernes: 9:00–14:00, 17:00–20:30 | sábado: 9:00–14:00 | domingo: 10:00–14:00",655 88 62 69,,,,,https://www.google.com/maps/search/?api=1&query=CHARCUTERIA%20JUAQUI%2C%20C.%20Prado%2C%202%2C%2006200%20Almendralejo%2C%20Badajoz%2C%20Espa%C3%B1a&query_place_id=ChIJ19tW49IdFA0R-lx5L04Ws2M,38.6798902,-6.405603999999999,,pendiente,no comprobado
charcuteria-la-alacena,Charcutería La Alacena,Talavera la Real,Charcutería,Jamones y embutidos,"Av. de Extremadura, 116, 06140 Talavera la Real, Badajoz, España","Productor local de jamones, embutidos o elaborados cárnicos de tradición extremeña.",lunes: 9:30–21:00 | martes: 9:30–21:00 | miércoles: 9:30–21:00 | jueves: 9:30–21:00 | viernes: 9:30–21:00 | sábado: 9:30–14:00 | domingo: Cerrado,677 51 63 86,,,,,https://www.google.com/maps/search/?api=1&query=Charcuter%C3%ADa%20La%20Alacena%2C%20Av.%20de%20Extremadura%2C%20116%2C%2006140%20Talavera%20la%20Real%2C%20Badajoz%2C%20Espa%C3%B1a&query_place_id=ChIJJ1lAWKDsFg0RoJ1sQvfdgvU,38.8768637,-6.7681679,,pendiente,no comprobado
charcuteria-maria-auxiliadora,Charcutería María Auxiliadora,Mérida,Charcutería,Jamones y embutidos,"C. Don Bosco, 6, 06800 Mérida, Badajoz, España","Productor local de jamones, embutidos o elaborados cárnicos de tradición extremeña.","lunes: 10:00–15:00, 18:30–21:30 | martes: 10:00–15:00, 18:30–21:30 | miércoles: 10:00–15:00, 18:30–21:30 | jueves: 10:00–15:00, 18:30–21:30 | viernes: 10:00–15:00, 18:30–21:30 | sábado: 10:00–15:00 | domingo: 10:00–15:00",924 90 69 92,,https://www.facebook.com/charcuteria.mariaauxiliadora,https://www.facebook.com/charcuteria.mariaauxiliadora,,https://www.google.com/maps/search/?api=1&query=Charcuter%C3%ADa%20Mar%C3%ADa%20Auxiliadora%2C%20C.%20Don%20Bosco%2C%206%2C%2006800%20M%C3%A9rida%2C%20Badajoz%2C%20Espa%C3%B1a&query_place_id=ChIJbzJeLZwmFA0RX5DO1cueDI4,38.9266013,-6.3251363,,pendiente,no comprobado
comparaibericos,Comparaibéricos,Llerena,Charcutería,Jamones y embutidos,"Av. de Córdoba, 14, 06900 Llerena, Badajoz, España","Productor local de jamones, embutidos o elaborados cárnicos de tradición extremeña.",lunes: Abierto 24 horas | martes: Abierto 24 horas | miércoles: Abierto 24 horas | jueves: Abierto 24 horas | viernes: Abierto 24 horas | sábado: Abierto 24 horas | domingo: Abierto 24 horas,644 99 86 01,,https://comparaibericos.com/,,,https://www.google.com/maps/search/?api=1&query=Comparaib%C3%A9ricos%2C%20Av.%20de%20C%C3%B3rdoba%2C%2014%2C%2006900%20Llerena%2C%20Badajoz%2C%20Espa%C3%B1a&query_place_id=ChIJwxRzaKL-u0YR_id-Ne4yo4M,38.2402187,-6.0086473,,pendiente,no comprobado
corte-iberica-fabricacion-y-distribucion,Corte Ibérica ( Fabricación y Distribución),Zafra,Charcutería,Jamones y embutidos,"C. Gregorio Fernández, 15, A, 06300 Zafra, Badajoz, España","Productor local de jamones, embutidos o elaborados cárnicos de tradición extremeña.",lunes: 7:00–14:00 | martes: 7:00–14:00 | miércoles: 7:00–14:00 | jueves: 7:00–14:00 | viernes: 7:00–14:00 | sábado: Cerrado | domingo: Cerrado,637 84 37 93,,http://www.corteiberica.es/,,https://www.instagram.com/corteiberica/,https://www.google.com/maps/search/?api=1&query=Corte%20Ib%C3%A9rica%20%28%20Fabricaci%C3%B3n%20y%20Distribuci%C3%B3n%29%2C%20C.%20Gregorio%20Fern%C3%A1ndez%2C%2015%2C%20A%2C%2006300%20Zafra%2C%20Badajoz%2C%20Espa%C3%B1a&query_place_id=ChIJ1--oGo5VEQ0Rstk8kvxszbE,38.420489,-6.417732399999999,/productores/badajoz/corte-iberica-fabricacion-y-distribucion.webp,pendiente,no comprobado
el-corte-de-espin-jamoneria,El Corte de Espín - Jamoneria,Badajoz,Charcutería,Jamones y embutidos,"C. Enrique Segura Otaño, 1c, 06004 Badajoz, España","Productor local de jamones, embutidos o elaborados cárnicos de tradición extremeña.","lunes: 10:00–14:00, 17:30–20:30 | martes: 10:00–14:00, 17:30–20:30 | miércoles: 10:00–14:00, 17:30–20:30 | jueves: 10:00–14:00, 17:30–20:30 | viernes: 10:00–14:00, 17:30–20:30 | sábado: 10:00–14:00 | domingo: Cerrado",633 59 90 63,,https://elcortedespin.es/,,https://www.instagram.com/elcortedeespin/,https://www.google.com/maps/search/?api=1&query=El%20Corte%20de%20Esp%C3%ADn%20-%20Jamoneria%2C%20C.%20Enrique%20Segura%20Ota%C3%B1o%2C%201c%2C%2006004%20Badajoz%2C%20Espa%C3%B1a&query_place_id=ChIJpTZRmgrlFg0R89YiA15ORiw,38.873311,-6.974639,/productores/badajoz/el-corte-de-espin-jamoneria.webp,pendiente,no comprobado
embutidos-cadenas,Embutidos Cadenas,Villafranca de los Barros,Charcutería,Jamones y embutidos,"C. Luz, 7, 06220 Villafranca de los Barros, Badajoz, España","Productor local de jamones, embutidos o elaborados cárnicos de tradición extremeña.","lunes: 9:00–14:00, 17:00–20:00 | martes: 9:00–14:00, 17:00–20:00 | miércoles: 9:00–14:00, 17:00–20:00 | jueves: 9:00–14:00, 17:00–20:00 | viernes: 9:00–14:00, 17:00–20:00 | sábado: 9:00–14:00 | domingo: Cerrado",666 77 54 88,,http://www.embutidoscadenas.com/,https://www.facebook.com/embutidoscadenas/,,https://www.google.com/maps/search/?api=1&query=EMBUTIDOS%20CADENAS%2C%20C.%20Luz%2C%207%2C%2006220%20Villafranca%20de%20los%20Barros%2C%20Badajoz%2C%20Espa%C3%B1a&query_place_id=ChIJfwwOp2IBFA0RWtypmO1iLKY,38.56236,-6.353809999999999,/productores/badajoz/embutidos-cadenas.webp,pendiente,no comprobado
embutidos-guareno-s-l-embutidos-artesanales-en-extremadura,Embutidos Guareño S.L. | Embutidos Artesanales en Extremadura,Fuente de Cantos,Charcutería,Jamones y embutidos,"C. Jesús, 74, 06240 Fuente de Cantos, Badajoz, España","Productor local de jamones, embutidos o elaborados cárnicos de tradición extremeña.",lunes: 9:00–14:00 | martes: 9:00–14:00 | miércoles: 9:00–14:00 | jueves: 9:00–14:00 | viernes: 9:00–14:00 | sábado: 9:00–14:00 | domingo: Cerrado,618 33 15 22,,http://www.embutidosguareño.es/,,,https://www.google.com/maps/search/?api=1&query=Embutidos%20Guare%C3%B1o%20S.L.%20%7C%20Embutidos%20Artesanales%20en%20Extremadura%2C%20C.%20Jes%C3%BAs%2C%2074%2C%2006240%20Fuente%20de%20Cantos%2C%20Badajoz%2C%20Espa%C3%B1a&query_place_id=ChIJKRvhHwDlEw0RkJi7xIVwIlk,38.2465188,-6.3023744,,pendiente,no comprobado
embutidos-hidalgo,Embutidos Hidalgo,Azuaga,Charcutería,Jamones y embutidos,"C. Estalajes, 32, 06920 Azuaga, Badajoz, España","Productor local de jamones, embutidos o elaborados cárnicos de tradición extremeña.","lunes: 10:00–14:00, 17:00–20:00 | martes: 10:00–14:00, 17:00–20:00 | miércoles: 10:00–14:00, 17:00–20:00 | jueves: 10:00–14:00, 17:00–20:00 | viernes: 10:00–14:00, 17:00–20:00 | sábado: 10:00–14:00, 17:00–20:00 | domingo: Cerrado",924 89 00 80,,https://embutidoshidalgo.es/,,,https://www.google.com/maps/search/?api=1&query=Embutidos%20Hidalgo%2C%20C.%20Estalajes%2C%2032%2C%2006920%20Azuaga%2C%20Badajoz%2C%20Espa%C3%B1a&query_place_id=ChIJf5MBvih0Ew0RROsTq8nOtfY,38.2597663,-5.6783543,/productores/badajoz/embutidos-hidalgo.webp,pendiente,no comprobado
embutidos-marytere,Embutidos MaryTere,Badajoz,Charcutería,Jamones y embutidos,"C. Jacinta García Hernández, 17, 06011 Badajoz, España","Productor local de jamones, embutidos o elaborados cárnicos de tradición extremeña.","lunes: 8:30–14:00, 17:30–20:30 | martes: 8:30–14:00, 17:30–20:30 | miércoles: 8:30–14:00, 17:30–20:30 | jueves: 8:30–14:00, 17:30–20:30 | viernes: 8:30–14:00, 17:30–20:30 | sábado: 8:30–14:00 | domingo: Cerrado",606 03 50 99,,https://www.embutidosmarytere.es/,https://www.facebook.com/tr,https://www.instagram.com/embutidosmarytere/,https://www.google.com/maps/search/?api=1&query=Embutidos%20MaryTere%2C%20C.%20Jacinta%20Garc%C3%ADa%20Hern%C3%A1ndez%2C%2017%2C%2006011%20Badajoz%2C%20Espa%C3%B1a&query_place_id=ChIJ-Z39kRjkFg0RgIz49h27SWw,38.8693686,-6.9863179,/productores/badajoz/embutidos-marytere.webp,pendiente,no comprobado
embutidos-pacheco-martinez,Embutidos Pacheco Martinez,Fregenal de la Sierra,Charcutería,Jamones y embutidos,"C. Albuera, 2, 06340 Fregenal de la Sierra, Badajoz, España","Productor local de jamones, embutidos o elaborados cárnicos de tradición extremeña.","lunes: 9:00–14:00, 17:30–20:30 | martes: 9:00–14:00, 17:30–20:30 | miércoles: 9:00–14:00, 17:30–20:30 | jueves: 9:00–14:00, 17:30–20:30 | viernes: 9:00–14:00, 17:30–20:30 | sábado: 9:00–14:00 | domingo: 9:00–14:00",645 90 44 61,,,,,https://www.google.com/maps/search/?api=1&query=Embutidos%20Pacheco%20Martinez%2C%20C.%20Albuera%2C%202%2C%2006340%20Fregenal%20de%20la%20Sierra%2C%20Badajoz%2C%20Espa%C3%B1a&query_place_id=ChIJ0ZtmbIFDEQ0RgtlNuInHuY4,38.1625027,-6.6482635,,pendiente,no comprobado
embutidos-paqui,Embutidos Paqui,Olivenza,Charcutería,Jamones y embutidos,"C. Zapateros, 28, 06100 Olivenza, Badajoz, España","Productor local de jamones, embutidos o elaborados cárnicos de tradición extremeña.",,924 49 79 85,,https://embutidospaqui.com/,,,https://www.google.com/maps/search/?api=1&query=Embutidos%20Paqui%2C%20C.%20Zapateros%2C%2028%2C%2006100%20Olivenza%2C%20Badajoz%2C%20Espa%C3%B1a&query_place_id=ChIJVVWhb1PfFg0RXelSVQPx5TY,38.691053,-7.0870584,/productores/badajoz/embutidos-paqui.webp,pendiente,no comprobado
embutidos-pepe,Embutidos Pepe,Badajoz,Charcutería,Jamones y embutidos,"C. Virgen de Guadalupe, 10, 06003 Badajoz, España","Productor local de jamones, embutidos o elaborados cárnicos de tradición extremeña.","lunes: 8:30–14:30, 17:15–20:30 | martes: 8:30–14:30, 17:15–20:30 | miércoles: 8:30–14:30, 17:15–20:30 | jueves: 8:30–14:30, 17:15–20:30 | viernes: 8:30–14:30, 17:15–20:30 | sábado: 8:30–14:30 | domingo: Cerrado",924 23 91 88,,http://www.embutidospepe.com/,https://www.facebook.com/embutidos.pepe/,,https://www.google.com/maps/search/?api=1&query=Embutidos%20Pepe%2C%20C.%20Virgen%20de%20Guadalupe%2C%2010%2C%2006003%20Badajoz%2C%20Espa%C3%B1a&query_place_id=ChIJnQD2PMbuFg0RMkr8vcHrkbs,38.8707295,-6.971626,/productores/badajoz/embutidos-pepe.webp,pendiente,no comprobado
embutidos-serraflor,Embutidos Serraflor,Higuera de Llerena,Charcutería,Jamones y embutidos,"C. Extremadura, 06445 Higuera de Llerena, Badajoz, España","Productor local de jamones, embutidos o elaborados cárnicos de tradición extremeña.",lunes: 8:00–21:00 | martes: 8:00–21:00 | miércoles: 8:00–21:00 | jueves: 8:00–21:00 | viernes: 8:00–21:00 | sábado: 8:00–21:00 | domingo: 8:00–21:00,671 42 24 07,,,,,https://www.google.com/maps/search/?api=1&query=Embutidos%20Serraflor%2C%20C.%20Extremadura%2C%2006445%20Higuera%20de%20Llerena%2C%20Badajoz%2C%20Espa%C3%B1a&query_place_id=ChIJ04j3-pGNEw0R8fgZ_ZWkf1g,38.37552489999999,-6.0010916,,pendiente,no comprobado
embutidos-silva,Embutidos Silva,Zafra,Charcutería,Jamones y embutidos,"C. Sta. Clara, 6, 06300 Zafra, Badajoz, España","Productor local de jamones, embutidos o elaborados cárnicos de tradición extremeña.","lunes: 9:00–14:30, 18:00–20:00 | martes: 9:00–14:30, 18:00–20:00 | miércoles: 9:00–14:00, 18:00–20:00 | jueves: 9:00–14:00, 18:00–20:00 | viernes: 9:00–14:00, 18:00–20:00 | sábado: 9:00–14:00 | domingo: Cerrado",636 64 67 97,,,,,https://www.google.com/maps/search/?api=1&query=Embutidos%20Silva%2C%20C.%20Sta.%20Clara%2C%206%2C%2006300%20Zafra%2C%20Badajoz%2C%20Espa%C3%B1a&query_place_id=ChIJvf98DoVVEQ0Rpy5MW7Bysg0,38.4269216,-6.4163108,,pendiente,no comprobado
embutidos-y-jamones-hnos-caceres-rodriguez,Embutidos Y Jamones Hnos. Caceres Rodriguez,Villagarcía de la Torre,Charcutería,Jamones y embutidos,"C. Hospital, 8, BAJO, 06950 Villagarcía de la Torre, Badajoz, España","Productor local de jamones, embutidos o elaborados cárnicos de tradición extremeña.","lunes: 8:00–14:00, 16:00–18:30 | martes: 8:00–14:00, 16:00–18:30 | miércoles: 8:00–14:00, 16:00–18:30 | jueves: 8:00–14:00, 16:00–18:30 | viernes: 8:00–14:00, 16:00–18:30 | sábado: Cerrado | domingo: Cerrado",924 87 56 60,,http://www.jamonesypaletashnoscaceres.com/,,,https://www.google.com/maps/search/?api=1&query=Embutidos%20Y%20Jamones%20Hnos.%20Caceres%20Rodriguez%2C%20C.%20Hospital%2C%208%2C%20BAJO%2C%2006950%20Villagarc%C3%ADa%20de%20la%20Torre%2C%20Badajoz%2C%20Espa%C3%B1a&query_place_id=ChIJmdyAMiXtEw0RMbGdiv11z2E,38.2958582,-6.079981399999999,/productores/badajoz/embutidos-y-jamones-hnos-caceres-rodriguez.webp,pendiente,no comprobado
eurojamon-s-l,Eurojamon S.L.,Badajoz,Charcutería,Jamones y embutidos,"Carretera de Sevilla, Km 3,400, 06009 Badajoz, España","Productor local de jamones, embutidos o elaborados cárnicos de tradición extremeña.","lunes: 9:00–14:00, 16:00–19:00 | martes: 9:00–14:00, 16:00–19:00 | miércoles: 9:00–14:00, 16:00–19:00 | jueves: 9:00–14:00, 16:00–19:00 | viernes: 9:00–14:00, 16:00–19:00 | sábado: 9:30–13:30 | domingo: Cerrado",924 24 89 61,,https://eurojamon.es/,https://www.facebook.com/eurojamon/,https://www.instagram.com/euro_jamon/,https://www.google.com/maps/search/?api=1&query=Eurojamon%20S.L.%2C%20Carretera%20de%20Sevilla%2C%20Km%203%2C400%2C%2006009%20Badajoz%2C%20Espa%C3%B1a&query_place_id=ChIJcXIxQdHlFg0RAExdToGr7pg,38.8509376,-6.938468100000001,/productores/badajoz/eurojamon-s-l.webp,pendiente,no comprobado
fabrica-de-embutidos-manuel-guedejo,Fábrica de Embutidos Manuel Guedejo,Almendral,Charcutería,Jamones y embutidos,"C. Luis Zambrano, 06171 Almendral, Badajoz, España","Productor local de jamones, embutidos o elaborados cárnicos de tradición extremeña.","lunes: 9:30–14:00, 17:00–20:00 | martes: 9:30–14:00, 17:00–20:00 | miércoles: 9:30–14:00, 17:00–20:00 | jueves: 9:30–14:00, 17:00–20:00 | viernes: 9:30–14:00, 17:00–20:00 | sábado: 9:30–13:00 | domingo: Cerrado",642 16 17 65,,,,,https://www.google.com/maps/search/?api=1&query=F%C3%A1brica%20de%20Embutidos%20Manuel%20Guedejo%2C%20C.%20Luis%20Zambrano%2C%2006171%20Almendral%2C%20Badajoz%2C%20Espa%C3%B1a&query_place_id=ChIJ2dAQ16XIFg0RDWLfmKcsuxE,38.6168497,-6.8221751,,pendiente,no comprobado
fabrica-de-embutidos-y-secadero-de-jamones-moya,Fabrica De Embutidos Y Secadero De Jamones Moya,Pallares,Charcutería,Jamones y embutidos,"06907 Pallares, Badajoz, España","Productor local de jamones, embutidos o elaborados cárnicos de tradición extremeña.",lunes: 9:00–14:00 | martes: 9:00–14:00 | miércoles: 9:00–14:00 | jueves: 9:00–14:00 | viernes: 9:00–14:00 | sábado: Cerrado | domingo: Cerrado,924 51 10 35,,http://www.alimentosdeextremadura.com/exportar/ibericosmoya2.htm,,,https://www.google.com/maps/search/?api=1&query=Fabrica%20De%20Embutidos%20Y%20Secadero%20De%20Jamones%20Moya%2C%2006907%20Pallares%2C%20Badajoz%2C%20Espa%C3%B1a&query_place_id=ChIJIzF81X_BEw0RshDee0EwsyU,38.1110626,-6.152686399999999,,pendiente,no comprobado
fabrica-embutidos-y-jamones-hnos-castano,Fabrica Embutidos y Jamones Hnos. Castaño,Villafranca de los Barros,Charcutería,Jamones y embutidos,"Av. del Trabajo, 2, 06220 Villafranca de los Barros, Badajoz, España","Productor local de jamones, embutidos o elaborados cárnicos de tradición extremeña.","lunes: 8:00–14:00, 16:30–19:30 | martes: 8:00–14:00, 16:30–19:30 | miércoles: 8:00–14:00, 16:30–19:30 | jueves: 8:00–14:00, 16:30–19:30 | viernes: 8:00–14:00, 16:30–19:30 | sábado: 8:00–14:00 | domingo: Cerrado",924 52 04 74,,http://hermanoscastano.com/,,,https://www.google.com/maps/search/?api=1&query=Fabrica%20Embutidos%20y%20Jamones%20Hnos.%20Casta%C3%B1o%2C%20Av.%20del%20Trabajo%2C%202%2C%2006220%20Villafranca%20de%20los%20Barros%2C%20Badajoz%2C%20Espa%C3%B1a&query_place_id=ChIJL6nKu3wBFA0RD4xKkmJHmHQ,38.56021,-6.355349899999999,/productores/badajoz/fabrica-embutidos-y-jamones-hnos-castano.webp,pendiente,no comprobado
ibericos-angelito,Ibéricos Angelito,Mérida,Charcutería,Jamones y embutidos,"Av. Extremadura, 21, 06800 Mérida, Badajoz, España","Productor local de jamones, embutidos o elaborados cárnicos de tradición extremeña.","lunes: 7:00–13:30, 16:00–20:00 | martes: 7:00–13:30, 16:00–20:00 | miércoles: 7:00–13:30, 16:00–20:00 | jueves: 7:00–13:30, 16:00–20:00 | viernes: 7:00–13:30, 16:00–20:00 | sábado: Cerrado | domingo: Cerrado",641 60 60 38,,https://ibericosangelito.es/,,,https://www.google.com/maps/search/?api=1&query=Ib%C3%A9ricos%20Angelito%2C%20Av.%20Extremadura%2C%2021%2C%2006800%20M%C3%A9rida%2C%20Badajoz%2C%20Espa%C3%B1a&query_place_id=ChIJTZMI7sgnFA0ReEQNVvnToQY,38.9205236,-6.3401561,,pendiente,no comprobado
ibericos-bayon,Ibéricos Bayon,Los Santos de Maimona,Charcutería,Jamones y embutidos,"C. Calella de Mar, 06230 Los Santos de Maimona, Badajoz, España","Productor local de jamones, embutidos o elaborados cárnicos de tradición extremeña.",lunes: 9:00–15:00 | martes: 9:00–15:00 | miércoles: 9:00–15:00 | jueves: 9:00–15:00 | viernes: 9:00–15:00 | sábado: 9:00–15:00 | domingo: Cerrado,623 24 14 48,,,,,https://www.google.com/maps/search/?api=1&query=Ib%C3%A9ricos%20Bayon%2C%20C.%20Calella%20de%20Mar%2C%2006230%20Los%20Santos%20de%20Maimona%2C%20Badajoz%2C%20Espa%C3%B1a&query_place_id=ChIJpy1PjMj_Ew0RBoG9Ko_ApXM,38.4482039,-6.3903906,,pendiente,no comprobado
ibericos-casa-lucas,Ibéricos Casa Lucas,Monesterio,Charcutería,Jamones y embutidos,"Paseo de Extremadura, 188, 06260 Monesterio, Badajoz, España","Productor local de jamones, embutidos o elaborados cárnicos de tradición extremeña.",lunes: 9:00–21:00 | martes: 9:00–21:00 | miércoles: 9:00–21:00 | jueves: 9:00–21:00 | viernes: 9:00–21:00 | sábado: 9:00–21:00 | domingo: 9:00–21:00,606 11 90 19,,http://www.ibericoscasalucas.com/,https://www.facebook.com/ibericoscasalucas,https://www.instagram.com/ibericoscasalucas/,https://www.google.com/maps/search/?api=1&query=Ib%C3%A9ricos%20Casa%20Lucas%2C%20Paseo%20de%20Extremadura%2C%20188%2C%2006260%20Monesterio%2C%20Badajoz%2C%20Espa%C3%B1a&query_place_id=ChIJC7kim_TcEw0ROoWnLU8kTqM,38.087927,-6.2726295,,pendiente,no comprobado
ibericos-de-extremadura,Ibéricos de Extremadura,Los Santos de Maimona,Charcutería,Jamones y embutidos,"Av. Diego Hidalgo Durán, 17, 06230 Los Santos de Maimona, Badajoz, España","Productor local de jamones, embutidos o elaborados cárnicos de tradición extremeña.",,924 55 47 41,,http://ibericoextremadura.es/,,,https://www.google.com/maps/search/?api=1&query=Ib%C3%A9ricos%20de%20Extremadura%2C%20Av.%20Diego%20Hidalgo%20Dur%C3%A1n%2C%2017%2C%2006230%20Los%20Santos%20de%20Maimona%2C%20Badajoz%2C%20Espa%C3%B1a&query_place_id=ChIJPWGChbn_Ew0Rcygxt6GdPj4,38.4499736,-6.381594499999999,/productores/badajoz/ibericos-de-extremadura.webp,pendiente,no comprobado
ibericos-el-capote,Ibéricos el Capote,Mérida,Charcutería,Jamones y embutidos,"C. Manos Albas, 6, 06800 Mérida, Badajoz, España","Productor local de jamones, embutidos o elaborados cárnicos de tradición extremeña.","lunes: 10:30–15:30, 18:30–21:30 | martes: 10:30–15:30, 18:30–21:30 | miércoles: 10:30–15:30, 18:30–21:30 | jueves: 10:30–15:30, 18:30–21:30 | viernes: 10:30–15:30, 18:30–21:30 | sábado: 10:30–15:30, 18:30–21:30 | domingo: 10:30–15:30, 18:30–21:30",618 52 30 33,,https://ibericoselcapote.es/,,,https://www.google.com/maps/search/?api=1&query=Ib%C3%A9ricos%20el%20Capote%2C%20C.%20Manos%20Albas%2C%206%2C%2006800%20M%C3%A9rida%2C%20Badajoz%2C%20Espa%C3%B1a&query_place_id=ChIJddHDgDEnFA0RGf_Rpd2CQ6c,38.9169272,-6.3439713,/productores/badajoz/ibericos-el-capote.webp,pendiente,no comprobado
ibericos-en-lonchas,Ibéricos en Lonchas,Fuente de Cantos,Charcutería,Jamones y embutidos,"P.º de Extremadura, 31, 06240 Fuente de Cantos, Badajoz, España","Productor local de jamones, embutidos o elaborados cárnicos de tradición extremeña.",lunes: Abierto 24 horas | martes: Abierto 24 horas | miércoles: Abierto 24 horas | jueves: Abierto 24 horas | viernes: Abierto 24 horas | sábado: Abierto 24 horas | domingo: Abierto 24 horas,657 26 67 25,,https://ibericosenlonchas.com/,,,https://www.google.com/maps/search/?api=1&query=Ib%C3%A9ricos%20en%20Lonchas%2C%20P.%C2%BA%20de%20Extremadura%2C%2031%2C%2006240%20Fuente%20de%20Cantos%2C%20Badajoz%2C%20Espa%C3%B1a&query_place_id=ChIJB3QlmBXkEw0ReF1tHY1CMS0,38.2497385,-6.3025609,,pendiente,no comprobado
ibericos-gomez-rico,Ibéricos Gómez Rico,Zafra,Charcutería,Jamones y embutidos,"C. Sevilla, 5, 06300 Zafra, Badajoz, España","Productor local de jamones, embutidos o elaborados cárnicos de tradición extremeña.","lunes: 10:00–14:00, 17:00–20:30 | martes: 10:00–14:00, 17:00–20:30 | miércoles: 10:00–14:00, 17:00–20:30 | jueves: 10:00–14:00, 17:00–20:30 | viernes: 10:00–14:00, 17:00–20:30 | sábado: 10:30–14:00, 17:00–20:00 | domingo: Cerrado",635 99 63 01,,https://ibericosgomezrico.com/,,https://www.instagram.com/ibericosgomezrico/,https://www.google.com/maps/search/?api=1&query=Ib%C3%A9ricos%20G%C3%B3mez%20Rico%2C%20C.%20Sevilla%2C%205%2C%2006300%20Zafra%2C%20Badajoz%2C%20Espa%C3%B1a&query_place_id=ChIJcdBJKJRVEQ0RrxDWsI5B4Rc,38.4250735,-6.418820600000001,/productores/badajoz/ibericos-gomez-rico.webp,pendiente,no comprobado
ibericos-jose-zoilo,Ibéricos José Zoilo,Monesterio,Charcutería,Jamones y embutidos,"C. Huerta Murcia, 42, 06260 Monesterio, Badajoz, España","Productor local de jamones, embutidos o elaborados cárnicos de tradición extremeña.",lunes: 7:00–15:00 | martes: 7:00–15:00 | miércoles: 7:00–15:00 | jueves: 7:00–15:00 | viernes: 7:00–15:00 | sábado: 9:00–14:00 | domingo: Cerrado,696 99 38 22,,https://jose-zolio-web.vercel.app/,,,https://www.google.com/maps/search/?api=1&query=Ib%C3%A9ricos%20Jos%C3%A9%20Zoilo%2C%20C.%20Huerta%20Murcia%2C%2042%2C%2006260%20Monesterio%2C%20Badajoz%2C%20Espa%C3%B1a&query_place_id=ChIJUbqkwmzdEw0R_23SRVE2tGU,38.084048,-6.272282,/productores/badajoz/ibericos-jose-zoilo.webp,pendiente,no comprobado
ibericos-maxima-natura,Ibéricos Máxima Natura,Badajoz,Charcutería,Jamones y embutidos,"C. Jacobo Rodríguez Pereira, 1, 06010 Badajoz, España","Productor local de jamones, embutidos o elaborados cárnicos de tradición extremeña.","lunes: 9:00–14:00, 17:30–20:30 | martes: 9:00–14:00, 17:30–20:30 | miércoles: 9:00–14:00, 17:30–20:30 | jueves: 9:00–14:00, 17:30–20:30 | viernes: 9:00–14:00, 17:30–20:30 | sábado: 9:00–14:00 | domingo: Cerrado",609 04 94 75,,http://iberomaxima.com/,https://www.facebook.com/people/,https://www.instagram.com/ibericosmaximanatura/,https://www.google.com/maps/search/?api=1&query=IB%C3%89RICOS%20M%C3%81XIMA%20NATURA%2C%20C.%20Jacobo%20Rodr%C3%ADguez%20Pereira%2C%201%2C%2006010%20Badajoz%2C%20Espa%C3%B1a&query_place_id=ChIJWbBlPyTkFg0R-nWI9bKxS2c,38.8695988,-6.978894299999999,/productores/badajoz/ibericos-maxima-natura.webp,pendiente,no comprobado
ibericos-rodriguez,Ibericos Rodríguez,Mérida,Charcutería,Jamones y embutidos,"C. Félix Valverde Lillo, 3, 06800 Mérida, Badajoz, España","Productor local de jamones, embutidos o elaborados cárnicos de tradición extremeña.",lunes: Cerrado | martes: 5:00–4:00 | miércoles: 10:30–4:00 | jueves: 10:00–22:00 | viernes: 10:00–23:00 | sábado: 10:00–23:00 | domingo: 10:00–23:00,621 50 48 56,,,,,https://www.google.com/maps/search/?api=1&query=Ibericos%20Rodr%C3%ADguez%2C%20C.%20F%C3%A9lix%20Valverde%20Lillo%2C%203%2C%2006800%20M%C3%A9rida%2C%20Badajoz%2C%20Espa%C3%B1a&query_place_id=ChIJkQD6HAAnFA0RrTdl0OjktCo,38.917341,-6.3456559,,pendiente,no comprobado
iberllota-jamones-ibericos,Iberllota Jamones Ibéricos,Zafra,Charcutería,Jamones y embutidos,"C. López Asme, 36, 06300 Zafra, Badajoz, España","Productor local de jamones, embutidos o elaborados cárnicos de tradición extremeña.","lunes: 10:00–14:00, 17:30–20:30 | martes: 10:00–14:00, 17:30–20:30 | miércoles: 10:00–14:00, 17:30–20:30 | jueves: 10:00–14:00, 17:30–20:30 | viernes: 10:00–14:00, 17:30–20:30 | sábado: 10:00–14:00, 17:30–20:30 | domingo: 10:00–14:00",924 55 59 95,,http://www.iberllota.com/,https://www.facebook.com/IberllotaProductosIbericos/,https://www.instagram.com/iberllota/,https://www.google.com/maps/search/?api=1&query=IBERLLOTA%20JAMONES%20IB%C3%89RICOS%2C%20C.%20L%C3%B3pez%20Asme%2C%2036%2C%2006300%20Zafra%2C%20Badajoz%2C%20Espa%C3%B1a&query_place_id=ChIJB337mo9VEQ0RlmH_67hBkBE,38.4244192,-6.4163926,/productores/badajoz/iberllota-jamones-ibericos.webp,pendiente,no comprobado
jamon-curado-a-cuchillo-guadyerbas-charcuteria-montijo,Jamón curado a Cuchillo | GUADYERBAS Charcutería | Montijo,Montijo,Charcutería,Jamones y embutidos,"Av. Colón, 06480 Montijo, Badajoz, España","Productor local de jamones, embutidos o elaborados cárnicos de tradición extremeña.","lunes: 8:30–14:30 | martes: 8:30–14:30 | miércoles: 8:30–14:30 | jueves: 8:30–14:30 | viernes: 8:30–14:30, 18:00–21:00 | sábado: 8:30–14:30 | domingo: Cerrado",924 05 63 59,,,,,https://www.google.com/maps/search/?api=1&query=Jam%C3%B3n%20curado%20a%20Cuchillo%20%7C%20GUADYERBAS%20Charcuter%C3%ADa%20%7C%20Montijo%2C%20Av.%20Col%C3%B3n%2C%2006480%20Montijo%2C%20Badajoz%2C%20Espa%C3%B1a&query_place_id=ChIJj_Y4xGSRFg0R-bQwKLcJ0Qc,38.9018819,-6.620376100000001,,pendiente,no comprobado
jamon-de-monesterio,Jamon De Monesterio,Monesterio,Charcutería,Jamones y embutidos,"06260, Badajoz, España","Productor local de jamones, embutidos o elaborados cárnicos de tradición extremeña.",,,,,,,https://www.google.com/maps/search/?api=1&query=Jamon%20De%20Monesterio%2C%2006260%2C%20Badajoz%2C%20Espa%C3%B1a&query_place_id=ChIJj9wwAZTcEw0RKSeeopqvXe4,38.0815496,-6.2639138,,pendiente,no comprobado
jamon-exclusive-s-l,Jamón Exclusive S.L.,Almendralejo,Charcutería,Jamones y embutidos,"Av. de la Paz, 12, 06200 Almendralejo, Badajoz, España","Productor local de jamones, embutidos o elaborados cárnicos de tradición extremeña.","lunes: 9:00–14:00, 17:00–20:30 | martes: 9:00–14:00, 17:30–20:30 | miércoles: 9:00–14:00, 17:00–20:30 | jueves: 9:00–14:00, 17:00–20:30 | viernes: 9:00–14:00, 17:00–20:30 | sábado: 9:00–14:00 | domingo: Cerrado",673 26 73 90,,https://jamonexclusive.com/,,,https://www.google.com/maps/search/?api=1&query=JAM%C3%93N%20EXCLUSIVE%20S.L.%2C%20Av.%20de%20la%20Paz%2C%2012%2C%2006200%20Almendralejo%2C%20Badajoz%2C%20Espa%C3%B1a&query_place_id=ChIJ7VuEA-GnFg0Rxx_5MhWO6ZE,38.6823196,-6.412079299999999,/productores/badajoz/jamon-exclusive-s-l.webp,pendiente,no comprobado
jamones-guti,Jamones Guti,Don Benito,Charcutería,Jamones y embutidos,"C. Francisco Valdés, 26, 06400 Don Benito, Badajoz, España","Productor local de jamones, embutidos o elaborados cárnicos de tradición extremeña.",,,,,,,https://www.google.com/maps/search/?api=1&query=Jamones%20Guti%2C%20C.%20Francisco%20Vald%C3%A9s%2C%2026%2C%2006400%20Don%20Benito%2C%20Badajoz%2C%20Espa%C3%B1a&query_place_id=ChIJsycAWFJbFA0R2xG1MD_cu0g,38.9549019,-5.8650316,,pendiente,no comprobado
jamones-ibericos-cumplido,Jamones Ibéricos Cumplido,Fregenal de la Sierra,Charcutería,Jamones y embutidos,"C. Herrería, 13, 06340 Fregenal de la Sierra, Badajoz, España","Productor local de jamones, embutidos o elaborados cárnicos de tradición extremeña.",lunes: 12:30–15:00 | martes: 12:30–15:00 | miércoles: 12:30–15:00 | jueves: 12:30–15:00 | viernes: 12:30–15:00 | sábado: Cerrado | domingo: Cerrado,924 70 03 50,,https://www.jamonesibericoscumplido.es/,,,https://www.google.com/maps/search/?api=1&query=Jamones%20Ib%C3%A9ricos%20Cumplido%2C%20C.%20Herrer%C3%ADa%2C%2013%2C%2006340%20Fregenal%20de%20la%20Sierra%2C%20Badajoz%2C%20Espa%C3%B1a&query_place_id=ChIJgYN8RS1CEQ0R8waVbaMGA7M,38.16889,-6.655139999999999,,pendiente,no comprobado
jamones-ibericos-de-fregenal-de-la-sierra-s-l,Jamones Ibericos De Fregenal De La Sierra S.L.,Fregenal de la Sierra,Charcutería,Jamones y embutidos,"C. Libertad, 11, BAJO, 06340 Fregenal de la Sierra, Badajoz, España","Productor local de jamones, embutidos o elaborados cárnicos de tradición extremeña.","lunes: 8:30–14:30 | martes: 8:30–14:30 | miércoles: 8:30–14:30 | jueves: 9:00–14:00, 17:30–20:30 | viernes: 9:00–14:00, 17:30–20:30 | sábado: 9:00–14:00 | domingo: Cerrado",924 70 00 75,,http://www.saboribericoshop.com/,https://www.facebook.com/saboribericoshop/,https://www.instagram.com/sabor.iberico/,https://www.google.com/maps/search/?api=1&query=Jamones%20Ibericos%20De%20Fregenal%20De%20La%20Sierra%20S.L.%2C%20C.%20Libertad%2C%2011%2C%20BAJO%2C%2006340%20Fregenal%20de%20la%20Sierra%2C%20Badajoz%2C%20Espa%C3%B1a&query_place_id=ChIJifPwSTJCEQ0RhEHjLh65qSs,38.1667014,-6.650826899999999,/productores/badajoz/jamones-ibericos-de-fregenal-de-la-sierra-s-l.webp,pendiente,no comprobado
jamones-montanera,Jamones Montanera,Fuente del Maestre,Charcutería,Jamones y embutidos,"C. Molino de Viento, 23, 06360 Fuente del Maestre, Badajoz, España","Productor local de jamones, embutidos o elaborados cárnicos de tradición extremeña.",lunes: 6:00–20:00 | martes: 6:00–20:00 | miércoles: 6:00–20:00 | jueves: 6:00–20:00 | viernes: 6:00–20:00 | sábado: Cerrado | domingo: Cerrado,651 02 13 46,,http://jamonesmontanera.com/,,,https://www.google.com/maps/search/?api=1&query=Jamones%20Montanera%2C%20C.%20Molino%20de%20Viento%2C%2023%2C%2006360%20Fuente%20del%20Maestre%2C%20Badajoz%2C%20Espa%C3%B1a&query_place_id=ChIJP1QQgr5TdkAR2vfNtJ4OYU8,38.52649210000001,-6.4443686,,pendiente,no comprobado
jamones-moreno-la-tradicion-del-iberico,Jamones Moreno - La Tradición del Ibérico,Cabeza la Vaca,Charcutería,Jamones y embutidos,"C. Alrededores, 46, BAJO, 06293 Cabeza la Vaca, Badajoz, España","Productor local de jamones, embutidos o elaborados cárnicos de tradición extremeña.","lunes: 9:00–14:00, 16:00–19:00 | martes: 9:00–14:00, 16:00–19:00 | miércoles: 9:00–14:00, 16:00–19:00 | jueves: 9:00–14:00, 16:00–19:00 | viernes: 9:00–14:00, 16:00–19:00 | sábado: 9:00–14:00 | domingo: Cerrado",924 58 31 98,,http://www.jamonesmoreno.com/,https://www.facebook.com/jamonesjosemoreno/,,https://www.google.com/maps/search/?api=1&query=Jamones%20Moreno%20-%20La%20Tradici%C3%B3n%20del%20Ib%C3%A9rico%2C%20C.%20Alrededores%2C%2046%2C%20BAJO%2C%2006293%20Cabeza%20la%20Vaca%2C%20Badajoz%2C%20Espa%C3%B1a&query_place_id=ChIJr-0LeshhEQ0RS5WGqXKWryQ,38.0839987,-6.4214471,/productores/badajoz/jamones-moreno-la-tradicion-del-iberico.webp,pendiente,no comprobado
jamones-y-embutidos-angeles-s-l,Jamones y Embutidos Ángeles S.L.,Jerez de los Caballeros,Charcutería,Jamones y embutidos,"C. Fuente Nueva, 2, 06380 Jerez de los Caballeros, Badajoz, España","Productor local de jamones, embutidos o elaborados cárnicos de tradición extremeña.",,924 75 05 60,,,,,https://www.google.com/maps/search/?api=1&query=Jamones%20y%20Embutidos%20%C3%81ngeles%20S.L.%2C%20C.%20Fuente%20Nueva%2C%202%2C%2006380%20Jerez%20de%20los%20Caballeros%2C%20Badajoz%2C%20Espa%C3%B1a&query_place_id=ChIJy9zFysc3EQ0RpSaEZzhhlmo,38.32021719999999,-6.7681797,,pendiente,no comprobado
jamones-y-embutidos-artesanos,Jamones y Embutidos Artesanos,Higuera la Real,Charcutería,Jamones y embutidos,"C. Zurbaran, 23, 06350 Higuera la Real, Badajoz, España","Productor local de jamones, embutidos o elaborados cárnicos de tradición extremeña.",lunes: Abierto 24 horas | martes: Abierto 24 horas | miércoles: Abierto 24 horas | jueves: Abierto 24 horas | viernes: Abierto 24 horas | sábado: Abierto 24 horas | domingo: Abierto 24 horas,686 39 01 24,,http://www.jamonesyembutidosartesanos.com/,https://www.facebook.com/Jamones-y-Embutidos-Artesanos-119612085545599/,,https://www.google.com/maps/search/?api=1&query=Jamones%20y%20Embutidos%20Artesanos%2C%20C.%20Zurbaran%2C%2023%2C%2006350%20Higuera%20la%20Real%2C%20Badajoz%2C%20Espa%C3%B1a&query_place_id=ChIJzSy1-xdBEQ0RuJpT9q1E8zA,38.1445203,-6.6908543,/productores/badajoz/jamones-y-embutidos-artesanos.webp,pendiente,no comprobado
jamones-y-embutidos-carrascal,Jamones Y Embutidos Carrascal,Higuera la Real,Charcutería,Jamones y embutidos,"Pol. Ind. Chácara, 63, 06350 Higuera la Real, Badajoz, España","Productor local de jamones, embutidos o elaborados cárnicos de tradición extremeña.","lunes: 9:00–13:00, 16:30–18:30 | martes: 9:00–13:00, 16:30–18:30 | miércoles: 9:00–13:00, 16:30–18:30 | jueves: 9:00–13:00, 16:30–18:30 | viernes: 9:00–13:00, 16:30–18:30 | sábado: 9:00–13:00 | domingo: Cerrado",924 46 02 49,,http://www.embutidosextremadura.com/,https://www.facebook.com/CarniceriaFedericoCarrascal,,https://www.google.com/maps/search/?api=1&query=JAMONES%20Y%20EMBUTIDOS%20CARRASCAL%2C%20Pol.%20Ind.%20Ch%C3%A1cara%2C%2063%2C%2006350%20Higuera%20la%20Real%2C%20Badajoz%2C%20Espa%C3%B1a&query_place_id=ChIJS4JyhdxBEQ0RjfyTQL3RlNU,38.1347031,-6.689911400000001,/productores/badajoz/jamones-y-embutidos-carrascal.webp,pendiente,no comprobado
jamones-y-embutidos-don-benito,Jamones Y Embutidos Don Benito,Don Benito,Charcutería,Jamones y embutidos,"Polígono Industrial Las Cumbres, 0 S N, 06400 Don Benito, Badajoz, España","Productor local de jamones, embutidos o elaborados cárnicos de tradición extremeña.",lunes: 8:00–14:00 | martes: 8:00–14:00 | miércoles: 8:00–14:00 | jueves: 8:00–14:00 | viernes: 8:00–14:00 | sábado: Cerrado | domingo: Cerrado,924 80 88 31,,http://jamonesyembutidosdonbenito.com/,,,https://www.google.com/maps/search/?api=1&query=Jamones%20Y%20Embutidos%20Don%20Benito%2C%20Pol%C3%ADgono%20Industrial%20Las%20Cumbres%2C%200%20S%20N%2C%2006400%20Don%20Benito%2C%20Badajoz%2C%20Espa%C3%B1a&query_place_id=ChIJ8yzrew9bFA0RtTTnDizbs_8,38.9548238,-5.864059600000001,,pendiente,no comprobado
jamones-y-embutidos-hernandez,Jamones y Embutidos Hernández,Valle de Santa Ana,Charcutería,Jamones y embutidos,"C. Ruiseñores, s/n, 06178 Valle de Santa Ana, Badajoz, España","Productor local de jamones, embutidos o elaborados cárnicos de tradición extremeña.",lunes: 9:00–21:00 | martes: 9:00–21:00 | miércoles: 9:00–21:00 | jueves: 9:00–21:00 | viernes: 9:00–21:00 | sábado: 9:00–21:00 | domingo: Cerrado,649 85 89 68,,http://www.loshernandezjamon.com/,,,https://www.google.com/maps/search/?api=1&query=Jamones%20y%20Embutidos%20Hern%C3%A1ndez%2C%20C.%20Ruise%C3%B1ores%2C%20s%2Fn%2C%2006178%20Valle%20de%20Santa%20Ana%2C%20Badajoz%2C%20Espa%C3%B1a&query_place_id=ChIJ38zCQnw2EQ0Rvn48UP4hPXo,38.36561409999999,-6.7883684,/productores/badajoz/jamones-y-embutidos-hernandez.webp,pendiente,no comprobado
jamones-y-embutidos-neila-s-l,Jamones y Embutidos Neila S.L.,Jerez de los Caballeros,Charcutería,Jamones y embutidos,"C. Eritas, 70, 06380 Jerez de los Caballeros, Badajoz, España","Productor local de jamones, embutidos o elaborados cárnicos de tradición extremeña.","lunes: 9:00–14:00, 17:00–20:00 | martes: 9:00–14:00, 17:00–20:00 | miércoles: 9:00–14:00, 17:00–20:00 | jueves: 9:00–14:00, 17:00–20:00 | viernes: 9:00–14:00, 17:00–20:00 | sábado: 9:00–14:00 | domingo: Cerrado",924 75 06 41,,https://www.poligonosur.es/empresas/jamones-y-embutidos-neila/,,,https://www.google.com/maps/search/?api=1&query=Jamones%20y%20Embutidos%20Neila%20S.L.%2C%20C.%20Eritas%2C%2070%2C%2006380%20Jerez%20de%20los%20Caballeros%2C%20Badajoz%2C%20Espa%C3%B1a&query_place_id=ChIJQ-Sri8k3EQ0RBsbnS-tAKmo,38.3264114,-6.7691254,,pendiente,no comprobado
juanes-iberico-salvaje,Juanes Ibérico Salvaje,Jerez de los Caballeros,Charcutería,Jamones y embutidos,"C. Luz, nº 2, 06380 Jerez de los Caballeros, Badajoz, España","Productor local de jamones, embutidos o elaborados cárnicos de tradición extremeña.",lunes: Abierto 24 horas | martes: Abierto 24 horas | miércoles: Abierto 24 horas | jueves: Abierto 24 horas | viernes: Abierto 24 horas | sábado: Abierto 24 horas | domingo: Abierto 24 horas,630 34 09 92,,http://ibericosalvaje.com/,,,https://www.google.com/maps/search/?api=1&query=Juanes%20Ib%C3%A9rico%20Salvaje%2C%20C.%20Luz%2C%20n%C2%BA%202%2C%2006380%20Jerez%20de%20los%20Caballeros%2C%20Badajoz%2C%20Espa%C3%B1a&query_place_id=ChIJC_qW7Lk3EQ0R848Uned_tEw,38.318101,-6.774445999999999,,pendiente,no comprobado
la-moncloa-ibericos,La Moncloa Ibéricos,Badajoz,Charcutería,Jamones y embutidos,"Av. Jose María Alcaraz y Alenda, 2, 06011 Badajoz, España","Productor local de jamones, embutidos o elaborados cárnicos de tradición extremeña.",lunes: 8:00–22:00 | martes: 8:00–22:00 | miércoles: 8:00–22:00 | jueves: 8:00–22:00 | viernes: 8:00–22:00 | sábado: 8:00–16:00 | domingo: Cerrado,615 39 45 30,,https://www.lamoncloaibericos.com/,https://www.facebook.com/lamoncloaibericos,https://www.instagram.com/lamoncloa.ibericos/,https://www.google.com/maps/search/?api=1&query=La%20Moncloa%20Ib%C3%A9ricos%2C%20Av.%20Jose%20Mar%C3%ADa%20Alcaraz%20y%20Alenda%2C%202%2C%2006011%20Badajoz%2C%20Espa%C3%B1a&query_place_id=ChIJk_miTJblFg0RI8hzyqDYVe0,38.8719927,-6.9817968,/productores/badajoz/la-moncloa-ibericos.webp,pendiente,no comprobado
mas-que-un-jamon,Mas que un jamon,Badajoz,Charcutería,Jamones y embutidos,"Paseo Condes de Barcelona, 4, 06010 Badajoz, España","Productor local de jamones, embutidos o elaborados cárnicos de tradición extremeña.","lunes: 9:00–14:00, 17:00–21:00 | martes: 9:00–14:00, 17:00–21:00 | miércoles: 9:00–14:00, 17:00–21:00 | jueves: 9:00–14:00, 17:00–21:00 | viernes: 9:00–14:00, 17:30–21:00 | sábado: 9:00–14:00 | domingo: Cerrado",633 66 15 07,,,,,https://www.google.com/maps/search/?api=1&query=Mas%20que%20un%20jamon%2C%20Paseo%20Condes%20de%20Barcelona%2C%204%2C%2006010%20Badajoz%2C%20Espa%C3%B1a&query_place_id=ChIJLWYkga3lFg0RJ2G0Gx_UOzE,38.8664986,-6.9808645,,pendiente,no comprobado
matadero-iberico-de-merida-s-l,Matadero Ibérico de Mérida S.L,Mérida,Charcutería,Jamones y embutidos,"Pol. Ind. El Prado, C. Logroño, 34a, 06800 Mérida, Badajoz, España","Productor local de jamones, embutidos o elaborados cárnicos de tradición extremeña.","lunes: 9:00–14:00, 16:30–19:00 | martes: 9:00–14:00, 16:30–19:00 | miércoles: 9:00–14:00, 16:30–19:00 | jueves: 9:00–14:00, 16:30–19:00 | viernes: 9:00–14:00, 16:30–19:00 | sábado: Cerrado | domingo: Cerrado",924 37 00 08,,http://www.nicolasgilblancosl.com/contacto.php,,,https://www.google.com/maps/search/?api=1&query=Matadero%20Ib%C3%A9rico%20de%20M%C3%A9rida%20S.L%2C%20Pol.%20Ind.%20El%20Prado%2C%20C.%20Logro%C3%B1o%2C%2034a%2C%2006800%20M%C3%A9rida%2C%20Badajoz%2C%20Espa%C3%B1a&query_place_id=ChIJ3fhmpC6cFg0RkiQOpfv_ofg,38.9216577,-6.3867264,,pendiente,no comprobado
productos-del-encinar-sl-jamon-de-bellota-iberico,Productos del Encinar SL - Jamón de Bellota ibérico,Valverde de Burguillos,Charcutería,Jamones y embutidos,"Carretera Zafra A Huelva, km 20, 06378 Valverde de Burguillos, Badajoz, España","Productor local de jamones, embutidos o elaborados cárnicos de tradición extremeña.",lunes: 7:00–15:30 | martes: 7:00–15:30 | miércoles: 7:00–15:30 | jueves: 7:00–15:30 | viernes: 7:00–15:30 | sábado: Cerrado | domingo: Cerrado,924 57 06 12,elencinardelporrino@gmail.com,http://www.productosdelencinar.com/,https://www.facebook.com/Jam,,https://www.google.com/maps/search/?api=1&query=Productos%20del%20Encinar%20SL%20-%20Jam%C3%B3n%20de%20Bellota%20ib%C3%A9rico%2C%20Carretera%20Zafra%20A%20Huelva%2C%20km%2020%2C%2006378%20Valverde%20de%20Burguillos%2C%20Badajoz%2C%20Espa%C3%B1a&query_place_id=ChIJk4qOhX1QEQ0RxwO7E6w3wWY,38.3460982,-6.5283995,/productores/badajoz/productos-del-encinar-sl-jamon-de-bellota-iberico.webp,pendiente,no comprobado
productos-maximo-carnicas-y-embutidos-extremenos-s-l,"Productos Máximo (Cárnicas y Embutidos Extremeños, S.L.)",Fuente de Cantos,Charcutería,Jamones y embutidos,"C. Méndez Núñez, 10, 06240 Fuente de Cantos, Badajoz, España","Productor local de jamones, embutidos o elaborados cárnicos de tradición extremeña.",lunes: 6:30–15:00 | martes: 6:30–15:00 | miércoles: 6:30–15:00 | jueves: 6:30–15:00 | viernes: 6:30–15:00 | sábado: 8:00–13:30 | domingo: Cerrado,677 83 54 93,,http://productosmaximo.es/,,,https://www.google.com/maps/search/?api=1&query=Productos%20M%C3%A1ximo%20%28C%C3%A1rnicas%20y%20Embutidos%20Extreme%C3%B1os%2C%20S.L.%29%2C%20C.%20M%C3%A9ndez%20N%C3%BA%C3%B1ez%2C%2010%2C%2006240%20Fuente%20de%20Cantos%2C%20Badajoz%2C%20Espa%C3%B1a&query_place_id=ChIJYeTliBHkEw0RlpDxkfCcBxo,38.2469867,-6.3101351,/productores/badajoz/productos-maximo-carnicas-y-embutidos-extremenos-s-l.webp,pendiente,no comprobado
sabor-encina-tradicion-iberica-pedro-barroso,Sabor Encina Tradición Ibérica Pedro Barroso,Almendralejo,Charcutería,Jamones y embutidos,"Calle Escribano, Plaza del Mercado, 2, Puesto 1, 06200 Almendralejo, Badajoz, España","Productor local de jamones, embutidos o elaborados cárnicos de tradición extremeña.","lunes: 9:00–14:00 | martes: 9:00–14:00 | miércoles: 9:00–14:00 | jueves: 9:00–14:00, 17:00–20:00 | viernes: 9:00–14:00, 17:00–20:00 | sábado: 9:00–14:00 | domingo: Cerrado",633 45 07 26,,https://saborencinapedrobarroso.es/,https://www.facebook.com/pedro.barrosorollan.9,https://www.instagram.com/pedro_barroso_cortador/,https://www.google.com/maps/search/?api=1&query=Sabor%20Encina%20Tradici%C3%B3n%20Ib%C3%A9rica%20Pedro%20Barroso%2C%20Calle%20Escribano%2C%20Plaza%20del%20Mercado%2C%202%2C%20Puesto%201%2C%2006200%20Almendralejo%2C%20Badajoz%2C%20Espa%C3%B1a&query_place_id=ChIJuVewWlgdFA0RmfZsUxBsGzc,38.6811276,-6.4057936,/productores/badajoz/sabor-encina-tradicion-iberica-pedro-barroso.webp,pendiente,no comprobado
santa-elena-ibericos,Santa Elena Ibéricos,Fuente de Cantos,Charcutería,Jamones y embutidos,"C. Virgen de Guadalupe, 16, 06240 Fuente de Cantos, Badajoz, España","Productor local de jamones, embutidos o elaborados cárnicos de tradición extremeña.",lunes: 9:00–18:00 | martes: 9:00–18:00 | miércoles: 9:00–18:00 | jueves: 9:00–18:00 | viernes: 9:00–18:00 | sábado: Cerrado | domingo: Cerrado,924 50 06 86,,http://www.santa-elena.com/,,,https://www.google.com/maps/search/?api=1&query=Santa%20Elena%20Ib%C3%A9ricos%2C%20C.%20Virgen%20de%20Guadalupe%2C%2016%2C%2006240%20Fuente%20de%20Cantos%2C%20Badajoz%2C%20Espa%C3%B1a&query_place_id=ChIJpU-q3hbkEw0R9GzZR_gquaQ,38.2456675,-6.3058944,/productores/badajoz/santa-elena-ibericos.webp,pendiente,no comprobado
sierra-grande-hornachos-fabrica-de-embutidos-y-salazon-de-jamones,Sierra Grande Hornachos Fábrica De Embutidos Y Salazón De Jamones,Hornachos,Charcutería,Jamones y embutidos,"C. Constitución, 0, 06228 Hornachos, Badajoz, España","Productor local de jamones, embutidos o elaborados cárnicos de tradición extremeña.","lunes: 9:00–14:00, 17:00–20:00 | martes: 9:00–14:00, 17:00–20:00 | miércoles: 9:00–14:00, 17:00–20:00 | jueves: 9:00–14:00, 17:00–20:00 | viernes: 9:00–14:00, 17:00–20:00 | sábado: 9:00–14:00 | domingo: Cerrado",924 53 35 26,,https://www.ibericos-sierragrande.es/,https://www.facebook.com/p/,https://www.instagram.com/sierragrandehornachos/,https://www.google.com/maps/search/?api=1&query=Sierra%20Grande%20Hornachos%20F%C3%A1brica%20De%20Embutidos%20Y%20Salaz%C3%B3n%20De%20Jamones%2C%20C.%20Constituci%C3%B3n%2C%200%2C%2006228%20Hornachos%2C%20Badajoz%2C%20Espa%C3%B1a&query_place_id=ChIJM7muTMx0FA0RVMrPSq5sCRE,38.5506897,-6.065754699999999,/productores/badajoz/sierra-grande-hornachos-fabrica-de-embutidos-y-salazon-de-jamones.webp,pendiente,no comprobado
tentuiberico,Tentuibérico,Monesterio,Charcutería,Jamones y embutidos,"Ronda de Fuente de Cantos, s/n, 06260 Monesterio, Badajoz, España","Productor local de jamones, embutidos o elaborados cárnicos de tradición extremeña.",lunes: 9:00–14:00 | martes: 9:00–14:00 | miércoles: 9:00–14:00 | jueves: 9:00–14:00 | viernes: 9:00–14:00 | sábado: 9:30–13:30 | domingo: Cerrado,924 51 74 76,,https://tentuiberico.es/,https://www.facebook.com/tr,https://www.instagram.com/tentuiberico/,https://www.google.com/maps/search/?api=1&query=Tentuib%C3%A9rico%2C%20Ronda%20de%20Fuente%20de%20Cantos%2C%20s%2Fn%2C%2006260%20Monesterio%2C%20Badajoz%2C%20Espa%C3%B1a&query_place_id=ChIJRWW-fkLdEw0R2dOnaz_z-os,38.0936518,-6.268480599999999,/productores/badajoz/tentuiberico.webp,pendiente,no comprobado
tomas-gonzalez-ibericos,Tomás González Ibéricos,Fregenal de la Sierra,Charcutería,Jamones y embutidos,"Ctra. Sevilla, EX-201, km 47, 70, 06340 Fregenal de la Sierra, Badajoz, España","Productor local de jamones, embutidos o elaborados cárnicos de tradición extremeña.","lunes: 9:00–14:00, 16:30–19:00 | martes: 9:00–14:00, 16:30–19:00 | miércoles: 9:00–14:00, 16:30–19:00 | jueves: 9:00–14:00, 16:30–19:00 | viernes: 9:00–14:00 | sábado: 11:00–13:00 | domingo: Cerrado",924 70 02 48,,http://www.tomasgonzalezibericos.com/,https://www.facebook.com/tomasgonzalezibericos,https://www.instagram.com/tomasgonzalezibericos/,https://www.google.com/maps/search/?api=1&query=Tom%C3%A1s%20Gonz%C3%A1lez%20Ib%C3%A9ricos%2C%20Ctra.%20Sevilla%2C%20EX-201%2C%20km%2047%2C%2070%2C%2006340%20Fregenal%20de%20la%20Sierra%2C%20Badajoz%2C%20Espa%C3%B1a&query_place_id=ChIJV3scby5CEQ0RIUQofT02cUY,38.1651735,-6.628901099999999,/productores/badajoz/tomas-gonzalez-ibericos.webp,pendiente,no comprobado
viejo-jamon,Viejo Jamón,Fregenal de la Sierra,Charcutería,Jamones y embutidos,"Polígono Industrial Infrexa, Industrial, 06340 Fregenal de la Sierra, Badajoz, España","Productor local de jamones, embutidos o elaborados cárnicos de tradición extremeña.",lunes: 7:00–15:00 | martes: 7:00–15:00 | miércoles: 7:00–15:00 | jueves: 7:00–15:00 | viernes: 7:00–15:00 | sábado: Cerrado | domingo: Cerrado,620 91 41 13,,https://viejojamon.com/,https://www.facebook.com/profile.php,https://www.instagram.com/viejojamon.sa/,https://www.google.com/maps/search/?api=1&query=Viejo%20Jam%C3%B3n%2C%20Pol%C3%ADgono%20Industrial%20Infrexa%2C%20Industrial%2C%2006340%20Fregenal%20de%20la%20Sierra%2C%20Badajoz%2C%20Espa%C3%B1a&query_place_id=ChIJdxP5yZRDEQ0RzSBfJ_rv0KU,38.1678723,-6.637093699999999,/productores/badajoz/viejo-jamon.webp,pendiente,no comprobado
aceitunas-aguedo,Aceitunas Aguedo,Valverde de Leganés,Despensa artesanal,Conservas y elaborados,"Extramuros, 40, 06130 Valverde de Leganés, Badajoz, España","Productor local de conservas, encurtidos, especias u otras elaboraciones de despensa.",lunes: 8:00–18:00 | martes: 8:00–18:00 | miércoles: 8:00–18:00 | jueves: 8:00–18:00 | viernes: 8:00–18:00 | sábado: Cerrado | domingo: Cerrado,924 49 64 88,,,,,https://www.google.com/maps/search/?api=1&query=Aceitunas%20Aguedo%2C%20Extramuros%2C%2040%2C%2006130%20Valverde%20de%20Legan%C3%A9s%2C%20Badajoz%2C%20Espa%C3%B1a&query_place_id=ChIJ3b7G5rzbFg0RutsE8ZMVvR4,38.6736472,-6.9759569,,pendiente,no comprobado
aceitunas-dominguez-s-a,Aceitunas Domínguez S A,Almendralejo,Despensa artesanal,Conservas y elaborados,"C. Gonzalo Hernández, 8, 06200 Almendralejo, Badajoz, España","Productor local de conservas, encurtidos, especias u otras elaboraciones de despensa.",,924 66 00 10,,,,,https://www.google.com/maps/search/?api=1&query=Aceitunas%20Dom%C3%ADnguez%20S%20A%2C%20C.%20Gonzalo%20Hern%C3%A1ndez%2C%208%2C%2006200%20Almendralejo%2C%20Badajoz%2C%20Espa%C3%B1a&query_place_id=ChIJfdxkoYAdFA0RwlfsH11E-AI,38.69120059999999,-6.4074323,,pendiente,no comprobado
aceitunas-fernandez,Aceitunas Fernández,Valverde de Leganés,Despensa artesanal,Conservas y elaborados,"06130 Valverde de Leganés, Badajoz, España","Productor local de conservas, encurtidos, especias u otras elaboraciones de despensa.",,,,,,,https://www.google.com/maps/search/?api=1&query=Aceitunas%20Fern%C3%A1ndez%2C%2006130%20Valverde%20de%20Legan%C3%A9s%2C%20Badajoz%2C%20Espa%C3%B1a&query_place_id=ChIJIRyEyZnbFg0RQNj-Xc-v_9g,38.6788427,-6.973564,,pendiente,no comprobado
aceitunas-flores-y-victoria,Aceitunas Flores y Victoria,Badajoz,Despensa artesanal,Conservas y elaborados,"Rda. Revellín, 06008 Badajoz, España","Productor local de conservas, encurtidos, especias u otras elaboraciones de despensa.",lunes: 15:00–19:00 | martes: 15:00–19:00 | miércoles: 9:00–13:00 | jueves: 15:00–19:00 | viernes: 15:00–19:00 | sábado: Cerrado | domingo: Cerrado,629 51 95 66,,,,,https://www.google.com/maps/search/?api=1&query=Aceitunas%20Flores%20y%20Victoria%2C%20Rda.%20Revell%C3%ADn%2C%2006008%20Badajoz%2C%20Espa%C3%B1a&query_place_id=ChIJ-QQJ38rlFg0R6LR1UYtQCBw,38.8819582,-6.9626407,,pendiente,no comprobado
aceitunas-gonga,Aceitunas Gonga,Almendralejo,Despensa artesanal,Conservas y elaborados,"Pol Ind, C. Industria, 0 S/N, 06200 Almendralejo, Badajoz, España","Productor local de conservas, encurtidos, especias u otras elaboraciones de despensa.",,924 67 21 40,,,,,https://www.google.com/maps/search/?api=1&query=Aceitunas%20Gonga%2C%20Pol%20Ind%2C%20C.%20Industria%2C%200%20S%2FN%2C%2006200%20Almendralejo%2C%20Badajoz%2C%20Espa%C3%B1a&query_place_id=ChIJS13lIWOnFg0R38UzyHJYnaI,38.6973713,-6.4087041,,pendiente,no comprobado
aceitunas-guadalquivir-almendralejo,Aceitunas Guadalquivir Almendralejo,Almendralejo,Despensa artesanal,Conservas y elaborados,"C. Torno, 10, 06200 Almendralejo, Badajoz, España","Productor local de conservas, encurtidos, especias u otras elaboraciones de despensa.",,924 66 68 51,,http://www.agolives.com/,,,https://www.google.com/maps/search/?api=1&query=Aceitunas%20Guadalquivir%20Almendralejo%2C%20C.%20Torno%2C%2010%2C%2006200%20Almendralejo%2C%20Badajoz%2C%20Espa%C3%B1a&query_place_id=ChIJZfB38YcdFA0RcteAofSSVN0,38.6965909,-6.4072394,/productores/badajoz/aceitunas-guadalquivir-almendralejo.webp,pendiente,no comprobado
aceitunas-hermanos-barroso-s-l,Aceitunas Hermanos Barroso S.L.,Almendralejo,Despensa artesanal,Conservas y elaborados,"C. Zarza, 8, 06200 Almendralejo, Badajoz, España","Productor local de conservas, encurtidos, especias u otras elaboraciones de despensa.",,924 66 60 08,,,,,https://www.google.com/maps/search/?api=1&query=Aceitunas%20Hermanos%20Barroso%20S.L.%2C%20C.%20Zarza%2C%208%2C%2006200%20Almendralejo%2C%20Badajoz%2C%20Espa%C3%B1a&query_place_id=ChIJ9-DlqIUdFA0R_NuLdKPEZSo,38.6919704,-6.4035883,,pendiente,no comprobado
aceitunas-jope-s-l-u-sede-av-presidente-juan-carlos-rodriguez-ibarra-31,Aceitunas Jope S.L.U Sede - Av. Presidente Juan Carlos Rodríguez Ibarra 31,Almendralejo,Despensa artesanal,Conservas y elaborados,"Av. Presidente Juan Carlos Rodríguez Ibarra, 31, 06200 Almendralejo, Badajoz, España","Productor local de conservas, encurtidos, especias u otras elaboraciones de despensa.","lunes: 8:30–14:00, 16:00–19:00 | martes: 8:30–14:00, 16:00–19:00 | miércoles: 8:30–14:00, 16:00–19:00 | jueves: 8:30–14:00, 16:00–19:00 | viernes: 8:30–14:00, 16:00–19:00 | sábado: Cerrado | domingo: Cerrado",924 67 02 14,,http://aceitunasjope.com/,,,https://www.google.com/maps/search/?api=1&query=Aceitunas%20Jope%20S.L.U%20Sede%20-%20Av.%20Presidente%20Juan%20Carlos%20Rodr%C3%ADguez%20Ibarra%2031%2C%20Av.%20Presidente%20Juan%20Carlos%20Rodr%C3%ADguez%20Ibarra%2C%2031%2C%2006200%20Almendralejo%2C%20Badajoz%2C%20Espa%C3%B1a&query_place_id=ChIJcaObPoYdFA0Rjl-atZfNBQw,38.6919902,-6.4048984,,pendiente,no comprobado
aceitunas-julio-alvarez-martin,Aceitunas Julio Alvarez Martín,Almendralejo,Despensa artesanal,Conservas y elaborados,"C. del Molino, 7, 06200 Almendralejo, Badajoz, España","Productor local de conservas, encurtidos, especias u otras elaboraciones de despensa.",lunes: 8:30–13:30 | martes: 8:30–13:30 | miércoles: 8:30–13:30 | jueves: 8:30–13:30 | viernes: 8:30–13:30 | sábado: Cerrado | domingo: Cerrado,924 66 07 81,,http://aceitunasalvarez.atspace.com/,,,https://www.google.com/maps/search/?api=1&query=Aceitunas%20Julio%20Alvarez%20Mart%C3%ADn%2C%20C.%20del%20Molino%2C%207%2C%2006200%20Almendralejo%2C%20Badajoz%2C%20Espa%C3%B1a&query_place_id=ChIJA-FAPncdFA0Ru_Iawspmhkc,38.6838148,-6.3953093,/productores/badajoz/aceitunas-julio-alvarez-martin.webp,pendiente,no comprobado
aceitunas-lopez,Aceitunas López,Valverde de Leganés,Despensa artesanal,Conservas y elaborados,"C. Federico García Lorca, 06130 Valverde de Leganés, Badajoz, España","Productor local de conservas, encurtidos, especias u otras elaboraciones de despensa.","lunes: 8:00–14:30, 16:00–19:00 | martes: 8:00–14:30, 16:00–19:00 | miércoles: 8:00–14:30, 16:00–19:00 | jueves: 8:00–14:30, 16:00–19:00 | viernes: 8:00–14:30, 16:00–19:00 | sábado: 8:00–14:00, 16:00–18:00 | domingo: Cerrado",924 49 61 02,,https://www.aceitunaslopez.com/,https://www.facebook.com/AceitunasLopez/,https://www.instagram.com/aceitunaslopez/,https://www.google.com/maps/search/?api=1&query=Aceitunas%20L%C3%B3pez%2C%20C.%20Federico%20Garc%C3%ADa%20Lorca%2C%2006130%20Valverde%20de%20Legan%C3%A9s%2C%20Badajoz%2C%20Espa%C3%B1a&query_place_id=ChIJTQKvZL_bFg0R8yi8XfFcgvA,38.6656065,-6.981883,/productores/badajoz/aceitunas-lopez.webp,pendiente,no comprobado
aceitunas-olivexma,Aceitunas Olivexma,Almendralejo,Despensa artesanal,Conservas y elaborados,"Av. de a Rúa, 127, 06200 Almendralejo, Badajoz, España","Productor local de conservas, encurtidos, especias u otras elaboraciones de despensa.",,924 66 12 30,,,,,https://www.google.com/maps/search/?api=1&query=Aceitunas%20Olivexma%2C%20Av.%20de%20a%20R%C3%BAa%2C%20127%2C%2006200%20Almendralejo%2C%20Badajoz%2C%20Espa%C3%B1a&query_place_id=ChIJ-VEYR36nFg0R-J1W8oBzqmY,38.6910453,-6.4078554,,pendiente,no comprobado
aceitunas-pepe,Aceitunas Pepe,Badajoz,Despensa artesanal,Conservas y elaborados,"C. Linares, 61, 06010 Badajoz, España","Productor local de conservas, encurtidos, especias u otras elaboraciones de despensa.",,608 92 08 81,,,,,https://www.google.com/maps/search/?api=1&query=ACEITUNAS%20PEPE%2C%20C.%20Linares%2C%2061%2C%2006010%20Badajoz%2C%20Espa%C3%B1a&query_place_id=ChIJVVUxRCbkFg0RofBv_4ngrjk,38.86629569999999,-6.9763652,,pendiente,no comprobado
aceitunas-rama-jimenez-s-l,Aceitunas Rama Jiménez S. L.,Almendralejo,Despensa artesanal,Conservas y elaborados,"C. Badajoz, 66B, 06200 Almendralejo, Badajoz, España","Productor local de conservas, encurtidos, especias u otras elaboraciones de despensa.","lunes: 8:30–13:30, 15:30–18:30 | martes: 8:30–13:30, 15:30–18:30 | miércoles: 8:30–13:30, 15:30–18:30 | jueves: 8:30–13:30, 15:30–18:30 | viernes: 8:30–13:30, 15:30–18:30 | sábado: Cerrado | domingo: Cerrado",,,,,,https://www.google.com/maps/search/?api=1&query=Aceitunas%20Rama%20Jim%C3%A9nez%20S.%20L.%2C%20C.%20Badajoz%2C%2066B%2C%2006200%20Almendralejo%2C%20Badajoz%2C%20Espa%C3%B1a&query_place_id=ChIJIa1JaJinFg0RDFKzbWlDOpU,38.69063999999999,-6.42788,,pendiente,no comprobado
aceitunas-roman-duran,Aceitunas Román Duran,Almendralejo,Despensa artesanal,Conservas y elaborados,"C. Badajoz, 66, 06200 Almendralejo, Badajoz, España","Productor local de conservas, encurtidos, especias u otras elaboraciones de despensa.",,,,,,,https://www.google.com/maps/search/?api=1&query=Aceitunas%20Rom%C3%A1n%20Duran%2C%20C.%20Badajoz%2C%2066%2C%2006200%20Almendralejo%2C%20Badajoz%2C%20Espa%C3%B1a&query_place_id=ChIJHTcyPACnFg0RVeF-pAl-3As,38.6895806,-6.4283585,,pendiente,no comprobado
aceitunas-y-cereales-carmona-s-l,Aceitunas Y Cereales Carmona S L,Santa Marta,Despensa artesanal,Conservas y elaborados,"Av. Extremadura, 26, B, 06150 Sta Marta, Badajoz, España","Productor local de conservas, encurtidos, especias u otras elaboraciones de despensa.","lunes: 9:00–14:00, 16:30–20:00 | martes: 9:00–14:00, 16:30–20:00 | miércoles: 9:00–14:00, 16:30–20:00 | jueves: 9:00–14:00, 16:30–20:00 | viernes: 9:00–14:00, 16:30–20:00 | sábado: 9:00–13:00 | domingo: Cerrado",924 69 04 44,,https://aceitunasycerealescarmona.com/,https://www.facebook.com/profile.php,https://www.instagram.com/explore/,https://www.google.com/maps/search/?api=1&query=Aceitunas%20Y%20Cereales%20Carmona%20S%20L%2C%20Av.%20Extremadura%2C%2026%2C%20B%2C%2006150%20Sta%20Marta%2C%20Badajoz%2C%20Espa%C3%B1a&query_place_id=ChIJCW33io2wFg0RWc5vk_Qud0E,38.6149062,-6.6303933,/productores/badajoz/aceitunas-y-cereales-carmona-s-l.webp,pendiente,no comprobado
cooperativa-de-aceitunas-soc-cop-rio-retin,Cooperativa de Aceitunas ( SOC COP Rio Retín),Higuera de Llerena,Despensa artesanal,Conservas y elaborados,"C. Extremadura, 19, 06445 Higuera de Llerena, Badajoz, España","Productor local de conservas, encurtidos, especias u otras elaboraciones de despensa.",,,,,,,https://www.google.com/maps/search/?api=1&query=Cooperativa%20de%20Aceitunas%20%28%20SOC%20COP%20Rio%20Ret%C3%ADn%29%2C%20C.%20Extremadura%2C%2019%2C%2006445%20Higuera%20de%20Llerena%2C%20Badajoz%2C%20Espa%C3%B1a&query_place_id=ChIJV0gNagCNEw0RrJV3vYzz8B4,38.3749163,-6.0018718,,pendiente,no comprobado
envasados-de-aceitunas-prado,Envasados de Aceitunas Prado,Almendralejo,Despensa artesanal,Conservas y elaborados,"C. Pintor Barjola, 06200 Almendralejo, Badajoz, España","Productor local de conservas, encurtidos, especias u otras elaboraciones de despensa.",lunes: 8:00–15:00 | martes: 8:00–15:00 | miércoles: 8:00–15:00 | jueves: 8:00–15:00 | viernes: 8:00–15:00 | sábado: Cerrado | domingo: Cerrado,924 37 87 88,,,,,https://www.google.com/maps/search/?api=1&query=Envasados%20de%20Aceitunas%20Prado%2C%20C.%20Pintor%20Barjola%2C%2006200%20Almendralejo%2C%20Badajoz%2C%20Espa%C3%B1a&query_place_id=ChIJWV2iHnynFg0RwgW9puQkW7c,38.69023380000001,-6.431388399999999,,pendiente,no comprobado
fabrica-de-aceitunas-hoyca-s-l,Fabrica De Aceitunas Hoyca S.L,Almendralejo,Despensa artesanal,Conservas y elaborados,"C. Badajoz, 112, 06200 Almendralejo, Badajoz, España","Productor local de conservas, encurtidos, especias u otras elaboraciones de despensa.","lunes: 8:00–14:30, 16:30–18:30 | martes: 8:00–14:30, 16:30–18:30 | miércoles: 8:00–14:30, 16:30–18:30 | jueves: 8:00–14:30, 16:30–18:30 | viernes: 8:00–14:30, 16:30–18:30 | sábado: 8:00–14:30 | domingo: 8:00–14:30",924 66 42 52,,http://olisur.es/,,,https://www.google.com/maps/search/?api=1&query=FABRICA%20DE%20ACEITUNAS%20HOYCA%20S.L%2C%20C.%20Badajoz%2C%20112%2C%2006200%20Almendralejo%2C%20Badajoz%2C%20Espa%C3%B1a&query_place_id=ChIJWxS4TAmnFg0Rvze24ugKavA,38.6899307,-6.430047300000001,/productores/badajoz/fabrica-de-aceitunas-hoyca-s-l.webp,pendiente,no comprobado
ajos-hnos-trejo,Ajos Hnos. Trejo,Aceuchal,Fruta y verdura,Fruta y hortaliza,"C. Potril, 06207 Aceuchal, Badajoz, España","Productor local de fruta, hortaliza, arroz u otros cultivos de la provincia.",,,,,,,https://www.google.com/maps/search/?api=1&query=Ajos%20Hnos.%20Trejo%2C%20C.%20Potril%2C%2006207%20Aceuchal%2C%20Badajoz%2C%20Espa%C3%B1a&query_place_id=ChIJ86jbVKioFg0RMdN9uygFDT8,38.6386075,-6.4848987,,pendiente,no comprobado
ajos-montejano,Ajos Montejano,Aceuchal,Fruta y verdura,Fruta y hortaliza,"Av de Los Naranjos, 06207 Aceuchal, Badajoz, España","Productor local de fruta, hortaliza, arroz u otros cultivos de la provincia.",,649 47 22 12,,http://www.ajosmontejano.es/,,,https://www.google.com/maps/search/?api=1&query=Ajos%20Montejano%2C%20Av%20de%20Los%20Naranjos%2C%2006207%20Aceuchal%2C%20Badajoz%2C%20Espa%C3%B1a&query_place_id=ChIJzyfvj5KlFg0RCEjG5Iu3w14,38.6504496,-6.5163602,,pendiente,no comprobado
cooperativa-agricola-san-isidro,Cooperativa Agrícola San Isidro,Villanueva de la Serena,Fruta y verdura,Fruta y hortaliza,"Rda. Hispanidad, s/N, 06700 Villanueva de la Serena, Badajoz, España","Productor local de fruta, hortaliza, arroz u otros cultivos de la provincia.","lunes: 8:00–13:30, 16:00–18:30 | martes: 8:00–13:30, 16:00–18:30 | miércoles: 8:00–13:30, 16:00–18:30 | jueves: 8:00–13:30, 16:00–18:30 | viernes: 8:00–13:30, 16:00–18:30 | sábado: 8:00–10:30 | domingo: Cerrado",924 84 13 63,,http://www.coopsanisidro.es/,,,https://www.google.com/maps/search/?api=1&query=Cooperativa%20Agr%C3%ADcola%20San%20Isidro%2C%20Rda.%20Hispanidad%2C%20s%2FN%2C%2006700%20Villanueva%20de%20la%20Serena%2C%20Badajoz%2C%20Espa%C3%B1a&query_place_id=ChIJpYQWV4VZFA0R7W2AC-MEV1s,38.9815444,-5.8003543,/productores/badajoz/cooperativa-agricola-san-isidro.webp,pendiente,no comprobado
cooperativa-del-campo-san-pedro,Cooperativa del Campo San Pedro,Guareña,Fruta y verdura,Fruta y hortaliza,"06470 Guareña, Badajoz, España","Productor local de fruta, hortaliza, arroz u otros cultivos de la provincia.","lunes: 9:00–14:00, 16:00–19:00 | martes: 9:00–14:00, 16:00–19:00 | miércoles: 9:00–14:00, 16:00–19:00 | jueves: 9:00–14:00, 16:00–19:00 | viernes: 9:00–14:00, 16:00–19:00 | sábado: 9:00–14:00 | domingo: Cerrado",924 35 02 78,,,,,https://www.google.com/maps/search/?api=1&query=Cooperativa%20del%20Campo%20San%20Pedro%2C%2006470%20Guare%C3%B1a%2C%20Badajoz%2C%20Espa%C3%B1a&query_place_id=ChIJ_3lp3q4_FA0RfUB4elem0D4,38.8605468,-6.0943155,,pendiente,no comprobado
cooperativa-extremena-de-ajos-de-aceuchal-s-c,"Cooperativa Extremeña de Ajos de Aceuchal, S.C.",Aceuchal,Fruta y verdura,Fruta y hortaliza,"Carretera de Don Benito a Olivenza, km. 80 (Apdo. Correos Nº 32, 06207 Aceuchal, Badajoz, España","Productor local de fruta, hortaliza, arroz u otros cultivos de la provincia.","lunes: 8:00–14:00, 17:00–19:00 | martes: 8:00–14:00, 17:00–19:00 | miércoles: 8:00–14:00, 17:00–19:00 | jueves: 8:00–14:00, 17:00–19:00 | viernes: 8:00–14:00, 17:00–19:00 | sábado: 8:00–14:00 | domingo: Cerrado",924 68 74 04,,http://www.coajosaceuchal.com/,https://www.facebook.com/coajosaceuchal/,https://www.instagram.com/ajosaceuchal/,https://www.google.com/maps/search/?api=1&query=Cooperativa%20Extreme%C3%B1a%20de%20Ajos%20de%20Aceuchal%2C%20S.C.%2C%20Carretera%20de%20Don%20Benito%20a%20Olivenza%2C%20km.%2080%20%28Apdo.%20Correos%20N%C2%BA%2032%2C%2006207%20Aceuchal%2C%20Badajoz%2C%20Espa%C3%B1a&query_place_id=ChIJTZ43UlCvFg0R8bAmXiVRp_A,38.631916,-6.500892599999999,/productores/badajoz/cooperativa-extremena-de-ajos-de-aceuchal-s-c.webp,pendiente,no comprobado
exproa-extremena-de-productos-agricolas-2011-s-l-fabrica,"Exproa Extremeña de Productos Agrícolas 2011, S.L Fábrica",Azuaga,Fruta y verdura,Fruta y hortaliza,"Poligono industrial C/ Mina de la Joaquina 20, 06920 Azuaga, Badajoz, España","Productor local de fruta, hortaliza, arroz u otros cultivos de la provincia.","lunes: 9:00–14:00, 17:00–20:00 | martes: 9:00–14:00, 17:00–20:00 | miércoles: 9:00–14:00, 17:00–20:00 | jueves: 9:00–14:00, 17:00–20:00 | viernes: 9:00–14:00, 17:00–20:00 | sábado: Cerrado | domingo: Cerrado",648 16 63 74,,,,,https://www.google.com/maps/search/?api=1&query=Exproa%20Extreme%C3%B1a%20de%20Productos%20Agr%C3%ADcolas%202011%2C%20S.L%20F%C3%A1brica%2C%20Poligono%20industrial%20C%2F%20Mina%20de%20la%20Joaquina%2020%2C%2006920%20Azuaga%2C%20Badajoz%2C%20Espa%C3%B1a&query_place_id=ChIJEVFA7891Ew0RP9VdhExp-rg,38.2625591,-5.6940921,,pendiente,no comprobado
extremeno-aragonesa-agricola-s-a-exaasa-frutaria,Extremeño Aragonesa Agrícola S.A. (EXAASA-Frutaria),Badajoz,Fruta y verdura,Fruta y hortaliza,"Av. Antonio Correa, 9, 06006 Badajoz, España","Productor local de fruta, hortaliza, arroz u otros cultivos de la provincia.",,924 27 05 00,,http://www.frutaria.com/,,,https://www.google.com/maps/search/?api=1&query=Extreme%C3%B1o%20Aragonesa%20Agr%C3%ADcola%20S.A.%20%28EXAASA-Frutaria%29%2C%20Av.%20Antonio%20Correa%2C%209%2C%2006006%20Badajoz%2C%20Espa%C3%B1a&query_place_id=ChIJAUrcu2jkFg0RjGyIgY8dnYA,38.892115,-6.989691199999999,/productores/badajoz/extremeno-aragonesa-agricola-s-a-exaasa-frutaria.webp,pendiente,no comprobado
frutaex,Frutaex,Mérida,Fruta y verdura,Fruta y hortaliza,"P.º de Extremadura, 575, 06800 Mérida, Badajoz, España","Productor local de fruta, hortaliza, arroz u otros cultivos de la provincia.","lunes: 8:00–14:00, 17:00–18:00 | martes: 8:00–14:00, 17:00–18:00 | miércoles: 8:00–14:00 | jueves: 8:00–14:00, 17:00–18:00 | viernes: 8:00–14:00 | sábado: Cerrado | domingo: Cerrado",924 38 90 48,,,,,https://www.google.com/maps/search/?api=1&query=Frutaex%2C%20P.%C2%BA%20de%20Extremadura%2C%20575%2C%2006800%20M%C3%A9rida%2C%20Badajoz%2C%20Espa%C3%B1a&query_place_id=ChIJy1n9k0UnFA0RLMChVJwyniU,38.9076177,-6.3934281,,pendiente,no comprobado
frutakia,Frutakia,Villafranca de los Barros,Fruta y verdura,Fruta y hortaliza,"C. Gravina, 49, 06220 Villafranca de los Barros, Badajoz, España","Productor local de fruta, hortaliza, arroz u otros cultivos de la provincia.",,,,,,,https://www.google.com/maps/search/?api=1&query=Frutakia%2C%20C.%20Gravina%2C%2049%2C%2006220%20Villafranca%20de%20los%20Barros%2C%20Badajoz%2C%20Espa%C3%B1a&query_place_id=ChIJOY6P8dYBFA0R4rMZfmlMEUs,38.5613651,-6.333161899999999,,pendiente,no comprobado
frutas-albemar-s-l,Frutas Albemar S L,Badajoz,Fruta y verdura,Fruta y hortaliza,"C. Nevero Doce, 06006 Badajoz, España","Productor local de fruta, hortaliza, arroz u otros cultivos de la provincia.",,924 27 39 83,,https://www.google.com/maps/uv?pb=!1s0xd16e4656a5e5749%3A0xa16446c71839efcd!3m1!7e115!4s%2Fmaps%2Fplace%2Ffrutas%2Balbemar%2Bbadajoz%2F%4038.8931755%2C-6.9968821%2C3a%2C75y%2C100.57h%2C90t%2Fdata%3D*213m4*211e1*213m2*211sROMVXIIEvlnH_UdxQPzZRA*212e0*214m2*213m1*211s0xd16e4656a5e5749%3A0xa16446c71839efcd%3Fsa%3DX!5sfrutas%20albemar%20badajoz%20-%20Buscar%20con%20Google!15sCgIgAQ&imagekey=!1e2!2sROMVXIIEvlnH_UdxQPzZRA&hl=es&sa=X&ved=2ahUKEwj84fXpndztAhVIQkEAHcN7BJQQpx8wCnoECBUQAw,,,https://www.google.com/maps/search/?api=1&query=Frutas%20Albemar%20S%20L%2C%20C.%20Nevero%20Doce%2C%2006006%20Badajoz%2C%20Espa%C3%B1a&query_place_id=ChIJSVdeamXkFg0Rze85GMdGZKE,38.8931259,-6.9968764,/productores/badajoz/frutas-albemar-s-l.webp,pendiente,no comprobado
frutas-aranzazu,Frutas Aranzazu,Puebla de la Calzada,Fruta y verdura,Fruta y hortaliza,"C. Calz. Romana, 46, 06490 Puebla de la Calzada, Badajoz, España","Productor local de fruta, hortaliza, arroz u otros cultivos de la provincia.",lunes: 7:00–21:00 | martes: 7:00–21:00 | miércoles: 7:00–21:00 | jueves: 7:00–21:00 | viernes: 7:00–21:00 | sábado: 7:00–15:00 | domingo: Cerrado,924 45 62 45,,http://www.frutasaranzazu.com/,,,https://www.google.com/maps/search/?api=1&query=Frutas%20Aranzazu%2C%20C.%20Calz.%20Romana%2C%2046%2C%2006490%20Puebla%20de%20la%20Calzada%2C%20Badajoz%2C%20Espa%C3%B1a&query_place_id=ChIJcaHKeoWRFg0RbyJc4v833So,38.8923377,-6.613974,/productores/badajoz/frutas-aranzazu.webp,pendiente,no comprobado
frutas-azamar-s-l,Frutas Azamar S L,Don Benito,Fruta y verdura,Fruta y hortaliza,"C. Torricelli, 32, 06400 Don Benito, Badajoz, España","Productor local de fruta, hortaliza, arroz u otros cultivos de la provincia.","lunes: 7:00–13:00 | martes: 7:00–13:00, 18:00–20:00 | miércoles: 7:00–13:00 | jueves: 7:00–13:00, 18:00–20:00 | viernes: 7:00–13:00 | sábado: 7:00–12:00 | domingo: Cerrado",657 49 65 53,,,,,https://www.google.com/maps/search/?api=1&query=Frutas%20Azamar%20S%20L%2C%20C.%20Torricelli%2C%2032%2C%2006400%20Don%20Benito%2C%20Badajoz%2C%20Espa%C3%B1a&query_place_id=ChIJsTjjxiFbFA0RhXERxcgXMHc,38.96114000000001,-5.8807899,,pendiente,no comprobado
frutas-belinda,Frutas Belinda,Mérida,Fruta y verdura,Fruta y hortaliza,"Polígono El Prado, C. Bilbao, 36, 06800 Mérida, Badajoz, España","Productor local de fruta, hortaliza, arroz u otros cultivos de la provincia.","lunes: 7:00–13:00, 16:30–19:30 | martes: 7:00–13:00, 16:30–19:30 | miércoles: 7:00–13:00, 16:30–19:30 | jueves: 7:00–13:00, 16:30–19:30 | viernes: 7:00–13:00, 16:30–19:30 | sábado: Cerrado | domingo: Cerrado",924 37 82 08,,https://www.extremaduradavida.com/item/mayorista-hortofruticula-extremadura-frutas-belinda/,https://www.facebook.com/profile.php,,https://www.google.com/maps/search/?api=1&query=Frutas%20Belinda%2C%20Pol%C3%ADgono%20El%20Prado%2C%20C.%20Bilbao%2C%2036%2C%2006800%20M%C3%A9rida%2C%20Badajoz%2C%20Espa%C3%B1a&query_place_id=ChIJmRGB_GwnFA0RlMUWxLo9h1A,38.924265,-6.388697899999999,/productores/badajoz/frutas-belinda.webp,pendiente,no comprobado
frutas-diez,Frutas Diez,Villanueva de la Serena,Fruta y verdura,Fruta y hortaliza,"Diseminado Diseminados, 1, 06712 Villanueva de la Serena, Badajoz, España","Productor local de fruta, hortaliza, arroz u otros cultivos de la provincia.",lunes: 8:00–15:00 | martes: 8:00–15:00 | miércoles: 8:00–15:00 | jueves: 8:00–15:00 | viernes: 8:00–15:00 | sábado: 8:00–15:00 | domingo: Cerrado,924 11 81 74,,http://www.frutasdiez.com/,http://www.facebook.com/WixEspanol,,https://www.google.com/maps/search/?api=1&query=FRUTAS%20DIEZ%2C%20Diseminado%20Diseminados%2C%201%2C%2006712%20Villanueva%20de%20la%20Serena%2C%20Badajoz%2C%20Espa%C3%B1a&query_place_id=ChIJJYDz1en5FA0RATsKI2lM18Q,39.054082,-5.7249966,/productores/badajoz/frutas-diez.webp,pendiente,no comprobado
frutas-fernandez-s-l,"Frutas Fernández, S.L.",La Garrovilla,Fruta y verdura,Fruta y hortaliza,"Ctra. Mérida Montijo, Km. 48, 06870 La Garrovilla, Badajoz, España","Productor local de fruta, hortaliza, arroz u otros cultivos de la provincia.",,924 33 59 04,,http://frutasfernandez.com/,https://www.facebook.com/frutasfernandeznatur/,,https://www.google.com/maps/search/?api=1&query=Frutas%20Fern%C3%A1ndez%2C%20S.L.%2C%20Ctra.%20M%C3%A9rida%20Montijo%2C%20Km.%2048%2C%2006870%20La%20Garrovilla%2C%20Badajoz%2C%20Espa%C3%B1a&query_place_id=ChIJmb7Eg3acFg0RaOYH7I467aA,38.9169273,-6.4894433,/productores/badajoz/frutas-fernandez-s-l.webp,pendiente,no comprobado
frutas-hermanos-rodriguez-elmutilao,Frutas Hermanos Rodríguez Elmutilao,Zafra,Fruta y verdura,Fruta y hortaliza,"Av. Adolfo Díaz Ambrona Moreno, 4, 06300 Zafra, Badajoz, España","Productor local de fruta, hortaliza, arroz u otros cultivos de la provincia.","lunes: 9:00–14:30, 17:00–20:30 | martes: 9:00–14:30, 17:00–20:30 | miércoles: 9:00–14:30, 17:00–20:30 | jueves: 9:00–14:30, 17:00–20:30 | viernes: 9:00–14:30, 17:00–20:30 | sábado: 8:00–14:00 | domingo: Cerrado",924 55 43 23,,,,,https://www.google.com/maps/search/?api=1&query=Frutas%20Hermanos%20Rodr%C3%ADguez%20Elmutilao%2C%20Av.%20Adolfo%20D%C3%ADaz%20Ambrona%20Moreno%2C%204%2C%2006300%20Zafra%2C%20Badajoz%2C%20Espa%C3%B1a&query_place_id=ChIJy-UB545VEQ0RVPvEJpUxkI0,38.4221198,-6.414555699999999,,pendiente,no comprobado
frutas-jesus-de-la-o-s-l,Frutas Jesus De La O S.L.,Puebla de la Calzada,Fruta y verdura,Fruta y hortaliza,"Av. del Carmen Amigo, 06490 Puebla de la Calzada, Badajoz, España","Productor local de fruta, hortaliza, arroz u otros cultivos de la provincia.","lunes: 7:00–14:00, 17:00–20:00 | martes: 7:00–14:00, 17:00–20:00 | miércoles: 7:00–14:00, 17:00–20:00 | jueves: 7:00–14:00, 17:00–20:00 | viernes: 7:00–14:00, 17:00–20:00 | sábado: 7:00–14:00 | domingo: Cerrado",924 45 26 56,,,,,https://www.google.com/maps/search/?api=1&query=FRUTAS%20JESUS%20DE%20LA%20O%20S.L.%2C%20Av.%20del%20Carmen%20Amigo%2C%2006490%20Puebla%20de%20la%20Calzada%2C%20Badajoz%2C%20Espa%C3%B1a&query_place_id=ChIJ6RYP7jGRFg0R-dcqIvDCzEw,38.890995,-6.6428322,,pendiente,no comprobado
frutas-marin,Frutas Marín,Monesterio,Fruta y verdura,Fruta y hortaliza,"C. Constitución, 8, 06260 Monesterio, Badajoz, España","Productor local de fruta, hortaliza, arroz u otros cultivos de la provincia.",,924 51 63 96,,,,,https://www.google.com/maps/search/?api=1&query=Frutas%20Mar%C3%ADn%2C%20C.%20Constituci%C3%B3n%2C%208%2C%2006260%20Monesterio%2C%20Badajoz%2C%20Espa%C3%B1a&query_place_id=ChIJWR-dP43cEw0RuWOQPgOQEwE,38.0833076,-6.258213899999999,,pendiente,no comprobado
frutas-montijo,Frutas Montijo,Montijo,Fruta y verdura,Fruta y hortaliza,"C. Calz. Romana, s/n, 06480 Montijo, Badajoz, España","Productor local de fruta, hortaliza, arroz u otros cultivos de la provincia.","lunes: 7:00–14:00, 17:30–19:30 | martes: 7:00–14:00, 17:30–19:30 | miércoles: 7:00–14:00, 17:30–19:30 | jueves: 7:00–14:00, 17:30–19:30 | viernes: 7:00–14:00, 17:30–19:30 | sábado: 7:00–13:00 | domingo: Cerrado",924 45 46 11,,https://frutasmontijo.com/,,,https://www.google.com/maps/search/?api=1&query=Frutas%20Montijo%2C%20C.%20Calz.%20Romana%2C%20s%2Fn%2C%2006480%20Montijo%2C%20Badajoz%2C%20Espa%C3%B1a&query_place_id=ChIJq4gU1NGQFg0RBNwvjkmVxqQ,38.8918493,-6.610747300000001,,pendiente,no comprobado
frutas-nene,Frutas Nene,Valdelacalzada,Fruta y verdura,Fruta y hortaliza,"C. Guadiana, S/N, KM.0,5, 06185 Valdelacalzada, Badajoz, España","Productor local de fruta, hortaliza, arroz u otros cultivos de la provincia.","lunes: 8:00–14:00, 17:00–20:00 | martes: 8:00–14:00, 17:00–20:00 | miércoles: 8:00–14:00, 17:00–20:00 | jueves: 8:00–14:00, 17:00–20:00 | viernes: 8:00–14:00, 17:00–20:00 | sábado: 8:00–14:00 | domingo: Cerrado",924 44 61 93,,http://www.frutasnene.com/,,,https://www.google.com/maps/search/?api=1&query=Frutas%20Nene%2C%20C.%20Guadiana%2C%20S%2FN%2C%20KM.0%2C5%2C%2006185%20Valdelacalzada%2C%20Badajoz%2C%20Espa%C3%B1a&query_place_id=ChIJJWxmSpuTFg0RKRMwKo7qDO4,38.8948661,-6.6982724,/productores/badajoz/frutas-nene.webp,pendiente,no comprobado
frutas-nina,Frutas Niña,Badajoz,Fruta y verdura,Fruta y hortaliza,"Av. de Cristobal Colón, 16b, 06005 Badajoz, España","Productor local de fruta, hortaliza, arroz u otros cultivos de la provincia.","lunes: 9:00–14:30, 18:00–21:00 | martes: 9:00–14:30, 18:00–21:00 | miércoles: 9:00–14:30, 18:00–21:00 | jueves: 9:00–14:30, 18:00–21:00 | viernes: 9:00–14:30, 18:00–21:00 | sábado: 9:00–14:30 | domingo: Cerrado",615 05 99 03,,,,,https://www.google.com/maps/search/?api=1&query=Frutas%20Ni%C3%B1a%2C%20Av.%20de%20Cristobal%20Col%C3%B3n%2C%2016b%2C%2006005%20Badajoz%2C%20Espa%C3%B1a&query_place_id=ChIJ9c-fQjvkFg0ROUeP1pYCBUc,38.8744191,-6.9792122,,pendiente,no comprobado
frutas-nuevo-sanabria,Frutas Nuevo Sanabria,Jerez de los Caballeros,Fruta y verdura,Fruta y hortaliza,"Pol, Polígono del Pabellón, C. Industrial el Pabellón, Parc. 1.1, 06380 Jerez de los Caballeros, Badajoz, España","Productor local de fruta, hortaliza, arroz u otros cultivos de la provincia.","lunes: 9:30–14:00, 17:00–20:00 | martes: 9:30–14:00, 17:00–20:00 | miércoles: 9:30–14:00, 17:00–20:00 | jueves: 9:30–14:00, 17:00–20:00 | viernes: 9:30–14:00, 17:00–20:00 | sábado: 9:30–14:00, 17:00–20:00 | domingo: 9:30–14:00, 17:00–20:00",613 81 61 60,,,,,https://www.google.com/maps/search/?api=1&query=Frutas%20Nuevo%20Sanabria%2C%20Pol%2C%20Pol%C3%ADgono%20del%20Pabell%C3%B3n%2C%20C.%20Industrial%20el%20Pabell%C3%B3n%2C%20Parc.%201.1%2C%2006380%20Jerez%20de%20los%20Caballeros%2C%20Badajoz%2C%20Espa%C3%B1a&query_place_id=ChIJvXxjQ8o3EQ0R4WJZZQ1OXy4,38.3343546,-6.773035699999999,,pendiente,no comprobado
frutas-pulido,Frutas Pulido,Azuaga,Fruta y verdura,Fruta y hortaliza,"https://maps.app.goo.gl/MNwNRtDixAYKFcVU6, C. Luis Chamizo, 12 BAJO, 06920 Azuaga, Badajoz, España","Productor local de fruta, hortaliza, arroz u otros cultivos de la provincia.",lunes: 9:00–14:00 | martes: 9:00–14:00 | miércoles: 9:00–14:00 | jueves: 9:00–14:00 | viernes: 9:00–14:00 | sábado: 9:00–14:00 | domingo: Cerrado,924 89 03 48,,,,,https://www.google.com/maps/search/?api=1&query=Frutas%20Pulido%2C%20https%3A%2F%2Fmaps.app.goo.gl%2FMNwNRtDixAYKFcVU6%2C%20C.%20Luis%20Chamizo%2C%2012%20BAJO%2C%2006920%20Azuaga%2C%20Badajoz%2C%20Espa%C3%B1a&query_place_id=ChIJaYlWsyt0Ew0Ruy2ybfk1M4A,38.2610098,-5.6843431,,pendiente,no comprobado
frutas-ramos-benitez-s-l,Frutas Ramos Benitez S.L,Villanueva de la Serena,Fruta y verdura,Fruta y hortaliza,"06720 Villanueva de la Serena, Badajoz, España","Productor local de fruta, hortaliza, arroz u otros cultivos de la provincia.",lunes: 7:03–22:04 | martes: 7:03–22:04 | miércoles: 7:03–22:04 | jueves: 7:03–22:04 | viernes: 7:03–22:04 | sábado: 7:03–22:04 | domingo: 7:03–22:04,635 92 99 34,,,,,https://www.google.com/maps/search/?api=1&query=Frutas%20Ramos%20Benitez%20S.L%2C%2006720%20Villanueva%20de%20la%20Serena%2C%20Badajoz%2C%20Espa%C3%B1a&query_place_id=ChIJ0Q5BewlXFA0R4Z16skH5MgQ,39.026528,-5.754300799999999,,pendiente,no comprobado
frutas-the-origen,Frutas The Origen,Don Benito,Fruta y verdura,Fruta y hortaliza,"06400 Don Benito, Badajoz, España","Productor local de fruta, hortaliza, arroz u otros cultivos de la provincia.",lunes: 9:00–20:30 | martes: 9:00–20:30 | miércoles: 9:00–20:30 | jueves: 9:00–20:30 | viernes: 9:00–20:30 | sábado: 9:00–14:00 | domingo: Cerrado,651 39 40 10,,,,,https://www.google.com/maps/search/?api=1&query=Frutas%20The%20Origen%2C%2006400%20Don%20Benito%2C%20Badajoz%2C%20Espa%C3%B1a&query_place_id=ChIJx4qlDnpbFA0RJAfJju3-pX4,38.9595824,-5.8624383,,pendiente,no comprobado
frutas-verea,Frutas Verea,Talavera la Real,Fruta y verdura,Fruta y hortaliza,"Diseminado Diseminados, 50, 06140 Talavera la Real, Badajoz, España","Productor local de fruta, hortaliza, arroz u otros cultivos de la provincia.",,,,,,,https://www.google.com/maps/search/?api=1&query=Frutas%20Verea%2C%20Diseminado%20Diseminados%2C%2050%2C%2006140%20Talavera%20la%20Real%2C%20Badajoz%2C%20Espa%C3%B1a&query_place_id=ChIJbzGxI5jsFg0R2Kdx2_EiUtQ,38.8846164,-6.7728073,,pendiente,no comprobado
global-pahica-frutas-nacri,Global Pahica - Frutas Nacri,Valdivia,Fruta y verdura,Fruta y hortaliza,"Ctra. Entrerríos, s/N, 06720 Valdivia, Badajoz, España","Productor local de fruta, hortaliza, arroz u otros cultivos de la provincia.",,690 22 35 23,,,,,https://www.google.com/maps/search/?api=1&query=Global%20Pahica%20-%20Frutas%20Nacri%2C%20Ctra.%20Entrerr%C3%ADos%2C%20s%2FN%2C%2006720%20Valdivia%2C%20Badajoz%2C%20Espa%C3%B1a&query_place_id=ChIJLy9S2QX5FA0RpMwAp_Y6ND0,39.0278801,-5.7137104,,pendiente,no comprobado
interajos-s-l,"Interajos, S.L.",Aceuchal,Fruta y verdura,Fruta y hortaliza,"Cam. del Monte, S/N, 06207 Aceuchal, Badajoz, España","Productor local de fruta, hortaliza, arroz u otros cultivos de la provincia.","lunes: 6:00–14:00, 16:00–17:30 | martes: 6:00–14:00, 16:00–17:30 | miércoles: 6:00–14:00, 16:00–17:30 | jueves: 6:00–14:00, 16:00–17:30 | viernes: 6:00–14:00 | sábado: 7:00–13:00 | domingo: Cerrado",649 92 51 03,,https://interajossl9.webnode.es/,,,https://www.google.com/maps/search/?api=1&query=INTERAJOS%2C%20S.L.%2C%20Cam.%20del%20Monte%2C%20S%2FN%2C%2006207%20Aceuchal%2C%20Badajoz%2C%20Espa%C3%B1a&query_place_id=ChIJWy28-AGmFg0RjUBMq_lSDVQ,38.63711920000001,-6.4865236,/productores/badajoz/interajos-s-l.webp,pendiente,no comprobado
rudasil-s-l-venta-de-ajos-al-por-mayor,Rudasil S.L Venta de ajos al por mayor,Aceuchal,Fruta y verdura,Fruta y hortaliza,"Crta. Don Benito / olivenza, km 76, 06207 Aceuchal, Badajoz, España","Productor local de fruta, hortaliza, arroz u otros cultivos de la provincia.",lunes: 9:00–19:00 | martes: 9:00–19:00 | miércoles: 9:00–19:00 | jueves: 9:00–19:00 | viernes: 9:00–19:00 | sábado: 9:00–13:00 | domingo: Cerrado,665 66 20 19,,https://rudasil.es/,,,https://www.google.com/maps/search/?api=1&query=Rudasil%20S.L%20Venta%20de%20ajos%20al%20por%20mayor%2C%20Crta.%20Don%20Benito%20%2F%20olivenza%2C%20km%2076%2C%2006207%20Aceuchal%2C%20Badajoz%2C%20Espa%C3%B1a&query_place_id=ChIJgwsFawqnFg0RimtPCCecjQ4,38.6579446,-6.473705199999999,/productores/badajoz/rudasil-s-l-venta-de-ajos-al-por-mayor.webp,pendiente,no comprobado
granja-avicola,Granja Avícola,Almendralejo,Huevos,Huevos,"Diseminado Campo Viejo, 2, 06200 Almendralejo, Badajoz, España",Productor local de huevos o actividad avícola.,,,,,,,https://www.google.com/maps/search/?api=1&query=Granja%20Av%C3%ADcola%2C%20Diseminado%20Campo%20Viejo%2C%202%2C%2006200%20Almendralejo%2C%20Badajoz%2C%20Espa%C3%B1a&query_place_id=ChIJ-9-htPYdFA0R_cUssuxWNsA,38.7152909,-6.4044083,,pendiente,no comprobado
huevos-camperos-en-higuera-la-real-huevos-camperos-el-dornero,Huevos camperos en Higuera la Real | Huevos camperos “El Dornero”,Higuera la Real,Huevos,Huevos,"Av. Portugal, 30, 06350 Higuera la Real, Badajoz, España",Productor local de huevos o actividad avícola.,,652 72 91 54,,https://huevoseldornero.es/,,,https://www.google.com/maps/search/?api=1&query=Huevos%20camperos%20en%20Higuera%20la%20Real%20%7C%20Huevos%20camperos%20%E2%80%9CEl%20Dornero%E2%80%9D%2C%20Av.%20Portugal%2C%2030%2C%2006350%20Higuera%20la%20Real%2C%20Badajoz%2C%20Espa%C3%B1a&query_place_id=ChIJNdMFyyRBEQ0RXFhVC84Ijhg,38.1451259,-6.6889262,/productores/badajoz/huevos-camperos-en-higuera-la-real-huevos-camperos-el-dornero.webp,pendiente,no comprobado
huevos-guillen-cantos-blancos-sur,Huevos Guillén - Cantos Blancos Sur,Almendralejo,Huevos,Huevos,"EX-359, P.K, 0,190, 06200 Almendralejo, Badajoz, España",Productor local de huevos o actividad avícola.,lunes: 8:00–16:00 | martes: 8:00–16:00 | miércoles: 8:00–16:00 | jueves: 8:00–16:00 | viernes: 8:00–16:00 | sábado: Cerrado | domingo: Cerrado,924 67 74 32,,http://www.huevosguillen.com/,,,https://www.google.com/maps/search/?api=1&query=Huevos%20Guill%C3%A9n%20-%20Cantos%20Blancos%20Sur%2C%20EX-359%2C%20P.K%2C%200%2C190%2C%2006200%20Almendralejo%2C%20Badajoz%2C%20Espa%C3%B1a&query_place_id=ChIJsXosAvQdFA0RvYegzsp6s9s,38.7128244,-6.402400699999999,/productores/badajoz/huevos-guillen-cantos-blancos-sur.webp,pendiente,no comprobado
huevos-hermanos-martin-gomez-c-b-inoxa-extremadura,HUEVOS HERMANOS MARTIN GOMEZ C.B. Inoxa Extremadura,Valdebótoa,Huevos,Huevos,"Caretera Badajoz a San Vicente de Alcántara Km.65,200, Valdebotoa ..(Badajoz), 06194 Valdebótoa, Badajoz, España",Productor local de huevos o actividad avícola.,lunes: 8:00–20:00 | martes: 8:00–20:00 | miércoles: 8:00–20:00 | jueves: 8:00–20:00 | viernes: 8:00–20:00 | sábado: 8:00–20:00 | domingo: Cerrado,924 43 22 45,,http://www.huevoshermanosmartin.es/,,,https://www.google.com/maps/search/?api=1&query=HUEVOS%20HERMANOS%20MARTIN%20GOMEZ%20C.B.%20Inoxa%20Extremadura%2C%20Caretera%20Badajoz%20a%20San%20Vicente%20de%20Alc%C3%A1ntara%20Km.65%2C200%2C%20Valdebotoa%20..%28Badajoz%29%2C%2006194%20Valdeb%C3%B3toa%2C%20Badajoz%2C%20Espa%C3%B1a&query_place_id=ChIJLcKGZ2K0Fw0RI5IgSLyulfY,38.96338799999999,-6.92821,/productores/badajoz/huevos-hermanos-martin-gomez-c-b-inoxa-extremadura.webp,pendiente,no comprobado
artesanos-del-queso,Artesanos del Queso,Cabeza del Buey,Lácteos y quesos,Quesos y lácteos,"Pol. Ind. la Loma, Carretera Local, 06600 Cabeza del Buey, Badajoz, España",Productor local de quesos o elaboraciones lácteas de la provincia.,"lunes: 9:00–14:00, 17:00–20:00 | martes: 9:00–14:00, 17:00–20:00 | miércoles: 9:00–14:00, 17:00–20:00 | jueves: 9:00–14:00, 17:00–20:00 | viernes: 9:00–14:00, 17:00–20:00 | sábado: 9:00–14:00 | domingo: Cerrado",924 63 27 04,,,,,https://www.google.com/maps/search/?api=1&query=Artesanos%20del%20Queso%2C%20Pol.%20Ind.%20la%20Loma%2C%20Carretera%20Local%2C%2006600%20Cabeza%20del%20Buey%2C%20Badajoz%2C%20Espa%C3%B1a&query_place_id=ChIJ8_jYSKikFA0RiY5K9dCqaPY,38.7157191,-5.2364107,,pendiente,no comprobado
granja-queseria-castrum-erat,Granja Quesería Castrum-Erat,Castuera,Lácteos y quesos,Quesos y lácteos,"CARRETERA EX-104. KM:33, 5, 06420 Castuera, Badajoz, España",Productor local de quesos o elaboraciones lácteas de la provincia.,lunes: 10:00–14:00 | martes: 10:00–14:00 | miércoles: 10:00–14:00 | jueves: 10:00–14:00 | viernes: 10:00–14:00 | sábado: Cerrado | domingo: Cerrado,615 98 68 42,,http://www.castrum-erat.com/,https://www.facebook.com/profile.php,https://www.instagram.com/castrum_erat/,https://www.google.com/maps/search/?api=1&query=GRANJA%20QUESER%C3%8DA%20CASTRUM-ERAT%2C%20CARRETERA%20EX-104.%20KM%3A33%2C%205%2C%2006420%20Castuera%2C%20Badajoz%2C%20Espa%C3%B1a&query_place_id=ChIJTTlA0eSRFA0RTnLgNk_J9lE,38.7516418,-5.5566404,/productores/badajoz/granja-queseria-castrum-erat.webp,pendiente,no comprobado
hmm-quesos-y-jamones-ibericos,HMM Quesos Y Jamones Ibericos,Don Benito,Lácteos y quesos,Quesos y lácteos,"Av. de Madrid, 33, 06400 Don Benito, Badajoz, España",Productor local de quesos o elaboraciones lácteas de la provincia.,,,,,,,https://www.google.com/maps/search/?api=1&query=HMM%20Quesos%20Y%20Jamones%20Ibericos%2C%20Av.%20de%20Madrid%2C%2033%2C%2006400%20Don%20Benito%2C%20Badajoz%2C%20Espa%C3%B1a&query_place_id=ChIJ5xE1CgBbFA0RQRsThdCW_-Y,38.9648809,-5.8566298,,pendiente,no comprobado
queserex-quesos-de-la-serena,Queserex: Quesos de La Serena,Cabeza del Buey,Lácteos y quesos,Quesos y lácteos,"Pol. Ind. la Loma, nave, 3, 06600 Cabeza del Buey, Badajoz, España",Productor local de quesos o elaboraciones lácteas de la provincia.,lunes: 9:00–19:00 | martes: 9:00–19:00 | miércoles: 9:00–19:00 | jueves: 9:00–19:00 | viernes: 9:00–19:00 | sábado: 9:00–14:00 | domingo: Cerrado,687 81 65 33,,https://www.queserex.com/,https://www.facebook.com/QueserexCB/,https://www.instagram.com/queserex/,https://www.google.com/maps/search/?api=1&query=Queserex%3A%20Quesos%20de%20La%20Serena%2C%20Pol.%20Ind.%20la%20Loma%2C%20nave%2C%203%2C%2006600%20Cabeza%20del%20Buey%2C%20Badajoz%2C%20Espa%C3%B1a&query_place_id=ChIJtdD-CAywFA0RBDBgPWBg5e0,38.7160985,-5.2362847,/productores/badajoz/queserex-quesos-de-la-serena.webp,pendiente,no comprobado
queseria-artesanal-abuela-cecilia,Quesería Artesanal Abuela Cecilia,Monesterio,Lácteos y quesos,Quesos y lácteos,"C. Gallego Paz, 19, 06260 Monesterio, Badajoz, España",Productor local de quesos o elaboraciones lácteas de la provincia.,,645 91 17 13,,,,,https://www.google.com/maps/search/?api=1&query=Queser%C3%ADa%20Artesanal%20Abuela%20Cecilia%2C%20C.%20Gallego%20Paz%2C%2019%2C%2006260%20Monesterio%2C%20Badajoz%2C%20Espa%C3%B1a&query_place_id=ChIJBRoYOgDdEw0RAYVlsrO3biI,38.0874589,-6.2706174,,pendiente,no comprobado
queseria-buena-vista,Quesería Buena Vista,Ribera del Fresno,Lácteos y quesos,Quesos y lácteos,"Finca Buena Vista, Carretera Pozo Macías, S/N, 06225 Ribera del Fresno, Badajoz, España",Productor local de quesos o elaboraciones lácteas de la provincia.,"lunes: 9:00–13:30, 17:00–19:00 | martes: 9:00–13:30, 17:00–19:00 | miércoles: 9:00–13:30, 17:00–19:00 | jueves: 9:00–13:30, 17:00–19:00 | viernes: 9:00–13:30, 17:00–19:00 | sábado: Cerrado | domingo: Cerrado",608 79 25 21,,http://www.queseriabuenavista.com/,https://www.facebook.com/solocabra/,https://www.instagram.com/queseriabuenavista/,https://www.google.com/maps/search/?api=1&query=Queser%C3%ADa%20Buena%20Vista%2C%20Finca%20Buena%20Vista%2C%20Carretera%20Pozo%20Mac%C3%ADas%2C%20S%2FN%2C%2006225%20Ribera%20del%20Fresno%2C%20Badajoz%2C%20Espa%C3%B1a&query_place_id=ChIJDdpDo9cJFA0RB2Bl4Fko4hA,38.5395541,-6.2331502,,pendiente,no comprobado
queseria-garcia-risco,Quesería García Risco,Cabeza del Buey,Lácteos y quesos,Quesos y lácteos,"Lugar, C. Huerta de la Orden, 11, 06600 Cabeza del Buey, Badajoz, España",Productor local de quesos o elaboraciones lácteas de la provincia.,"lunes: 9:00–14:00, 17:00–20:00 | martes: 9:00–14:00, 17:00–20:00 | miércoles: 9:00–14:00, 17:00–20:00 | jueves: 9:00–14:00, 17:00–20:00 | viernes: 9:00–14:00, 17:00–20:00 | sábado: 9:00–14:00 | domingo: Cerrado",924 60 00 63,,https://www.queseriagarciarisco.com/,https://www.facebook.com/Queseria-Garcia-Risco-656267757899287/,,https://www.google.com/maps/search/?api=1&query=Queser%C3%ADa%20Garc%C3%ADa%20Risco%2C%20Lugar%2C%20C.%20Huerta%20de%20la%20Orden%2C%2011%2C%2006600%20Cabeza%20del%20Buey%2C%20Badajoz%2C%20Espa%C3%B1a&query_place_id=ChIJPzmFZwywFA0RxeDRftLrWfE,38.7225026,-5.2200374,,pendiente,no comprobado
queseria-hermanos-zapata-leche-cruda-de-cabra,Quesería Hermanos Zapata *** Leche Cruda de Cabra,Fuente de Cantos,Lácteos y quesos,Quesos y lácteos,"BA-069 Km 2.8, 06240 Fuente de Cantos, Badajoz, España",Productor local de quesos o elaboraciones lácteas de la provincia.,lunes: 6:00–14:00 | martes: 6:00–14:00 | miércoles: 6:00–14:00 | jueves: 6:00–14:00 | viernes: 6:00–14:00 | sábado: 6:00–14:00 | domingo: 6:00–14:00,615 08 33 49,,,,,https://www.google.com/maps/search/?api=1&query=Queser%C3%ADa%20Hermanos%20Zapata%20%2A%2A%2A%20Leche%20Cruda%20de%20Cabra%2C%20BA-069%20Km%202.8%2C%2006240%20Fuente%20de%20Cantos%2C%20Badajoz%2C%20Espa%C3%B1a&query_place_id=ChIJ-dCZhBXkEw0RqKGfoYHlD60,38.2596375,-6.3319643,,pendiente,no comprobado
queseria-tierra-de-barros,Queseria Tierra De Barros,Villafranca de los Barros,Lácteos y quesos,Quesos y lácteos,"C. Luz, 5-6, 06220 Villafranca de los Barros, Badajoz, España",Productor local de quesos o elaboraciones lácteas de la provincia.,"lunes: 8:00–14:00, 16:00–20:00 | martes: 8:00–14:00, 16:00–20:00 | miércoles: 8:00–14:00, 16:00–20:00 | jueves: 8:00–14:00, 16:00–20:00 | viernes: 8:00–14:00, 16:00–20:00 | sábado: 10:00–14:00 | domingo: Cerrado",924 52 04 29,,http://www.queseriatierradebarros.es/,https://www.facebook.com/queseriatierrabarros/,,https://www.google.com/maps/search/?api=1&query=Queseria%20Tierra%20De%20Barros%2C%20C.%20Luz%2C%205-6%2C%2006220%20Villafranca%20de%20los%20Barros%2C%20Badajoz%2C%20Espa%C3%B1a&query_place_id=ChIJfwwOp2IBFA0Rwx7sDp8UB1g,38.564633,-6.3538353,/productores/badajoz/queseria-tierra-de-barros.webp,pendiente,no comprobado
queseria-utrero,Quesería Utrero,Puebla de Alcocer,Lácteos y quesos,Quesos y lácteos,"C. Espronceda, 28, 06630 Puebla de Alcocer, Badajoz, España",Productor local de quesos o elaboraciones lácteas de la provincia.,"lunes: 9:30–13:30, 17:00–20:00 | martes: 9:30–13:30, 17:00–20:30 | miércoles: 9:30–13:30, 17:00–20:00 | jueves: 9:30–13:30, 17:00–20:00 | viernes: 9:30–13:30, 17:30–20:30 | sábado: 10:00–14:00 | domingo: Cerrado",924 62 01 28,,,,,https://www.google.com/maps/search/?api=1&query=Queser%C3%ADa%20Utrero%2C%20C.%20Espronceda%2C%2028%2C%2006630%20Puebla%20de%20Alcocer%2C%20Badajoz%2C%20Espa%C3%B1a&query_place_id=ChIJbx_clq_FFA0RABVBS7jp9Yk,38.985828,-5.259067,,pendiente,no comprobado
quesos-atalaya,Quesos Atalaya,Castuera,Lácteos y quesos,Quesos y lácteos,"C. Buensuceso, 06420 Castuera, Badajoz, España",Productor local de quesos o elaboraciones lácteas de la provincia.,,924 76 02 36,,http://quesosatalaya.blogspot.com.es/,,,https://www.google.com/maps/search/?api=1&query=Quesos%20Atalaya%2C%20C.%20Buensuceso%2C%2006420%20Castuera%2C%20Badajoz%2C%20Espa%C3%B1a&query_place_id=ChIJwexnPzeQFA0RW6ZT-_46mMc,38.7220103,-5.5449182,/productores/badajoz/quesos-atalaya.webp,pendiente,no comprobado
quesos-dona-ines-s-l,Quesos Doña Ines S L,Mérida,Lácteos y quesos,Quesos y lácteos,"8, Polig. Ind. ""El Prado, 06800 Mérida, Badajoz, España",Productor local de quesos o elaboraciones lácteas de la provincia.,,924 37 80 36,,,,,https://www.google.com/maps/search/?api=1&query=QUESOS%20DO%C3%91A%20INES%20S%20L%2C%208%2C%20Polig.%20Ind.%20%22El%20Prado%2C%2006800%20M%C3%A9rida%2C%20Badajoz%2C%20Espa%C3%B1a&query_place_id=ChIJAQAAABMnFA0R6ztkmXyq5QQ,38.9254111,-6.3837817,,pendiente,no comprobado
quesos-el-guilero,Quesos el Guilero,Castuera,Lácteos y quesos,Quesos y lácteos,"C. Velázquez, 13, 06420 Castuera, Badajoz, España",Productor local de quesos o elaboraciones lácteas de la provincia.,lunes: 9:00–19:00 | martes: 9:00–19:00 | miércoles: 9:00–19:00 | jueves: 9:00–19:00 | viernes: 9:00–19:00 | sábado: 9:00–14:00 | domingo: Cerrado,,,http://www.elguilero.es/,,https://instagram.com/quesoselguilero,https://www.google.com/maps/search/?api=1&query=Quesos%20el%20Guilero%2C%20C.%20Vel%C3%A1zquez%2C%2013%2C%2006420%20Castuera%2C%20Badajoz%2C%20Espa%C3%B1a&query_place_id=ChIJnWlOGDSQFA0Rl_FRrsp6S80,38.73264,-5.5419923,/productores/badajoz/quesos-el-guilero.webp,pendiente,no comprobado
quesos-pinto,Quesos Pinto,Villafranca de los Barros,Lácteos y quesos,Quesos y lácteos,"Av. del Progreso, 21, 06220 Villafranca de los Barros, Badajoz, España",Productor local de quesos o elaboraciones lácteas de la provincia.,"lunes: 8:00–13:30, 16:00–18:00 | martes: 8:00–13:30, 16:00–18:00 | miércoles: 8:00–13:30, 16:00–18:00 | jueves: 8:00–13:30, 16:00–18:00 | viernes: 8:00–13:30, 16:00–18:00 | sábado: 9:00–11:00 | domingo: Cerrado",924 53 50 01,,http://www.quesospinto.com/,https://www.facebook.com/quesospinto/,https://www.instagram.com/quesospinto/,https://www.google.com/maps/search/?api=1&query=Quesos%20Pinto%2C%20Av.%20del%20Progreso%2C%2021%2C%2006220%20Villafranca%20de%20los%20Barros%2C%20Badajoz%2C%20Espa%C3%B1a&query_place_id=ChIJC-BNJnwBFA0RHKmFAmHDiwM,38.5630351,-6.360462,/productores/badajoz/quesos-pinto.webp,pendiente,no comprobado
quesos-y-tortas-de-la-serena,Quesos Y Tortas De La Serena,Castuera,Lácteos y quesos,Quesos y lácteos,"EX-104, 06420 Castuera, Badajoz, España",Productor local de quesos o elaboraciones lácteas de la provincia.,,635 25 46 59,,,,,https://www.google.com/maps/search/?api=1&query=Quesos%20Y%20Tortas%20De%20La%20Serena%2C%20EX-104%2C%2006420%20Castuera%2C%20Badajoz%2C%20Espa%C3%B1a&query_place_id=ChIJMQ6nqeCRFA0RAyRw-6-AUkI,38.751646,-5.556842400000001,,pendiente,no comprobado
bavymiel,BavyMiel,Higuera de Llerena,Miel,Miel,"C. Extremadura, 29, 06445 Higuera de Llerena, Badajoz, España","Productor local de miel, apicultura o elaboraciones asociadas.",lunes: Abierto 24 horas | martes: Abierto 24 horas | miércoles: Abierto 24 horas | jueves: Abierto 24 horas | viernes: Abierto 24 horas | sábado: Abierto 24 horas | domingo: Abierto 24 horas,686 31 13 40,,,,,https://www.google.com/maps/search/?api=1&query=BavyMiel%2C%20C.%20Extremadura%2C%2029%2C%2006445%20Higuera%20de%20Llerena%2C%20Badajoz%2C%20Espa%C3%B1a&query_place_id=ChIJ8T3pYE6NEw0Ra4cqYALLtaU,38.3757392,-6.0015337,,pendiente,no comprobado
euromiel-s-coop-de-2-grado,Euromiel S. Coop. de 2º Grado,Mérida,Miel,Miel,"C. Medea, 12, 06800 Mérida, Badajoz, España","Productor local de miel, apicultura o elaboraciones asociadas.",,924 31 84 32,,http://www.euromiel.net/,,,https://www.google.com/maps/search/?api=1&query=Euromiel%20S.%20Coop.%20de%202%C2%BA%20Grado%2C%20C.%20Medea%2C%2012%2C%2006800%20M%C3%A9rida%2C%20Badajoz%2C%20Espa%C3%B1a&query_place_id=ChIJQ-j3z-4mFA0RJW6HVBOrye8,38.9253438,-6.3506074,,pendiente,no comprobado
floralia-miel-espana,Floralia Miel España,Fuenlabrada de los Montes,Miel,Miel,"Av. Camino Vecinal, 19, 06660 Fuenlabrada de los Montes, Badajoz, España","Productor local de miel, apicultura o elaboraciones asociadas.",,686 07 12 33,,http://apiturismolasiberia.com/,,,https://www.google.com/maps/search/?api=1&query=Floralia%20Miel%20Espa%C3%B1a%2C%20Av.%20Camino%20Vecinal%2C%2019%2C%2006660%20Fuenlabrada%20de%20los%20Montes%2C%20Badajoz%2C%20Espa%C3%B1a&query_place_id=ChIJp3iBidQuaw0RbOWaYq1CUm4,39.1292939,-4.9391482,/productores/badajoz/floralia-miel-espana.webp,pendiente,no comprobado
miel-de-juan-alvarez,Miel de Juan Álvarez,Montijo,Miel,Miel,"C. los Hornos, 9, 06480 Montijo, Badajoz, España","Productor local de miel, apicultura o elaboraciones asociadas.",lunes: 10:00–13:00 | martes: 10:00–13:00 | miércoles: 10:00–13:00 | jueves: 10:00–13:00 | viernes: 10:00–13:00 | sábado: Cerrado | domingo: Cerrado,675 32 82 26,,http://www.mieldejuanalvarez.es/,,,https://www.google.com/maps/search/?api=1&query=Miel%20de%20Juan%20%C3%81lvarez%2C%20C.%20los%20Hornos%2C%209%2C%2006480%20Montijo%2C%20Badajoz%2C%20Espa%C3%B1a&query_place_id=ChIJI9ODI8KQFg0RvsNVOKyrH6w,38.904311,-6.606381,,pendiente,no comprobado
miel-de-valverde-de-leganes,Miel de Valverde de Leganes,Valverde de Leganés,Miel,Miel,"de, C. Antonio Machado, 16, 06130 Valverde de Leganés, Badajoz, España","Productor local de miel, apicultura o elaboraciones asociadas.",lunes: 9:00–22:00 | martes: 9:00–22:00 | miércoles: 9:00–22:00 | jueves: 9:00–22:00 | viernes: 9:00–22:00 | sábado: 9:00–23:00 | domingo: 9:00–23:00,691 98 84 57,,,,,https://www.google.com/maps/search/?api=1&query=Miel%20de%20Valverde%20de%20Leganes%2C%20de%2C%20C.%20Antonio%20Machado%2C%2016%2C%2006130%20Valverde%20de%20Legan%C3%A9s%2C%20Badajoz%2C%20Espa%C3%B1a&query_place_id=ChIJi5fmZ7jbFg0RbCH-AjCD0bE,38.6664699,-6.98407,,pendiente,no comprobado
miel-la-siberia,Miel La Siberia,Herrera del Duque,Miel,Miel,"C. Encina, 12, 06670 Herrera del Duque, Badajoz, España","Productor local de miel, apicultura o elaboraciones asociadas.",lunes: 9:00–21:00 | martes: 9:00–21:00 | miércoles: 9:00–21:00 | jueves: 9:00–21:00 | viernes: 9:00–21:00 | sábado: 9:00–21:00 | domingo: 9:00–21:00,686 10 53 90,,http://www.miellasiberia.com/,,,https://www.google.com/maps/search/?api=1&query=MIEL%20LA%20SIBERIA%2C%20C.%20Encina%2C%2012%2C%2006670%20Herrera%20del%20Duque%2C%20Badajoz%2C%20Espa%C3%B1a&query_place_id=ChIJT7xkPn4raw0R1jtZ95s00p0,39.1707413,-5.0484116,/productores/badajoz/miel-la-siberia.webp,pendiente,no comprobado
miel-solar-by-tesela-natura,Miel Solar By Tesela Natura,Badajoz,Miel,Miel,"Polígono Industrial el Nevero, C. Jerónimo de Valencia, 18, 06006 Badajoz, España","Productor local de miel, apicultura o elaboraciones asociadas.",lunes: Abierto 24 horas | martes: Abierto 24 horas | miércoles: Abierto 24 horas | jueves: Abierto 24 horas | viernes: Abierto 24 horas | sábado: Abierto 24 horas | domingo: Abierto 24 horas,924 24 14 80,,https://teselahoney.com/mielsolar/,,,https://www.google.com/maps/search/?api=1&query=Miel%20Solar%20By%20Tesela%20Natura%2C%20Pol%C3%ADgono%20Industrial%20el%20Nevero%2C%20C.%20Jer%C3%B3nimo%20de%20Valencia%2C%2018%2C%2006006%20Badajoz%2C%20Espa%C3%B1a&query_place_id=ChIJ-1EvNgPlFg0R01fCQnrosaw,38.8950068,-6.994903799999999,,pendiente,no comprobado
miel-y-mostaza,Miel y Mostaza,Montijo,Miel,Miel,"Pl. Jesús, 5B, 06480 Montijo, Badajoz, España","Productor local de miel, apicultura o elaboraciones asociadas.","lunes: 10:00–13:30, 17:30–20:30 | martes: 10:00–13:30, 17:30–20:30 | miércoles: 10:00–13:30, 17:30–20:30 | jueves: 10:00–13:30, 17:30–20:30 | viernes: 10:00–13:30, 17:30–20:30 | sábado: 10:30–13:30 | domingo: Cerrado",644 91 11 19,,,,,https://www.google.com/maps/search/?api=1&query=Miel%20y%20Mostaza%2C%20Pl.%20Jes%C3%BAs%2C%205B%2C%2006480%20Montijo%2C%20Badajoz%2C%20Espa%C3%B1a&query_place_id=ChIJJSMoFCWRFg0RI8CS13AMU_8,38.9079672,-6.618031999999999,,pendiente,no comprobado
abocao-pasteleria,abocao pastelería,Montijo,Pan y pastelería,Pan y dulces,"C. López de Ayala, 39, 06480 Montijo, Badajoz, España","Obrador local de panadería, dulces o repostería artesanal.","lunes: Cerrado | martes: Cerrado | miércoles: 11:00–14:00, 17:00–20:00 | jueves: 11:00–14:00, 17:00–20:00 | viernes: 11:00–14:00, 17:00–20:00 | sábado: 11:00–14:00, 17:00–20:00 | domingo: 11:00–14:00, 17:00–20:00",655 51 56 46,,https://abocaopasteleria.com/,,https://www.instagram.com/abocaopasteleria/,https://www.google.com/maps/search/?api=1&query=abocao%20pasteler%C3%ADa%2C%20C.%20L%C3%B3pez%20de%20Ayala%2C%2039%2C%2006480%20Montijo%2C%20Badajoz%2C%20Espa%C3%B1a&query_place_id=ChIJS9y-XZkb3ogRLLIIipWyO3o,38.9103384,-6.613277999999999,/productores/badajoz/abocao-pasteleria.webp,pendiente,no comprobado
dulceria-san-jose,Dulceria San José,Mérida,Pan y pastelería,Pan y dulces,"C. Adriano, 38, 06800 Mérida, Badajoz, España","Obrador local de panadería, dulces o repostería artesanal.","lunes: 10:00–14:00, 16:30–20:30 | martes: 10:00–14:00, 16:30–20:30 | miércoles: 10:00–14:00, 16:30–20:30 | jueves: 10:00–14:00, 16:30–20:30 | viernes: 10:00–14:00, 16:30–20:30 | sábado: 10:00–14:00, 16:30–20:30 | domingo: 10:00–14:00, 16:30–20:30",924 31 22 11,,,,,https://www.google.com/maps/search/?api=1&query=Dulceria%20San%20Jos%C3%A9%2C%20C.%20Adriano%2C%2038%2C%2006800%20M%C3%A9rida%2C%20Badajoz%2C%20Espa%C3%B1a&query_place_id=ChIJ8Ret-ekmFA0R15wGdfKF5N4,38.920011,-6.3493659,,pendiente,no comprobado
dulces-artesanos-capricho-extremeno-cb,Dulces Artesanos Capricho Extremeño cb,Marmolejo,Pan y pastelería,Pan y dulces,"Polígono Industrial, C. Industrial, 1, Nave 1, 06930 Marmolejo, Badajoz, España","Obrador local de panadería, dulces o repostería artesanal.",lunes: 7:00–14:00 | martes: 7:00–14:00 | miércoles: 7:00–14:00 | jueves: 7:00–14:00 | viernes: 7:00–14:00 | sábado: Cerrado | domingo: Cerrado,924 89 41 59,,http://www.dulceselcapricho.com/,https://www.facebook.com/tr,https://www.instagram.com/dulceselcapricho/,https://www.google.com/maps/search/?api=1&query=Dulces%20Artesanos%20Capricho%20Extreme%C3%B1o%20cb%2C%20Pol%C3%ADgono%20Industrial%2C%20C.%20Industrial%2C%201%2C%20Nave%201%2C%2006930%20Marmolejo%2C%20Badajoz%2C%20Espa%C3%B1a&query_place_id=ChIJSwBI6PKbEw0RDlPxPm8SEmc,38.2763655,-5.8252739,/productores/badajoz/dulces-artesanos-capricho-extremeno-cb.webp,pendiente,no comprobado
dulces-artesanos-castillo,Dulces Artesanos Castillo,Azuaga,Pan y pastelería,Pan y dulces,"C. Capitol, 15, 06920 Azuaga, Badajoz, España","Obrador local de panadería, dulces o repostería artesanal.",,924 89 08 02,,https://www.dulcescastillo.com/,https://www.facebook.com/policies/,,https://www.google.com/maps/search/?api=1&query=Dulces%20Artesanos%20Castillo%2C%20C.%20Capitol%2C%2015%2C%2006920%20Azuaga%2C%20Badajoz%2C%20Espa%C3%B1a&query_place_id=ChIJrW7mtih0Ew0Rf7n2T7nD4lY,38.2600547,-5.6768598,/productores/badajoz/dulces-artesanos-castillo.webp,pendiente,no comprobado
dulces-el-cristo-de-zalamea-s-l,Dulces El Cristo De Zalamea S.L,Zalamea de la Serena,Pan y pastelería,Pan y dulces,"C. Pío XII, 21, 06430 Zalamea de la Serena, Badajoz, España","Obrador local de panadería, dulces o repostería artesanal.","lunes: 9:00–14:00, 17:30–20:00 | martes: 9:00–14:00, 17:30–20:00 | miércoles: 9:00–14:00, 17:30–20:00 | jueves: 9:00–14:00, 17:30–20:00 | viernes: 9:00–14:00, 17:30–20:00 | sábado: 9:00–14:00 | domingo: Cerrado",924 78 02 35,dulceselcristo@gmail.com,,https://www.facebook.com/Dulces-el-Cristo-1561695197403030/,https://www.instagram.com/dulceselcristo/?hl=es,https://www.google.com/maps/search/?api=1&query=DULCES%20EL%20CRISTO%20DE%20ZALAMEA%20S.L%2C%20C.%20P%C3%ADo%20XII%2C%2021%2C%2006430%20Zalamea%20de%20la%20Serena%2C%20Badajoz%2C%20Espa%C3%B1a&query_place_id=ChIJy2LPa2WGFA0RULIRCm6fluo,38.6516476,-5.657698799999999,,pendiente,no comprobado
el-obrador-de-gamero-gil-espacio-de-creacion-artistica,El Obrador de Gamero Gil. Espacio de Creación Artística,Badajoz,Pan y pastelería,Pan y dulces,"C. Santo Domingo, 69, 06001 Badajoz, España","Obrador local de panadería, dulces o repostería artesanal.",,630 73 48 89,,http://gamerogil.com/,https://www.facebook.com/GameroGil/,https://www.instagram.com/gamerogil/,https://www.google.com/maps/search/?api=1&query=El%20Obrador%20de%20Gamero%20Gil.%20Espacio%20de%20Creaci%C3%B3n%20Art%C3%ADstica%2C%20C.%20Santo%20Domingo%2C%2069%2C%2006001%20Badajoz%2C%20Espa%C3%B1a&query_place_id=ChIJ2YbvhWLlFg0R6rHIwExNu0U,38.8775575,-6.975000700000001,/productores/badajoz/el-obrador-de-gamero-gil-espacio-de-creacion-artistica.webp,pendiente,no comprobado
horno-los-remedios,Horno Los Remedios,Mérida,Pan y pastelería,Pan y dulces,"Puerta de la Villa, 06800 Mérida, Badajoz, España","Obrador local de panadería, dulces o repostería artesanal.","lunes: 9:00–15:30, 18:00–21:00 | martes: 9:00–15:30, 18:00–21:00 | miércoles: 9:00–15:30, 18:00–21:00 | jueves: 9:00–15:30, 18:00–21:00 | viernes: 9:00–15:30, 18:00–21:00 | sábado: 9:30–15:30 | domingo: 9:30–15:30",695 90 43 97,,,,,https://www.google.com/maps/search/?api=1&query=Horno%20Los%20Remedios%2C%20Puerta%20de%20la%20Villa%2C%2006800%20M%C3%A9rida%2C%20Badajoz%2C%20Espa%C3%B1a&query_place_id=ChIJEY3A6rcnFA0RtGZFDdJS21k,38.9181525,-6.3429579,,pendiente,no comprobado
horno-monesterio,Horno Monesterio,Monesterio,Pan y pastelería,Pan y dulces,"Paseo de Extremadura, 75, 06260 Monesterio, Badajoz, España","Obrador local de panadería, dulces o repostería artesanal.",lunes: 9:00–14:30 | martes: 9:00–14:30 | miércoles: 9:00–14:30 | jueves: 9:00–14:30 | viernes: 9:00–14:30 | sábado: 9:00–14:30 | domingo: Cerrado,924 51 71 02,,,,,https://www.google.com/maps/search/?api=1&query=Horno%20Monesterio%2C%20Paseo%20de%20Extremadura%2C%2075%2C%2006260%20Monesterio%2C%20Badajoz%2C%20Espa%C3%B1a&query_place_id=ChIJi8wv2fPcEw0R3ouw8x_tEMo,38.0904999,-6.2731652,,pendiente,no comprobado
horno-virgen-de-guadalupe-s-l,Horno Virgen De Guadalupe S.l.,Badajoz,Pan y pastelería,Pan y dulces,"C. Virgen de Guadalupe, 22, 06003 Badajoz, España","Obrador local de panadería, dulces o repostería artesanal.","lunes: 7:30–15:00, 17:00–20:00 | martes: 7:30–15:00, 17:00–20:00 | miércoles: 7:30–15:00, 17:00–20:00 | jueves: 7:30–15:00, 17:00–20:00 | viernes: 7:30–15:00, 17:00–20:00 | sábado: 7:30–14:30 | domingo: 7:30–14:30",924 22 28 67,,,,,https://www.google.com/maps/search/?api=1&query=Horno%20Virgen%20De%20Guadalupe%20S.l.%2C%20C.%20Virgen%20de%20Guadalupe%2C%2022%2C%2006003%20Badajoz%2C%20Espa%C3%B1a&query_place_id=ChIJVVUFgi7kFg0RJUwcJDoF8SQ,38.87075859999999,-6.9692753,,pendiente,no comprobado
la-bruja-dulce,La bruja dulce,Castuera,Pan y pastelería,Pan y dulces,"C. Joaquín Tena Artigas, 6, F, 06420 Castuera, Badajoz, España","Obrador local de panadería, dulces o repostería artesanal.","lunes: 9:00–14:00, 17:00–21:00 | martes: 9:00–14:00, 17:00–21:00 | miércoles: 9:00–14:00, 17:00–21:00 | jueves: 9:00–14:00, 17:00–21:00 | viernes: 9:00–14:00, 17:00–21:00 | sábado: 9:00–14:00, 18:00–21:00 | domingo: 9:00–13:30",627 92 51 09,,,,,https://www.google.com/maps/search/?api=1&query=La%20bruja%20dulce%2C%20C.%20Joaqu%C3%ADn%20Tena%20Artigas%2C%206%2C%20F%2C%2006420%20Castuera%2C%20Badajoz%2C%20Espa%C3%B1a&query_place_id=ChIJ-70hUgCRFA0RhJUJXrN-7cA,38.7227538,-5.5471395,,pendiente,no comprobado
la-cercana-pasteleria-artesanal,La Cercana pastelería artesanal,Zafra,Pan y pastelería,Pan y dulces,"Rda. del Pilar, 16, a, 06300 Zafra, Badajoz, España","Obrador local de panadería, dulces o repostería artesanal.","lunes: 10:30–14:00, 17:00–20:00 | martes: 10:30–14:00, 17:00–20:00 | miércoles: 10:30–14:00, 17:00–20:00 | jueves: 10:30–14:00, 17:00–20:00 | viernes: 10:30–14:00, 17:00–20:00 | sábado: 10:30–14:00, 17:00–20:00 | domingo: 10:30–14:00, 17:00–20:00",648 52 90 21,,,,,https://www.google.com/maps/search/?api=1&query=La%20Cercana%20pasteler%C3%ADa%20artesanal%2C%20Rda.%20del%20Pilar%2C%2016%2C%20a%2C%2006300%20Zafra%2C%20Badajoz%2C%20Espa%C3%B1a&query_place_id=ChIJJYpFZI9VEQ0RYPaaI6UHcNM,38.4247239,-6.4149113,,pendiente,no comprobado
la-tahona-de-meripan-obrador-artesano,"La Tahona de Meripan, obrador artesano",Guareña,Pan y pastelería,Pan y dulces,"Ctra. Manchita, 5, 06470 Guareña, Badajoz, España","Obrador local de panadería, dulces o repostería artesanal.",lunes: 7:00–15:30 | martes: 7:00–15:30 | miércoles: 7:00–15:30 | jueves: 7:00–15:30 | viernes: 7:00–15:30 | sábado: 7:00–15:30 | domingo: 7:00–15:30,,,,,,https://www.google.com/maps/search/?api=1&query=La%20Tahona%20de%20Meripan%2C%20obrador%20artesano%2C%20Ctra.%20Manchita%2C%205%2C%2006470%20Guare%C3%B1a%2C%20Badajoz%2C%20Espa%C3%B1a&query_place_id=ChIJL11juio_FA0R24LJaeEGP4Y,38.8567331,-6.0879714,,pendiente,no comprobado
medina-rincon-dulceria-artesana,Medina Rincón Dulceria Artesana,Don Benito,Pan y pastelería,Pan y dulces,"C. Sta. Teresa Jesús, 14, 06400 Don Benito, Badajoz, España","Obrador local de panadería, dulces o repostería artesanal.",lunes: 9:00–14:30 | martes: 9:00–14:30 | miércoles: 9:00–14:30 | jueves: 9:00–14:30 | viernes: 9:00–14:30 | sábado: 9:00–14:30 | domingo: Cerrado,,,,,,https://www.google.com/maps/search/?api=1&query=Medina%20Rinc%C3%B3n%20Dulceria%20Artesana%2C%20C.%20Sta.%20Teresa%20Jes%C3%BAs%2C%2014%2C%2006400%20Don%20Benito%2C%20Badajoz%2C%20Espa%C3%B1a&query_place_id=ChIJbzaZMwZbFA0R3FiTNFCESHA,38.95641800000001,-5.8593118,,pendiente,no comprobado
obrador-artesano,Obrador ArteSano,Medellín,Pan y pastelería,Pan y dulces,"Av. Guadiana, s/n, 06411 Medellín, Badajoz, España","Obrador local de panadería, dulces o repostería artesanal.",lunes: 8:00–14:30 | martes: 8:00–14:30 | miércoles: 8:00–14:30 | jueves: 8:00–14:30 | viernes: 8:00–14:30 | sábado: 8:00–14:30 | domingo: 8:00–14:30,,,,,,https://www.google.com/maps/search/?api=1&query=Obrador%20ArteSano%2C%20Av.%20Guadiana%2C%20s%2Fn%2C%2006411%20Medell%C3%ADn%2C%20Badajoz%2C%20Espa%C3%B1a&query_place_id=ChIJj2VeH0JFFA0RgEiPfEnHNlU,38.9637634,-5.9615389,,pendiente,no comprobado
obrador-artesano-quintana,Obrador Artesano Quintana,Villanueva de la Serena,Pan y pastelería,Pan y dulces,"C. San Francisco, 06700 Villanueva de la Serena, Badajoz, España","Obrador local de panadería, dulces o repostería artesanal.","lunes: 8:00–15:00, 17:00–21:00 | martes: 8:00–15:00, 17:00–21:00 | miércoles: 8:00–15:00, 17:00–21:00 | jueves: 8:00–15:00, 17:00–21:00 | viernes: 8:00–15:00, 17:00–21:00 | sábado: 8:00–15:00 | domingo: Cerrado",689 78 94 43,,,,,https://www.google.com/maps/search/?api=1&query=Obrador%20Artesano%20Quintana%2C%20C.%20San%20Francisco%2C%2006700%20Villanueva%20de%20la%20Serena%2C%20Badajoz%2C%20Espa%C3%B1a&query_place_id=ChIJ5W7e1rhZFA0R0d7IGZ699KM,38.9731947,-5.7941243,,pendiente,no comprobado
obrador-de-dulces-artesanos-leo,Obrador De Dulces Artesanos Leo,Almendralejo,Pan y pastelería,Pan y dulces,"C. López de Ayala, 24, 06200 Almendralejo, Badajoz, España","Obrador local de panadería, dulces o repostería artesanal.","lunes: 9:00–14:30, 17:30–20:30 | martes: 9:00–14:30, 17:30–20:30 | miércoles: 9:00–14:30, 17:30–20:30 | jueves: 9:00–14:30, 17:30–20:30 | viernes: 9:00–14:30, 17:30–20:30 | sábado: 9:00–14:30 | domingo: Cerrado",603 48 22 53,,,,,https://www.google.com/maps/search/?api=1&query=Obrador%20De%20Dulces%20Artesanos%20Leo%2C%20C.%20L%C3%B3pez%20de%20Ayala%2C%2024%2C%2006200%20Almendralejo%2C%20Badajoz%2C%20Espa%C3%B1a&query_place_id=ChIJqU-heYSnFg0RJbPcxfG7xhI,38.681034,-6.414303899999999,,pendiente,no comprobado
obrador-la-abuela-juli,Obrador La Abuela Juli,Guareña,Pan y pastelería,Pan y dulces,"C. Rafael Alberti, 13, 06470 Guareña, Badajoz, España","Obrador local de panadería, dulces o repostería artesanal.",lunes: 9:30–20:00 | martes: 9:30–20:00 | miércoles: 9:30–20:00 | jueves: 9:30–20:00 | viernes: 9:30–20:00 | sábado: 9:30–14:00 | domingo: Cerrado,695 42 20 94,,https://www.obradorlaabuelajuli.com/,,,https://www.google.com/maps/search/?api=1&query=Obrador%20La%20Abuela%20Juli%2C%20C.%20Rafael%20Alberti%2C%2013%2C%2006470%20Guare%C3%B1a%2C%20Badajoz%2C%20Espa%C3%B1a&query_place_id=ChIJDwyfnX4_FA0RdpaBrftvlGE,38.8583259,-6.0950899,/productores/badajoz/obrador-la-abuela-juli.webp,pendiente,no comprobado
obrador-oliva-sin-gluten,Obrador Oliva | SIN GLUTEN,Montijo,Pan y pastelería,Pan y dulces,"Av. de la Paz, 105, 06480 Montijo, Badajoz, España","Obrador local de panadería, dulces o repostería artesanal.",lunes: 9:30–14:00 | martes: 9:30–14:00 | miércoles: 9:30–14:00 | jueves: 9:30–14:00 | viernes: 9:30–14:00 | sábado: 9:30–14:00 | domingo: Cerrado,665 56 72 86,,,,,https://www.google.com/maps/search/?api=1&query=Obrador%20Oliva%20%7C%20SIN%20GLUTEN%2C%20Av.%20de%20la%20Paz%2C%20105%2C%2006480%20Montijo%2C%20Badajoz%2C%20Espa%C3%B1a&query_place_id=ChIJj6BFWuGQFg0RlXbRF1xSg4I,38.9095126,-6.6251836,,pendiente,no comprobado
panaderia-artesana-garrido-e-hijas,Panadería Artesana Garrido e hijas,Olivenza,Pan y pastelería,Pan y dulces,"Av. Ramón y Cajal, 32, 06100 Olivenza, Badajoz, España","Obrador local de panadería, dulces o repostería artesanal.",lunes: 6:00–14:30 | martes: 6:00–14:30 | miércoles: 6:00–14:30 | jueves: 6:00–14:30 | viernes: 6:00–14:30 | sábado: 6:00–14:30 | domingo: 6:00–14:30,924 49 00 18,,,,,https://www.google.com/maps/search/?api=1&query=Panader%C3%ADa%20Artesana%20Garrido%20e%20hijas%2C%20Av.%20Ram%C3%B3n%20y%20Cajal%2C%2032%2C%2006100%20Olivenza%2C%20Badajoz%2C%20Espa%C3%B1a&query_place_id=ChIJg_NMBlQnFw0R33rw-1_M6uY,38.6838683,-7.0984333,,pendiente,no comprobado
panaderia-asensio,Panadería Asensio,Villafranca de los Barros,Pan y pastelería,Pan y dulces,"C. Vizcaíno, 19, 06220 Villafranca de los Barros, Badajoz, España","Obrador local de panadería, dulces o repostería artesanal.",lunes: 6:00–14:00 | martes: 6:00–14:00 | miércoles: 6:00–14:00 | jueves: 6:00–14:00 | viernes: 6:00–14:00 | sábado: 6:00–14:00 | domingo: Cerrado,924 52 42 85,,,,,https://www.google.com/maps/search/?api=1&query=Panader%C3%ADa%20Asensio%2C%20C.%20Vizca%C3%ADno%2C%2019%2C%2006220%20Villafranca%20de%20los%20Barros%2C%20Badajoz%2C%20Espa%C3%B1a&query_place_id=ChIJ2fdLb1cBFA0RRNoHXfuWqv0,38.56181,-6.33289,,pendiente,no comprobado
panaderia-bolleria-j-j,Panadería Bollería J J,Don Benito,Pan y pastelería,Pan y dulces,"C. Segunda Cruz, 15, 06400 Don Benito, Badajoz, España","Obrador local de panadería, dulces o repostería artesanal.",lunes: 8:00–14:30 | martes: 8:00–14:30 | miércoles: 8:00–14:30 | jueves: 8:00–14:30 | viernes: 8:00–15:00 | sábado: 8:00–14:00 | domingo: Cerrado,924 80 20 25,,https://www.panaderiabolleriajj.com/,https://www.facebook.com/panaderiabolleriajj/,,https://www.google.com/maps/search/?api=1&query=Panader%C3%ADa%20Boller%C3%ADa%20J%20J%2C%20C.%20Segunda%20Cruz%2C%2015%2C%2006400%20Don%20Benito%2C%20Badajoz%2C%20Espa%C3%B1a&query_place_id=ChIJJZksWglbFA0Rw1QuAscpiVY,38.9508259,-5.861420799999999,/productores/badajoz/panaderia-bolleria-j-j.webp,pendiente,no comprobado
panaderia-collado-cebrino,Panadería Collado Cebrino,Puebla de Obando,Pan y pastelería,Pan y dulces,"C. Felipe González Iglesias, 32, 06191 Puebla de Obando, Badajoz, España","Obrador local de panadería, dulces o repostería artesanal.",lunes: 8:00–14:00 | martes: 8:00–14:00 | miércoles: 8:00–14:00 | jueves: 8:00–14:00 | viernes: 8:00–14:00 | sábado: 8:00–14:00 | domingo: Cerrado,924 40 70 25,,,,,https://www.google.com/maps/search/?api=1&query=Panader%C3%ADa%20Collado%20Cebrino%2C%20C.%20Felipe%20Gonz%C3%A1lez%20Iglesias%2C%2032%2C%2006191%20Puebla%20de%20Obando%2C%20Badajoz%2C%20Espa%C3%B1a&query_place_id=ChIJzwI8dKtjFg0R5EorYTEfccs,39.176207,-6.6248795,,pendiente,no comprobado
panaderia-concepcion,Panadería Concepción,Puebla de la Calzada,Pan y pastelería,Pan y dulces,"Av. del Carmen Amigo, 94, 06490 Puebla de la Calzada, Badajoz, España","Obrador local de panadería, dulces o repostería artesanal.",lunes: 9:00–14:00 | martes: 9:00–14:00 | miércoles: 9:00–14:00 | jueves: 9:00–14:00 | viernes: 9:00–14:00 | sábado: 9:00–14:00 | domingo: 9:00–14:00,924 45 51 75,,,,,https://www.google.com/maps/search/?api=1&query=Panader%C3%ADa%20Concepci%C3%B3n%2C%20Av.%20del%20Carmen%20Amigo%2C%2094%2C%2006490%20Puebla%20de%20la%20Calzada%2C%20Badajoz%2C%20Espa%C3%B1a&query_place_id=ChIJYU7Nzi-RFg0RQpU10za1HIw,38.8913905,-6.6305612,,pendiente,no comprobado
panaderia-confiteria-barrientos-hilinger-s-l,"Panadería-Confitería Barrientos Hilinger, S.L.",Castuera,Pan y pastelería,Pan y dulces,"Av. del Gral. Luxán, 69, 06420 Castuera, Badajoz, España","Obrador local de panadería, dulces o repostería artesanal.","lunes: 9:00–15:00, 17:30–20:00 | martes: 9:00–15:00, 17:30–20:00 | miércoles: 9:00–15:00, 17:30–20:00 | jueves: 9:00–15:00, 17:30–20:00 | viernes: 9:00–15:00, 17:30–20:00 | sábado: 9:00–15:00 | domingo: 9:00–14:30",924 76 16 74,,,,,https://www.google.com/maps/search/?api=1&query=Panader%C3%ADa-Confiter%C3%ADa%20Barrientos%20Hilinger%2C%20S.L.%2C%20Av.%20del%20Gral.%20Lux%C3%A1n%2C%2069%2C%2006420%20Castuera%2C%20Badajoz%2C%20Espa%C3%B1a&query_place_id=ChIJh1tb5DSQFA0RpseTc43Jc4M,38.7304609,-5.5434541,,pendiente,no comprobado
panaderia-dulceria-el-miajon,Panadería - Dulcería EL MIAJÓN,Castuera,Pan y pastelería,Pan y dulces,"C. Joaquín Tena Artigas, 2D, 06420 Castuera, Badajoz, España","Obrador local de panadería, dulces o repostería artesanal.","lunes: 9:00–14:00, 17:00–20:00 | martes: 9:00–14:00, 17:00–20:00 | miércoles: 9:00–14:00, 17:00–20:00 | jueves: 9:00–14:00, 17:00–20:00 | viernes: 9:00–14:00, 17:00–20:00 | sábado: 9:00–14:00 | domingo: Cerrado",694 21 59 17,,,,,https://www.google.com/maps/search/?api=1&query=Panader%C3%ADa%20-%20Dulcer%C3%ADa%20EL%20MIAJ%C3%93N%2C%20C.%20Joaqu%C3%ADn%20Tena%20Artigas%2C%202D%2C%2006420%20Castuera%2C%20Badajoz%2C%20Espa%C3%B1a&query_place_id=ChIJORRB_YGRFA0R4qqh7dwyj5A,38.7221386,-5.546552800000001,,pendiente,no comprobado
panaderia-dulceria-la-espiga,Panadería/Dulceria La Espiga,Olivenza,Pan y pastelería,Pan y dulces,"Pl. de la Constitución, N° 16, 06100 Olivenza, Badajoz, España","Obrador local de panadería, dulces o repostería artesanal.",lunes: 8:30–14:15 | martes: 8:30–14:15 | miércoles: 8:30–14:15 | jueves: 8:30–14:15 | viernes: 8:30–14:15 | sábado: 9:00–13:45 | domingo: 9:00–13:45,,,,,,https://www.google.com/maps/search/?api=1&query=Panader%C3%ADa%2FDulceria%20La%20Espiga%2C%20Pl.%20de%20la%20Constituci%C3%B3n%2C%20N%C2%B0%2016%2C%2006100%20Olivenza%2C%20Badajoz%2C%20Espa%C3%B1a&query_place_id=ChIJcR3Tp1MnFw0RlaFU4pXYiW0,38.68602509999999,-7.100245699999999,,pendiente,no comprobado
panaderia-el-valle-horno-los-remedios,Panadería El Valle - Horno Los Remedios,Lobón,Pan y pastelería,Pan y dulces,"C. Corredera, 55, 06498 Lobón, Badajoz, España","Obrador local de panadería, dulces o repostería artesanal.",,,,,,,https://www.google.com/maps/search/?api=1&query=Panader%C3%ADa%20El%20Valle%20-%20Horno%20Los%20Remedios%2C%20C.%20Corredera%2C%2055%2C%2006498%20Lob%C3%B3n%2C%20Badajoz%2C%20Espa%C3%B1a&query_place_id=ChIJK4G97eKXFg0R0agxObhDUhw,38.8477406,-6.624664,,pendiente,no comprobado
panaderia-francisco-javier-medina-gallego,Panadería Francisco Javier Medina Gallego,Don Benito,Pan y pastelería,Pan y dulces,"Palomar, 196, 06400 Don Benito, Badajoz, España","Obrador local de panadería, dulces o repostería artesanal.","lunes: 7:00–15:00, 17:30–20:30 | martes: 7:00–15:00, 17:30–20:30 | miércoles: 7:00–15:00, 17:30–20:30 | jueves: 7:00–15:00, 17:30–20:30 | viernes: 7:00–15:00, 17:30–20:30 | sábado: 7:00–15:00 | domingo: 7:00–14:30",924 81 06 84,,http://www.pasteleriafjm.com/,,,https://www.google.com/maps/search/?api=1&query=Panader%C3%ADa%20Francisco%20Javier%20Medina%20Gallego%2C%20Palomar%2C%20196%2C%2006400%20Don%20Benito%2C%20Badajoz%2C%20Espa%C3%B1a&query_place_id=ChIJKbv0AKdbFA0RXZcP_clw0wA,38.9529193,-5.8539507,/productores/badajoz/panaderia-francisco-javier-medina-gallego.webp,pendiente,no comprobado
panaderia-juan-diaz-moreno,Panadería Juan Díaz Moreno,Castuera,Pan y pastelería,Pan y dulces,"C. Cruces, 2, 06420 Castuera, Badajoz, España","Obrador local de panadería, dulces o repostería artesanal.",,924 76 02 10,,,,,https://www.google.com/maps/search/?api=1&query=Panader%C3%ADa%20Juan%20D%C3%ADaz%20Moreno%2C%20C.%20Cruces%2C%202%2C%2006420%20Castuera%2C%20Badajoz%2C%20Espa%C3%B1a&query_place_id=ChIJg9DpYDeQFA0RCQpdIGMvUSc,38.7195252,-5.544976,,pendiente,no comprobado
panaderia-la-gloria,Panadería La Gloria,Don Benito,Pan y pastelería,Pan y dulces,"C. Arrabal, 7, 06400 Don Benito, Badajoz, España","Obrador local de panadería, dulces o repostería artesanal.",lunes: 7:30–14:30 | martes: 7:30–14:30 | miércoles: 7:30–14:30 | jueves: 7:30–14:30 | viernes: 7:30–14:30 | sábado: 7:30–14:30 | domingo: Cerrado,924 80 14 29,,,,,https://www.google.com/maps/search/?api=1&query=Panader%C3%ADa%20La%20Gloria%2C%20C.%20Arrabal%2C%207%2C%2006400%20Don%20Benito%2C%20Badajoz%2C%20Espa%C3%B1a&query_place_id=ChIJydGLGQ9bFA0RTHlpCMM6gN4,38.9532135,-5.8633943,,pendiente,no comprobado
panaderia-makana,Panadería Makana,Llerena,Pan y pastelería,Pan y dulces,"C. Santiago, 38, 06900 Llerena, Badajoz, España","Obrador local de panadería, dulces o repostería artesanal.",lunes: 8:30–15:00 | martes: 8:30–15:00 | miércoles: 8:30–15:00 | jueves: 8:30–15:00 | viernes: 8:30–15:00 | sábado: 8:30–15:00 | domingo: 8:30–15:00,677 24 63 51,,,,,https://www.google.com/maps/search/?api=1&query=Panader%C3%ADa%20Makana%2C%20C.%20Santiago%2C%2038%2C%2006900%20Llerena%2C%20Badajoz%2C%20Espa%C3%B1a&query_place_id=ChIJ0-wNVWWUEw0R55EuEkZvjik,38.2360861,-6.014762900000001,,pendiente,no comprobado
panaderia-obreo,Panadería Obreo,Puebla de la Calzada,Pan y pastelería,Pan y dulces,"Calle Derecha, 104, 06490 Puebla de la Calzada, Badajoz, España","Obrador local de panadería, dulces o repostería artesanal.",,924 45 50 31,,,,,https://www.google.com/maps/search/?api=1&query=Panader%C3%ADa%20Obreo%2C%20Calle%20Derecha%2C%20104%2C%2006490%20Puebla%20de%20la%20Calzada%2C%20Badajoz%2C%20Espa%C3%B1a&query_place_id=ChIJPxCUli-RFg0RaSV7nHVQWnU,38.8924694,-6.6301016,,pendiente,no comprobado
panaderia-obrero,Panadería Obrero,Azuaga,Pan y pastelería,Pan y dulces,"Tr.ª San Francisco, 06920 Azuaga, Badajoz, España","Obrador local de panadería, dulces o repostería artesanal.",,,,,,,https://www.google.com/maps/search/?api=1&query=Panader%C3%ADa%20Obrero%2C%20Tr.%C2%AA%20San%20Francisco%2C%2006920%20Azuaga%2C%20Badajoz%2C%20Espa%C3%B1a&query_place_id=ChIJkx1ZwXh1Ew0R8A5ypdaD8MY,38.2626677,-5.6753737,,pendiente,no comprobado
panaderia-ortiz,Panaderia Ortiz,Villafranca de los Barros,Pan y pastelería,Pan y dulces,"Av. Portugal, 2, 06220 Villafranca de los Barros, Badajoz, España","Obrador local de panadería, dulces o repostería artesanal.",lunes: 6:00–14:00 | martes: 6:00–14:00 | miércoles: 6:00–14:00 | jueves: 6:00–14:00 | viernes: 6:00–14:00 | sábado: 6:00–14:00 | domingo: Cerrado,924 52 49 18,,http://panaderiaortiz.es/,,,https://www.google.com/maps/search/?api=1&query=Panaderia%20Ortiz%2C%20Av.%20Portugal%2C%202%2C%2006220%20Villafranca%20de%20los%20Barros%2C%20Badajoz%2C%20Espa%C3%B1a&query_place_id=ChIJf1VOwTYBFA0RI4DNxciHGQM,38.5591213,-6.3353693,,pendiente,no comprobado
panaderia-pasteleria-aguilera,Panadería Pastelería Aguilera,Puebla de la Calzada,Pan y pastelería,Pan y dulces,"C. Cervantes, 15, 06490 Puebla de la Calzada, Badajoz, España","Obrador local de panadería, dulces o repostería artesanal.",lunes: 8:30–14:30 | martes: 8:30–14:30 | miércoles: 8:30–14:30 | jueves: 8:30–14:30 | viernes: 8:30–14:30 | sábado: 8:30–14:00 | domingo: 9:00–14:00,924 45 32 53,,,,,https://www.google.com/maps/search/?api=1&query=Panader%C3%ADa%20Pasteler%C3%ADa%20Aguilera%2C%20C.%20Cervantes%2C%2015%2C%2006490%20Puebla%20de%20la%20Calzada%2C%20Badajoz%2C%20Espa%C3%B1a&query_place_id=ChIJB89JaimRFg0RQeE5Zz5rpIE,38.8892789,-6.6299796,,pendiente,no comprobado
panaderia-pasteleria-avalos,Panadería Pastelería Ávalos,Llerena,Pan y pastelería,Pan y dulces,"C. Ávalos, 15, 06900 Llerena, Badajoz, España","Obrador local de panadería, dulces o repostería artesanal.",lunes: 7:00–15:00 | martes: 7:00–15:00 | miércoles: 7:00–15:00 | jueves: 7:00–15:00 | viernes: 7:00–15:00 | sábado: 7:00–15:00 | domingo: 9:00–15:00,600 36 10 95,,http://www.pasteleriaartesanalavalos.es/,,,https://www.google.com/maps/search/?api=1&query=Panader%C3%ADa%20Pasteler%C3%ADa%20%C3%81valos%2C%20C.%20%C3%81valos%2C%2015%2C%2006900%20Llerena%2C%20Badajoz%2C%20Espa%C3%B1a&query_place_id=ChIJuwlNI0mVEw0RzdiZqvRK61M,38.2388708,-6.0177239,/productores/badajoz/panaderia-pasteleria-avalos.webp,pendiente,no comprobado
panaderia-pasteleria-bolleria-artesana,Panadería Pastelería Bollería Artesana,Badajoz,Pan y pastelería,Pan y dulces,"C. Virgen de Guadalupe, 24, 06003 Badajoz, España","Obrador local de panadería, dulces o repostería artesanal.","lunes: 8:30–15:00, 17:00–20:00 | martes: 8:30–15:00, 17:00–20:00 | miércoles: 8:30–15:00, 17:00–20:00 | jueves: 8:30–15:00, 17:00–20:00 | viernes: 8:30–15:00, 17:00–20:00 | sábado: 8:30–14:00 | domingo: 8:30–14:00",924 22 28 67,,,,,https://www.google.com/maps/search/?api=1&query=Panader%C3%ADa%20Pasteler%C3%ADa%20Boller%C3%ADa%20Artesana%2C%20C.%20Virgen%20de%20Guadalupe%2C%2024%2C%2006003%20Badajoz%2C%20Espa%C3%B1a&query_place_id=ChIJJaC1KyzkFg0RTjtaqSE98Vk,38.8708824,-6.969041199999999,,pendiente,no comprobado
panaderia-vera,Panadería Vera,Berlanga,Pan y pastelería,Pan y dulces,"Calle Ulpiano Vázquez, 76, 06930 Berlanga, Badajoz, España","Obrador local de panadería, dulces o repostería artesanal.",lunes: 7:00–2:00 | martes: 7:00–2:00 | miércoles: 7:00–2:00 | jueves: 7:00–2:00 | viernes: 7:00–2:00 | sábado: 7:00–2:00 | domingo: Cerrado,657 80 36 30,,,,,https://www.google.com/maps/search/?api=1&query=Panader%C3%ADa%20Vera%2C%20Calle%20Ulpiano%20V%C3%A1zquez%2C%2076%2C%2006930%20Berlanga%2C%20Badajoz%2C%20Espa%C3%B1a&query_place_id=ChIJf6K-pZObEw0Rf-uIVtzvUYk,38.2803698,-5.8281499,,pendiente,no comprobado
panaderia-y-pasteleria-luis-macias-e-hijos-s-l,Panadería Y Pastelería Luis Macías E Hijos S L,Jerez de los Caballeros,Pan y pastelería,Pan y dulces,"C. Extremadura, 42, 06380 Jerez de los Caballeros, Badajoz, España","Obrador local de panadería, dulces o repostería artesanal.","lunes: 6:00–15:00, 17:30–20:30 | martes: 6:00–15:00, 17:30–20:30 | miércoles: 6:00–15:00, 17:30–20:30 | jueves: 6:00–15:00, 17:30–20:30 | viernes: 6:00–15:00, 17:30–20:30 | sábado: 7:00–15:00, 17:30–20:00 | domingo: 11:00–11:30",924 73 10 86,,,,,https://www.google.com/maps/search/?api=1&query=Panader%C3%ADa%20Y%20Pasteler%C3%ADa%20Luis%20Mac%C3%ADas%20E%20Hijos%20S%20L%2C%20C.%20Extremadura%2C%2042%2C%2006380%20Jerez%20de%20los%20Caballeros%2C%20Badajoz%2C%20Espa%C3%B1a&query_place_id=ChIJxUquy2RIEQ0RnvkhQ2x6KsM,38.3248596,-6.7711276,,pendiente,no comprobado
pasteleria-arte-dulce-golosa-obrador,Pastelería Arte Dulce (golosa Obrador),Los Santos de Maimona,Pan y pastelería,Pan y dulces,"C. Alegría, 5, 06230 Los Santos de Maimona, Badajoz, España","Obrador local de panadería, dulces o repostería artesanal.",lunes: Cerrado | martes: Cerrado | miércoles: Cerrado | jueves: 17:00–20:00 | viernes: 17:00–20:00 | sábado: 17:00–20:00 | domingo: 17:00–20:00,644 51 35 13,,,,,https://www.google.com/maps/search/?api=1&query=Pasteler%C3%ADa%20Arte%20Dulce%20%28golosa%20Obrador%29%2C%20C.%20Alegr%C3%ADa%2C%205%2C%2006230%20Los%20Santos%20de%20Maimona%2C%20Badajoz%2C%20Espa%C3%B1a&query_place_id=ChIJJUV8JhX_Ew0RAobc6KnfnuU,38.4460224,-6.3790137,,pendiente,no comprobado
pasteleria-artesanos-panvira,Pastelería Artesanos PANVIRA,Badajoz,Pan y pastelería,Pan y dulces,"C. Nazaret, 4, 06007 Badajoz, España","Obrador local de panadería, dulces o repostería artesanal.",,,,,,,https://www.google.com/maps/search/?api=1&query=Pasteler%C3%ADa%20Artesanos%20PANVIRA%2C%20C.%20Nazaret%2C%204%2C%2006007%20Badajoz%2C%20Espa%C3%B1a&query_place_id=ChIJM8-oQwDlFg0RUYKwLUIFrt8,38.8884857,-6.9772737,,pendiente,no comprobado
pasteleria-artesanos-roco,Pasteleria Artesanos Roco,Mérida,Pan y pastelería,Pan y dulces,"C/ José Ramón Mélida, 13, 06800 Mérida, Badajoz, España","Obrador local de panadería, dulces o repostería artesanal.","lunes: 9:30–14:30, 17:00–20:30 | martes: 9:30–14:30, 17:00–20:30 | miércoles: 9:30–14:30, 17:00–20:30 | jueves: 9:30–14:30, 17:00–20:30 | viernes: 9:30–14:30, 17:00–20:30 | sábado: 9:30–14:30, 17:00–20:30 | domingo: 10:00–14:30, 16:00–19:00",607 83 45 08,,https://www.artesanosroco.es/,https://facebook.com/Artesanos-Roco-108717606493273,,https://www.google.com/maps/search/?api=1&query=Pasteleria%20Artesanos%20Roco%2C%20C%2F%20Jos%C3%A9%20Ram%C3%B3n%20M%C3%A9lida%2C%2013%2C%2006800%20M%C3%A9rida%2C%20Badajoz%2C%20Espa%C3%B1a&query_place_id=ChIJs32gpb8mFA0RzSYme-qzCWM,38.91777440000001,-6.3419769,/productores/badajoz/pasteleria-artesanos-roco.webp,pendiente,no comprobado
pasteleria-casa-fuentes,Pastelería Casa Fuentes,Olivenza,Pan y pastelería,Pan y dulces,"C. Moreno Nieto, 11, 06100 Olivenza, Badajoz, España","Obrador local de panadería, dulces o repostería artesanal.","lunes: 9:30–14:00, 16:30–20:00 | martes: 9:30–14:00, 16:30–20:00 | miércoles: 9:30–14:00, 16:30–20:00 | jueves: 9:30–14:00, 16:30–20:00 | viernes: 9:30–14:00, 16:30–20:00 | sábado: 9:30–14:00, 16:30–20:00 | domingo: 10:00–14:00, 16:30–19:00",924 49 01 69,,http://casafuentes.es/,https://www.facebook.com/pasteleriacasafuentes/,https://www.instagram.com/fuentescasa/,https://www.google.com/maps/search/?api=1&query=Pasteler%C3%ADa%20Casa%20Fuentes%2C%20C.%20Moreno%20Nieto%2C%2011%2C%2006100%20Olivenza%2C%20Badajoz%2C%20Espa%C3%B1a&query_place_id=ChIJG2gvR1InFw0RCdnXNzY0EJQ,38.6849022,-7.1019172,/productores/badajoz/pasteleria-casa-fuentes.webp,pendiente,no comprobado
pasteleria-el-pilar,Pastelería El Pilar,Fuente de Cantos,Pan y pastelería,Pan y dulces,"C. Pilar, 27, 06240 Fuente de Cantos, Badajoz, España","Obrador local de panadería, dulces o repostería artesanal.","lunes: 9:00–14:00, 17:00–20:00 | martes: 9:00–14:00, 17:00–20:00 | miércoles: 9:00–14:00, 17:00–20:00 | jueves: 9:00–14:00, 17:00–20:00 | viernes: 9:00–14:00, 17:00–20:00 | sábado: 9:00–14:00, 17:00–20:00 | domingo: 9:00–14:00",671 93 49 59,,,,,https://www.google.com/maps/search/?api=1&query=Pasteler%C3%ADa%20El%20Pilar%2C%20C.%20Pilar%2C%2027%2C%2006240%20Fuente%20de%20Cantos%2C%20Badajoz%2C%20Espa%C3%B1a&query_place_id=ChIJmTbadg7kEw0RvmQn4gwabw8,38.2467535,-6.3137767,,pendiente,no comprobado
pasteleria-mario-medina,Pasteleria Mario Medina,Don Benito,Pan y pastelería,Pan y dulces,"Pl. de las Albercas, 8, 06400 Don Benito, Badajoz, España","Obrador local de panadería, dulces o repostería artesanal.","lunes: 9:00–14:30, 17:30–20:30 | martes: 9:00–14:30, 17:30–20:30 | miércoles: 9:00–14:30, 17:30–20:30 | jueves: 9:00–14:30, 17:30–20:30 | viernes: 9:00–14:30, 17:30–20:30 | sábado: 9:00–14:00 | domingo: 10:00–13:00",924 80 82 68,,,,,https://www.google.com/maps/search/?api=1&query=Pasteleria%20Mario%20Medina%2C%20Pl.%20de%20las%20Albercas%2C%208%2C%2006400%20Don%20Benito%2C%20Badajoz%2C%20Espa%C3%B1a&query_place_id=ChIJYzop-FZbFA0RjMnkhLnY42c,38.9564319,-5.870215,,pendiente,no comprobado
pasteleria-marquesa-de-pinares,Pastelería Marquesa de Pinares,Mérida,Pan y pastelería,Pan y dulces,"C. Marquesa de Pinares, 20, 06800 Mérida, Badajoz, España","Obrador local de panadería, dulces o repostería artesanal.","lunes: 9:00–14:30, 17:00–20:30 | martes: 9:00–14:30, 17:00–20:30 | miércoles: 9:00–14:30, 17:00–20:30 | jueves: 9:00–14:30, 17:00–20:30 | viernes: 9:00–14:30, 17:00–20:30 | sábado: 9:00–14:30, 17:00–20:30 | domingo: 9:00–14:30, 17:00–20:30",924 30 35 08,,,,,https://www.google.com/maps/search/?api=1&query=Pasteler%C3%ADa%20Marquesa%20de%20Pinares%2C%20C.%20Marquesa%20de%20Pinares%2C%2020%2C%2006800%20M%C3%A9rida%2C%20Badajoz%2C%20Espa%C3%B1a&query_place_id=ChIJW25AvuomFA0Rd741Tc7T0k0,38.9207645,-6.345088400000001,,pendiente,no comprobado
pasteleria-obrador-canela,Pastelería Obrador Canela,Jerez de los Caballeros,Pan y pastelería,Pan y dulces,"C. Padre Claret, 60, 06380 Jerez de los Caballeros, Badajoz, España","Obrador local de panadería, dulces o repostería artesanal.",,924 73 01 72,,http://www.pasteleriaobradorcanela.com/,https://www.facebook.com/Pasteler,,https://www.google.com/maps/search/?api=1&query=Pasteler%C3%ADa%20Obrador%20Canela%2C%20C.%20Padre%20Claret%2C%2060%2C%2006380%20Jerez%20de%20los%20Caballeros%2C%20Badajoz%2C%20Espa%C3%B1a&query_place_id=ChIJyxpHbLg3EQ0R7wrTp-gI4xY,38.3217439,-6.778061699999999,/productores/badajoz/pasteleria-obrador-canela.webp,pendiente,no comprobado
pasteleria-oron-y-chaves,Pastelería ORÓN Y CHAVES .,Villafranca de los Barros,Pan y pastelería,Pan y dulces,"C. Larga, N°2, 06220 Villafranca de los Barros, Badajoz, España","Obrador local de panadería, dulces o repostería artesanal.","lunes: 10:30–14:00, 17:00–20:00 | martes: 10:30–14:00, 17:00–20:00 | miércoles: Cerrado | jueves: 10:30–14:00, 17:00–20:00 | viernes: 10:30–14:00, 17:00–20:00 | sábado: 10:30–14:00, 16:30–20:00 | domingo: 11:00–14:00, 16:30–20:00",639 25 50 45,,,,,https://www.google.com/maps/search/?api=1&query=Pasteler%C3%ADa%20OR%C3%93N%20Y%20CHAVES%20.%2C%20C.%20Larga%2C%20N%C2%B02%2C%2006220%20Villafranca%20de%20los%20Barros%2C%20Badajoz%2C%20Espa%C3%B1a&query_place_id=ChIJ8RYrn14BFA0R6ZnTynUQ3x0,38.560461,-6.340042,,pendiente,no comprobado
pasteleria-pepi-sanchez,"Pastelería ""Pepi Sánchez """,Fregenal de la Sierra,Pan y pastelería,Pan y dulces,"Luis Cabanillas, 18, 06340 Fregenal de la Sierra, Badajoz, España","Obrador local de panadería, dulces o repostería artesanal.",lunes: 9:00–14:00 | martes: 9:00–14:00 | miércoles: 9:00–14:00 | jueves: 9:00–14:00 | viernes: 9:00–14:00 | sábado: 9:00–14:00 | domingo: Cerrado,924 70 06 25,,,,,https://www.google.com/maps/search/?api=1&query=Pasteler%C3%ADa%20%22Pepi%20S%C3%A1nchez%20%22%2C%20Luis%20Cabanillas%2C%2018%2C%2006340%20Fregenal%20de%20la%20Sierra%2C%20Badajoz%2C%20Espa%C3%B1a&query_place_id=ChIJsTUeVjFCEQ0ReSzP1Zu7800,38.1654709,-6.6482131,,pendiente,no comprobado
pasteleria-tradicion-extremena-s-l,Pastelería Tradición Extremeña s.l.,Mérida,Pan y pastelería,Pan y dulces,"Pol. Ind. Albarregas, Calle Malcocinado, n15, 06800 Mérida, Badajoz, España","Obrador local de panadería, dulces o repostería artesanal.",lunes: Cerrado | martes: 7:00–14:30 | miércoles: 7:00–14:30 | jueves: 7:00–14:30 | viernes: 7:00–14:30 | sábado: 7:00–14:30 | domingo: Cerrado,639 44 98 05,,,,,https://www.google.com/maps/search/?api=1&query=Pasteler%C3%ADa%20Tradici%C3%B3n%20Extreme%C3%B1a%20s.l.%2C%20Pol.%20Ind.%20Albarregas%2C%20Calle%20Malcocinado%2C%20n15%2C%2006800%20M%C3%A9rida%2C%20Badajoz%2C%20Espa%C3%B1a&query_place_id=ChIJiWvhRb8nFA0RJchowl_KbsE,38.9219024,-6.341571999999999,,pendiente,no comprobado
productos-castano-dulceria-panaderia,Productos Castaño Dulcería Panadería,Hornachos,Pan y pastelería,Pan y dulces,"C. los Pilones, 4, 06228 Hornachos, Badajoz, España","Obrador local de panadería, dulces o repostería artesanal.","lunes: 9:00–14:00, 17:00–20:00 | martes: 9:00–14:00, 17:00–20:00 | miércoles: 9:00–14:00, 17:00–20:00 | jueves: 9:00–14:00, 17:00–20:00 | viernes: 9:00–14:00, 17:00–20:00 | sábado: 9:00–14:00 | domingo: Cerrado",924 53 32 72,,https://productoscastano.com/,https://www.facebook.com/policies/,https://www.instagram.com/productoscastano/,https://www.google.com/maps/search/?api=1&query=Productos%20Casta%C3%B1o%20Dulcer%C3%ADa%20Panader%C3%ADa%2C%20C.%20los%20Pilones%2C%204%2C%2006228%20Hornachos%2C%20Badajoz%2C%20Espa%C3%B1a&query_place_id=ChIJZRbu6Mx0FA0RVj9EHVzZ3Ks,38.5521136,-6.0651395,/productores/badajoz/productos-castano-dulceria-panaderia.webp,pendiente,no comprobado
raices-pasteleria-argentina,Raíces Pasteleria Argentina,Llerena,Pan y pastelería,Pan y dulces,"C. Convento de San Francisco, 6, 06900 Llerena, Badajoz, España","Obrador local de panadería, dulces o repostería artesanal.","lunes: 10:00–14:00 | martes: 10:00–14:00 | miércoles: 10:00–14:00 | jueves: 10:00–14:00 | viernes: 10:00–14:00, 17:00–20:00 | sábado: 10:00–14:00 | domingo: Cerrado",623 95 39 44,,https://www.instagram.com/raicespasteleriaargentina/,,https://www.instagram.com/raicespasteleriaargentina/,https://www.google.com/maps/search/?api=1&query=Ra%C3%ADces%20Pasteleria%20Argentina%2C%20C.%20Convento%20de%20San%20Francisco%2C%206%2C%2006900%20Llerena%2C%20Badajoz%2C%20Espa%C3%B1a&query_place_id=ChIJcXXrlsqVEw0RPKrZfhNK3l8,38.2385094,-6.0213312,/productores/badajoz/raices-pasteleria-argentina.webp,pendiente,no comprobado
santa-clara-dulces-artesanos,Santa Clara - Dulces artesanos,Llerena,Pan y pastelería,Pan y dulces,"C. Sta. Clara, 19, 06900 Llerena, Badajoz, España","Obrador local de panadería, dulces o repostería artesanal.","lunes: 10:00–13:00, 16:30–19:00 | martes: 10:00–13:00, 16:30–19:00 | miércoles: 10:00–13:00, 16:30–19:00 | jueves: 10:00–13:00, 16:30–19:00 | viernes: 10:00–13:00, 16:30–19:00 | sábado: 10:00–13:00, 16:30–19:00 | domingo: 10:00–13:00, 16:30–19:00",924 87 01 67,,,,,https://www.google.com/maps/search/?api=1&query=Santa%20Clara%20-%20Dulces%20artesanos%2C%20C.%20Sta.%20Clara%2C%2019%2C%2006900%20Llerena%2C%20Badajoz%2C%20Espa%C3%B1a&query_place_id=ChIJExuZpc-VEw0RrETdDB1t4zQ,38.2366875,-6.013804299999999,,pendiente,no comprobado
el-prado-de-llera-s-l-llera,"El Prado de Llera, S.L.",Llera,Lácteos y quesos,"EL PRADO DE LLERA - ORIGEN -, EL PRADO DE LLERA - ANTAÑO -","Calle Prado, 7, 06227 Llera, Badajoz","Productor lácteo de Llera incluido en el directorio World Cheese Awards con productos como EL PRADO DE LLERA - ORIGEN -, EL PRADO DE LLERA - ANTAÑO -.",Consultar fuente,,,https://gff.co.uk/directory/producer/?id=23502,,https://www.instagram.com/quesoselpradodellera/,https://www.google.com/maps/search/?api=1&query=El%20Prado%20de%20Llera%2C%20S.L.%2C%20Calle%20Prado%2C%207%2C%2006227%20Llera%2C%20Badajoz,38.4438491,-6.0555725,/productores/badajoz/el-prado-de-llera-s-l-llera.webp,pendiente,no comprobado
el-senorio-de-monesterio-s-c-monesterio,El Señorio de Monesterio S C,Monesterio,Lácteos y quesos,"Cremocito de Monesterio, Queso de cabra en romero","Monesterio, Badajoz, España","Productor lácteo de Monesterio incluido en el directorio World Cheese Awards con productos como Cremocito de Monesterio, Queso de cabra en romero.",Consultar fuente,,,https://gff.co.uk/directory/producer/?id=48617,,,https://www.google.com/maps/search/?api=1&query=El%20Se%C3%B1orio%20de%20Monesterio%20S%20C%2C%20Monesterio%2C%20Badajoz%2C%20Espa%C3%B1a,,,/productores/badajoz/el-senorio-de-monesterio-s-c-monesterio.webp,pendiente,no comprobado
finca-buenavista-ribera-cb-ribera-del-fresno,"Finca Buenavista Ribera, CB",Ribera del Fresno,Lácteos y quesos,"SOLOCABRA EN MANTECA IBERICA, SOLOCABRA CORTEZA NATURAL","Calle San Juan Macías s/n, 06225 Ribera del Fresno, Badajoz","Productor lácteo de Ribera del Fresno incluido en el directorio World Cheese Awards con productos como SOLOCABRA EN MANTECA IBERICA, SOLOCABRA CORTEZA NATURAL.",Consultar fuente,,,https://gff.co.uk/directory/producer/?id=42539,,,https://www.google.com/maps/search/?api=1&query=Finca%20Buenavista%20Ribera%2C%20CB%2C%20Calle%20San%20Juan%20Mac%C3%ADas%20s%2Fn%2C%2006225%20Ribera%20del%20Fresno%2C%20Badajoz,38.5528342,-6.2399052,/productores/badajoz/finca-buenavista-ribera-cb-ribera-del-fresno.webp,pendiente,no comprobado
scl-comarcal-agricola-ganadera-castuera-castuera,SCL COMARCAL AGRICOLA GANADERA CASTUERA,Castuera,Lácteos y quesos,"DEHESA REAL ""Pasta Blanda"" 2 months","Castuera, Badajoz, España","Productor lácteo de Castuera incluido en el directorio World Cheese Awards con productos como DEHESA REAL ""Pasta Blanda"" 2 months.",Consultar fuente,,,https://gff.co.uk/directory/producer/?id=42406,,,https://www.google.com/maps/search/?api=1&query=SCL%20COMARCAL%20AGRICOLA%20GANADERA%20CASTUERA%2C%20Castuera%2C%20Badajoz%2C%20Espa%C3%B1a,,,/productores/badajoz/scl-comarcal-agricola-ganadera-castuera-castuera.webp,pendiente,no comprobado
