slug,nombre,municipio,categoria,productos estrella,direccion,descripcion,horario,telefono,correo,web,Facebook,Instagram,Google Maps,lat,lon,imagen,verificacion,Venta online,Canal de venta
el-corral-del-tio-nicasio-castejon-de-valdejasa,El Corral del Tío Nicasio,Castejón de Valdejasa,Bodega,vinos y escabechados,"Pl. Vieja, 45, Castejón de Valdejasa","Obrador y bodega familiar con vinos, escabechados y visitas a viñedos centenarios en Cinco Villas.",Consultar visitas,+34976686541,,https://tionicasio.com/,,https://www.instagram.com/tionicasio,https://www.google.com/maps/search/?api=1&query=T%C3%ADo%20Nicasio%2C%20Pl.%20Vieja%2C%2045%2C%2050612%20Castej%C3%B3n%20de%20Valdejasa%2C%20Zaragoza%2C%20Espa%C3%B1a&query_place_id=ChIJ42soyJKdWQ0RenH-ORInfqI,41.9825093,-0.9914168999999999,/productores/aragon/zaragoza/el-corral-del-tio-nicasio-castejon-de-valdejasa.webp,pendiente,no comprobado,
apicola-cinco-villas-ejea-de-los-caballeros,Apícola Cinco Villas,Ejea de los Caballeros,Miel,miel y productos apícolas,"Pº Bañera, s/n, Ejea de los Caballeros","Proyecto apícola con colmenas, obrador, aula de abejas y tienda de productos vinculados a la miel.",Consultar visitas,+34652092394,,https://www.apicolacincovillas.com/,,https://www.instagram.com/apicolacincovillas,https://www.google.com/maps/search/?api=1&query=Ap%C3%ADcola%20Cinco%20Villas%2C%20Miel%20del%20Prepirineo%2C%20MUSEO%20DE%20LA%20MIEL%2C%20P.%C2%BA%20de%20la%20Ba%C3%B1era%2C%2050600%20Ejea%20de%20los%20Caballeros%2C%20Zaragoza%2C%20Espa%C3%B1a&query_place_id=ChIJnyV0HfaLWQ0R_IeDPdUxh1Q,42.1314572,-1.1406064,/productores/aragon/zaragoza/apicola-cinco-villas-ejea-de-los-caballeros.jpg,pendiente,no comprobado,
nueces-ramon-puyod-ejea-de-los-caballeros,Nueces Ramón Puyod,Ejea de los Caballeros,Frutos secos,nueces,Ejea de los Caballeros,"Productor local de nueces con visita de campo en floración y temporada de fruto, degustación y venta directa.",Consultar visitas,+34629302225,nueces@ramonpuyod.es,https://www.nuecesdeejearamonpuyod.es/,https://www.facebook.com/profile.php?id=100035059916270,https://www.instagram.com/nuecesramonpuyod,,42.1333460,-1.1365589,/productores/aragon/zaragoza/nueces-ramon-puyod-ejea-de-los-caballeros.webp,pendiente,no comprobado,
queseria-de-biota-biota,Quesería de Biota,Biota,Lácteos y quesos,queso y yogur de oveja,"C/ Fernando el Católico, 37, Biota","Quesería de oveja con sala de ordeño, elaboración de queso y yogur, tienda propia y degustaciones.",Consultar visitas,+34675638638,laqueseriadebiota@gmail.com,https://laqueseriadebiota.es/,,https://www.instagram.com/laqueseriadebiota,https://www.google.com/maps/search/?api=1&query=La%20Queser%C3%ADa%20de%20Biota%2C%20C.%20Fernando%20el%20Cat%C3%B3lico%2C%2037%2C%2050695%20Biota%2C%20Zaragoza%2C%20Espa%C3%B1a&query_place_id=ChIJG0vNae71WQ0R37qu3jOKK6Y,42.2606511,-1.1875006,/productores/aragon/zaragoza/queseria-de-biota-biota.webp,pendiente,no comprobado,
panaderia-julio-y-yolanda-sadaba,Panadería Julio y Yolanda,Sádaba,Pan y pastelería,tortas de manteca y repostería local,"Barrio Verde Bajo, 30, Sádaba","Panadería de Sádaba con repostería tradicional como tortas de manteca, doblericos, mantecados y magdalenas.",Consultar visitas,+34976675088,,,,,https://www.google.com/maps/search/?api=1&query=PANADER%C3%8DA-REPOSTER%C3%8DA%20Julio%20y%20Yolanda.%2C%20Bo.%20Verde%20Bajo%2C%2030%2C%2050670%20S%C3%A1daba%2C%20Zaragoza%2C%20Espa%C3%B1a&query_place_id=ChIJQyN1dMMeWg0RdVSIqcYC198,42.2806246,-1.2737023,,pendiente,no comprobado,
molino-ecotambo-sadaba,Molino Ecotambo,Sádaba,Harinas y cereales,harina ecológica de trigo y espelta,"C/ Xinto, 1, Sádaba","Proyecto familiar de agricultura ecológica que cultiva, selecciona y produce harina de trigo y espelta.",Consultar visitas,+34645251986,,https://www.molinoecotambo.es/,,https://www.instagram.com/molinoecotambo,https://www.google.com/maps/search/?api=1&query=Molino%20Ecotambo%2C%20Carretera%20S%C3%A1daba-Ayerbe%2C%20s%2Fn%2C%2050670%20S%C3%A1daba%2C%20Zaragoza%2C%20Espa%C3%B1a&query_place_id=ChIJ33x3DcIfWg0Rnzh_Aqtp4qw,42.2895197,-1.2673964,/productores/aragon/zaragoza/molino-ecotambo-sadaba.webp,pendiente,no comprobado,
las-cardelinas-pinsoro,Las Cardelinas,Pinsoro,Fruta y verdura,fruta y verdura de temporada,"Plaza Nueva, 17, Pinsoro","Productor agrícola de Pinsoro con visita de campo, exposición de estacionalidad y venta de fruta o verdura propia.",Consultar visitas,+34690369925,,,,,https://www.google.com/maps/search/?api=1&query=Las%20Cardelinas%2C%20Pl.%20Nueva%2C%2017%2C%2050694%20Pinsoro%2C%20Zaragoza%2C%20Espa%C3%B1a&query_place_id=ChIJY9TmuPoiWg0RF1KnnAlPFjE,42.1977858,-1.3364642,,pendiente,no comprobado,
bodegas-ruberte-magallon,Bodegas Ruberte,Magallón,Bodega,"vino, cava y licores","C/ Arrialdes, s/n, Magallón","Bodega artesanal de Magallón con elaboración de vinos, licores y cava y visita a cavas subterráneas.",Consultar visitas,+34976858106,,https://bodegasfamiliaruberte.com/,,https://www.instagram.com/bodegasruberte,https://www.google.com/maps/search/?api=1&query=Bodegas%20Ruberte%20S.L.%2C%20C.%20Arrialdes%2C%2050520%20Magall%C3%B3n%2C%20Zaragoza%2C%20Espa%C3%B1a&query_place_id=ChIJeW_Q7uHLWw0RIbDrT-QVBXc,41.831817,-1.457404,/productores/aragon/zaragoza/bodegas-ruberte-magallon.webp,pendiente,no comprobado,
bodegas-aragonesas-fuendejalon,Bodegas Aragonesas,Fuendejalón,Bodega,vinos de garnacha,"Carretera de Magallón a la Almunia, s/n, Fuendejalón","Bodega del Campo de Borja con garnachas centenarias, espacio Terroir-Garnacha y visitas con degustación.",Consultar visitas,+34650376519,enoturismo@bodegasaragonesas.com,https://www.bodegasaragonesas.com/,,https://www.instagram.com/bodegasaragonesas,https://www.google.com/maps/search/?api=1&query=Bodegas%20Aragonesas%2C%20Carr.%20de%20Magall%C3%B3n%20a%20la%20Almunia%2C%20S%2FN%2C%2050529%20Fuendejal%C3%B3n%2C%20Zaragoza%2C%20Espa%C3%B1a&query_place_id=ChIJkfCbQoTIWw0Rmcypcpq0zSQ,41.7619063,-1.4753843,/productores/aragon/zaragoza/bodegas-aragonesas-fuendejalon.webp,pendiente,no comprobado,
conservas-lores-bureta,Conservas Lorés,Bureta,Conservas,"espárrago, piquillo y verduras","C/ Goya, 8, Bureta","Fábrica familiar de conservas artesanales fundada en 1965, especializada en verduras y elaboraciones manuales.",Consultar visitas,+34976852477,,https://www.conservaslores.com/,,,https://www.google.com/maps/search/?api=1&query=Conservas%20Lores%2C%20C.%20Goya%2C%208%2C%20LOC%2C%2050547%20Bureta%2C%20Zaragoza%2C%20Espa%C3%B1a&query_place_id=ChIJv6cK05vJWw0RlKLKyCa8khM,41.8160951,-1.489323,,pendiente,no comprobado,
oliambel-bulbuente,Oliambel,Bulbuente,Aceite,aceite de oliva virgen extra,"Ctra. Nacional 122, km 70,1, Bulbuente","Empresa oleícola familiar del Moncayo con almazara, catas de aceite y visitas a olivos centenarios.",Consultar visitas,+34976852121,,https://www.oliambel.com/,,,https://www.google.com/maps/search/?api=1&query=Oliambel%2C%20N-122%2C%20Km%2070%2C%20100%2C%2050546%20Bulbuente%2C%20Zaragoza%2C%20Espa%C3%B1a&query_place_id=ChIJ8zi1rVqxWw0RmkZOCyXtJnw,41.8194272,-1.6087447,/productores/aragon/zaragoza/oliambel-bulbuente.webp,pendiente,no comprobado,
diamante-negro-del-moncayo-vera-del-moncayo,Diamante Negro del Moncayo,Vera del Moncayo,Trufa y setas,trufa negra,Vera del Moncayo,Empresa trufera que recolecta trufa negra silvestre y de plantaciones propias con actividades de campo.,Consultar visitas,+34691023232,,https://eldiamantenegrodelmoncayo.com/,,https://www.instagram.com/eldiamantenegrodelmoncayo,https://www.google.com/maps/search/?api=1&query=El%20diamante%20negro%20del%20Moncayo%2C%20C.%20Esparras%2C%2020%2C%2050580%20Vera%20de%20Moncayo%2C%20Zaragoza%2C%20Espa%C3%B1a&query_place_id=ChIJ5ylhc0evWw0R4jErpPWBuwo,41.823979,-1.6875453,/productores/aragon/zaragoza/diamante-negro-del-moncayo-vera-del-moncayo.webp,pendiente,no comprobado,
panaderia-sin-gluten-el-trasmozero-trasmoz,Panadería sin gluten El Trasmozero,Trasmoz,Pan y pastelería,pan y repostería sin gluten,"C/ San Miguel, 16, Pta 1, Trasmoz","Obrador de panadería sin gluten con talleres de pan, repostería con producto local y catas de pan.",Consultar visitas,+34618907466,,https://eltrasmozero.com/,,,https://www.google.com/maps/search/?api=1&query=EL%20TRASMOZERO%2C%20Calle%20San%20Miguel%2C%2016%20pl%201%2C%2050583%20Trasmoz%2C%20Zaragoza%2C%20Espa%C3%B1a&query_place_id=ChIJkRE_boKuWw0RIzLaPqP7yRs,41.826749,-1.7222162,,pendiente,no comprobado,
aceite-agustin-fornos-trasmoz,Aceite Agustín Fornós,Trasmoz,Aceite,aceite de oliva virgen extra,"Molino Agustín Fornós, Monasterio de Veruela, 7, Trasmoz",Productor y envasador de aceite de oliva virgen extra de olivos milenarios en el entorno del Moncayo.,Consultar visitas,+34609631286,,https://olivavirgenextra.eu/,,,https://www.google.com/maps/search/?api=1&query=Oliva%20Virgen%20Extra%20Agust%C3%ADn%20Forn%C3%B3s%2C%20Calle%20Monasterio%20de%20Veruela%2C%207%2C%2050583%20Trasmoz%2C%20Zaragoza%2C%20Espa%C3%B1a&query_place_id=ChIJS7v8xIKuWw0R-tHOV2xckJM,41.825548,-1.7238901,/productores/aragon/zaragoza/aceite-agustin-fornos-trasmoz.webp,pendiente,no comprobado,
avicola-torre-jirauta-penaflor-de-gallego,Avícola Torre Jirauta,Peñaflor de Gállego,Huevos,huevos ecológicos,"Camino Plan de En medio, s/n, Peñaflor de Gállego",Empresa familiar de avicultura ecológica dedicada exclusivamente a huevos de gallinas camperas certificadas.,Consultar visitas,+34685161339,,https://torrejirauta.com/,,,https://www.google.com/maps/search/?api=1&query=Torre%20Jirauta%2C%20Camino%20Plan%20de%20Enmedio%2C%20S%2FN%2C%2050193%20Pe%C3%B1aflor%20de%20G%C3%A1llego%2C%20Zaragoza%2C%20Espa%C3%B1a&query_place_id=ChIJQyMX3zAPWQ0R-9uGzREQcOo,41.7612114,-0.796781,/productores/aragon/zaragoza/avicola-torre-jirauta-penaflor-de-gallego.jpg,pendiente,no comprobado,
melada-huerta-saludable-movera,Melada huerta saludable,Movera,Fruta y verdura,hortaliza ecológica y conservas,"Camino la Cenia, 201-D, Movera",Unidad de producción hortícola ecológica de la huerta de Movera con obrador de conservas artesanales.,Consultar visitas,+34649623717,,,https://www.facebook.com/profile.php?id=100063806520345,,https://www.google.com/maps/search/?api=1&query=Espacio%20Melada%2C%20Camino%20de%20la%20cenia%2C%20201%20dpdo%2C%2050194%20Zaragoza%2C%20Espa%C3%B1a&query_place_id=ChIJCxVhf88VWQ0RieTjvAYbFkI,41.662454,-0.8312796,,pendiente,no comprobado,
almazara-molino-alfonso-belchite,Almazara Molino Alfonso,Belchite,Aceite,aceite de oliva virgen extra DOP Bajo Aragón,"Ctra. Cariñena, s/n, Belchite","Almazara fundada en 1907 que produce, envasa y comercializa AOVE de olivos centenarios de Campo de Belchite.",Consultar visitas,+34976830055,,https://www.molinoalfonso.com/,,https://www.instagram.com/molinoalfonso,https://www.google.com/maps/search/?api=1&query=Aceites%20Molino%20Alfonso%2C%20Ctra.%20Cari%C3%B1ena%2C%200%2C%2050130%20Belchite%2C%20Zaragoza%2C%20Espa%C3%B1a&query_place_id=ChIJfzYMjmEtWQ0RwzSnZP8c_iI,41.3028905,-0.7517977,/productores/aragon/zaragoza/almazara-molino-alfonso-belchite.jpg,pendiente,no comprobado,
quesos-artesanos-de-letux-letux,Quesos artesanos de Letux,Letux,Lácteos y quesos,queso de cabra y oveja,"C/ Hípica, 2, Letux",Quesería artesanal de Campo de Belchite con quesos naturales de cabra y oveja de ganaderías extensivas.,Consultar visitas,+34680218977,,https://quesosartesanosletux.com/,,,https://www.google.com/maps/search/?api=1&query=Quesos%20Artesanos%20de%20Letux%2C%20C%2F%20H%C3%ADpica%20N%C2%B02%2C%2050136%20Letux%2C%20Zaragoza%2C%20Espa%C3%B1a&query_place_id=ChIJF8r9yJjNXg0RMorIoOTPE1w,41.25866,-0.7986829000000001,/productores/aragon/zaragoza/quesos-artesanos-de-letux-letux.jpg,pendiente,no comprobado,
ecolecera-lecera,Ecolécera,Lécera,Otros,cultivos ecológicos y vino,"C/ Alta, 44, Lécera","Empresa familiar de agricultura ecológica nacida en 2002, con actividades de divulgación y talleres sensoriales.",Consultar visitas,+34976835037,,https://www.ecolecera.com/,,https://www.instagram.com/ecolecera,https://www.google.com/maps/search/?api=1&query=Ecolecera%20S.L.%2C%20C.%20Alta%2C%2044%2C%2050131%20L%C3%A9cera%2C%20Zaragoza%2C%20Espa%C3%B1a&query_place_id=ChIJTUf-2dPTXg0R-FTNX14Xchw,41.2046884,-0.7108344999999999,/productores/aragon/zaragoza/ecolecera-lecera.jpg,pendiente,no comprobado,
bodegas-tempore-lecera,Bodegas Tempore,Lécera,Bodega,vinos ecológicos,"Carretera Zaragoza-Montalbán, s/n, Lécera","Bodega de Lécera con experiencias enoturísticas, catas, visitas guiadas y cursos de iniciación al vino.",Consultar visitas,+34976835040,,https://www.bodegastempore.com/,,https://www.instagram.com/bodegastempore,https://www.google.com/maps/search/?api=1&query=BODEGAS%20TEMPORE%20Vinos%20Ecol%C3%B3gicos%2C%20Ctra.%20Zaragoza%20-%20Montalb%C3%A1n%20s%2Fn%2C%2050131%20L%C3%A9cera%2C%20Zaragoza%2C%20Espa%C3%B1a&query_place_id=ChIJk0e0dc7TXg0Ri2sAgROoBmY,41.2097943,-0.7110721,/productores/aragon/zaragoza/bodegas-tempore-lecera.webp,pendiente,no comprobado,
jalon-nature-lumpiaque,Jalón Nature,Lumpiaque,Fruta y verdura,fruta ecológica,"C/ Aragón, nave, Lumpiaque",Proyecto frutícola familiar de producción ecológica certificada con visitas al campo y a las instalaciones.,Consultar visitas,+34699664211,,https://jalonnature.es/,,,https://www.google.com/maps/search/?api=1&query=Jal%C3%B3n%20Nature%2C%20C.%20Arag%C3%B3n%2C%2050295%20Lumpiaque%2C%20Zaragoza%2C%20Espa%C3%B1a&query_place_id=ChIJfXxHCJvdWw0RUaSmo-Agccs,41.63121160000001,-1.302535,,pendiente,no comprobado,
foresta-algairen-calatorao,Foresta Algairén,Calatorao,Trufa y setas,trufa y productos trufados,"C. Cristóbal Colón, 50280 Calatorao, Zaragoza","Empresa familiar especializada en truficultura, educación en el medio natural y experiencias de caza de trufa.",Consultar visitas,+34699436177,,http://www.forestaalgairen.com/,,,https://www.google.com/maps/search/?api=1&query=Foresta%20Algair%C3%A9n%2C%20C.%20Crist%C3%B3bal%20Col%C3%B3n%2C%2050280%20Calatorao%2C%20Zaragoza%2C%20Espa%C3%B1a&query_place_id=ChIJJ5I7ugTeWw0RCVgjo3phkCY,41.519789,-1.3482074,/productores/aragon/zaragoza/foresta-algairen-calatorao.webp,pendiente,no comprobado,
turmeon-vermut-de-bodegas-jaime-morata-de-jalon,Turmeon Vermut de Bodegas Jaime,Morata de Jalón,Vermut,vermut premium,"C/ Estación, 3, Morata de Jalón","Bodega abierta en 1846 en Morata de Jalón, especializada en vermuts premium y visitas con cata.",Consultar visitas,+34976605138,,https://www.turmeon.com/,,https://www.instagram.com/turmeon_vermut,https://www.google.com/maps/search/?api=1&query=Bodegas%20Jaime%2C%20C.%20Estaci%C3%B3n%2C%203%2C%2050260%20Morata%20de%20Jal%C3%B3n%2C%20Zaragoza%2C%20Espa%C3%B1a&query_place_id=ChIJxQoROFPsWw0RyDu9h12YKzo,41.4752993,-1.4791113,/productores/aragon/zaragoza/turmeon-vermut-de-bodegas-jaime-morata-de-jalon.webp,pendiente,no comprobado,
quesos-galindo-andres-arandiga,Quesos Galindo Andrés,Arándiga,Lácteos y quesos,queso de leche cruda de oveja,"Calle Arrabal, 19, Arándiga","Quesería familiar de Arándiga dedicada a queso de leche cruda de oveja, con visitas a granja y degustación.",Consultar visitas,+34976818097,,https://www.quesosgalindo.com/,,https://www.instagram.com/quesosgalindo,https://www.google.com/maps/search/?api=1&query=Quesos%20Galindo%20Andr%C3%A9s%2C%20Serrania%20del%20Moncayo%2C%20C.%20del%20Arrabal%2C%2019%2C%2050266%20Ar%C3%A1ndiga%2C%20Zaragoza%2C%20Espa%C3%B1a&query_place_id=ChIJIxDHJKDsWw0R7NrT_ZgAI9g,41.5099065,-1.5020854,/productores/aragon/zaragoza/quesos-galindo-andres-arandiga.jpg,pendiente,no comprobado,
ajos-de-arandiga-arandiga,Ajos de Arándiga,Arándiga,Aromáticas y condimentos,ajo rojo y ajo morado,"Carretera Morata-Calcena, Arándiga","Productores de ajo fino rojo y temprano morado, cosechado, seleccionado y triado manualmente.",Consultar visitas,+34606521006,,,,,https://www.google.com/maps/search/?api=1&query=Ajos%20de%20Arandiga%2C%20C.%20del%20Arrabal%2C%2084%2C%2050266%20Ar%C3%A1ndiga%2C%20Zaragoza%2C%20Espa%C3%B1a&query_place_id=ChIJNXaCVwDtWw0R-MlTjc7cmYw,41.5088394,-1.4981465,,pendiente,no comprobado,
cooperativa-del-nino-jesus-aninon,Cooperativa del Niño Jesús,Aniñón,Fruta y verdura,"vino, fruta, almendra y aceite","Las Tablas, s/n, Aniñón","Cooperativa agroalimentaria con producción, transformación y comercialización de fruta, vino, almendra y aceite.",Consultar visitas,+34682830711,,https://www.ninojesusaninon.es/es/,,,https://www.google.com/maps/search/?api=1&query=Cooperativa%20Ni%C3%B1o%20Jes%C3%BAs%20de%20Ani%C3%B1on%2C%20Calle%20Las%20Tablas%2C%20s%2Fn%2C%2050313%20Ani%C3%B1%C3%B3n%2C%20Zaragoza%2C%20Espa%C3%B1a&query_place_id=ChIJIW-5VUWaWw0R2JgYpIM-FGc,41.446545,-1.707714,,pendiente,no comprobado,
carnicas-gonzalez-romero-ariza,Cárnicas González Romero,Ariza,Charcutería,embutidos frescos y curados,"Plaza Hortal, 21, Ariza","Obrador cárnico familiar fundado en 1928, con elaborados frescos y curados y talleres de embutido.",Consultar visitas,+34976845082,,https://www.gonzalezromerosl.com/,,,https://www.google.com/maps/search/?api=1&query=Gonzalez%20y%20Romero%20Agrocarne%2C%20Pl.%20del%20Hortal%2C%2021%2C%20BAJO%2C%2050220%20Ariza%2C%20Zaragoza%2C%20Espa%C3%B1a&query_place_id=ChIJBY-nS85jWw0R6xDKzL4noMQ,41.3102406,-2.0555823,,pendiente,no comprobado,
olivaria-zaragoza,Olivaria,Zaragoza,Aceite,aceite de oliva y catas,"Paseo del Canal Imperial, km 96, Zaragoza","Finca oleoturística en Zaragoza con rutas vinculadas al olivo, la gastronomía y la cata de aceites.",Consultar visitas,+34976500864,,,,,https://www.google.com/maps/search/?api=1&query=Olivaria%2C%20Diseminado%20Torrero%2C%209033%2C%2050720%20Zaragoza%2C%20Espa%C3%B1a&query_place_id=ChIJHcx1JVw9WQ0Re-tuSVl5mrc,41.5748378,-0.8095329000000001,,pendiente,no comprobado,
finca-la-corona-fuentes-de-ebro,Finca La Corona,Fuentes de Ebro,Fruta y verdura,Cebolla Fuentes de Ebro DOP,"Paseo del Justicia, 14, Fuentes de Ebro",Productor familiar de Fuentes de Ebro especializado en cebolla con Denominación de Origen Protegida.,Consultar visitas,+34629435654,,https://www.fincalacorona.es/,,https://www.instagram.com/fincalacorona,https://www.google.com/maps/search/?api=1&query=Finca%20La%20Corona%2C%20n%20carretera%20nacional%20232%2C%20Kilometro%20206%2C%2050740%20Fuentes%20de%20Ebro%2C%20Zaragoza%2C%20Espa%C3%B1a&query_place_id=ChIJbY_tJ5vZWA0RGDyYjtedyY4,41.4951716,-0.5860544,/productores/aragon/zaragoza/finca-la-corona-fuentes-de-ebro.webp,pendiente,no comprobado,
carniceria-lapena-fuentes-de-ebro,Carnicería Lapeña,Fuentes de Ebro,Charcutería,longaniza y morcilla,"C/ Morería, 8, Fuentes de Ebro","Carnicería artesana con elaborados tradicionales aragoneses, longaniza, morcilla, ternasco y precocinados.",Consultar comercio,+34696918439,,,,,https://www.google.com/maps/search/?api=1&query=Carnicer%C3%ADa%20Lape%C3%B1a%2C%20C.%20Morer%C3%ADa%2C%208%2C%2050740%20Fuentes%20de%20Ebro%2C%20Zaragoza%2C%20Espa%C3%B1a&query_place_id=ChIJ-SxUaqknWQ0RwHRg0p5JFb8,41.5114578,-0.6306115999999999,,pendiente,no comprobado,
la-mar-de-sabor-caspe,La Mar de Sabor,Caspe,Conservas,tomate seco de Caspe,"C/ La Perca 5, buzón 39, Caspe",Proyecto de Caspe centrado en tomate seco local y formatos de tomate deshidratado o en polvo.,Consultar visitas,+34722834012,,https://lamardesabor.com/,,https://www.instagram.com/lamardesabor,https://www.google.com/maps/search/?api=1&query=La%20Mar%20De%20Sabor%2C%20C%2F%20La%20Perca%205%2C%20buz%C3%B3n%2039%2C%2050700%20Caspe%2C%20Zaragoza%2C%20Espa%C3%B1a&query_place_id=ChIJb18_1VVTXw0RFFDu_RS9PXA,41.2730364,-0.0903022,/productores/aragon/zaragoza/la-mar-de-sabor-caspe.jpg,pendiente,no comprobado,
cierzo-brewing-caspe,Cierzo Brewing Co.,Caspe,Cerveza artesana,cerveza artesana,"Polígono Industrial El Castillo, Calle F, 11 A, Caspe","Marca de cerveza artesana con fábrica en Caspe, elaborada con recetas propias y enfoque local.",Consultar web,+34657339732,info@cierzobrewing.com,https://cierzobrewing.com/,,https://www.instagram.com/cierzobrewing,https://www.google.com/maps/search/?api=1&query=Cierzo%20Brewing%20Co.%2C%20Pol%C3%ADgono%20Industrial%20El%20Castillo%2C%20Calle%20F%2C%2011%2C%20A%2C%2050700%20Caspe%2C%20Zaragoza%2C%20Espa%C3%B1a&query_place_id=ChIJN3Q3v99VXw0Rh23o3nzgouU,41.2293816,-0.032305,/productores/aragon/zaragoza/cierzo-brewing-caspe.webp,pendiente,no comprobado,
de-molina-artesania-alimentaria-caspe,De Molina Artesanía alimentaria,Caspe,Aceitunas y encurtidos,"encurtidos, patés y conservas","C/ Alcañiz, 15, Caspe","Fábrica artesana de Caspe con encurtidos, conservas, patés y actividades de visita, cata y taller.",Consultar visitas,+34976630608,,https://www.mdemolina.com/,,https://www.instagram.com/demolina.caspe,https://www.google.com/maps/search/?api=1&query=Conservas%20vegetales%20DeMolina%2C%20C.%20Alca%C3%B1iz%2C%2015%2C%2050700%20Caspe%2C%20Zaragoza%2C%20Espa%C3%B1a&query_place_id=ChIJv8S8RDNVXw0R-4hRCxuRTCs,41.2364012,-0.0437017,/productores/aragon/zaragoza/de-molina-artesania-alimentaria-caspe.jpg,pendiente,no comprobado,
jalea-de-luz-monegrillo,Jalea de Luz,Monegrillo,Miel,miel y talleres apícolas,"Camino de la Balsa Buena, s/n, Monegrillo",Proyecto apícola de Monegrillo con talleres de apicultura y visitas ligadas al paisaje estepario de Los Monegros.,Consultar visitas,+34976634606,,https://jaleadeluz.com/,,https://www.instagram.com/jaleadeluz,https://www.google.com/maps/search/?api=1&query=Jalea%20de%20Luz%2C%20Cam.%20Extramuros%2C%2050%2C%2050164%20Monegrillo%2C%20Zaragoza%2C%20Espa%C3%B1a&query_place_id=ChIJsW6k6FXoWA0RkEAAazOQo9M,41.6355688,-0.414944,/productores/aragon/zaragoza/jalea-de-luz-monegrillo.jpg,pendiente,no comprobado,
ecomonegros-lecinena,Ecomonegros,Leciñena,Pan y pastelería,"pan, harina y repostería ecológica","C/ Almendro, 17, Leciñena","Panadería ecológica que transforma trigos antiguos en harina, panadería y repostería saludable.",Consultar web,+34976166160,contacto@ecomonegros.com,https://www.ecomonegros.com/,,https://www.instagram.com/ecomonegros,https://www.google.com/maps/search/?api=1&query=ECOMONEGROS%20Leci%C3%B1ena%2C%20C.%20Almendro%2C%2017%2C%2050160%20Leci%C3%B1ena%2C%20Zaragoza%2C%20Espa%C3%B1a&query_place_id=ChIJkQoalIkCWQ0RKv-7XQhfSXY,41.7973058,-0.6147476,/productores/aragon/zaragoza/ecomonegros-lecinena.webp,pendiente,no comprobado,
cafes-el-criollo-zaragoza,Cafés El Criollo,Zaragoza,Café,café tostado,"Polígono Industrial San Valero, 78, 79 y 83, Zaragoza","Empresa zaragozana especializada en selección, tueste tradicional y comercialización de café de alta calidad.","De lunes a viernes, de 7 a 15h",+34976500228,ventas@cafeselcriollo.es,https://cafeselcriollo.com/,,https://www.instagram.com/Cafeselcriollo,https://www.google.com/maps/search/?api=1&query=Caf%C3%A9s%20El%20Criollo%2C%20Pol%C3%ADgono%20Industrial%20San%20Valero%2C%2078%2C%2079%20y%2083%2C%2050013%20Zaragoza%2C%20Espa%C3%B1a&query_place_id=ChIJMTohD-oVWQ0RPvW3T97QDOY,41.6158686,-0.8435889999999999,/productores/aragon/zaragoza/cafes-el-criollo-zaragoza.webp,pendiente,no comprobado,
pam-coffee-roasters-zaragoza,Pam Coffee Roasters,Zaragoza,Café,café de especialidad tostado en Zaragoza,Zaragoza,"Microtostador de café de especialidad nacido en Zaragoza, centrado en cafés trazables y tuestes recientes.",Consultar web,,,https://www.pamcoffee.es/,,https://www.instagram.com/pamcoffeeroaster,,41.6915847,-0.9101268,/productores/aragon/zaragoza/pam-coffee-roasters-zaragoza.webp,pendiente,no comprobado,
chocolates-atienza-ateca,Chocolates Atienza,Ateca,Chocolate,chocolate artesano y turrones,"Avda. San Blas, 11, Ateca","Empresa familiar de Ateca dedicada a la fabricación artesanal de chocolates, turrones y elaborados de cacao.",Consultar web,+34976842390,info@chocolatesatienza.com,https://www.chocolatesatienza.com/,,,https://www.google.com/maps/search/?api=1&query=Atienza%20SA%2C%20Av.%20San%20Blas%2C%2011%2C%2050200%20Ateca%2C%20Zaragoza%2C%20Espa%C3%B1a&query_place_id=ChIJPUpmXHSBWw0RoDe19h5D10I,41.3301844,-1.7892351,/productores/aragon/zaragoza/chocolates-atienza-ateca.jpg,pendiente,no comprobado,
chocolates-lacasa-utebo,Chocolates Lacasa,Utebo,Chocolate,"chocolates, grageas y turrones","Autovía de Logroño, km 14, Utebo","Fabricante zaragozano de chocolates, bombones, grageas, turrones y caramelos con sede en Utebo.",Consultar web,+34976462111,lacasa@lacasa.es,https://www.lacasa.es/,,https://www.instagram.com/chocolateslacasa,https://www.google.com/maps/search/?api=1&query=Chocolates%20Lacasa%2C%20S.A.%2C%20Av.%20de%20Logro%C3%B1o%2C%2014%2C%2050180%20Utebo%2C%20Zaragoza%2C%20Espa%C3%B1a&query_place_id=ChIJf_aVnpZuWQ0RUahu9E37-4E,41.7143258,-1.0196344,/productores/aragon/zaragoza/chocolates-lacasa-utebo.webp,pendiente,no comprobado,
pastelerias-manuel-segura-daroca,Pastelerías Manuel Segura,Daroca,Pan y pastelería,"pastelería, caramelos y turrones","Obrador Pol. Ind. Daroca, parcela 6, Daroca","Pastelería histórica de Daroca con obrador propio, museo de la pastelería y elaboraciones dulces tradicionales.",Consultar web,+34976800317,,https://www.pasteleriasmanuelsegura.com/,,https://www.instagram.com/manuel_segura_1874,https://www.google.com/maps/search/?api=1&query=Pastelerias%20Manuel%20Segura%20SL%2C%20C.%20Mayor%2C%2063%2C%2050360%20Daroca%2C%20Zaragoza%2C%20Espa%C3%B1a&query_place_id=ChIJ70PS8CgOXA0R0QtjYGPLnPA,41.114152,-1.412742,/productores/aragon/zaragoza/pastelerias-manuel-segura-daroca.jpg,pendiente,no comprobado,
pastas-romero-daroca,Pastas Romero,Daroca,Otros,pasta alimenticia,"Avda. de Madrid, 43, Daroca",Empresa familiar nacida en Daroca en 1926 y dedicada a la elaboración de pasta alimenticia.,Consultar web,+34976800105,romero@pastasromero.com,https://www.pastasromero.com/,,https://www.instagram.com/pastasromero,https://www.google.com/maps/search/?api=1&query=Pastas%20Alimenticias%20Romero%2C%20Av.%20Madrid%2C%2043B%2C%2050360%20Daroca%2C%20Zaragoza%2C%20Espa%C3%B1a&query_place_id=ChIJa6fLRtkRXA0R5re4XzvVPOY,41.1077548,-1.4159834,/productores/aragon/zaragoza/pastas-romero-daroca.webp,pendiente,no comprobado,
arroz-de-valarena-ejea-de-los-caballeros,Arroz de Valareña,Ejea de los Caballeros,Arroz,arroz Lido,"C/ del Trovador, 3, Valareña, Ejea de los Caballeros",Cooperativa agrícola de Valareña dedicada al cultivo y comercialización de arroz de variedad Lido.,Consultar web,+34976673114,,https://www.arrozdevalarena.es,,https://www.instagram.com/arrozdevalarena,https://www.google.com/maps/search/?api=1&query=Cooperativa%20del%20Campo%20San%20Miguel%20Arc%C3%A1ngel%2C%20C.%20del%20Trovador%2C%203%2C%2050617%20Valare%C3%B1a%2C%20Zaragoza%2C%20Espa%C3%B1a&query_place_id=ChIJJ3EYAkAkWg0RWAQuIrQqO48,42.1303749,-1.3083699,/productores/aragon/zaragoza/arroz-de-valarena-ejea-de-los-caballeros.png,pendiente,no comprobado,
la-zaragozana-ambar-zaragoza,La Zaragozana - Cervezas Ambar,Zaragoza,Cerveza artesana,cerveza Ambar,"C/ Ramón Berenguer IV, 1, Zaragoza","Cervecera zaragozana fundada en 1900, con fábrica histórica, museo y elaboración de cervezas Ambar.",Consultar visitas,+34976272846,cervezasambar@lazaragozana.com,https://www.ambar.com/,,https://www.instagram.com/cervezasambar,https://www.google.com/maps/search/?api=1&query=La%20Zaragozana%20-%20F%C3%A1brica%20de%20Cervezas%20%C3%81mbar%2C%20C.%20de%20Ram%C3%B3n%20Berenguer%20IV%2C%201%2C%20San%20Jos%C3%A9%2C%2050007%20Zaragoza%2C%20Espa%C3%B1a&query_place_id=ChIJtfQ7AOIUWQ0R_yh-uu6EObE,41.6374708,-0.8814247,/productores/aragon/zaragoza/la-zaragozana-ambar-zaragoza.webp,pendiente,no comprobado,
bodegas-borsao-borja,Bodegas Borsao,Borja,Bodega,"Vino tinto Tres Picos Garnacha, Borsao Selección","Camino del Moncayo, s/n, 50540 Borja, Zaragoza",Bodega pionera de la DOP Campo de Borja y referente mundial en la valorización de la uva garnacha.,Visitas concertadas,+34976867116,info@bodegasborsao.com,https://bodegasborsao.com,,https://www.instagram.com/bodegas_borsao/,https://www.google.com/maps/search/?api=1&query=Bodegas%20Borsao%2C%20Camino%20del%20Moncayo%2C%20s/n%2C%2050540%20Borja%2C%20Zaragoza%2C%20Zaragoza%2C%20Espa%C3%B1a,41.8347796,-1.5330224,/productores/aragon/zaragoza/bodegas-borsao-borja.webp,pendiente,no comprobado,
bodegas-langa-calatayud,Bodegas Langa,Calatayud,Bodega,"Cava Reyes de Aragón, Langa Pasión tinto","Ctra. Zaragoza, km 241, 50300 Calatayud, Zaragoza","La bodega familiar más emblemática de Calatayud, única elaboradora de cava con DOP en la zona.",Lun-Vie 9-14 y 15-18,+34976881818,info@bodegas-langa.com,https://www.bodegas-langa.com,,https://www.instagram.com/bodegas_langa/,https://www.google.com/maps/search/?api=1&query=Bodegas%20Langa%2C%20Ctra.%20Zaragoza%2C%20km%20241%2C%2050300%20Calatayud%2C%20Zaragoza%2C%20Zaragoza%2C%20Espa%C3%B1a,41.3527628,-1.6422977,/productores/aragon/zaragoza/bodegas-langa-calatayud.webp,pendiente,no comprobado,
bodegas-san-valero-carinena,Bodegas San Valero,Cariñena,Bodega,"Vino Particular Garnacha, Cava Particular","Ctra. de la A-220, km 22, 50400 Cariñena, Zaragoza","Histórica cooperativa fundada en 1944 de la DOP Cariñena, pionera en el embotellado y exportación.",Consultar visitas,+34976620400,info@sanvalero.com,https://www.sanvalero.com,,https://www.instagram.com/bodegasanvalero/,https://www.google.com/maps/search/?api=1&query=Bodegas%20San%20Valero%2C%20Ctra.%20de%20la%20A-220%2C%20km%2022%2C%2050400%20Cari%C3%B1ena%2C%20Zaragoza%2C%20Zaragoza%2C%20Espa%C3%B1a,41.3382122,-1.2263149,/productores/aragon/zaragoza/bodegas-san-valero-carinena.webp,pendiente,no comprobado,
bodega-pago-ayles-mezalocha,Bodega Pago Aylés,Mezalocha,Bodega,"Vino de Pago Aylés S, Vino de Pago Aylés Y","Ctra. Mezalocha a Villanueva, km 2, 50152 Mezalocha, Zaragoza","Primer y único viñedo con la máxima calificación de Pago calificado en Aragón, rodeado de un entorno natural protegido.",Visitas previa cita,+34976140306,info@pagoayles.com,https://pagoayles.com,,https://www.instagram.com/pagoayles/,https://www.google.com/maps/search/?api=1&query=Bodega%20Pago%20Ayl%C3%A9s%2C%20Ctra.%20Mezalocha%20a%20Villanueva%2C%20km%202%2C%2050152%20Mezalocha%2C%20Zaragoza%2C%20Zaragoza%2C%20Espa%C3%B1a,41.4283,-1.0911,/productores/aragon/zaragoza/bodega-pago-ayles-mezalocha.webp,pendiente,no comprobado,
bodega-frontonio-almonacid-de-la-sierra,Bodega Frontonio,Almonacid de la Sierra,Bodega,"Vino de garaje Frontonio, Microcósmico garnacha","Calle Mayor, 3, 50100 Almonacid de la Sierra, Zaragoza",Proyecto artesanal liderado por un Master of Wine centrado en recuperar micro-parcelas y viñas viejas de garnacha en laderas altas.,Visitas concertadas,+34652012013,info@bodegafrontonio.com,https://bodegafrontonio.com,,,https://www.google.com/maps/search/?api=1&query=Bodega%20Frontonio%2C%20Calle%20Mayor%2C%203%2C%2050100%20Almonacid%20de%20la%20Sierra%2C%20Zaragoza%2C%20Zaragoza%2C%20Espa%C3%B1a,41.3967,-1.2858,,pendiente,no comprobado,
bodegas-san-alejandro-miedes-de-aragon,Bodegas San Alejandro,Miedes de Aragón,Bodega,"Vino Baltasar Gracián Garnacha, Evodia tinto","Ctra. Calatayud, s/n, 50330 Miedes de Aragón, Zaragoza",Cooperativa dinámica de la DOP Calatayud con viñedos extremos de gran altitud plantados sobre suelos arcillo-pizarrosos.,Lun-Vie 8-15,+34976892200,info@san-alejandro.com,https://www.san-alejandro.com,,,https://www.google.com/maps/search/?api=1&query=Bodegas%20San%20Alejandro%2C%20Ctra.%20Calatayud%2C%20s/n%2C%2050330%20Miedes%20de%20Arag%C3%B3n%2C%20Zaragoza%2C%20Zaragoza%2C%20Espa%C3%B1a,41.2536,-1.4921,/productores/aragon/zaragoza/bodegas-san-alejandro-miedes-de-aragon.webp,pendiente,no comprobado,
bodegas-paniza-paniza,Bodegas Paniza,Paniza,Bodega,"Vino tinto Paniza Artigazo, Viñas de Paniza garnacha","Ctra. Cariñena-Gallocanta, km 53, 50480 Paniza, Zaragoza","Bodega cooperativa que cultiva viñas situadas en las estribaciones de la Sierra de Algairén, a más de 800 metros de altitud.",Consultar visitas,+34976622085,info@bodegaspaniza.com,https://www.bodegaspaniza.com,,,https://www.google.com/maps/search/?api=1&query=Bodegas%20Paniza%2C%20Ctra.%20Cari%C3%B1ena-Gallocanta%2C%20km%2053%2C%2050480%20Paniza%2C%20Zaragoza%2C%20Zaragoza%2C%20Espa%C3%B1a,41.2839177,-1.2122776,/productores/aragon/zaragoza/bodegas-paniza-paniza.webp,pendiente,no comprobado,
bodegas-palmeri-sicilia-tabuenca,Bodegas Palmeri Sicilia,Tabuenca,Bodega,Vino tinto Palmeri Navalta garnacha de montaña,"Camino de las Bodegas, s/n, 50547 Tabuenca, Zaragoza",Pequeña bodega que elabora garnachas ecológicas de montaña con fermentación artesanal en barrica.,Visitas concertadas,+34607823908,info@palmerisicilia.com,https://palmerisicilia.com,,,https://www.google.com/maps/search/?api=1&query=Bodegas%20Palmeri%20Sicilia%2C%20Camino%20de%20las%20Bodegas%2C%20s/n%2C%2050547%20Tabuenca%2C%20Zaragoza%2C%20Zaragoza%2C%20Espa%C3%B1a,41.7454,-1.5422,,pendiente,no comprobado,
bodegas-alto-moncayo-pozuelo-de-aragon,Bodegas Alto Moncayo,Pozuelo de Aragón,Bodega,"Vino tinto Alto Moncayo, Aquilon garnacha centenaria","Ctra. Borja, s/n, 50529 Pozuelo de Aragón, Zaragoza",Bodega boutique exclusiva dedicada a elaborar garnachas tintas de viñedos muy viejos en las laderas del Moncayo.,Visitas concertadas,+34976852932,info@bodegasaltomoncayo.com,http://www.bodegasaltomoncayo.com,,,https://www.google.com/maps/search/?api=1&query=Bodegas%20Alto%20Moncayo%2C%20Ctra.%20Borja%2C%20s/n%2C%2050529%20Pozuelo%20de%20Arag%C3%B3n%2C%20Zaragoza%2C%20Zaragoza%2C%20Espa%C3%B1a,41.7624310,-1.4207448,/productores/aragon/zaragoza/bodegas-alto-moncayo-pozuelo-de-aragon.webp,pendiente,no comprobado,
bodega-santo-cristo-ainzon,Bodega Santo Cristo,Ainzón,Bodega,"Vino Flor de Añón garnacha tinto, Selección Especial","Avda. de la Corona, 37, 50570 Ainzón, Zaragoza","Una de las cooperativas con más solera de la DOP Campo de Borja, conocida por sus vinos frescos de garnacha.",Consultar visitas,+34976868080,info@bodegasainzon.es,https://www.bodegasainzon.es,,,https://www.google.com/maps/search/?api=1&query=Bodega%20Santo%20Cristo%2C%20Avda.%20de%20la%20Corona%2C%2037%2C%2050570%20Ainz%C3%B3n%2C%20Zaragoza%2C%20Zaragoza%2C%20Espa%C3%B1a,41.8162360,-1.5198464,/productores/aragon/zaragoza/bodega-santo-cristo-ainzon.webp,pendiente,no comprobado,
bodega-vinae-mureri-murero,Bodega Vinae Mureri,Murero,Bodega,Vino tinto Mureri Garnacha de viña vieja,"Ctra. de Daroca, s/n, 50366 Murero, Zaragoza",Pequeña bodega familiar de producción limitada orientada a vinos artesanos de gran calidad en el valle del Jiloca.,Visitas previa cita,+34606112233,info@mureri.com,http://www.mureri.com,,,https://www.google.com/maps/search/?api=1&query=Bodega%20Vinae%20Mureri%2C%20Ctra.%20de%20Daroca%2C%20s/n%2C%2050366%20Murero%2C%20Zaragoza%2C%20Zaragoza%2C%20Espa%C3%B1a,41.1582160,-1.4813807,,pendiente,no comprobado,
bodegas-sommos-garnacha-murero,Bodegas Sommos Garnacha,Murero,Bodega,"Vino tinto Sommos Lamín, Sommos Varietales garnacha","Paraje Las Suertes, s/n, 50366 Murero, Zaragoza",Bodega dedicada al cultivo y elaboración exclusiva de garnacha en terrenos pizarrosos y laderas empinadas del valle del Jiloca.,Consultar visitas,+34976800778,info@bodegasommos.com,https://www.bodegasommos.com/es/bodega-garnacha,,,https://www.google.com/maps/search/?api=1&query=Bodegas%20Sommos%20Garnacha%2C%20Paraje%20Las%20Suertes%2C%20s/n%2C%2050366%20Murero%2C%20Zaragoza%2C%20Zaragoza%2C%20Espa%C3%B1a,41.1590899,-1.4822657,,pendiente,no comprobado,
cooperativa-san-juan-bautista-fuendejalon,Cooperativa San Juan Bautista,Fuendejalón,Bodega,"Vino tinto Marqués de Fuendejalón, Don Ramón joven","Ctra. de La Almunia, km 11, 50529 Fuendejalón, Zaragoza",Bodega cooperativa del Campo de Borja que procesa garnachas tradicionales muy representativas del somontano.,Lun-Vie 8-14,+34976862024,coopainzon@fuendejalon.es,http://coopfuendejalon.com,,,https://www.google.com/maps/search/?api=1&query=Cooperativa%20San%20Juan%20Bautista%2C%20Ctra.%20de%20La%20Almunia%2C%20km%2011%2C%2050529%20Fuendejal%C3%B3n%2C%20Zaragoza%2C%20Zaragoza%2C%20Espa%C3%B1a,41.7605872,-1.4722300,/productores/aragon/zaragoza/cooperativa-san-juan-bautista-fuendejalon.webp,pendiente,no comprobado,
bodegas-solar-de-urbezo-carinena,Bodegas Solar de Urbezo,Cariñena,Bodega,"Vino ecológico Urbezo garnacha, Urbezo chardonnay","Ctra. Cariñena-Zaragoza, km 46, 50400 Cariñena, Zaragoza",Bodega de propiedad familiar que cultiva en secano y elabora de forma ecológica vinos con marcado carácter de terroir.,Visitas previa cita,+34976621945,solar@urbezo.es,https://www.solardeurbezo.es,,https://www.instagram.com/solardeurbezo/,https://www.google.com/maps/search/?api=1&query=Bodegas%20Solar%20de%20Urbezo%2C%20Ctra.%20Cari%C3%B1ena-Zaragoza%2C%20km%2046%2C%2050400%20Cari%C3%B1ena%2C%20Zaragoza%2C%20Zaragoza%2C%20Espa%C3%B1a,41.335699999999996,-1.2296999999999998,,pendiente,no comprobado,
bodega-virgen-de-la-sierra-villarroya-de-la-sierra,Bodega Virgen de la Sierra,Villarroya de la Sierra,Bodega,"Vino Albada garnacha de cepas viejas, Albada blanco","Ctra. de Munébrega, s/n, 50210 Villarroya de la Sierra, Zaragoza","Cooperativa enmarcada en la DOP Calatayud con viñedos a gran altitud, caracterizada por la recolección manual.",Consultar visitas,+34976899014,info@bodegavirgendelasierra.com,https://www.bodegavirgendelasierra.com,,https://www.instagram.com/bodegavirgendelasierra/,https://www.google.com/maps/search/?api=1&query=Bodega%20Virgen%20de%20la%20Sierra%2C%20Ctra.%20de%20Mun%C3%A9brega%2C%20s/n%2C%2050210%20Villarroya%20de%20la%20Sierra%2C%20Zaragoza%2C%20Zaragoza%2C%20Espa%C3%B1a,41.4636101,-1.7836729,/productores/aragon/zaragoza/bodega-virgen-de-la-sierra-villarroya-de-la-sierra.webp,pendiente,no comprobado,
bodegas-ignacio-marin-carinena,Bodegas Ignacio Marín,Cariñena,Bodega,"Vino tinto Duquesa de la Victoria, Marín Garnacha barrica","Camino del Tejar, s/n, 50400 Cariñena, Zaragoza","Bodega familiar fundada en 1903 y gestionada por la misma dinastía, con un gran arraigo en la historia vinícola de Cariñena.",Consultar visitas,+34976620250,export@ignaciomarin.com,https://ignaciomarin.com,,https://www.instagram.com/bodegasignaciomarin/,https://www.google.com/maps/search/?api=1&query=Bodegas%20Ignacio%20Mar%C3%ADn%2C%20Camino%20del%20Tejar%2C%20s/n%2C%2050400%20Cari%C3%B1ena%2C%20Zaragoza%2C%20Zaragoza%2C%20Espa%C3%B1a,41.3382122,-1.2263149,/productores/aragon/zaragoza/bodegas-ignacio-marin-carinena.webp,pendiente,no comprobado,
bodegas-covinca-almonacid-de-la-sierra,Bodegas Covinca,Almonacid de la Sierra,Bodega,"Vino Torrelongares garnacha, Cava Torrelongares brut","Ctra. Cariñena, s/n, 50100 Almonacid de la Sierra, Zaragoza","Una de las cooperativas más dinámicas del Campo de Cariñena, elaboradora de una amplia gama de vinos y cavas galardonados.",Lun-Vie 8-14,+34976627011,info@covinca.es,https://www.covinca.es,,,https://www.google.com/maps/search/?api=1&query=Bodegas%20Covinca%2C%20Ctra.%20Cari%C3%B1ena%2C%20s/n%2C%2050100%20Almonacid%20de%20la%20Sierra%2C%20Zaragoza%2C%20Zaragoza%2C%20Espa%C3%B1a,41.3971069,-1.3235508,/productores/aragon/zaragoza/bodegas-covinca-almonacid-de-la-sierra.webp,pendiente,no comprobado,
bodegas-gran-ducay-carinena,Bodegas Gran Ducay,Cariñena,Bodega,"Vino Gran Ducay gran reserva, Cava Gran Ducay","Avda. de Cariñena, 10, 50400 Cariñena, Zaragoza",Línea clásica e icónica integrada dentro de la Cooperativa San Valero dedicada a vinos criados tradicionalmente.,Consultar visitas,+34976620400,info@granducay.com,http://www.granducay.com,,,https://www.google.com/maps/search/?api=1&query=Bodegas%20Gran%20Ducay%2C%20Avda.%20de%20Cari%C3%B1ena%2C%2010%2C%2050400%20Cari%C3%B1ena%2C%20Zaragoza%2C%20Zaragoza%2C%20Espa%C3%B1a,41.3381159,-1.2217567,,pendiente,no comprobado,
bodega-esteban-martin-alfamen,Bodega Esteban Martín,Alfamén,Bodega,"Vino Esteban Martín chardonnay, Tinto garnacha y syrah","Ctra. de Cariñena, km 6.5, 50112 Alfamén, Zaragoza",Bodega de diseño moderno y viñedo propio familiar sostenible centrado en la exportación y la viticultura respetuosa.,Visitas previa cita,+34976628286,info@estebanmartin.com,https://www.estebanmartin.com,,https://www.instagram.com/bodegaestebanmartin/,https://www.google.com/maps/search/?api=1&query=Bodega%20Esteban%20Mart%C3%ADn%2C%20Ctra.%20de%20Cari%C3%B1ena%2C%20km%206.5%2C%2050112%20Alfam%C3%A9n%2C%20Zaragoza%2C%20Zaragoza%2C%20Espa%C3%B1a,41.4383641,-1.2431728,/productores/aragon/zaragoza/bodega-esteban-martin-alfamen.webp,pendiente,no comprobado,
almazara-de-la-cooperativa-de-borja-borja,Almazara de la Cooperativa de Borja,Borja,Aceite,Aceite de oliva virgen extra Sierra del Moncayo DOP,"Ctra. Tarazona, s/n, 50540 Borja, Zaragoza",Obrador cooperativo de aceite que prensa aceituna empeltre y arbequina con DOP Sierra del Moncayo.,Lun-Vie 9-14,+34976867016,almazara@coopborja.es,http://coopborja.es,,,https://www.google.com/maps/search/?api=1&query=Almazara%20de%20la%20Cooperativa%20de%20Borja%2C%20Ctra.%20Tarazona%2C%20s/n%2C%2050540%20Borja%2C%20Zaragoza%2C%20Zaragoza%2C%20Espa%C3%B1a,41.827099999999994,-1.5401999999999998,,pendiente,no comprobado,
almazara-san-pedro-botorrita,Almazara San Pedro,Botorrita,Aceite,Aceite de oliva virgen extra San Pedro de Botorrita,"Ctra. Valencia, km 15, 50190 Botorrita, Zaragoza",Almazara local que moltura la aceituna empeltre y arbequina local mediante prensado artesanal en frío.,Consultar visitas,+34976149021,info@almazarabotorrita.com,http://almazarabotorrita.com,,,https://www.google.com/maps/search/?api=1&query=Almazara%20San%20Pedro%2C%20Ctra.%20Valencia%2C%20km%2015%2C%2050190%20Botorrita%2C%20Zaragoza%2C%20Zaragoza%2C%20Espa%C3%B1a,41.508,-0.9659,,pendiente,no comprobado,
almazara-de-carinena-carinena,Almazara de Cariñena,Cariñena,Aceite,Aceite de oliva virgen extra empeltre Cariñena DOP,"Avda. de la Paz, s/n, 50400 Cariñena, Zaragoza",Instalación tradicional cooperativa que comercializa aceite local DOP de olivos de secano de la llanura de Cariñena.,Lun-Vie 8-13,+34976620502,info@almazaracarinena.es,http://almazaracarinena.es,,,https://www.google.com/maps/search/?api=1&query=Almazara%20de%20Cari%C3%B1ena%2C%20Avda.%20de%20la%20Paz%2C%20s/n%2C%2050400%20Cari%C3%B1ena%2C%20Zaragoza%2C%20Zaragoza%2C%20Espa%C3%B1a,41.346199999999996,-1.2296999999999998,,pendiente,no comprobado,
aceites-lis-la-almunia-de-dona-godina,Aceites Lis,La Almunia de Doña Godina,Aceite,"Aceite de oliva virgen extra Goldlis premium, Lis AOVE","Autovía A-2, km 271, 50100 La Almunia de Doña Godina, Zaragoza",Almazara familiar innovadora creadora de aceites gourmet y visitas didácticas oleoturísticas en la Valdejalón.,Lun-Vie 9-18,+34976600007,info@aceiteslis.com,https://www.aceiteslis.com,,https://www.instagram.com/aceiteslis/,https://www.google.com/maps/search/?api=1&query=Aceites%20Lis%2C%20Autov%C3%ADa%20A-2%2C%20km%20271%2C%2050100%20La%20Almunia%20de%20Do%C3%B1a%20Godina%2C%20Zaragoza%2C%20Zaragoza%2C%20Espa%C3%B1a,41.4777806,-1.3732963,/productores/aragon/zaragoza/aceites-lis-la-almunia-de-dona-godina.webp,pendiente,no comprobado,
aceites-sierra-del-moncayo-tarazona,Aceites Sierra del Moncayo,Tarazona,Aceite,Aceite de oliva virgen extra ecológico Sierra del Moncayo DOP,"Camino de la Almazara, s/n, 50500 Tarazona, Zaragoza",Almazara dedicada a la elaboración de aceites de oliva de variedades autóctonas empeltre y royal de los pies del Moncayo.,Consultar visitas,+34976640102,info@aceitesmoncayo.es,http://aceitesmoncayo.es,,,https://www.google.com/maps/search/?api=1&query=Aceites%20Sierra%20del%20Moncayo%2C%20Camino%20de%20la%20Almazara%2C%20s/n%2C%2050500%20Tarazona%2C%20Zaragoza%2C%20Zaragoza%2C%20Espa%C3%B1a,41.9065093,-1.7216461,,pendiente,no comprobado,
almazara-de-sastago-sastago,Almazara de Sástago,Sástago,Aceite,Aceite de oliva virgen extra empeltre Sástago,"Ctra. Escatrón, s/n, 50780 Sástago, Zaragoza",Molino de aceite tradicional que procesa olivas de secano cultivadas a las orillas de los meandros del Ebro.,Lun-Vie 8-14,+34976178044,info@almazarasastago.es,http://almazarasastago.es,,,https://www.google.com/maps/search/?api=1&query=Almazara%20de%20S%C3%A1stago%2C%20Ctra.%20Escatr%C3%B3n%2C%20s/n%2C%2050780%20S%C3%A1stago%2C%20Zaragoza%2C%20Zaragoza%2C%20Espa%C3%B1a,41.3228,-0.3475,,pendiente,no comprobado,
almazara-la-olivera-maella,Almazara La Olivera,Maella,Aceite,Aceite de oliva virgen extra Caspe-Maella empeltre,"Camino del Molino, s/n, 50710 Maella, Zaragoza",Cooperativa agrícola de Maella especializada en la aceituna empeltre del Bajo Aragón aragonés.,Lun-Vie 9-14,+34976638050,info@laoliveramaella.com,http://laoliveramaella.com,,,https://www.google.com/maps/search/?api=1&query=Almazara%20La%20Olivera%2C%20Camino%20del%20Molino%2C%20s/n%2C%2050710%20Maella%2C%20Zaragoza%2C%20Zaragoza%2C%20Espa%C3%B1a,41.1222903,0.1395442,,pendiente,no comprobado,
almazara-cooperativa-san-pedro-apostol-tabuenca,Almazara Cooperativa San Pedro Apóstol,Tabuenca,Aceite,Aceite de oliva virgen extra tradicional empeltre,"Plaza Mayor, 1, 50547 Tabuenca, Zaragoza",Pequeña almazara cooperativa de montaña con producción artesanal de olivos centenarios de secano.,Consultar visitas,+34976852109,info@cooptabuenca.es,http://cooptabuenca.es,,,https://www.google.com/maps/search/?api=1&query=Almazara%20Cooperativa%20San%20Pedro%20Ap%C3%B3stol%2C%20Plaza%20Mayor%2C%201%2C%2050547%20Tabuenca%2C%20Zaragoza%2C%20Zaragoza%2C%20Espa%C3%B1a,41.741899999999994,-1.5492,,pendiente,no comprobado,
quesos-la-pardina-zaragoza,Quesos La Pardina,Zaragoza,Lácteos y quesos,"Queso artesano de cabra La Pardina, yogures de cabra","Barrio de Garrapinillos, 50190 Zaragoza, España",Quesería artesana con ganadería caprina propia dedicada a la elaboración tradicional y venta de proximidad en Zaragoza.,Consultar visitas,+34976781204,lapardina@garrapinillos.es,https://www.quesoslapardina.com/,,,https://www.google.com/maps/search/?api=1&query=Quesos%20La%20Pardina%2C%20Barrio%20de%20Garrapinillos%2C%2050190%20Zaragoza%2C%20Espa%C3%B1a%2C%20Zaragoza%2C%20Espa%C3%B1a,41.6698620,-0.9948527,/productores/aragon/zaragoza/quesos-la-pardina-zaragoza.webp,pendiente,no comprobado,
queseria-el-acebo-trasmoz,Quesería El Acebo,Trasmoz,Lácteos y quesos,"Queso semicurado de cabra El Acebo de Trasmoz, almogrote","Calle del Castillo, 4, 50583 Trasmoz, Zaragoza","Elaboración artesana de quesos de cabra curados al pie del Castillo de Trasmoz, con recetas tradicionales.",Consultar visitas,+34617123456,elacebo@trasmoz.es,http://elacebotrasmoz.com,,,https://www.google.com/maps/search/?api=1&query=Queser%C3%ADa%20El%20Acebo%2C%20Calle%20del%20Castillo%2C%204%2C%2050583%20Trasmoz%2C%20Zaragoza%2C%20Zaragoza%2C%20Espa%C3%B1a,41.8293326,-1.7297977,,pendiente,no comprobado,
quesos-de-el-burgo-el-burgo-de-ebro,Quesos de El Burgo,El Burgo de Ebro,Lácteos y quesos,"Queso tierno de cabra fresco El Burgo, requesón artesano","Camino del Río, s/n, 50730 El Burgo de Ebro, Zaragoza",Quesería familiar de la ribera baja del Ebro centrada en productos lácteos frescos de pastoreo directo.,Consultar visitas,+34639807060,quesoselburgo@burgoebro.es,http://quesoselburgo.com,,,https://www.google.com/maps/search/?api=1&query=Quesos%20de%20El%20Burgo%2C%20Camino%20del%20R%C3%ADo%2C%20s/n%2C%2050730%20El%20Burgo%20de%20Ebro%2C%20Zaragoza%2C%20Zaragoza%2C%20Espa%C3%B1a,41.5722233,-0.7424400,/productores/aragon/zaragoza/quesos-de-el-burgo-el-burgo-de-ebro.webp,pendiente,no comprobado,
quesos-villa-de-sastago-sastago,Quesos Villa de Sástago,Sástago,Lácteos y quesos,Queso curado de oveja de Sástago,"Calle de las Eras, 12, 50780 Sástago, Zaragoza",Quesería tradicional de ovejas de pasto en la estepa del meandro del Ebro.,Consultar visitas,+34607112233,sastagoquesos@gmail.com,http://quesossastago.com,,,https://www.google.com/maps/search/?api=1&query=Quesos%20Villa%20de%20S%C3%A1stago%2C%20Calle%20de%20las%20Eras%2C%2012%2C%2050780%20S%C3%A1stago%2C%20Zaragoza%2C%20Zaragoza%2C%20Espa%C3%B1a,41.3233679,-0.3455744,,pendiente,no comprobado,
lacteos-de-chiapa-daroca,Lácteos de Chiapa,Daroca,Lácteos y quesos,Queso semicurado de oveja Chiapa tradicional,"Ctra. Teruel, s/n, 50360 Daroca, Zaragoza",Quesería artesana que elabora con recetas tradicionales y leche de pastoreo local en la cuenca del Jiloca.,Consultar comercio,+34976800045,lacteoschiapa@gmail.com,http://lacteoschiapa.es,,,https://www.google.com/maps/search/?api=1&query=L%C3%A1cteos%20de%20Chiapa%2C%20Ctra.%20Teruel%2C%20s/n%2C%2050360%20Daroca%2C%20Zaragoza%2C%20Zaragoza%2C%20Espa%C3%B1a,41.1066881,-1.4129526,,pendiente,no comprobado,
quesos-omelette-de-cabra-zaragoza,Quesos Omelette de Cabra,Zaragoza,Lácteos y quesos,Queso artesano afinado de leche cruda de cabra,"Calle Alfonso I, 12, 50003 Zaragoza, España",Tienda-taller dedicada a la afinación de quesos artesanos de pequeños rebaños de cabra aragoneses.,Lun-Sab 10-14 y 17-20,+34976223344,info@omelettequesos.es,http://omelettequesos.es,,,https://www.google.com/maps/search/?api=1&query=Quesos%20Omelette%20de%20Cabra%2C%20Calle%20Alfonso%20I%2C%2012%2C%2050003%20Zaragoza%2C%20Espa%C3%B1a%2C%20Zaragoza%2C%20Espa%C3%B1a,41.6527000,-0.8782000,,pendiente,no comprobado,
casa-de-ganaderos-zaragoza,Casa de Ganaderos,Zaragoza,Charcutería,"Ternasco de Aragón IGP, cordero de pastoreo tradicional","Calle San Andrés, 8, 50001 Zaragoza, España","Fundada en 1218 por el rey Jaime I, es la empresa y cooperativa de ganaderos en activo más antigua de España.",De lunes a viernes de 8 a 15h,+34976290000,info@casaganaderos.com,https://casaganaderos.com,,,https://www.google.com/maps/search/?api=1&query=Casa%20de%20Ganaderos%2C%20Calle%20San%20Andr%C3%A9s%2C%208%2C%2050001%20Zaragoza%2C%20Espa%C3%B1a%2C%20Zaragoza%2C%20Espa%C3%B1a,41.6525610,-0.8784860,/productores/aragon/zaragoza/casa-de-ganaderos-zaragoza.webp,pendiente,no comprobado,
pastores-grupo-cooperativo-zaragoza,Pastores Grupo Cooperativo,Zaragoza,Charcutería,Pierna y paletilla de Ternasco de Aragón IGP,"Mercazaragoza, Ctra. Cogullada, s/n, 50014 Zaragoza, España",Cooperativa ganadera aragonesa líder en la producción sostenible y comercialización de cordero de calidad certificada.,Lun-Vie 8-16,+34976138050,info@grupopastores.coop,https://grupopastores.coop,,,https://www.google.com/maps/search/?api=1&query=Pastores%20Grupo%20Cooperativo%2C%20Mercazaragoza%2C%20Ctra.%20Cogullada%2C%20s/n%2C%2050014%20Zaragoza%2C%20Espa%C3%B1a%2C%20Zaragoza%2C%20Espa%C3%B1a,41.6885000,-0.8703000,/productores/aragon/zaragoza/pastores-grupo-cooperativo-zaragoza.webp,pendiente,no comprobado,
embutidos-la-tellana-borja,Embutidos La Tellana,Borja,Charcutería,"Longaniza de Borja, chorizo de la abuela, morcilla de cebolla","Calle San Francisco, 22, 50540 Borja, Zaragoza",Obrador tradicional del Campo de Borja especializado en embutidos curados tradicionales y adobados.,Lun-Sab 9-14,+34976851120,info@latellana.es,https://latellana.es,,,https://www.google.com/maps/search/?api=1&query=Embutidos%20La%20Tellana%2C%20Calle%20San%20Francisco%2C%2022%2C%2050540%20Borja%2C%20Zaragoza%2C%20Zaragoza%2C%20Espa%C3%B1a,41.8342185,-1.5360182,/productores/aragon/zaragoza/embutidos-la-tellana-borja.webp,pendiente,no comprobado,
hermanos-casabona-fuentes-de-ebro,Hermanos Casabona,Fuentes de Ebro,Charcutería,"Longaniza de Fuentes con cebolla DOP, chistorra artesanal","Pol. Ind. La Corona, s/n, 50740 Fuentes de Ebro, Zaragoza",Obrador cárnico que elabora embutidos artesanos fusionando carnes de calidad y la cebolla dulce de Fuentes DOP.,Consultar comercio,+34976169090,embutidos@hnoscasabona.es,https://hnoscasabona.es,,,https://www.google.com/maps/search/?api=1&query=Hermanos%20Casabona%2C%20Pol.%20Ind.%20La%20Corona%2C%20s/n%2C%2050740%20Fuentes%20de%20Ebro%2C%20Zaragoza%2C%20Zaragoza%2C%20Espa%C3%B1a,41.5113985,-0.6286721,/productores/aragon/zaragoza/hermanos-casabona-fuentes-de-ebro.webp,pendiente,no comprobado,
carniceria-melsa-zaragoza-zaragoza,Carnicería Melsa (Zaragoza),Zaragoza,Charcutería,"Longaniza de Graus, tortetas tradicionales, cecina artesana","Avenida de Goya, 8, 50006 Zaragoza, España","Tienda en Zaragoza del prestigioso obrador artesano Melsa, manteniendo la tradición charcutera del Pirineo.",Lun-Sab 9-14 y 17-20,+34976412030,info@melsa.es,https://melsa.es,,,https://www.google.com/maps/search/?api=1&query=Carnicer%C3%ADa%20Melsa%20%28Zaragoza%29%2C%20Avenida%20de%20Goya%2C%208%2C%2050006%20Zaragoza%2C%20Espa%C3%B1a%2C%20Zaragoza%2C%20Espa%C3%B1a,41.6467000,-0.8852000,,pendiente,no comprobado,
carniceria-jesus-ignacio-mainar-carinena,Carnicería Jesús Ignacio Mainar,Cariñena,Charcutería,"Longaniza tradicional de Cariñena, adobo aragonés","Calle Mayor, 45, 50400 Cariñena, Zaragoza",Carnicería local que elabora derivados del cerdo curados y frescos respetando los procesos tradicionales de maduración.,Lun-Sab 9-14,+34976620808,carniceriamainar@gmail.com,http://carniceriamainar.es,,,https://www.google.com/maps/search/?api=1&query=Carnicer%C3%ADa%20Jes%C3%BAs%20Ignacio%20Mainar%2C%20Calle%20Mayor%2C%2045%2C%2050400%20Cari%C3%B1ena%2C%20Zaragoza%2C%20Zaragoza%2C%20Espa%C3%B1a,41.3373027,-1.2241547,,pendiente,no comprobado,
embutidos-muro-el-buste,Embutidos Muro,El Buste,Charcutería,"Longaniza de El Buste curada al viento, lomo embuchado","Calle del Pilar, 2, 50548 El Buste, Zaragoza","Obrador familiar artesano situado a gran altura, secando embutidos naturales al frío del Moncayo.",Consultar visitas,+34976852033,embutidosmuro@gmail.com,http://embutidosmuro.es,,,https://www.google.com/maps/search/?api=1&query=Embutidos%20Muro%2C%20Calle%20del%20Pilar%2C%202%2C%2050548%20El%20Buste%2C%20Zaragoza%2C%20Zaragoza%2C%20Espa%C3%B1a,41.8860700,-1.6014515,,pendiente,no comprobado,
carnes-y-embutidos-ibanez-ejea-de-los-caballeros,Carnes y Embutidos Ibáñez,Ejea de los Caballeros,Charcutería,"Longaniza de las Cinco Villas, morcilla de arroz de Ejea","Calle Mediavilla, 12, 50600 Ejea de los Caballeros, Zaragoza",Obrador con larga tradición en la comarca de las Cinco Villas que selecciona cerdos locales para elaborar embutidos tradicionales.,Lun-Sab 9-13:30,+34976660145,embutidosibanez@gmail.com,http://embutidosibanez.es,,,https://www.google.com/maps/search/?api=1&query=Carnes%20y%20Embutidos%20Ib%C3%A1%C3%B1ez%2C%20Calle%20Mediavilla%2C%2012%2C%2050600%20Ejea%20de%20los%20Caballeros%2C%20Zaragoza%2C%20Zaragoza%2C%20Espa%C3%B1a,42.1272382,-1.1399783,,pendiente,no comprobado,
embutidos-de-la-ribera-alagon,Embutidos de la Ribera,Alagón,Charcutería,"Longaniza fresca de Alagón, chorizo curado artesano","Calle Mayor, 3, 50630 Alagón, Zaragoza",Charcutería y obrador tradicional que elabora productos cárnicos frescos con recetas tradicionales de la ribera baja del Ebro.,Lun-Sab 9-14,+34976610044,info@embutidosdelaribera.es,http://embutidosdelaribera.es,,,https://www.google.com/maps/search/?api=1&query=Embutidos%20de%20la%20Ribera%2C%20Calle%20Mayor%2C%203%2C%2050630%20Alag%C3%B3n%2C%20Zaragoza%2C%20Zaragoza%2C%20Espa%C3%B1a,41.7700699,-1.1204350,,pendiente,no comprobado,
carniceria-salillas-zaragoza,Carnicería Salillas,Zaragoza,Charcutería,"Longaniza artesana de Aragón, cortes de Ternasco","Calle Tomas Breton, 24, 50005 Zaragoza, España",Obrador familiar especializado en embutidos aragoneses y carnes selectas del secano.,Lun-Vie 9-14 y 17-20,+34976352011,salillascarniceria@gmail.com,http://carniceriasalillas.es,,,https://www.google.com/maps/search/?api=1&query=Carnicer%C3%ADa%20Salillas%2C%20Calle%20Tomas%20Breton%2C%2024%2C%2050005%20Zaragoza%2C%20Espa%C3%B1a%2C%20Zaragoza%2C%20Espa%C3%B1a,41.6418000,-0.8923000,,pendiente,no comprobado,
charcuteria-el-tubo-zaragoza,Charcutería El Tubo,Zaragoza,Charcutería,"Tablas de jamón curado DOP Teruel, cecina tradicional","Calle Estébanes, 5, 50003 Zaragoza, España",Charcutería artesanal que selecciona y comercializa los mejores embutidos curados tradicionales del Aragón rural.,Lun-Sab 10-14 y 18-21,+34976293040,info@charcuteriaeltubo.es,http://charcuteriaeltubo.es,,,https://www.google.com/maps/search/?api=1&query=Charcuter%C3%ADa%20El%20Tubo%2C%20Calle%20Est%C3%A9banes%2C%205%2C%2050003%20Zaragoza%2C%20Espa%C3%B1a%2C%20Zaragoza%2C%20Espa%C3%B1a,41.6537111,-0.8804926,,pendiente,no comprobado,
secadero-de-jamones-alto-aragon-zaragoza,Secadero de Jamones Alto Aragón,Zaragoza,Charcutería,"Jamón de Teruel DOP curado en cueva, lomo embuchado","Calle Alfonso I, 8, 50003 Zaragoza, España",Establecimiento tradicional y secadero con punto de venta directa de jamones tradicionales curados al aire de la sierra.,Lun-Sab 9:30-20:30,+34976223010,info@jamonesaltoaragon.es,http://jamonesaltoaragon.es,,,https://www.google.com/maps/search/?api=1&query=Secadero%20de%20Jamones%20Alto%20Arag%C3%B3n%2C%20Calle%20Alfonso%20I%2C%208%2C%2050003%20Zaragoza%2C%20Espa%C3%B1a%2C%20Zaragoza%2C%20Espa%C3%B1a,41.6530000,-0.8781000,/productores/aragon/zaragoza/secadero-de-jamones-alto-aragon-zaragoza.webp,pendiente,no comprobado,
carnes-selectas-el-moncayo-tarazona,Carnes Selectas El Moncayo,Tarazona,Charcutería,"Carne de cabrito del Moncayo, longaniza fresca al romero","Calle Marrodán, 14, 50500 Tarazona, Zaragoza",Carnicería de Tarazona dedicada a carnes de ganaderías extensivas del macizo del Moncayo.,Lun-Sab 8:30-14:00,+34976640304,selectaselmoncayo@gmail.com,http://selectaselmoncayo.es,,,https://www.google.com/maps/search/?api=1&query=Carnes%20Selectas%20El%20Moncayo%2C%20Calle%20Marrod%C3%A1n%2C%2014%2C%2050500%20Tarazona%2C%20Zaragoza%2C%20Zaragoza%2C%20Espa%C3%B1a,41.900299999999994,-1.7308999999999999,,pendiente,no comprobado,
embutidos-el-cortijo-calatayud,Embutidos El Cortijo,Calatayud,Charcutería,"Longaniza de Calatayud curada, chorizo sarta tradicional","Avda. de la Diputación, s/n, 50300 Calatayud, Zaragoza",Secadero tradicional especializado en embutidos curados tradicionales del valle del Jalón.,Lun-Vie 9-13:30,+34976882045,elcortijocalatayud@gmail.com,http://elcortijocalatayud.es,,,https://www.google.com/maps/search/?api=1&query=Embutidos%20El%20Cortijo%2C%20Avda.%20de%20la%20Diputaci%C3%B3n%2C%20s/n%2C%2050300%20Calatayud%2C%20Zaragoza%2C%20Zaragoza%2C%20Espa%C3%B1a,41.349799999999995,-1.6499,,pendiente,no comprobado,
carniceria-hermanos-royo-daroca,Carnicería Hermanos Royo,Daroca,Charcutería,"Longaniza artesana de Daroca, lomo de orza, adobos de la casa","Calle Mayor, 84, 50360 Daroca, Zaragoza",Carnicería artesana con obrador que mantiene recetas de orza y adobo tradicionales del Jiloca.,Lun-Sab 9-14,+34976800547,hermanosroyo@gmail.com,http://hermanosroyo.es,,,https://www.google.com/maps/search/?api=1&query=Carnicer%C3%ADa%20Hermanos%20Royo%2C%20Calle%20Mayor%2C%2084%2C%2050360%20Daroca%2C%20Zaragoza%2C%20Zaragoza%2C%20Espa%C3%B1a,41.115300000000005,-1.4231999999999998,,pendiente,no comprobado,
pasteleria-fantoba-zaragoza,Pastelería Fantoba,Zaragoza,Pan y pastelería,"Guirlache tradicional de Fantoba, frutas de Aragón, adoquines de chocolate","Calle Don Jaime I, 21, 50003 Zaragoza, España","Establecida en 1856 y diseñada por el arquitecto Ricardo Magdalena, es la pastelería más antigua de Zaragoza capital.",Lun-Sab 9:00-21:00; Dom 10:00-14:30,+34976298505,info@fantoba.com,https://fantoba.com,,https://www.instagram.com/fantobaconfiteria/,https://www.google.com/maps/search/?api=1&query=Pasteler%C3%ADa%20Fantoba%2C%20Calle%20Don%20Jaime%20I%2C%2021%2C%2050003%20Zaragoza%2C%20Espa%C3%B1a%2C%20Zaragoza%2C%20Espa%C3%B1a,41.6531395,-0.8786049,/productores/aragon/zaragoza/pasteleria-fantoba-zaragoza.webp,pendiente,no comprobado,
pasteleria-micheto-calatayud,Pastelería Micheto,Calatayud,Pan y pastelería,"Bizcochos de Calatayud de suela, frutas de Aragón artesanales","Plaza de España, 5, 50300 Calatayud, Zaragoza","Fundada en 1770, es proveedora de la Casa Real y el obrador de repostería más antiguo de Aragón.",Lun-Dom 9:00-14:00 y 16:30-20:30,+34976881515,info@pasteleriamicheto.es,https://pasteleriamicheto.es,,https://www.instagram.com/michetopasteleria/,https://www.google.com/maps/search/?api=1&query=Pasteler%C3%ADa%20Micheto%2C%20Plaza%20de%20Espa%C3%B1a%2C%205%2C%2050300%20Calatayud%2C%20Zaragoza%2C%20Zaragoza%2C%20Espa%C3%B1a,41.3541980,-1.6433440,/productores/aragon/zaragoza/pasteleria-micheto-calatayud.webp,pendiente,no comprobado,
pasteleria-lalmolda-zaragoza,Pastelería Lalmolda,Zaragoza,Pan y pastelería,"Palmeras de chocolate Lalmolda, pasteles rusos","Calle Méndez Núñez, 12, 50003 Zaragoza, España",Histórica confitería con obrador artesanal diario en el casco viejo de Zaragoza desde 1915.,Lun-Sab 8:30-20:30; Dom 9:00-14:30,+34976295325,lalmoldapasteleria@gmail.com,https://www.pastelerialalmolda.com/,,https://www.instagram.com/pastelerialalmolda/,https://www.google.com/maps/search/?api=1&query=Pasteler%C3%ADa%20Lalmolda%2C%20Calle%20M%C3%A9ndez%20N%C3%BA%C3%B1ez%2C%2012%2C%2050003%20Zaragoza%2C%20Espa%C3%B1a%2C%20Zaragoza%2C%20Espa%C3%B1a,41.6538705,-0.8799929,/productores/aragon/zaragoza/pasteleria-lalmolda-zaragoza.webp,pendiente,no comprobado,
panaderia-sayon-zaragoza,Panadería Sayón,Zaragoza,Pan y pastelería,"Pan de cañada aragonés, hogaza tradicional de masa madre","Calle San Vicente de Paul, 28, 50001 Zaragoza, España",Panadería artesana tradicional reconocida por sus panes típicos aragoneses y su repostería tradicional seca.,Lun-Sab 8:00-14:30,+34976291244,panaderiasayon@gmail.com,,,https://www.instagram.com/panaderiasayon/,https://www.google.com/maps/search/?api=1&query=Panader%C3%ADa%20Say%C3%B3n%2C%20Calle%20San%20Vicente%20de%20Paul%2C%2028%2C%2050001%20Zaragoza%2C%20Espa%C3%B1a%2C%20Zaragoza%2C%20Espa%C3%B1a,41.6555000,-0.8801000,,pendiente,no comprobado,
panaderia-lartisana-zaragoza,Panadería L'Artisana,Zaragoza,Pan y pastelería,"Pan rústico de masa madre gallego, cruasanes artesanos de mantequilla","Calle Jerónimo Zurita, 15, 50001 Zaragoza, España",Obrador de panadería artesanal que elabora panes de masa madre de fermentación lenta y bollería fina.,Lun-Vie 8:00-20:00; Sab 9:00-14:00,+34976098090,artisana.zgz@gmail.com,https://lartisanazgz.com/,,,https://www.google.com/maps/search/?api=1&query=Panader%C3%ADa%20L%27Artisana%2C%20Calle%20Jer%C3%B3nimo%20Zurita%2C%2015%2C%2050001%20Zaragoza%2C%20Espa%C3%B1a%2C%20Zaragoza%2C%20Espa%C3%B1a,41.6480000,-0.8770000,,pendiente,no comprobado,
confiteria-las-almas-zaragoza,Confitería Las Almas,Zaragoza,Pan y pastelería,"Chocolates artesanos creativos, bombones finos","Calle de las Almas, 2, 50003 Zaragoza, España",Pequeño obrador especializado en bombonería artesanal creativa y dulces finos con ingredientes locales.,Lun-Sab 9:30-13:30,+34976293022,confiterialasalmas@gmail.com,http://confiterialasalmas.es,,,https://www.google.com/maps/search/?api=1&query=Confiter%C3%ADa%20Las%20Almas%2C%20Calle%20de%20las%20Almas%2C%202%2C%2050003%20Zaragoza%2C%20Espa%C3%B1a%2C%20Zaragoza%2C%20Espa%C3%B1a,41.6531000,-0.8758000,,pendiente,no comprobado,
dulces-la-pasion-utebo,Dulces La Pasión,Utebo,Pan y pastelería,"Bizcochos tradicionales de horno, magdalenas de la abuela","Pol. Ind. Las Fuentes, 50180 Utebo, Zaragoza",Fábrica familiar dedicada a la repostería de horno tradicional y bizcochos clásicos desde hace décadas.,Lun-Vie 8:00-16:00,+34976770010,info@dulceslapasion.es,https://www.dulceslapasion.es,,https://www.instagram.com/dulceslapasion/,https://www.google.com/maps/search/?api=1&query=Dulces%20La%20Pasi%C3%B3n%2C%20Pol.%20Ind.%20Las%20Fuentes%2C%2050180%20Utebo%2C%20Zaragoza%2C%20Zaragoza%2C%20Espa%C3%B1a,41.710899999999995,-1.0333999999999999,,pendiente,no comprobado,
panaderia-reposteria-sanz-ateca,Panadería Repostería Sanz,Ateca,Pan y pastelería,"Magdalenas tradicionales de Ateca, tortas de manteca","Calle Mayor, 15, 50200 Ateca, Zaragoza",Obrador tradicional del Jalón con recetas históricas de repostería seca.,Lun-Sab 8:00-14:00,+34976842010,reposteriasanz@gmail.com,http://reposteriasanz.es,,,https://www.google.com/maps/search/?api=1&query=Panader%C3%ADa%20Reposter%C3%ADa%20Sanz%2C%20Calle%20Mayor%2C%2015%2C%2050200%20Ateca%2C%20Zaragoza%2C%20Zaragoza%2C%20Espa%C3%B1a,41.3308277,-1.7928985,,pendiente,no comprobado,
pasteleria-los-mallos-zaragoza,Pastelería Los Mallos,Zaragoza,Pan y pastelería,"Trenza artesana de hojaldre Los Mallos, pasteles de crema","Calle Don Jaime I, 38, 50003 Zaragoza, España",Establecimiento tradicional que elabora trenzas de hojaldre artesanas muy reconocidas en Zaragoza.,Lun-Sab 9:00-21:00,+34976290033,pastelerialosmallos@gmail.com,http://pastelerialosmallos.com,,,https://www.google.com/maps/search/?api=1&query=Pasteler%C3%ADa%20Los%20Mallos%2C%20Calle%20Don%20Jaime%20I%2C%2038%2C%2050003%20Zaragoza%2C%20Espa%C3%B1a%2C%20Zaragoza%2C%20Espa%C3%B1a,41.6545000,-0.8760000,,pendiente,no comprobado,
horno-de-sos-del-rey-catolico-sos-del-rey-catolico,Horno de Sos del Rey Católico,Sos del Rey Católico,Pan y pastelería,"Tortas tradicionales de Sos, bollos de manteca de leña","Plaza del Horno, 2, 50680 Sos del Rey Católico, Zaragoza",Horno de leña tradicional emplazado en la villa medieval que amasa panes rústicos y tortas artesanas.,Lun-Sab 8:30-14:00,+34976888012,hornosos@gmail.com,http://hornosos.es,,,https://www.google.com/maps/search/?api=1&query=Horno%20de%20Sos%20del%20Rey%20Cat%C3%B3lico%2C%20Plaza%20del%20Horno%2C%202%2C%2050680%20Sos%20del%20Rey%20Cat%C3%B3lico%2C%20Zaragoza%2C%20Zaragoza%2C%20Espa%C3%B1a,42.4969991,-1.2150631,,pendiente,no comprobado,
cervezas-artillera-zaragoza,Cervezas Artillera,Zaragoza,Cerveza artesana,"Cerveza artesana Artillera Trigo, Artillera Porter","Calle San Valero, 4, 50013 Zaragoza, España",Cervecería independiente de Zaragoza que elabora recetas de inspiración histórica con ingredientes de la comarca.,Consultar web,+34622304050,info@cervezasartillera.com,http://www.cervezasartillera.com,,https://www.instagram.com/cervezas_artillera/,https://www.google.com/maps/search/?api=1&query=Cervezas%20Artillera%2C%20Calle%20San%20Valero%2C%204%2C%2050013%20Zaragoza%2C%20Espa%C3%B1a%2C%20Zaragoza%2C%20Espa%C3%B1a,41.6140000,-0.8497000,/productores/aragon/zaragoza/cervezas-artillera-zaragoza.webp,pendiente,no comprobado,
miel-de-zuera-zuera,Miel de Zuera,Zuera,Miel,"Miel artesanal de romero de Zuera, miel de tomillo","Camino del Monte, s/n, 50800 Zuera, Zaragoza",Obrador de miel artesana con colmenas propias en las zonas boscosas y estepas del Bajo Gállego.,Consultar visitas,+34609809010,mieldezuera@zuera.es,http://mieldezuera.es,,,https://www.google.com/maps/search/?api=1&query=Miel%20de%20Zuera%2C%20Camino%20del%20Monte%2C%20s/n%2C%2050800%20Zuera%2C%20Zaragoza%2C%20Zaragoza%2C%20Espa%C3%B1a,41.8687,-0.7891,,pendiente,no comprobado,
miel-la-mieleria-almonacid-de-la-sierra,Miel La Mielería,Almonacid de la Sierra,Miel,"Miel pura de azahar de secano, miel milflores","Paraje El Molino, 50100 Almonacid de la Sierra, Zaragoza",Pequeño proyecto apícola familiar que recolecta y envasa miel pura de flores de ladera de secano aragonesa.,Consultar visitas,+34612345678,info@lamieleriaalmonacid.com,http://lamieleriaalmonacid.com,,,https://www.google.com/maps/search/?api=1&query=Miel%20La%20Mieler%C3%ADa%2C%20Paraje%20El%20Molino%2C%2050100%20Almonacid%20de%20la%20Sierra%2C%20Zaragoza%2C%20Zaragoza%2C%20Espa%C3%B1a,41.3971069,-1.3235508,,pendiente,no comprobado,
conservas-jalon-la-almunia-de-dona-godina,Conservas Jalón,La Almunia de Doña Godina,Conservas,"Melocotón en almíbar de La Almunia, conserva de tomate natural","Pol. Ind. La Almunia, s/n, 50100 La Almunia de Doña Godina, Zaragoza",Fábrica artesanal de conservas de fruta dulce de hueso y hortalizas de las vegas del río Jalón.,Lun-Vie 8-15,+34976600412,info@conservasjalon.es,http://conservasjalon.es,,,https://www.google.com/maps/search/?api=1&query=Conservas%20Jal%C3%B3n%2C%20Pol.%20Ind.%20La%20Almunia%2C%20s/n%2C%2050100%20La%20Almunia%20de%20Do%C3%B1a%20Godina%2C%20Zaragoza%2C%20Zaragoza%2C%20Espa%C3%B1a,41.473499999999994,-1.3815,,pendiente,no comprobado,
miel-del-moncayo-vera-de-moncayo,Miel del Moncayo,Vera de Moncayo,Miel,"Miel ecológica de bosque de Moncayo, miel de brezo","Calle San Isidro, 5, 50580 Vera de Moncayo, Zaragoza",Apicultores de montaña con colmenas situadas en parajes naturales limpios del Parque Natural del Moncayo.,Consultar visitas,+34644506070,mielmoncayo@gmail.com,http://mielmoncayo.es,,,https://www.google.com/maps/search/?api=1&query=Miel%20del%20Moncayo%2C%20Calle%20San%20Isidro%2C%205%2C%2050580%20Vera%20de%20Moncayo%2C%20Zaragoza%2C%20Zaragoza%2C%20Espa%C3%B1a,41.8273575,-1.6742854,,pendiente,no comprobado,
cerveza-golden-promise-zaragoza,Cerveza Golden Promise,Zaragoza,Cerveza artesana,"Cerveza artesana Golden Promise IPA, Pale Ale","Calle del Sepulcro, 40, 50001 Zaragoza, España","Microcervecería zaragozana dedicada a cervezas artesanas muy lupuladas, con fabricación local.",Consultar web,+34633112233,info@goldenpromisebrewing.com,http://goldenpromisebrewing.com,,,https://www.google.com/maps/search/?api=1&query=Cerveza%20Golden%20Promise%2C%20Calle%20del%20Sepulcro%2C%2040%2C%2050001%20Zaragoza%2C%20Espa%C3%B1a%2C%20Zaragoza%2C%20Espa%C3%B1a,41.6512000,-0.8790000,,pendiente,no comprobado,
cerveza-hoppy-zaragoza,Cerveza Hoppy,Zaragoza,Cerveza artesana,"Cerveza artesana Hoppy Pilsner tradicional, Hoppy Stout","Calle de Méndez Núñez, 36, 50003 Zaragoza, España",Micro-obrador y taberna cervecera en el casco antiguo de Zaragoza con elaboración propia de barril.,Lun-Dom 18:00-01:00,+34976293425,info@hoppy.es,http://hoppy.es,,,https://www.google.com/maps/search/?api=1&query=Cerveza%20Hoppy%2C%20Calle%20de%20M%C3%A9ndez%20N%C3%BA%C3%B1ez%2C%2036%2C%2050003%20Zaragoza%2C%20Espa%C3%B1a%2C%20Zaragoza%2C%20Espa%C3%B1a,41.6505000,-0.8782000,/productores/aragon/zaragoza/cerveza-hoppy-zaragoza.webp,pendiente,no comprobado,
bieras-ordio-la-puebla-de-alfinden,Bieras Ordio S.L.,La Puebla de Alfindén,Cerveza artesana,"Ordio Minero, cervezas con lúpulo de Daroca y materias primas aragonesas","Pol. Ind. Malpica-Alfindén, Calle La Palmera 16, 50171 La Puebla de Alfindén, Zaragoza",Cervecera aragonesa que elabora y distribuye Ordio Minero con ingredientes de proximidad y venta directa.,Consultar web,+34675686042,ventasordio@gmail.com,http://ordiominero.com,,,https://www.google.com/maps/search/?api=1&query=Bieras%20Ordio%2C%20Calle%20La%20Palmera%2016%2C%2050171%20La%20Puebla%20de%20Alfind%C3%A9n%2C%20Zaragoza,41.6411988,-0.7616697,/productores/aragon/zaragoza/bieras-ordio-la-puebla-de-alfinden.webp,pendiente,sí,
picarda-cerveza-artesana-mequinenza,Picarda Cerveza Artesana,Mequinenza,Cerveza artesana,"Picarda rubia, Monegre tostada, Picarda con miel de romero","Calle N, 97 Nave C, 50170 Mequinenza, Zaragoza",Cervecera artesana de Mequinenza que elabora variedades en botella y barril sin filtrado ni pasteurización.,Consultar visitas,+34696070872,picarda@picarda.es,http://www.picarda.es,https://www.facebook.com/cervezapicarda/,https://www.instagram.com/cervezapicarda/,https://www.google.com/maps/search/?api=1&query=Picarda%20Cerveza%20Artesana%2C%20Calle%20N%2097%20Nave%20C%2C%2050170%20Mequinenza%2C%20Zaragoza,41.3826368,0.3062591,,pendiente,no comprobado,
cervezas-garba-lumpiaque,Cervezas Garba,Lumpiaque,Cerveza artesana,"Lager, Pale Ale e Irish Red","Calle Aragón, 63, 50295 Lumpiaque, Zaragoza",Fábrica artesanal de Lumpiaque inaugurada en verano de 2024 y orientada a cervezas de lote propio y proyectos a medida.,Consultar fábrica,+34648123867,cervezasgarbasl@gmail.com,http://cervezasgarba.es,,,https://www.google.com/maps/search/?api=1&query=Cervezas%20Garba%2C%20Calle%20Arag%C3%B3n%2063%2C%2050295%20Lumpiaque%2C%20Zaragoza,41.6307175,-1.3035906,/productores/aragon/zaragoza/cervezas-garba-lumpiaque.webp,pendiente,no comprobado,
conservas-gardeniers-zaragoza,Conservas Gardeniers,Zaragoza,Conservas,"Conserva ecológica de alcachofa, cremas de verduras de temporada","Ctra. del Aeropuerto, km 4, 50011 Zaragoza, España",Proyecto social y ecológico de Atades que ofrece empleo inclusivo y produce conservas vegetales ecológicas certificadas de altísima calidad.,Lun-Vie 9:00-14:00,+34976455910,info@gardeniers.es,http://gardeniers.es,,https://www.instagram.com/gardeniers_organic/,https://www.google.com/maps/search/?api=1&query=Conservas%20Gardeniers%2C%20Ctra.%20del%20Aeropuerto%2C%20km%204%2C%2050011%20Zaragoza%2C%20Espa%C3%B1a%2C%20Zaragoza%2C%20Espa%C3%B1a,41.6590000,-0.9120000,/productores/aragon/zaragoza/conservas-gardeniers-zaragoza.webp,pendiente,no comprobado,
trufa-del-moncayo-tarazona,Trufa del Moncayo,Tarazona,Trufa y setas,"Trufa negra fresca recolectada, aceite de oliva virgen trufado","Paseo de la Constitución, 12, 50500 Tarazona, Zaragoza",Productores y recolectores de trufa negra de plantaciones sostenibles en el pie de monte del Moncayo.,Consultar visitas,+34699121212,trufamoncayo@gmail.com,http://trufamoncayo.es,,,https://www.google.com/maps/search/?api=1&query=Trufa%20del%20Moncayo%2C%20Paseo%20de%20la%20Constituci%C3%B3n%2C%2012%2C%2050500%20Tarazona%2C%20Zaragoza%2C%20Zaragoza%2C%20Espa%C3%B1a,41.9042483,-1.7251451,,pendiente,no comprobado,
quesos-los-arcos-caspe,Quesos Los Arcos,Caspe,Lácteos y quesos,"Quesos frescos y curados, yogures, leche pasteurizada y requesón","C/ San Vicente Ferrer, 11, 50700 Caspe, Zaragoza","Quesería familiar de Caspe con elaboración de quesos, yogures, leche pasteurizada, requesón y postres lácteos.",Consultar web,+34976631905,losarcos@quesoslosarcos.com,https://quesoslosarcos.com/,,,https://www.google.com/maps/search/?api=1&query=Quesos%20Los%20Arcos%2C%20C%2F%20San%20Vicente%20Ferrer%2C%2011%2C%2050700%20Caspe%2C%20Zaragoza%2C%20Espa%C3%B1a,,,/productores/aragon/zaragoza/quesos-los-arcos-caspe.webp,pendiente,no comprobado,
lacteos-torreconde-zaragoza,Lácteos Torreconde,Zaragoza,Lácteos y quesos,"Leche ecológica, yogur y quesos","Avenida Cesaraugusta, 111, 50003 Zaragoza","Proyecto lácteo ecológico aragonés que transforma leche propia en leche fresca, yogur y queso, con tienda en Zaragoza.",Lun-Sab 9:30-13:30 y 17:30-20:00; Dom mañanas,,,,,,https://www.google.com/maps/search/?api=1&query=L%C3%A1cteos%20Torreconde%2C%20Avenida%20Cesaraugusta%2C%20111%2C%2050003%20Zaragoza%2C%20Espa%C3%B1a,,,,pendiente,no comprobado,
quesos-artesanos-villamayor-villamayor-de-gallego,Quesos Artesanos Villamayor,Villamayor de Gállego,Lácteos y quesos,Queso artesano,"Camino la Filada, 4, 50162 Villamayor de Gállego, Zaragoza","Quesería inscrita en el CNAE de fabricación de quesos en Villamayor de Gállego, con domicilio verificado en Camino la Filada.",Consultar fuente,,,,,,https://www.google.com/maps/search/?api=1&query=Quesos%20Artesanos%20Villamayor%2C%20Camino%20la%20Filada%2C%204%2C%2050162%20Villamayor%20de%20G%C3%A1llego%2C%20Zaragoza%2C%20Espa%C3%B1a,,,,pendiente,no comprobado,
quesos-diarte-langa-del-castillo,Quesos Diarte,Langa del Castillo,Lácteos y quesos,Quesos frescos y semicurados de cabra,"Calle Barrio Alto, 45, 50367 Langa del Castillo, Zaragoza",Pequeña quesería familiar del Campo de Daroca citada por la Diputación de Zaragoza por sus quesos frescos y semicurados de cabra.,Consultar visitas,+34696578425,,,,,https://www.google.com/maps/search/?api=1&query=Quesos%20Diarte%2C%20Calle%20Barrio%20Alto%2C%2045%2C%2050367%20Langa%20del%20Castillo%2C%20Zaragoza%2C%20Espa%C3%B1a,,,,pendiente,no comprobado,
epulae-monegros-monegrillo,Epulae Monegros,Monegrillo,Lácteos y quesos,"Quesos, productos lácteos y preparados de leche","Calle Era Alta, s/n, 50164 Monegrillo, Zaragoza","Empresa de Monegrillo clasificada en fabricación de quesos y productos lácteos, con domicilio social verificado en Calle Era Alta.",Consultar fuente,,,,,,https://www.google.com/maps/search/?api=1&query=Epulae%20Monegros%2C%20Calle%20Era%20Alta%2C%20s%2Fn%2C%2050164%20Monegrillo%2C%20Zaragoza%2C%20Espa%C3%B1a,,,,pendiente,no comprobado,
agerca-tauste,Agerca S. Coop. Ltda.,Tauste,Lácteos y quesos,Quesos,"Ronda Val de Volvi, 5, 50660 Tauste, Zaragoza","Cooperativa de Tauste clasificada en fabricación de quesos, con domicilio social verificado en Ronda Val de Volvi.",Consultar fuente,,,,,,https://www.google.com/maps/search/?api=1&query=Agerca%20S.%20Coop.%20Ltda.%2C%20Ronda%20Val%20de%20Volvi%2C%205%2C%2050660%20Tauste%2C%20Zaragoza%2C%20Espa%C3%B1a,,,,pendiente,no comprobado,
inversiones-michelac-el-burgo-de-ebro,Inversiones Michelac,El Burgo de Ebro,Lácteos y quesos,Quesos y productos lácteos,"Calle Mayor, 90, 50730 El Burgo de Ebro, Zaragoza",Empresa constituida en El Burgo de Ebro con objeto social de fabricación de quesos y comercio de productos lácteos.,Consultar fuente,,,,,,https://www.google.com/maps/search/?api=1&query=Inversiones%20Michelac%2C%20Calle%20Mayor%2C%2090%2C%2050730%20El%20Burgo%20de%20Ebro%2C%20Zaragoza%2C%20Espa%C3%B1a,,,,pendiente,no comprobado,
aragonesa-productos-lacteos-zaragoza,Aragonesa de Productos Lácteos,Zaragoza,Lácteos y quesos,Productos lácteos y derivados,"Calle Leopoldo Romeo, 30, piso 7 C, 50002 Zaragoza",Empresa zaragozana clasificada en fabricación de quesos y dedicada a la elaboración de productos lácteos y derivados.,Consultar fuente,,,,,,https://www.google.com/maps/search/?api=1&query=Aragonesa%20de%20Productos%20L%C3%A1cteos%2C%20Calle%20Leopoldo%20Romeo%2C%2030%2C%20piso%207%20C%2C%2050002%20Zaragoza%2C%20Espa%C3%B1a,,,,pendiente,no comprobado,
grupo-delifactory-zaragoza,Grupo Delifactory,Zaragoza,Lácteos y quesos,"Leche, yogures y productos lácteos","Paseo Independencia, 21, 3, 50001 Zaragoza","Industria láctea zaragozana clasificada en preparación de leche y otros productos lácteos, con actividad y domicilio verificados.",Consultar fuente,+34976784257,,http://www.samca.com,,,https://www.google.com/maps/search/?api=1&query=Grupo%20Delifactory%2C%20Paseo%20Independencia%2C%2021%2C%203%2C%2050001%20Zaragoza%2C%20Espa%C3%B1a,,,/productores/aragon/zaragoza/grupo-delifactory-zaragoza.webp,pendiente,no comprobado,
cortes-lacteo-industrial-utebo,Cortes Lácteo Industrial,Utebo,Lácteos y quesos,Helados y postres lácteos,"Carretera Logroño, 50180 Utebo, Zaragoza","Elaborador de helados y similares en Utebo, dentro del sector de fabricación de productos lácteos de Zaragoza.",Consultar web,+34976770853,,http://www.heladoslic.es,,,https://www.google.com/maps/search/?api=1&query=Cortes%20L%C3%A1cteo%20Industrial%2C%20Carretera%20Logro%C3%B1o%2C%2050180%20Utebo%2C%20Zaragoza%2C%20Espa%C3%B1a,,,/productores/aragon/zaragoza/cortes-lacteo-industrial-utebo.webp,pendiente,no comprobado,
mieles-del-cierzo-ambel,Mieles del Cierzo,Ambel,Miel,miel y productos apícolas,"c/Arrabal 2, Ambel, 50547 Zaragoza",Productor de miel y productos apícolas incluido en el directorio Pon Aragón en tu mesa.,Consultar fuente,+34654383566,mielesdelcierzo@gmail.com,https://mielesdelcierzo.es/,https://www.facebook.com/mielesdelcierzo/?locale=es_ES,https://www.instagram.com/mielesdelcierzo/,https://www.google.com/maps/search/?api=1&query=Mieles%20del%20Cierzo%2C%20c%2FArrabal%202%2C%20Ambel%2C%2050547%20Zaragoza%2C%20Espa%C3%B1a,,,/productores/aragon/zaragoza/mieles-del-cierzo-ambel.webp,pendiente,no comprobado,
casa-alberdi-monterde,Casa Alberdi,Monterde,Miel,miel y productos apícolas,"Barrio alto, 14 casa, Monterde, Zaragoza 50213",Productor de miel y productos apícolas incluido en el directorio Pon Aragón en tu mesa.,Consultar fuente,+34679436226,jvalberdi@hotmail.com,,https://www.facebook.com/casaalberdimiel/?locale=es_ES,,https://www.google.com/maps/search/?api=1&query=Casa%20Alberdi%2C%20Barrio%20alto%2C%2014%20casa%2C%20Monterde%2C%20Zaragoza%2050213%2C%20Espa%C3%B1a,,,,pendiente,no comprobado,
miel-lares-ariza,Miel Lares,Ariza,Miel,miel y productos apícolas,"Calle Pte., 12, 50220 Ariza, Zaragoza",Productor de miel y productos apícolas incluido en el directorio Pon Aragón en tu mesa.,Consultar fuente,+34675203168,hola@laresmiel.eu,https://laresmiel.eu/,,https://www.instagram.com/laresmiel/,https://www.google.com/maps/search/?api=1&query=Miel%20Lares%2C%20Calle%20Pte.%2C%2012%2C%2050220%20Ariza%2C%20Zaragoza%2C%20Espa%C3%B1a,,,,pendiente,no comprobado,
miel-de-mayestra-ainzon,Miel de Mayestra,Ainzón,Miel,miel y productos apícolas,"General Estella, 26, Ainzón, Spain 50570",Productor de miel y productos apícolas incluido en el directorio Pon Aragón en tu mesa.,Consultar fuente,+34645407429,mayestramiel@gmail.com,,https://www.facebook.com/MayestraMiel/?locale=es_LA,https://www.instagram.com/mayestramiel/,https://www.google.com/maps/search/?api=1&query=Miel%20de%20Mayestra%2C%20General%20Estella%2C%2026%2C%20Ainz%C3%B3n%2C%20Spain%2050570%2C%20Espa%C3%B1a,,,,pendiente,no comprobado,
apihuecha-borja,Apihuecha,Borja,Miel,miel y productos apícolas,"La Cubilla, 14, Borja, Zaragoza 50540",Productor de miel y productos apícolas incluido en el directorio Pon Aragón en tu mesa.,Consultar fuente,+34976869101,mjlahuertasanz@gmail.com,,https://www.facebook.com/p/Apihuecha-100063788995410/?locale=es_LA,https://www.instagram.com/apihuecha/,https://www.google.com/maps/search/?api=1&query=Apihuecha%2C%20La%20Cubilla%2C%2014%2C%20Borja%2C%20Zaragoza%2050540%2C%20Espa%C3%B1a,,,,pendiente,no comprobado,
miel-el-albar-lechon,Miel El Albar,Lechón,Miel,miel y productos apícolas,"C. Extramuros, 50369 Lechón, Zaragoza",Productor de miel y productos apícolas incluido en el directorio Pon Aragón en tu mesa.,Consultar fuente,+34628873893,elalbar.miel@gmail.com,,https://www.facebook.com/MielElAlbar/?locale=es_ES,https://www.instagram.com/miel.elalbar/,https://www.google.com/maps/search/?api=1&query=Miel%20El%20Albar%2C%20C.%20Extramuros%2C%2050369%20Lech%C3%B3n%2C%20Zaragoza%2C%20Espa%C3%B1a,,,,pendiente,no comprobado,
miel-la-galinda-mequinenza,Miel La Galinda,Mequinenza,Miel,miel y productos apícolas,"C. D, 29, 50170 Mequinenza, Zaragoza",Productor de miel y productos apícolas incluido en el directorio Pon Aragón en tu mesa.,Consultar fuente,+34662054409,info@miellagalinda.com,,https://www.facebook.com/MielLaGalinda/?locale=es_ES,,https://www.google.com/maps/search/?api=1&query=Miel%20La%20Galinda%2C%20C.%20D%2C%2029%2C%2050170%20Mequinenza%2C%20Zaragoza%2C%20Espa%C3%B1a,,,,pendiente,no comprobado,
miel-montereal-la-muela,Miel Montereal,La Muela,Miel,miel y productos apícolas,"Alvaro Legido Chamarro - Calle Peña Telera 6, 50.196 La Muela (Zaragoza)",Productor de miel y productos apícolas incluido en el directorio Pon Aragón en tu mesa.,Consultar fuente,+34635554766,mielmontereal@gmail.com,https://mielmontereal.com/,,https://www.instagram.com/monterealmiel/,https://www.google.com/maps/search/?api=1&query=Miel%20Montereal%2C%20Alvaro%20Legido%20Chamarro%20%E2%80%93%20Calle%20Pe%C3%B1a%20Telera%206%2C%2050.196%20La%20Muela%20(Zaragoza)%2C%20Espa%C3%B1a,,,/productores/aragon/zaragoza/miel-montereal-la-muela.webp,pendiente,no comprobado,
miel-mil-gotas-el-frago,Miel Mil Gotas,El Frago,Miel,miel y productos apícolas,C/ Príncipe nº11 50610. El Frago Zaragoza,Productor de miel y productos apícolas incluido en el directorio Pon Aragón en tu mesa.,Consultar fuente,+34695305724,milgotas.elfrago@gmail.com,,,https://www.instagram.com/mil_gotas_miel_de_flores/,https://www.google.com/maps/search/?api=1&query=Miel%20Mil%20Gotas%2C%20C%2F%20Pr%C3%ADncipe%20n%C2%BA11%2050610.%20El%20Frago%20Zaragoza%2C%20Espa%C3%B1a,,,,pendiente,no comprobado,
apicola-cortes-ores,Apícola Cortés,Orés,Miel,miel y productos apícolas,"Orés, Zaragoza",Productor de miel y productos apícolas incluido en el directorio Pon Aragón en tu mesa.,Consultar fuente,+34605809742,apicolacortes@gmail.com,https://apicolacortes.com/,https://www.facebook.com/apicolacortes.ores/,https://www.instagram.com/apicola_cortes/,https://www.google.com/maps/search/?api=1&query=Ap%C3%ADcola%20Cort%C3%A9s%2C%20Or%C3%A9s%2C%20Zaragoza%2C%20Espa%C3%B1a,,,/productores/aragon/zaragoza/apicola-cortes-ores.webp,pendiente,no comprobado,
abejas-de-candido-ejea-de-los-caballeros,Abejas de Cándido,Ejea de los Caballeros,Miel,miel y productos apícolas,"Av. Fernando el Católico, 10, 50600 Ejea de los Caballeros, Zaragoza",Productor de miel y productos apícolas incluido en el directorio Pon Aragón en tu mesa.,Consultar fuente,+34693747951,info@abejasdecandido.com,https://abejasdecandido.com/,https://www.facebook.com/p/Abejas-de-Candido-100064179969237/,https://www.instagram.com/abejasdecandido/,https://www.google.com/maps/search/?api=1&query=Abejas%20de%20C%C3%A1ndido%2C%20Av.%20Fernando%20el%20Cat%C3%B3lico%2C%2010%2C%2050600%20Ejea%20de%20los%20Caballeros%2C%20Zaragoza%2C%20Espa%C3%B1a,,,/productores/aragon/zaragoza/abejas-de-candido-ejea-de-los-caballeros.webp,pendiente,no comprobado,
semolas-cinco-villas-tauste,Sémolas Cinco Villas,Tauste,Harinas y cereales,"harinas, arroz y derivados","Av. Constitución, 0, 50660 Tauste, Zaragoza","Productor de harinas, arroz y derivados incluido en el directorio Pon Aragón en tu mesa.",Consultar fuente,+34976854723,,,https://www.facebook.com/pages/Semolas%20Cinco%20Villas/164575080603031/,,https://www.google.com/maps/search/?api=1&query=S%C3%A9molas%20Cinco%20Villas%2C%20Av.%20Constituci%C3%B3n%2C%200%2C%2050660%20Tauste%2C%20Zaragoza%2C%20Espa%C3%B1a,,,,pendiente,no comprobado,
harinas-azagra-mallen,Harinas Azagra,Mallén,Harinas y cereales,"harinas, arroz y derivados",Camino Valverde s/n. 50550 Mallén (Zaragoza) ​,"Productor de harinas, arroz y derivados incluido en el directorio Pon Aragón en tu mesa.",Consultar fuente,+34976850210,harinasazagra@telefonica.net,https://harinasazagra.wixsite.com/harinasazagra/,https://www.facebook.com/profile.php?id=100068732156817#,,https://www.google.com/maps/search/?api=1&query=Harinas%20Azagra%2C%20Camino%20Valverde%20s%2Fn.%2050550%20Mall%C3%A9n%20(Zaragoza)%20%E2%80%8B%2C%20Espa%C3%B1a,,,/productores/aragon/zaragoza/harinas-azagra-mallen.webp,pendiente,no comprobado,
beiker-alagon,Beiker,Alagón,Harinas y cereales,"harinas, arroz y derivados","Avda. de Repol, parcela nº2 E 50630 Alagón, Zaragoza","Productor de harinas, arroz y derivados incluido en el directorio Pon Aragón en tu mesa.",Consultar fuente,+34976612300,info@beiker.es,,,,https://www.google.com/maps/search/?api=1&query=Beiker%2C%20Avda.%20de%20Repol%2C%20parcela%20n%C2%BA2%20E%2050630%20Alag%C3%B3n%2C%20Zaragoza%2C%20Espa%C3%B1a,,,,pendiente,no comprobado,
aragon-sin-gluten-santa-engracia,Aragón Sin Gluten,Santa Engracia,Harinas y cereales,"harinas, arroz y derivados",Carretera Tauste. Santa Engracia S/N. 50669 Santa Engracia- Zaragoza,"Productor de harinas, arroz y derivados incluido en el directorio Pon Aragón en tu mesa.",Consultar fuente,+34696792589,info@aragonsingluten.es,https://aragonsingluten.com/,https://www.facebook.com/p/Arag%C3%B3n-Sin-Gluten-SL-Sabor-Andino-100080340061934/?locale=es_ES&_rdr,,https://www.google.com/maps/search/?api=1&query=Arag%C3%B3n%20Sin%20Gluten%2C%20Carretera%20Tauste.%20Santa%20Engracia%20S%2FN.%2050669%20Santa%20Engracia-%20Zaragoza%2C%20Espa%C3%B1a,,,/productores/aragon/zaragoza/aragon-sin-gluten-santa-engracia.webp,pendiente,no comprobado,
harinas-polo-villanueva-de-gallego,Harinas Polo,Villanueva de Gállego,Harinas y cereales,"harinas, arroz y derivados",Camino Harinera s/n Villanueva de Gállego 50830 (Zaragoza),"Productor de harinas, arroz y derivados incluido en el directorio Pon Aragón en tu mesa.",Consultar fuente,+34976185126,haripolo@harinaspolo.com,https://www.harinaspolo.com/es/,https://www.facebook.com/pages/Harinas%20Polo/1077265202323963/#,,https://www.google.com/maps/search/?api=1&query=Harinas%20Polo%2C%20Camino%20Harinera%20s%2Fn%20Villanueva%20de%20G%C3%A1llego%2050830%20(Zaragoza)%2C%20Espa%C3%B1a,,,/productores/aragon/zaragoza/harinas-polo-villanueva-de-gallego.webp,pendiente,no comprobado,
harinas-de-la-parra-epila,Harinas de la Parra,Épila,Harinas y cereales,"harinas, arroz y derivados","Ctra. la Almunia, s/n, 50290 Épila, Zaragoza","Productor de harinas, arroz y derivados incluido en el directorio Pon Aragón en tu mesa.",Consultar fuente,+34976603004,info@harinasdelaparra.es,https://harinasdelaparra.es/,,,https://www.google.com/maps/search/?api=1&query=Harinas%20de%20la%20Parra%2C%20Ctra.%20la%20Almunia%2C%20s%2Fn%2C%2050290%20%C3%89pila%2C%20Zaragoza%2C%20Espa%C3%B1a,,,/productores/aragon/zaragoza/harinas-de-la-parra-epila.webp,pendiente,no comprobado,
harinas-tereos-zaragoza,Harinas Tereos,Zaragoza,Harinas y cereales,"harinas, arroz y derivados","Av. de Salvador Allende, 76-78, 50015 Zaragoza","Productor de harinas, arroz y derivados incluido en el directorio Pon Aragón en tu mesa.",Consultar fuente,+34976738100,eva.aragon@tereos.com,https://tereos.com/fr/,https://www.facebook.com/profile.php?id=61563182009953#,https://www.instagram.com/tereoszaragoza/,https://www.google.com/maps/search/?api=1&query=Harinas%20Tereos%2C%20Av.%20de%20Salvador%20Allende%2C%2076-78%2C%2050015%20Zaragoza%2C%20Espa%C3%B1a,,,/productores/aragon/zaragoza/harinas-tereos-zaragoza.webp,pendiente,no comprobado,
arroz-brazal-zaragoza,Arroz Brazal,Zaragoza,Harinas y cereales,"harinas, arroz y derivados","C. de Matilde Sangüesa Castañosa, 5, Local 7, 50015 Zaragoza","Productor de harinas, arroz y derivados incluido en el directorio Pon Aragón en tu mesa.",Consultar fuente,+34976474187,info@arrozbrazal.es,https://www.arrozbrazal.es/,https://www.facebook.com/ArrozBrazalPirineo/,https://www.instagram.com/arrozbrazal/,https://www.google.com/maps/search/?api=1&query=Arroz%20Brazal%2C%20C.%20de%20Matilde%20Sang%C3%BCesa%20Casta%C3%B1osa%2C%205%2C%20Local%207%2C%2050015%20Zaragoza%2C%20Espa%C3%B1a,,,/productores/aragon/zaragoza/arroz-brazal-zaragoza.webp,pendiente,no comprobado,
y-un-rabano-tarazona,¡Y un rábano!,Tarazona,Fruta y verdura,Hortalizas y verduras. Variedades comerciales y locales. Ecológico,"Polígono 9 Parcela 257 TM Tarazona , Vía Hispanidad 31, casa 6 50012 Zaragoza, Tarazona, Zaragoza 50500","Producción ecológica de verduras y hortalizas para venta directa (mercadillos, grupos de consumo, cestas de temporada...) Nuestro objetivo es ofrecer productos...",Consultar fuente,+34606171049,info@yunrabano.com,http://yunrabano.com,,,https://www.google.com/maps/search/?api=1&query=%C2%A1Y%20un%20r%C3%A1bano!%2C%20Pol%C3%ADgono%209%20Parcela%20257%20TM%20Tarazona%20%2C%20V%C3%ADa%20Hispanidad%2031%2C%20casa%206%2050012%20Zaragoza%2C%20Tarazona%2C%20Zaragoza%2050500%2C%20Espa%C3%B1a,,,,pendiente,no comprobado,
q-carne-lecera,+ Q Carne,Lécera,Charcutería,"carnes, jamones y embutidos","C/ Juan Junquera, 2 , Lécera, Zaragoza 50131","Elabora embutidos artesanos de cerdo como chorizo, longaniza y morcilla; embutido de ternera. Carne de ternera de ganadería propia.",Consultar fuente,+34976832663,info@masqcarne.es,https://www.masqcarne.es/,https://www.facebook.com/masqcarne/?locale=es_ES,https://www.instagram.com/masqcarne/,https://www.google.com/maps/search/?api=1&query=%2B%20Q%20Carne%2C%20C%2F%20Juan%20Junquera%2C%202%20%2C%20L%C3%A9cera%2C%20Zaragoza%2050131%2C%20Espa%C3%B1a,,,,pendiente,no comprobado,
a-trufa-fresca-tabuenca,A Trufa Fresca,Tabuenca,Trufa y setas,Trufa negra de invierno (tuber melanosporum),"Tabuenca, Zaragoza 50547",Productores de Trufa negra de invierno ( Tuber melanosporum). De la finca a tu domicilio en un solo día.,Consultar fuente,+34686724134,atrufafresca@atrufafresca.com,https://atrufafresca.com/c/tienda,,,https://www.google.com/maps/search/?api=1&query=A%20Trufa%20Fresca%2C%20Tabuenca%2C%20Zaragoza%2050547%2C%20Espa%C3%B1a,,,/productores/aragon/zaragoza/a-trufa-fresca-tabuenca.webp,pendiente,sí,
aceite-arbara-luceni,Aceite Arbara,Luceni,Aceite,aceite de oliva virgen extra,"Carretera Nacional 232 km 278 , Luceni, Zaragoza 50640",Desde hace más de un siglo cuatro generaciones de la familia Barrios se han dedicado a la producción de aceite. Galardones como el Premio de la Exposición Hispano...,Consultar fuente,+34976251716,comercial@arbara.es,http://www.arbara.es,https://www.facebook.com/www.arbara.es/,,https://www.google.com/maps/search/?api=1&query=Aceite%20Arbara%2C%20Carretera%20Nacional%20232%20km%20278%20%2C%20Luceni%2C%20Zaragoza%2050640%2C%20Espa%C3%B1a,,,/productores/aragon/zaragoza/aceite-arbara-luceni.webp,pendiente,no comprobado,
aceite-as-de-segia-ejea-de-los-caballeros,Aceite As de Segia,Ejea de los Caballeros,Aceite,aceite de oliva virgen extra,"Paseo del Muro 87 , Ejea de los Caballeros, Zaragoza 50600","Producto: Aceite de oliva virgen extra En la Almazara ( palabra árabe, ""lugar donde se exprime"") es donde se clasifica la aceituna por calidades, se limpia y...",Consultar fuente,+34639374036,jmarcellan@gmail.com,,,,https://www.google.com/maps/search/?api=1&query=Aceite%20As%20de%20Segia%2C%20Paseo%20del%20Muro%2087%20%2C%20Ejea%20de%20los%20Caballeros%2C%20Zaragoza%2050600%2C%20Espa%C3%B1a,,,,pendiente,no comprobado,
aceite-de-oliva-virgen-extra-anso-tauste,Aceite de Oliva Virgen Extra Ansó,Tauste,Aceite,Aceite de Oliva Virgen Extra en garrafa de 3 litros (100% Arbequina) Aceite de Oliva Virgen Extra en botella de...,"Carretera Gallur-Sangüesa Km. 16 , Tauste, Zaragoza 50660",Aceite de oliva de categoría superior extraído directamente de las aceitunas de nuestro olivar. El manejo del cultivo se hace de forma sostenible y respetuosa con el...,Consultar fuente,+34645766276,hector@satanso.com,,https://www.facebook.com/Aceite-de-Oliva-Virgen-Extra-ANS%C3%93-107152987861046,,https://www.google.com/maps/search/?api=1&query=Aceite%20de%20Oliva%20Virgen%20Extra%20Ans%C3%B3%2C%20Carretera%20Gallur-Sang%C3%BCesa%20Km.%2016%20%2C%20Tauste%2C%20Zaragoza%2050660%2C%20Espa%C3%B1a,,,,pendiente,no comprobado,
aceite-monteolivet-bardenas,Aceite Monteolivet,Bardenas,Aceite,"Monodosis, y en formato de 250 cl, 500 cl en cristal 1 , 2 y 5 l, en plástico. También mermelada de aceite de...","Ctra. Bardena - Pinsoro, Km. 1,9 s/n. , Bardenas, Zaragoza 50694",Producción y comercialización de aceite de oliva Virgen Extra de calidad superior de la variedad Arbequina. El aceite de oliva se obtiene a partir del fruto del...,Consultar fuente,+34976668061,info@monteolivet.com,http://www.monteolivet.com/,https://www.facebook.com/Monteolivetaceite/?locale=es_ES,https://www.instagram.com/monteolivet/,https://www.google.com/maps/search/?api=1&query=Aceite%20Monteolivet%2C%20Ctra.%20Bardena%20%E2%80%93%20Pinsoro%2C%20Km.%201%2C9%20s%2Fn.%20%2C%20Bardenas%2C%20Zaragoza%2050694%2C%20Espa%C3%B1a,,,/productores/aragon/zaragoza/aceite-monteolivet-bardenas.webp,pendiente,no comprobado,
aceite-olitaus-tauste,Aceite Olitaus,Tauste,Aceite,aceite de oliva virgen extra,"Coop. San Simón y San Judas Plaza España, 11 , Tauste, Zaragoza 50660","Producto: Aceite de oliva virgen extra. Finca en Santa Engracia. 180 Has. De Olivos jóvenes de Arbequina. También empeltre, hojiblanca, picual y...",Consultar fuente,+34976854799,cooperativa@sansimonysanjudas.com,http://www.sansimonysanjudas.com/inicio.htm,,,https://www.google.com/maps/search/?api=1&query=Aceite%20Olitaus%2C%20Coop.%20San%20Sim%C3%B3n%20y%20San%20Judas%20Plaza%20Espa%C3%B1a%2C%2011%20%2C%20Tauste%2C%20Zaragoza%2050660%2C%20Espa%C3%B1a,,,,pendiente,no comprobado,
aceite-olivalia-bardenas-solar-ejea-de-los-caballeros,Aceite Olivalia / Bardenas Solar,Ejea de los Caballeros,Aceite,aceite de oliva virgen extra,"C/ Alfonso I 34 , Ejea de los Caballeros, Zaragoza 50600","Aceite de oliva virgen extra de la variedad Arbequina, muy suave y dulce con un aroma delicado a manzana verde ideal para usar en crudo como aliño de cualquier plato....",Consultar fuente,+34609351245,jalarraga@bardenassolar.com,http://aceiteolivalia.com/olivalia/,https://www.facebook.com/Olivalia/,,https://www.google.com/maps/search/?api=1&query=Aceite%20Olivalia%20%2F%20Bardenas%20Solar%2C%20C%2F%20Alfonso%20I%2034%20%2C%20Ejea%20de%20los%20Caballeros%2C%20Zaragoza%2050600%2C%20Espa%C3%B1a,,,/productores/aragon/zaragoza/aceite-olivalia-bardenas-solar-ejea-de-los-caballeros.webp,pendiente,no comprobado,
aceite-oribel-cooperativa-san-martin-belchite,Aceite Oribel - Cooperativa San Martín,Belchite,Aceite,aceite de oliva virgen extra,"C/ Mayor s/n , Belchite, Zaragoza 50130","La Cooperativa San Martín se funda en 1947 con un número reducido de socios. A lo largo de los años de actividad, esta cooperativa ha presenciado fluctuaciones en la...",Consultar fuente,+34976830399,oribel@oribel.com,http://www.oribel.com,https://www.facebook.com/oribelbelchite,https://www.instagram.com/oribel_belchite/,https://www.google.com/maps/search/?api=1&query=Aceite%20Oribel%20%E2%80%93%20Cooperativa%20San%20Mart%C3%ADn%2C%20C%2F%20Mayor%20s%2Fn%20%2C%20Belchite%2C%20Zaragoza%2050130%2C%20Espa%C3%B1a,,,/productores/aragon/zaragoza/aceite-oribel-cooperativa-san-martin-belchite.webp,pendiente,no comprobado,
aceites-alcaniz-millan-moli-de-casto-maella,Aceites Alcañiz Millán Molí de Casto,Maella,Aceite,aceite de oliva virgen extra,"Fabara 7 , Maella, Zaragoza",Aceites Alcañiz Millán Molí de Casto elabora en su almazara tres tipos diferentes de aceite de oliva de la variedad empeltre: · Aceite de Oliva Virgen Primera Presión...,Consultar fuente,+34976638225,almijm@gmail.com,,,,https://www.google.com/maps/search/?api=1&query=Aceites%20Alca%C3%B1iz%20Mill%C3%A1n%20Mol%C3%AD%20de%20Casto%2C%20Fabara%207%20%2C%20Maella%2C%20Zaragoza%2C%20Espa%C3%B1a,,,,pendiente,no comprobado,
aceites-alia-ejea-de-los-caballeros,Aceites Alia,Ejea de los Caballeros,Aceite,aceite de oliva virgen extra,"Pol. Valdeferrín Parcela 35 , Ejea de los Caballeros, Zaragoza 50600",Productor de aceite de oliva virgen extra incluido en el directorio Pon Aragón en tu mesa.,Consultar fuente,+34609728158,info@aceitesalia.com,http://www.aceitesalia.com,https://www.facebook.com/Aceite-Milvus-Al%C3%ADa-528725223912673/,,https://www.google.com/maps/search/?api=1&query=Aceites%20Alia%2C%20Pol.%20Valdeferr%C3%ADn%20Parcela%2035%20%2C%20Ejea%20de%20los%20Caballeros%2C%20Zaragoza%2050600%2C%20Espa%C3%B1a,,,/productores/aragon/zaragoza/aceites-alia-ejea-de-los-caballeros.webp,pendiente,no comprobado,
aceites-del-isuela-s-c-mesones-de-isuela,Aceites del Isuela S.C,Mesones de Isuela,Aceite,aceite de oliva virgen extra,"Ctra. Calcena, km. 4 , Mesones de Isuela, Zaragoza",Productor de aceite de oliva virgen extra incluido en el directorio Pon Aragón en tu mesa.,Consultar fuente,+34976824810,,,,,https://www.google.com/maps/search/?api=1&query=Aceites%20del%20Isuela%20S.C%2C%20Ctra.%20Calcena%2C%20km.%204%20%2C%20Mesones%20de%20Isuela%2C%20Zaragoza%2C%20Espa%C3%B1a,,,,pendiente,no comprobado,
aceites-josa-s-c-la-almunia-de-dona-godina,Aceites Josa S.C.,La Almunia de Doña Godina,Aceite,Aceites,"Avda. Madrid, 21-25 , Almunia de Doña Godina (La), Zaragoza 50100",Productor de aceite de oliva virgen extra incluido en el directorio Pon Aragón en tu mesa.,Consultar fuente,+34976600285,info@valledeljalon.com,http://www.valledeljalon.com/,https://es-es.facebook.com/pg/Almazara.ValledelJalon/about/?ref=page_internal,,https://www.google.com/maps/search/?api=1&query=Aceites%20Josa%20S.C.%2C%20Avda.%20Madrid%2C%2021-25%20%2C%20Almunia%20de%20Do%C3%B1a%20Godina%20(La)%2C%20Zaragoza%2050100%2C%20Espa%C3%B1a,,,,pendiente,no comprobado,
aceites-marco-sl-caspe,Aceites Marco SL,Caspe,Aceite,aceite de oliva virgen extra,"Polígono el Castillo s/n , Caspe, Zaragoza 50700",Producto: Aceite de oliva virgen extra.,Consultar fuente,+34976630144,,,,,https://www.google.com/maps/search/?api=1&query=Aceites%20Marco%20SL%2C%20Pol%C3%ADgono%20el%20Castillo%20s%2Fn%20%2C%20Caspe%2C%20Zaragoza%2050700%2C%20Espa%C3%B1a,,,,pendiente,no comprobado,
aceites-sanz-caspe,Aceites Sanz,Caspe,Aceite,aceite de oliva virgen extra,"Plaza Madre Ferrán 8 , Caspe, Zaragoza 50700",Producto: Aceite de oliva virgen extra.,Consultar fuente,+34976633342,aceitesvsanz@hotmail.com,,,,https://www.google.com/maps/search/?api=1&query=Aceites%20Sanz%2C%20Plaza%20Madre%20Ferr%C3%A1n%208%20%2C%20Caspe%2C%20Zaragoza%2050700%2C%20Espa%C3%B1a,,,,pendiente,no comprobado,
aceites-tezar-borja,Aceites Tezar,Borja,Aceite,aceite de oliva virgen extra,"Polígono Barbalanca s/n , Borja, Zaragoza 50540",Productor de aceite de oliva virgen extra incluido en el directorio Pon Aragón en tu mesa.,Consultar fuente,+34976867917,,,,,https://www.google.com/maps/search/?api=1&query=Aceites%20Tezar%2C%20Pol%C3%ADgono%20Barbalanca%20s%2Fn%20%2C%20Borja%2C%20Zaragoza%2050540%2C%20Espa%C3%B1a,,,,pendiente,no comprobado,
aceites-victoria-ibaceite-brea-de-aragon,Aceites Victoria- Ibaceite,Brea de Aragón,Aceite,aceite de oliva virgen extra,"Polígono Río Isuela, 8, Brea de Aragón, España , Brea de Aragón, Zaragoza 50246","Fundada en el año 2007 con sede en Brea de Aragón (Zaragoza), “Aceites Victoria” es una empresa familiar dedicada a la elaboración de Aceite de Oliva Virgen Extra....",Consultar fuente,+34976824810,ibaceite@aceitesvictoria.com,,,,https://www.google.com/maps/search/?api=1&query=Aceites%20Victoria-%20Ibaceite%2C%20Pol%C3%ADgono%20R%C3%ADo%20Isuela%2C%208%2C%20Brea%20de%20Arag%C3%B3n%2C%20Espa%C3%B1a%20%2C%20Brea%20de%20Arag%C3%B3n%2C%20Zaragoza%2050246%2C%20Espa%C3%B1a,,,,pendiente,no comprobado,
aceites-y-almendras-delpont-maella,Aceites y almendras Delpont,Maella,Aceite,Aceite de Oliva Virgen extra Almendra tostada en horno de leña,"Camino del futbol s/n Maella (Zaragoza) , 50710, Maella, Zaragoza","Nuestros orígenes El origen de nuestra marca Delpont está marcado por la historia, cultura y gastronomía local. Su nombre hace referencia al antiguo puente...",Consultar fuente,+34678716541,comercial@olivest1976.com,http://www.delpont.es,,https://www.instagram.com/delpontgourmet/,https://www.google.com/maps/search/?api=1&query=Aceites%20y%20almendras%20Delpont%2C%20Camino%20del%20futbol%20s%2Fn%20Maella%20(Zaragoza)%20%2C%2050710%2C%20Maella%2C%20Zaragoza%2C%20Espa%C3%B1a,,,/productores/aragon/zaragoza/aceites-y-almendras-delpont-maella.webp,pendiente,no comprobado,
aceitunas-muniente-caspe,Aceitunas Muniente,Caspe,Aceitunas y encurtidos,aceitunas y encurtidos,"Obispo García 11 , Caspe, Zaragoza 50700",Productor de aceite de oliva virgen extra incluido en el directorio Pon Aragón en tu mesa.,Consultar fuente,+34976639500,hola@aceitunasmuniente.es,http://aceitunasmuniente.es/,https://www.facebook.com/lasdemuniente/,,https://www.google.com/maps/search/?api=1&query=Aceitunas%20Muniente%2C%20Obispo%20Garc%C3%ADa%2011%20%2C%20Caspe%2C%20Zaragoza%2050700%2C%20Espa%C3%B1a,,,,pendiente,no comprobado,
aceitunas-y-encurtidos-sarinena-s-c-chiprana,Aceitunas y encurtidos Sariñena S.C.,Chiprana,Aceitunas y encurtidos,aceitunas y encurtidos,"Paraje La Sarda s/n , Chiprana, Zaragoza 50792","Producto: Aderezo de aceitunas, encurtidos y derivados.",Consultar fuente,+34976637226,info@aceitunassarinena.com,http://www.aceitunassarinena.com,,,https://www.google.com/maps/search/?api=1&query=Aceitunas%20y%20encurtidos%20Sari%C3%B1ena%20S.C.%2C%20Paraje%20La%20Sarda%20s%2Fn%20%2C%20Chiprana%2C%20Zaragoza%2050792%2C%20Espa%C3%B1a,,,/productores/aragon/zaragoza/aceitunas-y-encurtidos-sarinena-s-c-chiprana.webp,pendiente,no comprobado,
acemar-caspe,Acemar,Caspe,Aceitunas y encurtidos,"aceite de oliva, aceitunas y encurtidos","Batán 29 , Caspe, Zaragoza 50700",Producto: Aderezo de aceitunas. Aceite de Oliva y aceitunas,Consultar fuente,+34976631194,cial@acemar.es,http://www.acemar.es,,,https://www.google.com/maps/search/?api=1&query=Acemar%2C%20Bat%C3%A1n%2029%20%2C%20Caspe%2C%20Zaragoza%2050700%2C%20Espa%C3%B1a,,,/productores/aragon/zaragoza/acemar-caspe.webp,pendiente,no comprobado,
agricola-montejalon-la-almunia-de-dona-godina,Agrícola Montejalón,La Almunia de Doña Godina,Fruta y verdura,Frutas. Visitable,"Ctra. N-II, km.271,87 , Almunia de Doña Godina (La), Zaragoza 50100",Productor de fruta y verdura de temporada incluido en el directorio Pon Aragón en tu mesa.,Consultar fuente,+34976812240,agricolagil@agricolagil.com,http://www.agricolagil.es/,https://es-es.facebook.com/AgricolaGilSL,,https://www.google.com/maps/search/?api=1&query=Agr%C3%ADcola%20Montejal%C3%B3n%2C%20Ctra.%20N-II%2C%20km.271%2C87%20%2C%20Almunia%20de%20Do%C3%B1a%20Godina%20(La)%2C%20Zaragoza%2050100%2C%20Espa%C3%B1a,,,/productores/aragon/zaragoza/agricola-montejalon-la-almunia-de-dona-godina.webp,pendiente,no comprobado,
agro-train-cb-ricla,Agro - train CB,Ricla,Fruta y verdura,Frutas. Visitable,"C/ Doña Clara s/n , Ricla, Zaragoza 50270",Productor de fruta y verdura de temporada incluido en el directorio Pon Aragón en tu mesa.,Consultar fuente,+34976606444,frutas@agrotrain.com,http://www.agrotrain.com/,https://www.facebook.com/frutasagrotrain,,https://www.google.com/maps/search/?api=1&query=Agro%20%E2%80%93%20train%20CB%2C%20C%2F%20Do%C3%B1a%20Clara%20s%2Fn%20%2C%20Ricla%2C%20Zaragoza%2050270%2C%20Espa%C3%B1a,,,/productores/aragon/zaragoza/agro-train-cb-ricla.webp,pendiente,no comprobado,
agroalimentos-la-redonda-s-a-la-almunia-de-dona-godina,Agroalimentos La Redonda S.A.,La Almunia de Doña Godina,Aceite,aceite de oliva virgen extra y fruta dulce,"Almazara: Carretera de la Almunia/Cariñena Km 3´5 Oficinas: C/Bilbao, 12 duplicado, Zaragoza , Almunia de Doña Godina (La), Zaragoza 50100",Aceite de Oliva Virgen Extra y Fruta dulce,Consultar fuente,+34976238182,info@laredonda.net,http://www.laredonda.net/,https://www.facebook.com/LaRedondaSpain,https://www.instagram.com/laredonda_spain/,https://www.google.com/maps/search/?api=1&query=Agroalimentos%20La%20Redonda%20S.A.%2C%20Almazara%3A%20Carretera%20de%20la%20Almunia%2FCari%C3%B1ena%20Km%203%C2%B45%20Oficinas%3A%20C%2FBilbao%2C%2012%20duplicado%2C%20Zaragoza%20%2C%20Almunia%20de%20Do%C3%B1a%20Godina%20(La)%2C%20Zaragoza%2050100%2C%20Espa%C3%B1a,,,/productores/aragon/zaragoza/agroalimentos-la-redonda-s-a-la-almunia-de-dona-godina.webp,pendiente,no comprobado,
agrolatas-s-l-figueruelas,"Agrolatas, S.L.",Figueruelas,Fruta y verdura,fruta y verdura de temporada,"Polígono P6 C/ G, parcela 14 , Figueruelas, Zaragoza",Producto: Espinaca fresca envasada de 4ª gama. Cultivo y Envasado de espinacas.,Consultar fuente,+34629349559,admon@agrolatas.es,,,,https://www.google.com/maps/search/?api=1&query=Agrolatas%2C%20S.L.%2C%20Pol%C3%ADgono%20P6%20C%2F%20G%2C%20parcela%2014%20%2C%20Figueruelas%2C%20Zaragoza%2C%20Espa%C3%B1a,,,,pendiente,no comprobado,
agustin-pellicer-ambel,Agustín Pellicer,Ambel,Miel,miel y productos apícolas,"C/ Hospital 19 , Ambel, Zaragoza",Productor apícola de Ambel incluido en el directorio Pon Aragón en tu mesa.,Consultar fuente,+34976860648,,,,,https://www.google.com/maps/search/?api=1&query=Agust%C3%ADn%20Pellicer%2C%20C%2F%20Hospital%2019%20%2C%20Ambel%2C%20Zaragoza%2C%20Espa%C3%B1a,,,,pendiente,no comprobado,
ajo-y-cerezas-de-arandiga-arandiga,Ajo y cerezas de Arándiga,Arándiga,Despensa artesanal,Ajos y fruta de temporada,"Carretera Morata Cálcena , Arándiga, Zaragoza 50266","Ajo Morado. También fruta en temporada: melocotón, cereza, pera, manzana.",Consultar fuente,+34606521006,gemagarza0@gmail.com,,,,https://www.google.com/maps/search/?api=1&query=Ajo%20y%20cerezas%20de%20Ar%C3%A1ndiga%2C%20Carretera%20Morata%20C%C3%A1lcena%20%2C%20Ar%C3%A1ndiga%2C%20Zaragoza%2050266%2C%20Espa%C3%B1a,,,,pendiente,no comprobado,
ajos-del-moncayo-s-c-la-almunia-de-dona-godina,Ajos del Moncayo S.C.,La Almunia de Doña Godina,Fruta y verdura,"Ajos. Ajo ""seco"" en cabezas, no ajo fresco. En bolsas de red, cajas, sacos o el formato que solicite el...","Carretera CV-816 Km. 3,45 , Almunia de Doña Godina (La), Zaragoza 50100","Ajos del Moncayo es una sociedad propiedad de Ajos F. Virto Celorrio, S.L. y que surge con la intención de proveer de semilla a ésta para su propia siembra, en...",Consultar fuente,+34976813023,ajosfvc@telefonica.net,https://www.ajosdelmoncayo.com/,,,https://www.google.com/maps/search/?api=1&query=Ajos%20del%20Moncayo%20S.C.%2C%20Carretera%20CV-816%20Km.%203%2C45%20%2C%20Almunia%20de%20Do%C3%B1a%20Godina%20(La)%2C%20Zaragoza%2050100%2C%20Espa%C3%B1a,,,,pendiente,no comprobado,
ajos-verdes-el-sixto-s-c-ricla,"Ajos Verdes el Sixto, S.C.",Ricla,Fruta y verdura,ajos verdes tiernos en manojos,"Polígono La Noria, s/n , Ricla, Zaragoza",Poducción y comercialización de Ajos verdes tiernos en manojos en Ricla.,Consultar fuente,+34687510603,ajosverdeselsixto@gmail.com,,,,https://www.google.com/maps/search/?api=1&query=Ajos%20Verdes%20el%20Sixto%2C%20S.C.%2C%20Pol%C3%ADgono%20La%20Noria%2C%20s%2Fn%20%2C%20Ricla%2C%20Zaragoza%2C%20Espa%C3%B1a,,,,pendiente,no comprobado,
alejandro-y-miguel-s-c-nonaspe,Alejandro y Miguel S.C.,Nonaspe,Fruta y verdura,melocotón y fruta de hueso,"Polígono La Mixana s/n , Nonaspe, Zaragoza","Producto: Melocotón, Fruta de Hueso.",Consultar fuente,+34607860658,,,,,https://www.google.com/maps/search/?api=1&query=Alejandro%20y%20Miguel%20S.C.%2C%20Pol%C3%ADgono%20La%20Mixana%20s%2Fn%20%2C%20Nonaspe%2C%20Zaragoza%2C%20Espa%C3%B1a,,,,pendiente,no comprobado,
alium-aragon-s-l-bardallur,Alium Aragón S.L,Bardallur,Fruta y verdura,Ajos y frutas. Visitable,"C/ Turbena 29 , Bardallur, Zaragoza","Producto: Ajos y frutas. Esta empresa marca su principal objetivo en la trazabilidad de sus productos, para la máxima tranquilidad del consumidor final. Ya que...",Consultar fuente,+34976654023,alium07@hotmail.com,http://aliumaragonsl.notifyce.com/,,,https://www.google.com/maps/search/?api=1&query=Alium%20Arag%C3%B3n%20S.L%2C%20C%2F%20Turbena%2029%20%2C%20Bardallur%2C%20Zaragoza%2C%20Espa%C3%B1a,,,,pendiente,no comprobado,
almazara-aninon-aninon,Almazara Aniñón,Aniñón,Aceite,aceite de oliva virgen extra,"C Joaquin Costa 10 , Plaza Mayor (Estanco), Aniñón, Zaragoza 50313","Almazara con mas de 100 años de historia en el municipio de Aniñón. Gestionada y dirigida por los hermanos Sebastián Liñán. Nuestro AOVE, es un coupage extraído de...",Consultar fuente,+34675940685,almazaraaninon@gmail.com,,,,https://www.google.com/maps/search/?api=1&query=Almazara%20Ani%C3%B1%C3%B3n%2C%20C%20Joaquin%20Costa%2010%20%2C%20Plaza%20Mayor%20(Estanco)%2C%20Ani%C3%B1%C3%B3n%2C%20Zaragoza%2050313%2C%20Espa%C3%B1a,,,,pendiente,no comprobado,
almazara-de-jaime-sl-aceites-ajd-belchite,"Almazara de Jaime, SL/Aceites AJD",Belchite,Aceite,aceite de oliva virgen extra,"Ctra. Cariñena, s/n , Belchite, Zaragoza 50130",Almazara de Jaime es una de esas empresas con impronta y sabor a tradición y calidad. Inscrita en la Denominación de Origen del Bajo Aragón y situada en el municipio...,Consultar fuente,+34976830298,gestion@jaimeolive.com,http://www.jaimeolive.com,https://www.facebook.com/AceitesAJD/,https://www.instagram.com/almazara_de_jaime/,https://www.google.com/maps/search/?api=1&query=Almazara%20de%20Jaime%2C%20SL%2FAceites%20AJD%2C%20Ctra.%20Cari%C3%B1ena%2C%20s%2Fn%20%2C%20Belchite%2C%20Zaragoza%2050130%2C%20Espa%C3%B1a,,,/productores/aragon/zaragoza/almazara-de-jaime-sl-aceites-ajd-belchite.webp,pendiente,no comprobado,
almendras-de-las-pedrosas-las-pedrosas,Almendras de Las Pedrosas,Las Pedrosas,Frutos secos,"Almendras con cáscara: largueta, marcona y antoñeta.","Calle Cinco Villas, 1, Las Pedrosas, España , Pedrosas (Las), Zaragoza 50612","Almendra en cáscara directa del productor En Almendras de Las Pedrosas nos preocupamos de sacar la mejor calidad de nuestros almendros, de las variedades Largueta,...",Consultar fuente,+34625735398,info@almendrasdelaspedrosas.es,https://www.almendrasdelaspedrosas.es,,https://www.instagram.com/almendrasdelaspedrosas/,https://www.google.com/maps/search/?api=1&query=Almendras%20de%20Las%20Pedrosas%2C%20Calle%20Cinco%20Villas%2C%201%2C%20Las%20Pedrosas%2C%20Espa%C3%B1a%20%2C%20Pedrosas%20(Las)%2C%20Zaragoza%2050612%2C%20Espa%C3%B1a,,,/productores/aragon/zaragoza/almendras-de-las-pedrosas-las-pedrosas.webp,pendiente,no comprobado,
amandolas-almendras-belchitanas-belchite,"Amandolas, almendras Belchitanas",Belchite,Frutos secos,"Almendra tostada aguasal, garrapiñada y repelada frita","Calle de Nuestra Señora de los Desamparados, 20, Belchite, España , Belchite, Zaragoza","Amandolas nace como una pequeña marca familiar y rural en la Villa de Belchite, con el deseo de crear un producto artesanal que llegue al alma y deje huella. Nuestros...",Consultar fuente,+34650035462,info.amandolas@gmail.com,https://amandolas.com/,https://www.facebook.com/share/ZGK8JbFPU2HwESzt/?mibextid=LQQJ4d,https://www.instagram.com/amandolas_almendras/,https://www.google.com/maps/search/?api=1&query=Amandolas%2C%20almendras%20Belchitanas%2C%20Calle%20de%20Nuestra%20Se%C3%B1ora%20de%20los%20Desamparados%2C%2020%2C%20Belchite%2C%20Espa%C3%B1a%20%2C%20Belchite%2C%20Zaragoza%2C%20Espa%C3%B1a,,,/productores/aragon/zaragoza/amandolas-almendras-belchitanas-belchite.webp,pendiente,no comprobado,
angel-bravo-gelsa,Angel Bravo,Gelsa,Pan y pastelería,"pan, repostería y dulces artesanos","Nuestra Señora Buen Suceso, 26 , Gelsa, Zaragoza",Panadería y repostería tradicional incluida en el directorio Pon Aragón en tu mesa.,Consultar fuente,+34976176844,,,,,https://www.google.com/maps/search/?api=1&query=Angel%20Bravo%2C%20Nuestra%20Se%C3%B1ora%20Buen%20Suceso%2C%2026%20%2C%20Gelsa%2C%20Zaragoza%2C%20Espa%C3%B1a,,,,pendiente,no comprobado,
angel-luengo-martinez-frutaria-frutas-el-cachirulo-alagon,Angel Luengo Martínez / Frutaria / Frutas El Cachirulo,Alagón,Fruta y verdura,fruta y verdura de temporada,"Ctra Alagón/Remolinos s/n , Alagón, Zaragoza 50630",Productor de fruta y verdura de temporada incluido en el directorio Pon Aragón en tu mesa.,Consultar fuente,+34976614014,alagon@frutaria.com,http://www.frutaria.com,https://www.facebook.com/Frutaria-511176769423453/,,https://www.google.com/maps/search/?api=1&query=Angel%20Luengo%20Mart%C3%ADnez%20%2F%20Frutaria%20%2F%20Frutas%20El%20Cachirulo%2C%20Ctra%20Alag%C3%B3n%2FRemolinos%20s%2Fn%20%2C%20Alag%C3%B3n%2C%20Zaragoza%2050630%2C%20Espa%C3%B1a,,,/productores/aragon/zaragoza/angel-luengo-martinez-frutaria-frutas-el-cachirulo-alagon.webp,pendiente,no comprobado,
angel-sancho-lumbreras-tabuenca,Angel Sancho Lumbreras,Tabuenca,Miel,miel y productos apícolas,"La posada 38 , Tabuenca, Zaragoza","Mieles del Moncayo, y Meseta Castellana. Productor primario. Venta en Explotación. Venta al mayor",Consultar fuente,+34976865854,,,,,https://www.google.com/maps/search/?api=1&query=Angel%20Sancho%20Lumbreras%2C%20La%20posada%2038%20%2C%20Tabuenca%2C%20Zaragoza%2C%20Espa%C3%B1a,,,,pendiente,no comprobado,
antigua-casa-cortes-monegrillo,Antigua Casa Cortés,Monegrillo,Pan y pastelería,"pan, repostería y dulces artesanos","C/ Rosario 16 , Monegrillo, Zaragoza","Pan, Repostería, Magdalenas,Tortas.",Consultar fuente,+34976163133,pigascona@yahoo.es,,,,https://www.google.com/maps/search/?api=1&query=Antigua%20Casa%20Cort%C3%A9s%2C%20C%2F%20Rosario%2016%20%2C%20Monegrillo%2C%20Zaragoza%2C%20Espa%C3%B1a,,,,pendiente,no comprobado,
antonio-isasa-e-hijos-panaderia-reposteria-tauste-tauste,Antonio Isasa e hijos Panadería Repostería Tauste,Tauste,Pan y pastelería,"Pan, repostería y pastelería: barras, panes de kg, tartas, tortas de manteca, mantecados, cajicas,...","Calle del Capitán Cortés, 7 , Tauste, Zaragoza 50660","Pan, repostería y pastelería: barras, panes de kg, tartas, tortas de manteca, mantecados, cajicas, chocolateros…. y por supuesto…¡fullatres!.",Consultar fuente,+34976859577,panaderia.isasa@gmail.com,,https://www.facebook.com/panaderia.isasa,,https://www.google.com/maps/search/?api=1&query=Antonio%20Isasa%20e%20hijos%20Panader%C3%ADa%20Reposter%C3%ADa%20Tauste%2C%20Calle%20del%20Capit%C3%A1n%20Cort%C3%A9s%2C%207%20%2C%20Tauste%2C%20Zaragoza%2050660%2C%20Espa%C3%B1a,,,,pendiente,no comprobado,
bodega-senorio-de-cinco-villas-biota,Bodega Señorío de Cinco Villas,Biota,Bodega,vino ecológico Argumento y tintos de Cinco Villas,"Ctra. Gallur-Sangüesa km 55, 50695 Biota, Zaragoza",Bodega familiar de Biota centrada en vinos ecológicos bajo la marca Argumento y vinculada a La Botillería de Ejea.,Consultar visitas,+34976677969,senorio@senoriocincovillas.com,https://senoriocincovillas.com/,,,https://www.google.com/maps/search/?api=1&query=Bodega%20Se%C3%B1or%C3%ADo%20de%20Cinco%20Villas%2C%20Ctra.%20Gallur-Sang%C3%BCesa%20km%2055%2C%2050695%20Biota%2C%20Zaragoza%2C%20Espa%C3%B1a,42.2612800,-1.1884600,/productores/aragon/zaragoza/bodega-senorio-de-cinco-villas-biota.webp,parcial,sí,
jumosol-fuentes-de-ebro,Jumosol,Fuentes de Ebro,Fruta y verdura,cebolla dulce de Fuentes de Ebro DOP,"Calle Andrés Segovia, 17, 50740 Fuentes de Ebro, Zaragoza",Productor y comercializador familiar de cebolla dulce de Fuentes de Ebro y otras hortalizas de temporada.,Consultar fuente,+34976161040,info@jumosol.com,https://jumosol.com/,https://www.facebook.com/people/The-Real-Sweet-Onion/100066974245492/,https://www.instagram.com/therealsweetonion/,https://www.google.com/maps/search/?api=1&query=Jumosol%2C%20Calle%20Andr%C3%A9s%20Segovia%2C%2017%2C%2050740%20Fuentes%20de%20Ebro%2C%20Zaragoza%2C%20Espa%C3%B1a,41.5113800,-0.6286600,/productores/aragon/zaragoza/jumosol-fuentes-de-ebro.webp,parcial,sí,
bodegas-roman-bulbuente,Bodegas Román,Bulbuente,Bodega,vinos de garnacha de Campo de Borja,"Ctra. Gallur-Ágreda, 1, 50546 Bulbuente, Zaragoza",Bodega familiar de Bulbuente dedicada a vinos de garnacha de viñedos propios en la DOP Campo de Borja.,Lun-Vie 8:00-14:00,+34976852936,info@bodegasroman.es,https://bodegasroman.es/,,,https://www.google.com/maps/search/?api=1&query=Bodegas%20Rom%C3%A1n%2C%20Ctra.%20Gallur-%C3%81greda%2C%201%2C%2050546%20Bulbuente%2C%20Zaragoza%2C%20Espa%C3%B1a,41.8198278,-1.6013993,/productores/aragon/zaragoza/bodegas-roman-bulbuente.webp,parcial,no,
pagos-del-moncayo-vera-de-moncayo,Pagos del Moncayo,Vera de Moncayo,Bodega,vinos Prados de garnacha y syrah,"Ctra. Z-372 km 1.6, 50580 Vera de Moncayo, Zaragoza","Bodega artesanal junto al Monasterio de Veruela con vinos de garnacha, syrah y experiencias de enoturismo.",Lun-Vie 7:00-15:00; visitas con cita previa,+34976900256,info@pagosdelmoncayo.com,https://www.pagosdelmoncayo.com/,https://www.facebook.com/pagosdelmoncayo/,https://www.instagram.com/pagosdelmoncayo/,https://www.google.com/maps/search/?api=1&query=Pagos%20del%20Moncayo%2C%20Ctra.%20Z-372%20km%201.6%2C%2050580%20Vera%20de%20Moncayo%2C%20Zaragoza%2C%20Espa%C3%B1a,41.8249100,-1.6874700,,parcial,sí,
bodegas-cabal-ainzon,Bodegas Cabal,Ainzón,Bodega,vinos y espumosos artesanos,"Polígono Las Bodegas, 11, 50570 Ainzón, Zaragoza",Bodega de Ainzón especializada en vinos y espumosos artesanos elaborados con uva del Campo de Borja.,Consultar fuente,+34639141533,info@bodegascabalarcega.es,https://bodegascabalarcega.es/,https://www.facebook.com/people/Bodegas-Cabal/100054591242986/,,https://www.google.com/maps/search/?api=1&query=Bodegas%20Cabal%2C%20Pol%C3%ADgono%20Las%20Bodegas%2C%2011%2C%2050570%20Ainz%C3%B3n%2C%20Zaragoza%2C%20Espa%C3%B1a,41.8160700,-1.5197000,/productores/aragon/zaragoza/bodegas-cabal-ainzon.webp,parcial,sí,
cooperativa-agraria-nuestra-senora-del-pilar-novallas,Cooperativa Agraria Nuestra Señora del Pilar,Novallas,Aceite,aceite de oliva virgen extra San Marcial,"Calle La Virgen, 40, 50510 Novallas, Zaragoza",Cooperativa de Novallas que elabora aceite de oliva virgen extra San Marcial amparado por la DOP Aceite Sierra del Moncayo.,Consultar fuente,+34976198288,cooperativanovallas@hotmail.com,https://cooperativanovallas.es/,,,https://www.google.com/maps/search/?api=1&query=Cooperativa%20Agraria%20Nuestra%20Se%C3%B1ora%20del%20Pilar%2C%20Calle%20La%20Virgen%2C%2040%2C%2050510%20Novallas%2C%20Zaragoza%2C%20Espa%C3%B1a,41.9466700,-1.6941700,/productores/aragon/zaragoza/cooperativa-agraria-nuestra-senora-del-pilar-novallas.webp,parcial,sí,
la-casa-de-la-abuela-pina-de-ebro,La Casa de la Abuela,Pina de Ebro,Pan y pastelería,"empanadillas, turrones, polvorones y repostería ecológica","Plaza de España, 10, 50750 Pina de Ebro, Zaragoza",Obrador artesano y ecológico de Pina de Ebro especializado en dulces tradicionales y repostería de temporada.,Consultar fuente,+34634995358,lacasadelaabuela.pasteleria@gmail.com,,https://www.facebook.com/La-Casa-de-la-Abuela-360171877485177,https://www.instagram.com/lacasadelaabuela_eco/,https://www.google.com/maps/search/?api=1&query=La%20Casa%20de%20la%20Abuela%2C%20Plaza%20de%20Espa%C3%B1a%2C%2010%2C%2050750%20Pina%20de%20Ebro%2C%20Zaragoza%2C%20Espa%C3%B1a,41.4889600,-0.5260200,,parcial,no,
bodegas-ejeanas-ejea-de-los-caballeros,Bodegas Ejeanas,Ejea de los Caballeros,Bodega,vinos UN y Vega de Luchán,"Avenida Cosculluela, 23, 50600 Ejea de los Caballeros, Zaragoza",Bodega familiar de Ejea de los Caballeros con vinos de la IGP Ribera del Gállego-Cinco Villas.,Consultar fuente,+34976663770,info@bodegasejeanas.com,https://bodegasejeanas.com/,https://www.facebook.com/bodegasejeanas/,https://www.instagram.com/bodegas.ejeanas/,https://www.google.com/maps/search/?api=1&query=Bodegas%20Ejeanas%2C%20Avenida%20Cosculluela%2C%2023%2C%2050600%20Ejea%20de%20los%20Caballeros%2C%20Zaragoza%2C%20Espa%C3%B1a,42.1272800,-1.1384300,/productores/aragon/zaragoza/bodegas-ejeanas-ejea-de-los-caballeros.webp,parcial,sí,
colmenar-el-romeral-tauste,Colmenar El Romeral,Tauste,Miel,"miel, jalea real y polen","Ctra. Tauste-Luceni km 2.2, 50660 Tauste, Zaragoza",Colmenar de Tauste dedicado a miel y productos apícolas artesanales con venta local en Cinco Villas.,Consultar fuente,+34976855161,mielromeral@gmail.com,,https://www.facebook.com/apivitalymieles,,https://www.google.com/maps/search/?api=1&query=Colmenar%20El%20Romeral%2C%20Ctra.%20Tauste-Luceni%20km%202.2%2C%2050660%20Tauste%2C%20Zaragoza%2C%20Espa%C3%B1a,41.9203200,-1.2547200,,parcial,no,
miel-sierra-de-luna-sierra-de-luna,Miel Sierra de Luna,Sierra de Luna,Miel,miel artesanal,"Calle Baja, 5, 50612 Sierra de Luna, Zaragoza",Productor apícola de Sierra de Luna con miel artesanal y comercialización local.,Consultar fuente,+34695810059,mielsierradeluna@gmail.com,,https://www.facebook.com/MielSierraDeLuna,,https://www.google.com/maps/search/?api=1&query=Miel%20Sierra%20de%20Luna%2C%20Calle%20Baja%2C%205%2C%2050612%20Sierra%20de%20Luna%2C%20Zaragoza%2C%20Espa%C3%B1a,42.0489600,-0.9098200,,parcial,no,
miel-de-los-banales-layana,Miel de Los Bañales,Layana,Miel,miel y productos apícolas,"Calle de la Iglesia, 4, 50679 Layana, Zaragoza",Apicultora de Layana dedicada a miel de proximidad en el entorno de Los Bañales y Cinco Villas.,Consultar fuente,+34669682660,,,https://www.facebook.com/mieldelosbanales.layanauncastillo,,https://www.google.com/maps/search/?api=1&query=Miel%20de%20Los%20Ba%C3%B1ales%2C%20Calle%20de%20la%20Iglesia%2C%204%2C%2050679%20Layana%2C%20Zaragoza%2C%20Espa%C3%B1a,42.2968100,-1.2450000,,parcial,no,
miel-del-tio-juan-cruz-fuendejalon,Miel del Tío Juan Cruz,Fuendejalón,Miel,"miel de brezo, romero, tomillo y vinagre de miel","Calle Posada, 14, 50529 Fuendejalón, Zaragoza",Apícola Cuartero Navarro elabora la marca Miel del Tío Juan Cruz con mieles artesanas de Fuendejalón.,Consultar fuente,+34976852291,info@mieltiojuancruz.com,https://mieltiojuancruz.com/,https://www.facebook.com/Miel-del-T%C3%ADo-Juan-Cruz-720183401680441/,,https://www.google.com/maps/search/?api=1&query=Miel%20del%20T%C3%ADo%20Juan%20Cruz%2C%20Calle%20Posada%2C%2014%2C%2050529%20Fuendejal%C3%B3n%2C%20Zaragoza%2C%20Espa%C3%B1a,41.7607600,-1.4720400,/productores/aragon/zaragoza/miel-del-tio-juan-cruz-fuendejalon.webp,parcial,sí,
chocolates-caro-terrer,Chocolates Caro,Terrer,Chocolate,frutas de Aragón y chocolates artesanos,"Ctra. N-II km 227, 50293 Terrer, Zaragoza","Obrador chocolatero con origen en los años treinta y fábrica en Terrer, especializado en frutas de Aragón y chocolate.",Consultar fuente,+34976887574,comercial@chocoter.com,https://www.carochocolate.es/,https://www.facebook.com/CAROChocoter,https://www.instagram.com/chocolatescaro/,https://www.google.com/maps/search/?api=1&query=Chocolates%20Caro%2C%20Ctra.%20N-II%20km%20227%2C%2050293%20Terrer%2C%20Zaragoza%2C%20Espa%C3%B1a,41.3266700,-1.7122200,,parcial,sí,
chocolates-nakoa-utebo,Chocolates Nakoa,Utebo,Chocolate,"bombones, tabletas y frutas de Aragón","Parque Empresarial Utebo, naves 15 y 16, Avenida Miguel Servet, 50180 Utebo, Zaragoza","Empresa familiar de Utebo dedicada a chocolates, bombones y elaboraciones artesanas bajo la marca Nakoa.",Consultar fuente,+34976772040,,https://latiendadechocolate.es/,,,https://www.google.com/maps/search/?api=1&query=Chocolates%20Nakoa%2C%20Parque%20Empresarial%20Utebo%2C%20naves%2015%20y%2016%2C%20Avenida%20Miguel%20Servet%2C%2050180%20Utebo%2C%20Zaragoza%2C%20Espa%C3%B1a,41.7140800,-0.9943600,,parcial,sí,
bodegas-ateca-ateca,Bodegas Ateca,Ateca,Bodega,vinos Atteca y Honoro Vera Garnacha,"Ctra. N-II km 221, 50200 Ateca, Zaragoza",Bodega del grupo Gil Family en la DOP Calatayud centrada en garnachas de viñas viejas de Ateca.,Consultar fuente,+34629261379,info@gilfamily.es,https://gilfamily.es/bodegas_ateca,,,https://www.google.com/maps/search/?api=1&query=Bodegas%20Ateca%2C%20Ctra.%20N-II%20km%20221%2C%2050200%20Ateca%2C%20Zaragoza%2C%20Espa%C3%B1a,41.3308300,-1.7929100,/productores/aragon/zaragoza/bodegas-ateca-ateca.webp,parcial,sí,
bodegas-augusta-bilbilis-mara,Bodegas Augusta Bílbilis,Mara,Bodega,vinos Samitier y Segeda,"Calle Carramiedes, s/n, 50331 Mara, Zaragoza",Bodega familiar de Mara dedicada a vinos ecológicos de la DOP Calatayud con elaboración en pequeñas partidas.,Consultar fuente,+34677547127,pedidos@bodegasaugustabilbilis.com,https://www.bodegasaugustabilbilis.com/,http://www.facebook.com/bodegas.augustabilbilis,http://instagram.com/augustabilbilis,https://www.google.com/maps/search/?api=1&query=Bodegas%20Augusta%20B%C3%ADlbilis%2C%20Calle%20Carramiedes%2C%20s%2Fn%2C%2050331%20Mara%2C%20Zaragoza%2C%20Espa%C3%B1a,41.2889800,-1.5180600,/productores/aragon/zaragoza/bodegas-augusta-bilbilis-mara.webp,parcial,sí,
raices-ibericas-maluenda,Raíces Ibéricas,Maluenda,Bodega,vinos de garnacha y variedades autóctonas,"Avenida Mudéjar, 61, 50340 Maluenda, Zaragoza",Bodega de Maluenda orientada a variedades autóctonas y vinos de la DOP Calatayud con enoturismo.,Consultar fuente,+34675726222,contact@raicesibericas.com,https://www.raicesibericas.com/,https://www.facebook.com/raicesibericaswine/,https://www.instagram.com/raicesibericaswines/,https://www.google.com/maps/search/?api=1&query=Ra%C3%ADces%20Ib%C3%A9ricas%2C%20Avenida%20Mud%C3%A9jar%2C%2061%2C%2050340%20Maluenda%2C%20Zaragoza%2C%20Espa%C3%B1a,41.2830600,-1.6166700,/productores/aragon/zaragoza/raices-ibericas-maluenda.webp,parcial,sí,
bodegas-san-gregorio-cervera-de-la-canada,Bodegas San Gregorio,Cervera de la Cañada,Bodega,vinos Armantes y Loma Gorda,"Ctra. Villalengua, 50312 Cervera de la Cañada, Zaragoza",Cooperativa vitivinícola de Cervera de la Cañada fundada en 1965 y especializada en vinos de la DOP Calatayud.,Lun-Vie 9:00-18:00,+34976899206,info@bodegasangregorio.com,https://bodegasangregorio.com/,https://www.facebook.com/bodegasangregoriocalatayud,https://www.instagram.com/bodegasangregorio/,https://www.google.com/maps/search/?api=1&query=Bodegas%20San%20Gregorio%2C%20Ctra.%20Villalengua%2C%2050312%20Cervera%20de%20la%20Ca%C3%B1ada%2C%20Zaragoza%2C%20Espa%C3%B1a,41.4321600,-1.7352700,/productores/aragon/zaragoza/bodegas-san-gregorio-cervera-de-la-canada.webp,parcial,sí,
colas-viticultores-alhama-de-aragon,Colás Viticultores,Alhama de Aragón,Bodega,vinos ecológicos de garnacha y tempranillo,"Calle Juan de Lanuza, 28, 50230 Alhama de Aragón, Zaragoza",Bodega familiar de Alhama de Aragón que elabora vinos de viñedo propio en la DOP Calatayud.,Consultar fuente,+34976840062,info@colasviticultores.com,https://www.colasviticultores.com/,,,https://www.google.com/maps/search/?api=1&query=Col%C3%A1s%20Viticultores%2C%20Calle%20Juan%20de%20Lanuza%2C%2028%2C%2050230%20Alhama%20de%20Arag%C3%B3n%2C%20Zaragoza%2C%20Espa%C3%B1a,41.2965000,-1.8949500,/productores/aragon/zaragoza/colas-viticultores-alhama-de-aragon.webp,parcial,no,
cooperativa-agricola-san-lorenzo-maella,Cooperativa Agrícola San Lorenzo,Maella,Aceite,"aceite de oliva virgen extra, fruta fresca y vino Magalia","Avenida Aragón, 110, 50710 Maella, Zaragoza","Cooperativa de Maella del grupo Magalia con aceite de oliva virgen extra, fruta fresca y vinos del Bajo Aragón.",Consultar fuente,+34976638004,admon@magalia.org,https://magalia.org/,,,https://www.google.com/maps/search/?api=1&query=Cooperativa%20Agr%C3%ADcola%20San%20Lorenzo%2C%20Avenida%20Arag%C3%B3n%2C%20110%2C%2050710%20Maella%2C%20Zaragoza%2C%20Espa%C3%B1a,41.1221500,0.1393600,,parcial,sí,
almazara-gil-egerique-maella,Almazara Gil Egerique,Maella,Aceite,aceite de oliva Torremaella y Olivadella,"Calle Teruel, s/n, 50710 Maella, Zaragoza",Almazara familiar de Maella que elabora aceite de oliva virgen extra bajo las marcas Torremaella y Olivadella.,Consultar fuente,+34976638236,info@torremaella.com,https://www.olivadella.com/espa%C3%B1ol/,,,https://www.google.com/maps/search/?api=1&query=Almazara%20Gil%20Egerique%2C%20Calle%20Teruel%2C%20s%2Fn%2C%2050710%20Maella%2C%20Zaragoza%2C%20Espa%C3%B1a,41.1221500,0.1393600,,parcial,no,
cooperativa-del-campo-san-isidro-fabara,Cooperativa del Campo San Isidro,Fabara,Aceite,"aceite, fruta, almendras y aceitunas","Calle Campo, 1, 50793 Fabara, Zaragoza","Cooperativa agraria de Fabara con molino de aceite, fruta, almendra, olivas y suministros agrícolas.",Consultar fuente,+34976635012,cooperativa@coopfabara.es,https://www.coopfabara.es/,,,https://www.google.com/maps/search/?api=1&query=Cooperativa%20del%20Campo%20San%20Isidro%2C%20Calle%20Campo%2C%201%2C%2050793%20Fabara%2C%20Zaragoza%2C%20Espa%C3%B1a,41.1779400,0.1676100,/productores/aragon/zaragoza/cooperativa-del-campo-san-isidro-fabara.webp,parcial,no,
bodegas-care-carinena,Bodegas Care,Cariñena,Bodega,vinos Care de la DOP Cariñena,"Ctra. Aguarón km 33, 50400 Cariñena, Zaragoza",Bodega de Cariñena reconocible por la marca Care y vinos de la DOP Cariñena.,Consultar fuente,+34976793016,bodega@bodegascare.com,https://bodegascare.com/,https://www.facebook.com/bodegas.care,https://instagram.com/bodegascare,https://www.google.com/maps/search/?api=1&query=Bodegas%20Care%2C%20Ctra.%20Aguar%C3%B3n%20km%2033%2C%2050400%20Cari%C3%B1ena%2C%20Zaragoza%2C%20Espa%C3%B1a,41.3373600,-1.2249100,,parcial,sí,
bodem-bodegas-almonacid-de-la-sierra,Bodem Bodegas,Almonacid de la Sierra,Bodega,vinos veganos y sostenibles Bodem,"Carretera Z-V-1201 km 0.3, 50108 Almonacid de la Sierra, Zaragoza",Bodega de Almonacid de la Sierra especializada en vinos veganos y sostenibles de la DOP Cariñena.,Consultar fuente,+34976780136,marketingr@bodembodegas.com,https://bodembodegas.com/,https://www.facebook.com/axialvinosaxialwines/,https://www.instagram.com/axialvinos/,https://www.google.com/maps/search/?api=1&query=Bodem%20Bodegas%2C%20Carretera%20Z-V-1201%20km%200.3%2C%2050108%20Almonacid%20de%20la%20Sierra%2C%20Zaragoza%2C%20Espa%C3%B1a,41.3973800,-1.3239300,/productores/aragon/zaragoza/bodem-bodegas-almonacid-de-la-sierra.webp,parcial,sí,
hacienda-molleda-tosos,Hacienda Molleda,Tosos,Bodega,"vinos Hacienda Molleda, GHM y Finca La Matea","Ctra. A-220 km 29.2, 50154 Tosos, Zaragoza",Bodega familiar situada en Tosos y rodeada de viñedos propios de la DOP Cariñena.,Consultar fuente,+34976620702,hm@haciendamolleda.com,https://haciendamolleda.com/,https://www.facebook.com/Bodegas.Hacienda.Molleda/,https://www.instagram.com/hacienda_molleda/,https://www.google.com/maps/search/?api=1&query=Hacienda%20Molleda%2C%20Ctra.%20A-220%20km%2029.2%2C%2050154%20Tosos%2C%20Zaragoza%2C%20Espa%C3%B1a,41.3161100,-1.0708300,,parcial,sí,
libre-y-salvaje-almonacid-de-la-sierra,Libre y Salvaje,Almonacid de la Sierra,Bodega,"vinos ecológicos de pueblo, paraje y parcela","Calle Camino del Bosque, s/n, 50108 Almonacid de la Sierra, Zaragoza",Bodega de vinos ecológicos de Almonacid de la Sierra con elaboración artesanal y viñas de la zona.,Consultar fuente,+34682339556,info@libreysalvaje.com,https://libreysalvaje.com/,,,https://www.google.com/maps/search/?api=1&query=Libre%20y%20Salvaje%2C%20Calle%20Camino%20del%20Bosque%2C%20s%2Fn%2C%2050108%20Almonacid%20de%20la%20Sierra%2C%20Zaragoza%2C%20Espa%C3%B1a,41.3973800,-1.3239300,/productores/aragon/zaragoza/libre-y-salvaje-almonacid-de-la-sierra.webp,parcial,no comprobado,
dominio-de-longaz-carinena,Dominio de Longaz,Cariñena,Bodega,vinos Longus y Dominio de Longaz,"Partida La Pardina, Camino Virgen de Lagunas, s/n, 50400 Cariñena, Zaragoza",Bodega de Cariñena con viñedo propio junto a la Sierra de Algairén y vinos de finca.,Consultar fuente,+34976915267,dominiodelongaz@dominiodelongaz.com,https://dominiodelongaz.com/,https://www.facebook.com/bodegadominiodelongaz,https://www.instagram.com/dominio_de_longaz/,https://www.google.com/maps/search/?api=1&query=Dominio%20de%20Longaz%2C%20Partida%20La%20Pardina%2C%20Camino%20Virgen%20de%20Lagunas%2C%20s%2Fn%2C%2050400%20Cari%C3%B1ena%2C%20Zaragoza%2C%20Espa%C3%B1a,41.3373600,-1.2249100,/productores/aragon/zaragoza/dominio-de-longaz-carinena.webp,parcial,no,
bodegas-morca-borja,Bodegas Morca,Borja,Bodega,"vinos Flor de Morca, Morca y Tourán","Calle Molinillo del Fraile, s/n, 50540 Borja, Zaragoza",Bodega de Gil Family en Borja centrada en garnachas de la DOP Campo de Borja.,Consultar fuente,+34690818509,info@gilfamily.es,https://gilfamily.es/bodegas_morca,,,https://www.google.com/maps/search/?api=1&query=Bodegas%20Morca%2C%20Calle%20Molinillo%20del%20Fraile%2C%20s%2Fn%2C%2050540%20Borja%2C%20Zaragoza%2C%20Espa%C3%B1a,41.8348200,-1.5337500,/productores/aragon/zaragoza/bodegas-morca-borja.webp,parcial,sí,
mermeladas-la-vicora-sediles,Mermeladas La Vicora,Sediles,Otros,mermeladas sin azúcares añadidos,"Sediles, Zaragoza","Proyecto de Sediles dedicado a mermeladas elaboradas con fruta local, sin gluten y sin conservantes artificiales.",Consultar fuente,+34976892734,,https://www.mermeladaslavicora.es/,https://www.facebook.com/MermeladasLaVicora/,,https://www.google.com/maps/search/?api=1&query=Mermeladas%20La%20Vicora%2C%20Sediles%2C%20Zaragoza%2C%20Espa%C3%B1a,41.3463700,-1.5302200,/productores/aragon/zaragoza/mermeladas-la-vicora-sediles.webp,parcial,no,
trufafusion-aragon-lechon,Trufafusión Aragón,Lechón,Trufa y setas,trufa negra fresca y productos trufados,"Calle Eras, 7, 50369 Lechón, Zaragoza",Productor de Lechón dedicado a trufa negra fresca de Aragón y productos trufados con envío de temporada.,Consultar temporada,+34656810208,info@trufafusionaragon.es,https://trufafusionaragon.es/,,,https://www.google.com/maps/search/?api=1&query=Trufafusi%C3%B3n%20Arag%C3%B3n%2C%20Calle%20Eras%2C%207%2C%2050369%20Lech%C3%B3n%2C%20Zaragoza%2C%20Espa%C3%B1a,41.0864900,-1.2841600,/productores/aragon/zaragoza/trufafusion-aragon-lechon.webp,parcial,sí,
trufa-negra-monteciello-ejea-de-los-caballeros,Trufa Negra Monteciello,Ejea de los Caballeros,Trufa y setas,trufa negra fresca melanosporum,"Calle Cervantes, 3, 2º dcha., 50600 Ejea de los Caballeros, Zaragoza",Productor de trufa negra fresca de Cinco Villas con comercialización local en Ejea y Zaragoza.,Consultar temporada,+34690369920,trufanegramonteciello@gmail.com,,https://www.facebook.com/trufanegramonteciello/,https://www.instagram.com/trufanegramonteciello/,https://www.google.com/maps/search/?api=1&query=Trufa%20Negra%20Monteciello%2C%20Calle%20Cervantes%2C%203%2C%202%C2%BA%20dcha.%2C%2050600%20Ejea%20de%20los%20Caballeros%2C%20Zaragoza%2C%20Espa%C3%B1a,42.1272800,-1.1384300,,parcial,no,
lafi-biolivos-ejea-de-los-caballeros,Lafi Biolivos,Ejea de los Caballeros,Aceite,aceite de oliva virgen extra ecológico Lafi,"Calle General Palafox, 5, 50619 Rivas, Ejea de los Caballeros, Zaragoza",Proyecto familiar de aceite de oliva virgen extra ecológico cultivado en Cinco Villas.,Consultar fuente,+34606964840,info@lafibiolivos.com,https://lafibiolivos.com/,https://www.facebook.com/Lafibiolivos,https://www.instagram.com/lafibiolivos/,https://www.google.com/maps/search/?api=1&query=Lafi%20Biolivos%2C%20Calle%20General%20Palafox%2C%205%2C%2050619%20Rivas%2C%20Ejea%20de%20los%20Caballeros%2C%20Zaragoza%2C%20Espa%C3%B1a,42.1272800,-1.1384300,/productores/aragon/zaragoza/lafi-biolivos-ejea-de-los-caballeros.webp,parcial,sí,
trujal-la-veronica-tarazona,Trujal La Verónica,Tarazona,Aceite,aceite de oliva virgen extra artesanal,"Tarazona, Zaragoza",Trujal tradicional de Tarazona dedicado a aceite de oliva virgen extra artesanal y visitas a la almazara.,Consultar fuente,+34976641567,trujallaveronica@gmail.com,https://trujallaveronica.com/,,,https://www.google.com/maps/search/?api=1&query=Trujal%20La%20Ver%C3%B3nica%2C%20Tarazona%2C%20Zaragoza%2C%20Espa%C3%B1a,41.9044400,-1.7241700,/productores/aragon/zaragoza/trujal-la-veronica-tarazona.webp,parcial,sí,
onawa-coffee-zaragoza,Onawa Coffee,Zaragoza,Café,café de especialidad tostado en Zaragoza,"Crta. de Cogullada, 65, nave 5-01, Mercazaragoza, 50014 Zaragoza","Tostador de café de especialidad en Zaragoza con tienda de cafés, packs, tés y formación para hostelería.",Consultar fuente,+34636683076,info@onawacoffee.com,https://www.onawacoffee.com/,,,https://www.google.com/maps/search/?api=1&query=Onawa%20Coffee%2C%20Crta.%20de%20Cogullada%2C%2065%2C%20nave%205-01%2C%20Mercazaragoza%2C%2050014%20Zaragoza%2C%20Espa%C3%B1a,41.6500000,-0.8833300,,parcial,sí,
cafes-el-tostadero-cuarte-de-huerva,Cafés El Tostadero,Cuarte de Huerva,Café,cafés tostados y tés,"Cuarte de Huerva, Zaragoza","Tostadero aragonés de café con cafés de especialidad, blends, tés, packs y suscripciones.",Consultar fuente,+34976463240,eltostadero@eltostadero.com,https://www.eltostadero.com/,https://www.facebook.com/cafeseltostadero/,https://www.instagram.com/cafeseltostadero/,https://www.google.com/maps/search/?api=1&query=Caf%C3%A9s%20El%20Tostadero%2C%20Cuarte%20de%20Huerva%2C%20Zaragoza%2C%20Espa%C3%B1a,41.5935900,-0.9388800,/productores/aragon/zaragoza/cafes-el-tostadero-cuarte-de-huerva.webp,parcial,sí,
panaderias-agrupadas-de-caspe-caspe,Panaderías Agrupadas de Caspe,Caspe,Pan y pastelería,"magdalenas, torta de balsa, pan y repostería","Calle Miguel Agustín Príncipe, 1, 50700 Caspe, Zaragoza","Obrador de Caspe fundado por panaderos locales y dedicado a pan, magdalenas, tortas y repostería tradicional.",Consultar tiendas,+34976630337,administracion@panagrupadas.com,https://panagrupadas.com/,https://www.facebook.com/panaderiasagrupadascaspe/,https://www.instagram.com/panaderias_agrupadas/,https://www.google.com/maps/search/?api=1&query=Panader%C3%ADas%20Agrupadas%20de%20Caspe%2C%20Calle%20Miguel%20Agust%C3%ADn%20Pr%C3%ADncipe%2C%201%2C%2050700%20Caspe%2C%20Zaragoza%2C%20Espa%C3%B1a,41.2366700,-0.0395700,/productores/aragon/zaragoza/panaderias-agrupadas-de-caspe-caspe.webp,parcial,sí,
horno-de-reposteria-ismael-zaragoza,Horno de Repostería Ismael,Zaragoza,Pan y pastelería,"pastas artesanas, bollería, salados y repostería","Calle Gertrudis Gómez de Avellaneda, 73, 50015 Zaragoza","Horno zaragozano con obrador propio desde 1978 y encargos de pastas, bollería, salados y pastelería artesanal.",Lun-Vie 8:30-20:30; Sab-Dom 8:30-14:30,+34976740600,,https://hornodereposteriaismael.es/,,,https://www.google.com/maps/search/?api=1&query=Horno%20de%20Reposter%C3%ADa%20Ismael%2C%20Calle%20Gertrudis%20G%C3%B3mez%20de%20Avellaneda%2C%2073%2C%2050015%20Zaragoza%2C%20Espa%C3%B1a,41.6500000,-0.8833300,,parcial,sí,
bodegas-pegalaz-santa-eulalia-de-gallego,Bodegas Pegalaz,Santa Eulalia de Gállego,Bodega,vinos Firé del Reino de los Mallos,"Ctra. A-1202 km 7, desvío Ermita Santa Quiteria, 22806 Santa Eulalia de Gállego, Zaragoza",Bodega familiar del Reino de los Mallos que recupera el cultivo y elaboración de vino en la ribera del Gállego.,Consultar visitas,+34625643440,contactabodegaspegalaz@gmail.com,https://bodegaspegalaz.com/,https://www.facebook.com/bodegaspegalaz/,https://www.instagram.com/firedepegalaz/,https://www.google.com/maps/search/?api=1&query=Bodegas%20Pegalaz%2C%20Ctra.%20A-1202%20km%207%2C%20desv%C3%ADo%20Ermita%20Santa%20Quiteria%2C%2022806%20Santa%20Eulalia%20de%20G%C3%A1llego%2C%20Zaragoza%2C%20Espa%C3%B1a,42.2861100,-0.7611100,/productores/aragon/zaragoza/bodegas-pegalaz-santa-eulalia-de-gallego.webp,parcial,sí,
pasta-libertina-zaragoza,Pasta Libertina,Zaragoza,Otros,"pasta fresca, seca y rellena","Calle F Oeste nº57, nave 11, Polígono Malpica, 50016 Zaragoza","Obrador zaragozano de pasta fresca, seca y congelada rellena con venta directa y distribución local.",Consultar fuente,+34639375418,hola@pastalibertina.com,https://pastalibertina.com/,https://www.facebook.com/pastalibertina/,https://www.instagram.com/pastalibertina/,https://www.google.com/maps/search/?api=1&query=Pasta%20Libertina%2C%20Calle%20F%20Oeste%20n%C2%BA57%2C%20nave%2011%2C%20Pol%C3%ADgono%20Malpica%2C%2050016%20Zaragoza%2C%20Espa%C3%B1a,41.6500000,-0.8833300,/productores/aragon/zaragoza/pasta-libertina-zaragoza.webp,parcial,sí,
naturapistacho-quinto,Naturapistacho,Quinto,Frutos secos,"pistacho ecológico natural, tostado y garrapiñado","Avenida Constitución, 22, 50770 Quinto, Zaragoza",Familia agricultora de Quinto dedicada a pistachos ecológicos en diferentes formatos y puntos de venta locales.,Consultar fuente,+34699804590,naturapistacho@gmail.com,https://naturapistacho.es/,,https://www.instagram.com/naturapistacho/,https://www.google.com/maps/search/?api=1&query=Naturapistacho%2C%20Avenida%20Constituci%C3%B3n%2C%2022%2C%2050770%20Quinto%2C%20Zaragoza%2C%20Espa%C3%B1a,41.4248100,-0.4975200,/productores/aragon/zaragoza/naturapistacho-quinto.webp,parcial,no,
frutos-secos-del-jalon-cosuenda,Frutos Secos del Jalón,Cosuenda,Frutos secos,almendra y nuez de productores asociados,"Camino La Fontanilla, s/n, 50409 Cosuenda, Zaragoza","Organización de productores de Cosuenda dedicada a la comercialización de almendra, nuez y otros frutos secos.",Consultar fuente,+34976812033,frutosdeljalon@gmail.com,https://frutossecosdeljalon.com/,,,https://www.google.com/maps/search/?api=1&query=Frutos%20Secos%20del%20Jal%C3%B3n%2C%20Camino%20La%20Fontanilla%2C%20s%2Fn%2C%2050409%20Cosuenda%2C%20Zaragoza%2C%20Espa%C3%B1a,41.3639500,-1.2983000,/productores/aragon/zaragoza/frutos-secos-del-jalon-cosuenda.webp,parcial,no,
tostadero-la-baturrica-fuentes-de-ebro,Tostadero La Baturrica,Fuentes de Ebro,Frutos secos,"frutos secos tostados, snacks y fruta deshidratada","Polígono Industrial La Corona, parcelas 8 y 9, 50740 Fuentes de Ebro, Zaragoza",Tostadero de frutos secos de Fuentes de Ebro con elaboración propia y catálogo para alimentación y hostelería.,Consultar fuente,+34976412766,info@tostadero-baturrica.com,https://www.tostadero-baturrica.com/,,https://www.instagram.com/labaturrica/,https://www.google.com/maps/search/?api=1&query=Tostadero%20La%20Baturrica%2C%20Pol%C3%ADgono%20Industrial%20La%20Corona%2C%20parcelas%208%20y%209%2C%2050740%20Fuentes%20de%20Ebro%2C%20Zaragoza%2C%20Espa%C3%B1a,41.5113800,-0.6286600,/productores/aragon/zaragoza/tostadero-la-baturrica-fuentes-de-ebro.webp,parcial,no,
bodegas-valdepablo-terrer,Bodegas Valdepablo,Terrer,Vermut,"vermut, sangrías y vinos aromatizados","Camino de Calatayud, s/n, 50293 Terrer, Zaragoza","Bodega familiar de Terrer activa desde 1928 y especializada en vermut, sangrías y vinos aromatizados.",Consultar fuente,+34976898400,,https://www.valdepablo.com/,https://www.facebook.com/valdepablo.bodegas,https://www.instagram.com/bodegas.valdepablo,https://www.google.com/maps/search/?api=1&query=Bodegas%20Valdepablo%2C%20Camino%20de%20Calatayud%2C%20s%2Fn%2C%2050293%20Terrer%2C%20Zaragoza%2C%20Espa%C3%B1a,41.3266700,-1.7122200,,parcial,sí,
camperos-los-corrales-epila,Camperos Los Corrales,Épila,Huevos,huevos camperos artesanos,"Calle San José, 15, 50290 Épila, Zaragoza",Explotación avícola de Épila con huevos camperos de gallinas criadas en libertad y distribución local.,Consultar fuente,+34669258731,camperosloscorrales@hotmail.es,,https://www.facebook.com/CamperosLosCorrales,,https://www.google.com/maps/search/?api=1&query=Camperos%20Los%20Corrales%2C%20Calle%20San%20Jos%C3%A9%2C%2015%2C%2050290%20%C3%89pila%2C%20Zaragoza%2C%20Espa%C3%B1a,41.5985000,-1.2796200,,parcial,no,
huevos-camperos-valdelobos-biota,Huevos Camperos Valdelobos,Biota,Huevos,huevos camperos de Biota,"Paraje Valdelobos, 50695 Biota, Zaragoza","Explotación avícola de Biota bajo la marca Huevos Camperos Valdelobos, con producción diaria de huevo campero.",Consultar fuente,+34675746701,,,,https://www.instagram.com/huevos_camperos_biota/,https://www.google.com/maps/search/?api=1&query=Huevos%20Camperos%20Valdelobos%2C%20Paraje%20Valdelobos%2C%2050695%20Biota%2C%20Zaragoza%2C%20Espa%C3%B1a,42.2612800,-1.1884600,,parcial,no,
granja-virgen-del-olivar-lecera,Granja Virgen del Olivar,Lécera,Huevos,huevos camperos,"Calle Santo Domingo, 5, 50131 Lécera, Zaragoza",Granja de Lécera nacida en 2020 y dedicada a huevos camperos con bienestar animal y sabor tradicional.,Consultar fuente,+34626142164,noeliaiba@hotmail.com,,,https://www.instagram.com/granjavirgendelolivar/,https://www.google.com/maps/search/?api=1&query=Granja%20Virgen%20del%20Olivar%2C%20Calle%20Santo%20Domingo%2C%205%2C%2050131%20L%C3%A9cera%2C%20Zaragoza%2C%20Espa%C3%B1a,41.2032200,-0.7106900,,parcial,no,
venta-las-canadas-villarreal-de-huerva,Venta Las Cañadas,Villarreal de Huerva,Huevos,huevos camperos de gallinas en libertad,"Calle Arrabal, 22, 50354 Villarreal de Huerva, Zaragoza",Granja de Villarreal de Huerva especializada en huevos camperos de gallinas criadas en libertad.,Consultar fuente,+34876090941,info@camperaslaventa.com,https://camperaslaventa.com/,,,https://www.google.com/maps/search/?api=1&query=Venta%20Las%20Ca%C3%B1adas%2C%20Calle%20Arrabal%2C%2022%2C%2050354%20Villarreal%20de%20Huerva%2C%20Zaragoza%2C%20Espa%C3%B1a,41.1902100,-1.2895300,/productores/aragon/zaragoza/venta-las-canadas-villarreal-de-huerva.webp,parcial,no,
la-conservera-del-prepirineo-uncastillo,La Conservera del Prepirineo,Uncastillo,Conservas,"patés vegetales, setas deshidratadas y licores","Calle Virgen de Loreto, 6, 50678 Uncastillo, Zaragoza","Cooperativa de Uncastillo dedicada a patés vegetales artesanos, setas, licores y conservas sin aditivos.",Consultar fuente,+34976679042,contacto@laconserveradelprepirineo.com,https://www.laconserveradelprepirineo.com/,https://www.facebook.com/PatesdeUncastillo,,https://www.google.com/maps/search/?api=1&query=La%20Conservera%20del%20Prepirineo%2C%20Calle%20Virgen%20de%20Loreto%2C%206%2C%2050678%20Uncastillo%2C%20Zaragoza%2C%20Espa%C3%B1a,42.3605000,-1.1310300,/productores/aragon/zaragoza/la-conservera-del-prepirineo-uncastillo.webp,parcial,sí,
carnes-garcia-ejea-de-los-caballeros,Carnes García,Ejea de los Caballeros,Charcutería,"embutidos artesanos, carnes y precocinados","Calle Justo Zoco, 36, 50600 Ejea de los Caballeros, Zaragoza","Negocio familiar de Ejea con explotación ganadera propia y obrador de embutidos frescos, curados y cocidos.",Consultar fuente,+34679306032,2010anagar@gmail.com,,,,https://www.google.com/maps/search/?api=1&query=Carnes%20Garc%C3%ADa%2C%20Calle%20Justo%20Zoco%2C%2036%2C%2050600%20Ejea%20de%20los%20Caballeros%2C%20Zaragoza%2C%20Espa%C3%B1a,42.1272800,-1.1384300,,parcial,sí,
helados-tortosa-zaragoza,Helados Tortosa,Zaragoza,Helados,"helados artesanos, horchata y batidos","Calle Don Jaime I, 35, 50003 Zaragoza",Heladería artesana de Zaragoza activa desde 1935 con obrador propio y variedades para diferentes necesidades alimentarias.,Consultar temporada,+34976292600,hola@heladostortosa.com,https://heladostortosa.com/,https://www.facebook.com/heladostortosa/,https://www.instagram.com/heladostortosa/,https://www.google.com/maps/search/?api=1&query=Helados%20Tortosa%2C%20Calle%20Don%20Jaime%20I%2C%2035%2C%2050003%20Zaragoza%2C%20Espa%C3%B1a,41.6500000,-0.8833300,/productores/aragon/zaragoza/helados-tortosa-zaragoza.webp,parcial,no,
heladeria-artecass-ejea-de-los-caballeros,Heladería Artecass,Ejea de los Caballeros,Helados,helados artesanos y dulces,"Calle Justicia Mayor de Aragón, 52, 50600 Ejea de los Caballeros, Zaragoza",Heladería de Ejea de los Caballeros vinculada a elaboración artesana de helados y dulces locales.,Consultar temporada,+34976663688,artecass@hotmail.es,,,,https://www.google.com/maps/search/?api=1&query=Helader%C3%ADa%20Artecass%2C%20Calle%20Justicia%20Mayor%20de%20Arag%C3%B3n%2C%2052%2C%2050600%20Ejea%20de%20los%20Caballeros%2C%20Zaragoza%2C%20Espa%C3%B1a,42.1272800,-1.1384300,,parcial,no,
destilerias-san-valero-carinena,Destilerías San Valero,Cariñena,Licores,"alcoholes vínicos, tartratos y pepita de uva","Ctra. Valencia km 451.7, 50400 Cariñena, Zaragoza","Alcoholera vínicola de Cariñena dedicada a alcoholes, tartratos, pepita de uva y otros derivados del vino.",Consultar fuente,+34976620494,info@destilerias-sanvalero.com,https://destilerias-sanvalero.com/,,,https://www.google.com/maps/search/?api=1&query=Destiler%C3%ADas%20San%20Valero%2C%20Ctra.%20Valencia%20km%20451.7%2C%2050400%20Cari%C3%B1ena%2C%20Zaragoza%2C%20Espa%C3%B1a,41.3373600,-1.2249100,,parcial,no,
biohuerta-zaragoza-zaragoza,Biohuerta Zaragoza,Zaragoza,Fruta y verdura,cestas ecológicas de verdura y fruta,"Mercazaragoza, Carretera de Cogullada, 50014 Zaragoza","Productor ecológico zaragozano con huerta, cestas a domicilio y suministro a profesionales y grupos de consumo.",Consultar pedidos,+34609043595,biohuerta@yahoo.com,https://www.biohuerta.com/,http://www.facebook.com/biohuertazaragoza,,https://www.google.com/maps/search/?api=1&query=Biohuerta%20Zaragoza%2C%20Mercazaragoza%2C%20Carretera%20de%20Cogullada%2C%2050014%20Zaragoza%2C%20Espa%C3%B1a,41.6500000,-0.8833300,,parcial,sí,
granja-brunet-fabara,Granja Brunet,Fabara,Aceite,"AOVE ecológico, aceitunas, frutos secos","Rambla Arbolitos, 6, 50793 Fabara, Zaragoza","Explotación familiar agrícola-ganadera de Fabara; produce y elabora AOVE ecológico, aceitunas y frutos secos con marca propia Brunet (DOP Aceite del Bajo Aragón). Web informativa sin tienda propia.",,+34650434744,info@granjabrunet.com,https://brunet.bio,,,https://www.google.com/maps/search/?api=1&query=Granja%20Brunet%2C%20Fabara%2C%20Zaragoza,41.174514,0.169675,,verificado,no comprobado,
fruticola-maellana-fruma-maella,Frutícola Maellana (Fruma),Maella,Fruta y verdura,"Melocotón de Calanda, AOVE del Bajo Aragón","Barrio San Sebastián, s/n, 50710 Maella, Zaragoza",Cooperativa agraria de Maella (fundada 1984) a orillas del Matarraña; comercializa melocotón de Calanda DOP de sus socios y elabora AOVE DOP Aceite del Bajo Aragón con la marca Fruma.,,+34976638165,cooperativa@fruma.es,https://www.fruma.es,,,https://www.google.com/maps/search/?api=1&query=Frut%C3%ADcola%20Maellana%20(Fruma)%2C%20Maella%2C%20Zaragoza,41.122150,0.139360,,parcial,no comprobado,
la-chipranesca-chiprana,La Chipranesca,Chiprana,Fruta y verdura,"Melocotón de Calanda, nectarina, cereza","Paraje La Sarda, 50792 Chiprana, Zaragoza","Cooperativa de Chiprana (fundada 1986) dedicada a la comercialización de fruta fresca: melocotón de Calanda DOP, nectarina, pera y cereza. Registrada como auténtico productor de la DOP Melocotón de Calanda.",,+34976637240,frudecas@lachipranesca.com,https://www.lachipranesca.com,,,https://www.google.com/maps/search/?api=1&query=La%20Chipranesca%2C%20Chiprana%2C%20Zaragoza,41.275183,-0.134718,,verificado,no,
cooperativa-fruticola-compromiso-de-caspe,S.C. Frutícola Compromiso de Caspe,Caspe,Aceite,"AOVE del Bajo Aragón, melocotón","Caspe, 50700 Zaragoza",Cooperativa frutícola de Caspe inscrita en la DOP Aceite del Bajo Aragón; elabora AOVE y comercializa fruta. Sin web localizada en la revisión → parcial.,,+34976632159,frucas1@telefonica.net,,,,https://www.google.com/maps/search/?api=1&query=S.C.%20Frut%C3%ADcola%20Compromiso%20de%20Caspe%2C%20Caspe%2C%20Zaragoza,41.236832,-0.039484,,parcial,no comprobado,
cooperativa-agraria-san-sebastian-fayon,Cooperativa Agraria San Sebastián,Fayón,Aceite,AOVE del Bajo Aragón,"Fayón, 50795 Zaragoza",Cooperativa agraria de Fayón inscrita en la DOP Aceite del Bajo Aragón. Sin web localizada en la revisión → parcial.,,+34976635674,cooperativasansebastian@hotmail.es,,,,https://www.google.com/maps/search/?api=1&query=Cooperativa%20Agraria%20San%20Sebasti%C3%A1n%2C%20Fay%C3%B3n%2C%20Zaragoza,41.240242,0.333136,,parcial,no comprobado,
bodega-familia-navascues-almonacid,Bodega Familia Navascués,Almonacid de la Sierra,Bodega,Vinos DOP Cariñena,"Almonacid de la Sierra, 50108 Zaragoza","Bodega familiar de Almonacid de la Sierra, DOP Cariñena; elabora vino con marca propia.",,+34651845176,info@bodegafamilianavascues.com,https://bodegafamilianavascues.com,,,https://www.google.com/maps/search/?api=1&query=Bodega%20Familia%20Navascu%C3%A9s%2C%20Almonacid%20de%20la%20Sierra%2C%20Zaragoza,41.397107,-1.323551,,verificado,no comprobado,
bodegas-manuel-moneva-almonacid,Bodegas Manuel Moneva,Almonacid de la Sierra,Bodega,Vinos DOP Cariñena (garnacha),"Avda. de Zaragoza, 10, 50108 Almonacid de la Sierra, Zaragoza","Bodega familiar de Almonacid de la Sierra, DOP Cariñena; vinos de garnacha con web informativa multiidioma.",,+34976627020,info@bodegasmanuelmoneva.com,https://bodegasmanuelmoneva.com,,,https://www.google.com/maps/search/?api=1&query=Bodegas%20Manuel%20Moneva%2C%20Almonacid%20de%20la%20Sierra%2C%20Zaragoza,41.396610,-1.321214,,verificado,no comprobado,
vinedos-y-bodegas-pablo-gran-viu-almonacid,Viñedos y Bodegas Pablo (Gran Viu),Almonacid de la Sierra,Bodega,Vinos Gran Viu DOP Cariñena,"Avda. de Zaragoza, 16, 50108 Almonacid de la Sierra, Zaragoza","Bodega de Almonacid de la Sierra, DOP Cariñena; vinos con la marca Gran Viu (garnacha de viñas viejas).",,+34976627037,granviu@granviu.com,https://granviu.com,,,https://www.google.com/maps/search/?api=1&query=Vi%C3%B1edos%20y%20Bodegas%20Pablo%20(Gran%20Viu)%2C%20Almonacid%20de%20la%20Sierra%2C%20Zaragoza,41.397437,-1.319258,,verificado,no comprobado,
bodegas-luis-marin-carinena,Bodegas Luis Marín,Cariñena,Bodega,"Vinos DOP Cariñena (Gabarda, Barón de Lajoyosa)","Ctra. N-330, km 453, 50400 Cariñena, Zaragoza","Bodega familiar de Cariñena (desde 1903), la mayor privada de la DOP Cariñena; marcas Gabarda, Luis Marín, Barón de Lajoyosa, Essentia. Con enoturismo (Hotel Luis Marín).",,+34976621129,info@luismarin.eu,https://luismarin.eu,,,https://www.google.com/maps/search/?api=1&query=Bodegas%20Luis%20Mar%C3%ADn%2C%20Cari%C3%B1ena%2C%20Zaragoza,41.346130,-1.218813,,verificado,no comprobado,
bodega-vignius-ignius-almonacid,Bodega Francisco Javier Sanz Soguero (IGnius),Almonacid de la Sierra,Bodega,Vinos ecológicos IGnius DOP Cariñena,"C/ Barranco, 60, 50108 Almonacid de la Sierra, Zaragoza","Bodega tradicional subterránea de Almonacid de la Sierra (origen 1890), DOP Cariñena; vinos ecológicos de garnacha con la marca IGnius. Web propia con error SSL en la revisión.",,+34696453134,,https://vignius.com,,,https://www.google.com/maps/search/?api=1&query=Bodega%20Francisco%20Javier%20Sanz%20Soguero%20(IGnius)%2C%20Almonacid%20de%20la%20Sierra%2C%20Zaragoza,41.394520,-1.323158,,parcial,no comprobado,
bodega-heredad-anson-muel,Bodega Heredad Ansón,Muel,Bodega,Vinos DOP Cariñena,"Camino Eras Altas, s/n, 50450 Muel, Zaragoza","Bodega familiar de Muel, DOP Cariñena; elaboración y venta de vinos con catas y visitas. Web propia con fallo SSL en la revisión.",,+34976141133,info@bodegasheredadanson.com,https://www.bodegasheredadanson.com,,,https://www.google.com/maps/search/?api=1&query=Bodega%20Heredad%20Ans%C3%B3n%2C%20Muel%2C%20Zaragoza,41.465520,-1.085780,,parcial,no comprobado,
bodega-romeo-yrisarri-carinena,Bodega Romeo Yrisarri,Cariñena,Bodega,Vinos DOP Cariñena,"C/ La Cruz, 8, 50400 Cariñena, Zaragoza",Bodega familiar de Cariñena inscrita en la DOP Cariñena. Sin web propia localizada → parcial.,,+34976620012,,,,,https://www.google.com/maps/search/?api=1&query=Bodega%20Romeo%20Yrisarri%2C%20Cari%C3%B1ena%2C%20Zaragoza,41.338634,-1.228406,,parcial,no comprobado,
bodega-roberto-zazurca-almonacid,Bodega Roberto Zazurca,Almonacid de la Sierra,Bodega,Vinos DOP Cariñena,"Almonacid de la Sierra, 50108 Zaragoza",Bodega de Almonacid de la Sierra inscrita en la DOP Cariñena. Sin web propia localizada → parcial.,,+34605398368,,,,,https://www.google.com/maps/search/?api=1&query=Bodega%20Roberto%20Zazurca%2C%20Almonacid%20de%20la%20Sierra%2C%20Zaragoza,41.397107,-1.323551,,parcial,no comprobado,
bodega-vinos-del-viento-pozuelo-de-aragon,Bodega Vinos del Viento (Cooper Cellars),Pozuelo de Aragón,Bodega,"Vinos DOP Campo de Borja (garnacha, cariñena)","Camino Cuevas, 17, 50529 Pozuelo de Aragón, Zaragoza","Pequeña bodega artesanal de Pozuelo de Aragón dirigida por el enólogo Michael Cooper; vinos de producción limitada de garnacha y cariñena de viñas viejas en agricultura biológica, DOP Campo de Borja.",,+34635662625,info@vinosdelviento.com,http://vinosdelviento.com,,,https://www.google.com/maps/search/?api=1&query=Bodega%20Vinos%20del%20Viento%20(Cooper%20Cellars)%2C%20Pozuelo%20de%20Arag%C3%B3n%2C%20Zaragoza,41.763240,-1.420956,,verificado,no comprobado,
bodegas-agustin-cubero-calatayud,Bodegas Agustín Cubero,Calatayud,Bodega,Vinos DOP Calatayud (garnacha viñas viejas),"Polígono La Charluca, nave 1, 50300 Calatayud, Zaragoza","Bodega familiar (origen 1881 en Godojos, trasladada a Calatayud en 1997), cuarta generación; vinos DOP Calatayud de garnacha de viñas viejas, tempranillo, syrah y macabeo.",,+34976882332,,https://bodegascubero.com,,,https://www.google.com/maps/search/?api=1&query=Bodegas%20Agust%C3%ADn%20Cubero%2C%20Calatayud%2C%20Zaragoza,41.327676,-1.640487,,verificado,no comprobado,
bodega-la-cerrada-vinos-atrevidos-calatayud,Bodega La Cerrada (Vinos Atrevidos),Calatayud,Bodega,"Vinos naturales (garnacha, macabeo)","Ctra. de Valencia, 165, 50300 Calatayud, Zaragoza","Bodega de vino natural creada en 2019 por Javier y Jesús Temprado; mínima intervención, garnacha y macabeo de viñedos en Morata de Jiloca. Tienda online propia con entrega en 24-48 h.",,+34630822247,bodega.lacerrada@gmail.com,https://www.vinosatrevidos.com,,,https://www.google.com/maps/search/?api=1&query=Bodega%20La%20Cerrada%20(Vinos%20Atrevidos)%2C%20Calatayud%2C%20Zaragoza,41.340372,-1.642133,,verificado,sí,ecommerce
bodegas-esteban-castejon-ibdes,Bodegas Esteban Castejón,Ibdes,Bodega,"Vinos DOP Calatayud (Sargas de Idues, Tranquera)","Ibdes, 50269 Zaragoza","Bodega familiar de Ibdes (desde 1940), más de 80 años; vinos DOP Calatayud tinto, blanco y rosado con las marcas Sargas de Idues, Tranquera y la malvasía 180 Noches. Tienda online propia y enoturismo.",,+34610070784,,https://www.bodegasesteban.es,,,https://www.google.com/maps/search/?api=1&query=Bodegas%20Esteban%20Castej%C3%B3n%2C%20Ibdes%2C%20Zaragoza,41.217571,-1.833552,,verificado,sí,ecommerce
bodega-picos-magallon,Bodega Picos,Magallón,Bodega,Vinos DOP Campo de Borja (Gregoriano),"Ctra. de Soria, km 55,4, 50520 Magallón, Zaragoza","Bodega familiar de Magallón (fundada 1994 por los hermanos Frago), DOP Campo de Borja; vinos con las marcas Gregoriano y Gran Gregoriano. Web propia con certificado mal configurado en la revisión.",,+34976863006,info@bodegapicos.com,http://www.bodegapicos.com,,,https://www.google.com/maps/search/?api=1&query=Bodega%20Picos%2C%20Magall%C3%B3n%2C%20Zaragoza,41.832610,-1.460930,,parcial,no comprobado,
santa-ana-crianzas-y-vinedos-pozuelo-de-aragon,Santa Ana Crianzas y Viñedos,Pozuelo de Aragón,Bodega,Vinos DO Campo de Borja (marcas Campo Castillo y El Tenor),"Ctra. Borja-Rueda, s/n, 50529 Pozuelo de Aragón, Zaragoza","Cooperativa vinícola de Pozuelo de Aragón (fundada en 1947) que elabora y cría vinos DO Campo de Borja con marca propia (Campo Castillo, El Tenor); también aceite de oliva.",,+34976862931,santaanacrianzasyvinedos@gmail.com,,,,https://www.google.com/maps/search/?api=1&query=Santa%20Ana%20Crianzas%20y%20Vi%C3%B1edos%2C%20Ctra.%20Borja-Rueda%2C%20s%2Fn%2C%2050529%20Pozuelo%20de%20Arag%C3%B3n%2C%20Zaragoza%2C%20Espa%C3%B1a,41.76494,-1.42382,,parcial,no comprobado,
bodegas-y-vinedos-monfil-carinena,Bodegas y Viñedos Monfil,Cariñena,Bodega,"Vinos DO Cariñena (Monfil garnacha, Kalius); marca propia","Avenida del Ejército, 40, 50400 Cariñena, Zaragoza",Bodega familiar de la familia Mateo (desde 1943) con 22 ha de viñedo propio en Cariñena; elabora vinos DO Cariñena con marca propia Monfil y Kalius.,,,,,https://www.facebook.com/BodegasVinedosMonfil/,,https://www.google.com/maps/search/?api=1&query=Bodegas%20y%20Vi%C3%B1edos%20Monfil%2C%20Avenida%20del%20Ej%C3%A9rcito%2C%2040%2C%2050400%20Cari%C3%B1ena%2C%20Zaragoza%2C%20Espa%C3%B1a,41.33736,-1.22491,,parcial,no comprobado,
bodegas-hermanos-torcal-carinena,Bodegas Hermanos Torcal,Cariñena,Bodega,"Vinos DO Cariñena (Cachirulo, Marqués de Fuendetodos, Aromas del Pilar)","Avda. Ejército Español, 8, 50400 Cariñena, Zaragoza","Bodega familiar aragonesa dedicada al vino desde 1845, con 120 ha de viñedo propio en Cariñena; elabora vinos DO Cariñena con marcas Cachirulo, Marqués de Fuendetodos y Aromas del Pilar. Tienda online propia.",,+34976620162,,https://vinostorcal.com,,https://www.instagram.com/vinostorcal,https://www.google.com/maps/search/?api=1&query=Bodegas%20Hermanos%20Torcal%2C%20Avda.%20Ej%C3%A9rcito%20Espa%C3%B1ol%2C%208%2C%2050400%20Cari%C3%B1ena%2C%20Zaragoza%2C%20Espa%C3%B1a,41.33736,-1.22491,,verificado,sí,ecommerce
bodegas-valdegarzon-almonacid-de-la-sierra,Bodegas Valdegarzón,Almonacid de la Sierra,Bodega,Vinos DO Cariñena; enoturismo y elaboraciones singulares,"C/ Cerro de Bodegas, s/n (Obradores Altos 43), 50108 Almonacid de la Sierra, Zaragoza","Bodega de Almonacid de la Sierra que elabora, cría y embotella vinos DO Cariñena; ofrece enoturismo y elaboraciones singulares, con venta directa por teléfono y WhatsApp.",,+34610417782,info@valdegarzon.com,https://www.valdegarzon.com,,,https://www.google.com/maps/search/?api=1&query=Bodegas%20Valdegarz%C3%B3n%2C%20C%2F%20Cerro%20de%20Bodegas%2C%20s%2Fn%20(Obradores%20Altos%2043)%2C%2050108%20Almonacid%20de%20la%20Sierra%2C%20Zaragoza%2C%20Espa%C3%B1a,41.39738,-1.32393,,verificado,no comprobado,
bodegas-del-senorio-almonacid-de-la-sierra,Bodegas del Señorío,Almonacid de la Sierra,Bodega,"Vinos DO Cariñena (Senda Lasarda, Señorío de la Obra, Yañoria)","C/ Afueras, s/n, 50108 Almonacid de la Sierra, Zaragoza","Bodega histórica de Almonacid de la Sierra (S.A.U.) con viñedo propio y tradición vitivinícola documentada desde 1780; elabora vinos DO Cariñena con marcas Senda Lasarda, Señorío de la Obra y Yañoria.",,+34976627225,,https://www.bodegasdelsenorio.com,,,https://www.google.com/maps/search/?api=1&query=Bodegas%20del%20Se%C3%B1or%C3%ADo%2C%20C%2F%20Afueras%2C%20s%2Fn%2C%2050108%20Almonacid%20de%20la%20Sierra%2C%20Zaragoza%2C%20Espa%C3%B1a,41.39738,-1.32393,,verificado,no comprobado,
quinta-mazuela-carinena,Quinta Mazuela,Cariñena,Bodega,"Vinos DO Cariñena de producción limitada (garnacha, mazuela, chardonnay)","Polígono Entreviñas, 50400 Cariñena, Zaragoza","Bodega boutique de Cariñena dirigida por la enóloga Silvia Tomé (formada en Borgoña); elabora vinos DO Cariñena de producción limitada a partir de garnacha, mazuela y otras variedades.",,,,,,,https://www.google.com/maps/search/?api=1&query=Quinta%20Mazuela%2C%20Pol%C3%ADgono%20Entrevi%C3%B1as%2C%2050400%20Cari%C3%B1ena%2C%20Zaragoza%2C%20Espa%C3%B1a,41.33736,-1.22491,,parcial,no comprobado,
bodegas-vinos-y-vinedos-marin-rios-encinacorba,Bodegas Vinos y Viñedos (Marín Ríos),Encinacorba,Bodega,Vinos DO Cariñena (tinto y blanco),"Camino de la Estación, s/n, 50470 Encinacorba, Zaragoza","Bodega familiar de la familia Marín Ríos en Encinacorba, inscrita en la DO Cariñena, que mantiene la tradición vitivinícola local con vinos tintos y blancos.",,,,,,,https://www.google.com/maps/search/?api=1&query=Bodegas%20Vinos%20y%20Vi%C3%B1edos%20(Mar%C3%ADn%20R%C3%ADos)%2C%20Camino%20de%20la%20Estaci%C3%B3n%2C%20s%2Fn%2C%2050470%20Encinacorba%2C%20Zaragoza%2C%20Espa%C3%B1a,41.28453,-1.27536,,parcial,no comprobado,
bodega-san-bernabe-de-cosuenda-cosuenda,Bodega San Bernabé de Cosuenda,Cosuenda,Bodega,Pajarilla de Cosuenda (blanco macabeo de crianza oxidativa); vinos DO Cariñena,"San Cristóbal, 45, 50409 Cosuenda, Zaragoza","Cooperativa vinícola de Cosuenda (DO Cariñena) conocida por la Pajarilla de Cosuenda, vino blanco singular de macabeo con crianza oxidativa casi exclusivo de la localidad; comercializado también por Grandes Vinos.",,+34976627093,pajarilla.sanbernabe@hotmail.com,,,,https://www.google.com/maps/search/?api=1&query=Bodega%20San%20Bernab%C3%A9%20de%20Cosuenda%2C%20San%20Crist%C3%B3bal%2C%2045%2C%2050409%20Cosuenda%2C%20Zaragoza%2C%20Espa%C3%B1a,41.36395,-1.2983,,parcial,no comprobado,
